Num_Acc,senc,catv,occutc,obs,obsm,choc,manv,num_veh
200600001079,0,02,000,00,2,1,01,A01
200600001079,0,07,000,00,2,8,15,B01
200600001080,0,07,000,00,2,7,15,A01
200600001080,0,02,000,00,2,1,01,B01
200600001081,0,07,000,00,2,1,01,A01
200600001081,0,07,000,00,2,8,15,B01
200600001082,0,07,000,00,2,1,01,A01
200600001082,0,07,000,00,2,6,01,B01
200600001083,0,07,000,00,1,1,01,A01
200600001084,0,14,000,00,2,1,01,A01
200600001084,0,10,000,00,2,4,02,B01
200600001084,0,10,000,00,2,4,02,C01
200600001084,0,07,000,00,2,4,02,D01
200600001085,0,07,000,00,2,1,01,A01
200600001085,0,02,000,00,2,8,11,B01
200600001086,0,07,000,00,2,8,15,B01
200600001086,0,02,000,00,2,2,17,A01
200600001087,0,07,000,14,1,1,02,A01
200600001087,0,10,000,00,1,4,23,B01
200600001088,0,07,000,00,2,1,01,A01
200600001088,0,07,000,00,2,4,23,C01
200600001088,0,07,000,00,2,4,23,B01
200600001089,0,07,000,00,1,2,01,A01
200600001090,0,07,000,00,2,1,01,A01
200600001090,0,05,000,00,2,4,23,B01
200600001091,0,07,000,00,2,3,01,B01
200600001091,0,10,000,00,2,1,01,A01
200600001092,0,07,000,00,2,1,01,A01
200600001092,0,07,000,00,2,4,01,B01
200600001092,0,07,000,00,2,4,01,C01
200600001093,0,05,000,00,1,3,01,A01
200600001094,0,07,000,00,2,3,15,A01
200600001094,0,05,000,00,2,1,01,B01
200600001095,0,07,000,00,2,8,13,A01
200600001095,0,05,000,00,2,7,01,B01
200600001096,0,10,000,00,9,4,23,A01
200600001096,0,01,000,00,2,1,01,B01
200600001097,0,07,000,13,0,7,14,A01
200600001098,0,10,000,00,1,4,20,A01
200600001099,0,07,000,00,2,4,23,A01
200600001099,0,02,000,00,2,8,01,B01
200600001100,0,07,000,00,1,2,01,A01
200600001101,0,07,000,00,2,6,15,A01
200600001101,0,02,000,00,2,1,00,B01
200600001102,0,02,000,00,2,7,17,A01
200600001102,1,04,000,00,2,8,13,B01
200600001103,0,07,000,06,0,1,14,A01
200600001104,0,07,000,07,0,9,14,A01
200600001105,0,07,000,00,2,6,15,A01
200600001105,0,07,000,00,2,2,02,B01
200600001106,0,07,000,00,0,1,15,B01
200600001106,0,02,000,00,2,1,05,A01
200600001107,0,07,000,00,2,4,02,B01
200600001107,0,07,000,00,2,1,02,A01
200600001108,0,05,000,00,2,0,00,A01
200600001108,0,07,000,00,0,3,01,B01
200600001109,0,07,000,00,2,3,19,A01
200600001109,0,05,000,00,2,2,17,B01
200600001110,0,05,000,00,0,0,01,A01
200600001111,0,05,000,00,2,7,01,B01
200600001111,0,07,000,00,2,1,01,A01
200600001112,2,07,000,00,2,3,13,A01
200600001112,0,07,000,00,2,3,01,B01
200600001113,0,07,000,00,2,5,15,A01
200600001113,0,02,000,00,2,1,01,B01
200600001114,0,07,000,00,1,3,01,A01
200600001115,0,07,000,00,2,1,01,A01
200600001115,0,07,000,00,2,1,01,B01
200600001116,0,07,000,00,1,1,01,A01
200600001117,0,02,000,00,1,1,01,A01
200600001118,0,07,000,00,2,1,01,B01
200600001118,0,07,000,00,0,8,19,A01
200600001119,0,07,000,00,2,1,01,B01
200600001119,0,07,000,00,0,8,13,A01
200600001120,0,02,000,00,2,2,01,B01
200600001120,0,07,000,00,2,6,09,A01
200600001121,0,07,000,00,1,1,01,A01
200600001122,0,05,000,00,2,1,01,B01
200600001122,0,07,000,00,0,8,19,A01
200600001123,0,05,000,00,2,4,02,A01
200600001123,0,05,000,00,2,4,02,B01
200600001123,0,07,000,00,2,4,02,C01
200600001124,0,07,000,00,2,8,09,A01
200600001124,0,05,000,00,2,1,01,B01
200600001125,0,07,000,00,2,1,01,B01
200600001125,0,01,000,00,2,8,10,A01
200600001126,0,07,000,14,0,1,00,A01
200600001127,0,07,000,00,1,2,02,A01
200600001128,0,02,000,00,1,1,01,A01
200600001129,0,07,000,00,2,1,02,A01
200600001129,0,07,000,00,2,4,02,B01
200600001129,0,07,000,00,2,4,02,C01
200600001129,0,07,000,00,2,4,02,D01
200600001129,0,07,000,00,0,4,02,E01
200600001130,0,05,000,00,2,1,01,B01
200600001130,0,07,000,00,2,8,09,A01
200600001131,0,07,000,00,2,3,13,A01
200600001131,0,07,000,00,2,3,21,B01
200600001132,0,07,000,00,1,2,01,A01
200600001133,0,07,000,00,2,3,15,A01
200600001133,0,07,000,00,0,1,01,B01
200600001134,0,05,000,11,0,1,21,A01
200600001135,0,07,000,00,1,1,01,A01
200600001136,0,07,000,00,2,1,15,A01
200600001136,0,07,000,00,2,1,01,B01
200600001137,0,05,000,00,2,2,17,A01
200600001137,0,10,000,00,0,8,15,B01
200600001138,0,13,000,00,1,4,04,A01
200600001139,0,07,000,00,2,3,11,A01
200600001139,0,05,000,00,2,1,01,B01
200600001140,0,07,000,00,2,1,02,A01
200600001140,0,07,000,00,2,0,02,B01
200600001140,0,07,000,00,0,4,02,C01
200600001141,0,07,000,00,2,1,08,A01
200600001141,0,07,000,00,2,8,09,B01
200600001142,0,07,000,00,2,1,13,A01
200600001142,0,07,000,00,2,3,01,B01
200600001143,0,07,000,00,2,2,15,A01
200600001143,0,05,000,00,2,1,01,B01
200600001144,1,07,000,00,2,1,01,B01
200600001144,0,07,000,00,2,4,23,A01
200600001145,0,07,000,06,0,7,15,A01
200600001146,1,07,000,00,2,8,02,A01
200600001146,0,02,000,00,2,7,02,B01
200600001147,0,02,000,00,2,2,02,A01
200600001147,0,07,000,00,0,6,02,B01
200600001148,0,07,000,06,0,3,01,A01
200600001149,0,07,000,00,2,3,09,A01
200600001149,0,02,000,00,2,1,01,B01
200600001150,0,01,000,00,2,1,02,A01
200600001150,0,07,000,00,2,4,02,B01
200600001151,0,07,000,00,1,0,00,A01
200600001152,0,07,000,00,2,7,15,A01
200600001152,0,05,000,00,2,1,01,B01
200600001153,0,10,000,00,2,6,02,B01
200600001153,0,07,000,00,2,2,02,A01
200600001154,0,05,000,00,0,0,00,A01
200600001155,0,05,000,00,1,1,01,A01
200600001156,0,07,000,00,1,1,00,A01
200600001157,0,07,000,00,2,3,15,A01
200600001157,0,07,000,00,2,8,01,B01
200600001158,0,07,000,00,2,1,02,A01
200600001158,0,07,000,00,2,4,23,B01
200600001159,0,02,000,00,2,1,15,A01
200600001159,0,07,000,00,2,8,01,B01
200600001160,0,02,000,15,0,9,00,A01
200600001161,0,07,000,00,0,0,00,A01
200600001162,0,05,000,00,0,0,00,A01
200600001163,0,04,000,00,2,1,09,A01
200600001163,0,07,000,00,2,6,01,B01
200600001164,0,07,000,00,2,2,15,A01
200600001164,0,02,000,00,2,1,01,B01
200600001165,0,07,000,00,1,2,09,A01
200600001166,0,04,000,00,2,7,01,A01
200600001166,0,10,000,01,2,1,09,B01
200600001167,0,07,000,00,2,8,10,A01
200600001167,0,02,000,00,2,1,17,B01
200600001168,0,02,000,00,0,8,01,A01
200600001169,0,02,000,00,2,1,01,A01
200600001169,0,07,000,00,2,8,01,B01
200600001170,0,02,000,00,2,1,00,A01
200600001170,0,07,000,00,2,0,15,B01
200600001171,0,07,000,00,2,8,15,A01
200600001171,0,05,000,00,2,1,01,B01
200600001172,0,07,000,00,2,7,15,A01
200600001172,0,02,000,00,2,0,01,B01
200600001173,0,05,000,00,2,9,09,B01
200600001173,2,10,000,08,2,1,01,A01
200600001174,0,07,000,11,0,1,00,A01
200600001175,0,07,000,00,1,3,01,A01
200600001176,0,07,000,00,2,3,09,A01
200600001176,0,05,000,00,2,8,01,B01
200600001177,0,01,000,00,2,1,00,B01
200600001177,0,07,000,00,2,3,09,A01
200600001178,0,02,000,00,2,1,02,A01
200600001178,0,07,000,00,2,4,23,B01
200600001179,0,07,000,00,2,3,15,A01
200600001179,0,02,000,00,2,1,01,B01
200600001180,0,07,000,05,0,1,01,A01
200600001181,0,02,000,12,0,1,01,A01
200600001182,1,07,000,00,0,0,00,A01
200600001183,0,07,000,00,2,1,15,A01
200600001183,0,01,000,00,2,1,19,B01
200600001184,0,02,000,01,0,2,01,A01
200600001185,0,05,000,00,2,1,02,A01
200600001185,0,07,000,00,2,4,02,B01
200600001186,0,07,000,01,1,7,01,A01
200600001187,0,02,000,16,0,0,09,A01
200600001188,0,07,000,00,0,0,17,A01
200600001188,0,02,000,05,0,1,01,B01
200600001189,0,07,000,00,6,9,01,A01
200600001190,0,07,000,00,2,8,09,A01
200600001190,0,07,000,00,2,1,01,B01
200600001191,0,07,000,00,1,1,15,A01
200600001192,0,05,000,00,2,2,01,B01
200600001192,0,07,000,00,2,1,09,A01
200600001193,0,07,000,00,2,1,15,A01
200600001193,0,07,000,00,2,3,01,B01
200600001194,0,07,000,00,2,1,01,B01
200600001194,0,07,000,00,2,6,15,A01
200600001195,0,07,000,00,2,5,15,A01
200600001195,0,02,000,00,2,1,01,B01
200600001196,0,02,000,00,2,1,01,B01
200600001196,0,07,000,00,2,1,19,A01
200600001197,0,07,000,00,1,1,15,A01
200600001198,0,07,000,00,1,1,01,A01
200600001199,0,07,000,00,2,6,15,A01
200600001199,0,02,000,00,2,1,17,B01
200600001200,0,07,000,08,0,1,01,A01
200600001200,0,07,000,00,2,8,23,B01
200600001201,0,01,000,00,2,6,19,A01
200600001201,0,07,000,00,2,1,01,B01
200600001202,0,07,000,00,2,1,15,A01
200600001202,0,02,000,00,2,3,01,B01
200600001203,0,17,000,00,9,1,06,A01
200600001204,0,07,000,00,2,3,01,B01
200600001204,0,02,000,00,2,1,09,A01
200600001205,0,07,000,00,2,1,05,A01
200600001205,0,07,000,00,2,1,01,B01
200600001206,0,02,000,00,2,1,01,A01
200600001206,0,07,000,00,2,2,15,B01
200600001207,0,02,000,00,0,0,01,A01
200600001208,0,07,000,13,0,9,01,A01
200600001209,0,07,000,00,1,1,15,A01
200600001210,0,02,000,00,0,0,01,A01
200600001211,0,07,000,00,2,3,05,A01
200600001211,0,18,008,09,2,3,01,B01
200600001212,0,07,000,00,2,1,01,A01
200600001212,0,07,000,00,2,4,02,B01
200600001212,0,07,000,00,2,4,02,C01
200600001213,0,07,000,00,2,2,01,A01
200600001213,0,02,000,00,2,7,19,B01
200600001214,0,02,000,00,1,2,01,A01
200600001215,0,01,000,00,0,0,15,A01
200600001215,0,05,000,00,0,7,00,B01
200600001216,0,07,000,00,2,3,15,A01
200600001216,0,05,000,00,2,1,01,B01
200600001217,0,10,000,00,1,6,01,A01
200600001218,0,05,000,00,2,1,13,A01
200600001218,0,07,000,00,2,6,13,B01
200600001219,0,01,000,00,0,0,01,A01
200600001220,0,07,000,00,2,1,13,A01
200600001220,0,07,000,00,2,1,23,B01
200600001220,0,07,000,00,2,1,23,C01
200600001221,0,03,000,00,1,1,01,A01
200600001222,0,05,000,00,2,3,21,A01
200600001222,0,07,000,00,2,2,16,B01
200600001223,0,07,000,00,1,2,01,A01
200600001224,0,07,000,00,2,1,15,A01
200600001224,0,07,000,00,2,1,01,B01
200600001225,0,07,000,00,2,1,01,A01
200600001225,0,07,000,00,2,4,01,B01
200600001225,0,07,000,00,2,4,01,C01
200600001226,0,07,000,00,4,8,16,A01
200600001226,0,19,000,00,2,3,01,B01
200600001227,0,07,000,00,1,2,01,A01
200600001228,0,01,000,00,2,8,01,A01
200600001228,0,18,000,00,2,1,01,B01
200600001229,0,05,000,00,2,1,15,A01
200600001229,0,07,000,00,2,2,15,B01
200600001230,0,07,000,00,2,1,02,A01
200600001230,0,07,000,00,2,4,02,B01
200600001230,0,07,000,00,2,4,02,C01
200600001231,0,07,000,00,2,3,15,A01
200600001231,0,05,000,00,2,1,01,B01
200600001232,0,01,000,00,1,1,01,A01
200600001233,1,07,000,00,2,1,01,A01
200600001233,0,07,000,00,2,4,23,B01
200600001233,0,07,000,00,2,4,23,C01
200600001234,0,07,000,00,1,4,04,A01
200600001235,0,05,000,00,2,8,01,A01
200600001235,0,07,000,00,2,7,16,B01
200600001236,0,07,000,00,2,1,13,A01
200600001236,0,07,000,00,2,1,01,B01
200600001237,0,07,000,00,1,1,01,A01
200600001238,0,07,000,00,1,1,15,A01
200600001239,0,07,000,00,0,0,10,A01
200600001239,0,04,000,00,0,8,01,B01
200600001240,0,07,000,00,1,3,01,A01
200600001241,0,07,000,00,2,2,15,A01
200600001241,0,02,000,00,2,3,01,B01
200600001242,0,07,000,00,2,5,04,A01
200600001242,0,07,000,00,2,2,01,B01
200600001243,0,02,000,00,2,1,02,A01
200600001243,0,07,000,00,2,4,15,B01
200600001244,0,07,000,00,2,1,01,A01
200600001244,0,07,000,00,2,4,01,B01
200600001245,0,07,000,00,2,1,02,A01
200600001245,0,07,000,00,2,4,02,B01
200600001245,0,07,000,00,2,4,02,C01
200600001245,0,07,000,00,2,4,02,D01
200600001245,0,07,000,00,2,4,02,E01
200600001246,0,01,000,00,2,4,01,B01
200600001246,0,07,000,00,2,1,16,A01
200600001247,0,07,000,00,2,3,15,A01
200600001247,0,07,000,00,2,2,01,B01
200600001248,0,07,000,00,2,5,15,A01
200600001248,0,02,000,00,2,1,01,B01
200600001249,0,07,000,00,2,1,02,A01
200600001249,0,07,000,00,2,4,02,B01
200600001250,0,07,000,00,2,3,01,A01
200600001250,0,07,000,00,2,8,01,B01
200600001251,0,07,000,00,1,6,04,A01
200600001252,0,07,000,00,2,4,23,A01
200600001252,0,01,000,00,2,1,01,B01
200600001253,0,07,000,00,2,1,01,A01
200600001253,0,07,000,00,2,1,01,B01
200600001253,0,07,000,00,2,4,01,C01
200600001253,0,07,000,00,2,4,01,D01
200600001253,0,07,000,00,0,0,20,E01
200600001254,0,07,000,00,2,6,01,A01
200600001254,0,02,000,00,2,1,01,B01
200600001255,0,07,000,00,1,3,01,A01
200600001256,0,07,000,00,1,2,00,A01
200600001257,0,05,000,00,2,1,21,A01
200600001257,0,10,000,00,0,0,15,C01
200600001257,0,07,000,00,2,3,23,B01
200600001258,0,07,000,06,0,1,13,A01
200600001259,0,07,000,00,2,1,17,A01
200600001259,0,10,000,00,2,1,01,B01
200600001260,0,07,000,00,1,1,01,A01
200600001261,0,07,000,00,2,2,16,A01
200600001261,0,02,000,00,2,1,01,B01
200600001261,0,07,000,01,0,5,23,C01
200600001262,0,02,000,00,2,1,01,A01
200600001262,1,07,000,00,2,0,15,B01
200600001263,0,07,000,02,0,1,01,A01
200600001264,0,07,000,00,1,1,01,A01
200600001265,0,07,000,00,2,1,17,A01
200600001265,0,07,000,00,2,1,05,B01
200600001266,0,07,000,00,2,2,15,A01
200600001266,0,01,000,00,2,1,01,B01
200600001267,0,02,000,00,2,7,01,A01
200600001267,0,07,000,01,2,6,11,B01
200600001268,0,07,000,00,2,1,02,A01
200600001268,0,02,000,00,2,4,01,B01
200600001268,0,02,000,00,2,0,01,C01
200600001269,0,02,000,00,0,1,01,A01
200600001270,0,05,000,00,2,1,01,A01
200600001270,0,07,000,00,2,4,15,B01
200600001271,0,07,000,00,2,2,15,A01
200600001271,0,07,000,00,2,1,01,B01
200600001272,0,07,000,00,2,1,02,A01
200600001272,0,07,000,00,2,4,01,B01
200600001273,0,07,000,00,2,8,10,A01
200600001273,0,02,000,00,2,1,01,B01
200600001274,0,07,000,00,2,8,01,A01
200600001274,0,07,000,00,2,1,15,B01
200600001275,0,07,000,00,2,1,02,A01
200600001275,0,07,000,00,2,4,02,B01
200600001276,0,07,000,01,4,1,01,A01
200600001277,0,07,000,00,2,3,17,A01
200600001277,0,07,000,00,2,1,01,B01
200600001277,0,07,000,00,2,7,01,C01
200600001278,0,07,000,00,1,1,01,A01
200600001279,0,07,000,00,2,2,17,A01
200600001279,0,07,000,00,2,3,15,B01
200600001280,0,05,000,00,2,7,01,B01
200600001281,0,07,000,00,0,1,01,A01
200600001282,0,02,000,03,0,1,02,A01
200600001283,0,07,000,00,2,2,12,A01
200600001283,0,07,000,00,2,6,02,B01
200600001284,0,07,000,00,2,1,02,A01
200600001284,0,07,000,00,1,4,02,B01
200600001284,0,07,000,00,2,4,02,C01
200600001285,0,07,000,00,1,1,01,A01
200600001286,0,07,000,00,2,3,01,A01
200600001286,0,02,000,00,2,5,01,B01
200600001287,0,05,000,00,1,1,01,A01
200600001288,0,07,000,00,2,7,01,A01
200600001288,0,07,000,00,2,1,01,B01
200600001289,0,07,000,00,2,8,15,B01
200600001289,0,02,000,00,2,1,15,A01
200600001290,0,07,000,00,1,2,01,A01
200600001291,0,07,000,00,2,3,15,A01
200600001291,0,02,000,00,2,1,01,B01
200600001292,1,07,000,00,0,0,00,A01
200600001293,0,02,000,00,9,1,00,B01
200600001293,0,99,000,00,9,1,00,A01
200600001294,0,07,000,00,2,3,20,A01
200600001294,0,02,000,00,2,5,21,B01
200600001295,0,07,000,00,2,8,00,A01
200600001295,0,07,000,00,0,1,01,B01
200600001296,0,07,000,00,2,1,01,A01
200600001296,0,07,000,00,2,4,01,B01
200600001297,0,07,000,00,1,1,01,A01
200600001298,0,07,000,00,1,1,01,A01
200600001299,0,07,000,00,2,2,20,A01
200600001299,0,02,000,00,2,1,01,B01
200600001300,0,07,000,00,2,1,01,B01
200600001300,0,01,000,00,2,4,01,C01
200600001301,0,07,000,00,2,3,16,A01
200600001301,0,07,000,00,2,2,01,B01
200600001302,0,07,000,13,0,9,13,A01
200600001303,0,07,000,06,0,1,01,A01
200600001304,0,07,000,06,0,1,01,A01
200600001305,0,05,000,00,2,2,01,A01
200600001305,0,07,000,00,2,3,15,B01
200600001306,0,07,000,00,2,7,01,A01
200600001306,0,05,000,00,2,1,01,B01
200600001307,0,07,000,00,2,3,01,A01
200600001308,0,14,000,00,0,1,15,A01
200600001308,0,01,000,00,0,2,01,B01
200600001309,0,07,000,00,2,1,01,A01
200600001309,0,02,000,00,2,1,05,B01
200600001310,0,07,000,00,2,1,01,A01
200600001310,0,07,000,00,2,4,01,B01
200600001310,0,07,000,00,2,4,01,C01
200600001311,0,07,000,00,2,7,15,A01
200600001311,0,02,000,00,2,1,01,B01
200600001312,1,07,000,00,1,4,04,A01
200600001313,0,07,000,00,2,1,13,A01
200600001313,0,12,000,00,2,1,01,B01
200600001314,0,07,000,06,2,1,01,A01
200600001314,0,07,000,00,2,6,01,B01
200600001315,0,07,000,00,2,1,01,B01
200600001315,0,07,000,00,0,8,16,A01
200600001316,0,07,000,00,1,4,04,A01
200600001317,0,07,000,00,2,8,10,A01
200600001317,0,07,000,00,2,1,01,B01
200600001318,0,04,000,00,5,1,01,A01
200600001319,0,07,000,00,2,3,09,A01
200600001319,0,07,000,00,2,1,01,B01
200600001319,0,07,000,00,2,1,01,C01
200600001320,0,07,000,00,2,3,21,A01
200600001320,0,07,000,00,2,8,15,B01
200600001321,0,06,000,00,2,1,01,B01
200600001321,1,07,000,00,2,2,09,A01
200600001322,0,07,000,00,2,1,15,A01
200600001322,0,07,000,00,1,3,21,B01
200600001323,0,07,000,00,2,1,01,A01
200600001323,0,07,000,00,2,4,23,B01
200600001324,0,07,000,00,2,1,09,A01
200600001324,0,10,000,00,2,1,01,B01
200600001325,0,07,000,00,1,1,01,A01
200600001326,0,07,000,00,2,1,15,A01
200600001326,0,02,000,00,2,1,01,B01
200600001327,0,07,000,00,1,3,01,A01
200600001328,0,07,000,00,2,3,13,A01
200600001328,0,07,000,00,2,8,01,B01
200600001329,0,07,000,00,2,1,01,A01
200600001329,0,07,000,14,2,8,01,B01
200600001330,0,07,000,00,1,1,01,A01
200600001331,0,07,000,13,0,9,14,A01
200600001332,0,07,000,00,1,1,01,A01
200600001333,0,10,000,00,2,1,01,A01
200600001333,0,07,000,00,2,4,02,B01
200600001334,0,07,000,00,1,1,01,A01
200600001335,0,07,000,02,0,1,01,A01
200600001336,0,07,000,00,2,1,01,A01
200600001336,0,07,000,00,2,4,01,B01
200600001336,0,07,000,00,2,4,01,C01
200600001337,0,07,000,00,2,1,02,A01
200600001337,0,10,000,00,2,4,23,B01
200600001338,0,07,000,00,2,1,13,A01
200600001338,0,07,000,00,2,1,01,B01
200600001339,0,07,000,00,1,1,14,A01
200600001340,0,07,000,00,1,7,01,A01
200600001341,0,02,000,00,2,2,01,A01
200600001341,0,07,000,00,2,7,01,B01
200600001342,0,07,000,00,1,1,01,A01
200600001343,0,07,000,00,1,3,01,A01
200600001344,0,02,000,00,2,2,01,B01
200600001344,0,07,000,00,2,3,10,A01
200600001345,0,07,000,12,0,1,01,A01
200600001346,0,07,000,00,2,1,15,A01
200600001346,0,02,000,00,2,4,01,B01
200600001347,0,01,000,00,1,1,00,A01
200600001348,0,07,000,00,2,7,01,A01
200600001348,0,07,000,00,2,1,01,B01
200600001348,0,07,000,00,2,1,01,C01
200600001349,0,07,000,08,0,8,01,A01
200600001350,0,07,000,00,0,1,01,A01
200600001351,0,02,000,00,2,1,01,A01
200600001351,0,07,000,00,2,2,01,B01
200600001352,0,07,000,00,2,1,14,A01
200600001352,0,15,000,01,2,6,23,B01
200600001353,0,07,000,00,2,7,01,A01
200600001353,0,01,000,00,2,1,15,B01
200600001354,0,07,000,00,2,3,17,A01
200600001354,0,05,000,00,2,1,17,B01
200600001355,0,07,000,00,2,7,16,A01
200600001355,0,02,000,00,2,1,01,B01
200600001356,0,07,000,00,2,0,16,A01
200600001356,0,99,000,00,2,0,01,B01
200600001357,0,05,000,00,2,1,01,B01
200600001357,0,07,000,00,2,1,15,A01
200600001358,0,07,000,03,0,9,00,A01
200600001359,0,07,000,00,2,8,20,A01
200600001359,0,02,000,00,2,1,01,B01
200600001360,0,07,000,00,1,3,01,A01
200600001361,0,02,000,01,2,1,06,A01
200600001361,0,07,000,00,2,3,15,B01
200600001362,0,07,000,00,2,2,09,A01
200600001362,0,05,000,00,2,2,01,B01
200600001363,0,07,000,00,1,2,01,A01
200600001364,0,02,000,00,2,1,01,A01
200600001364,0,02,000,00,2,1,01,B01
200600001365,0,07,000,00,4,2,01,A01
200600001365,0,19,000,00,2,3,02,B01
200600001366,0,07,000,00,2,1,00,A01
200600001366,0,07,000,00,2,1,01,B01
200600001367,0,07,000,00,1,7,01,A01
200600001368,0,07,000,00,2,2,01,A01
200600001368,0,02,000,00,2,8,13,B01
200600001369,0,07,000,00,2,1,01,A01
200600001369,0,02,000,00,2,4,01,B01
200600001370,0,07,000,00,2,3,15,A01
200600001370,0,05,000,00,2,7,01,B01
200600001371,0,07,000,00,2,0,01,A01
200600001371,0,01,000,00,2,1,01,B01
200600001372,0,05,000,00,2,1,19,A01
200600001372,0,07,000,00,2,8,01,B01
200600001373,0,02,000,01,2,1,18,A01
200600001373,0,07,000,00,2,5,01,B01
200600001374,0,07,000,00,4,7,01,A01
200600001374,0,19,000,00,2,1,01,B01
200600001375,0,17,000,03,0,3,01,A01
200600001376,0,07,000,00,0,4,20,A01
200600001376,0,02,000,00,2,1,01,B01
200600001377,0,02,000,00,0,8,01,A01
200600001378,0,07,000,00,1,1,01,A01
200600001379,0,07,000,00,2,2,09,A01
200600001379,0,05,000,00,2,1,05,B01
200600001380,0,02,000,00,2,1,00,A01
200600001380,0,07,000,00,2,3,15,B01
200600001381,0,02,000,00,1,1,18,A01
200600001382,0,07,000,00,1,3,01,A01
200600001383,0,07,000,08,0,1,01,A01
200600001384,0,07,000,00,2,1,01,B01
200600001384,0,07,000,00,2,3,15,A01
200600001385,0,05,000,00,2,1,01,A01
200600001385,0,01,000,00,2,8,13,B01
200600001386,0,05,000,00,1,8,01,A01
200600001387,0,07,000,00,1,5,09,A01
200600001387,0,04,000,00,2,1,02,B01
200600001388,0,07,000,00,2,3,01,B01
200600001388,0,07,000,00,2,3,16,A01
200600001389,0,07,000,00,2,1,02,A01
200600001389,0,07,000,00,2,4,01,B01
200600001390,0,07,000,00,2,1,01,A01
200600001390,0,13,000,00,2,4,01,B01
200600001390,0,07,000,00,0,4,01,C01
200600001391,0,07,000,00,1,0,01,A01
200600001392,0,07,000,00,2,1,01,B01
200600001392,0,07,000,00,2,3,02,A01
200600001393,0,07,000,00,2,1,01,A01
200600001393,0,07,000,00,2,1,15,B01
200600001394,0,07,000,11,0,0,01,A01
200600001394,1,07,000,00,0,0,11,B01
200600001395,0,07,000,00,4,8,15,A01
200600001395,0,19,000,00,2,2,01,B01
200600001396,0,07,000,00,2,2,16,A01
200600001396,0,02,000,00,2,1,01,B01
200600001396,0,07,000,00,2,3,23,C01
200600001397,0,07,000,00,1,1,01,A01
200600001398,0,07,000,04,0,9,00,A01
200600001399,0,07,000,15,0,1,01,A01
200600001400,1,07,000,00,2,1,02,A01
200600001400,0,07,000,00,2,4,23,B01
200600001401,0,07,000,00,2,3,01,A01
200600001401,0,01,000,00,2,7,01,B01
200600001402,0,07,000,00,2,6,04,A01
200600001402,0,02,000,00,2,1,01,B01
200600001403,0,07,000,00,1,1,15,A01
200600001404,0,18,001,00,1,5,15,A01
200600001405,0,07,000,00,1,3,15,A01
200600001406,0,07,000,02,0,1,13,A01
200600001407,0,07,000,00,2,7,15,A01
200600001407,0,02,000,00,2,1,01,B01
200600001408,0,02,000,00,1,1,01,A01
200600001409,0,05,000,00,2,8,19,B01
200600001409,0,07,000,00,2,3,19,A01
200600001410,0,02,000,00,0,0,00,A01
200600001411,0,04,000,00,2,7,01,B01
200600001411,1,07,000,00,2,2,15,A01
200600001412,0,02,000,00,1,1,01,A01
200600001413,0,07,000,00,1,1,01,A01
200600001414,1,07,000,00,1,1,01,A01
200600001415,0,02,000,00,2,0,02,A01
200600001415,1,99,000,00,0,0,00,B01
200600001416,0,15,000,00,2,1,01,A01
200600001416,0,07,000,08,2,1,15,B01
200600001417,0,07,000,12,2,1,13,A01
200600001417,0,07,000,00,2,1,01,B01
200600001417,0,07,000,00,2,9,01,C01
200600001418,0,05,000,00,2,1,17,A01
200600001418,0,07,000,00,2,8,13,B01
200600001419,0,04,000,00,2,1,01,B01
200600001419,0,07,000,00,2,1,15,A01
200600001420,0,07,000,00,2,5,01,A01
200600001420,0,02,000,00,2,1,01,B01
200600001421,0,13,000,08,0,1,14,A01
200600001422,0,07,000,00,0,1,01,A01
200600001423,0,02,000,00,9,0,01,A01
200600001424,0,07,000,00,0,8,20,A01
200600001424,0,02,000,00,2,1,01,B01
200600001425,0,07,000,00,2,1,01,B01
200600001425,0,01,000,00,2,1,01,A01
200600001426,0,07,000,01,0,1,01,A01
200600001426,0,07,000,01,2,1,02,B01
200600001426,0,07,000,01,2,4,02,C01
200600001426,0,07,000,00,2,4,01,D01
200600001427,0,07,000,06,0,1,00,A01
200600001428,0,02,000,00,2,2,01,B01
200600001428,0,07,000,00,9,3,01,A01
200600001429,0,07,000,00,1,1,01,A01
200600001430,0,02,000,01,0,1,14,A01
200600001430,0,07,000,00,0,0,16,B01
200600001431,0,07,000,00,2,1,02,A01
200600001431,0,04,000,00,0,4,02,B01
200600001432,0,02,000,00,2,0,02,A01
200600001432,0,07,000,00,2,3,15,B01
200600001433,0,07,000,00,2,3,15,A01
200600001433,0,14,000,00,2,1,02,B01
200600001434,0,07,000,00,9,1,19,A01
200600001434,0,07,000,00,9,8,23,C01
200600001434,0,02,000,00,2,8,00,B01
200600001435,0,07,000,00,1,3,01,A01
200600001436,0,07,000,00,9,0,16,A01
200600001437,0,07,000,00,1,1,01,A01
200600001438,0,02,000,01,0,4,00,A01
200600001438,0,14,000,01,2,1,24,B01
200600001439,0,07,000,00,2,3,01,A01
200600001439,0,07,000,00,2,3,10,B01
200600001440,0,07,000,08,0,1,00,A01
200600001441,0,07,000,03,0,8,00,A01
200600001442,0,02,000,00,2,2,17,A01
200600001442,0,01,000,00,2,3,09,B01
200600001443,0,07,000,03,0,9,02,A01
200600001443,0,07,000,00,2,1,02,B01
200600001443,0,07,000,00,2,2,02,C01
200600001444,0,07,000,00,2,5,10,A01