Num_Acc,senc,catv,occutc,obs,obsm,choc,manv,num_veh
200600001829,0,07,000,00,1,0,01,A01
200600001830,0,07,000,00,1,1,01,A01
200600001831,0,07,000,02,0,1,01,A01
200600001832,0,07,000,00,1,3,01,A01
200600001833,0,07,000,00,1,3,01,A01
200600001834,0,07,000,00,2,8,01,A01
200600001834,0,17,000,00,2,2,01,B01
200600001835,0,07,000,00,1,5,04,A01
200600001836,0,07,000,00,2,6,09,A01
200600001836,0,01,000,00,2,1,01,B01
200600001837,0,04,000,00,1,1,01,A01
200600001838,0,07,000,00,1,3,14,A01
200600001839,0,02,000,01,0,1,01,A01
200600001840,0,07,000,08,9,1,00,A01
200600001841,0,07,000,00,9,1,15,B01
200600001841,0,02,000,00,2,1,18,A01
200600001842,0,07,000,00,1,3,01,A01
200600001843,0,01,000,00,2,6,01,A01
200600001843,0,07,000,00,2,2,01,B01
200600001844,0,07,000,00,1,1,01,A01
200600001845,0,04,000,00,2,1,01,B01
200600001845,1,07,000,00,2,2,01,A01
200600001846,0,07,000,02,1,3,04,A01
200600001847,0,07,000,01,0,1,01,A01
200600001848,0,07,000,00,2,1,01,A01
200600001848,0,01,000,00,2,3,01,B01
200600001849,0,07,000,00,2,3,01,B01
200600001849,0,04,000,00,2,1,01,A01
200600001850,0,07,000,00,1,1,01,A01
200600001851,0,03,000,00,2,1,15,A01
200600001851,0,07,000,00,2,1,01,B01
200600001852,0,07,000,02,0,1,09,A01
200600001853,0,07,000,00,2,3,09,A01
200600001853,0,05,000,00,2,1,17,B01
200600001854,0,07,000,00,2,1,11,A01
200600001854,0,05,000,00,2,1,01,B01
200600001855,0,07,000,01,0,1,21,A01
200600001856,0,07,000,00,2,7,13,A01
200600001856,0,07,000,00,2,1,21,B01
200600001857,0,07,000,00,1,1,02,A01
200600001858,0,02,000,00,1,1,02,A01
200600001859,0,05,000,01,0,2,01,A01
200600001860,0,07,000,01,2,3,01,B01
200600001860,0,02,000,00,2,7,01,A01
200600001861,0,07,000,00,1,3,01,A01
200600001862,0,07,000,00,2,8,20,A01
200600001862,0,05,000,00,2,1,01,B01
200600001863,0,10,000,00,2,7,15,A01
200600001863,0,07,000,00,2,1,01,B01
200600001863,0,07,000,00,2,1,01,C01
200600001864,0,07,000,00,2,0,20,A01
200600001864,0,05,000,00,2,4,21,B01
200600001864,0,07,000,00,2,1,01,C01
200600001864,0,07,000,00,9,3,01,D01
200600001865,0,07,000,00,2,3,09,A01
200600001865,0,02,000,00,2,5,01,B01
200600001866,0,07,000,00,2,1,02,B01
200600001866,0,07,000,00,2,2,16,A01
200600001867,0,07,000,00,1,3,16,A01
200600001868,1,07,000,00,1,3,01,A01
200600001869,0,07,000,01,1,1,01,A01
200600001870,0,07,000,02,0,8,14,A01
200600001871,1,07,000,00,9,1,01,A01
200600001871,0,01,000,00,2,7,05,B01
200600001872,1,07,000,00,1,7,01,A01
200600001873,0,07,000,00,2,4,23,A01
200600001873,1,07,000,00,2,1,02,B01
200600001874,0,07,000,02,0,8,01,A01
200600001875,0,07,000,00,2,1,13,A01
200600001875,0,07,000,00,2,1,02,B01
200600001876,0,07,000,16,0,9,01,A01
200600001877,0,07,000,02,0,8,01,A01
200600001878,0,02,000,00,2,1,13,A01
200600001878,0,07,000,00,2,3,17,B01
200600001879,0,07,000,00,1,2,10,A01
200600001880,0,07,000,00,2,2,15,A01
200600001880,0,07,000,00,2,1,01,B01
200600001881,0,07,000,00,2,1,08,A01
200600001881,0,07,000,00,1,4,02,B01
200600001882,0,19,000,00,2,3,01,B01
200600001882,0,01,000,00,4,7,01,A01
200600001883,0,07,000,00,2,3,15,A01
200600001883,0,02,000,00,2,2,23,B01
200600001884,0,07,000,00,2,2,15,A01
200600001884,0,01,000,00,2,1,01,B01
200600001885,0,01,000,00,2,1,09,A01
200600001885,0,07,000,00,2,7,01,B01
200600001886,0,10,000,00,1,1,01,A01
200600001887,0,07,000,00,2,1,01,A01
200600001888,0,07,000,00,2,3,15,A01
200600001888,0,02,000,00,2,1,01,B01
200600001889,0,20,000,00,2,1,24,A01
200600001889,0,07,000,00,9,8,01,B01
200600001890,0,07,000,00,2,1,02,A01
200600001890,0,01,000,00,2,4,15,B01
200600001891,0,02,000,00,0,1,16,A01
200600001892,0,07,000,00,1,1,01,A01
200600001893,0,07,000,00,2,1,13,A01
200600001893,0,07,000,00,2,3,01,B01
200600001894,0,07,000,06,0,1,13,A01
200600001895,0,07,000,00,2,1,13,A01
200600001895,0,10,000,00,2,1,01,B01
200600001896,0,07,000,00,2,2,01,A01
200600001896,0,01,000,00,2,4,16,B01
200600001897,0,02,000,00,2,1,15,A01
200600001897,0,07,000,00,2,2,01,B01
200600001898,0,10,000,00,2,3,13,A01
200600001898,0,07,000,00,2,8,01,B01
200600001899,0,07,000,00,1,4,20,A01
200600001900,0,07,000,00,9,6,15,A01
200600001900,0,05,000,00,2,1,01,B01
200600001901,0,07,000,00,9,1,13,A01
200600001901,0,15,000,00,2,3,01,B01
200600001902,0,02,000,00,2,1,17,A01
200600001902,0,07,000,16,9,3,02,B01
200600001903,0,07,000,16,0,9,00,A01
200600001904,0,07,000,00,9,1,15,A01
200600001904,0,02,000,00,2,8,02,B01
200600001905,0,02,000,00,2,1,05,A01
200600001905,0,07,000,00,9,2,01,B01
200600001906,0,02,000,00,2,1,02,B01
200600001906,0,07,000,00,9,7,01,A01
200600001907,0,02,000,00,2,1,01,B01
200600001907,0,07,000,00,9,3,15,A01
200600001908,0,07,000,00,2,3,05,A01
200600001908,0,07,000,00,2,1,02,B01
200600001908,0,07,000,00,2,2,02,C01
200600001908,0,07,000,00,0,4,02,D01
200600001908,0,15,000,00,2,1,02,E01
200600001909,0,07,000,00,1,4,04,A01
200600001910,0,07,000,00,1,2,01,A01
200600001911,0,07,000,00,2,1,02,A01
200600001911,0,02,000,00,2,4,02,B01
200600001912,0,02,000,00,2,1,21,A01
200600001912,0,07,000,00,0,1,10,B01
200600001913,0,07,000,13,0,1,14,A01
200600001914,2,07,000,00,2,1,13,A01
200600001914,0,07,000,00,2,1,21,B01
200600001915,0,07,000,06,0,1,14,A01
200600001916,0,07,000,00,0,8,10,A01
200600001916,0,05,000,00,2,2,17,B01
200600001917,0,07,000,00,2,1,13,A01
200600001917,0,07,000,00,2,1,00,B01
200600001918,0,07,000,08,0,1,02,A01
200600001919,0,07,000,00,1,2,00,A01
200600001920,0,07,000,00,2,2,15,A01
200600001920,0,02,000,00,2,1,01,B01
200600001921,0,07,000,16,0,1,01,A01
200600001922,1,07,000,00,2,3,01,A01
200600001922,0,02,000,00,2,0,01,B01
200600001923,0,07,000,00,2,7,15,A01
200600001923,0,01,000,00,2,1,01,B01
200600001924,0,07,000,00,1,3,01,A01
200600001925,0,07,000,00,2,8,10,A01
200600001925,0,07,000,00,2,1,01,B01
200600001926,0,07,000,00,1,1,01,A01
200600001927,0,07,000,00,2,1,02,A01
200600001927,0,04,000,00,2,4,02,B01
200600001928,0,07,000,00,2,3,00,A01
200600001928,0,05,000,00,2,1,00,B01
200600001929,0,02,000,00,2,8,01,A01
200600001929,1,07,000,00,2,1,15,B01
200600001930,0,07,000,08,0,1,13,A01
200600001931,0,07,000,00,2,1,02,A01
200600001931,0,07,000,00,2,4,02,B01
200600001932,0,07,000,00,2,8,01,A01
200600001932,0,07,000,00,2,1,01,B01
200600001933,0,07,000,00,2,1,01,B01
200600001933,0,07,000,00,2,2,15,A01
200600001934,0,10,000,00,2,1,01,A01
200600001934,0,07,000,00,2,8,15,B01
200600001935,0,07,000,00,2,1,02,A01
200600001935,0,04,000,00,2,4,02,B01
200600001936,0,07,000,00,2,3,11,B01
200600001936,0,07,000,00,2,1,15,A01
200600001937,0,07,000,00,2,1,01,B01
200600001937,0,07,000,00,2,3,01,C01
200600001938,0,07,000,00,2,7,01,A01
200600001938,0,07,000,00,2,1,01,B01
200600001939,0,07,000,08,0,1,02,A01
200600001940,0,07,000,00,2,3,11,A01
200600001940,0,05,000,00,2,7,01,B01
200600001941,0,07,000,00,2,1,01,A01
200600001941,0,07,000,00,2,8,01,B01
200600001942,0,02,000,00,2,2,17,A01
200600001942,0,07,000,00,2,8,15,B01
200600001943,0,02,000,01,0,1,01,A01
200600001944,0,07,000,13,0,1,01,A01
200600001945,0,20,000,00,2,2,01,A01
200600001945,0,07,000,00,2,8,01,B01
200600001946,0,07,000,00,1,1,16,A01
200600001947,0,07,000,00,1,1,10,A01
200600001948,0,07,000,00,2,2,01,A01
200600001949,0,07,000,00,2,1,00,A01
200600001949,0,07,000,00,2,8,01,B01
200600001950,0,07,000,00,2,3,01,B01
200600001951,0,07,000,00,2,1,01,A01
200600001951,0,07,000,00,2,8,01,B01
200600001952,0,07,000,00,2,3,15,A01
200600001952,0,02,000,00,2,1,01,B01
200600001953,0,07,000,00,0,7,01,B01
200600001953,0,02,000,00,2,1,01,A01
200600001954,0,07,000,00,1,1,15,A01
200600001955,0,07,000,00,2,1,01,A01
200600001955,0,07,000,00,2,4,01,B01
200600001955,0,07,000,00,2,1,01,C01
200600001955,0,07,000,00,0,4,01,D01
200600001956,0,07,000,00,2,2,15,A01
200600001956,0,07,000,00,2,3,01,B01
200600001957,0,07,000,00,0,9,00,A01
200600001957,0,07,000,13,0,1,14,B01
200600001958,2,07,000,00,2,1,01,A01
200600001958,0,07,000,00,0,4,01,B01
200600001959,0,07,000,00,2,1,02,A01
200600001959,0,07,000,06,2,4,23,B01
200600001959,0,07,000,00,2,4,23,C01
200600001960,0,07,000,00,2,7,10,A01
200600001960,0,04,000,00,2,1,17,B01
200600001961,0,07,000,00,2,2,01,A01
200600001961,0,02,000,00,2,1,01,B01
200600001962,0,02,000,00,2,1,01,A01
200600001962,0,07,000,00,2,1,01,B01
200600001963,0,07,000,00,2,3,15,B01
200600001963,0,02,000,00,2,1,17,A01
200600001964,0,07,000,00,2,8,10,A01
200600001964,0,02,000,00,2,1,17,B01
200600001965,0,07,000,00,2,8,11,A01
200600001965,0,02,000,00,2,1,01,B01
200600001966,0,05,000,00,2,3,01,B01
200600001966,0,07,000,00,2,2,15,A01
200600001967,0,07,000,00,2,8,01,A01
200600001967,0,02,000,00,2,1,01,B01
200600001968,0,07,000,00,2,1,01,B01
200600001968,0,02,000,00,2,1,01,A01
200600001969,0,07,000,00,2,1,01,A01
200600001969,0,07,000,00,0,4,23,B01
200600001970,0,07,000,00,1,1,01,A01
200600001971,0,07,000,00,0,0,15,A01
200600001971,0,05,000,16,0,2,01,B01
200600001972,0,07,000,00,2,8,09,A01
200600001972,0,07,000,00,2,2,01,B01
200600001972,0,07,000,00,2,4,01,C01
200600001973,0,02,000,00,2,1,01,A01
200600001973,0,07,000,00,2,6,15,B01
200600001974,0,07,000,13,0,0,13,A01
200600001975,0,02,000,00,2,1,17,A01
200600001975,0,07,000,00,2,1,01,B01
200600001976,0,07,000,00,2,7,15,A01
200600001976,0,02,000,00,2,1,01,B01
200600001977,0,07,000,00,1,2,16,A01
200600001978,0,99,000,12,0,6,10,A01
200600001979,0,04,000,00,1,0,19,A01
200600001980,0,07,000,00,2,1,02,A01
200600001980,0,07,000,00,2,4,23,B01
200600001981,0,02,000,00,2,4,01,A01
200600001981,1,07,000,00,0,0,14,B01
200600001982,0,07,000,00,2,1,02,A01
200600001982,0,07,000,00,2,4,02,B01
200600001982,0,07,000,00,0,4,02,C01
200600001983,0,10,000,00,1,4,04,A01
200600001984,0,07,000,00,2,8,15,A01
200600001984,0,05,000,00,2,2,02,B01
200600001985,0,07,000,08,0,1,14,A01
200600001986,0,02,000,00,0,0,15,A01
200600001987,0,02,000,00,0,0,02,A01
200600001988,0,07,000,00,2,1,02,A01
200600001988,0,07,000,00,2,4,14,B01
200600001988,0,07,000,00,0,0,00,C01
200600001989,0,05,000,00,2,1,05,A01
200600001989,0,07,000,00,9,3,05,B01
200600001990,0,07,000,00,2,4,04,A01
200600001990,0,02,000,00,2,7,21,B01
200600001991,0,05,000,00,2,1,02,A01
200600001991,0,07,000,00,9,4,02,B01
200600001992,0,02,000,01,0,7,02,A01
200600001992,0,07,000,00,2,8,02,B01
200600001992,0,07,000,00,2,8,02,C01
200600001992,0,07,000,00,2,7,02,D01
200600001993,0,07,000,00,2,1,02,A01
200600001993,0,07,000,00,2,4,23,B01
200600001994,0,07,000,00,1,3,04,A01
200600001995,0,07,000,00,2,1,01,A01
200600001995,0,07,000,00,2,4,01,B01
200600001996,0,07,000,00,1,1,01,A01
200600001997,0,07,000,00,2,1,02,A01
200600001997,0,07,000,00,2,4,02,B01
200600001998,0,07,000,00,2,1,01,A01
200600001998,0,07,000,00,2,4,01,B01
200600001999,0,07,000,00,1,1,15,A01
200600002000,0,07,000,14,0,1,01,A01
200600002000,0,20,000,00,2,0,00,B01
200600002001,0,07,000,00,1,1,01,A01
200600002002,0,07,000,00,2,1,15,A01
200600002002,0,05,000,00,2,3,01,B01
200600002003,0,07,000,00,2,8,11,A01
200600002003,0,05,000,00,2,1,01,B01
200600002004,0,07,000,00,2,1,15,A01
200600002004,0,02,000,00,2,1,01,B01
200600002005,0,01,000,00,0,1,01,B01
200600002005,0,07,000,00,9,2,16,A01
200600002006,0,07,000,00,2,1,01,A01
200600002006,0,07,000,00,2,1,01,B01
200600002007,0,02,000,00,2,1,01,A01
200600002007,0,07,000,00,2,1,15,B01
200600002008,0,02,000,00,1,1,17,A01
200600002009,0,07,000,00,2,1,01,A01
200600002009,0,07,000,00,2,3,01,B01
200600002010,0,07,000,00,2,3,15,A01
200600002010,0,05,000,00,2,1,01,B01
200600002010,0,07,000,00,2,1,01,C01
200600002011,0,07,000,00,2,7,16,A01
200600002011,0,01,000,00,2,1,01,B01
200600002012,0,07,000,06,2,1,01,B01
200600002012,0,07,000,06,2,1,01,C01
200600002012,0,07,000,00,2,1,01,A01
200600002013,0,21,000,00,2,1,00,A01
200600002013,0,07,000,00,2,1,01,B01
200600002014,0,07,000,00,2,1,13,A01
200600002014,0,07,000,00,2,1,15,B01
200600002015,0,02,000,00,1,1,01,A01
200600002016,0,07,000,00,1,1,01,A01
200600002017,0,10,000,00,2,8,15,B01
200600002017,0,02,000,00,2,1,17,A01
200600002018,0,02,000,00,2,1,13,A01
200600002018,0,07,000,00,2,1,01,B01
200600002019,0,02,000,00,2,1,01,A01
200600002019,0,10,000,00,2,7,15,B01
200600002020,0,07,000,13,0,9,01,A01
200600002021,0,04,000,12,0,7,01,A01
200600002022,0,07,000,00,2,3,01,C01
200600002022,0,20,000,00,2,2,14,A01
200600002022,0,07,000,00,2,5,02,B01
200600002023,0,07,000,00,2,2,02,A01
200600002023,0,01,000,00,2,4,02,B01
200600002023,0,01,000,00,2,4,02,C01
200600002023,0,01,000,00,2,4,02,D01
200600002024,0,07,000,00,1,0,01,A01
200600002025,0,07,000,00,1,2,02,A01
200600002026,0,07,000,00,1,3,01,A01
200600002027,0,07,000,00,2,1,13,A01
200600002027,0,07,000,00,2,3,01,B01
200600002028,0,07,000,00,2,1,19,A01
200600002028,0,05,000,00,2,7,01,B01
200600002029,0,10,000,00,2,1,02,A01
200600002029,0,07,000,00,2,4,23,B01
200600002029,0,07,000,00,0,4,23,C01
200600002030,0,02,000,00,2,7,17,A01
200600002030,0,07,000,00,2,2,15,B01
200600002031,0,07,000,00,2,1,02,A01
200600002031,0,07,000,00,0,4,02,B01
200600002032,0,07,000,00,2,3,01,A01
200600002032,0,02,000,00,2,1,01,B01
200600002033,0,07,000,00,2,3,15,A01
200600002033,0,02,000,00,0,1,01,B01
200600002034,0,02,000,00,2,1,01,A01
200600002034,0,07,000,00,0,3,15,B01
200600002035,0,02,000,00,0,0,23,A01
200600002036,0,01,000,00,2,1,02,A01
200600002036,0,07,000,00,0,4,01,B01
200600002037,0,07,000,00,1,3,15,A01
200600002038,0,13,000,00,2,1,01,A01
200600002038,0,07,000,00,2,4,02,B01
200600002038,0,07,000,00,2,4,02,C01
200600002038,0,07,000,00,0,4,02,D01
200600002039,0,02,000,00,0,7,14,A01
200600002040,0,07,000,01,0,2,14,A01
200600002041,0,02,000,00,0,8,01,A01
200600002041,0,07,000,00,2,2,16,B01
200600002042,0,07,000,00,2,2,01,A01
200600002042,0,07,000,00,0,7,15,B01
200600002043,0,02,000,00,2,7,17,A01
200600002043,0,07,000,00,2,8,01,B01
200600002044,0,07,000,00,2,8,15,A01
200600002044,0,07,000,00,0,1,09,B01
200600002045,0,07,000,00,1,4,20,A01
200600002046,0,07,000,00,1,1,15,A01
200600002047,0,02,000,01,0,1,14,A01
200600002048,0,02,000,14,0,1,17,A01
200600002048,0,07,000,00,0,8,23,B01
200600002049,0,07,000,00,2,1,01,A01
200600002049,0,07,000,00,2,7,15,B01
200600002050,0,07,000,00,2,1,09,A01
200600002050,0,15,000,00,2,8,15,B01
200600002051,0,07,000,00,2,1,15,A01
200600002051,0,07,000,00,2,1,01,B01
200600002052,0,07,000,00,2,3,13,A01
200600002052,0,07,000,00,2,3,01,B01
200600002053,0,07,000,00,1,3,01,A01
200600002054,0,07,000,00,9,3,01,B01
200600002054,0,07,000,00,9,8,01,C01
200600002054,0,09,000,00,2,1,01,A01
200600002055,0,07,000,00,2,2,01,B01
200600002055,0,02,000,00,2,1,01,A01
200600002056,0,07,000,00,2,1,02,A01
200600002056,0,07,000,00,2,4,02,B01
200600002056,0,07,000,00,2,4,02,C01
200600002057,0,07,000,00,2,8,10,A01
200600002057,0,05,000,00,2,2,02,B01
200600002058,0,07,000,00,1,1,01,A01
200600002059,0,01,000,00,2,7,01,A01
200600002059,0,07,000,00,2,2,16,B01
200600002060,1,07,000,00,0,0,20,A01
200600002060,0,01,000,00,0,0,01,B01
200600002061,0,01,000,00,2,1,05,A01
200600002061,0,07,000,00,2,1,16,B01
200600002062,0,07,000,00,2,8,22,A01
200600002062,0,01,000,01,0,1,01,B01
200600002063,1,07,000,00,2,0,00,B01
200600002063,0,01,000,00,2,0,01,A01
200600002064,1,07,000,16,2,1,01,A01
200600002064,0,01,000,00,2,4,01,B01
200600002065,0,07,000,09,2,1,01,B01
200600002065,0,07,000,00,2,3,16,A01
200600002066,0,07,000,00,2,1,01,B01
200600002066,0,07,000,00,2,8,00,A01
200600002067,0,07,000,00,2,1,01,B01
200600002067,0,07,000,00,2,6,15,A01
200600002068,0,07,000,00,1,1,01,A01
200600002069,0,07,000,00,2,1,13,A01
200600002069,0,07,000,00,2,1,01,B01
200600002069,0,07,000,00,2,4,23,D01
200600002069,0,07,000,00,2,4,01,C01
200600002070,0,19,000,00,1,2,01,A01
200600002071,0,13,000,00,1,4,04,A01
200600002072,0,02,000,00,2,2,17,A01
200600002072,0,07,000,00,2,3,15,B01
200600002073,0,07,000,00,1,1,01,A01
200600002074,0,07,000,00,2,1,01,A01
200600002074,0,07,000,00,2,4,23,B01
200600002075,0,07,000,00,2,1,01,A01
200600002075,0,01,000,00,2,7,19,B01
200600002076,0,01,000,00,2,1,01,B01
200600002076,0,07,000,00,2,8,15,A01
200600002077,0,19,000,00,1,2,01,A01
200600002078,0,02,000,00,2,1,18,A01
200600002078,0,07,000,00,2,2,16,B01
200600002079,0,07,000,00,2,8,15,A01
200600002079,0,07,000,00,2,1,01,B01
200600002080,0,07,000,00,2,2,15,A01
200600002080,0,07,000,00,2,3,01,B01
200600002081,0,07,000,00,2,7,01,A01
200600002081,0,01,000,00,2,8,15,B01
200600002082,0,07,000,00,2,1,01,A01
200600002082,0,07,000,00,2,8,15,B01
200600002083,0,07,000,00,2,1,15,A01
200600002083,0,07,000,00,2,3,01,B01
200600002084,1,07,000,00,1,2,01,A01
200600002085,0,01,000,00,2,7,19,A01
200600002085,0,07,000,00,2,1,01,B01
200600002086,0,07,000,00,2,2,01,A01
200600002087,0,07,000,00,2,2,12,A01
200600002087,0,01,000,02,2,5,01,B01
200600002088,1,07,000,00,1,7,00,A01
200600002089,0,07,000,00,1,2,16,A01
200600002090,0,01,000,00,2,1,01,B01
200600002090,0,10,000,00,2,3,15,A01
200600002091,0,02,000,00,2,1,01,B01
200600002091,0,07,000,00,2,3,15,A01
200600002092,0,07,000,00,1,2,15,A01
200600002093,1,99,000,00,2,7,17,A01
200600002093,0,01,000,00,2,8,01,B01
200600002094,0,07,000,00,2,3,01,A01
200600002094,0,01,000,00,2,7,19,B01
200600002095,0,03,000,00,1,2,01,A01
200600002096,0,07,000,00,2,1,01,B01
200600002096,0,07,000,00,2,1,01,A01
200600002097,0,07,000,00,1,1,01,A01
200600002098,0,20,000,00,2,3,23,A01
200600002098,0,07,000,00,9,1,01,B01
200600002099,0,07,000,02,0,1,14,A01
200600002100,0,07,000,00,2,3,02,B01
200600002100,0,07,000,00,2,3,15,A01
200600002101,0,04,000,00,2,1,01,A01
200600002101,0,07,000,00,2,5,15,B01
200600002102,0,01,000,00,2,4,01,B01
200600002102,0,07,000,00,2,1,16,A01
200600002103,0,02,000,00,0,8,01,A01
200600002103,0,07,000,00,2,1,16,B01
200600002104,1,07,000,00,2,4,01,A01
200600002104,0,01,000,00,2,0,01,B01
200600002105,0,07,000,02,0,1,14,A01
200600002106,0,07,000,00,2,3,09,A01
200600002106,0,04,000,00,2,1,01,B01
200600002107,0,07,000,00,1,2,01,A01
200600002108,0,07,000,00,2,1,02,C01
200600002108,0,07,000,00,2,4,02,B01
200600002108,0,15,000,00,2,4,02,A01
200600002109,0,07,000,00,0,1,00,A01
200600002110,0,07,000,00,2,2,15,A01
200600002110,0,05,000,00,2,1,01,B01
200600002111,0,07,000,00,2,1,01,A01
200600002111,0,07,000,00,2,7,01,B01
200600002112,0,07,000,00,1,2,01,A01
200600002113,0,07,000,00,1,5,16,A01
200600002114,0,07,000,00,1,1,15,A01
200600002115,0,07,000,00,2,1,01,B01
200600002115,0,07,000,00,2,8,15,A01
200600002116,0,07,000,00,1,1,01,A01
200600002117,0,07,000,00,0,1,01,A01
200600002118,0,07,000,00,2,2,15,A01
200600002118,0,07,000,00,2,1,01,B01
200600002119,0,07,000,00,1,1,01,A01
200600002120,0,18,000,00,2,3,15,A01
200600002120,0,07,000,00,2,2,01,B01
200600002121,0,07,000,00,2,1,02,A01
200600002121,0,07,000,00,2,4,02,B01
200600002121,0,07,000,00,0,4,20,C01
200600002122,0,07,000,00,1,5,04,A01
200600002123,0,07,000,00,2,1,15,A01
200600002123,0,02,000,00,0,8,01,B01
200600002124,0,07,000,00,2,1,01,B01
200600002124,0,07,000,00,2,3,19,A01
200600002125,0,07,000,00,2,3,13,A01
200600002125,0,07,000,00,0,3,01,B01
200600002126,0,18,000,00,1,7,20,A01
200600002127,0,07,000,00,2,1,01,A01
200600002127,0,07,000,00,0,7,01,B01
200600002128,0,07,000,08,0,1,09,A01
200600002129,0,07,000,00,1,0,01,A01
200600002130,0,07,000,00,1,3,09,A01
200600002131,0,07,000,00,2,4,01,A01
200600002131,0,07,000,00,2,1,02,B01
200600002132,0,07,000,00,2,1,01,A01
200600002132,0,07,000,00,2,9,01,B01
200600002132,0,07,000,00,2,4,01,C01
200600002133,1,07,000,00,1,4,04,A01
200600002134,0,07,000,00,2,9,07,A01
200600002134,0,07,000,00,2,3,15,B01
200600002135,0,07,000,00,2,3,13,A01
200600002135,0,05,000,00,2,1,01,B01
200600002136,0,07,000,00,2,8,01,B01
200600002136,0,07,000,00,2,1,01,A01
200600002137,0,07,000,00,2,1,20,A01
200600002137,0,02,000,00,2,1,01,B01
200600002138,0,07,000,01,2,3,01,A01
200600002138,0,07,000,00,2,1,01,B01
200600002139,0,02,000,01,2,1,01,A01
200600002140,0,07,000,00,0,8,01,B01
200600002140,0,05,000,00,2,1,01,A01
200600002141,0,07,000,00,2,1,01,A01
200600002141,1,07,000,00,2,0,01,B01
200600002142,0,07,000,00,2,8,01,A01
200600002142,0,07,000,00,2,3,01,B01
200600002143,0,07,000,00,1,4,04,A01
200600002144,0,07,000,00,2,1,02,A01
200600002144,0,07,000,00,2,4,01,B01
200600002145,0,10,000,00,2,2,01,A01
200600002145,0,07,000,00,2,1,01,B01
200600002145,0,07,000,00,2,3,01,C01
200600002146,0,07,000,00,2,1,01,A01
200600002146,0,07,000,00,2,4,01,B01
200600002146,0,07,000,00,2,4,01,C01
200600002147,0,07,000,10,0,8,01,A01
200600002148,0,07,000,00,9,2,17,A01
200600002148,0,01,000,00,2,1,19,B01
200600002149,0,07,000,00,1,1,01,A01
200600002150,0,07,000,02,0,1,13,A01
200600002151,0,07,000,00,2,6,20,A01
200600002151,0,05,000,00,2,8,01,B01
200600002152,0,07,000,00,1,1,15,A01
200600002153,0,07,000,00,2,1,05,A01
200600002153,0,07,000,00,2,1,15,B01
200600002154,0,07,000,08,0,1,01,A01
200600002155,0,07,000,00,2,2,16,A01
200600002155,0,07,000,00,2,3,01,B01
200600002156,0,07,000,00,0,3,01,A01
200600002157,0,07,000,00,2,1,02,A01
200600002157,0,07,000,00,2,4,02,B01
200600002157,0,07,000,00,2,4,02,C01
200600002158,0,07,000,00,2,1,15,A01
200600002158,0,07,000,00,2,3,01,B01
200600002159,0,07,000,00,2,5,01,A01
200600002159,0,07,000,00,2,3,01,B01
200600002160,0,07,000,00,2,3,01,A01
200600002160,0,07,000,00,2,3,01,B01
200600002161,0,13,000,00,2,1,01,A01
200600002161,0,07,000,00,2,4,01,B01
200600002162,0,07,000,00,2,1,01,A01
200600002162,0,07,000,00,2,4,23,B01
200600002162,0,07,000,00,2,4,23,C01
200600002163,0,07,000,16,2,1,01,A01
200600002163,0,07,000,00,2,4,01,B01
200600002164,0,07,000,00,6,1,01,A01
200600002165,0,07,000,00,6,1,01,A01
200600002166,0,07,000,07,0,1,01,A01
200600002167,0,07,000,08,0,1,01,A01
200600002168,0,07,000,00,2,3,01,A01
200600002168,0,02,000,00,2,1,01,B01
200600002169,0,07,000,00,2,8,13,A01
200600002169,0,07,000,00,2,8,02,B01
200600002170,0,07,000,00,0,7,14,A01
200600002171,0,07,000,08,0,1,01,A01
200600002172,0,07,000,00,2,8,10,A01
200600002172,0,07,000,00,2,1,01,B01
200600002173,0,05,000,00,2,7,01,A01
200600002173,1,07,000,00,2,0,09,B01
200600002174,0,07,000,00,1,2,20,A01
200600002175,0,07,000,00,0,1,01,A01
200600002176,0,07,000,00,2,2,16,A01
200600002176,0,07,000,01,0,1,01,B01
200600002177,0,02,000,00,2,1,01,A01
200600002177,0,07,000,00,0,3,01,B01
200600002178,0,05,000,00,2,1,01,A01
200600002178,0,01,000,00,0,1,01,B01
200600002179,0,07,000,00,1,1,01,A01
200600002180,0,07,000,00,2,9,09,A01
200600002180,0,07,000,00,0,6,01,B01
200600002181,0,07,000,13,0,1,01,A01
200600002182,0,07,000,00,2,8,01,A01
200600002182,0,02,000,00,0,1,01,B01
200600002183,0,07,000,00,1,1,01,A01
200600002184,0,07,000,00,1,1,15,A01
200600002185,0,07,000,00,0,0,09,A01
200600002185,0,05,000,08,0,1,01,B01
200600002186,0,07,000,00,2,1,01,A01
200600002186,0,07,000,00,0,6,23,B01
200600002187,0,02,000,16,0,8,01,A01
200600002188,0,02,000,00,2,1,01,A01
200600002188,0,07,000,00,0,4,01,B01
200600002189,0,07,000,00,2,1,01,A01
200600002189,0,07,000,00,2,1,23,B01
200600002189,0,07,000,00,2,1,23,C01
200600002189,0,07,000,00,0,4,23,D01
200600002190,0,07,000,00,2,7,01,A01
200600002190,0,02,000,00,0,1,01,B01
200600002191,0,07,000,00,1,1,01,A01
200600002192,0,18,015,00,1,1,00,A01
200600002193,0,05,000,00,2,1,01,A01
200600002193,0,07,000,00,0,6,01,B01
200600002194,0,07,000,00,1,1,01,A01
200600002195,0,07,000,00,2,3,10,A01
200600002195,0,07,000,00,0,2,01,B01
200600002196,0,07,000,00,2,1,01,A01