Num_Acc,senc,catv,occutc,obs,obsm,choc,manv,num_veh
200600002196,0,07,000,00,0,4,23,B01
200600002197,0,01,000,00,2,4,11,A01
200600002197,0,07,000,00,0,2,01,B01
200600002198,0,02,000,00,2,1,01,A01
200600002198,0,01,000,00,0,1,01,B01
200600002199,0,07,000,00,2,3,15,A01
200600002199,0,05,000,00,0,8,17,B01
200600002200,0,07,000,00,2,6,09,A01
200600002200,0,07,000,00,0,1,01,B01
200600002201,0,07,000,00,2,2,01,A01
200600002201,0,02,000,00,2,1,01,B01
200600002202,0,07,000,00,2,2,15,A01
200600002202,0,02,000,00,0,8,19,B01
200600002203,0,02,000,15,0,8,01,A01
200600002204,0,07,000,00,0,8,01,B01
200600002204,0,07,000,00,2,2,15,A01
200600002205,0,07,000,00,1,7,01,A01
200600002206,0,07,000,00,2,1,13,A01
200600002206,0,07,000,00,2,1,01,B01
200600002207,0,07,000,00,1,3,02,A01
200600002208,0,07,000,00,1,1,15,A01
200600002209,0,07,000,00,9,2,15,A01
200600002209,0,04,000,00,2,1,01,B01
200600002210,0,03,000,00,1,1,01,A01
200600002211,0,07,000,00,9,3,15,A01
200600002211,0,01,000,00,2,1,01,B01
200600002212,0,07,000,00,1,1,01,A01
200600002213,0,07,000,00,2,1,15,A01
200600002213,0,01,000,00,0,1,01,B01
200600002214,0,07,000,00,2,8,01,A01
200600002214,0,07,000,00,0,1,01,B01
200600002215,0,07,000,00,1,1,01,A01
200600002216,0,07,000,00,2,3,15,A01
200600002216,0,02,000,00,0,1,01,B01
200600002217,0,07,000,02,0,1,01,A01
200600002218,0,07,000,00,1,1,20,A01
200600002219,0,07,000,00,9,1,00,A01
200600002219,0,01,000,00,2,1,01,B01
200600002220,0,02,000,00,2,7,02,B01
200600002220,0,07,000,00,2,6,09,A01
200600002221,0,05,000,00,1,1,01,A01
200600002222,0,07,000,14,0,0,01,A01
200600002222,0,02,000,14,0,1,14,B01
200600002223,0,02,000,00,2,1,15,A01
200600002223,0,07,000,00,2,1,02,B01
200600002224,0,07,000,00,0,1,01,B01
200600002224,0,07,000,00,0,8,00,A01
200600002225,0,07,000,00,1,1,01,A01
200600002226,0,07,000,00,1,3,01,A01
200600002227,0,07,000,00,1,1,01,A01
200600002228,0,07,000,00,1,3,01,A01
200600002229,0,07,000,00,2,3,15,A01
200600002229,0,05,000,00,2,3,01,B01
200600002229,0,07,000,00,2,6,23,C01
200600002230,0,07,000,07,2,2,15,A01
200600002230,0,07,000,00,2,1,01,B01
200600002231,0,02,000,00,2,1,15,A01
200600002231,0,05,000,00,2,3,01,B01
200600002232,0,07,000,00,2,3,11,A01
200600002232,0,04,000,00,2,2,01,B01
200600002233,0,07,000,00,2,5,12,A01
200600002233,0,05,000,00,2,3,01,B01
200600002234,0,07,000,00,1,1,01,A01
200600002235,0,07,000,00,2,2,01,A01
200600002235,0,07,000,00,2,1,01,B01
200600002236,0,07,000,00,2,1,01,A01
200600002236,0,07,000,00,2,4,01,B01
200600002237,0,05,000,01,2,2,01,A01
200600002237,0,07,000,00,2,1,16,B01
200600002238,0,02,000,00,2,1,02,A01
200600002238,0,07,000,00,2,4,02,B01
200600002239,0,05,000,01,2,3,01,B01
200600002239,0,07,000,00,2,4,15,A01
200600002240,0,07,000,00,2,1,01,B01
200600002240,0,07,000,00,2,3,01,A01
200600002241,0,02,000,00,1,2,01,A01
200600002242,0,04,000,00,0,0,21,A01
200600002243,0,04,000,00,2,2,01,A01
200600002243,0,10,000,00,2,1,15,B01
200600002244,0,07,000,00,2,2,15,A01
200600002244,0,04,000,00,2,1,01,B01
200600002245,0,01,000,00,1,1,01,A01
200600002246,0,18,000,00,1,1,08,A01
200600002247,0,07,000,00,2,2,16,A01
200600002247,0,04,000,00,2,3,01,B01
200600002248,0,02,000,00,2,1,05,A01
200600002248,0,10,000,00,2,1,01,B01
200600002249,0,02,000,00,2,1,07,A01
200600002249,0,07,000,00,2,7,22,B01
200600002250,0,07,000,00,1,4,04,A01
200600002251,0,07,000,00,2,2,15,A01
200600002251,0,04,000,00,2,1,01,B01
200600002252,0,07,000,00,1,1,01,A01
200600002253,0,07,000,00,2,1,13,A01
200600002253,0,07,000,00,2,1,01,B01
200600002254,0,10,000,00,2,3,15,B01
200600002254,0,07,000,00,2,1,17,A01
200600002255,0,10,000,00,2,3,09,A01
200600002255,0,04,000,00,2,2,01,B01
200600002256,0,07,000,00,2,1,01,A01
200600002256,0,07,000,00,2,4,01,B01
200600002257,0,02,000,00,2,2,17,A01
200600002257,0,10,000,00,2,8,15,B01
200600002258,0,07,000,00,2,1,01,A01
200600002258,0,04,000,00,2,4,01,B01
200600002259,0,05,000,01,0,1,17,A01
200600002259,0,07,000,00,2,4,01,B01
200600002260,0,10,000,00,1,1,15,A01
200600002261,0,04,000,00,1,1,01,A01
200600002262,0,07,000,00,2,3,15,A01
200600002262,0,07,000,00,2,2,01,B01
200600002263,0,07,000,00,1,2,01,A01
200600002264,0,07,000,00,2,2,01,A01
200600002264,0,07,000,00,2,1,01,B01
200600002265,0,07,000,00,1,1,01,A01
200600002266,1,04,000,00,1,1,00,A01
200600002267,0,02,000,00,2,3,09,A01
200600002267,0,05,000,00,2,2,01,B01
200600002268,0,02,000,01,0,1,01,A01
200600002269,0,07,000,07,2,1,01,A01
200600002269,0,07,000,15,2,3,01,B01
200600002270,0,07,000,00,2,3,09,A01
200600002270,0,02,000,00,2,1,01,B01
200600002271,0,10,000,00,2,2,16,A01
200600002271,0,04,000,00,2,3,01,B01
200600002272,0,05,000,00,1,1,01,A01
200600002273,0,07,000,00,1,1,01,A01
200600002274,0,07,000,00,1,4,04,A01
200600002275,0,10,000,00,2,8,01,B01
200600002275,0,02,000,00,2,1,01,A01
200600002276,0,10,000,00,2,3,01,B01
200600002276,0,02,000,00,2,1,01,A01
200600002277,0,02,000,00,0,0,01,A01
200600002278,0,07,000,00,2,1,15,A01
200600002278,0,07,000,00,2,4,23,B01
200600002279,0,10,000,00,2,1,01,B01
200600002279,0,05,000,00,2,2,01,A01
200600002280,0,07,000,01,1,4,20,A01
200600002281,1,07,000,00,2,3,00,A01
200600002281,0,05,000,00,2,1,01,B01
200600002282,0,04,000,00,2,2,05,A01
200600002282,0,07,000,00,2,3,15,B01
200600002283,0,07,000,00,2,1,02,A01
200600002283,0,07,000,00,2,4,23,B01
200600002284,0,07,000,00,2,2,15,A01
200600002284,0,04,000,00,2,1,01,B01
200600002285,0,07,000,00,2,1,01,A01
200600002285,0,07,000,00,2,4,01,B01
200600002286,0,07,000,00,1,1,01,A01
200600002287,0,04,000,00,2,1,01,A01
200600002288,0,05,000,00,2,3,07,A01
200600002288,0,07,000,00,2,2,16,B01
200600002289,0,04,000,00,0,0,01,A01
200600002290,0,05,000,00,2,1,02,A01
200600002290,0,07,000,00,2,4,02,B01
200600002291,0,05,000,00,0,0,21,A01
200600002292,0,07,000,00,1,4,04,A01
200600002293,0,07,000,00,2,2,10,A01
200600002293,0,04,000,00,2,1,01,B01
200600002294,0,02,000,00,2,1,01,A01
200600002294,0,07,000,00,2,4,23,B01
200600002295,0,07,000,00,2,8,22,A01
200600002295,0,02,000,00,2,2,01,B01
200600002296,0,02,000,01,0,1,01,A01
200600002297,0,10,000,00,2,2,16,A01
200600002297,0,07,000,00,2,3,07,B01
200600002298,0,07,000,00,2,8,22,A01
200600002298,0,02,000,00,2,2,01,B01
200600002299,0,07,000,15,0,1,01,A01
200600002300,0,02,000,00,2,1,17,A01
200600002300,0,07,000,00,2,3,15,B01
200600002301,0,07,000,00,1,1,01,A01
200600002302,0,05,000,00,2,3,15,A01
200600002302,0,07,000,00,2,2,01,B01
200600002303,0,07,000,00,1,1,07,A01
200600002304,0,05,000,00,1,1,01,A01
200600002305,2,07,000,00,2,1,00,A01
200600002305,0,07,000,00,2,2,01,B01
200600002306,0,10,000,00,1,1,01,A01
200600002307,0,07,000,00,1,1,01,A01
200600002308,0,05,000,00,0,0,01,A01
200600002309,0,07,000,00,2,1,13,A01
200600002309,0,04,000,00,2,1,01,B01
200600002309,0,07,000,00,2,1,01,C01
200600002310,1,07,000,00,1,1,00,A01
200600002311,0,05,000,00,0,0,01,A01
200600002312,0,07,000,00,2,1,09,A01
200600002312,0,01,000,00,2,6,01,B01
200600002313,0,05,000,00,1,1,01,A01
200600002314,0,02,000,00,0,0,21,A01
200600002315,1,07,000,00,1,1,00,A01
200600002316,0,02,000,00,2,3,11,A01
200600002316,0,07,000,00,2,2,01,B01
200600002317,0,07,000,14,0,1,17,A01
200600002318,0,02,000,00,2,1,02,A01
200600002318,0,07,000,00,2,4,23,B01
200600002319,0,05,000,00,1,1,01,A01
200600002320,0,07,000,00,2,7,16,A01
200600002320,0,05,000,00,2,3,01,B01
200600002321,0,04,000,00,0,0,16,A01
200600002322,0,04,000,00,1,1,01,A01
200600002323,0,05,000,00,2,3,18,A01
200600002323,0,14,000,00,2,2,16,B01
200600002324,0,07,000,00,2,3,09,A01
200600002324,0,02,000,00,2,1,01,B01
200600002325,0,04,000,01,0,1,01,A01
200600002326,0,07,000,00,2,2,15,A01
200600002326,0,05,000,00,2,1,01,B01
200600002327,0,07,000,00,1,1,01,A01
200600002328,0,02,000,00,2,2,05,A01
200600002328,0,10,000,00,2,8,15,B01
200600002329,0,07,000,00,2,2,10,A01
200600002329,0,02,000,00,2,1,01,B01
200600002330,0,07,000,00,2,2,10,A01
200600002330,0,04,000,00,2,1,01,B01
200600002331,0,02,000,00,2,1,01,A01
200600002331,0,07,000,00,2,7,01,B01
200600002332,0,02,000,00,2,3,11,A01
200600002332,0,07,000,00,2,2,07,B01
200600002333,0,05,000,14,0,2,01,A01
200600002334,0,07,000,15,0,1,01,A01
200600002335,0,07,000,00,1,1,01,A01
200600002336,0,04,000,00,0,0,01,A01
200600002337,0,07,000,00,2,1,01,A01
200600002337,0,01,000,00,2,4,01,B01
200600002338,0,07,000,07,0,1,21,A01
200600002339,0,01,000,00,1,1,05,A01
200600002340,0,14,000,00,1,4,04,A01
200600002341,0,02,000,00,2,1,01,A01
200600002341,0,07,000,00,2,3,15,B01
200600002342,0,02,000,00,2,2,17,A01
200600002342,0,07,000,00,2,3,15,B01
200600002343,0,04,000,00,0,0,21,A01
200600002344,1,07,000,00,2,2,00,A01
200600002344,0,05,000,00,2,1,01,B01
200600002345,0,04,000,00,0,0,21,A01
200600002346,0,05,000,00,2,1,01,B01
200600002346,0,07,000,00,2,2,01,A01
200600002347,0,07,000,00,2,1,01,B01
200600002347,0,01,000,00,2,3,01,A01
200600002348,0,07,000,00,1,1,01,A01
200600002348,0,07,000,00,2,3,01,B01
200600002349,0,02,000,00,2,1,05,A01
200600002349,0,18,000,00,2,1,08,B01
200600002349,0,07,000,00,2,4,01,C01
200600002350,0,07,000,00,2,6,01,B01
200600002350,0,05,000,00,2,1,01,A01
200600002351,0,05,000,00,2,2,17,A01
200600002351,0,07,000,00,2,3,01,B01
200600002352,0,05,000,00,0,0,15,A01
200600002353,1,04,000,00,2,1,00,A01
200600002353,0,01,000,00,2,1,01,B01
200600002354,0,04,000,00,1,1,01,A01
200600002355,0,05,000,00,0,0,21,A01
200600002356,0,18,000,00,1,1,08,A01
200600002357,0,02,000,00,0,0,11,A01
200600002358,0,01,000,00,2,2,19,A01
200600002358,0,04,000,00,2,1,01,B01
200600002359,0,07,000,00,2,2,15,A01
200600002359,0,05,000,00,2,1,01,B01
200600002360,0,07,000,15,0,1,01,A01
200600002361,0,02,000,00,5,1,07,A01
200600002362,0,02,000,00,0,0,21,A01
200600002363,0,04,000,00,1,1,01,A01
200600002364,0,10,000,00,2,3,09,A01
200600002364,0,05,000,00,2,2,01,B01
200600002365,0,07,000,00,2,7,22,A01
200600002365,0,04,000,00,2,3,01,B01
200600002365,0,01,000,00,2,3,01,C01
200600002366,1,05,000,00,1,1,00,A01
200600002367,0,02,000,00,0,0,21,A01
200600002368,0,07,000,00,1,2,01,A01
200600002369,0,07,000,00,1,4,04,A01
200600002370,0,05,000,00,0,0,01,A01
200600002371,0,02,000,15,0,3,21,A01
200600002372,0,05,000,00,1,1,01,A01
200600002373,0,05,000,00,1,1,01,A01
200600002374,0,18,000,00,0,0,01,A01
200600002375,0,07,000,00,2,1,01,B01
200600002375,0,07,000,01,2,2,01,A01
200600002376,0,18,000,00,2,1,01,B01
200600002376,0,07,000,00,2,2,01,A01
200600002377,0,07,000,00,2,1,02,A01
200600002377,0,10,000,00,2,4,02,B01
200600002378,0,07,000,11,0,1,13,A01
200600002379,0,01,000,00,2,3,09,A01
200600002379,0,07,000,00,2,2,01,B01
200600002380,0,07,000,00,2,3,11,A01
200600002380,0,05,000,00,2,2,01,B01
200600002381,0,04,000,14,0,1,01,A01
200600002382,0,07,000,00,2,3,09,A01
200600002382,0,05,000,00,2,2,01,B01
200600002383,1,07,000,00,2,2,00,A01
200600002383,0,02,000,00,2,3,01,B01
200600002384,0,07,000,00,2,3,15,B01
200600002384,0,01,000,00,2,1,01,A01
200600002385,0,05,000,00,1,1,07,A01
200600002386,0,04,000,00,2,1,01,B01
200600002386,0,07,000,00,2,2,23,A01
200600002387,0,04,000,00,2,3,18,A01
200600002387,0,10,000,00,2,2,16,B01
200600002388,0,07,000,00,2,8,09,A01
200600002388,0,05,000,00,2,2,01,B01
200600002389,0,02,000,00,1,1,01,A01
200600002390,1,07,000,00,2,1,00,A01
200600002390,0,02,000,00,2,4,15,B01
200600002391,0,07,000,00,2,6,15,A01
200600002391,0,05,000,12,2,2,01,B01
200600002392,0,07,000,00,1,1,01,A01
200600002393,0,01,000,00,1,1,07,A01
200600002394,0,07,000,00,2,2,15,A01
200600002394,0,02,000,00,2,1,01,B01
200600002395,0,04,000,00,0,0,01,A01
200600002396,0,02,000,00,2,2,05,A01
200600002396,0,07,000,00,2,8,15,B01
200600002397,0,02,000,11,2,2,17,A01
200600002397,0,10,000,00,2,8,15,B01
200600002398,1,07,000,00,2,3,00,A01
200600002398,0,04,000,00,2,2,17,B01
200600002399,0,05,000,00,2,3,07,A01
200600002399,0,07,000,00,2,7,16,B01
200600002400,0,07,000,00,1,1,07,A01
200600002401,0,02,000,00,2,2,17,A01
200600002401,0,07,000,00,2,8,15,B01
200600002402,0,05,000,00,2,1,01,A01
200600002402,0,07,000,00,2,3,15,B01
200600002403,0,02,000,00,2,1,07,A01
200600002403,0,07,000,00,2,2,15,B01
200600002404,0,05,000,00,2,1,01,A01
200600002404,0,07,000,00,2,8,15,B01
200600002405,1,07,000,00,2,3,00,A01
200600002405,0,05,000,01,2,2,01,B01
200600002406,0,05,000,00,1,1,01,A01
200600002407,0,10,000,00,2,8,15,A01
200600002407,0,05,000,00,2,5,15,B01
200600002408,0,05,000,00,2,1,02,A01
200600002408,0,07,000,00,2,4,02,B01
200600002409,0,04,000,00,1,1,01,A01
200600002410,0,07,000,00,1,1,01,A01
200600002411,0,02,000,00,1,1,17,A01
200600002412,0,14,000,00,1,1,16,A01
200600002413,0,07,000,00,2,6,11,A01
200600002413,0,10,000,00,2,2,01,B01
200600002414,1,07,000,00,1,1,00,A01
200600002415,0,07,000,00,2,2,12,A01
200600002415,0,05,000,01,2,3,01,B01
200600002416,0,10,000,00,1,1,15,A01
200600002417,0,02,000,00,2,3,01,B01
200600002417,0,07,000,00,2,1,01,A01
200600002418,0,05,000,00,0,0,01,A01
200600002419,0,04,000,00,0,0,07,A01
200600002420,0,05,000,00,1,1,01,A01
200600002421,0,01,000,00,0,0,01,A01
200600002422,0,07,000,00,2,2,10,A01
200600002422,0,04,000,00,2,1,01,B01
200600002423,0,05,000,00,2,1,01,A01
200600002423,0,07,000,00,2,4,16,B01
200600002424,0,07,000,00,1,2,01,A01
200600002425,0,07,000,00,2,1,01,B01
200600002425,0,07,000,00,2,7,01,A01
200600002426,0,07,000,06,2,6,13,A01
200600002426,0,10,000,00,2,1,01,B01
200600002427,0,05,000,00,1,1,01,A01
200600002428,0,02,000,00,2,3,01,A01
200600002428,0,02,000,00,2,1,01,B01
200600002429,0,07,000,00,1,1,01,A01
200600002430,0,14,000,00,1,1,01,A01
200600002431,1,07,000,00,2,1,00,A01
200600002431,0,01,000,00,2,4,01,B01
200600002432,0,10,000,00,1,4,20,A01
200600002433,0,04,000,00,2,4,17,A01
200600002433,0,18,000,00,2,1,01,B01
200600002434,0,04,000,00,0,0,21,A01
200600002435,0,07,000,00,2,3,15,A01
200600002435,0,04,000,00,2,2,01,B01
200600002436,0,05,000,00,0,0,01,A01
200600002437,0,04,000,00,2,2,17,A01
200600002437,0,07,000,00,2,8,15,B01
200600002438,0,04,000,01,0,1,21,A01
200600002439,0,07,000,00,2,4,04,A01
200600002439,0,02,000,00,2,1,01,B01
200600002440,1,07,000,00,1,1,00,A01
200600002441,0,04,000,00,1,1,01,A01
200600002442,0,07,000,00,2,4,04,A01
200600002442,0,07,000,00,2,1,01,B01
200600002443,0,07,000,00,2,1,01,A01
200600002443,0,07,000,00,2,4,01,B01
200600002444,0,07,000,00,2,2,01,A01
200600002444,0,05,000,00,2,1,01,B01
200600002445,0,05,000,00,2,3,01,A01
200600002445,0,10,000,00,2,2,16,B01
200600002446,0,02,000,01,0,1,01,A01
200600002447,0,07,000,00,2,2,12,A01
200600002447,0,05,000,00,2,3,01,B01
200600002448,0,07,000,14,0,1,21,A01
200600002449,0,05,000,00,1,1,01,A01
200600002450,0,10,000,00,2,1,01,A01
200600002450,0,01,000,00,2,4,01,B01
200600002451,0,07,000,00,2,2,09,A01
200600002451,0,04,000,00,2,1,01,B01
200600002452,0,07,000,00,1,1,20,A01
200600002453,0,07,000,00,1,1,01,A01
200600002454,1,07,000,00,1,1,00,A01
200600002455,0,07,000,00,2,1,01,A01
200600002455,0,04,000,00,2,4,23,B01
200600002456,0,07,000,00,2,8,24,A01
200600002456,0,01,000,00,0,1,01,B01
200600002457,0,07,000,00,2,1,02,A01
200600002457,0,07,000,00,2,4,23,B01
200600002458,0,07,000,00,1,1,01,A01
200600002459,0,07,000,00,2,2,01,A01
200600002459,0,07,000,00,2,3,01,B01
200600002459,0,07,000,00,2,3,01,C01
200600002460,0,07,000,00,1,1,01,A01
200600002461,0,07,000,00,2,3,15,A01
200600002461,0,02,000,00,2,2,17,B01
200600002462,0,07,000,00,2,5,10,A01
200600002462,0,05,000,00,2,1,01,B01
200600002463,0,02,000,00,0,0,21,A01
200600002464,0,05,000,00,1,1,01,A01
200600002465,0,02,000,00,0,0,01,A01
200600002466,0,05,000,00,1,1,01,A01
200600002467,0,04,000,00,0,0,21,A01
200600002468,0,07,000,00,2,7,16,A01
200600002468,0,01,000,00,2,3,07,B01
200600002469,0,07,000,00,1,4,20,A01
200600002470,0,01,000,00,0,0,21,A01
200600002471,0,07,000,00,2,2,15,A01
200600002471,0,05,000,00,2,1,01,B01
200600002472,0,02,000,00,2,1,02,A01
200600002472,0,07,000,00,2,4,02,B01
200600002473,0,04,000,00,2,1,01,A01
200600002473,0,07,000,00,2,4,23,B01
200600002473,0,07,000,00,2,6,15,C01
200600002474,0,02,000,00,0,0,07,A01
200600002475,0,07,000,00,1,1,01,A01
200600002476,0,07,000,00,1,1,07,A01
200600002477,0,07,000,00,2,5,10,A01
200600002477,0,04,000,00,2,3,01,B01
200600002478,0,07,000,00,2,8,15,A01
200600002478,0,02,000,00,2,2,01,B01
200600002479,0,07,000,00,2,1,15,A01
200600002479,0,04,000,00,2,2,01,B01
200600002480,0,04,000,00,2,2,19,A01
200600002480,0,07,000,00,2,1,01,B01
200600002481,0,14,000,06,0,1,01,A01
200600002482,0,07,000,00,2,7,22,A01
200600002482,0,05,000,00,2,3,01,B01
200600002483,0,07,000,00,1,1,01,A01
200600002484,0,07,000,00,2,2,15,A01
200600002484,0,02,000,00,2,1,01,B01
200600002485,0,07,000,00,1,4,04,A01
200600002486,0,07,000,00,2,2,15,A01
200600002486,0,05,000,00,2,1,01,B01
200600002487,0,07,000,11,0,2,15,A01
200600002488,0,05,000,00,0,0,01,A01
200600002489,0,01,000,00,1,1,01,A01
200600002490,0,05,000,00,2,3,18,A01
200600002490,0,07,000,00,2,5,01,B01
200600002491,0,07,000,00,2,1,15,A01
200600002491,0,07,000,00,2,4,15,B01
200600002492,1,07,000,00,1,1,00,A01
200600002493,0,04,000,00,2,1,01,B01
200600002493,0,07,000,00,2,7,01,A01
200600002494,0,04,000,00,0,0,17,A01
200600002495,0,10,000,00,2,7,01,A01
200600002495,0,02,000,00,2,1,01,B01
200600002496,0,07,000,00,2,1,02,A01
200600002496,0,07,000,00,2,4,02,B01
200600002497,0,07,000,00,2,8,09,A01
200600002497,0,04,000,00,2,2,01,B01
200600002498,0,07,000,00,2,3,09,A01
200600002498,0,04,000,00,2,1,01,B01
200600002499,0,07,000,00,2,8,10,A01
200600002499,0,05,000,00,2,1,01,B01
200600002500,0,10,000,00,2,2,15,A01
200600002500,0,05,000,00,2,1,01,B01
200600002501,1,07,000,00,2,2,00,A01
200600002501,0,07,000,01,2,3,01,B01
200600002502,0,07,000,00,2,6,15,A01
200600002502,0,04,000,00,2,2,01,B01
200600002503,0,05,000,00,2,1,01,A01
200600002503,0,10,000,00,2,4,23,B01
200600002504,0,05,000,00,2,1,01,A01
200600002504,0,07,000,00,2,3,01,B01
200600002505,0,07,000,00,2,1,01,A01
200600002505,0,07,000,00,2,8,01,B01
200600002506,0,07,000,00,1,1,01,A01
200600002507,0,07,000,00,1,1,01,A01
200600002508,0,05,000,00,2,1,01,A01
200600002508,0,07,000,00,2,3,01,B01
200600002509,0,07,000,00,2,3,16,A01
200600002509,0,01,000,00,2,1,01,B01
200600002510,0,05,000,00,0,0,01,A01
200600002511,0,07,000,00,2,2,01,B01
200600002511,0,07,000,00,2,1,01,A01
200600002512,0,07,000,00,1,1,15,A01
200600002513,0,05,000,00,0,0,01,A01
200600002514,0,14,000,00,2,3,11,A01
200600002514,0,05,000,00,2,2,15,B01
200600002515,0,05,000,00,1,1,01,A01
200600002516,0,10,000,00,2,7,22,A01
200600002516,0,02,000,00,2,3,01,B01
200600002517,0,10,000,00,2,8,01,A01
200600002517,0,04,000,00,2,1,01,B01
200600002518,0,07,000,00,2,1,01,A01
200600002518,0,07,000,00,2,4,01,B01
200600002519,0,07,000,00,2,2,15,A01
200600002519,0,02,000,00,2,1,01,B01
200600002520,1,07,000,00,1,1,00,A01
200600002521,0,05,000,00,1,1,01,A01
200600002522,0,05,000,00,1,1,16,A01
200600002523,0,07,000,00,2,2,12,A01
200600002523,0,05,000,00,2,3,11,B01
200600002524,0,05,000,00,0,0,21,A01
200600002525,0,07,000,00,1,1,15,A01
200600002526,0,07,000,00,2,7,15,A01
200600002526,0,04,000,00,2,1,01,B01
200600002527,0,07,000,06,0,1,14,A01
200600002528,2,07,000,00,2,1,01,A01
200600002528,0,07,000,00,2,4,23,B01
200600002528,0,07,000,00,2,4,23,C01
200600002529,0,07,000,00,1,1,15,A01
200600002530,0,02,000,00,0,0,01,A01
200600002531,1,14,000,00,2,1,00,A01
200600002531,0,07,000,00,2,4,23,B01
200600002532,0,14,000,00,1,3,01,A01
200600002533,1,07,000,00,2,3,00,A01
200600002533,0,05,000,00,2,2,01,B01
200600002534,0,05,000,00,0,0,21,A01
200600002535,0,04,000,00,1,1,01,A01
200600002536,1,08,000,00,2,6,00,A01
200600002536,0,05,000,00,2,2,01,B01
200600002536,0,07,000,00,2,5,01,C01
200600002537,0,05,000,00,0,0,21,A01
200600002538,0,05,000,00,1,2,17,A01
200600002539,0,10,000,00,2,7,24,A01
200600002539,0,05,000,01,0,1,01,B01
200600002540,0,07,000,00,1,2,01,A01
200600002541,0,07,000,00,1,6,01,A01
200600002542,0,05,000,00,1,1,01,A01
200600002543,0,05,000,00,2,1,02,A01
200600002543,0,07,000,00,2,4,23,B01
200600002544,0,04,000,00,0,0,05,A01
200600002545,0,05,000,00,1,1,01,A01
200600002546,0,04,000,01,2,1,01,A01
200600002546,0,07,000,00,2,2,15,B01
200600002547,0,07,000,00,1,1,16,A01
200600002548,0,05,000,00,2,2,17,A01
200600002548,0,07,000,00,2,3,15,B01
200600002549,0,07,000,00,2,2,01,A01
200600002549,0,07,000,00,2,1,01,B01
200600002550,0,05,000,00,2,1,05,A01
200600002550,0,02,000,00,2,3,16,B01
200600002551,0,07,000,00,2,1,01,A01
200600002551,0,07,000,00,2,4,23,B01
200600002552,0,07,000,00,1,1,16,A01
200600002553,0,07,000,00,2,8,15,A01
200600002553,0,05,000,00,2,2,05,B01
200600002554,0,07,000,00,2,2,21,A01
200600002554,0,05,000,00,2,2,01,B01
200600002555,0,07,000,00,2,7,16,A01
200600002555,0,04,000,00,2,3,01,B01
200600002556,0,07,000,00,1,1,01,A01
200600002557,0,07,000,00,2,8,01,B01
200600002557,0,02,000,00,2,1,05,A01
200600002558,0,07,000,00,2,8,09,A01
200600002558,0,04,000,00,2,2,01,B01
200600002559,1,07,000,00,2,1,00,A01
200600002559,0,07,000,00,2,4,23,B01
200600002559,0,07,000,00,2,4,23,C01
200600002560,0,07,000,00,1,1,15,A01
200600002561,0,07,000,12,2,1,01,A01
200600002561,0,05,000,00,2,4,01,B01
200600002562,0,07,000,00,2,1,01,A01
200600002562,0,02,000,00,2,4,15,B01
200600002563,0,07,000,00,1,1,01,A01
200600002564,0,07,000,00,2,5,17,A01
200600002564,0,18,000,00,2,3,07,B01
200600002565,0,07,000,00,1,4,04,A01
200600002566,0,10,000,00,2,1,01,A01
200600002566,0,07,000,00,2,4,23,B01
200600002567,0,05,000,00,0,0,21,A01
200600002568,0,07,000,00,2,2,15,A01
200600002568,0,07,000,00,2,1,07,B01
200600002569,0,07,000,00,1,4,04,A01
200600002570,0,05,000,00,0,0,01,A01
200600002571,0,04,000,00,1,1,18,A01
200600002572,0,05,000,14,0,1,01,A01
200600002573,0,07,000,00,2,1,01,B01
200600002573,0,01,000,00,2,2,01,A01
200600002574,0,07,000,00,2,1,05,A01
200600002574,0,01,000,00,2,1,01,B01
200600002575,0,02,000,00,2,1,01,A01
200600002575,0,07,000,00,2,4,23,B01
200600002576,0,10,000,00,1,3,15,A01
200600002577,0,04,000,00,0,0,21,A01
200600002578,0,07,000,00,1,1,15,A01
200600002579,0,04,000,00,2,1,01,A01
200600002579,0,07,000,00,2,2,01,B01
200600002580,1,07,000,00,2,2,00,A01
200600002580,0,07,000,01,2,3,01,B01
200600002581,0,07,000,00,2,1,01,A01
200600002581,0,07,000,00,2,8,15,B01
200600002582,0,07,000,00,2,2,02,A01
200600002582,0,01,000,00,2,6,02,B01
200600002583,0,07,000,00,2,2,15,A01
200600002583,0,05,000,00,2,1,01,B01
200600002584,0,05,000,00,1,1,01,A01
200600002585,0,07,000,00,2,1,02,A01
200600002585,0,07,000,00,2,4,23,B01
200600002585,0,07,000,00,2,4,23,C01
200600002586,0,02,000,00,0,0,15,A01
200600002587,0,07,000,00,2,2,15,A01
200600002587,0,05,000,00,2,1,01,B01
200600002588,0,07,000,00,1,1,15,A01
200600002589,0,07,000,14,0,2,05,A01
200600002590,0,07,000,00,1,4,20,A01
200600002591,0,07,000,14,0,1,14,A01
200600002592,0,07,000,00,2,1,01,A01
200600002592,0,07,000,00,2,3,15,B01
200600002593,0,07,000,01,2,7,16,A01
200600002593,0,07,000,00,2,3,01,B01
200600002594,0,05,000,00,2,1,07,A01
200600002594,0,07,000,00,2,8,15,B01
200600002595,0,07,000,14,0,1,01,A01
200600002596,0,07,000,00,2,2,01,A01
200600002596,0,04,000,00,2,1,01,B01
200600002597,0,07,000,00,2,2,16,A01
200600002597,0,02,000,00,2,3,01,B01
200600002598,0,07,000,00,2,4,04,A01
200600002598,0,05,000,00,2,3,09,B01