Num_Acc,senc,catv,occutc,obs,obsm,choc,manv,num_veh
200600002599,1,07,000,00,2,8,00,A01
200600002599,0,05,000,00,2,2,01,B01
200600002600,0,07,000,00,2,3,09,A01
200600002600,0,02,000,00,2,1,01,B01
200600002601,0,07,000,00,2,3,10,A01
200600002601,0,05,000,01,2,2,17,B01
200600002602,0,05,000,00,2,1,01,B01
200600002602,0,07,000,00,2,7,10,A01
200600002603,0,04,000,00,1,3,21,A01
200600002604,0,02,000,00,2,2,17,A01
200600002604,0,07,000,00,2,3,15,B01
200600002605,0,07,000,01,2,1,13,A01
200600002605,0,07,000,00,2,1,01,B01
200600002606,0,05,000,07,0,3,21,A01
200600002607,0,10,000,00,2,2,16,A01
200600002607,0,05,000,00,2,3,01,B01
200600002608,0,10,000,00,1,1,07,A01
200600002609,0,04,000,00,2,1,01,B01
200600002609,0,07,000,00,2,3,01,A01
200600002610,0,07,000,00,2,2,12,A01
200600002610,0,05,000,00,2,3,01,B01
200600002611,0,02,000,00,1,1,05,A01
200600002612,0,05,000,07,0,1,01,A01
200600002613,0,07,000,00,1,4,20,A01
200600002614,0,10,000,00,2,3,15,B01
200600002614,0,07,000,00,2,1,01,A01
200600002615,0,07,000,00,2,8,10,A01
200600002615,0,05,000,00,2,2,01,B01
200600002616,0,07,000,00,2,2,15,A01
200600002616,0,05,000,00,2,1,01,B01
200600002617,0,04,000,00,1,1,01,A01
200600002618,0,04,000,00,1,1,01,A01
200600002619,0,07,000,00,1,1,16,A01
200600002620,1,05,000,00,1,1,00,A01
200600002621,0,02,000,00,2,2,05,A01
200600002621,0,07,000,00,2,3,15,B01
200600002622,0,07,000,00,2,3,15,A01
200600002622,0,05,000,00,2,2,17,B01
200600002623,0,04,000,00,2,2,17,A01
200600002623,0,07,000,00,2,3,15,B01
200600002624,0,07,000,00,2,1,13,A01
200600002624,2,07,000,00,2,1,01,B01
200600002625,0,07,000,00,2,1,02,A01
200600002625,0,07,000,00,2,1,02,B01
200600002625,0,07,000,00,2,4,02,C01
200600002626,1,07,000,00,2,1,00,A01
200600002626,0,07,000,00,2,4,01,B01
200600002626,0,05,000,00,2,4,23,C01
200600002627,0,07,000,00,2,2,01,B01
200600002627,0,01,000,00,2,1,01,A01
200600002628,0,07,000,00,1,1,01,A01
200600002629,0,04,000,00,2,1,01,B01
200600002629,1,07,000,00,2,5,00,A01
200600002630,0,10,000,00,2,1,02,A01
200600002630,0,04,000,00,2,4,23,B01
200600002630,0,07,000,00,2,4,23,C01
200600002631,0,07,000,00,2,2,09,A01
200600002631,0,05,000,00,2,3,01,B01
200600002632,1,07,000,00,2,1,00,A01
200600002632,0,07,000,00,2,4,23,B01
200600002633,0,07,000,00,2,5,16,A01
200600002633,0,04,000,00,2,3,01,B01
200600002634,0,05,000,00,2,2,17,A01
200600002634,0,07,000,00,2,8,15,B01
200600002635,0,07,000,00,2,1,01,A01
200600002635,0,07,000,00,2,4,23,B01
200600002636,0,10,000,00,1,1,16,A01
200600002637,0,05,000,00,2,1,01,B01
200600002637,0,07,000,00,2,3,15,A01
200600002638,0,05,000,00,0,0,01,A01
200600002639,0,04,000,00,2,1,17,A01
200600002639,0,07,000,00,2,1,01,B01
200600002640,0,02,000,00,0,0,01,A01
200600002641,0,07,000,00,1,1,01,A01
200600002642,0,07,000,00,2,7,10,A01
200600002642,0,02,000,00,2,1,01,B01
200600002643,0,05,000,00,2,2,17,A01
200600002643,0,07,000,00,2,3,15,B01
200600002644,0,18,000,00,2,1,01,A01
200600002644,0,07,000,00,2,4,15,B01
200600002645,0,10,000,00,1,4,04,A01
200600002646,0,02,000,00,2,3,07,A01
200600002646,0,07,000,00,2,2,12,B01
200600002647,0,05,000,00,0,0,01,A01
200600002648,0,10,000,00,1,4,04,A01
200600002649,0,07,000,00,1,4,04,A01
200600002650,0,07,000,00,2,3,10,A01
200600002650,0,02,000,00,2,2,01,B01
200600002651,0,02,000,00,2,1,07,A01
200600002651,0,07,000,00,2,2,15,B01
200600002652,1,10,000,00,1,1,00,A01
200600002653,0,07,000,00,2,1,01,A01
200600002653,0,01,000,00,2,4,23,B01
200600002654,0,04,000,00,2,5,07,A01
200600002654,0,04,000,00,2,3,18,B01
200600002655,0,07,000,00,2,6,11,A01
200600002655,0,10,000,00,2,2,01,B01
200600002656,0,05,000,00,2,1,19,A01
200600002656,0,07,000,00,2,7,23,B01
200600002657,0,01,000,00,2,2,19,A01
200600002657,0,07,000,00,2,1,01,B01
200600002658,0,02,000,00,2,3,07,A01
200600002658,0,07,000,00,2,7,16,B01
200600002659,0,10,000,00,1,1,01,A01
200600002660,0,07,000,00,1,4,04,A01
200600002661,0,18,000,00,2,1,12,A01
200600002661,0,07,000,00,2,4,23,B01
200600002662,0,02,000,00,0,0,21,A01
200600002663,0,07,000,00,2,2,16,A01
200600002663,0,05,000,00,2,3,01,B01
200600002664,0,07,000,00,2,2,12,A01
200600002664,0,02,000,00,2,3,01,B01
200600002665,0,02,000,00,2,2,17,A01
200600002665,0,07,000,00,2,8,15,B01
200600002666,0,04,000,00,2,2,01,B01
200600002666,0,05,000,00,2,1,01,A01
200600002667,0,07,000,00,2,6,15,A01
200600002667,0,01,000,00,2,2,15,B01
200600002668,0,07,000,00,2,3,15,A01
200600002668,0,05,000,00,2,2,17,B01
200600002669,0,10,000,00,2,1,01,B01
200600002669,0,04,000,00,2,2,01,A01
200600002670,0,02,000,15,0,1,21,A01
200600002671,0,07,000,00,1,1,01,A01
200600002672,0,07,000,00,1,1,01,A01
200600002673,0,05,000,00,2,3,11,A01
200600002673,0,04,000,00,2,2,01,B01
200600002674,0,07,000,00,1,1,01,A01
200600002675,0,07,000,00,1,1,01,A01
200600002676,0,10,000,00,1,7,20,A01
200600002677,0,07,000,07,0,1,16,A01
200600002678,0,05,000,00,0,0,21,A01
200600002679,0,07,000,00,2,1,01,B01
200600002679,0,02,000,00,2,3,01,A01
200600002680,0,05,000,01,2,1,01,A01
200600002680,0,07,000,00,2,3,15,B01
200600002681,0,07,000,00,2,2,01,A01
200600002681,0,04,000,00,2,3,23,B01
200600002682,0,07,000,00,1,1,01,A01
200600002683,0,10,000,00,2,2,10,A01
200600002683,0,02,000,00,2,1,01,B01
200600002684,0,05,000,00,0,0,09,A01
200600002685,0,07,000,00,2,2,15,A01
200600002685,0,05,000,00,2,1,01,B01
200600002686,0,04,000,00,1,1,01,A01
200600002687,0,07,000,00,2,1,01,A01
200600002687,0,10,000,00,2,3,01,B01
200600002688,0,05,000,00,1,1,01,A01
200600002689,0,07,000,00,2,1,01,A01
200600002689,0,07,000,00,2,4,01,B01
200600002690,0,02,000,00,1,1,01,A01
200600002691,0,02,000,00,2,2,05,A01
200600002691,0,07,000,00,2,3,15,B01
200600002692,0,02,000,00,2,1,05,A01
200600002692,0,07,000,00,2,1,01,B01
200600002693,0,07,000,00,1,1,01,A01
200600002694,0,05,000,00,1,1,01,A01
200600002695,0,05,000,01,2,3,17,A01
200600002696,1,07,000,00,2,1,00,A01
200600002696,0,07,000,00,2,4,02,B01
200600002697,0,10,000,00,2,7,12,A01
200600002697,0,05,000,00,2,3,03,B01
200600002697,0,07,000,04,2,1,12,C01
200600002697,0,07,000,04,2,1,01,D01
200600002698,0,18,000,00,2,1,02,A01
200600002698,0,07,000,00,2,4,02,B01
200600002698,0,18,000,00,2,4,02,C01
200600002699,0,07,000,04,0,3,01,A01
200600002700,0,10,000,00,2,2,12,A01
200600002700,0,05,000,00,2,3,01,B01
200600002700,0,10,000,00,2,4,01,C01
200600002701,0,10,000,00,2,1,02,A01
200600002701,0,07,000,00,2,4,02,B01
200600002702,0,05,000,00,2,1,02,A01
200600002702,0,07,000,00,2,4,02,B01
200600002703,0,05,000,00,0,0,21,A01
200600002704,0,02,000,00,1,1,01,A01
200600002705,0,05,000,00,1,1,05,A01
200600002706,0,07,000,00,2,3,11,A01
200600002706,0,02,000,00,2,2,12,B01
200600002707,0,07,000,00,2,8,10,A01
200600002707,0,05,000,00,2,2,17,B01
200600002708,0,05,000,00,2,1,02,A01
200600002708,0,07,000,00,2,4,02,B01
200600002709,0,07,000,00,1,1,01,A01
200600002710,0,02,000,00,2,1,01,A01
200600002710,0,07,000,00,2,3,15,B01
200600002711,0,02,000,00,1,1,01,A01
200600002712,0,04,000,00,0,0,01,A01
200600002713,0,10,000,00,2,8,09,A01
200600002713,0,05,000,00,2,2,01,B01
200600002714,0,10,000,09,0,1,21,A01
200600002715,0,04,000,00,2,1,01,A01
200600002715,0,07,000,00,2,4,23,B01
200600002716,0,10,000,00,2,3,15,A01
200600002716,0,02,000,00,2,2,17,B01
200600002717,0,07,000,00,2,1,01,A01
200600002717,0,07,000,00,2,4,01,B01
200600002718,0,10,000,00,2,3,15,A01
200600002718,0,05,000,00,2,2,17,B01
200600002719,0,07,000,00,2,1,15,A01
200600002719,0,04,000,00,2,3,01,B01
200600002720,0,05,000,00,2,1,07,A01
200600002720,0,07,000,00,2,2,16,B01
200600002721,0,07,000,00,2,2,01,A01
200600002721,0,02,000,00,2,1,01,B01
200600002722,0,07,000,11,0,1,18,A01
200600002723,0,07,000,00,1,1,01,A01
200600002724,0,07,000,00,1,1,09,A01
200600002725,0,07,000,00,1,1,01,A01
200600002726,0,07,000,00,2,3,09,A01
200600002726,0,02,000,00,2,1,01,B01
200600002727,0,10,000,06,0,1,01,A01
200600002728,0,04,000,00,2,1,18,A01
200600002728,0,07,000,00,2,2,15,B01
200600002729,0,07,000,00,1,4,04,A01
200600002730,0,05,000,01,2,1,17,A01
200600002730,0,07,000,00,2,8,01,B01
200600002731,0,07,000,00,2,3,01,B01
200600002731,0,07,000,00,2,1,01,A01
200600002732,0,07,000,15,0,1,16,A01
200600002733,0,02,000,12,0,1,16,A01
200600002734,0,07,000,00,1,1,01,A01
200600002735,0,05,000,00,2,1,17,A01
200600002735,0,07,000,00,2,3,01,B01
200600002736,0,02,000,00,1,1,17,A01
200600002737,0,10,000,00,2,7,22,A01
200600002737,0,04,000,00,2,3,07,B01
200600002738,0,04,000,00,1,1,16,A01
200600002739,0,07,000,00,1,1,01,A01
200600002740,0,07,000,00,2,7,12,A01
200600002740,0,04,000,00,2,3,01,B01
200600002741,0,07,000,00,2,2,15,A01
200600002741,0,05,000,00,2,1,01,B01
200600002742,0,02,000,00,0,0,21,A01
200600002743,0,07,000,00,2,8,10,A01
200600002743,0,05,000,00,2,2,01,B01
200600002744,0,07,000,00,1,1,01,A01
200600002745,0,07,000,00,1,1,15,A01
200600002746,0,04,000,00,2,2,01,A01
200600002746,0,07,000,00,2,8,01,B01
200600002747,0,10,000,00,2,1,01,A01
200600002747,0,07,000,01,2,4,01,B01
200600002748,1,07,000,00,1,1,00,A01
200600002749,0,02,000,00,2,3,07,A01
200600002749,0,07,000,00,2,2,16,B01
200600002750,0,10,000,00,2,1,02,A01
200600002750,0,04,000,00,2,4,02,B01
200600002751,0,07,000,00,1,1,01,A01
200600002752,0,10,000,00,1,1,01,A01
200600002753,0,07,000,00,2,8,22,A01
200600002753,0,01,000,00,2,2,01,B01
200600002754,0,07,000,00,2,8,01,B01
200600002754,0,07,000,00,2,2,01,A01
200600002755,0,07,000,00,2,2,01,A01
200600002755,0,04,000,00,2,1,01,B01
200600002756,1,07,000,00,2,3,00,A01
200600002756,0,04,000,01,2,2,01,B01
200600002757,0,02,000,00,2,2,17,A01
200600002757,0,07,000,00,2,3,15,B01
200600002758,0,05,000,00,2,1,02,A01
200600002758,0,10,000,00,2,4,02,B01
200600002759,0,07,000,00,2,8,11,A01
200600002759,0,05,000,00,2,1,01,B01
200600002760,0,05,000,00,2,3,18,A01
200600002760,0,07,000,00,2,5,12,B01
200600002761,0,10,000,00,2,1,02,A01
200600002761,0,07,000,00,2,4,02,B01
200600002762,0,05,000,00,0,0,01,A01
200600002763,0,07,000,00,2,8,11,A01
200600002763,0,05,000,00,2,2,03,B01
200600002764,0,04,000,00,1,1,01,A01
200600002765,0,05,000,00,2,1,02,A01
200600002765,0,07,000,00,2,4,02,B01
200600002766,0,18,000,00,2,6,11,A01
200600002766,0,05,000,00,2,2,01,B01
200600002767,0,04,000,00,1,1,17,A01
200600002768,0,07,000,00,2,2,10,A01
200600002768,0,02,000,00,2,1,17,B01
200600002769,0,05,000,00,2,3,01,A01
200600002769,0,07,000,00,2,2,16,B01
200600002770,0,07,000,00,2,2,01,A01
200600002770,0,02,000,00,2,1,15,B01
200600002771,0,04,000,00,0,0,21,A01
200600002772,0,07,000,00,2,8,09,A01
200600002772,0,02,000,00,2,2,01,B01
200600002773,0,07,000,00,1,1,15,A01
200600002774,0,14,000,00,2,8,01,A01
200600002774,0,07,000,00,2,1,01,B01
200600002774,0,07,000,00,2,4,01,C01
200600002774,0,07,000,00,2,1,01,D01
200600002775,0,07,000,00,2,2,15,A01
200600002775,0,02,000,00,2,1,17,B01
200600002776,0,04,000,00,1,1,01,A01
200600002777,0,05,000,00,1,1,17,A01
200600002778,0,04,000,00,0,0,21,A01
200600002779,0,07,000,00,1,1,15,A01
200600002780,0,07,000,00,2,2,15,A01
200600002780,0,05,000,00,2,1,01,B01
200600002781,0,07,000,00,2,8,15,A01
200600002781,0,05,000,00,2,2,01,B01
200600002782,0,05,000,00,2,2,17,A01
200600002782,0,07,000,00,2,3,15,B01
200600002783,0,04,000,00,2,3,18,A01
200600002783,0,07,000,00,2,5,01,B01
200600002784,0,07,000,00,1,1,16,A01
200600002785,0,07,000,00,2,3,10,A01
200600002785,0,04,000,00,2,1,01,B01
200600002786,0,07,000,00,2,2,15,A01
200600002786,0,04,000,00,2,1,01,B01
200600002787,0,07,000,00,2,2,12,A01
200600002787,0,05,000,00,2,3,01,B01
200600002787,0,07,000,00,2,4,01,C01
200600002788,0,05,000,14,0,1,01,A01
200600002789,0,07,000,14,0,1,01,A01
200600002790,0,05,000,00,2,1,02,A01
200600002790,0,07,000,00,2,4,02,B01
200600002791,1,07,000,00,2,3,00,A01
200600002791,0,05,000,00,2,2,01,B01
200600002792,0,07,000,00,2,3,11,A01
200600002792,0,17,000,00,2,2,01,B01
200600002793,0,07,000,00,2,1,02,A01
200600002793,0,07,000,00,2,4,02,B01
200600002793,0,07,000,00,2,4,02,C01
200600002794,0,07,000,00,1,4,04,A01
200600002795,0,17,000,00,2,2,12,A01
200600002795,0,07,000,00,2,6,01,B01
200600002795,0,07,000,05,2,8,01,C01
200600002796,0,07,000,00,2,7,16,A01
200600002796,0,05,000,00,2,3,01,B01
200600002797,0,05,000,00,0,0,01,A01
200600002798,0,14,000,00,2,2,12,A01
200600002798,0,07,000,00,2,6,01,B01
200600002799,0,05,000,00,2,1,13,A01
200600002799,0,10,000,00,2,4,23,B01
200600002800,1,07,000,00,2,2,00,A01
200600002800,0,05,000,00,2,3,03,B01
200600002801,0,05,000,00,2,3,03,A01
200600002801,0,07,000,00,2,5,12,B01
200600002802,0,07,000,00,2,1,02,A01
200600002802,0,07,000,00,2,4,02,B01
200600002803,0,10,000,00,2,4,02,A01
200600002803,0,10,000,00,2,1,02,B01
200600002803,0,07,000,00,2,1,02,C01
200600002804,0,05,000,00,2,3,11,A01
200600002804,0,05,000,00,2,2,03,B01
200600002805,0,07,000,00,2,8,11,A01
200600002805,0,05,000,00,2,1,01,B01
200600002806,0,10,000,14,0,1,14,A01
200600002807,0,07,000,00,1,1,21,A01
200600002808,0,07,000,00,1,3,15,A01
200600002809,0,05,000,00,0,2,01,A01
200600002810,0,07,000,00,1,2,15,A01
200600002811,0,07,000,00,1,2,01,A01
200600002812,0,07,000,00,2,1,01,A01
200600002812,0,07,000,00,2,4,02,B01
200600002813,0,07,000,00,2,2,15,A01
200600002813,0,02,000,00,2,1,01,B01
200600002814,0,07,000,00,2,2,01,A01
200600002814,0,18,002,00,2,1,01,B01
200600002815,1,07,000,00,1,0,01,A01
200600002815,0,07,000,00,1,3,23,B01
200600002816,0,07,000,00,2,1,01,A01
200600002816,0,07,000,00,2,1,01,B01
200600002817,0,17,000,00,2,6,13,A01
200600002817,0,07,000,00,2,8,21,B01
200600002817,0,07,000,15,2,3,01,C01
200600002818,1,07,000,00,1,0,00,A01
200600002819,0,02,000,00,2,8,01,A01
200600002819,1,07,000,00,9,0,00,B01
200600002820,0,07,000,00,0,8,15,A01
200600002820,0,05,000,00,2,1,17,B01
200600002821,0,02,000,00,2,1,01,A01
200600002821,1,07,000,00,2,0,01,B01
200600002822,0,07,000,00,2,3,01,A01
200600002822,0,05,000,00,2,1,01,B01
200600002823,0,03,000,02,0,1,00,A01
200600002824,0,07,000,00,2,7,15,A01
200600002824,0,02,000,00,2,1,01,B01
200600002824,0,07,000,00,2,3,01,C01
200600002825,0,07,000,00,2,7,15,A01
200600002825,0,04,000,00,2,1,01,B01
200600002826,2,07,000,08,2,1,17,A01
200600002826,0,07,000,00,2,8,15,B01
200600002827,0,07,000,00,1,1,01,A01
200600002828,0,10,000,00,1,1,01,A01
200600002829,0,07,000,04,0,3,01,A01
200600002830,0,05,000,00,2,1,01,A01
200600002830,0,07,000,00,9,3,01,B01
200600002831,0,02,000,00,0,7,01,A01
200600002832,0,07,000,00,2,1,02,A01
200600002832,0,07,000,00,2,4,01,B01
200600002832,0,07,000,00,2,4,01,C01
200600002833,0,07,000,00,1,1,15,A01
200600002834,0,07,000,00,2,1,15,A01
200600002834,0,02,000,00,2,1,01,B01
200600002835,0,10,000,00,1,1,01,A01
200600002836,0,07,000,00,1,1,01,A01
200600002837,0,07,000,00,1,1,01,A01
200600002838,0,07,000,00,2,2,16,A01
200600002838,0,05,000,00,2,1,01,B01
200600002839,0,07,000,00,4,1,01,A01
200600002839,0,19,000,00,2,1,01,B01
200600002840,0,07,000,00,2,2,01,A01
200600002840,0,05,000,00,2,4,01,B01
200600002841,0,07,000,00,2,8,22,A01
200600002841,0,01,000,00,2,1,01,B01
200600002842,0,02,000,00,2,1,01,B01
200600002842,0,07,000,00,2,3,15,A01
200600002843,0,07,000,00,2,1,09,A01
200600002843,0,04,000,00,2,7,01,B01
200600002844,0,07,000,09,1,4,16,A01
200600002845,0,07,000,00,2,3,15,A01
200600002845,0,02,000,00,2,1,01,B01
200600002846,0,07,000,00,1,1,01,A01
200600002847,0,07,000,11,0,1,00,A01
200600002848,2,07,000,00,2,2,05,A01
200600002848,0,07,000,00,2,1,01,B01
200600002848,0,07,000,00,2,1,01,C01
200600002849,0,02,000,00,2,1,01,A01
200600002849,0,07,000,00,2,3,01,B01
200600002850,1,07,000,00,1,3,01,A01
200600002851,0,07,000,00,2,7,15,A01
200600002851,0,01,000,00,2,1,01,B01
200600002852,0,07,000,00,1,2,01,A01
200600002853,0,07,000,00,1,2,15,A01
200600002854,0,02,000,00,2,1,15,A01
200600002854,0,05,000,00,2,1,01,B01
200600002855,0,05,000,00,2,1,17,A01
200600002855,0,07,000,00,2,3,15,B01
200600002856,0,05,000,11,0,2,00,A01
200600002857,0,07,000,00,1,2,01,A01
200600002858,0,07,000,00,2,1,15,A01
200600002858,0,07,000,00,2,1,01,B01
200600002859,0,14,000,00,2,7,01,B01
200600002859,0,07,000,00,2,3,16,A01
200600002860,0,02,000,00,2,7,01,B01
200600002860,0,07,000,00,2,1,15,A01
200600002861,0,10,000,00,2,2,12,A01
200600002861,0,07,000,00,2,1,01,B01
200600002862,0,07,000,00,2,3,15,A01
200600002862,0,02,000,00,2,1,01,B01
200600002863,0,07,000,00,2,8,09,A01
200600002863,0,05,000,00,2,1,01,B01
200600002864,0,07,000,00,2,5,15,A01
200600002864,0,02,000,00,2,1,15,B01
200600002865,0,07,000,00,1,3,01,A01
200600002866,0,07,000,00,1,2,16,A01
200600002867,0,07,000,00,2,3,00,B01
200600002867,0,07,000,00,1,2,00,A01
200600002868,0,07,000,00,2,3,10,A01
200600002868,0,07,000,00,2,2,00,B01
200600002869,0,07,000,00,9,2,01,B01
200600002869,0,02,000,00,2,8,09,A01
200600002870,0,05,000,01,2,1,01,B01
200600002870,0,07,000,00,2,2,15,A01
200600002871,0,07,000,00,1,1,01,A01
200600002872,0,07,000,00,2,1,02,A01
200600002872,0,07,000,00,0,4,02,B01
200600002873,0,07,000,00,1,2,01,A01
200600002874,0,07,000,00,1,3,01,A01
200600002875,0,07,000,15,0,1,01,A01
200600002876,0,07,000,00,2,3,15,A01
200600002876,0,02,000,00,2,2,02,B01
200600002877,0,10,000,00,2,5,04,A01
200600002877,0,07,000,00,2,1,01,B01
200600002878,0,07,000,00,2,8,01,B01
200600002878,0,07,000,00,2,1,19,A01
200600002879,0,07,000,00,2,2,00,A01
200600002879,0,07,000,00,2,2,01,B01
200600002880,0,17,000,00,2,2,02,B01
200600002880,0,07,000,02,2,3,01,A01
200600002881,0,07,000,00,2,1,01,B01
200600002881,0,13,000,00,2,7,01,A01
200600002882,0,07,000,00,1,2,02,A01
200600002883,0,02,000,12,0,2,01,A01
200600002884,0,07,000,02,0,7,01,A01
200600002885,0,07,000,00,2,1,17,A01
200600002885,0,07,000,00,0,6,01,B01
200600002886,0,07,000,15,1,9,01,A01
200600002887,0,07,000,00,9,3,01,A01
200600002887,0,18,003,00,2,3,01,B01
200600002888,0,07,000,00,2,1,15,A01
200600002888,0,02,000,00,2,1,01,B01
200600002889,0,07,000,00,0,9,02,A01
200600002890,0,07,000,09,0,1,02,A01
200600002891,0,10,000,00,1,8,01,A01
200600002892,0,07,000,00,2,3,15,A01
200600002892,0,05,000,00,2,1,01,B01
200600002893,0,07,000,00,1,3,01,A01
200600002894,0,02,000,00,2,1,01,A01
200600002894,0,07,000,00,0,8,15,B01
200600002895,0,05,000,00,2,8,02,A01
200600002895,0,07,000,00,2,1,02,B01
200600002896,0,07,000,00,1,7,01,A01
200600002897,0,07,000,00,2,2,01,B01
200600002897,0,07,000,00,2,8,15,A01
200600002898,0,07,000,00,2,7,09,A01
200600002898,0,02,000,00,2,1,01,B01
200600002899,0,07,000,00,1,5,04,A01
200600002900,0,07,000,00,2,1,01,A01
200600002900,0,07,000,12,2,8,16,B01
200600002901,0,10,000,00,0,2,01,A01
200600002902,0,07,000,00,2,1,01,A01
200600002902,0,07,000,00,2,1,13,B01
200600002903,0,01,000,00,6,0,00,A01
200600002904,0,07,000,00,1,2,16,A01
200600002905,0,07,000,11,0,1,21,A01
200600002906,0,07,000,00,2,6,15,A01
200600002906,0,05,000,00,0,1,13,B01
200600002907,0,99,000,00,0,0,00,A01
200600002908,0,07,000,00,0,0,00,A01
200600002909,0,07,000,00,0,3,00,A01
200600002910,0,07,000,00,0,0,00,A01
200600002910,0,02,000,00,0,0,00,B01
200600002911,0,05,000,00,0,0,00,A01
200600002911,0,07,000,00,0,0,00,B01
200600002912,0,04,000,00,0,0,00,A01
200600002912,0,07,000,00,0,0,00,B01
200600002913,0,07,000,00,2,1,15,A01
200600002913,0,07,000,00,2,3,02,B01
200600002914,0,07,000,04,0,1,02,A01
200600002915,0,02,000,00,0,0,00,B01
200600002916,0,07,000,00,0,3,16,A01
200600002916,0,04,000,00,0,7,01,B01
200600002917,0,07,000,00,2,2,16,A01
200600002917,0,18,036,00,0,3,23,B01
200600002918,0,07,000,13,0,2,01,A01
200600002919,0,01,000,00,0,0,00,A01
200600002920,0,07,000,13,0,4,01,A01
200600002921,0,07,000,00,2,6,06,A01
200600002921,0,07,000,00,2,8,01,B01
200600002922,0,07,000,00,2,7,09,A01
200600002922,0,05,000,00,2,1,02,B01
200600002923,0,05,000,00,0,7,17,A01
200600002924,0,07,000,00,1,2,01,A01
200600002925,0,01,000,00,0,0,01,A01
200600002926,0,07,000,00,2,2,01,B01
200600002926,0,07,000,00,2,3,15,A01
200600002927,0,05,000,01,2,1,02,A01
200600002927,0,07,000,00,2,4,20,C01
200600002927,0,07,000,01,2,3,02,B01
200600002928,0,07,000,00,1,3,02,A01
200600002929,0,07,000,00,2,1,02,A01
200600002929,0,07,000,00,2,4,02,B01
200600002929,0,07,000,00,0,4,02,C01
200600002930,0,07,000,00,1,1,02,A01
200600002931,0,07,000,00,0,2,00,A01
200600002932,0,07,000,01,1,4,04,A01
200600002932,0,07,000,00,0,4,00,C01
200600002932,0,07,000,01,0,4,00,B01
200600002932,0,07,000,01,0,7,00,D01
200600002932,0,07,000,01,0,7,00,E01
200600002933,0,07,000,00,9,1,02,A01
200600002933,0,01,000,00,0,4,02,B01
200600002934,0,07,000,00,2,3,13,A01
200600002934,0,07,000,00,2,3,01,B01
200600002934,0,07,000,00,2,3,02,C01
200600002935,0,07,000,00,2,4,01,A01
200600002935,0,07,000,00,2,1,01,B01
200600002936,0,02,000,00,1,1,01,A01
200600002937,0,07,000,00,1,8,01,A01
200600002938,0,07,000,00,2,1,15,A01
200600002938,0,05,000,00,2,1,01,B01
200600002939,0,10,000,00,2,1,02,A01
200600002939,1,07,000,00,2,0,02,B01
200600002940,0,07,000,00,0,9,02,A01
200600002941,0,02,000,12,0,1,00,A01
200600002942,0,04,000,00,0,0,01,A01
200600002943,0,07,000,00,2,1,15,A01
200600002943,0,05,000,00,2,8,01,B01
200600002944,0,07,000,00,2,1,06,A01
200600002944,0,07,000,00,2,6,01,B01
200600002944,0,10,000,00,2,6,01,C01
200600002944,0,10,000,00,2,3,01,D01
200600002945,0,04,000,00,2,1,01,A01
200600002945,0,07,000,00,2,1,15,B01
200600002946,0,07,000,00,1,2,01,A01
200600002947,0,07,000,04,0,9,02,A01
200600002948,0,05,000,00,2,1,01,A01
200600002948,1,07,200,00,0,0,00,B01
200600002949,0,07,000,00,1,1,17,A01
200600002950,0,07,000,00,1,1,01,A01
200600002951,0,05,000,00,0,3,01,A01
200600002952,0,07,000,00,2,4,11,A01
200600002952,0,07,000,00,2,4,23,C01
200600002952,0,07,000,00,2,1,01,B01
200600002953,0,07,000,00,2,1,15,B01
200600002953,0,07,000,00,2,3,01,A01
200600002954,0,07,000,00,2,7,17,A01
200600002954,0,01,000,00,2,8,01,B01
200600002955,0,07,000,14,0,9,17,A01
200600002956,0,10,000,00,2,5,01,A01
200600002956,0,07,000,00,2,1,01,B01
200600002957,0,07,000,00,2,1,01,B01
200600002957,0,07,000,00,2,3,16,A01
200600002958,0,02,000,00,2,1,01,A01
200600002958,0,07,000,00,2,5,15,B01
200600002959,0,07,000,01,0,0,02,A01
200600002959,0,04,000,00,2,4,23,B01
200600002960,0,10,000,00,2,1,01,A01
200600002960,0,07,000,00,2,2,15,B01
200600002961,0,14,000,00,2,1,02,A01
200600002961,0,07,000,00,2,4,01,B01
200600002962,0,07,000,09,2,1,00,A01
200600002963,0,07,000,13,0,3,02,A01
200600002964,0,07,000,00,2,8,09,A01
200600002964,0,04,000,00,2,1,15,B01
200600002965,0,07,000,00,2,3,00,B01
200600002965,0,07,000,00,2,1,00,A01
200600002966,0,07,000,00,1,2,01,A01
200600002967,0,10,000,00,2,2,01,A01
200600002967,0,07,000,15,2,1,01,B01
200600002968,0,07,000,00,1,4,20,A01
200600002969,0,07,000,06,0,1,01,A01
200600002970,0,07,000,00,1,1,01,A01
200600002971,0,07,000,00,1,7,15,A01
200600002972,0,02,000,15,9,1,00,A01
200600002973,0,07,000,00,2,1,01,A01
200600002973,0,02,000,00,2,1,01,B01
200600002974,0,07,000,00,1,1,15,A01
200600002975,0,07,000,00,1,7,02,A01
200600002975,0,07,000,14,0,3,02,B01
200600002976,0,07,000,00,2,5,15,B01
200600002976,0,05,000,00,2,1,01,A01
200600002977,0,99,000,00,2,1,13,A01
200600002977,0,07,000,00,2,3,01,B01
200600002978,0,07,000,06,0,1,01,A01
200600002979,0,07,000,00,2,1,01,A01
200600002979,0,07,000,00,2,4,01,B01
200600002980,0,05,000,00,0,2,01,A01
200600002981,0,07,000,00,0,1,01,A01
200600002982,0,07,000,00,2,3,16,A01