Num_Acc,senc,catv,occutc,obs,obsm,choc,manv,num_veh
200600003735,0,18,037,00,1,2,01,A01
200600003736,0,13,000,00,2,4,04,A01
200600003736,0,02,000,00,2,1,09,B01
200600003737,0,07,000,00,2,2,15,A01
200600003737,0,05,000,00,2,3,01,B01
200600003738,0,07,000,00,2,1,02,A01
200600003738,0,07,000,00,2,4,00,B01
200600003738,0,07,000,00,2,4,02,C01
200600003739,0,07,000,00,2,1,02,B01
200600003739,0,07,000,00,0,4,01,A01
200600003739,0,07,000,00,2,1,02,C01
200600003739,0,07,000,00,2,1,02,D01
200600003740,0,07,000,00,2,1,02,A01
200600003740,0,07,000,00,2,4,23,B01
200600003741,0,07,000,00,2,1,02,A01
200600003741,0,07,000,00,2,4,02,B01
200600003741,0,07,000,00,2,4,02,C01
200600003742,0,07,000,00,1,1,19,A01
200600003743,0,05,000,00,1,3,00,A01
200600003744,0,10,000,00,2,1,00,A01
200600003744,0,07,000,00,2,8,15,B01
200600003745,0,07,000,00,1,3,02,A01
200600003746,0,07,000,00,2,0,15,A01
200600003746,0,05,000,00,2,1,01,B01
200600003747,0,07,000,00,2,2,01,A01
200600003747,0,07,000,00,2,3,01,B01
200600003748,0,07,000,00,1,3,19,A01
200600003749,0,01,000,00,2,2,16,A01
200600003749,0,02,000,00,9,0,01,B01
200600003750,0,10,000,00,2,1,01,B01
200600003750,0,99,000,00,2,7,19,A01
200600003751,0,07,000,11,0,1,20,A01
200600003752,0,07,000,00,2,1,19,A01
200600003752,0,07,000,00,2,1,02,B01
200600003753,0,05,000,00,1,1,17,A01
200600003754,0,07,000,00,9,3,02,A01
200600003754,0,01,000,00,2,1,19,B01
200600003755,0,07,000,00,1,3,00,A01
200600003756,0,05,000,00,2,1,02,A01
200600003756,0,07,000,00,2,3,09,B01
200600003757,0,02,000,15,0,7,02,A01
200600003758,0,02,000,00,2,2,15,A01
200600003758,0,07,000,00,2,1,02,B01
200600003759,0,07,000,00,2,1,15,A01
200600003759,0,05,000,00,2,1,01,B01
200600003759,0,15,000,00,0,4,23,C01
200600003760,0,07,000,00,1,2,01,A01
200600003761,0,07,000,00,2,3,11,A01
200600003761,0,05,000,00,2,1,01,B01
200600003762,0,07,000,00,0,2,09,A01
200600003762,0,02,000,00,2,1,01,B01
200600003763,0,07,000,00,2,1,05,A01
200600003763,0,07,000,00,2,1,02,B01
200600003764,0,07,000,00,2,1,02,A01
200600003764,0,07,000,00,2,3,02,B01
200600003765,0,07,000,00,2,1,15,A01
200600003765,0,07,000,00,2,3,02,B01
200600003766,0,13,000,00,1,1,00,A01
200600003767,0,18,001,00,2,1,02,A01
200600003767,0,07,000,00,2,8,15,B01
200600003768,0,07,000,00,2,3,15,A01
200600003768,0,02,000,00,2,1,02,B01
200600003769,0,05,000,00,1,1,00,A01
200600003770,0,02,000,00,2,3,13,A01
200600003770,0,07,000,00,2,3,02,B01
200600003771,0,07,000,00,2,0,01,A01
200600003771,0,02,000,00,2,0,17,B01
200600003772,0,07,000,00,1,0,21,A01
200600003773,0,07,000,00,2,1,13,A01
200600003773,0,07,000,00,2,8,16,B01
200600003774,0,07,000,00,2,8,09,A01
200600003774,0,02,000,00,2,1,01,B01
200600003775,0,07,000,00,1,3,02,A01
200600003776,0,13,000,00,2,2,02,A01
200600003776,0,07,000,00,0,8,01,B01
200600003777,0,07,000,00,2,4,02,A01
200600003777,0,05,000,00,2,1,02,B01
200600003778,0,07,000,00,1,0,02,A01
200600003778,0,01,000,00,2,4,02,B01
200600003779,0,07,000,00,1,1,01,A01
200600003780,0,07,000,00,2,7,01,A01
200600003780,0,05,000,00,2,1,01,B01
200600003781,0,20,000,16,2,1,04,A01
200600003781,0,07,000,08,9,1,03,B01
200600003782,0,07,000,00,2,1,02,A01
200600003782,0,07,000,00,2,4,23,B01
200600003782,0,07,000,00,2,4,23,C01
200600003783,0,07,000,01,0,2,01,A01
200600003783,0,07,000,00,2,6,24,B01
200600003784,0,07,000,00,2,8,15,A01
200600003784,0,07,000,00,2,1,02,B01
200600003785,0,07,000,00,2,2,09,A01
200600003785,0,07,000,00,0,3,02,B01
200600003786,0,05,000,00,2,8,18,A01
200600003786,0,07,000,00,0,7,01,B01
200600003787,0,07,000,00,2,1,01,A01
200600003787,0,07,000,00,0,8,01,B01
200600003788,0,04,000,00,2,0,09,B01
200600003788,0,07,000,00,9,0,09,A01
200600003789,0,07,000,00,1,3,21,A01
200600003790,0,07,000,00,1,1,00,A01
200600003791,0,07,000,00,2,8,10,A01
200600003791,0,05,000,00,2,1,02,B01
200600003792,0,07,000,00,2,1,01,A01
200600003792,0,04,000,00,2,1,01,B01
200600003793,0,13,000,01,1,1,01,A01
200600003794,0,04,000,00,0,1,01,A01
200600003795,0,07,000,00,2,1,02,A01
200600003795,0,07,000,00,2,4,23,B01
200600003796,0,07,000,00,1,1,02,A01
200600003797,0,07,000,00,2,7,01,A01
200600003797,0,13,000,00,2,6,22,B01
200600003798,0,04,000,00,2,3,21,A01
200600003798,0,07,000,00,2,3,21,B01
200600003798,0,05,000,00,2,0,02,C01
200600003799,0,04,000,00,0,0,21,A01
200600003800,0,07,000,00,1,1,01,A01
200600003801,0,07,000,12,0,1,21,A01
200600003801,1,07,000,00,0,0,11,B01
200600003802,0,07,000,00,2,8,16,B01
200600003802,0,07,000,00,2,8,21,A01
200600003803,0,05,000,00,1,3,01,A01
200600003804,0,04,000,00,2,1,01,A01
200600003804,0,07,000,00,2,8,15,B01
200600003805,0,07,000,00,1,3,15,A01
200600003806,0,07,000,00,2,1,17,A01
200600003806,0,05,000,00,2,3,15,B01
200600003807,0,07,000,06,0,1,02,A01
200600003808,0,18,000,12,2,1,15,A01
200600003808,0,07,000,00,0,9,23,B01
200600003809,0,07,000,00,1,1,19,A01
200600003810,0,07,000,00,0,0,09,A01
200600003810,0,05,000,00,0,0,09,B01
200600003811,0,07,000,14,2,4,01,A01
200600003811,0,07,000,00,2,4,01,B01
200600003812,0,05,000,00,2,2,02,A01
200600003812,0,20,000,00,0,6,02,B01
200600003813,0,07,000,00,1,2,01,A01
200600003814,0,07,000,01,2,9,21,A01
200600003814,0,07,000,00,0,3,01,B01
200600003815,0,07,000,00,2,7,01,B01
200600003815,0,07,000,00,2,1,19,A01
200600003816,0,07,000,00,1,1,00,A01
200600003817,0,18,000,00,1,1,07,A01
200600003818,0,07,000,00,2,8,01,A01
200600003818,0,07,000,00,2,1,15,B01
200600003819,0,07,000,00,2,1,01,A01
200600003819,0,07,000,00,2,4,01,B01
200600003820,0,04,000,00,2,1,01,A01
200600003820,0,07,000,00,2,4,01,B01
200600003821,0,02,000,00,0,0,01,A01
200600003822,0,04,000,00,2,1,05,A01
200600003822,0,07,000,00,2,1,05,B01
200600003823,0,07,000,00,2,3,11,A01
200600003823,0,05,000,00,2,5,01,B01
200600003824,1,07,000,00,1,8,11,A01
200600003825,0,07,000,00,2,1,01,A01
200600003825,0,07,000,00,2,4,01,B01
200600003825,0,10,000,00,2,4,01,C01
200600003825,0,07,000,00,2,4,01,D01
200600003826,0,07,000,00,2,6,04,A01
200600003826,0,01,000,00,2,1,01,B01
200600003827,0,07,000,01,2,7,13,A01
200600003827,0,18,003,00,2,1,01,B01
200600003828,0,07,000,00,1,2,02,A01
200600003829,0,07,000,00,9,7,15,A01
200600003829,0,05,000,00,2,1,02,B01
200600003830,0,07,000,00,1,1,21,A01
200600003831,0,07,000,00,1,0,21,A01
200600003832,0,05,000,00,2,1,21,A01
200600003832,0,07,000,00,0,0,09,B01
200600003832,0,07,000,00,2,8,02,C01
200600003832,0,13,000,00,2,6,02,D01
200600003833,2,07,000,00,2,1,01,A01
200600003833,0,07,000,00,2,1,01,B01
200600003834,0,07,000,00,1,2,21,A01
200600003835,0,04,000,00,1,2,00,A01
200600003836,0,04,000,00,2,1,17,A01
200600003836,0,07,000,00,2,3,01,B01
200600003837,0,07,000,01,0,1,15,A01
200600003838,0,02,000,00,2,1,02,A01
200600003838,0,07,000,00,0,5,02,B01
200600003839,0,05,000,00,1,1,02,A01
200600003840,0,07,000,00,1,1,02,A01
200600003841,0,07,000,00,1,2,01,A01
200600003842,0,07,000,00,9,3,09,A01
200600003842,0,04,000,00,2,1,05,B01
200600003843,0,01,000,00,2,4,13,A01
200600003843,0,07,000,00,2,2,01,B01
200600003844,0,04,000,00,1,1,17,A01
200600003845,0,07,000,01,0,1,13,A01
200600003846,0,07,000,00,1,1,01,A01
200600003847,0,01,000,00,2,1,05,A01
200600003847,0,07,000,00,2,2,15,B01
200600003848,0,07,000,00,1,2,16,A01
200600003849,0,01,000,00,2,4,01,A01
200600003849,0,07,000,00,2,1,01,B01
200600003850,0,07,000,15,0,1,17,A01
200600003851,0,07,000,00,2,1,01,A01
200600003851,0,01,000,00,2,1,19,B01
200600003852,0,04,000,00,0,8,01,A01
200600003852,0,07,000,00,0,0,16,B01
200600003853,0,07,000,00,2,7,15,A01
200600003853,0,02,000,00,2,1,01,B01
200600003854,0,07,000,00,9,2,02,A01
200600003854,0,02,000,00,2,1,02,B01
200600003855,0,07,000,01,0,1,01,A01
200600003856,0,02,000,00,2,1,01,A01
200600003856,0,10,000,00,0,6,02,B01
200600003857,0,04,000,00,2,1,01,A01
200600003857,0,07,000,00,2,3,15,B01
200600003858,0,02,000,00,2,1,17,A01
200600003858,0,07,000,00,0,3,15,B01
200600003859,0,07,000,00,2,2,01,A01
200600003859,0,07,000,00,0,6,00,B01
200600003860,0,07,000,00,2,1,01,A01
200600003860,0,07,000,00,2,4,01,B01
200600003861,0,07,000,00,1,1,01,A01
200600003862,0,05,000,00,0,7,01,A01
200600003863,0,07,000,00,1,1,01,A01
200600003864,0,07,000,00,1,1,01,A01
200600003865,0,13,000,00,2,1,01,A01
200600003865,0,07,000,00,2,4,16,B01
200600003865,0,07,000,00,2,8,23,C01
200600003866,0,07,000,00,1,2,17,A01
200600003867,0,10,000,00,2,1,01,A01
200600003867,0,10,000,00,2,4,01,B01
200600003867,0,07,000,00,0,4,01,C01
200600003868,0,07,000,00,2,2,01,A01
200600003868,0,02,000,00,0,1,01,B01
200600003869,0,07,000,00,1,5,15,A01
200600003870,0,07,000,14,0,1,01,A01
200600003871,0,07,000,00,0,8,15,A01
200600003871,0,18,000,00,2,1,01,B01
200600003872,0,07,000,00,2,1,00,B01
200600003872,0,07,000,00,2,7,00,A01
200600003873,0,07,000,00,0,7,15,A01
200600003873,0,10,000,00,2,1,21,B01
200600003874,0,07,000,00,1,1,15,A01
200600003875,0,07,000,00,2,2,00,A01
200600003875,0,05,000,00,2,1,00,B01
200600003876,0,07,000,00,1,1,16,A01
200600003877,0,07,000,01,0,1,20,A01
200600003877,0,07,000,00,2,1,00,B01
200600003878,0,07,000,00,1,3,15,A01
200600003879,0,07,000,00,1,3,01,A01
200600003880,0,07,000,00,2,3,15,A01
200600003880,0,02,000,00,2,1,01,B01
200600003881,0,07,000,00,1,4,04,A01
200600003882,0,07,000,00,2,1,01,A01
200600003882,0,07,000,00,2,1,01,B01
200600003883,0,02,000,00,2,1,09,A01
200600003883,0,07,000,00,0,5,23,B01
200600003884,0,02,000,00,2,1,01,A01
200600003884,0,07,000,00,2,4,23,B01
200600003885,0,02,000,00,2,1,01,A01
200600003885,0,07,000,00,2,3,09,B01
200600003886,0,02,000,00,2,8,09,A01
200600003886,0,07,000,00,2,2,01,B01
200600003887,0,07,000,00,2,1,15,A01
200600003887,0,02,000,00,2,1,01,B01
200600003887,0,07,000,00,2,3,01,C01
200600003888,0,07,000,00,2,1,01,A01
200600003888,0,07,000,00,2,3,15,B01
200600003889,1,02,000,00,1,7,16,A01
200600003890,0,07,000,00,2,1,01,A01
200600003890,0,07,000,00,2,4,02,B01
200600003890,0,07,000,00,2,4,02,C01
200600003891,0,07,000,00,1,3,01,A01
200600003892,0,07,000,00,2,2,01,B01
200600003892,0,07,000,00,2,1,01,A01
200600003893,0,07,000,00,1,7,15,A01
200600003894,0,07,000,12,0,2,15,A01
200600003895,0,05,000,00,2,1,13,A01
200600003895,0,07,000,00,2,1,01,C01
200600003895,0,07,000,00,2,3,15,B01
200600003896,0,07,000,00,2,7,15,A01
200600003896,0,07,000,00,2,1,01,B01
200600003897,0,07,000,11,0,1,01,A01
200600003898,0,07,000,00,2,5,15,A01
200600003898,0,07,000,00,2,2,01,B01
200600003899,0,07,000,00,1,3,01,A01
200600003900,0,07,000,00,2,3,09,A01
200600003900,0,05,000,00,2,7,01,B01
200600003901,0,07,000,00,1,2,01,A01
200600003902,0,02,000,00,0,8,15,A01
200600003903,0,07,000,00,2,1,01,A01
200600003903,0,07,000,00,2,4,01,B01
200600003904,0,07,000,00,2,1,01,B01
200600003904,0,07,000,00,2,2,15,A01
200600003905,0,07,000,00,2,4,01,A01
200600003905,0,07,000,00,2,4,01,B01
200600003905,0,07,000,00,2,1,01,C01
200600003906,0,02,000,00,0,7,01,A01
200600003907,0,07,000,00,0,6,10,B01
200600003907,0,02,000,00,2,1,01,A01
200600003908,0,07,000,00,2,3,03,A01
200600003908,0,10,000,00,0,1,01,B01
200600003908,0,10,000,00,0,8,01,C01
200600003908,0,07,000,00,0,1,01,D01
200600003909,0,07,000,00,0,4,23,B01
200600003909,0,07,000,14,0,1,02,A01
200600003910,0,07,000,00,0,6,15,B01
200600003910,0,05,000,00,2,1,01,A01
200600003911,0,04,000,00,0,8,01,A01
200600003912,0,07,000,00,0,3,19,B01
200600003912,0,04,000,00,2,1,01,A01
200600003913,0,02,000,00,2,1,01,A01
200600003913,0,07,000,00,0,4,01,B01
200600003914,0,07,000,00,1,2,01,A01
200600003915,0,07,000,00,2,1,01,A01
200600003915,0,07,000,00,0,4,01,B01
200600003916,0,02,000,00,2,1,01,A01
200600003916,0,07,000,00,0,4,01,B01
200600003917,0,05,000,00,2,1,01,A01
200600003917,0,07,000,00,0,6,16,B01
200600003918,1,07,000,00,1,0,01,B01
200600003918,0,01,000,00,0,4,01,A01
200600003919,1,07,000,00,1,0,16,A01
200600003920,0,07,000,02,0,1,14,A01
200600003921,0,07,000,01,0,3,01,A01
200600003922,0,07,000,06,0,3,02,A01
200600003923,0,02,000,02,0,1,02,A01
200600003924,0,03,000,00,2,1,01,A01
200600003924,0,07,000,00,2,1,01,B01
200600003925,0,02,000,00,2,1,01,A01
200600003925,0,07,000,00,2,3,01,B01
200600003926,0,07,000,00,2,1,01,A01
200600003926,0,07,000,00,2,8,01,B01
200600003927,0,07,000,00,1,0,01,A01
200600003928,0,07,000,00,2,1,01,C01
200600003928,0,07,000,11,2,5,15,B01
200600003928,0,07,000,00,2,1,01,A01
200600003928,0,07,000,00,2,1,23,D01
200600003929,0,05,000,00,1,1,01,A01
200600003930,0,07,000,08,0,1,15,A01
200600003930,0,07,000,00,2,1,02,B01
200600003931,0,07,000,00,2,7,01,A01
200600003931,0,02,000,00,2,1,01,B01
200600003932,0,07,000,00,2,3,11,A01
200600003932,0,07,000,00,2,2,01,B01
200600003933,0,07,000,00,2,8,11,A01
200600003933,0,02,000,00,2,7,01,B01
200600003934,0,07,000,00,2,7,15,A01
200600003934,0,07,000,00,2,1,01,B01
200600003935,0,07,000,00,2,2,15,A01
200600003935,0,05,000,00,2,1,01,B01
200600003936,0,02,000,00,2,1,01,A01
200600003936,0,07,000,00,2,3,15,B01
200600003937,0,02,000,01,0,2,01,A01
200600003938,0,07,000,00,2,2,13,A01
200600003938,0,07,000,00,2,3,01,B01
200600003939,0,07,000,00,2,5,15,A01
200600003939,0,07,000,00,2,2,01,B01
200600003940,0,07,000,00,2,1,01,B01
200600003940,0,12,000,00,2,1,01,A01
200600003941,0,18,003,01,0,3,02,A01
200600003941,0,07,000,00,0,4,24,B01
200600003942,0,07,000,00,1,1,01,A01
200600003942,0,01,000,00,2,8,19,B01
200600003943,0,07,000,00,2,1,15,A01
200600003943,0,05,000,00,2,1,01,B01
200600003944,0,07,000,00,2,1,01,B01
200600003944,0,05,000,00,2,1,05,A01
200600003945,0,07,000,00,1,8,01,A01
200600003946,0,07,000,00,2,2,15,A01
200600003946,0,07,000,00,2,1,01,B01
200600003947,0,07,000,00,2,1,01,B01
200600003947,0,07,000,00,2,8,01,A01
200600003948,0,07,000,00,2,1,02,A01
200600003948,0,07,000,00,2,4,01,B01
200600003949,0,07,000,00,1,1,01,A01
200600003950,0,07,000,00,2,2,16,A01
200600003950,0,07,000,00,2,8,01,B01
200600003951,0,07,000,15,9,2,01,A01
200600003952,0,07,000,00,2,2,00,A01
200600003952,0,07,000,00,2,3,00,B01
200600003953,0,07,000,15,0,6,16,A01
200600003953,0,07,000,00,2,2,02,B01
200600003954,0,07,000,00,0,0,09,B01
200600003954,0,05,000,00,0,8,01,A01
200600003955,0,07,000,00,2,1,02,B01
200600003955,0,07,000,00,2,3,09,A01
200600003956,0,07,000,00,2,1,02,A01
200600003956,0,07,000,00,2,4,02,B01
200600003957,0,07,000,00,2,8,11,A01
200600003957,0,05,000,00,2,1,01,B01
200600003958,0,07,000,01,2,1,02,A01
200600003958,0,07,000,00,0,4,01,B01
200600003959,0,07,000,00,1,2,01,A01
200600003960,0,07,000,00,2,3,02,A01
200600003960,0,07,000,00,2,6,15,B01
200600003961,0,07,000,00,2,1,01,A01
200600003961,0,07,000,00,2,3,01,B01
200600003962,0,07,000,00,2,3,01,B01
200600003962,0,07,000,00,2,8,09,A01
200600003963,0,07,000,00,1,1,01,A01
200600003964,0,07,000,00,2,2,17,A01
200600003964,0,07,000,00,2,3,15,B01
200600003965,0,07,000,00,0,0,11,A01
200600003965,0,07,000,00,0,0,01,B01
200600003965,0,07,000,00,2,4,01,C01
200600003965,0,07,000,00,0,4,01,D01
200600003966,0,10,000,00,1,1,15,A01
200600003967,1,07,000,00,1,3,01,A01
200600003968,0,07,000,04,0,2,09,A01
200600003969,0,07,000,03,0,1,01,A01
200600003970,0,07,000,00,0,5,01,A01
200600003970,0,07,000,00,2,3,01,B01
200600003971,0,05,000,00,2,7,02,A01
200600003971,0,07,000,00,2,8,02,B01
200600003971,0,15,000,00,2,7,12,C01
200600003972,0,07,000,00,2,8,12,A01
200600003972,0,07,000,00,0,6,23,B01
200600003973,0,07,000,03,0,3,11,A01
200600003973,0,07,000,00,9,1,02,B01
200600003974,0,07,000,02,2,1,02,A01
200600003974,0,07,000,00,0,4,02,B01
200600003975,0,10,000,00,2,5,12,A01
200600003975,0,05,000,03,2,3,03,B01
200600003976,0,07,000,15,0,9,02,A01
200600003977,0,07,000,04,0,1,01,A01
200600003978,0,07,000,13,0,9,21,A01
200600003979,0,07,000,00,2,0,00,A01
200600003979,0,07,000,02,2,4,02,B01
200600003979,0,07,000,00,2,1,02,C01
200600003979,0,07,000,00,2,3,02,D01
200600003980,0,07,000,00,2,5,02,A01
200600003980,0,07,000,00,2,1,02,B01
200600003980,0,07,000,00,0,8,02,C01
200600003981,0,07,000,00,0,4,02,A01
200600003981,0,07,000,00,2,1,02,F01
200600003981,0,07,000,00,2,4,02,B01
200600003981,0,07,000,00,2,1,02,C01
200600003981,0,07,000,00,2,1,02,D01
200600003981,0,07,000,00,2,1,02,E01
200600003982,0,07,000,04,0,8,01,A01
200600003983,0,07,000,13,0,9,02,A01
200600003984,0,07,000,00,0,6,02,A01
200600003984,0,05,000,00,2,8,21,B01
200600003985,0,07,000,04,2,1,01,A01
200600003985,0,07,000,00,0,0,13,B01
200600003986,0,07,000,03,0,1,11,A01
200600003987,0,07,000,00,2,8,11,A01
200600003987,0,05,000,00,2,7,01,B01
200600003988,0,14,000,07,0,0,00,A01
200600003988,0,07,000,00,9,0,00,B01
200600003989,0,07,000,00,2,1,17,A01
200600003989,0,13,000,00,2,4,21,B01
200600003990,0,14,000,00,2,6,02,A01
200600003990,0,07,000,00,0,5,02,B01
200600003990,1,15,000,00,2,2,03,C01
200600003991,0,07,000,03,2,7,17,A01
200600003992,0,07,000,00,2,4,02,A01
200600003992,0,07,000,00,1,3,02,B01
200600003993,0,20,000,03,2,1,14,B01
200600003993,0,07,000,03,2,8,02,A01
200600003994,0,07,000,00,2,6,02,A01
200600003994,0,17,000,00,2,2,12,B01
200600003995,0,07,000,00,2,6,11,A01
200600003995,0,07,000,04,2,2,12,B01
200600003995,0,07,000,00,2,1,02,C01
200600003996,0,07,000,03,0,7,06,A01
200600003996,0,07,000,01,0,1,21,B01
200600003996,0,07,000,00,2,8,02,C01
200600003997,0,05,000,00,2,7,21,A01
200600003997,0,07,000,00,2,3,11,B01
200600003998,0,07,000,00,2,1,02,A01
200600003998,0,07,000,00,0,4,02,B01
200600003999,0,07,000,03,2,3,18,A01
200600003999,0,07,000,04,2,5,02,B01
200600003999,0,07,000,04,2,4,02,C01
200600004000,0,07,000,00,0,1,00,A01
200600004000,0,07,000,00,2,3,02,B01
200600004001,0,07,000,04,0,2,01,A01
200600004002,0,07,000,00,2,6,01,A01
200600004002,0,99,000,00,2,2,12,B01
200600004003,0,07,000,00,2,6,02,A01
200600004003,1,15,000,00,2,2,12,B01
200600004004,0,13,000,00,2,2,01,A01
200600004004,0,07,000,00,2,6,01,B01
200600004004,1,15,000,00,2,1,13,C01
200600004005,0,07,000,00,2,4,23,A01
200600004005,0,07,000,00,2,4,23,B01
200600004005,0,07,000,00,2,4,23,C01
200600004005,0,07,000,00,2,1,02,D01
200600004006,0,07,000,00,2,3,11,A01
200600004006,0,05,000,00,2,7,21,B01
200600004006,0,07,000,00,2,4,01,C01
200600004006,0,05,000,00,9,1,03,D01
200600004006,0,10,000,00,2,4,21,E01
200600004007,0,14,000,00,2,5,01,A01
200600004007,0,14,000,00,2,3,02,B01
200600004008,0,07,000,04,0,7,17,A01
200600004008,0,07,000,00,2,3,02,B01
200600004009,0,02,000,00,2,1,09,A01
200600004009,0,15,000,00,2,7,02,B01
200600004010,0,07,000,00,0,1,14,A01
200600004010,0,07,000,14,0,4,00,B01
200600004010,0,07,000,00,0,4,00,C01
200600004011,0,07,000,00,2,8,11,A01
200600004011,0,05,000,00,0,0,01,B01
200600004012,0,05,000,00,0,0,01,A01
200600004013,0,07,000,05,2,6,02,A01
200600004013,0,07,000,00,2,3,02,B01
200600004014,0,07,000,00,0,4,02,A01
200600004014,1,07,000,00,2,1,02,B01
200600004015,0,07,000,04,0,2,00,A01
200600004016,0,07,000,00,0,4,00,A01
200600004016,0,07,000,00,2,1,00,B01
200600004017,0,07,000,04,0,3,00,A01
200600004018,0,07,000,04,0,3,13,A01
200600004019,0,05,000,00,0,1,02,A01
200600004019,0,07,000,00,0,4,02,B01
200600004019,0,07,000,00,0,4,07,C01
200600004020,0,07,000,00,0,0,00,A01
200600004021,0,07,000,04,0,1,21,A01
200600004022,0,07,000,00,0,0,11,A01
200600004022,0,05,000,00,0,0,02,B01
200600004023,0,07,000,04,0,1,01,A01
200600004024,0,07,000,00,0,0,00,A01
200600004025,0,07,000,04,0,1,17,A01
200600004026,0,07,000,03,0,8,13,A01
200600004027,0,05,000,00,2,8,03,A01
200600004027,0,07,000,00,2,2,12,B01
200600004028,0,07,000,00,0,3,01,A01
200600004029,0,07,000,00,6,1,01,A01
200600004030,0,07,000,00,2,4,11,A01
200600004030,0,07,000,00,2,1,01,B01
200600004031,0,05,000,00,2,1,02,A01
200600004031,0,07,000,00,0,4,02,B01
200600004032,0,15,000,00,2,0,01,A01
200600004032,0,05,000,14,2,8,21,B01
200600004033,0,17,000,00,0,4,17,A01
200600004033,0,07,000,00,2,1,21,B01
200600004034,0,07,000,03,0,1,01,A01
200600004035,0,07,000,00,2,3,21,A01
200600004035,0,07,000,00,2,2,17,B01
200600004036,0,07,000,00,2,1,00,A01
200600004036,0,07,000,00,0,4,00,B01
200600004037,0,07,000,00,2,1,02,A01
200600004037,0,07,000,00,0,4,13,B01
200600004037,0,07,000,00,2,7,02,C01
200600004038,0,07,000,00,0,0,00,A01
200600004039,0,07,000,00,2,8,00,A01
200600004039,0,05,000,03,2,0,00,B01
200600004039,0,07,000,00,2,4,00,C01
200600004040,0,07,000,00,0,4,23,A01
200600004040,0,07,000,00,2,1,23,B01
200600004040,0,07,000,00,2,1,23,C01
200600004040,0,07,000,00,2,1,21,D01
200600004041,0,07,000,00,0,0,00,A01
200600004042,0,07,000,00,0,9,00,A01
200600004043,0,04,000,00,2,1,18,A01
200600004043,0,07,000,00,2,6,11,B01
200600004044,0,07,000,04,0,1,14,A01
200600004045,0,10,000,04,0,1,00,A01
200600004046,0,07,000,00,2,2,00,A01
200600004046,0,07,000,00,2,8,01,B01
200600004047,0,07,000,04,0,3,13,A01
200600004048,0,07,000,00,2,1,00,A01
200600004048,0,07,000,00,0,4,00,B01
200600004048,0,07,000,00,0,4,00,C01
200600004049,0,07,000,00,2,4,23,A01
200600004049,0,07,000,00,2,4,23,B01
200600004049,0,07,000,00,2,4,23,C01
200600004049,0,07,000,00,2,4,23,D01
200600004049,0,07,000,00,2,1,01,E01
200600004050,0,07,000,00,2,8,18,A01
200600004050,0,07,000,00,0,7,01,B01
200600004051,0,07,000,04,0,9,16,A01
200600004052,0,07,000,00,0,0,01,A01
200600004053,0,07,000,00,0,0,01,A01
200600004054,0,07,000,04,0,1,12,A01
200600004055,0,07,000,04,0,9,00,A01
200600004056,0,07,000,00,1,4,24,A01
200600004056,1,07,000,00,2,1,00,B01
200600004057,0,07,000,00,2,3,05,A01
200600004057,0,07,000,00,2,3,01,B01
200600004058,0,07,000,00,0,0,01,A01
200600004058,0,05,000,00,0,0,01,B01
200600004059,0,05,000,00,0,0,00,A01
200600004060,0,07,000,00,0,0,00,A01
200600004061,0,07,000,00,2,8,00,A01
200600004061,1,15,000,00,0,0,00,B01
200600004062,0,07,000,04,0,3,13,A01
200600004063,0,07,000,00,0,1,00,A01
200600004064,0,07,000,04,0,1,01,A01
200600004064,0,07,000,00,2,1,02,B01
200600004065,0,07,000,00,0,3,00,A01
200600004066,0,07,000,00,0,0,00,A01
200600004066,1,07,000,00,0,0,00,B01
200600004067,0,07,000,00,0,1,02,A01
200600004067,0,07,000,00,0,4,02,B01
200600004067,0,14,000,00,0,6,02,C01
200600004068,0,07,000,00,0,0,00,A01
200600004068,0,07,000,00,0,0,00,B01
200600004069,0,10,000,00,2,1,01,A01
200600004069,0,07,000,00,2,3,13,B01
200600004070,0,07,000,00,2,1,01,A01
200600004070,0,07,000,00,0,4,01,B01
200600004070,0,05,000,00,2,1,01,C01
200600004071,0,05,000,00,2,1,01,A01
200600004071,0,07,000,00,0,5,12,B01
200600004072,0,05,000,00,2,7,17,A01
200600004072,0,07,000,00,2,8,01,B01
200600004072,0,07,000,00,0,6,01,C01
200600004073,0,10,000,04,0,1,21,B01
200600004073,1,07,000,00,0,0,23,A01
200600004074,0,07,000,00,0,1,01,A01
200600004075,0,07,000,00,0,0,00,A01
200600004076,0,07,000,00,0,5,01,A01
200600004076,0,05,000,00,2,7,01,B01
200600004076,0,07,000,00,2,3,11,C01
200600004077,0,05,000,00,2,3,01,A01
200600004077,0,07,000,00,2,2,12,B01
200600004077,0,10,000,00,0,3,01,C01
200600004078,0,07,000,00,2,1,09,A01
200600004078,0,07,000,00,0,4,00,B01
200600004078,0,07,000,00,0,4,00,C01
200600004079,0,07,000,00,0,0,00,A01
200600004080,0,07,000,00,0,0,00,A01
200600004081,0,05,000,00,2,1,21,A01
200600004081,0,07,000,00,0,6,00,B01
200600004082,0,05,000,00,0,0,00,A01
200600004082,0,15,000,00,0,0,00,B01
200600004083,0,07,000,04,0,1,15,A01
200600004084,0,05,000,00,2,5,03,A01
200600004084,0,07,000,00,2,3,00,B01
200600004084,0,07,000,00,2,3,01,C01
200600004084,0,07,000,00,2,9,01,D01
200600004085,0,07,000,04,0,2,02,A01
200600004086,0,07,000,00,2,1,02,A01