Num_Acc,senc,catv,occutc,obs,obsm,choc,manv,num_veh
200600004086,0,99,000,00,2,4,02,B01
200600004087,0,05,000,00,2,1,03,A01
200600004087,0,07,000,00,0,4,11,B01
200600004088,0,07,000,06,2,2,11,A01
200600004088,0,07,000,00,2,8,02,B01
200600004089,0,05,000,00,2,5,02,A01
200600004089,0,07,000,00,2,5,02,B01
200600004089,1,07,000,00,1,8,02,X01
200600004090,0,07,000,00,6,1,01,A01
200600004091,0,07,000,04,0,1,01,A01
200600004092,0,07,000,04,0,3,00,A01
200600004093,0,04,000,00,2,1,02,A01
200600004093,0,07,000,00,2,7,12,B01
200600004094,0,07,000,00,0,4,01,A01
200600004094,0,07,000,00,2,4,02,B01
200600004094,0,07,000,00,2,1,02,C01
200600004095,0,07,000,00,2,4,02,A01
200600004095,0,07,000,00,2,6,02,B01
200600004095,0,07,000,00,2,5,02,C01
200600004095,0,07,000,00,2,1,02,D01
200600004096,0,07,000,00,0,4,01,A01
200600004096,0,07,000,00,2,1,01,B01
200600004096,0,07,000,00,2,1,02,C01
200600004097,0,05,000,00,0,0,01,A01
200600004098,0,07,000,13,0,0,01,A01
200600004099,0,07,000,00,0,4,02,A01
200600004099,0,07,000,00,0,3,01,B01
200600004099,0,07,000,00,2,1,02,C01
200600004100,0,10,000,16,0,0,14,A01
200600004101,0,07,000,00,0,4,09,A01
200600004101,0,07,000,00,2,1,09,B01
200600004102,0,07,000,00,2,4,23,A01
200600004102,0,07,000,00,2,1,01,B01
200600004103,0,07,000,03,0,4,01,A01
200600004103,1,07,000,00,2,1,02,B01
200600004104,0,07,000,04,0,2,17,A01
200600004105,0,13,000,03,0,2,01,A01
200600004106,0,07,000,00,2,1,02,A01
200600004106,0,10,000,00,0,4,01,B01
200600004107,0,07,000,00,2,7,12,A01
200600004107,0,05,000,00,2,3,01,B01
200600004108,0,07,000,04,0,1,17,A01
200600004109,0,17,000,00,2,8,11,A01
200600004109,0,07,000,00,0,2,17,B01
200600004110,0,14,000,00,2,2,12,A01
200600004110,0,07,000,00,2,8,01,B01
200600004111,0,05,000,00,0,0,03,A01
200600004112,0,07,000,00,0,5,02,A01
200600004112,0,05,000,00,2,1,03,B01
200600004113,0,07,000,03,0,2,14,A01
200600004114,0,07,000,04,0,1,00,A01
200600004115,0,07,000,00,2,1,01,A01
200600004115,0,07,000,00,2,2,15,B01
200600004116,0,07,000,00,0,5,02,A01
200600004116,0,07,000,00,2,2,02,B01
200600004116,0,07,000,00,1,2,02,C01
200600004117,0,07,000,00,0,0,11,B01
200600004117,0,04,000,00,0,3,01,A01
200600004118,0,07,000,03,0,3,00,A01
200600004119,0,07,000,00,0,6,01,A01
200600004119,0,07,000,00,2,8,11,B01
200600004119,0,05,000,00,2,7,01,C01
200600004120,0,07,000,00,2,3,11,A01
200600004120,0,05,000,00,2,7,01,B01
200600004121,0,07,000,00,0,1,09,A01
200600004121,1,99,000,00,0,0,00,B01
200600004122,0,07,000,13,0,1,00,A01
200600004123,0,07,000,00,2,6,02,A01
200600004123,0,07,000,00,0,5,02,B01
200600004123,2,07,000,00,2,0,00,C01
200600004124,0,07,000,04,0,4,02,A01
200600004124,0,07,000,00,2,1,02,B01
200600004125,0,05,000,00,0,0,00,A01
200600004126,0,05,000,00,2,8,21,B01
200600004126,0,07,000,00,0,0,11,A01
200600004127,0,07,000,04,0,1,01,A01
200600004128,0,10,000,00,2,3,09,A01
200600004128,0,15,000,00,2,7,01,B01
200600004129,0,07,000,00,2,2,01,A01
200600004129,0,07,000,00,2,3,11,B01
200600004130,0,07,000,00,0,4,09,A01
200600004130,0,07,000,00,2,1,01,B01
200600004131,0,17,000,00,2,1,21,D01
200600004131,0,07,000,00,0,4,01,A01
200600004131,0,07,000,00,2,4,01,B01
200600004131,0,07,000,00,2,4,01,C01
200600004132,0,15,000,00,0,8,01,A01
200600004132,0,04,000,00,2,7,12,B01
200600004133,0,07,000,04,0,3,01,A01
200600004134,0,07,000,00,0,4,23,A01
200600004134,0,07,000,00,2,4,23,B01
200600004134,0,07,000,14,2,1,02,C01
200600004135,0,07,000,04,0,1,00,A01
200600004136,0,07,000,13,0,1,13,A01
200600004137,0,05,000,03,2,7,01,A01
200600004137,0,07,000,00,0,7,01,B01
200600004138,0,07,000,00,2,1,02,C01
200600004138,0,07,000,00,2,4,02,B01
200600004138,0,07,000,00,0,4,02,A01
200600004139,0,07,000,00,0,7,14,A01
200600004139,0,05,000,00,2,1,03,B01
200600004140,0,07,000,04,0,9,01,A01
200600004141,0,07,000,15,0,1,01,A01
200600004142,0,07,000,03,0,4,23,A01
200600004142,0,20,000,00,2,2,02,B01
200600004143,0,14,000,00,0,4,23,A01
200600004143,0,10,000,01,0,1,14,B01
200600004144,0,07,000,00,2,4,02,A01
200600004144,0,07,000,00,2,1,02,B01
200600004145,0,07,000,00,2,1,11,A01
200600004145,0,07,000,00,0,4,01,B01
200600004146,0,07,000,04,0,0,00,A01
200600004147,0,13,000,00,2,1,02,A01
200600004147,0,13,000,00,2,4,02,B01
200600004147,0,07,000,00,0,4,02,C01
200600004148,0,04,000,00,0,7,01,A01
200600004149,0,07,000,03,0,2,12,A01
200600004150,0,07,000,00,2,5,01,A01
200600004150,0,05,000,00,2,1,01,B01
200600004150,0,07,000,00,2,8,13,C01
200600004151,0,07,000,00,2,3,01,A01
200600004151,0,15,000,00,2,2,12,B01
200600004151,0,10,000,00,2,2,01,C01
200600004152,0,10,000,00,0,4,01,A01
200600004152,0,09,000,00,2,1,02,B01
200600004152,0,07,000,00,2,1,02,C01
200600004152,0,07,000,00,2,1,02,D01
200600004153,0,07,000,00,0,7,02,A01
200600004153,0,07,000,00,0,7,02,B01
200600004153,0,05,000,00,2,1,03,C01
200600004154,0,07,000,04,0,3,13,A01
200600004155,0,15,000,00,2,1,02,A01
200600004155,0,14,000,00,0,4,02,B01
200600004156,0,07,000,00,2,8,02,A01
200600004156,0,14,000,00,2,2,12,B01
200600004157,0,02,000,12,0,0,01,A01
200600004158,0,07,000,00,1,0,01,A01
200600004159,0,07,000,00,1,3,01,A01
200600004160,0,07,000,00,1,1,01,A01
200600004161,0,07,000,00,2,1,01,A01
200600004161,0,07,000,00,2,1,01,B01
200600004161,0,07,000,00,2,3,01,C01
200600004162,0,05,000,00,2,7,01,A01
200600004162,0,07,000,00,9,8,01,B01
200600004163,0,02,000,00,5,1,01,A01
200600004164,0,07,000,00,1,0,04,A01
200600004165,0,07,000,00,2,4,12,A01
200600004165,0,07,000,00,2,3,01,B01
200600004166,0,02,000,00,1,0,01,A01
200600004167,1,99,000,00,9,0,00,A01
200600004167,0,04,000,00,0,0,01,B01
200600004168,0,07,000,00,1,1,01,A01
200600004169,0,07,000,00,2,1,01,A01
200600004169,0,07,000,00,2,1,01,B01
200600004170,0,07,000,00,2,0,05,A01
200600004170,0,07,000,00,2,0,01,B01
200600004170,0,07,000,00,2,0,01,C01
200600004171,0,07,000,00,2,1,01,A01
200600004171,0,07,000,00,2,4,02,B01
200600004171,0,07,000,00,0,4,02,C01
200600004172,0,07,000,00,2,1,01,A01
200600004173,0,07,000,06,0,1,01,A01
200600004174,0,07,000,00,2,8,01,A01
200600004174,0,07,000,00,2,5,01,B01
200600004175,0,04,000,00,2,1,01,A01
200600004175,0,07,000,00,9,3,01,B01
200600004176,0,07,000,00,2,1,13,A01
200600004176,0,07,000,00,0,8,01,B01
200600004177,0,07,000,00,2,1,13,A01
200600004177,0,07,000,00,0,1,01,B01
200600004178,0,05,000,00,2,1,10,A01
200600004178,0,02,000,00,2,3,01,B01
200600004179,0,07,000,00,0,0,01,A01
200600004179,0,01,000,00,2,0,02,B01
200600004180,0,07,000,00,2,3,01,A01
200600004180,0,07,000,01,2,8,01,B01
200600004181,0,07,000,00,2,1,01,A01
200600004181,0,07,000,00,2,7,01,B01
200600004182,0,07,000,02,0,1,02,A01
200600004183,0,07,000,04,0,2,00,A01
200600004184,0,07,000,04,0,2,02,A01
200600004185,0,07,000,01,0,2,01,A01
200600004185,0,07,000,00,0,4,23,B01
200600004185,0,07,000,01,0,6,23,C01
200600004186,0,07,000,03,2,1,01,A01
200600004186,0,17,000,00,0,6,01,B01
200600004187,0,07,000,00,2,2,02,A01
200600004187,0,07,000,00,2,6,01,B01
200600004187,0,07,000,00,2,5,01,C01
200600004188,0,07,000,03,0,2,00,A01
200600004189,0,07,000,04,0,3,01,A01
200600004190,0,07,000,04,2,4,09,A01
200600004190,0,13,000,00,2,3,01,B01
200600004191,0,07,000,04,0,3,00,A01
200600004192,0,07,000,04,0,2,14,A01
200600004193,0,07,000,04,0,2,00,A01
200600004194,0,07,000,00,2,2,01,A01
200600004194,0,07,000,00,0,6,02,B01
200600004194,0,07,000,00,2,1,02,C01
200600004195,0,07,000,04,0,3,17,A01
200600004196,0,17,000,03,0,2,14,A01
200600004197,0,07,000,00,2,1,02,A01
200600004197,0,07,000,00,0,4,02,B01
200600004198,0,10,000,04,0,3,21,A01
200600004198,1,07,000,00,0,0,00,B01
200600004199,0,07,000,03,2,3,01,A01
200600004199,0,07,000,00,2,2,02,B01
200600004199,0,07,000,00,2,3,02,C01
200600004199,0,07,000,00,2,3,01,D01
200600004200,0,10,000,03,0,1,14,A01
200600004201,0,07,000,03,0,2,01,B01
200600004201,0,15,000,00,2,8,01,C01
200600004202,0,07,000,01,0,1,02,A01
200600004202,0,07,000,01,0,4,23,B01
200600004202,0,07,000,00,0,5,23,C01
200600004203,0,07,000,00,2,0,00,A01
200600004203,0,17,000,00,0,8,01,B01
200600004203,0,07,000,00,2,8,00,C01
200600004204,0,07,000,00,2,1,02,A01
200600004204,0,07,000,00,2,4,02,B01
200600004204,0,07,000,00,2,1,02,C01
200600004204,0,07,000,00,2,8,01,D01
200600004205,0,17,000,00,2,7,12,A01
200600004205,0,07,000,04,0,8,01,B01
200600004206,0,07,000,00,1,3,01,A01
200600004207,0,07,000,04,0,3,01,A01
200600004208,0,07,000,13,0,0,01,A01
200600004209,0,07,000,13,0,1,00,A01
200600004210,0,07,000,00,2,1,02,A01
200600004210,0,07,000,03,2,4,02,B01
200600004211,0,07,000,03,0,3,00,A01
200600004212,0,07,000,00,0,3,18,A01
200600004212,0,07,000,00,2,5,23,B01
200600004213,0,07,000,00,2,3,01,B01
200600004213,0,07,000,00,2,2,14,A01
200600004214,0,07,000,00,2,1,02,A01
200600004214,0,07,000,00,2,4,02,B01
200600004214,0,07,000,00,2,4,02,C01
200600004214,0,07,000,00,2,4,02,D01
200600004215,0,07,000,00,0,0,01,A01
200600004215,0,05,000,00,2,1,02,B01
200600004216,0,07,000,04,0,2,01,A01
200600004217,0,07,000,04,0,3,11,A01
200600004218,0,07,000,00,2,3,02,A01
200600004218,0,10,000,00,2,5,01,B01
200600004219,0,07,000,04,0,1,01,A01
200600004220,0,07,000,00,2,3,11,A01
200600004220,0,15,000,00,2,2,12,B01
200600004221,0,07,000,03,2,5,12,A01
200600004221,0,07,000,00,2,3,01,B01
200600004222,0,07,000,03,0,2,01,A01
200600004223,0,17,000,01,1,2,14,A01
200600004224,0,10,000,03,0,2,01,A01
200600004225,0,07,000,13,0,1,01,A01
200600004226,0,07,000,04,0,6,17,A01
200600004227,0,07,000,08,0,8,14,A01
200600004228,0,07,000,15,0,9,00,A01
200600004229,0,07,000,03,2,1,09,A01
200600004229,0,15,000,00,2,5,01,B01
200600004230,0,15,000,00,2,1,02,A01
200600004230,0,07,000,00,2,4,02,F01
200600004230,0,07,000,00,2,4,02,B01
200600004230,0,07,000,00,2,4,02,C01
200600004230,0,07,000,00,2,4,02,D01
200600004230,0,07,000,00,2,4,02,E01
200600004231,0,10,000,03,0,2,01,A01
200600004232,0,07,000,00,2,1,02,A01
200600004232,0,07,000,00,0,4,23,B01
200600004233,0,07,000,04,0,3,01,A01
200600004234,2,07,000,00,2,1,01,A01
200600004234,0,07,000,00,0,4,23,B01
200600004235,0,02,000,00,2,1,11,A01
200600004235,0,07,000,00,2,1,01,B01
200600004236,0,07,000,01,2,7,01,A01
200600004236,0,07,000,00,2,1,01,B01
200600004237,0,20,000,00,2,1,01,A01
200600004237,0,07,000,00,2,2,23,B01
200600004237,0,07,000,00,0,4,23,C01
200600004238,0,07,000,00,1,1,01,A01
200600004239,0,01,000,00,2,1,02,A01
200600004239,0,07,000,00,0,5,01,B01
200600004240,0,07,000,00,2,3,01,A01
200600004240,0,07,000,00,1,1,00,B01
200600004241,0,07,000,00,2,8,01,A01
200600004241,0,07,000,00,2,1,01,B01
200600004242,0,02,000,00,2,1,18,A01
200600004242,0,07,000,00,2,7,20,B01
200600004243,0,01,000,00,2,1,02,A01
200600004243,0,07,000,00,0,4,01,B01
200600004244,0,07,000,00,2,1,15,A01
200600004244,0,07,000,00,2,3,01,B01
200600004245,0,01,000,00,2,1,01,A01
200600004245,0,07,000,00,0,4,01,B01
200600004246,0,07,000,00,1,4,04,A01
200600004247,0,07,000,00,1,1,01,A01
200600004248,0,05,000,00,2,1,01,B01
200600004248,0,07,000,00,2,3,15,A01
200600004249,0,10,000,00,2,4,04,A01
200600004249,0,07,000,00,2,3,00,B01
200600004250,0,02,000,00,1,1,01,A01
200600004250,0,07,000,00,2,3,15,B01
200600004251,0,07,000,00,1,1,01,A01
200600004252,0,07,000,00,1,1,01,A01
200600004253,0,07,000,00,2,3,01,A01
200600004253,0,01,000,00,2,1,19,B01
200600004254,0,04,000,00,2,1,01,A01
200600004254,0,07,000,00,2,5,16,B01
200600004255,0,07,000,00,1,1,01,A01
200600004256,0,07,000,00,2,8,22,A01
200600004256,0,01,000,01,0,7,01,B01
200600004257,0,07,000,00,1,4,04,A01
200600004258,0,07,000,00,1,1,15,A01
200600004259,0,07,000,03,0,1,13,A01
200600004260,0,07,000,04,0,3,13,A01
200600004261,0,07,000,04,0,1,13,A01
200600004262,0,07,000,04,0,1,14,A01
200600004263,0,07,000,04,0,1,13,A01
200600004264,0,10,000,00,2,1,21,A01
200600004264,0,07,000,00,2,4,21,B01
200600004264,0,10,000,00,0,4,20,C01
200600004264,0,07,000,00,2,1,21,D01
200600004265,0,05,000,00,0,7,21,A01
200600004265,0,07,000,00,0,0,21,B01
200600004266,0,07,000,04,0,3,13,A01
200600004267,0,07,000,04,0,3,14,A01
200600004268,0,07,000,04,0,2,13,A01
200600004269,0,07,000,04,0,1,14,A01
200600004270,0,07,000,04,0,3,13,A01
200600004271,0,10,000,00,2,1,21,A01
200600004272,0,07,000,00,0,9,13,A01
200600004273,0,07,000,00,2,1,21,A01
200600004273,0,07,000,00,0,4,21,B01
200600004274,0,07,000,00,2,4,21,A01
200600004274,1,07,000,00,2,1,21,B01
200600004275,0,07,000,00,2,1,21,A01
200600004275,0,07,000,00,0,5,21,B01
200600004276,0,07,000,00,0,4,23,A01
200600004276,0,07,000,00,2,1,21,B01
200600004277,0,07,000,00,2,1,21,A01
200600004277,0,07,000,03,0,4,21,B01
200600004277,0,07,000,00,0,3,21,C01
200600004278,0,07,000,00,0,0,21,A01
200600004279,0,10,000,00,2,1,21,A01
200600004279,0,07,000,00,2,9,23,B01
200600004279,0,07,000,00,0,4,23,C01
200600004280,0,07,000,04,2,2,21,A01
200600004280,0,07,000,04,0,4,21,B01
200600004281,0,07,000,00,2,0,21,A01
200600004282,0,05,000,00,2,7,12,A01
200600004282,0,07,000,00,2,8,21,B01
200600004283,0,07,000,00,2,1,21,A01
200600004283,0,07,000,00,0,3,23,B01
200600004284,0,07,000,00,2,2,12,A01
200600004284,0,07,000,04,2,6,21,B01
200600004284,0,07,000,00,0,6,21,C01
200600004285,0,07,000,00,2,2,17,A01
200600004285,0,14,000,00,2,6,21,B01
200600004286,0,07,000,00,1,1,00,A01
200600004286,0,10,000,01,1,1,17,B01
200600004287,0,07,000,00,0,4,23,A01
200600004287,0,07,000,00,2,4,23,B01
200600004287,0,07,000,00,2,1,01,C01
200600004288,0,07,000,04,0,6,01,A01
200600004288,1,07,000,00,2,2,14,B01
200600004289,0,07,000,02,0,8,00,A01
200600004290,0,07,000,00,0,6,01,A01
200600004290,0,05,000,00,2,1,02,B01
200600004291,0,07,000,00,2,4,23,A01
200600004291,0,07,000,00,2,3,02,B01
200600004291,0,07,000,00,0,3,21,C01
200600004292,0,07,000,07,0,4,01,A01
200600004292,0,10,000,00,2,1,02,B01
200600004293,0,07,000,00,2,1,11,A01
200600004294,0,17,000,00,2,2,12,A01
200600004294,0,07,000,00,2,6,01,B01
200600004295,0,07,000,04,0,1,01,A01
200600004296,0,07,000,00,2,1,01,B01
200600004296,0,07,000,00,2,3,00,A01
200600004297,0,07,000,00,2,1,01,A01
200600004297,0,07,000,00,2,7,01,B01
200600004298,0,07,000,00,2,8,20,A01
200600004298,0,07,000,00,2,2,01,B01
200600004299,0,07,000,00,2,1,13,A01
200600004299,0,07,000,00,2,1,01,B01
200600004300,0,07,000,09,0,1,01,A01
200600004301,0,07,000,00,2,1,01,A01
200600004301,0,07,000,00,2,8,01,B01
200600004302,0,05,000,00,2,1,01,A01
200600004302,0,07,000,00,2,3,01,B01
200600004303,0,07,000,00,1,7,16,A01
200600004304,0,04,000,00,1,1,01,A01
200600004305,0,05,000,00,2,1,01,A01
200600004305,0,01,000,01,2,1,20,B01
200600004305,0,07,000,00,2,7,24,C01
200600004306,0,10,000,00,1,7,01,A01
200600004307,0,07,000,01,0,1,01,A01
200600004307,0,14,000,00,2,5,24,B01
200600004308,0,07,000,00,2,2,00,A01
200600004308,0,07,000,00,2,2,01,B01
200600004309,0,07,000,00,1,1,15,A01
200600004310,0,02,000,00,2,1,01,A01
200600004310,0,07,000,00,2,8,01,B01
200600004311,0,07,000,00,1,1,01,A01
200600004312,0,10,000,00,2,1,01,A01
200600004312,0,07,000,00,2,4,23,B01
200600004313,1,07,000,00,1,1,14,A01
200600004314,0,07,000,00,1,1,01,A01
200600004315,0,07,000,04,2,3,01,A01
200600004315,0,07,000,00,2,3,00,B01
200600004315,1,07,000,00,0,0,11,C01
200600004316,0,10,000,01,0,2,02,A01
200600004316,0,10,000,00,0,8,24,B01
200600004316,0,10,000,01,0,8,02,C01
200600004317,0,07,000,13,0,2,01,A01
200600004318,0,07,000,03,0,2,01,A01
200600004319,0,07,000,00,0,9,00,A01
200600004320,0,07,000,04,0,1,21,A01
200600004321,0,07,000,00,0,4,02,B01
200600004321,0,07,000,00,2,1,02,A01
200600004321,0,07,000,00,2,3,01,C01
200600004321,0,07,000,00,0,5,01,D01
200600004322,0,07,000,04,0,1,13,A01
200600004323,0,07,000,00,2,1,02,A01
200600004323,0,07,000,00,0,4,02,B01
200600004323,0,07,000,00,2,4,02,C01
200600004323,0,14,000,00,2,1,02,D01
200600004323,0,07,000,00,0,8,01,E01
200600004324,0,07,000,00,2,1,02,A01
200600004324,0,07,000,00,0,4,02,B01
200600004325,0,07,000,04,0,2,12,A01
200600004326,0,05,000,00,0,8,17,A01
200600004327,0,07,000,00,2,1,02,A01
200600004327,0,13,000,00,0,4,02,B01
200600004328,0,07,000,04,2,1,01,A01
200600004328,0,15,000,00,2,8,01,B01
200600004328,0,07,000,00,2,8,14,C01
200600004329,0,07,000,04,0,0,00,A01
200600004330,2,07,000,00,2,1,02,A01
200600004330,0,07,000,00,0,4,02,B01
200600004330,0,07,000,00,2,8,00,C01
200600004331,0,07,000,00,2,1,02,A01
200600004331,0,07,000,00,0,5,01,B01
200600004332,0,07,000,04,0,3,01,A01
200600004333,0,07,000,04,0,3,01,A01
200600004334,0,07,000,04,0,1,13,A01
200600004335,0,07,000,04,0,3,00,A01
200600004336,0,07,000,04,0,4,01,A01
200600004337,0,07,000,00,2,1,02,A01
200600004337,0,07,000,00,2,4,02,B01
200600004338,0,07,000,00,2,5,02,A01
200600004338,0,07,000,00,0,6,02,B01
200600004339,0,07,000,04,0,3,01,A01
200600004340,0,07,000,00,0,6,02,B01
200600004340,0,17,000,00,0,2,12,A01
200600004341,0,14,000,00,2,2,02,A01
200600004341,0,07,000,00,2,6,02,B01
200600004341,0,07,000,00,0,4,02,C01
200600004342,0,07,000,04,0,3,01,A01
200600004343,0,07,000,00,2,8,11,A01
200600004343,0,05,000,00,2,2,01,B01
200600004344,0,07,000,00,2,1,02,A01
200600004344,0,17,000,00,0,4,02,B01
200600004345,0,04,000,16,0,7,01,A01
200600004346,0,07,000,03,2,1,00,A01
200600004346,0,07,000,00,0,4,00,B01
200600004347,0,05,000,12,2,3,01,A01
200600004348,0,07,000,04,0,3,00,A01
200600004349,0,14,000,04,0,1,19,A01
200600004349,0,07,000,01,0,1,01,B01
200600004350,0,07,000,10,0,2,01,A01
200600004351,0,07,000,11,2,1,11,A01
200600004351,0,07,000,03,2,1,01,B01
200600004352,0,14,000,00,9,1,02,A01
200600004352,0,17,000,00,0,4,02,B01
200600004353,0,07,000,06,2,7,15,A01
200600004353,0,07,000,00,2,8,01,B01
200600004354,0,07,000,03,0,1,02,A01
200600004355,0,05,000,00,0,0,02,A01
200600004356,0,07,000,13,2,9,13,A01
200600004356,0,07,000,13,2,9,00,B01
200600004357,0,07,000,03,0,1,02,A01
200600004358,0,07,000,03,0,2,02,A01
200600004358,0,07,000,03,1,8,02,B01
200600004359,0,07,000,06,0,3,13,A01
200600004360,1,07,000,00,2,2,02,A01
200600004360,0,07,000,07,0,6,02,B01
200600004361,0,07,000,13,0,9,14,A01
200600004362,0,05,000,00,2,8,01,A01
200600004362,0,07,000,03,2,7,12,B01
200600004363,0,07,000,03,0,7,01,A01
200600004364,0,07,000,00,2,1,05,A01
200600004364,0,07,000,00,2,1,02,B01
200600004365,0,07,000,03,0,1,14,A01
200600004366,0,07,000,00,0,6,01,A01
200600004366,0,07,000,00,2,2,21,B01
200600004367,0,07,000,03,0,5,01,A01
200600004368,0,07,000,13,0,9,17,A01
200600004369,0,07,000,15,0,1,00,A01
200600004370,0,07,000,06,2,5,02,B01
200600004370,0,07,000,03,2,2,14,A01
200600004370,0,07,000,00,2,1,02,F01
200600004370,0,07,000,01,0,3,02,E01
200600004370,0,07,000,06,0,5,02,D01
200600004370,0,07,000,00,2,1,02,C01
200600004371,0,07,000,00,2,1,02,C01
200600004371,0,07,000,00,2,1,02,B01
200600004371,0,07,000,00,2,4,02,A01
200600004372,0,07,000,00,0,4,01,A01
200600004372,0,07,000,00,2,4,01,B01
200600004372,0,07,000,00,2,1,02,C01
200600004373,0,07,000,13,0,9,16,A01
200600004374,0,07,000,00,2,8,21,A01
200600004374,0,07,000,00,2,7,17,B01
200600004375,0,07,000,00,0,7,01,A01
200600004376,0,07,000,03,0,8,21,A01
200600004377,0,07,000,00,0,4,02,A01
200600004377,0,07,000,00,2,1,02,B01
200600004377,0,10,000,00,2,1,02,C01
200600004378,0,07,000,04,0,1,02,A01
200600004379,0,07,000,00,9,2,01,F01
200600004379,0,07,000,00,2,1,02,E01
200600004379,0,07,000,00,2,3,01,D01
200600004379,0,07,000,00,2,1,01,C01
200600004379,0,07,000,00,2,3,00,B01
200600004379,0,02,000,00,2,1,05,A01
200600004380,0,02,000,00,0,8,11,A01
200600004381,0,07,000,03,0,1,00,A01
200600004382,0,05,000,00,0,0,02,B01
200600004382,0,07,000,00,0,0,02,A01
200600004383,0,05,000,15,0,4,01,A01
200600004384,0,07,000,00,0,4,02,A01
200600004384,0,07,000,00,2,4,02,B01
200600004384,0,07,000,00,2,1,02,C01
200600004385,0,07,000,00,6,1,21,A01
200600004385,0,07,000,00,6,1,21,B01
200600004386,0,07,000,04,0,8,01,A01
200600004387,0,07,000,00,0,4,01,A01
200600004387,0,07,000,00,2,4,23,B01
200600004387,0,07,000,00,2,1,01,C01
200600004388,0,07,000,03,0,1,09,A01
200600004389,0,07,000,04,0,1,02,A01
200600004390,0,07,000,03,0,2,21,A01
200600004391,0,07,000,00,2,8,01,A01
200600004391,0,07,000,00,2,7,14,B01
200600004392,0,07,000,02,0,1,09,A01
200600004393,0,07,000,04,0,1,11,A01
200600004394,0,07,000,15,0,1,14,A01
200600004395,0,07,000,14,0,1,01,A01
200600004396,0,14,000,00,2,2,12,B01
200600004396,0,07,000,00,2,6,02,A01
200600004397,0,07,000,03,0,9,14,A01
200600004398,0,07,000,00,5,2,02,A01
200600004399,0,07,000,00,2,3,02,B01
200600004399,0,07,000,00,0,4,01,A01
200600004400,0,07,000,13,0,9,16,A01
200600004401,0,07,000,04,0,1,00,A01
200600004402,0,07,000,08,0,8,16,A01
200600004403,0,07,000,00,1,1,01,A01
200600004404,0,07,000,00,2,5,20,A01
200600004404,0,02,000,00,2,1,01,B02
200600004405,0,14,000,00,2,2,01,A01
200600004405,0,01,000,00,0,8,15,B02
200600004406,0,05,000,01,2,2,01,A01
200600004406,0,07,000,00,9,2,15,B02
200600004406,0,07,000,00,0,4,00,C03
200600004407,0,07,000,00,1,2,01,A01
200600004408,0,07,000,00,2,1,13,A01
200600004408,0,07,000,00,2,1,01,B02
200600004409,0,07,000,02,0,1,01,A01
200600004410,0,07,000,00,2,7,13,A01
200600004410,0,07,000,00,2,1,01,B02
200600004410,0,07,000,00,2,1,01,C03
200600004411,0,07,000,00,2,1,15,A01
200600004411,0,02,000,00,2,8,01,B02
200600004412,0,07,000,02,0,8,01,A01
200600004413,0,07,000,06,0,2,01,A01
200600004414,0,07,000,14,4,1,00,A01
200600004415,0,07,000,00,2,3,13,A01
200600004415,0,07,000,00,2,3,01,B02
200600004416,0,07,000,00,2,3,01,A01
200600004416,0,14,000,00,2,3,01,B02
200600004417,0,07,000,00,2,8,15,A01
200600004417,0,01,000,00,0,8,01,B02
200600004418,0,07,000,00,2,8,19,A01
200600004418,0,05,000,00,2,1,21,B02
200600004419,0,07,000,08,2,7,01,A01
200600004419,0,07,000,12,2,1,01,B02
200600004420,1,07,000,00,1,2,01,A01
200600004421,0,07,000,00,1,2,01,A01
200600004422,0,07,000,00,2,3,11,A01
200600004422,0,05,000,00,2,1,01,B02
200600004423,0,07,000,00,1,1,01,A01
200600004424,0,07,000,00,2,1,01,A01
200600004424,0,07,000,00,2,2,01,B02
200600004425,0,07,000,00,1,3,01,A01
200600004426,0,07,000,02,0,8,00,A01
200600004427,0,07,000,02,0,3,01,A01
200600004428,0,07,000,13,0,1,01,A01
200600004429,0,07,000,00,2,3,01,A01
200600004429,0,17,000,00,2,2,01,B02
200600004430,0,01,000,00,2,1,13,A01
200600004430,0,07,000,00,2,3,01,B02
200600004431,0,07,000,16,0,8,01,A01
200600004432,0,07,000,00,2,1,01,A01
200600004432,0,07,000,00,2,8,19,B02
200600004433,0,07,000,00,1,2,02,A01
200600004434,0,05,000,13,0,1,01,A01
200600004435,0,07,000,00,2,2,00,A01
200600004435,0,09,000,00,2,1,00,B02
200600004436,0,07,000,00,1,1,01,A01
200600004437,0,14,000,00,2,1,01,A01
200600004437,0,07,000,00,2,4,15,B02
200600004437,0,07,000,00,2,8,01,C03
200600004438,0,07,000,00,0,9,13,A01
200600004439,0,07,000,00,2,2,13,A01
200600004439,0,07,000,00,2,2,01,B02
200600004440,0,07,000,13,0,9,01,A01
200600004441,0,07,000,08,0,1,00,A01
200600004442,0,05,000,00,2,1,01,A01
200600004442,0,07,000,00,2,6,15,B02
200600004443,0,07,000,06,0,1,01,A01
200600004444,0,07,000,00,1,1,01,A01
200600004445,0,07,000,00,1,2,01,A01
200600004446,0,07,000,08,0,8,01,A01
200600004447,0,07,000,00,1,2,01,A01
200600004448,0,05,000,13,0,7,01,A01
200600004449,0,07,000,00,1,1,01,A01
200600004450,0,07,000,00,1,2,01,A01
200600004451,0,07,000,00,2,1,01,A01
200600004451,0,07,000,00,2,1,13,B02
200600004452,0,07,000,03,0,9,14,A01
200600004453,0,07,000,00,2,1,01,A01