Num_Acc,senc,catv,occutc,obs,obsm,choc,manv,num_veh
200600004453,0,07,000,00,2,3,01,B02
200600004454,0,07,000,01,1,3,13,A01
200600004455,0,02,000,00,2,1,01,B02
200600004455,0,07,000,00,2,7,01,A01
200600004456,0,07,000,00,0,1,01,A01
200600004457,0,07,000,00,2,3,17,A01
200600004457,0,07,000,00,2,3,01,B02
200600004457,0,07,000,00,2,3,01,C03
200600004457,0,07,000,08,0,1,01,D04
200600004457,0,07,000,00,2,1,01,E05
200600004457,0,07,000,00,2,1,17,F06
200600004458,0,07,000,00,0,3,10,A01
200600004458,0,05,000,00,2,1,17,B02
200600004459,0,02,000,00,2,1,01,A01
200600004459,0,07,000,00,2,3,15,B02
200600004460,0,07,000,07,2,1,01,A01
200600004460,0,07,000,00,2,2,19,B02
200600004461,0,07,000,00,0,2,02,A01
200600004461,0,01,000,00,0,4,01,B02
200600004462,0,02,000,14,0,1,00,A01
200600004463,0,07,000,16,0,9,01,A01
200600004464,0,07,000,00,1,6,04,A01
200600004465,0,07,000,00,2,2,05,A01
200600004465,0,15,000,00,2,0,21,B02
200600004466,0,07,000,00,2,3,01,B02
200600004466,0,07,000,00,2,1,19,A01
200600004467,0,07,000,08,0,9,01,A01
200600004468,0,07,000,13,0,1,01,A01
200600004469,0,07,000,00,1,2,02,A01
200600004470,0,07,000,06,1,2,13,A01
200600004471,0,07,000,00,0,9,01,A01
200600004472,0,07,000,00,1,4,04,A01
200600004473,0,07,000,00,1,7,01,A01
200600004474,0,03,000,16,0,0,01,A01
200600004475,0,07,000,06,0,2,01,A01
200600004476,0,07,000,02,0,1,01,A01
200600004477,0,07,000,00,2,7,01,B02
200600004477,0,07,000,00,2,1,16,A01
200600004478,0,07,000,00,2,3,13,A01
200600004478,0,07,000,00,2,3,01,B02
200600004479,0,07,000,00,2,5,19,A01
200600004479,0,07,000,00,2,3,01,B02
200600004480,0,07,000,08,0,8,00,A01
200600004481,0,02,000,00,2,1,00,A01
200600004481,0,07,000,00,1,3,01,B02
200600004482,0,07,000,09,0,3,01,A01
200600004483,0,07,000,00,2,3,01,A01
200600004483,0,07,000,00,0,2,19,B02
200600004484,0,02,000,00,0,0,00,A01
200600004484,0,07,000,00,0,0,05,B02
200600004485,0,07,000,00,2,3,13,A01
200600004485,0,07,000,00,2,0,01,B02
200600004486,0,07,000,00,0,3,23,A01
200600004486,0,07,000,00,0,4,23,B02
200600004486,0,05,000,00,0,7,16,C03
200600004487,0,07,000,00,2,3,13,A01
200600004487,0,07,000,00,2,3,01,B02
200600004487,0,07,000,00,2,1,01,C03
200600004488,0,07,000,00,0,0,00,A01
200600004488,0,07,000,00,2,2,05,B02
200600004489,0,07,000,13,0,2,01,A01
200600004490,1,07,000,00,1,3,01,A01
200600004491,0,07,000,00,2,1,01,A01
200600004491,0,07,000,00,2,8,19,B02
200600004492,0,07,000,16,0,9,01,A01
200600004493,0,07,000,00,2,8,01,A01
200600004493,0,07,000,01,2,8,01,B02
200600004494,0,07,000,00,2,2,13,A01
200600004494,0,07,000,00,2,1,01,B02
200600004494,0,07,000,01,0,1,01,C03
200600004495,0,07,000,00,2,1,01,A01
200600004495,0,07,000,00,2,4,01,B02
200600004495,0,07,000,00,0,0,15,C03
200600004496,0,07,000,00,0,9,01,A01
200600004497,0,07,000,00,2,8,15,B02
200600004497,0,07,000,00,2,1,01,A01
200600004498,0,07,000,00,0,8,15,A01
200600004498,0,07,000,00,2,2,17,B02
200600004499,0,07,000,00,0,1,01,A01
200600004500,0,07,000,00,2,1,01,A01
200600004500,0,07,000,00,0,4,15,B02
200600004501,0,07,000,00,0,9,01,A01
200600004502,0,07,000,00,2,8,20,A01
200600004502,0,02,000,00,2,3,01,B02
200600004503,0,07,000,13,0,1,01,A01
200600004504,0,13,000,00,1,3,12,A01
200600004505,0,07,000,00,0,2,01,A01
200600004506,0,07,000,00,0,9,01,A01
200600004507,0,07,000,00,0,9,01,A01
200600004508,0,07,000,16,2,9,14,A01
200600004509,0,07,000,13,0,2,01,A01
200600004510,0,05,000,00,2,1,17,B02
200600004510,0,17,000,00,2,8,15,A01
200600004511,0,07,000,16,0,9,00,A01
200600004512,0,07,000,00,2,7,01,A01
200600004512,0,02,000,00,2,1,19,B02
200600004513,0,07,000,00,2,7,19,A01
200600004513,0,07,000,00,2,1,01,B02
200600004514,0,10,000,00,9,5,01,A01
200600004514,0,02,000,00,2,1,01,B02
200600004515,0,07,000,00,2,7,13,A01
200600004515,0,07,000,00,2,1,01,B02
200600004516,0,07,000,00,0,3,19,A01
200600004516,0,07,000,00,2,1,01,B02
200600004516,0,07,000,00,2,1,01,C03
200600004517,0,07,000,09,0,9,01,A01
200600004518,0,07,000,08,2,3,21,A01
200600004519,0,10,000,00,2,2,21,A01
200600004520,0,07,000,00,0,5,10,A01
200600004520,0,04,000,00,2,1,01,B02
200600004521,0,02,000,00,2,7,17,A01
200600004521,0,07,000,00,2,8,15,B02
200600004522,0,07,000,00,2,2,19,A01
200600004522,0,07,000,00,2,3,01,B02
200600004523,0,07,000,00,2,2,09,A01
200600004523,0,07,000,00,2,8,01,B02
200600004524,0,07,000,00,2,1,01,A01
200600004524,0,07,000,00,0,6,01,B02
200600004525,0,07,000,00,2,3,19,C03
200600004525,0,07,000,01,2,1,01,A01
200600004525,0,07,000,00,0,1,24,B02
200600004526,0,07,000,02,0,1,01,A01
200600004527,0,07,000,00,2,1,02,A01
200600004527,0,01,000,00,2,4,01,B02
200600004528,0,07,000,08,0,1,00,A01
200600004529,0,07,000,00,2,3,13,A01
200600004529,0,07,000,00,2,3,01,B02
200600004530,0,07,000,00,2,7,15,A01
200600004530,0,07,000,00,2,1,01,B02
200600004530,0,07,000,00,2,1,01,C03
200600004531,0,02,000,01,1,1,01,A01
200600004531,0,07,000,00,0,0,23,B02
200600004532,0,02,000,00,9,2,01,A01
200600004532,0,07,000,00,2,2,15,C03
200600004533,0,07,000,02,2,1,01,A01
200600004533,0,07,000,00,2,2,01,B02
200600004534,0,07,000,00,9,3,01,A01
200600004534,0,02,000,00,2,3,13,B02
200600004535,0,07,000,06,0,8,01,A01
200600004536,0,07,000,00,2,2,19,B02
200600004536,0,10,000,00,2,3,01,A01
200600004537,0,07,000,02,0,8,01,A01
200600004538,0,17,000,00,1,3,01,A01
200600004539,0,07,000,00,2,2,15,A01
200600004539,0,07,000,00,2,1,01,B02
200600004540,0,05,000,00,2,4,13,A01
200600004540,0,07,000,00,2,2,01,B02
200600004541,0,07,000,00,2,3,13,A01
200600004541,0,07,000,00,2,3,01,B02
200600004542,0,07,000,00,2,1,13,A01
200600004542,0,07,000,00,2,1,01,B02
200600004543,0,07,000,00,0,8,01,A01
200600004544,0,01,000,00,2,1,01,A01
200600004544,0,07,000,00,2,4,13,B02
200600004545,0,07,000,00,2,2,19,A01
200600004545,0,02,000,00,2,8,01,B02
200600004546,0,07,000,00,9,3,10,A01
200600004546,0,05,000,00,2,1,01,B02
200600004547,0,07,000,00,2,1,01,A01
200600004547,0,07,000,00,2,1,13,B02
200600004548,0,07,000,00,2,3,01,A01
200600004548,0,07,000,00,2,3,01,B02
200600004549,0,07,000,06,0,1,01,A01
200600004550,0,01,000,00,0,1,19,A01
200600004550,0,07,000,00,0,7,01,B02
200600004551,0,07,000,00,0,9,01,A01
200600004552,0,07,000,00,2,2,01,A01
200600004552,0,02,000,00,2,8,19,B02
200600004553,0,07,000,00,0,1,00,A01
200600004554,0,07,000,00,2,1,02,A01
200600004554,0,03,000,00,2,4,02,B02
200600004555,0,07,000,00,1,3,13,A01
200600004556,0,07,000,00,0,9,01,A01
200600004556,0,07,000,01,0,5,00,B02
200600004556,0,07,000,01,0,2,01,C03
200600004556,0,07,000,00,0,4,01,D04
200600004556,0,07,000,01,0,6,23,E05
200600004557,0,07,000,00,0,1,03,A01
200600004557,0,07,000,00,0,1,01,B02
200600004558,0,07,000,00,1,2,01,A01
200600004559,0,07,000,00,2,1,15,A01
200600004559,0,07,000,00,2,1,01,B02
200600004560,0,07,000,01,0,1,01,A01
200600004561,0,07,000,00,0,9,01,A01
200600004562,0,07,000,02,0,2,00,A01
200600004563,0,07,000,00,2,7,15,A01
200600004563,0,07,000,00,2,1,01,B02
200600004564,0,07,000,00,1,2,01,A01
200600004565,0,05,000,00,0,1,01,A01
200600004566,0,15,000,00,1,0,00,A01
200600004567,0,07,000,00,2,1,05,A01
200600004567,0,20,000,00,0,0,01,C03
200600004568,0,07,000,00,2,3,05,A01
200600004568,0,07,000,00,2,1,01,B02
200600004569,0,07,000,00,9,3,01,A01
200600004569,0,01,000,00,2,1,13,B02
200600004570,0,15,000,00,2,3,01,A01
200600004570,0,07,000,00,0,7,15,B02
200600004571,0,21,000,00,0,0,16,A01
200600004571,0,01,000,00,0,0,00,B02
200600004572,0,07,000,00,0,3,00,A01
200600004572,0,07,000,00,0,3,00,B02
200600004573,0,07,000,00,0,2,15,A01
200600004573,0,07,000,00,0,1,00,B02
200600004574,0,07,000,08,0,8,01,A01
200600004575,1,07,000,00,2,2,02,A01
200600004575,0,02,000,00,0,3,02,B02
200600004576,0,07,000,01,0,1,14,A01
200600004576,0,15,000,00,0,6,24,B02
200600004577,0,07,000,00,2,5,00,B02
200600004577,0,07,000,00,2,3,00,A01
200600004578,0,02,000,00,2,1,01,A01
200600004578,0,07,000,00,2,2,19,B02
200600004579,0,18,001,00,2,0,01,A01
200600004579,0,01,000,00,2,8,17,B02
200600004580,0,07,000,00,2,2,15,A01
200600004580,0,07,000,00,2,1,01,B02
200600004581,0,07,000,00,2,1,01,A01
200600004581,0,10,000,00,2,1,01,B02
200600004582,0,07,000,00,2,5,01,A01
200600004582,0,14,000,00,2,1,01,B02
200600004583,0,07,000,00,2,2,01,A01
200600004583,0,18,016,00,2,1,01,B02
200600004584,0,07,000,00,2,8,15,A01
200600004584,0,07,000,00,2,1,01,B02
200600004585,0,07,000,00,1,1,01,A01
200600004586,0,07,000,00,2,2,02,A01
200600004586,0,07,000,00,0,6,02,B02
200600004587,0,07,000,00,2,1,09,A01
200600004587,0,07,000,00,2,1,01,B02
200600004588,0,07,000,13,0,1,12,A01
200600004589,0,07,000,08,0,7,13,A01
200600004590,0,07,000,06,0,3,01,A01
200600004591,0,07,000,00,2,1,02,A01
200600004591,0,07,000,00,2,4,23,B02
200600004591,0,03,000,00,2,4,23,C03
200600004592,0,07,000,13,0,1,01,A01
200600004593,0,07,000,00,0,1,11,A01
200600004593,0,07,000,00,0,3,15,B02
200600004594,0,07,000,00,1,2,01,A01
200600004595,0,10,000,01,0,3,16,A01
200600004596,0,05,000,00,2,1,17,A01
200600004596,0,07,000,00,2,6,15,B02
200600004597,0,07,000,13,0,1,01,A01
200600004597,0,07,000,00,0,4,23,B02
200600004597,0,07,000,00,0,0,23,C03
200600004597,0,07,000,00,0,0,23,D04
200600004597,0,07,000,01,0,1,01,E05
200600004598,0,07,000,00,0,3,15,A01
200600004598,0,05,000,00,2,1,01,B02
200600004599,0,07,000,00,2,1,01,A01
200600004599,0,07,000,00,2,3,01,B02
200600004600,0,07,000,13,0,1,01,A01
200600004601,0,02,000,06,0,1,01,A01
200600004602,0,07,000,00,0,1,02,A01
200600004602,0,15,000,00,0,4,02,B02
200600004603,0,07,000,00,2,1,01,A01
200600004603,0,07,000,00,2,2,13,B02
200600004604,1,07,000,00,1,1,21,A01
200600004605,0,07,000,00,0,8,16,A01
200600004606,0,07,000,00,2,7,01,B02
200600004606,0,07,000,00,2,1,09,A01
200600004607,0,07,000,00,2,3,15,A01
200600004607,0,07,000,00,2,1,17,B02
200600004608,0,07,000,00,1,6,02,A01
200600004609,0,03,000,00,1,3,01,A01
200600004610,0,17,000,00,0,7,14,A01
200600004611,0,07,000,06,0,1,01,A01
200600004612,0,07,000,00,2,1,01,A01
200600004612,0,07,000,00,2,3,15,B02
200600004613,0,07,000,00,2,1,01,A01
200600004613,0,07,000,00,2,8,13,B02
200600004614,0,07,000,00,1,1,01,A01
200600004615,0,07,000,06,0,1,16,A01
200600004616,0,07,000,00,2,3,05,A01
200600004616,0,07,000,00,2,2,01,B02
200600004617,0,07,000,00,2,3,01,A01
200600004617,0,07,000,00,2,3,13,B02
200600004618,0,07,000,00,1,2,01,A01
200600004619,0,07,000,00,2,1,15,A01
200600004619,0,07,000,00,2,6,01,B02
200600004620,0,07,000,00,0,8,16,A01
200600004620,0,07,000,00,2,1,01,B02
200600004621,0,05,000,00,2,1,17,A01
200600004621,0,07,000,00,2,3,15,B02
200600004622,0,07,000,13,0,9,00,A01
200600004623,0,05,000,13,0,3,01,A01
200600004624,0,07,000,00,2,1,13,A01
200600004624,0,07,000,00,2,1,00,B02
200600004625,0,07,000,00,2,3,01,A01
200600004625,0,07,000,00,2,1,01,B02
200600004626,0,10,000,00,2,5,04,A01
200600004626,0,01,000,00,2,1,01,B02
200600004627,0,07,000,00,1,7,01,A01
200600004628,0,02,000,00,2,7,15,A01
200600004628,0,07,000,00,2,1,01,B02
200600004629,0,07,000,00,2,3,15,A01
200600004629,0,07,000,00,0,0,01,B02
200600004630,0,07,000,00,2,1,01,A01
200600004630,0,07,000,00,2,1,01,B02
200600004631,0,07,000,00,2,2,15,A01
200600004631,0,07,000,00,2,1,01,B02
200600004632,0,07,000,00,1,7,01,A01
200600004633,0,07,000,00,2,7,15,A01
200600004633,0,17,000,00,2,1,01,B02
200600004634,0,07,000,00,0,1,01,A01
200600004635,0,07,000,00,0,9,01,A01
200600004636,0,07,000,00,1,2,01,A01
200600004637,0,02,000,00,1,1,18,A01
200600004638,0,07,000,13,0,1,01,A01
200600004639,0,07,000,02,0,1,01,A01
200600004640,0,07,000,00,1,1,15,A01
200600004641,0,02,000,00,2,1,17,A01
200600004641,0,07,000,00,2,8,15,B02
200600004642,0,13,000,00,2,1,01,A01
200600004642,0,05,000,00,2,1,01,B02
200600004643,0,07,000,00,0,9,01,A01
200600004644,0,07,000,00,2,1,01,A01
200600004644,0,07,000,00,2,1,01,B02
200600004644,0,07,000,00,2,4,01,C03
200600004645,0,07,000,00,1,1,01,A01
200600004646,0,07,000,00,2,6,16,A01
200600004646,0,07,000,00,2,1,01,B02
200600004647,0,07,000,00,1,2,01,A01
200600004648,0,07,000,00,1,5,04,A01
200600004649,0,07,000,01,2,9,13,A01
200600004649,0,07,000,00,2,3,01,B02
200600004649,0,07,000,00,2,8,24,C03
200600004649,0,07,000,00,9,5,24,D04
200600004650,0,07,000,02,0,3,01,A01
200600004651,0,07,000,00,2,8,15,A01
200600004651,0,07,000,00,0,0,00,B02
200600004652,0,07,000,00,5,2,01,A01
200600004653,0,07,000,02,0,8,01,A01
200600004654,0,07,000,00,2,3,01,A01
200600004654,0,07,000,00,2,5,15,B02
200600004654,0,07,000,00,2,1,01,C03
200600004655,0,07,000,00,2,8,19,A01
200600004655,0,02,000,00,2,1,01,B02
200600004656,0,07,000,00,2,1,13,A01
200600004656,0,07,000,00,0,1,01,B02
200600004657,0,07,000,00,0,3,19,A01
200600004657,0,07,000,00,2,1,01,B02
200600004658,0,07,000,00,2,5,04,A01
200600004658,0,07,000,00,2,3,01,B02
200600004659,0,07,000,00,2,1,01,A01
200600004659,0,07,000,00,2,1,01,B02
200600004660,0,01,000,00,2,6,01,B02
200600004660,0,07,000,00,2,7,19,A01
200600004661,0,07,000,00,2,1,15,A01
200600004661,0,07,000,00,2,1,01,B02
200600004662,0,07,000,00,2,3,01,A01
200600004662,0,07,000,00,2,5,15,B02
200600004662,0,07,000,00,2,8,01,C03
200600004663,0,07,000,13,0,1,13,A01
200600004664,0,07,000,13,0,1,01,A01
200600004665,0,07,000,00,2,1,15,A01
200600004665,0,05,000,00,2,3,01,B02
200600004666,0,07,000,00,2,1,01,A01
200600004666,0,07,000,00,2,8,15,B02
200600004667,0,07,000,00,1,3,15,A01
200600004668,0,07,000,00,2,3,13,A01
200600004668,0,07,000,00,2,3,01,B02
200600004669,0,07,000,08,0,9,01,A01
200600004670,0,07,000,00,2,3,01,A01
200600004670,0,16,000,00,2,2,01,B02
200600004671,0,07,000,03,0,2,14,A01
200600004672,0,07,000,00,2,3,01,A01
200600004672,0,02,000,00,2,1,00,B02
200600004673,0,05,000,00,2,7,21,B02
200600004673,0,07,000,00,2,2,15,A01
200600004674,0,07,000,00,2,1,13,A01
200600004674,0,07,000,00,2,1,01,B02
200600004675,0,07,000,02,0,1,00,A01
200600004676,0,07,000,02,0,2,13,A01
200600004677,0,15,000,00,1,1,01,A01
200600004678,0,07,000,00,2,3,24,A01
200600004678,0,07,000,01,1,3,01,B02
200600004679,0,07,000,02,0,1,01,A01
200600004680,0,99,000,16,0,0,01,A01
200600004681,0,07,000,00,1,1,01,A01
200600004682,0,07,000,00,2,2,01,A01
200600004682,0,07,000,00,2,1,19,B02
200600004683,0,15,000,00,2,1,01,A01
200600004683,0,07,000,00,2,8,01,B02
200600004684,0,07,000,13,0,2,01,A01
200600004685,0,05,000,00,1,7,01,A01
200600004686,0,07,000,00,2,6,01,D04
200600004687,0,07,000,00,0,6,15,A01
200600004687,0,07,000,00,2,1,17,B02
200600004688,0,01,000,15,0,0,20,A01
200600004689,0,07,000,00,0,8,01,A01
200600004689,0,07,000,00,2,1,01,B02
200600004690,0,07,000,00,2,3,15,A01
200600004690,0,04,000,00,2,1,01,B02
200600004691,0,07,000,00,1,1,01,A01
200600004692,0,05,000,15,0,1,13,A01
200600004693,0,07,000,00,0,8,01,A01
200600004694,0,07,000,00,2,3,15,A01
200600004694,0,07,000,00,2,1,01,B02
200600004695,0,07,000,00,9,3,09,A01
200600004695,0,01,000,00,0,7,01,B02
200600004695,0,07,000,00,0,0,00,C03
200600004696,0,07,000,00,1,2,01,A01
200600004697,0,07,000,00,2,4,04,A01
200600004697,0,02,000,00,2,1,02,B02
200600004698,0,07,000,08,0,1,00,A01
200600004699,0,05,000,00,2,1,01,A01
200600004699,0,07,000,00,2,8,01,B02
200600004699,0,07,000,00,2,1,15,C03
200600004700,0,07,000,00,2,1,01,A01
200600004700,0,07,000,00,2,1,01,B02
200600004701,0,07,000,00,2,1,05,A01
200600004701,0,07,000,00,2,1,01,B02
200600004702,0,07,000,00,2,3,13,A01
200600004702,0,13,000,00,2,3,01,B02
200600004703,0,07,000,13,0,9,01,A01
200600004704,0,07,000,00,2,1,13,A01
200600004704,0,07,000,00,2,1,01,B02
200600004705,0,07,000,00,0,3,13,A01
200600004706,0,05,000,06,2,2,17,A01
200600004706,0,10,000,00,2,8,15,B02
200600004707,0,02,000,00,2,1,01,A01
200600004707,0,02,000,00,2,4,11,B02
200600004708,0,05,000,00,2,1,17,A01
200600004708,0,07,000,00,2,3,15,B02
200600004709,0,02,000,00,2,1,19,A01
200600004709,0,07,000,00,2,7,01,B02
200600004710,0,02,000,00,2,2,01,A01
200600004711,0,07,000,00,0,0,01,A01
200600004712,0,07,000,00,2,1,15,A01
200600004712,0,05,000,00,2,8,01,B02
200600004712,0,07,000,00,2,6,01,C03
200600004713,0,07,000,00,9,2,01,A01
200600004713,0,02,000,00,2,4,01,B02
200600004714,0,07,000,00,2,3,17,A01
200600004714,0,02,000,00,2,1,01,B02
200600004715,0,02,000,00,2,1,01,A01
200600004715,0,07,000,00,2,3,15,B02
200600004715,0,07,000,00,2,3,01,C03
200600004716,0,07,000,00,1,1,01,A01
200600004717,0,07,000,00,2,1,13,A01
200600004717,0,07,000,00,2,1,01,B02
200600004718,0,07,000,00,1,3,01,A01
200600004719,0,07,000,00,2,7,13,A01
200600004719,0,07,000,00,2,1,01,B02
200600004720,0,05,000,01,0,0,01,A01
200600004720,0,07,000,00,0,6,24,B02
200600004721,0,07,000,00,9,3,19,A01
200600004721,0,02,000,00,2,1,01,B02
200600004722,0,07,000,00,2,3,13,A01
200600004722,0,07,000,00,2,3,01,B02
200600004723,0,02,000,00,2,1,18,A01
200600004723,0,07,000,00,2,7,16,B02
200600004724,0,02,000,00,2,2,01,B02
200600004724,0,07,000,00,2,1,15,A01
200600004725,0,07,000,00,0,8,15,A01
200600004725,0,05,000,00,2,1,01,B02
200600004726,0,02,000,00,2,8,19,A01
200600004726,0,07,000,00,2,6,01,B02
200600004727,0,07,000,16,0,1,01,A01
200600004728,0,07,000,08,0,1,01,A01
200600004729,0,07,000,00,2,3,13,A01
200600004729,0,07,000,00,2,3,01,B02
200600004730,0,07,000,00,1,1,01,A01
200600004731,0,07,000,00,2,2,02,A01
200600004731,0,02,000,00,0,4,02,B02
200600004732,0,07,000,00,2,1,01,A01
200600004732,0,07,000,00,2,1,13,B02
200600004733,0,07,000,00,2,3,01,A01
200600004733,0,07,000,00,2,1,01,B02
200600004734,0,05,000,00,2,1,01,A01
200600004734,0,07,000,00,0,4,01,B02
200600004735,0,02,000,00,2,1,01,A01
200600004735,0,02,000,00,2,1,01,B02
200600004736,0,05,000,00,6,1,01,A01
200600004737,0,02,000,13,0,1,13,A01
200600004738,0,07,000,00,2,3,13,A01
200600004738,0,07,000,00,2,3,01,B02
200600004739,0,15,000,00,0,6,01,A01
200600004739,0,17,000,00,2,1,02,B02
200600004739,0,07,000,00,2,1,01,C03
200600004740,0,05,000,00,2,1,00,A01
200600004740,0,07,000,00,9,3,15,B02
200600004741,0,07,000,06,0,8,00,A01
200600004742,0,07,000,00,0,0,19,A01
200600004742,0,07,000,00,2,1,01,B02
200600004742,0,05,000,00,2,1,01,C03
200600004743,0,02,000,00,2,3,13,A01
200600004743,0,07,000,00,2,3,01,B02
200600004744,0,05,000,01,0,1,01,A01
200600004745,0,07,000,00,2,1,01,A01
200600004745,0,07,000,00,2,8,15,B02
200600004746,0,07,000,00,1,2,17,A01
200600004747,0,07,000,00,2,1,13,A01
200600004747,0,07,000,00,2,1,01,B02
200600004748,0,07,000,00,2,1,21,B02
200600004748,0,07,000,00,2,5,19,A01
200600004749,0,07,000,00,2,8,01,A01
200600004749,0,02,000,00,2,8,01,B02
200600004750,0,05,000,00,2,1,13,A01
200600004750,0,07,000,00,2,1,01,B02
200600004751,0,02,000,09,0,1,01,A01
200600004752,0,07,000,13,0,2,01,A01
200600004753,0,07,000,00,2,1,15,A01
200600004753,0,09,000,00,2,1,01,B02
200600004754,0,07,000,00,2,3,00,A01
200600004754,0,07,000,00,2,3,00,B02
200600004755,0,07,000,00,2,1,01,B02
200600004756,0,10,000,06,0,3,13,A01
200600004757,0,07,000,00,2,3,10,A01
200600004757,0,07,000,00,2,2,01,B02
200600004758,0,07,000,00,2,1,01,A01
200600004758,0,07,000,00,2,2,15,B02
200600004759,0,17,000,00,1,6,01,A01
200600004760,0,07,000,00,2,1,01,A01
200600004760,0,07,000,15,2,3,09,B02
200600004761,0,07,000,00,2,2,17,A01
200600004761,0,01,000,00,0,4,00,B02
200600004762,0,02,000,00,0,0,00,A01
200600004763,0,07,000,00,1,1,01,A01
200600004764,0,07,000,08,0,8,01,A01
200600004765,0,07,000,02,0,8,01,A01
200600004766,0,04,000,00,2,1,13,A01
200600004766,0,07,000,00,2,1,01,B02
200600004767,0,02,000,00,2,1,01,B02
200600004768,0,07,000,00,2,1,15,A01
200600004768,0,02,000,00,2,1,01,B02
200600004769,0,07,000,13,0,3,01,A01
200600004770,0,07,000,00,1,2,01,A01
200600004771,0,07,000,13,0,5,13,A01
200600004772,0,07,000,00,2,6,19,A01
200600004772,0,05,000,00,2,1,01,B02
200600004773,0,07,000,00,9,3,15,A01
200600004773,0,07,000,00,2,8,01,B02
200600004774,0,07,000,08,2,3,02,A01
200600004774,0,07,000,08,2,2,02,B02
200600004775,0,07,000,00,2,8,01,A01
200600004775,0,14,000,00,2,1,15,B02
200600004776,0,05,000,00,0,7,13,A01
200600004776,0,07,000,00,0,2,15,B02
200600004777,0,07,000,00,1,2,01,A01
200600004778,0,07,000,00,2,2,01,B02
200600004778,0,07,000,00,2,3,15,A01
200600004779,0,07,000,06,0,1,01,A01
200600004780,0,02,000,00,2,1,17,A01
200600004780,0,07,000,00,2,8,15,B02
200600004781,0,07,000,15,0,2,01,A01
200600004782,0,07,000,00,2,1,01,A01
200600004782,0,07,000,00,2,1,01,B02
200600004783,0,07,000,02,0,1,21,A01
200600004784,0,02,000,00,2,1,01,B02
200600004784,0,99,000,00,0,0,15,C03
200600004785,0,07,000,00,2,1,01,A01
200600004785,0,07,000,00,2,7,19,B02
200600004786,0,07,000,00,2,6,01,A01
200600004786,0,07,000,00,2,6,01,B02
200600004786,0,07,000,00,2,3,01,C03
200600004786,0,07,000,00,0,0,00,D04
200600004786,0,07,000,00,9,1,01,E05
200600004787,0,07,000,00,2,1,01,A01
200600004787,0,07,000,00,2,4,01,B02
200600004788,0,05,000,00,1,1,01,A01
200600004789,0,02,000,08,0,7,00,A01
200600004790,0,07,000,00,9,1,15,A01
200600004790,0,05,000,00,2,1,01,B02
200600004791,0,07,000,00,1,4,04,A01
200600004792,0,05,000,13,0,1,01,A01
200600004793,0,07,000,00,2,2,01,B02
200600004793,0,07,000,00,2,3,19,A01
200600004794,0,07,000,00,0,3,01,B02
200600004794,0,07,000,00,0,1,01,A01
200600004795,0,07,000,10,0,3,01,A01
200600004796,0,07,000,00,2,1,01,A01
200600004796,0,07,000,00,2,7,15,B02
200600004797,0,07,000,00,2,3,01,A01
200600004797,0,07,000,00,0,0,01,B02
200600004797,0,10,000,00,2,3,01,C03
200600004798,0,07,000,00,2,3,01,A01
200600004798,0,07,000,00,2,8,15,B02
200600004799,0,05,000,00,2,3,01,A01
200600004800,0,05,000,13,0,1,17,A01
200600004801,0,07,000,00,2,3,01,B02
200600004801,0,07,000,00,0,0,00,A01
200600004802,0,07,000,00,2,1,13,A01
200600004802,0,07,000,00,2,1,01,B02
200600004803,0,07,000,00,0,2,16,A01
200600004803,0,07,000,00,2,1,01,B02
200600004804,0,07,000,02,0,3,01,A01
200600004805,0,07,000,00,2,7,13,A01
200600004805,0,12,000,00,2,2,21,B02
200600004806,0,07,000,00,2,3,02,A01
200600004806,0,02,000,00,2,4,23,B02
200600004807,0,07,000,00,0,8,00,A01
200600004807,0,07,000,00,0,3,00,B02
200600004808,0,07,000,00,2,3,01,A01
200600004808,0,07,000,00,2,3,01,B02
200600004809,0,07,000,00,0,1,01,A01
200600004810,0,07,000,00,1,1,02,A01
200600004811,0,07,000,00,2,3,13,A01
200600004811,0,15,000,00,2,3,01,B02
200600004812,0,09,000,00,2,1,01,A01
200600004812,0,07,000,00,2,1,01,B02
200600004813,0,10,000,13,0,9,13,A01
200600004814,0,07,000,02,0,3,01,A01
200600004815,0,07,000,00,0,1,01,A01
200600004815,0,07,000,00,0,7,13,B02
200600004816,0,07,000,02,0,8,13,A01
200600004817,0,07,000,00,2,3,11,A01
200600004817,0,02,000,00,2,1,17,B02
200600004818,0,07,000,06,0,1,01,A01
200600004819,0,07,000,00,2,1,01,A01
200600004819,0,07,000,00,2,7,01,B02
200600004820,0,07,000,00,2,1,13,A01
200600004820,0,17,000,00,2,1,01,B02
200600004821,0,99,000,00,0,0,13,B02
200600004822,0,07,000,02,0,8,14,A01
200600004823,0,17,000,00,0,0,15,A01
200600004823,0,07,000,00,9,1,01,C03
200600004824,0,05,000,00,2,1,01,A01
200600004824,0,07,000,00,2,4,01,B02
200600004824,0,07,000,00,9,1,01,C03
200600004825,0,07,000,08,0,1,01,A01
200600004826,0,07,000,00,2,1,13,A01
200600004826,0,07,000,00,2,1,01,B02
200600004827,0,07,000,00,2,1,01,A01
200600004827,0,07,000,00,2,7,01,B02
200600004828,0,07,000,00,1,2,01,A01
200600004829,0,05,000,00,2,7,17,A01
200600004829,0,07,000,00,0,8,15,B02
200600004830,0,07,000,00,2,1,01,B02
200600004830,0,07,000,00,2,7,19,A01
200600004831,0,07,000,13,0,2,01,A01