Num_Acc,senc,catv,occutc,obs,obsm,choc,manv,num_veh
200600005228,0,07,000,00,2,3,17,B02
200600005229,0,07,000,02,0,2,01,A01
200600005230,0,07,000,00,2,7,01,A01
200600005230,0,07,000,00,2,5,19,B02
200600005231,0,07,000,00,1,1,01,A01
200600005232,0,07,000,00,1,3,02,A01
200600005233,0,07,000,16,0,9,01,A01
200600005234,0,07,000,00,2,5,15,A01
200600005234,0,07,000,00,2,2,01,B02
200600005235,0,07,000,00,2,1,01,A01
200600005235,0,07,000,00,2,1,01,B02
200600005236,0,07,000,00,2,2,11,A01
200600005236,0,07,000,00,2,1,01,B02
200600005237,0,07,000,13,0,3,01,A01
200600005238,0,07,000,06,0,2,06,A01
200600005239,0,07,000,07,0,1,19,A01
200600005240,0,07,000,03,0,9,01,A01
200600005241,0,07,000,00,1,2,16,A01
200600005242,0,99,000,00,2,6,04,A01
200600005242,0,07,000,00,2,2,01,B02
200600005243,0,07,000,13,0,9,13,A01
200600005244,0,07,000,00,2,1,02,A01
200600005244,0,07,000,06,0,4,02,B02
200600005245,0,07,000,02,0,3,00,A01
200600005246,0,07,000,02,0,3,13,A01
200600005247,0,07,000,02,0,2,00,A01
200600005248,0,07,000,00,2,3,13,A01
200600005248,0,07,000,00,2,3,01,B02
200600005249,0,07,000,02,0,2,00,A01
200600005250,0,07,000,00,2,3,15,A01
200600005250,0,02,000,00,2,3,01,B02
200600005251,0,07,000,00,2,1,13,A01
200600005251,0,07,000,00,2,1,01,B02
200600005252,0,05,000,00,0,0,01,A01
200600005253,0,07,000,00,1,2,21,A01
200600005254,0,07,000,00,0,1,01,B02
200600005254,0,07,000,00,0,0,00,A01
200600005255,0,07,000,00,2,2,17,A01
200600005255,0,07,000,00,2,8,10,B02
200600005256,0,07,000,00,1,2,01,A01
200600005257,0,07,000,00,0,3,23,A01
200600005257,0,07,000,01,0,3,13,B02
200600005258,0,07,000,00,2,3,01,A01
200600005258,0,07,000,00,2,3,01,B02
200600005259,0,10,000,13,0,3,01,A01
200600005260,0,03,000,00,2,7,13,A01
200600005260,0,14,000,00,2,2,01,B02
200600005261,0,07,000,00,1,1,01,A01
200600005262,0,02,000,00,0,6,01,A01
200600005263,0,07,000,00,2,3,19,A01
200600005263,0,07,000,00,2,1,01,B02
200600005264,0,07,000,00,0,3,01,A01
200600005265,0,07,000,00,2,1,01,A01
200600005265,0,07,000,00,2,3,19,B02
200600005266,0,07,000,06,0,1,01,A01
200600005267,0,07,000,02,0,2,02,A01
200600005268,0,07,000,13,0,1,01,A01
200600005269,0,07,000,13,0,2,21,A01
200600005270,0,10,000,02,0,8,17,A01
200600005270,0,17,000,00,2,8,01,B02
200600005271,0,07,000,00,0,0,00,A01
200600005272,0,07,000,00,2,2,15,A01
200600005272,0,07,000,00,2,1,01,B02
200600005273,0,07,000,13,0,1,01,A01
200600005274,0,99,000,00,0,0,01,B02
200600005274,0,10,000,00,0,3,01,C03
200600005275,0,07,000,00,5,1,14,A01
200600005276,0,05,000,00,0,1,01,A01
200600005276,0,07,000,00,0,3,01,B02
200600005277,0,07,000,00,0,0,21,A01
200600005278,0,07,000,00,2,3,13,A01
200600005278,0,18,000,00,2,3,16,B02
200600005279,0,07,000,03,0,1,01,B02
200600005280,0,07,000,00,2,1,01,A01
200600005280,0,07,000,00,2,4,01,B02
200600005281,0,02,000,00,0,2,14,A01
200600005282,0,02,000,00,2,8,19,B02
200600005282,0,07,000,00,2,3,01,A01
200600005283,0,07,000,00,1,2,01,A01
200600005284,0,07,000,03,0,3,01,A01
200600005285,0,07,000,02,0,1,01,A01
200600005286,0,07,000,00,1,3,01,A01
200600005287,0,07,000,00,2,5,11,A01
200600005287,0,02,000,00,2,8,01,B02
200600005288,0,07,000,00,1,2,01,A01
200600005289,0,07,000,00,2,7,13,A01
200600005289,0,07,000,00,2,1,01,B02
200600005290,0,02,000,00,2,7,01,B02
200600005290,0,07,000,00,2,1,09,A01
200600005291,0,07,000,00,1,1,01,A01
200600005292,0,02,000,00,0,8,19,A01
200600005292,0,07,000,00,2,1,01,B02
200600005293,0,07,000,00,1,2,01,A01
200600005294,0,07,000,00,2,3,15,A01
200600005294,0,02,000,00,2,7,01,B02
200600005295,0,07,000,00,1,1,16,A01
200600005296,0,07,000,00,0,0,00,A01
200600005297,1,07,000,00,9,1,01,A01
200600005297,0,01,000,00,2,1,01,B02
200600005298,0,07,000,00,2,1,01,B02
200600005298,0,07,000,00,2,8,15,A01
200600005299,0,07,000,00,2,1,17,A01
200600005299,0,07,000,00,2,1,01,B02
200600005300,0,07,000,02,0,7,01,A01
200600005301,0,07,000,00,2,3,13,A01
200600005301,0,07,000,00,2,3,01,B02
200600005302,0,05,000,00,0,0,10,A01
200600005303,0,07,000,00,1,1,01,A01
200600005304,0,07,000,13,0,2,01,A01
200600005305,0,07,000,13,0,8,01,A01
200600005306,0,07,000,00,2,3,01,A01
200600005306,0,07,000,00,2,3,01,B02
200600005307,0,07,000,00,1,1,01,A01
200600005308,0,07,000,02,0,1,01,A01
200600005309,0,07,000,13,0,1,01,A01
200600005310,0,07,000,02,0,6,01,A01
200600005311,0,07,000,00,1,3,01,A01
200600005312,0,07,000,00,0,9,01,A01
200600005313,0,07,000,00,0,1,02,A01
200600005313,0,07,000,00,0,4,02,B02
200600005314,0,07,000,00,2,3,13,A01
200600005314,0,07,000,00,2,3,01,B02
200600005315,0,07,000,00,0,3,13,A01
200600005315,0,07,000,00,0,3,01,B02
200600005316,0,07,000,00,2,4,02,A01
200600005316,0,07,000,00,2,1,02,B02
200600005317,0,07,000,00,2,2,06,A01
200600005317,0,07,000,00,2,3,01,B02
200600005317,0,07,000,00,2,3,01,C03
200600005318,0,07,000,02,0,1,01,A01
200600005319,0,02,000,00,2,1,02,A01
200600005319,0,07,000,00,0,3,02,B02
200600005320,0,07,000,02,0,1,01,A01
200600005321,0,07,000,00,2,1,01,A01
200600005321,0,07,000,00,2,1,01,B02
200600005322,0,07,000,00,2,1,01,A01
200600005322,0,07,000,00,2,2,13,B02
200600005323,0,07,000,02,0,2,14,A01
200600005324,0,07,000,15,2,1,14,A01
200600005324,0,07,000,00,2,1,01,B02
200600005325,0,07,000,00,1,1,01,A01
200600005326,0,07,000,00,1,1,01,A01
200600005327,0,07,000,00,2,3,17,A01
200600005327,0,07,000,00,2,3,01,B02
200600005328,0,07,000,00,2,3,02,A01
200600005328,0,02,000,00,2,4,15,B02
200600005329,0,07,000,16,0,0,01,A01
200600005330,0,07,000,00,0,0,21,A01
200600005331,0,10,000,00,2,1,01,B02
200600005331,0,07,000,00,2,8,19,A01
200600005332,0,07,000,00,2,1,00,A01
200600005332,0,07,000,00,2,7,00,C03
200600005333,0,07,000,00,2,2,05,A01
200600005333,0,07,000,00,2,2,01,B02
200600005334,0,07,000,02,0,7,00,A01
200600005335,0,07,000,02,0,9,01,A01
200600005336,0,04,000,01,0,2,01,A01
200600005336,0,15,000,00,0,6,24,B02
200600005337,0,07,000,00,0,1,00,A01
200600005338,0,07,000,13,0,5,01,A01
200600005339,0,07,000,02,0,8,13,A01
200600005340,0,07,000,02,0,1,14,A01
200600005341,0,07,000,00,2,7,14,A01
200600005341,0,07,000,00,2,1,01,B02
200600005342,0,07,000,00,1,1,01,A01
200600005343,0,07,000,00,0,1,00,A01
200600005343,0,14,000,00,0,3,00,B02
200600005344,0,07,000,16,0,9,01,A01
200600005345,0,07,000,02,0,1,01,A01
200600005346,0,07,000,00,2,8,01,A01
200600005346,0,10,000,00,2,1,19,B02
200600005347,0,07,000,00,2,6,10,A01
200600005347,0,07,000,00,2,1,00,B02
200600005348,0,07,000,00,2,3,01,A01
200600005349,0,02,000,00,2,8,21,A01
200600005350,0,17,000,00,0,6,23,A01
200600005350,0,04,000,01,0,1,02,B02
200600005351,0,07,000,00,2,1,01,A01
200600005351,0,07,000,00,2,1,05,B02
200600005352,0,07,000,13,0,9,15,B02
200600005353,0,07,000,00,0,2,01,A01
200600005353,0,99,000,00,0,3,01,B02
200600005354,0,05,000,13,0,1,01,A01
200600005355,0,07,000,00,0,6,15,A01
200600005355,0,02,000,00,0,1,01,B02
200600005356,0,07,000,08,2,9,15,A01
200600005356,0,07,000,00,2,1,01,B02
200600005356,0,07,000,00,2,1,01,C03
200600005357,0,07,000,00,2,2,13,A01
200600005357,0,10,000,00,2,3,01,B02
200600005358,0,07,000,13,0,9,01,A01
200600005359,0,07,000,13,0,2,01,A01
200600005360,0,07,000,00,1,2,01,A01
200600005361,0,07,000,00,2,1,13,A01
200600005361,0,07,000,00,2,1,01,B02
200600005362,0,07,000,00,2,3,01,A01
200600005362,0,07,000,00,2,2,13,B02
200600005363,0,07,000,00,0,2,01,A01
200600005364,0,07,000,02,0,1,13,A01
200600005365,0,15,000,16,0,8,01,A01
200600005366,0,10,000,00,1,3,15,A01
200600005367,0,02,000,00,0,0,16,A01
200600005368,0,07,000,00,1,7,01,A01
200600005369,0,07,000,00,1,1,01,A01
200600005370,0,07,000,00,1,2,01,A01
200600005371,0,07,000,02,0,3,15,A01
200600005372,0,02,000,00,2,1,01,A01
200600005372,0,07,000,00,2,2,19,B02
200600005373,0,07,000,00,2,3,13,A01
200600005373,0,07,000,00,2,3,01,B02
200600005374,0,07,000,07,2,1,01,A01
200600005374,0,07,000,00,2,3,15,B02
200600005375,0,07,000,13,0,8,17,A01
200600005376,0,07,000,13,0,8,01,A01
200600005377,0,07,000,00,0,9,01,A01
200600005378,0,07,000,00,2,3,01,A01
200600005378,0,07,000,00,2,1,01,B02
200600005378,0,07,000,00,2,1,01,C03
200600005378,0,07,000,00,2,1,01,D04
200600005379,0,07,000,00,2,1,05,A01
200600005379,0,07,000,00,2,1,01,B02
200600005380,0,07,000,00,2,1,15,A01
200600005380,0,02,000,00,2,1,01,B02
200600005381,0,07,000,00,2,1,01,A01
200600005381,0,07,000,00,2,1,01,B02
200600005382,0,07,000,00,2,3,13,A01
200600005382,0,07,000,00,2,3,21,B02
200600005383,0,07,000,02,0,3,01,A01
200600005384,0,07,000,13,0,9,01,A01
200600005385,0,07,000,00,2,3,01,A01
200600005385,0,07,000,00,2,3,01,B02
200600005386,0,07,000,02,0,1,14,A01
200600005387,0,07,000,02,0,1,01,A01
200600005388,0,02,000,16,0,7,02,A01
200600005389,0,07,000,01,1,2,14,A01
200600005389,0,07,000,00,1,6,00,B02
200600005389,0,07,000,00,0,0,00,C03
200600005390,0,07,000,00,1,2,01,A01
200600005391,0,07,000,14,0,6,01,A01
200600005392,0,02,000,06,0,1,01,A01
200600005393,0,07,000,00,0,0,00,A01
200600005393,0,07,000,00,2,3,01,B02
200600005394,0,07,000,09,0,1,15,A01
200600005395,0,07,000,00,2,7,13,A01
200600005395,0,07,000,00,2,1,00,B02
200600005396,0,07,000,00,2,1,13,A01
200600005396,0,07,000,00,2,1,01,B02
200600005397,0,07,000,00,2,1,09,A01
200600005397,0,07,000,00,0,2,01,B02
200600005398,0,07,000,00,2,1,01,A01
200600005398,0,02,000,00,0,4,01,B02
200600005399,0,07,000,00,2,2,17,A01
200600005399,0,07,000,02,0,0,14,B02
200600005400,0,07,000,00,2,2,15,A01
200600005400,0,02,000,00,2,3,01,B02
200600005401,0,07,000,06,0,3,13,A01
200600005402,0,07,000,02,0,8,01,A01
200600005403,0,07,000,00,2,1,01,A01
200600005403,0,07,000,00,2,8,15,B02
200600005404,0,07,000,00,0,1,13,A01
200600005404,0,07,000,00,0,1,01,B02
200600005405,0,07,000,00,1,3,01,A01
200600005406,0,07,000,00,2,2,17,A01
200600005406,0,07,000,00,2,3,00,B02
200600005407,0,17,000,14,0,2,02,A01
200600005408,0,07,000,13,0,2,01,A01
200600005409,0,07,000,00,2,1,16,A01
200600005409,0,07,000,00,2,1,01,B02
200600005410,0,07,000,00,0,0,00,A01
200600005411,0,07,000,08,0,2,01,A01
200600005412,0,07,000,13,0,1,01,A01
200600005413,0,07,000,00,0,2,19,A01
200600005414,0,07,000,00,0,1,01,A01
200600005415,0,07,000,00,2,8,10,A01
200600005415,0,07,000,00,2,1,17,B02
200600005416,0,07,000,00,2,5,01,A01
200600005416,0,10,000,00,2,2,01,B02
200600005416,0,07,000,00,2,1,02,C03
200600005417,0,02,000,00,2,1,01,A01
200600005417,0,07,000,00,2,3,19,B02
200600005418,0,07,000,00,2,7,19,A01
200600005418,0,07,000,00,2,1,01,B02
200600005419,0,05,000,00,2,8,01,A01
200600005419,0,07,000,00,2,3,17,B02
200600005420,0,02,000,00,2,1,13,A01
200600005420,0,07,000,00,2,3,01,B02
200600005421,0,07,000,00,2,1,19,A01
200600005421,0,07,000,00,2,3,21,B02
200600005422,0,07,000,13,0,2,13,A01
200600005423,0,07,000,00,2,2,13,A01
200600005423,0,07,000,00,2,1,01,B02
200600005423,0,07,000,00,0,6,01,C03
200600005424,0,07,000,00,2,3,15,A01
200600005424,0,07,000,00,2,3,01,B02
200600005425,0,07,000,00,2,8,13,A01
200600005425,0,07,000,00,2,8,01,B02
200600005425,0,07,000,00,2,1,01,C03
200600005425,0,15,000,00,2,3,01,D04
200600005426,0,07,000,00,1,3,15,A01
200600005427,0,07,000,13,0,1,01,A01
200600005428,0,07,000,00,2,3,06,A01
200600005428,0,02,000,00,2,1,02,B02
200600005429,0,07,000,00,2,2,13,A01
200600005429,0,07,000,00,2,1,01,B02
200600005430,0,07,000,00,2,1,01,A01
200600005430,0,07,000,00,2,1,00,B02
200600005431,0,07,000,00,2,7,17,A01
200600005431,0,07,000,00,2,1,01,B02
200600005432,0,07,000,13,0,2,01,A01
200600005433,0,07,000,13,2,8,04,A01
200600005433,0,07,000,00,2,1,01,B02
200600005434,0,07,000,00,2,1,15,A01
200600005434,0,02,000,00,2,1,01,B02
200600005435,0,07,000,08,0,1,01,A01
200600005436,0,07,000,00,2,1,01,A01
200600005436,0,07,000,00,2,8,01,B02
200600005437,0,07,000,00,9,2,01,A01
200600005437,0,01,000,00,2,8,01,B02
200600005438,0,07,000,13,0,2,01,A01
200600005439,0,07,000,13,0,1,01,A01
200600005440,0,07,000,13,0,1,00,A01
200600005441,0,07,000,00,1,2,01,A01
200600005442,0,07,000,02,0,8,01,A01
200600005443,0,14,000,00,2,1,02,A01
200600005443,0,07,000,00,2,8,15,B02
200600005444,0,07,000,16,0,2,01,A01
200600005445,0,07,000,00,2,7,01,A01
200600005445,0,07,000,00,2,5,15,C03
200600005446,0,07,000,13,0,1,01,A01
200600005447,0,07,000,08,0,1,01,A01
200600005448,0,07,000,00,1,1,01,A01
200600005449,0,02,000,01,2,3,13,A01
200600005449,0,07,000,00,2,3,01,B02
200600005449,0,07,000,00,0,3,23,C03
200600005450,0,07,000,13,2,7,00,A01
200600005450,0,07,000,00,2,6,01,B02
200600005450,0,07,000,00,2,1,01,C03
200600005451,0,07,000,13,0,9,01,A01
200600005452,0,07,000,02,0,1,01,A01
200600005452,0,07,000,02,0,6,01,B02
200600005453,0,07,000,00,1,3,01,A01
200600005454,0,07,000,00,2,1,15,A01
200600005454,0,07,000,00,0,6,16,B02
200600005455,0,07,000,00,1,1,01,A01
200600005456,0,07,000,00,2,3,13,A01
200600005456,0,17,000,00,2,3,01,B02
200600005457,0,07,000,00,2,1,13,A01
200600005457,0,07,000,00,2,1,01,B02
200600005458,0,07,000,00,2,2,17,A01
200600005458,0,02,000,00,2,1,01,B02
200600005459,0,17,000,00,2,1,01,A01
200600005459,0,07,000,00,2,3,01,B02
200600005459,0,07,000,00,2,6,19,C03
200600005460,0,02,000,11,0,1,16,A01
200600005461,0,02,000,00,2,7,19,A01
200600005461,0,07,000,00,2,1,01,B02
200600005462,0,07,000,00,2,3,13,A01
200600005462,0,07,000,00,2,3,01,B02
200600005463,0,07,000,00,2,3,00,A01
200600005463,0,02,000,00,2,1,17,B02
200600005464,0,07,000,00,2,1,01,A01
200600005464,0,14,000,00,2,3,01,B02
200600005465,0,07,000,02,0,6,13,A01
200600005466,0,17,000,00,2,6,13,A01
200600005466,0,07,000,00,2,3,01,B02
200600005467,0,07,000,11,0,4,06,A01
200600005467,0,07,000,00,2,1,01,B02
200600005468,0,03,000,00,2,3,13,A01
200600005468,0,07,000,00,2,3,01,B02
200600005469,0,07,000,00,2,7,13,A01
200600005469,0,14,000,00,2,1,21,B02
200600005470,0,14,000,00,2,3,13,A01
200600005470,0,14,000,00,2,3,01,B02
200600005471,0,07,000,00,2,1,01,A01
200600005471,0,07,000,00,2,1,01,B02
200600005472,0,07,000,00,2,3,01,A01
200600005472,0,07,000,00,2,3,01,B02
200600005473,0,07,000,08,0,5,01,A01
200600005474,0,02,000,00,2,1,01,A01
200600005474,0,07,000,00,2,1,15,B02
200600005475,0,07,000,00,2,1,19,A01
200600005475,0,02,000,00,2,1,01,B02
200600005476,0,07,000,00,1,1,01,A01
200600005477,0,02,000,00,2,2,01,A01
200600005477,0,07,000,00,2,3,01,B02
200600005478,0,07,000,00,2,3,01,A01
200600005478,0,21,000,00,2,6,01,B02
200600005479,0,07,000,02,6,1,21,A01
200600005480,0,07,000,00,2,3,15,A01
200600005480,0,07,000,00,2,1,01,B02
200600005481,0,07,000,00,6,1,21,A01
200600005482,0,07,000,02,0,7,01,A01
200600005483,0,07,000,00,1,2,01,A01
200600005484,0,07,000,00,1,1,02,A01
200600005485,0,15,000,03,0,8,17,A01
200600005486,0,09,000,00,0,4,02,A01
200600005486,0,07,000,00,2,1,02,B02
200600005486,0,07,000,14,0,2,02,C03
200600005487,0,07,000,03,2,1,13,A01
200600005487,0,07,000,03,2,1,01,B02
200600005488,0,07,000,00,2,6,17,A01
200600005488,0,07,000,00,2,2,17,B02
200600005489,0,07,000,14,2,1,02,A01
200600005489,0,07,000,00,1,4,23,B02
200600005490,0,07,000,13,2,5,13,A01
200600005490,0,13,000,00,2,2,23,B02
200600005491,0,07,000,00,1,4,04,A01
200600005492,0,07,000,00,2,3,21,A01
200600005492,0,07,000,00,2,3,03,B02
200600005493,0,07,000,00,2,1,17,A01
200600005493,0,07,000,00,2,1,01,B02
200600005494,0,07,000,13,0,3,01,A01
200600005495,0,07,000,00,2,3,01,B02
200600005495,0,17,000,00,2,0,01,C03
200600005495,0,17,000,00,2,6,01,D04
200600005495,0,07,000,00,2,2,15,A01
200600005496,0,38,038,02,0,2,01,A01
200600005497,0,05,000,00,2,3,02,A01
200600005497,0,07,000,00,0,4,15,B02
200600005498,0,07,000,00,2,3,13,A01
200600005498,0,07,000,00,2,3,01,B02
200600005499,0,07,000,13,0,2,00,A01
200600005500,0,07,000,02,0,3,14,A01
200600005501,0,07,000,04,2,9,01,A01
200600005501,0,07,000,00,2,1,01,B02
200600005502,0,07,000,00,2,3,02,A01
200600005502,0,07,000,00,2,4,02,B02
200600005503,0,07,000,00,9,7,15,A01
200600005503,0,01,000,00,2,1,01,B02
200600005504,0,07,000,00,2,3,01,A01
200600005504,0,07,000,00,2,3,01,B02
200600005505,0,07,000,06,0,1,13,A01
200600005505,0,07,000,06,0,3,13,B02
200600005506,0,07,000,00,1,2,01,A01
200600005507,0,07,000,02,0,1,01,A01
200600005508,0,13,000,00,2,1,01,A01
200600005508,0,07,000,00,2,8,00,B02
200600005509,0,07,000,00,2,7,13,A01
200600005509,0,07,000,00,2,1,01,B02
200600005510,0,07,000,00,2,1,01,A01
200600005510,0,07,000,00,0,4,00,B02
200600005511,0,07,000,08,0,7,01,A01
200600005512,0,07,000,00,2,3,13,A01
200600005512,0,07,000,00,2,3,01,B02
200600005513,0,07,000,00,2,1,05,A01
200600005513,0,07,000,00,2,1,01,B02
200600005514,0,07,000,00,1,2,01,A01
200600005515,0,07,000,00,2,8,13,A01
200600005515,0,07,000,00,2,3,01,B02
200600005515,0,07,000,00,2,3,01,C03
200600005516,0,07,000,00,2,3,13,A01
200600005516,0,17,000,00,2,3,01,B02
200600005517,0,07,000,08,0,2,01,A01
200600005518,0,07,000,02,0,1,14,A01
200600005519,0,07,000,00,2,1,17,A01
200600005519,0,07,000,00,2,1,01,B02
200600005519,0,07,000,00,0,4,01,C03
200600005520,0,07,000,00,2,3,15,A01
200600005520,0,02,000,00,2,7,17,B02
200600005521,0,07,000,00,2,7,02,A01
200600005521,0,07,000,00,2,4,23,B02
200600005521,0,02,000,01,2,8,01,C03
200600005522,1,07,000,00,0,0,00,A01
200600005523,0,10,000,00,1,2,01,A01
200600005524,0,07,000,00,2,1,01,A01
200600005524,0,07,000,00,2,1,05,B02
200600005525,0,05,000,00,2,1,01,A01
200600005525,0,07,000,00,2,3,19,B02
200600005526,0,07,000,00,1,3,01,A01
200600005527,0,07,000,00,0,1,05,A01
200600005527,0,07,000,00,0,1,01,B02
200600005528,0,14,000,00,2,1,01,A01
200600005528,0,07,000,00,2,1,01,B02
200600005529,0,18,037,00,2,3,01,A01
200600005529,0,07,000,00,0,0,00,B02
200600005530,0,07,000,00,2,8,13,A01
200600005530,0,07,000,00,2,8,01,B02
200600005530,0,07,000,00,2,3,01,C03
200600005531,0,07,000,13,0,2,01,A01
200600005532,0,02,000,00,0,7,01,B02
200600005532,0,07,000,00,2,1,19,A01
200600005533,0,07,000,00,2,1,01,A01
200600005533,0,01,000,00,0,5,01,B02
200600005534,0,07,000,00,1,1,15,A01
200600005535,0,07,000,00,0,0,01,A01
200600005536,0,07,000,02,0,1,01,A01
200600005537,0,07,000,00,1,1,01,A01
200600005538,0,05,000,05,0,3,01,A01
200600005539,0,07,000,00,0,1,01,A01
200600005540,0,07,000,00,2,1,13,A01
200600005540,0,07,000,00,2,1,00,B02
200600005541,0,07,000,00,0,6,24,A01
200600005541,0,02,000,01,0,1,02,B02
200600005542,0,07,000,00,2,3,06,A01
200600005542,0,07,000,00,2,3,01,B02
200600005542,0,07,000,00,2,2,01,C03
200600005543,0,07,000,00,2,7,13,A01
200600005543,0,07,000,00,2,1,01,B02
200600005544,0,05,000,00,2,2,02,A01
200600005544,0,07,000,00,2,8,15,B02
200600005545,0,05,000,00,2,1,01,A01
200600005545,0,07,000,00,2,6,15,B02
200600005546,0,07,000,13,0,2,14,A01
200600005547,0,02,000,00,0,0,01,A01
200600005548,0,07,000,00,1,1,09,A01
200600005548,0,99,000,00,2,0,00,B02
200600005549,0,07,000,00,2,6,01,A01
200600005549,0,07,000,00,0,0,00,B02
200600005550,0,07,000,00,1,2,01,A01
200600005551,0,07,000,00,2,2,19,A01
200600005551,0,07,000,00,2,1,01,B02
200600005551,0,07,000,00,0,0,00,C03
200600005552,0,07,000,00,2,3,01,A01
200600005552,0,07,000,00,2,3,13,B02
200600005553,0,07,000,00,2,1,02,A01
200600005553,0,07,000,00,2,4,01,B02
200600005554,0,05,000,04,0,8,03,A01
200600005555,0,07,000,00,2,2,19,A01
200600005555,0,02,000,00,2,1,01,B02
200600005556,0,02,000,00,2,1,01,A01
200600005556,0,07,000,00,2,3,01,B02
200600005557,0,07,000,00,1,1,15,A01
200600005558,0,07,000,03,0,1,05,A01
200600005559,0,07,000,01,0,1,02,A01
200600005559,0,07,000,00,0,4,02,B02
200600005560,0,07,000,00,1,2,01,A01
200600005561,0,07,000,00,2,7,17,A01
200600005561,0,01,000,00,2,8,01,B02
200600005562,0,07,000,00,1,1,02,A01
200600005563,0,12,000,00,2,2,13,A01
200600005563,0,07,000,00,2,2,01,B02
200600005564,0,07,000,13,0,2,01,A01
200600005565,0,07,000,06,0,1,01,A01
200600005566,0,07,000,16,0,1,01,A01
200600005567,0,07,000,00,2,1,01,A01
200600005567,0,02,000,00,2,1,01,B02
200600005568,0,07,000,00,0,0,00,A01
200600005568,0,01,000,00,2,4,01,B02
200600005568,0,01,000,00,2,4,01,C03
200600005569,0,07,000,00,2,1,01,A01
200600005569,0,07,000,00,2,8,15,B02
200600005570,0,07,000,00,0,0,00,A01
200600005570,0,07,000,00,2,1,01,B02
200600005571,0,07,000,00,1,0,01,A01
200600005572,0,07,000,02,0,1,02,A01
200600005573,0,05,000,03,0,9,01,A01
200600005574,0,07,000,13,0,1,01,A01
200600005575,0,07,000,00,2,7,17,A01
200600005575,0,10,000,00,2,3,01,B02
200600005575,0,17,000,00,2,3,01,C03
200600005576,0,07,000,00,2,1,01,A01
200600005576,0,07,000,00,2,7,13,B02
200600005577,0,05,000,00,2,1,01,A01
200600005577,0,07,000,00,2,1,13,B02
200600005578,0,07,000,00,2,3,15,A01
200600005578,0,05,000,00,2,1,01,B02
200600005579,0,07,000,00,1,2,01,A01
200600005580,0,07,000,02,0,3,01,A01
200600005581,0,07,000,13,0,2,00,A01
200600005582,0,07,000,02,0,1,01,A01
200600005583,0,07,000,00,0,1,00,A01
200600005584,0,02,000,00,2,1,01,A01
200600005584,0,07,000,00,2,3,15,B02
200600005585,0,07,000,13,0,1,01,A01
200600005585,0,07,000,00,0,1,01,B02
200600005586,0,07,000,00,0,3,16,A01
200600005586,0,07,000,00,2,2,01,B02
200600005587,0,07,000,02,0,2,01,A01
200600005588,0,02,000,00,2,1,01,B02
200600005589,0,05,000,00,2,8,01,B02
200600005589,0,07,000,00,2,1,01,A01
200600005590,0,07,000,00,2,3,13,A01
200600005590,0,07,000,00,2,3,01,B02
200600005591,0,07,000,00,2,5,13,A01
200600005591,0,07,000,00,0,0,00,B02
200600005592,0,07,000,02,0,4,01,A01
200600005593,0,07,000,13,0,1,01,A01
200600005594,0,07,000,00,9,8,01,A01
200600005594,0,01,000,00,2,0,00,B02
200600005595,0,07,000,00,2,2,17,A01
200600005595,0,01,000,00,2,4,01,B02
200600005596,0,07,000,00,2,8,01,A01
200600005596,0,07,000,00,2,3,13,B02
200600005596,0,07,000,00,2,1,01,C03
200600005597,0,07,000,06,0,3,13,A01
200600005598,0,07,000,08,0,1,13,A01
200600005599,0,07,000,08,2,3,13,A01
200600005599,0,18,001,00,2,8,01,B02
200600005600,0,02,000,00,2,7,17,A01
200600005600,0,07,000,00,2,3,01,B02
200600005601,0,07,000,00,1,0,00,A01
200600005602,0,07,000,00,0,8,15,A01
200600005602,0,05,000,00,2,2,01,B02
200600005603,0,07,000,00,2,3,15,A01
200600005603,0,05,000,00,2,1,01,B02
200600005603,0,07,000,01,0,2,01,C03
200600005604,0,07,000,00,2,1,17,A01
200600005604,0,07,000,00,2,1,01,B02
200600005604,0,15,000,00,2,8,01,C03
200600005605,0,07,000,02,0,8,00,A01
200600005606,0,07,000,08,0,4,13,A01
200600005607,0,07,000,00,1,1,15,A01
200600005608,0,07,000,00,2,1,01,A01
200600005608,0,07,000,00,2,1,01,B02
200600005609,0,05,000,12,0,1,01,A01
200600005610,0,07,000,00,0,2,20,A01
200600005611,0,07,000,00,0,3,15,A01
200600005612,0,07,000,02,0,3,00,A01
200600005613,0,07,000,10,0,9,01,A01
200600005614,0,07,000,00,2,2,17,A01
200600005614,0,14,000,00,2,6,01,B02
200600005614,0,07,000,14,0,1,01,C03
200600005615,0,07,000,00,2,1,00,A01
200600005615,0,07,000,00,2,1,00,B02
200600005616,0,07,000,00,1,1,01,A01
200600005616,0,07,000,00,2,7,23,B02
200600005617,0,13,000,00,0,6,23,A01
200600005617,0,04,000,01,9,1,01,B02
200600005618,0,07,000,00,1,3,01,A01
200600005619,0,07,000,02,0,1,01,A01
200600005620,0,07,000,00,2,5,15,A01
200600005620,0,05,000,00,2,1,01,B02
200600005621,0,07,000,16,0,2,01,A01
200600005622,0,07,000,13,0,1,13,A01
200600005623,0,01,000,00,0,8,01,A01
200600005624,0,04,000,00,2,1,01,A01
200600005624,0,07,000,00,2,2,15,B02
200600005625,0,07,000,00,2,1,14,A01
200600005625,0,07,000,00,2,2,01,B02
200600005626,0,07,000,00,2,8,15,A01
200600005626,0,05,000,00,2,1,17,B02
200600005627,0,07,000,06,0,1,01,A01
200600005628,0,07,000,00,2,1,13,A01