Num_Acc,senc,catv,occutc,obs,obsm,choc,manv,num_veh
200600005628,0,07,000,00,2,1,01,B02
200600005629,0,07,000,00,2,1,01,A01
200600005629,1,99,000,00,0,0,00,B02
200600005630,0,07,000,04,2,7,01,A01
200600005630,0,07,000,00,0,1,01,B02
200600005631,0,07,000,08,0,1,01,A01
200600005632,0,07,000,00,0,3,01,A01
200600005632,0,07,000,00,0,3,01,B02
200600005633,0,07,000,00,2,2,13,A01
200600005633,0,07,000,00,2,7,13,B02
200600005634,0,07,000,00,1,2,01,A01
200600005635,0,17,000,10,0,7,01,A01
200600005636,0,07,000,00,0,0,01,A01
200600005636,0,07,000,14,0,0,01,B02
200600005637,0,07,000,00,2,2,15,A01
200600005637,0,07,000,00,2,2,00,B02
200600005638,0,07,000,00,2,1,01,A01
200600005638,0,07,000,00,2,3,17,B02
200600005639,0,07,000,00,0,6,23,A01
200600005639,0,02,000,01,0,1,02,B02
200600005640,0,07,000,00,2,5,15,A01
200600005640,0,01,000,00,2,1,01,B02
200600005641,0,07,000,13,0,2,01,A01
200600005642,0,07,000,00,2,3,20,A01
200600005642,0,02,000,00,2,1,01,B02
200600005643,0,02,000,00,0,0,01,A01
200600005644,0,18,001,00,1,0,20,A01
200600005645,0,07,000,00,2,2,01,A01
200600005645,0,02,000,00,2,1,19,B02
200600005646,0,07,000,00,1,2,01,A01
200600005647,0,07,000,00,2,2,00,A01
200600005647,0,07,000,00,2,2,01,B02
200600005648,0,07,000,00,2,8,02,A01
200600005648,0,07,000,00,2,2,00,B02
200600005648,0,07,000,00,2,2,01,C03
200600005648,0,07,000,00,2,8,00,D04
200600005648,0,07,000,00,2,9,11,E05
200600005649,0,05,000,00,2,7,01,A01
200600005649,0,07,000,00,2,1,19,B02
200600005650,0,07,000,00,2,1,17,A01
200600005650,0,07,000,00,2,1,01,B02
200600005651,0,07,000,00,2,3,01,A01
200600005651,0,07,000,00,2,3,01,B02
200600005652,0,07,000,02,0,1,01,A01
200600005653,0,07,000,03,0,3,01,A01
200600005654,0,02,000,12,0,1,18,A01
200600005654,0,07,000,00,0,0,16,B02
200600005655,0,07,000,00,2,5,15,A01
200600005655,0,05,000,00,2,1,01,B02
200600005656,0,07,000,00,0,9,02,A01
200600005657,0,07,000,00,2,1,01,A01
200600005657,0,07,000,00,0,8,15,B02
200600005658,0,07,000,02,0,1,01,A01
200600005659,0,07,000,02,0,3,01,A01
200600005660,0,02,000,00,2,1,17,A01
200600005660,0,07,000,00,2,3,15,B02
200600005661,0,07,000,00,2,1,01,A01
200600005661,0,07,000,00,0,3,19,B02
200600005662,0,10,000,00,0,0,11,A01
200600005662,0,10,000,13,0,1,17,B02
200600005663,0,02,000,00,2,1,15,A01
200600005663,0,07,000,00,0,7,01,B02
200600005664,0,07,000,05,0,0,16,A01
200600005665,0,07,000,00,2,3,15,A01
200600005665,0,07,000,00,2,2,23,B02
200600005665,0,07,000,00,2,2,17,C03
200600005666,0,07,000,13,0,1,01,A01
200600005667,0,07,000,00,1,2,13,A01
200600005668,0,07,000,06,2,1,02,A01
200600005668,0,07,000,00,2,4,02,B02
200600005669,0,07,000,00,0,6,01,A01
200600005670,0,07,000,00,2,3,17,A01
200600005670,0,07,000,00,2,3,01,B02
200600005671,0,07,000,02,0,2,01,A01
200600005672,0,04,000,00,2,1,01,A01
200600005672,0,10,000,00,2,1,23,B02
200600005673,0,07,000,00,1,1,01,A01
200600005674,0,07,000,00,0,7,19,A01
200600005674,0,01,000,00,0,1,01,B02
200600005675,0,07,000,00,2,1,01,A01
200600005675,0,07,000,00,2,1,01,B02
200600005676,0,07,000,00,2,1,13,A01
200600005676,0,07,000,00,2,7,01,B02
200600005676,0,07,000,00,2,2,01,C03
200600005677,0,07,000,00,2,9,05,A01
200600005677,0,07,000,00,2,2,02,B02
200600005677,0,07,000,00,9,1,13,C03
200600005678,0,07,000,00,0,0,00,A01
200600005678,0,05,000,00,0,0,09,B02
200600005679,0,07,000,04,0,1,01,A01
200600005680,0,07,000,00,2,7,05,A01
200600005680,0,07,000,00,2,7,05,B02
200600005681,0,07,000,00,0,0,01,A01
200600005682,0,15,000,07,2,8,10,A01
200600005682,0,07,000,00,2,1,01,B02
200600005683,0,07,000,12,1,1,01,A01
200600005684,0,07,000,00,2,4,23,A01
200600005684,0,13,000,01,0,1,02,B02
200600005685,0,07,000,00,2,1,13,A01
200600005685,0,07,000,00,2,2,01,B02
200600005686,0,07,000,00,1,7,21,A01
200600005687,0,13,000,00,2,5,17,A01
200600005687,0,07,000,00,0,0,02,B02
200600005688,0,07,000,00,9,8,22,A01
200600005688,0,01,000,01,0,1,22,B02
200600005688,0,01,000,01,0,2,22,C03
200600005689,0,07,000,00,2,3,01,A01
200600005689,0,07,000,00,2,3,01,B02
200600005690,0,02,000,14,0,2,17,A01
200600005691,0,07,000,00,1,1,01,A01
200600005692,0,07,000,00,2,6,01,A01
200600005692,0,17,000,00,2,3,01,B02
200600005692,0,07,000,00,2,3,11,C03
200600005693,0,07,000,00,0,0,17,A01
200600005693,0,07,000,00,2,9,17,B02
200600005694,0,07,000,07,0,1,01,A01
200600005695,0,02,000,00,2,1,01,A01
200600005695,0,07,000,00,2,3,13,B02
200600005696,0,07,000,02,0,1,14,A01
200600005697,0,07,000,00,2,3,10,A01
200600005697,0,05,000,00,2,1,01,B02
200600005698,0,07,000,00,0,0,00,A01
200600005699,0,07,000,00,0,2,01,A01
200600005699,0,02,000,00,2,1,01,B02
200600005700,0,07,000,00,2,2,02,A01
200600005700,0,07,000,00,2,6,02,B02
200600005700,0,07,000,00,2,5,02,C03
200600005701,0,07,000,00,2,3,19,A01
200600005701,0,07,000,00,2,1,01,B02
200600005702,0,05,000,00,0,8,01,A01
200600005703,0,07,000,00,2,2,19,A01
200600005703,0,07,000,00,2,3,01,B02
200600005704,0,07,000,02,0,1,01,A01
200600005705,0,18,000,00,2,3,01,A01
200600005705,0,07,000,00,2,8,15,B02
200600005706,0,05,000,00,2,1,17,A01
200600005706,0,07,000,00,2,8,15,B02
200600005707,0,02,000,00,2,1,13,A01
200600005707,0,07,000,00,2,1,01,B02
200600005708,0,07,000,00,0,1,01,A01
200600005709,0,07,000,00,2,3,17,A01
200600005709,0,13,000,00,2,3,01,B02
200600005709,0,10,000,00,2,8,01,C03
200600005710,0,07,000,16,0,9,01,A01
200600005711,0,07,000,00,2,3,15,A01
200600005711,0,02,000,00,2,1,01,B02
200600005712,0,07,000,00,0,1,01,A01
200600005712,0,07,000,00,0,1,01,B02
200600005713,0,07,000,13,0,9,01,A01
200600005714,0,07,000,00,2,1,15,A01
200600005714,0,07,000,00,2,1,01,B02
200600005715,0,07,000,00,2,8,15,A01
200600005715,0,02,000,00,2,1,01,B02
200600005716,0,13,000,00,2,1,02,A01
200600005716,0,17,000,00,2,1,02,B02
200600005716,0,17,000,00,2,4,23,C03
200600005717,0,14,000,00,2,3,15,A01
200600005717,0,07,000,00,2,3,01,B02
200600005718,0,07,000,02,0,4,01,A01
200600005719,0,07,000,00,2,3,13,A01
200600005719,0,07,000,00,2,3,00,B02
200600005720,0,02,000,00,2,3,00,A01
200600005720,0,07,000,00,2,3,01,B02
200600005721,0,07,000,08,0,3,13,A01
200600005722,0,07,000,00,1,2,01,A01
200600005723,0,07,000,04,0,3,01,A01
200600005724,0,05,000,00,2,7,01,A01
200600005724,0,07,000,00,2,3,19,B02
200600005725,0,02,000,00,2,8,01,A01
200600005725,0,02,000,00,2,7,17,B02
200600005726,0,02,000,00,0,1,01,A01
200600005726,0,01,000,00,0,4,00,B02
200600005727,0,02,000,00,2,1,02,A01
200600005727,0,01,000,00,2,4,02,B02
200600005728,0,07,000,13,0,7,01,A01
200600005729,0,01,000,00,2,1,15,A01
200600005729,0,07,000,00,2,2,01,B02
200600005730,0,07,000,00,2,3,13,A01
200600005730,0,07,000,00,2,3,01,B02
200600005731,0,07,000,02,0,1,13,A01
200600005732,0,07,000,00,2,3,13,A01
200600005732,0,16,000,00,2,3,01,B02
200600005733,0,01,000,00,2,0,01,A01
200600005733,0,17,000,00,2,5,17,B02
200600005734,0,07,000,00,1,3,01,A01
200600005735,0,07,000,08,0,7,01,A01
200600005736,0,07,000,13,0,3,13,A01
200600005737,0,07,000,00,2,1,01,A01
200600005737,0,07,000,00,2,6,13,B02
200600005738,0,07,000,00,0,3,13,A01
200600005739,0,07,000,00,2,3,13,A01
200600005739,0,07,000,00,2,2,21,B02
200600005740,0,02,000,00,2,1,13,A01
200600005740,0,07,000,00,9,1,01,B02
200600005741,0,14,000,09,2,2,01,A01
200600005741,0,07,000,00,2,3,19,B02
200600005742,0,04,000,00,2,3,01,A01
200600005743,0,05,000,00,2,1,01,A01
200600005743,0,07,000,00,2,8,15,B02
200600005744,0,05,000,00,2,3,17,A01
200600005744,0,07,000,00,2,3,01,B02
200600005745,0,14,000,00,0,2,01,A01
200600005745,0,01,000,00,0,1,15,B02
200600005746,0,07,000,00,2,7,01,A01
200600005746,0,07,000,00,2,1,01,B02
200600005747,0,07,000,00,0,1,01,A01
200600005747,0,07,000,00,0,1,01,B02
200600005748,0,07,000,00,2,2,01,A01
200600005748,0,07,000,00,2,8,01,B02
200600005749,0,07,000,00,2,1,19,A01
200600005749,0,07,000,00,2,2,01,B02
200600005750,0,07,000,08,0,8,19,A01
200600005751,0,05,000,10,0,1,01,A01
200600005752,0,21,000,00,2,0,19,A01
200600005752,0,07,000,00,2,1,01,C03
200600005753,0,07,000,00,2,1,05,A01
200600005753,0,13,000,00,2,1,01,B02
200600005754,0,07,000,16,0,0,02,B02
200600005755,0,02,000,00,2,5,01,B02
200600005756,0,07,000,16,0,2,01,A01
200600005757,0,07,000,02,0,3,19,A01
200600005758,0,99,000,08,0,1,15,A01
200600005759,0,07,000,00,2,7,13,A01
200600005759,0,07,000,00,2,1,01,B02
200600005760,0,07,000,00,2,1,13,A01
200600005760,0,07,000,00,2,1,00,B02
200600005761,0,07,000,13,0,1,02,A01
200600005762,0,07,000,13,0,7,01,A01
200600005763,0,07,000,00,2,2,02,A01
200600005763,0,01,000,00,0,4,02,B02
200600005764,0,10,000,00,1,2,01,A01
200600005765,0,05,000,13,0,2,00,A01
200600005766,0,07,000,00,2,6,01,A01
200600005766,0,07,000,00,2,1,01,B02
200600005767,0,07,000,13,0,3,01,A01
200600005768,0,07,000,00,0,3,13,A01
200600005768,0,17,000,00,0,3,01,B02
200600005769,0,07,000,13,0,1,01,A01
200600005770,0,02,000,01,0,1,01,A01
200600005771,0,07,000,00,2,3,09,A01
200600005771,0,07,000,00,2,1,01,B02
200600005771,0,07,000,00,2,1,01,C03
200600005772,0,07,000,00,2,3,05,A01
200600005772,0,15,000,00,2,1,00,B02
200600005773,1,07,000,00,9,2,01,A01
200600005773,0,01,000,00,0,4,01,B02
200600005774,0,02,000,00,2,2,05,A01
200600005774,0,07,000,00,2,2,21,B02
200600005775,0,01,000,00,9,0,01,A01
200600005775,0,01,000,00,0,1,02,B02
200600005776,0,07,000,00,0,0,16,A01
200600005777,0,05,000,00,2,3,01,A01
200600005777,0,10,000,00,2,3,01,B02
200600005778,0,07,000,00,9,2,02,A01
200600005778,0,01,000,00,0,4,02,B02
200600005779,0,07,000,13,0,1,01,A01
200600005780,0,07,000,00,2,5,15,A01
200600005780,0,07,000,00,2,1,00,B02
200600005781,0,07,000,08,0,1,01,A01
200600005782,0,07,000,00,0,0,00,A01
200600005783,0,10,000,00,2,1,01,B02
200600005783,0,07,000,00,2,8,15,A01
200600005784,0,07,000,00,1,8,01,A01
200600005785,0,10,000,00,2,1,01,A01
200600005785,0,07,000,00,2,3,15,B02
200600005786,0,07,000,13,0,1,14,A01
200600005787,0,07,000,00,0,1,01,A01
200600005787,0,07,000,00,0,1,13,B02
200600005788,0,07,000,00,2,3,01,A01
200600005788,0,07,000,00,2,3,13,B02
200600005789,0,07,000,00,2,3,01,A01
200600005789,0,05,000,00,6,1,01,B02
200600005790,0,21,000,00,0,6,01,A01
200600005790,0,07,000,00,2,3,13,B02
200600005791,0,07,000,00,1,4,04,A01
200600005791,0,07,000,00,2,5,23,B02
200600005792,0,07,000,13,0,1,01,A01
200600005793,0,07,000,00,0,2,00,A01
200600005794,0,07,000,00,2,3,13,A01
200600005794,0,07,000,00,2,3,01,B02
200600005794,0,07,000,00,2,2,01,C03
200600005795,0,07,000,13,0,1,01,A01
200600005796,0,07,000,02,0,8,01,A01
200600005797,0,07,000,00,0,3,01,A01
200600005797,0,07,000,00,0,7,00,B02
200600005798,0,07,000,13,0,9,01,A01
200600005799,0,07,000,00,2,2,15,A01
200600005799,0,02,000,00,2,1,01,B02
200600005800,0,07,000,00,9,3,15,A01
200600005800,0,02,000,00,2,1,01,B02
200600005801,0,07,000,08,0,4,01,A01
200600005802,0,07,000,00,2,2,15,A01
200600005802,0,07,000,00,2,1,01,B02
200600005803,0,07,000,02,0,0,13,A01
200600005804,0,07,000,01,0,1,02,A01
200600005804,0,07,000,00,0,6,00,B02
200600005804,0,07,000,00,0,6,00,C03
200600005805,0,07,000,00,2,2,17,A01
200600005805,0,07,000,00,2,2,01,B02
200600005805,0,07,000,00,2,6,01,C03
200600005805,0,07,000,00,2,2,01,D04
200600005805,0,07,000,00,2,6,01,E05
200600005805,0,07,000,00,2,2,17,G07
200600005806,0,07,000,00,2,1,13,A01
200600005806,0,07,000,00,2,1,01,B02
200600005807,0,01,000,00,2,1,19,A01
200600005807,0,07,000,00,9,2,01,B02
200600005808,0,07,000,00,2,3,13,A01
200600005808,0,17,000,00,2,3,21,B02
200600005809,0,07,000,00,2,3,13,A01
200600005809,0,10,000,00,2,3,01,B02
200600005810,0,05,000,00,2,1,01,A01
200600005810,0,07,000,00,2,4,13,B02
200600005811,1,07,000,00,1,1,01,A01
200600005812,0,07,000,01,0,2,14,A01
200600005812,0,17,000,00,0,6,00,B02
200600005813,0,07,000,00,2,1,17,A01
200600005813,0,07,000,00,2,8,01,B02
200600005813,0,07,000,00,2,3,01,C03
200600005814,0,07,000,00,0,6,02,A01
200600005814,0,07,000,00,2,2,12,B02
200600005815,0,14,000,00,2,1,01,A01
200600005815,0,15,000,00,0,0,01,B02
200600005816,0,07,000,13,0,3,21,A01
200600005817,0,07,000,13,0,1,01,A01
200600005818,0,07,000,13,0,1,01,A01
200600005819,0,07,000,00,1,3,01,A01
200600005820,0,07,000,06,0,7,01,A01
200600005821,0,07,000,00,0,0,00,A01
200600005822,0,07,000,00,1,3,15,A01
200600005823,0,07,000,00,2,3,02,A01
200600005823,0,07,000,00,2,7,14,B02
200600005824,0,07,000,06,0,1,01,A01
200600005825,0,07,000,00,2,1,15,A01
200600005825,0,02,000,00,2,1,01,B02
200600005826,0,02,000,00,2,1,01,A01
200600005826,0,07,000,00,2,7,01,B02
200600005827,0,07,000,00,0,9,01,A01
200600005828,0,15,000,02,0,1,01,A01
200600005828,0,07,000,00,0,7,01,B02
200600005828,0,07,000,00,0,1,01,C03
200600005829,0,16,000,03,0,1,14,A01
200600005830,0,10,000,04,0,3,21,A01
200600005830,0,07,000,04,2,4,00,B02
200600005831,0,07,000,00,2,2,14,A01
200600005831,0,07,000,00,2,6,01,B02
200600005832,0,07,000,00,0,6,19,A01
200600005832,0,07,000,00,2,1,01,B02
200600005833,0,07,000,04,0,3,13,A01
200600005833,0,07,000,04,2,8,17,B02
200600005834,0,07,000,00,2,1,02,A01
200600005834,0,07,000,00,2,4,02,B02
200600005834,0,07,000,00,2,4,02,C03
200600005835,0,07,000,02,0,2,14,A01
200600005836,0,13,000,02,0,1,14,A01
200600005837,0,07,000,00,2,1,13,A01
200600005837,0,07,000,00,2,3,01,B02
200600005838,0,14,000,00,2,1,02,A01
200600005838,0,07,000,00,0,4,02,B02
200600005839,0,07,000,00,2,3,00,A01
200600005839,0,17,000,00,2,2,21,B02
200600005840,0,07,000,03,2,9,02,A01
200600005840,0,07,000,00,0,8,02,B02
200600005840,0,07,000,01,0,1,02,C03
200600005841,0,04,000,00,2,1,01,A01
200600005841,0,07,000,00,2,5,01,B02
200600005842,0,07,000,00,2,3,15,A01
200600005842,0,05,000,00,2,2,01,B02
200600005843,0,05,000,13,0,1,14,A01
200600005844,0,07,000,00,2,1,15,A01
200600005844,0,02,000,00,2,1,01,B02
200600005845,0,07,000,00,0,3,13,A01
200600005845,0,01,000,00,0,6,19,B02
200600005846,0,07,000,00,2,3,15,A01
200600005846,0,02,000,00,2,2,01,B02
200600005847,0,07,000,00,9,3,16,A01
200600005847,0,02,000,00,2,1,01,B02
200600005848,0,07,000,00,1,1,01,A01
200600005849,0,07,000,04,0,9,01,A01
200600005850,0,07,000,00,2,1,02,A01
200600005850,0,07,000,06,0,4,02,B02
200600005851,0,17,000,00,0,0,02,A01
200600005851,0,17,000,00,2,1,02,C03
200600005852,0,07,000,00,0,9,00,A01
200600005853,0,07,000,13,0,9,02,A01
200600005854,0,07,000,00,2,2,01,A01
200600005854,0,17,000,00,0,6,01,B02
200600005855,0,07,000,04,0,3,01,A01
200600005856,0,07,000,03,2,4,13,A01
200600005856,0,15,000,00,2,1,01,B02
200600005856,0,15,000,00,2,5,01,C03
200600005857,0,07,000,00,0,0,09,A01
200600005857,0,01,000,00,0,0,01,B02
200600005857,0,07,000,00,0,0,09,C03
200600005857,0,01,000,00,0,0,00,D04
200600005858,0,07,000,00,2,3,15,A01
200600005858,0,02,000,00,2,1,01,B02
200600005859,0,07,000,00,0,0,13,A01
200600005860,0,07,000,00,2,2,01,A01
200600005860,0,17,000,00,0,8,01,B02
200600005861,0,07,000,00,2,2,01,A01
200600005861,0,17,000,00,0,6,00,B02
200600005862,0,07,000,00,2,1,01,A01
200600005863,0,07,000,00,2,2,17,A01
200600005863,0,07,000,00,2,3,01,B02
200600005864,0,07,000,03,0,6,01,A01
200600005865,0,17,000,00,2,0,11,B02
200600005866,0,07,000,00,2,1,02,A01
200600005866,0,07,000,00,0,4,23,B02
200600005866,0,07,000,00,0,4,23,C03
200600005867,0,07,000,00,2,3,05,A01
200600005867,0,07,000,00,2,3,21,C03
200600005868,0,17,000,00,2,3,01,A01
200600005868,0,07,000,00,2,3,17,B02
200600005869,0,05,000,00,5,1,01,A01
200600005870,0,07,000,00,2,1,01,A01
200600005870,0,07,000,00,2,3,00,B02
200600005871,0,07,000,13,0,2,01,A01
200600005872,0,07,000,04,0,2,01,A01
200600005873,0,07,000,03,0,9,14,A01
200600005874,0,07,000,03,9,9,19,A01
200600005874,0,07,000,01,2,1,02,B02
200600005875,0,07,000,03,0,9,01,A01
200600005875,0,07,000,00,2,1,02,B02
200600005875,0,07,000,00,2,1,02,C03
200600005875,0,07,000,00,2,2,02,D04
200600005876,0,17,000,03,2,2,06,A01
200600005876,0,07,000,00,2,8,01,B02
200600005877,0,07,000,03,2,9,06,A01
200600005877,0,17,000,00,2,8,02,B02
200600005878,0,17,000,00,0,6,02,A01
200600005878,0,07,000,00,2,1,02,B02
200600005879,0,07,000,00,0,8,15,A01
200600005879,0,02,000,00,2,2,17,B02
200600005880,0,05,000,00,5,1,19,A01
200600005880,0,05,000,00,5,1,19,B02
200600005881,0,07,000,00,2,3,15,A01
200600005881,0,04,000,00,2,7,17,B02
200600005882,0,07,000,00,2,3,23,A01
200600005882,0,17,000,00,2,3,01,B02
200600005882,0,17,000,01,0,1,21,C03
200600005883,0,07,000,13,0,7,17,A01
200600005884,0,07,000,00,2,3,00,A01
200600005884,0,07,000,00,2,3,21,B02
200600005885,0,07,000,00,2,8,11,A01
200600005885,0,15,000,00,2,7,01,B02
200600005886,0,07,000,03,2,3,01,A01
200600005887,0,17,000,00,0,4,23,A01
200600005887,0,17,000,00,2,1,01,B02
200600005888,0,10,000,00,0,4,23,A01
200600005888,0,11,000,01,1,2,01,B02
200600005888,0,10,000,00,0,8,23,C03
200600005889,0,07,000,03,0,7,11,A01
200600005889,0,07,000,03,0,3,01,B02
200600005889,0,07,000,00,2,4,24,C03
200600005889,0,07,000,01,0,1,01,D04
200600005890,0,07,000,14,2,1,21,A01
200600005890,0,17,000,00,0,5,14,B02
200600005891,0,07,000,00,0,4,23,A01
200600005891,0,07,000,00,0,1,02,B02
200600005892,0,07,000,00,2,1,02,A01
200600005892,0,17,000,00,0,4,02,B02
200600005893,0,17,000,13,0,3,01,A01
200600005894,0,07,000,00,2,8,14,A01
200600005894,0,07,000,00,2,6,09,B02
200600005895,0,07,000,04,2,3,01,A01
200600005895,0,07,000,00,2,1,01,B02
200600005896,0,07,000,04,0,2,17,A01
200600005897,0,07,000,06,0,2,00,A01
200600005897,0,07,000,00,2,7,01,B02
200600005897,0,15,000,00,2,8,01,C03
200600005897,0,07,000,00,2,3,00,D04
200600005898,0,07,000,00,1,2,01,A01
200600005899,0,07,000,00,2,3,01,A01
200600005899,0,07,000,00,2,5,13,B02
200600005900,0,07,000,03,0,4,02,A01
200600005900,0,07,000,00,2,2,02,B02
200600005900,0,07,000,01,0,2,01,C03
200600005901,0,07,000,13,0,8,01,A01
200600005902,0,07,000,04,0,9,01,A01
200600005903,0,07,000,00,2,3,01,A01
200600005903,0,07,000,00,2,5,01,B02
200600005904,0,07,000,00,2,3,17,A01
200600005904,0,07,000,00,0,5,02,B02
200600005904,0,07,000,00,2,2,01,C03
200600005904,0,07,000,00,2,1,01,D04
200600005905,1,07,000,00,1,3,01,A01
200600005906,0,07,000,00,2,1,02,A01
200600005906,0,07,000,00,2,4,02,B02
200600005907,0,10,000,03,0,2,00,A01
200600005908,0,07,000,03,5,3,13,A01
200600005908,0,07,000,00,2,3,14,B02
200600005908,0,07,000,00,2,1,14,C03
200600005909,0,07,000,00,2,1,02,A01
200600005909,0,07,000,00,2,4,02,B02
200600005909,0,07,000,00,2,4,02,C03
200600005910,0,07,000,13,0,1,01,A01
200600005911,0,07,000,00,2,2,02,A01
200600005911,0,07,000,00,2,6,02,B02
200600005912,0,07,000,00,0,1,01,A01
200600005913,0,07,000,00,0,6,09,A01
200600005913,0,15,000,00,0,2,02,B02
200600005914,0,07,000,00,0,4,02,A01
200600005914,0,17,000,00,0,1,02,B02
200600005915,0,07,000,13,0,9,01,A01
200600005916,0,15,000,00,0,0,01,A01
200600005917,0,17,000,03,0,2,01,A01
200600005918,0,07,000,03,2,8,09,A01
200600005918,0,07,000,00,2,9,02,B02
200600005918,0,20,000,00,2,1,02,C03
200600005919,0,07,000,03,0,1,13,A01
200600005920,0,07,000,04,0,1,01,A01
200600005921,0,07,000,00,2,1,02,A01
200600005921,0,07,000,00,2,4,02,B02
200600005922,0,07,000,14,0,2,01,A01
200600005923,0,07,000,00,2,2,17,A01
200600005923,0,17,000,00,0,0,01,B02
200600005924,0,07,000,03,0,8,14,A01
200600005925,0,07,000,00,2,3,15,A01
200600005925,0,07,000,00,2,1,01,B02
200600005926,0,07,000,00,2,8,15,A01
200600005926,0,05,000,00,2,1,01,B02
200600005927,0,07,000,00,2,2,15,A01
200600005927,0,02,000,00,2,8,01,B02
200600005928,0,07,000,02,0,4,01,A01
200600005929,0,07,000,00,2,5,15,A01
200600005929,0,05,000,00,2,7,01,B02
200600005930,0,17,000,01,0,2,14,A01
200600005930,0,07,000,00,0,4,24,B02
200600005931,0,07,000,03,0,9,01,A01
200600005932,0,07,000,00,1,3,01,A01
200600005933,0,07,000,00,0,3,15,A01
200600005934,0,07,000,03,0,1,01,A01
200600005935,0,07,000,03,0,1,01,A01
200600005936,0,07,000,00,2,6,17,A01
200600005936,0,05,000,00,2,1,17,B02
200600005937,0,07,000,09,0,2,00,A01
200600005937,0,07,000,00,2,3,01,B02
200600005938,0,07,000,00,2,2,09,A01
200600005938,0,07,000,00,2,3,02,B02
200600005939,0,17,000,03,0,2,14,A01
200600005940,0,07,000,14,0,1,01,A01
200600005941,0,07,000,00,2,3,19,A01
200600005941,0,02,000,00,2,1,01,B02
200600005942,0,07,000,00,2,1,01,A01
200600005942,0,07,000,00,2,8,01,B02
200600005943,0,07,000,00,2,8,01,A01
200600005943,0,07,000,00,2,1,01,B02
200600005943,0,07,000,00,2,3,13,C03
200600005944,0,07,000,00,2,1,13,A01
200600005944,0,07,000,00,2,1,01,B02
200600005945,0,07,000,00,1,3,01,A01
200600005946,0,14,000,00,2,1,02,A01
200600005946,0,17,000,00,2,4,02,B02
200600005947,0,07,000,00,0,1,13,A01
200600005947,0,07,000,00,0,3,01,B02
200600005948,0,05,000,00,2,0,18,A01
200600005948,0,17,000,00,2,7,01,B02
200600005949,0,07,000,00,2,1,14,A01
200600005949,0,07,000,00,0,4,01,B02
200600005950,0,07,000,13,0,1,01,A01
200600005951,0,07,000,03,0,2,21,A01
200600005952,0,07,000,03,0,7,01,A01
200600005953,0,07,000,00,0,5,23,A01
200600005953,0,15,000,00,0,4,23,B02
200600005953,0,14,000,00,2,8,23,C03
200600005953,0,07,000,01,0,3,17,D04
200600005953,0,07,000,00,0,7,23,E05
200600005953,0,17,000,01,0,1,02,F06
200600005954,0,07,000,00,2,1,02,A01
200600005954,0,07,000,00,0,4,01,B02
200600005954,0,07,000,00,4,3,21,C03
200600005955,0,07,000,13,0,1,01,A01
200600005956,0,07,000,00,2,1,01,A01
200600005956,0,13,000,00,0,4,01,B02
200600005957,0,07,000,00,0,1,21,A01
200600005958,0,14,000,11,0,1,01,A01
200600005959,0,07,000,00,1,2,01,A01
200600005960,0,07,000,00,2,3,17,A01
200600005960,0,07,000,00,0,8,01,B02
200600005961,0,07,000,00,2,6,15,A01
200600005961,0,07,000,00,2,2,17,B02
200600005962,0,07,000,00,2,1,19,A01
200600005962,0,04,000,00,2,8,01,B02
200600005963,0,07,000,00,2,6,15,A01
200600005963,0,07,000,00,2,3,21,B02
200600005964,0,07,000,00,2,3,13,A01
200600005964,0,07,000,00,2,3,01,B02
200600005964,0,07,000,00,2,1,01,C03
200600005964,0,07,000,00,2,1,02,D04
200600005965,0,14,000,00,2,1,02,A01
200600005965,0,07,000,00,2,4,23,B02
200600005966,0,07,000,13,0,1,01,A01
200600005967,0,05,000,00,0,9,01,A01
200600005968,0,07,000,00,2,7,10,A01
200600005968,0,05,000,00,2,1,01,B02
200600005969,0,07,000,00,2,6,01,A01
200600005969,0,07,000,00,2,3,17,B02
200600005970,0,07,000,00,2,1,13,A01
200600005970,0,07,000,00,2,1,01,B02
200600005970,0,07,000,00,2,3,01,C03
200600005971,0,07,000,13,0,2,14,A01
200600005972,0,07,000,00,2,2,15,A01
200600005972,0,02,000,00,2,1,01,B02
200600005973,0,07,000,00,2,1,09,A01
200600005973,0,07,000,00,2,1,21,B02
200600005973,0,07,000,00,2,1,01,C03
200600005974,0,01,000,00,2,8,01,A01
200600005974,0,07,000,00,2,1,19,B02
200600005975,0,07,000,00,2,1,01,A01
200600005975,0,10,000,00,0,4,01,B02
200600005976,0,07,000,00,2,7,02,A01
200600005976,0,17,000,03,2,3,02,B02
200600005977,0,07,000,13,0,9,01,A01
200600005978,0,07,000,04,0,3,01,A01
200600005979,0,07,000,03,0,1,01,A01
200600005980,0,07,000,02,0,2,17,A01
200600005980,0,07,000,00,2,3,02,B02
200600005981,0,07,000,03,0,3,00,A01
200600005982,0,07,000,00,0,1,01,A01
200600005983,0,07,000,00,2,1,01,A01
200600005983,0,07,000,00,0,1,13,B02
200600005984,0,17,000,03,0,8,01,A01
200600005985,0,12,000,00,0,8,02,A01
200600005985,0,07,000,00,2,1,02,B02
200600005986,0,07,000,04,0,1,02,A01
200600005986,0,07,000,04,0,1,02,B02
200600005987,0,07,000,03,0,1,01,A01
200600005987,0,07,000,00,0,1,01,B02
200600005988,0,07,000,04,0,8,00,A01
200600005989,0,07,000,03,2,1,21,A01
200600005989,0,17,000,00,0,4,01,B02