Num_Acc,senc,catv,occutc,obs,obsm,choc,manv,num_veh
200600005989,0,07,000,03,2,1,02,C03
200600005990,0,17,000,03,0,7,01,A01
200600005991,0,07,000,00,2,4,01,A01
200600005991,0,07,000,00,2,4,02,B02
200600005991,0,07,000,00,2,1,02,C03
200600005991,0,07,000,00,2,1,02,D04
200600005992,0,07,000,00,2,7,15,A01
200600005992,0,02,000,00,2,1,01,B02
200600005993,0,07,000,00,2,2,01,A01
200600005994,0,07,000,00,0,0,00,A01
200600005994,0,07,000,00,0,0,00,B02
200600005995,0,07,000,04,0,3,01,A01
200600005996,0,17,000,00,0,8,01,A01
200600005997,0,07,000,00,0,7,01,A01
200600005998,0,07,000,08,0,1,13,A01
200600005999,0,07,000,00,2,1,02,A01
200600005999,0,07,000,00,0,4,02,B02
200600006000,0,04,000,00,2,1,15,A01
200600006000,0,07,000,00,2,3,01,B02
200600006001,0,07,000,00,2,2,01,A01
200600006001,0,07,000,00,2,3,01,B02
200600006002,0,07,000,01,0,9,01,A01
200600006003,0,17,000,03,0,7,01,A01
200600006003,0,07,000,14,0,2,17,B02
200600006003,0,07,000,14,0,1,01,C03
200600006003,0,07,000,14,0,1,01,D04
200600006003,0,07,000,13,0,7,01,E05
200600006004,0,07,000,00,2,1,01,A01
200600006004,0,07,000,00,2,1,01,B02
200600006005,0,07,000,00,2,7,11,A01
200600006005,0,05,000,00,2,1,01,B02
200600006006,0,07,000,00,2,7,19,A01
200600006006,0,07,000,00,2,1,01,B02
200600006006,0,07,000,00,2,1,01,C03
200600006007,0,05,000,00,2,2,13,A01
200600006007,0,07,000,00,0,1,01,B02
200600006008,0,07,000,06,0,9,14,A01
200600006009,0,07,000,00,2,1,15,A01
200600006009,0,05,000,00,2,7,00,B02
200600006010,0,07,000,00,2,3,13,A01
200600006010,0,07,000,00,2,3,01,B02
200600006010,0,07,000,00,2,8,01,C03
200600006011,0,07,000,02,0,7,13,A01
200600006012,0,07,000,00,2,1,17,A01
200600006012,0,07,000,00,0,8,10,B02
200600006013,0,07,000,02,0,7,01,A01
200600006014,0,07,000,00,2,2,01,A01
200600006014,0,07,000,00,2,6,00,B02
200600006015,0,07,000,04,0,3,01,A01
200600006016,1,07,000,00,0,0,00,A01
200600006017,0,07,000,00,2,1,15,A01
200600006017,0,07,000,00,2,1,01,B01
200600006018,0,18,000,00,2,1,00,B01
200600006018,0,07,000,00,2,2,07,A01
200600006019,0,07,000,00,2,2,10,A01
200600006019,0,05,000,00,2,1,01,B01
200600006020,0,01,000,00,2,1,01,A01
200600006020,0,10,000,00,2,4,23,B01
200600006021,0,07,000,00,1,1,01,A01
200600006022,0,07,000,00,2,3,22,A01
200600006022,0,02,000,01,0,7,01,B01
200600006023,0,07,000,00,2,1,01,A01
200600006023,0,07,000,00,2,1,01,B01
200600006024,0,07,000,00,1,2,01,A01
200600006025,0,07,000,00,1,5,04,A01
200600006026,0,07,000,00,2,2,01,A01
200600006027,0,02,000,00,2,1,01,A01
200600006027,0,07,000,00,9,1,15,B01
200600006028,0,07,000,00,1,1,01,A01
200600006029,0,10,000,00,9,7,17,A01
200600006029,0,01,000,00,2,1,15,B01
200600006030,0,07,000,00,1,3,15,A01
200600006031,0,02,000,00,2,1,17,B01
200600006031,0,07,000,00,2,8,15,A01
200600006032,0,07,000,00,2,1,01,B01
200600006032,0,07,000,00,2,1,05,A01
200600006033,0,09,000,00,2,1,01,A01
200600006033,0,07,000,00,0,2,01,B01
200600006034,0,07,000,00,0,3,15,A01
200600006034,0,05,000,00,2,1,17,B01
200600006035,0,07,000,00,1,1,01,A01
200600006036,0,07,000,00,1,1,01,A01
200600006037,0,05,000,00,0,7,01,A01
200600006038,0,07,000,00,1,1,01,A01
200600006039,0,07,000,00,0,5,15,A01
200600006039,0,05,000,00,2,1,01,B01
200600006040,0,07,000,00,1,1,00,A01
200600006041,0,07,000,00,2,2,00,A01
200600006041,0,07,000,00,2,1,00,C01
200600006041,0,07,000,00,2,1,01,B01
200600006042,0,07,000,08,0,1,01,A01
200600006043,0,07,000,00,2,3,01,A01
200600006043,0,07,000,00,2,8,14,B01
200600006044,0,02,000,00,0,4,01,B01
200600006044,0,07,000,00,2,3,01,C01
200600006044,0,07,000,00,2,1,19,A01
200600006045,0,07,000,00,1,1,01,A01
200600006046,0,07,000,00,2,1,02,A01
200600006046,0,07,000,00,2,4,23,B01
200600006046,0,07,000,00,0,4,23,C01
200600006047,0,18,000,00,1,2,07,A01
200600006048,1,07,000,00,1,1,00,A01
200600006049,0,10,000,00,2,8,15,A01
200600006049,0,05,000,00,2,1,02,B01
200600006050,0,07,000,00,2,1,15,A01
200600006050,0,02,000,00,0,8,01,B01
200600006051,0,07,000,08,0,1,00,A01
200600006052,0,02,000,08,0,2,01,A01
200600006053,0,07,000,00,2,3,01,A01
200600006053,0,17,000,00,2,3,01,B02
200600006054,0,05,000,01,0,1,21,A01
200600006055,0,07,000,00,0,1,15,A01
200600006055,0,07,000,00,2,8,00,B02
200600006056,0,05,000,00,0,7,01,A01
200600006057,0,07,000,13,0,2,02,A01
200600006058,0,32,000,00,2,1,01,A01
200600006058,0,37,002,00,0,7,01,B02
200600006059,0,02,000,13,0,8,01,A01
200600006060,0,07,000,00,2,2,13,A01
200600006060,0,07,000,00,2,3,01,B02
200600006061,0,07,000,00,2,1,00,A01
200600006061,0,07,000,00,2,3,00,B02
200600006062,0,07,000,01,0,1,01,A01
200600006062,0,07,000,01,0,1,00,B02
200600006063,0,07,000,00,2,1,01,A01
200600006063,0,07,000,00,2,1,13,B02
200600006064,0,07,000,13,0,1,01,A01
200600006065,0,07,000,00,2,1,01,A01
200600006065,0,07,000,00,2,4,01,B02
200600006066,0,07,000,13,0,1,15,A01
200600006067,0,07,000,00,2,7,19,A01
200600006067,0,02,000,00,2,1,01,B02
200600006068,0,02,000,00,6,0,21,A01
200600006069,0,07,000,00,2,1,01,A01
200600006069,0,02,000,00,2,1,01,B02
200600006070,0,07,000,00,1,4,04,A01
200600006071,0,07,000,06,0,3,01,A01
200600006072,0,07,000,00,2,8,19,A01
200600006072,0,07,000,00,2,1,01,B02
200600006073,0,07,000,00,2,1,13,A01
200600006073,0,07,000,00,2,1,01,B02
200600006074,0,07,000,10,0,2,01,A01
200600006075,0,07,000,00,2,1,00,A01
200600006075,0,07,000,00,2,1,00,B02
200600006076,0,07,000,00,2,3,13,A01
200600006076,0,07,000,00,2,3,00,B02
200600006077,0,18,015,00,0,8,01,A01
200600006078,0,30,000,00,0,0,00,A01
200600006079,0,07,000,00,1,1,17,A01
200600006079,0,07,000,06,2,3,01,B02
200600006080,0,07,000,00,0,2,01,A01
200600006081,0,07,000,00,2,3,01,A01
200600006081,0,07,000,00,2,3,13,B02
200600006082,0,07,000,00,1,2,14,A01
200600006083,0,07,000,00,9,1,19,A01
200600006084,0,07,000,00,2,2,13,A01
200600006084,0,17,000,00,2,2,01,B02
200600006085,0,07,000,00,2,1,19,A01
200600006085,0,07,000,00,2,7,01,B02
200600006086,0,07,000,00,2,3,01,B02
200600006086,0,07,000,00,2,1,01,A01
200600006087,0,07,000,00,2,3,15,A01
200600006087,0,02,000,00,2,7,01,B02
200600006088,0,07,000,00,2,1,02,A01
200600006088,0,21,000,00,0,0,02,C03
200600006089,0,07,000,00,2,3,01,A01
200600006089,0,07,000,00,2,3,01,B02
200600006089,0,07,000,00,2,8,01,C03
200600006090,0,07,000,00,2,1,01,A01
200600006090,0,07,000,00,2,2,17,B02
200600006091,0,07,000,08,0,3,21,A01
200600006092,0,10,000,00,0,6,00,A01
200600006092,0,01,000,01,0,1,01,B02
200600006093,0,07,000,00,2,1,13,A01
200600006093,0,07,000,00,2,1,01,B02
200600006094,0,07,000,02,0,8,00,A01
200600006095,0,02,000,00,0,8,13,A01
200600006096,0,07,000,00,2,7,19,A01
200600006096,0,14,000,00,2,1,01,B02
200600006097,0,07,000,00,2,2,15,A01
200600006097,0,02,000,00,2,1,01,B02
200600006098,0,05,000,00,0,8,01,A01
200600006098,0,05,000,00,0,8,01,B02
200600006099,0,36,000,08,0,1,01,A01
200600006100,0,07,000,00,0,6,00,A01
200600006100,0,02,000,14,0,1,21,B02
200600006101,0,07,000,00,2,5,01,A01
200600006101,0,02,000,00,2,1,01,B02
200600006102,0,07,000,02,0,1,01,A01
200600006103,0,07,000,06,0,1,01,A01
200600006104,0,02,000,00,0,0,01,A01
200600006105,0,07,000,00,2,2,15,A01
200600006105,0,07,000,00,2,1,01,B02
200600006106,0,07,000,00,0,9,01,A01
200600006107,0,07,000,01,1,1,02,A01
200600006107,0,07,000,00,0,4,24,B02
200600006108,0,07,000,00,0,3,00,A01
200600006108,0,07,000,00,2,1,01,B02
200600006109,0,07,000,00,2,1,15,A01
200600006109,0,07,000,00,2,2,01,B02
200600006110,0,02,000,00,0,3,15,A01
200600006111,0,07,000,00,1,2,01,A01
200600006112,0,07,000,13,0,3,01,A01
200600006113,0,07,000,00,2,8,01,A01
200600006113,0,07,000,00,2,1,19,B02
200600006114,0,07,000,00,2,1,19,B02
200600006114,0,07,000,00,2,8,01,A01
200600006115,0,20,000,00,2,5,01,A01
200600006115,0,07,000,00,2,2,14,B02
200600006116,0,07,000,00,2,3,01,A01
200600006116,0,07,000,00,2,3,21,B02
200600006117,0,07,000,00,2,1,00,A01
200600006117,0,01,000,00,2,7,19,B02
200600006118,0,17,000,00,0,5,24,A01
200600006118,0,14,000,01,0,2,01,B02
200600006119,0,15,000,16,0,8,16,A01
200600006120,0,07,000,13,0,2,01,A01
200600006121,0,17,000,00,2,2,01,A01
200600006121,0,07,000,00,2,6,01,B02
200600006122,0,07,000,01,0,1,02,A01
200600006122,0,38,000,00,0,4,24,B02
200600006123,0,07,000,00,0,7,16,A01
200600006123,0,07,000,00,0,8,01,B02
200600006124,0,07,000,00,2,1,01,A01
200600006124,0,05,000,00,2,1,13,B02
200600006125,0,32,000,00,2,8,19,A01
200600006125,0,02,000,00,2,1,01,B02
200600006126,0,07,000,00,2,1,01,A01
200600006127,0,07,000,06,0,1,13,A01
200600006128,0,07,000,00,1,2,09,A01
200600006129,0,07,000,00,2,5,15,A01
200600006129,0,07,000,00,2,3,01,B02
200600006130,0,07,000,00,2,6,19,A01
200600006130,0,05,000,00,2,1,01,B02
200600006130,0,10,000,00,2,4,01,C03
200600006130,0,10,000,00,2,1,01,D04
200600006131,0,07,000,00,2,1,13,A01
200600006131,0,07,000,00,2,3,01,B02
200600006132,0,07,000,00,2,3,13,A01
200600006132,0,07,000,00,2,3,01,B02
200600006133,0,07,000,02,0,1,01,A01
200600006134,0,07,000,01,0,1,00,A01
200600006135,0,07,000,00,2,2,19,A01
200600006135,0,14,000,00,2,3,01,B02
200600006136,0,07,000,08,0,1,01,A01
200600006137,0,07,000,09,0,1,01,A01
200600006138,0,07,000,00,2,3,13,A01
200600006138,0,07,000,00,2,3,01,B02
200600006139,0,07,000,00,2,1,01,A01
200600006139,0,07,000,00,2,1,01,B02
200600006140,0,07,000,02,0,1,01,A01
200600006141,0,07,000,05,2,7,01,A01
200600006141,0,99,000,00,2,1,01,B02
200600006142,0,07,000,05,0,2,01,A01
200600006143,0,07,000,00,2,1,01,A01
200600006143,0,07,000,00,2,7,00,B02
200600006144,0,07,000,13,0,3,01,A01
200600006145,0,07,000,00,0,7,15,A01
200600006145,0,02,000,00,2,1,01,B02
200600006146,0,07,000,00,2,1,01,B02
200600006146,0,30,000,00,2,8,19,A01
200600006147,0,17,000,00,1,2,01,A01
200600006148,0,07,000,08,0,2,01,A01
200600006149,0,07,000,00,2,1,01,A01
200600006149,0,02,000,00,2,1,01,B02
200600006150,0,07,000,00,0,0,00,A01
200600006150,0,07,000,01,0,1,01,B02
200600006150,0,07,000,00,0,0,23,C03
200600006151,0,07,000,00,0,7,16,A01
200600006151,0,02,000,00,2,1,01,B02
200600006152,0,07,000,00,2,3,17,A01
200600006152,0,07,000,00,0,6,15,B02
200600006153,0,02,000,00,2,7,01,A01
200600006153,0,14,000,00,2,1,19,B02
200600006154,0,07,000,16,0,1,16,A01
200600006155,0,07,000,00,2,1,01,A01
200600006155,0,07,000,00,2,8,15,B02
200600006156,0,07,000,00,2,1,01,A01
200600006156,0,07,000,00,2,1,01,B02
200600006157,0,07,000,00,2,2,16,A01
200600006157,0,07,000,00,2,8,01,B02
200600006158,0,07,000,02,0,1,01,A01
200600006159,0,07,000,06,0,1,01,A01
200600006160,0,07,000,00,2,5,10,A01
200600006160,0,31,000,00,2,1,01,B02
200600006161,0,13,000,00,2,1,01,A01
200600006161,0,07,000,00,2,7,15,B02
200600006162,0,13,000,00,2,2,02,A01
200600006162,0,01,000,00,2,2,02,B02
200600006163,0,07,000,00,0,8,09,A01
200600006163,0,07,000,00,2,1,01,B02
200600006164,0,07,000,00,2,1,13,A01
200600006164,0,10,000,00,2,3,01,B02
200600006165,0,10,000,00,2,3,13,A01
200600006165,0,15,000,00,2,3,01,B02
200600006165,0,10,000,00,9,1,01,C03
200600006166,0,02,000,00,2,1,01,A01
200600006166,0,07,000,00,2,8,01,B02
200600006167,0,07,000,00,1,2,01,A01
200600006168,0,07,000,00,0,2,19,A01
200600006168,0,07,000,00,2,3,01,B02
200600006169,0,02,000,00,0,1,01,A01
200600006169,0,02,000,00,0,6,15,B02
200600006170,0,07,000,00,2,1,01,A01
200600006170,0,07,000,00,0,4,01,B02
200600006171,0,07,000,00,0,9,01,A01
200600006172,0,07,000,00,2,6,19,A01
200600006172,0,01,000,00,2,1,00,B02
200600006173,0,07,000,00,2,7,01,A01
200600006173,0,07,000,00,2,1,00,B02
200600006174,0,02,000,00,2,7,01,A01
200600006174,0,10,000,00,9,1,15,B02
200600006175,0,07,000,00,0,1,21,A01
200600006176,0,07,000,00,1,7,00,A01
200600006177,0,18,010,00,0,0,01,A01
200600006177,0,05,000,00,0,0,01,B02
200600006178,0,07,000,00,2,1,17,A01
200600006178,0,07,000,00,2,1,01,B02
200600006178,0,07,000,06,0,1,21,C03
200600006179,0,07,000,13,0,1,21,A01
200600006180,0,07,000,00,2,7,15,A01
200600006180,0,05,000,00,2,1,01,B02
200600006181,0,07,000,06,0,3,19,A01
200600006182,0,07,000,00,2,1,02,A01
200600006182,0,07,000,00,2,4,02,B02
200600006183,0,07,000,00,2,1,13,A01
200600006183,0,33,000,00,2,1,01,B02
200600006184,0,07,000,00,2,1,01,A01
200600006184,0,18,000,00,2,1,01,B02
200600006184,0,18,002,00,2,1,01,C03
200600006185,0,07,000,13,2,2,01,A01
200600006185,0,07,000,00,2,1,01,B02
200600006186,0,02,000,00,2,1,02,A01
200600006186,0,14,000,00,0,4,00,B02
200600006187,0,07,000,00,1,1,16,A01
200600006188,0,07,000,13,0,1,01,A01
200600006189,0,10,000,00,1,3,01,A01
200600006190,0,07,000,00,0,2,01,A01
200600006191,0,07,000,00,2,1,17,A01
200600006191,0,07,000,00,2,1,01,B02
200600006191,0,07,000,00,2,3,01,C03
200600006192,0,07,000,00,2,8,10,A01
200600006192,0,07,000,00,2,1,01,B02
200600006193,0,07,000,01,0,1,01,A01
200600006194,0,07,000,00,1,7,01,A01
200600006195,0,02,000,00,2,1,19,A01
200600006195,0,07,000,00,2,3,15,B02
200600006196,0,07,000,00,0,1,01,A01
200600006196,0,07,000,00,0,1,05,B02
200600006197,0,07,000,00,2,2,01,A01
200600006197,0,02,000,00,0,4,01,B02
200600006198,0,07,000,00,2,3,17,A01
200600006198,0,07,000,00,2,2,01,B02
200600006199,0,02,000,00,1,1,21,A01
200600006200,0,07,000,00,2,1,13,A01
200600006200,0,99,000,00,2,1,01,B02
200600006201,0,02,000,13,0,1,14,A01
200600006202,0,07,000,00,2,7,13,A01
200600006202,0,02,000,00,2,1,01,B02
200600006202,0,07,000,00,2,1,00,C03
200600006203,0,14,000,00,2,0,01,A01
200600006203,0,07,000,00,2,1,01,B02
200600006204,0,07,000,13,0,2,01,A01
200600006205,0,07,000,00,1,2,01,A01
200600006206,0,07,000,00,1,3,15,A01
200600006207,0,07,000,08,0,1,14,A01
200600006208,0,07,000,00,2,3,15,B02
200600006208,0,07,000,00,2,2,01,A01
200600006209,0,07,000,00,2,8,01,A01
200600006209,0,07,000,00,2,1,01,B02
200600006210,0,07,000,00,2,1,01,A01
200600006210,0,07,000,00,2,8,15,B02
200600006211,0,07,000,00,2,2,01,A01
200600006211,0,17,000,00,2,6,15,B02
200600006212,0,10,000,13,0,1,01,A01
200600006213,0,07,000,02,0,7,14,A01
200600006214,0,07,000,01,0,2,01,A01
200600006215,0,02,000,00,1,0,21,A01
200600006216,0,07,000,00,2,5,20,A01
200600006216,0,02,000,00,2,1,01,B02
200600006217,0,02,000,00,2,1,01,A01
200600006217,0,07,000,00,2,3,15,B02
200600006218,0,07,000,00,2,3,13,A01
200600006218,0,07,000,00,2,3,01,B02
200600006219,0,07,000,00,2,2,02,A01
200600006219,0,01,000,00,2,4,02,B02
200600006220,0,07,000,00,1,1,01,A01
200600006221,0,07,000,03,0,8,21,A01
200600006221,0,07,000,00,2,1,01,B02
200600006221,0,07,000,03,0,7,21,C03
200600006221,0,07,000,00,2,1,05,D04
200600006222,0,07,000,00,4,7,19,A01
200600006222,0,39,000,00,2,1,01,B02
200600006223,0,07,000,00,2,8,19,A01
200600006223,0,07,000,00,2,1,01,B02
200600006224,0,02,000,00,2,1,01,A01
200600006224,0,07,000,00,2,8,09,B02
200600006225,0,07,000,07,2,8,19,A01
200600006225,0,07,000,00,2,1,01,B02
200600006226,0,10,000,13,0,3,01,A01
200600006227,0,07,000,06,0,1,16,A01
200600006228,0,07,000,00,2,1,01,A01
200600006228,0,15,000,00,2,3,01,B02
200600006229,0,07,000,00,1,1,15,A01
200600006230,0,07,000,00,0,7,01,B02
200600006230,0,07,000,00,2,1,19,A01
200600006231,0,07,000,00,9,8,15,A01
200600006231,0,02,000,00,2,1,17,B02
200600006232,0,99,000,13,0,8,01,A01
200600006233,0,07,000,00,0,2,01,A01
200600006234,0,02,000,00,0,7,16,A01
200600006235,0,07,000,00,2,7,01,A01
200600006235,0,05,000,00,2,8,18,B02
200600006236,0,07,000,00,2,3,13,A01
200600006236,0,07,000,00,2,3,01,B02
200600006237,0,07,000,00,2,1,13,A01
200600006237,0,07,000,00,2,3,01,B02
200600006238,0,07,000,00,9,2,02,A01
200600006238,0,01,000,00,0,4,02,B02
200600006239,0,07,000,08,0,1,13,A01
200600006240,0,07,000,00,2,2,19,A01
200600006240,0,07,000,00,2,3,01,B02
200600006241,0,01,000,00,0,8,02,A01
200600006242,0,07,000,13,0,2,01,A01
200600006243,0,07,000,13,0,9,13,A01
200600006244,0,07,000,00,2,1,01,A01
200600006244,0,14,000,00,2,8,01,B02
200600006245,0,07,000,00,2,3,09,A01
200600006245,0,07,000,00,2,2,01,B02
200600006246,0,07,000,00,2,1,01,A01
200600006246,0,07,000,00,2,3,19,B02
200600006247,0,07,000,00,0,0,01,A01
200600006247,0,21,000,00,2,1,01,B02
200600006248,0,07,000,00,9,2,15,A01
200600006248,0,02,000,00,2,1,01,B02
200600006249,0,07,000,00,1,1,01,A01
200600006250,0,07,000,02,0,1,01,A01
200600006251,0,07,000,00,0,4,23,A01
200600006251,0,02,000,01,0,1,01,B02
200600006252,0,05,000,00,2,1,02,B02
200600006252,0,07,000,00,2,3,19,A01
200600006253,0,07,000,00,2,3,17,A01
200600006253,0,02,000,00,2,1,01,B02
200600006254,0,04,000,00,0,3,01,A01
200600006255,0,07,000,00,2,1,00,B02
200600006255,0,07,000,00,2,8,15,A01
200600006256,0,07,000,00,2,3,01,A01
200600006256,0,07,000,00,0,5,16,B02
200600006257,0,07,000,00,2,2,01,B02
200600006257,0,07,000,00,2,8,19,A01
200600006258,0,17,000,00,0,1,01,A01
200600006258,0,07,000,00,0,1,00,B02
200600006259,0,07,000,00,0,3,01,A01
200600006260,0,02,000,00,2,1,01,A01
200600006260,0,21,000,00,2,1,01,B02
200600006261,0,07,000,00,2,3,13,A01
200600006261,0,17,000,00,2,2,01,B02
200600006262,0,07,000,00,2,1,13,A01
200600006262,0,07,000,00,2,1,01,B02
200600006263,0,07,000,00,2,1,13,A01
200600006264,0,31,000,13,0,1,01,A01
200600006265,0,07,000,08,0,6,10,A01
200600006266,0,07,000,00,2,2,01,A01
200600006266,0,07,000,00,2,6,01,B02
200600006266,0,07,000,00,2,3,01,C03
200600006267,0,07,000,00,0,1,13,A01
200600006268,0,07,000,00,2,8,11,A01
200600006268,0,05,000,00,2,2,01,B02
200600006269,0,14,000,00,0,2,15,A01
200600006269,0,07,000,00,2,3,01,B02
200600006270,0,07,000,00,5,3,01,A01
200600006271,0,02,000,00,0,0,15,A01
200600006272,0,07,000,00,2,3,01,A01
200600006272,0,07,000,00,0,0,00,B02
200600006273,0,02,000,16,0,8,01,A01
200600006274,0,07,000,00,0,2,01,A01
200600006274,0,07,000,00,0,0,00,B02
200600006275,0,07,000,00,2,1,01,A01
200600006275,0,07,000,00,2,1,01,B02
200600006276,0,07,000,00,2,1,09,A01
200600006276,0,02,000,00,2,7,12,B02
200600006277,0,07,000,02,0,8,01,A01
200600006278,0,07,000,00,2,1,01,A01
200600006278,0,07,000,00,2,3,01,B02
200600006279,0,07,000,00,0,0,01,A01
200600006279,0,07,000,00,0,7,19,B02
200600006280,0,07,000,13,0,3,13,A01
200600006281,0,07,000,13,0,1,01,A01
200600006282,0,07,000,00,1,3,01,A01
200600006283,0,07,000,00,1,3,15,A01
200600006284,0,07,000,00,2,3,15,A01
200600006284,0,99,000,00,2,1,01,B02
200600006284,0,07,000,00,9,3,23,C03
200600006285,0,07,000,00,2,3,13,A01
200600006285,0,07,000,00,2,3,01,B02
200600006286,0,07,000,00,1,1,16,A01
200600006287,0,07,000,00,2,2,01,A01
200600006287,0,07,000,00,2,1,01,B02
200600006288,0,07,000,02,0,1,00,A01
200600006289,0,07,000,00,2,7,01,A01
200600006289,0,07,000,00,2,1,01,B02
200600006290,0,07,000,00,0,4,01,A01
200600006290,0,05,000,00,2,0,01,B02
200600006291,0,07,000,00,0,4,01,A01
200600006291,0,07,000,00,2,1,01,B02
200600006291,0,07,000,00,2,1,01,C03
200600006292,0,07,000,02,0,2,14,A01
200600006293,0,07,000,00,9,1,15,A01
200600006293,0,01,000,00,2,3,01,B02
200600006294,0,02,000,00,2,1,09,A01
200600006295,0,07,000,00,1,1,16,A01
200600006296,0,07,000,00,2,1,13,A01
200600006296,0,07,000,00,2,1,01,B02
200600006296,0,07,000,00,2,1,01,C03
200600006296,0,07,000,00,2,1,01,D04
200600006297,0,07,000,07,0,9,01,A01
200600006298,0,02,000,00,2,4,02,A01
200600006299,0,07,000,00,2,2,17,A01
200600006299,0,07,000,00,2,2,01,B02
200600006300,0,07,000,00,2,3,13,A01
200600006300,0,07,000,00,2,8,01,B02
200600006300,0,07,000,03,2,3,01,C03
200600006301,0,15,000,00,2,1,02,A01
200600006301,0,10,000,00,0,6,19,B02
200600006301,0,07,000,00,2,1,01,C03
200600006302,0,14,000,01,1,4,04,A01
200600006302,0,10,000,00,0,4,23,B02
200600006303,0,07,000,12,0,2,01,A01
200600006304,0,07,000,00,1,7,01,A01
200600006305,0,07,000,13,0,3,01,A01
200600006306,0,07,000,14,0,1,13,A01
200600006307,0,02,000,01,0,1,13,A01
200600006308,0,02,000,00,2,1,01,B02
200600006308,0,07,000,00,2,8,01,A01
200600006309,0,07,000,00,0,6,19,A01
200600006309,0,02,000,00,2,1,01,B02
200600006310,0,07,000,13,0,8,01,A01
200600006311,0,07,000,06,0,1,13,A01
200600006312,0,02,000,00,0,0,01,A01
200600006312,1,07,000,00,0,0,02,B02
200600006313,0,07,000,00,2,1,13,A01
200600006313,0,21,000,00,2,1,01,B02
200600006314,0,07,000,00,2,1,01,A01
200600006314,0,07,000,00,2,4,15,B02
200600006314,0,07,000,00,2,1,01,C03
200600006315,0,07,000,00,1,4,20,A01
200600006316,0,01,000,00,0,5,01,A01
200600006317,0,07,000,02,0,1,19,A01
200600006318,0,07,000,00,0,1,13,A01
200600006318,0,10,000,00,0,1,01,B02
200600006319,0,07,000,00,6,1,01,A01
200600006320,0,07,000,00,2,3,01,A01
200600006320,0,07,000,00,2,8,01,B02
200600006321,0,07,000,00,2,1,13,A01
200600006321,0,17,000,00,2,1,01,B02
200600006322,0,07,000,02,0,2,01,A01
200600006323,0,07,000,00,2,3,01,A01
200600006323,0,07,000,00,2,7,19,B02
200600006324,0,07,000,00,0,4,02,A01
200600006324,0,07,000,00,2,1,02,B02
200600006325,0,07,000,13,0,1,00,A01
200600006326,0,07,000,02,0,1,01,A01
200600006327,0,07,000,00,2,3,13,A01
200600006327,0,07,000,00,2,8,01,B02
200600006327,0,07,000,00,2,3,01,C03
200600006328,0,07,000,10,0,3,01,A01
200600006329,0,99,000,00,2,1,01,A01
200600006329,0,07,000,00,2,9,15,B02
200600006329,0,14,000,00,2,3,01,C03
200600006330,0,31,000,13,0,1,01,A01
200600006331,0,07,000,00,2,3,01,A01
200600006331,0,07,000,00,0,0,21,B02
200600006331,0,02,000,00,2,1,17,C03
200600006332,0,07,000,00,2,3,13,A01
200600006332,0,07,000,00,2,3,01,B02
200600006333,0,07,000,01,0,6,15,A01
200600006333,0,02,000,00,2,1,01,B02
200600006334,0,07,000,00,2,3,01,A01
200600006334,0,07,000,00,2,3,17,B02
200600006335,0,02,000,00,0,5,01,A01
200600006336,0,05,000,00,2,9,17,A01
200600006336,0,05,000,00,2,9,17,B02
200600006336,0,17,000,00,0,8,02,C03
200600006337,0,07,000,13,0,1,01,A01
200600006338,0,07,000,08,0,3,01,A01
200600006339,0,07,000,03,0,1,01,A01
200600006340,0,07,000,00,2,3,15,A01
200600006340,0,02,000,00,2,2,17,B02
200600006341,0,07,000,00,2,3,01,A01
200600006341,0,07,000,00,0,3,01,B02
200600006342,0,07,000,00,2,2,13,A01
200600006342,0,07,000,00,2,1,01,B02
200600006343,0,07,000,00,1,2,15,A01
200600006344,0,07,000,00,1,2,15,A01
200600006345,0,02,000,00,2,1,02,A01
200600006345,0,02,000,00,0,4,02,B02
200600006346,0,07,000,00,2,2,01,A01
200600006346,0,02,000,00,2,1,13,B02
200600006347,0,07,000,00,0,0,00,A01
200600006347,0,07,000,00,0,0,00,B02
200600006348,0,07,000,00,2,1,13,A01
200600006348,0,07,000,00,2,1,01,B02
200600006349,0,14,000,00,2,8,23,A01
200600006349,0,02,000,00,2,1,01,B02
200600006350,0,05,000,00,2,1,01,A01
200600006350,0,07,000,00,2,8,15,B02
200600006351,0,07,000,03,0,7,14,A01
200600006352,0,17,000,00,2,8,19,A01
200600006352,0,07,000,00,2,1,01,B02
200600006353,0,07,000,13,0,1,01,A01
200600006354,0,17,000,00,0,0,01,B02
200600006355,0,07,000,00,2,8,19,A01
200600006355,0,07,000,00,2,1,01,B02
200600006356,0,07,000,00,2,9,01,B02
200600006356,0,07,000,00,2,1,19,A01
200600006357,0,07,000,02,0,8,01,A01
200600006358,0,10,000,08,2,1,13,A01
200600006358,0,07,000,00,2,1,01,B02
200600006359,0,07,000,00,2,1,01,A01
200600006359,0,07,000,00,2,5,13,B02
200600006360,0,07,000,07,2,7,15,A01
200600006360,0,07,000,00,2,1,01,B02
200600006361,0,07,000,05,0,9,01,A01
200600006362,0,07,000,02,0,9,01,A01
200600006363,0,07,000,00,0,3,01,A01
200600006363,0,02,000,00,2,8,01,B02
200600006364,0,07,000,13,0,6,01,A01
200600006365,0,14,000,00,2,2,15,A01
200600006365,0,07,000,00,2,1,01,B02
200600006366,0,07,000,03,0,8,13,A01
200600006367,0,07,000,00,0,3,01,A01
200600006368,0,07,000,00,2,2,01,A01
200600006368,0,02,000,00,2,0,16,B02