Num_Acc,senc,catv,occutc,obs,obsm,choc,manv,num_veh
200600006758,0,07,000,00,2,8,19,A01
200600006758,0,07,000,00,2,3,01,B02
200600006759,0,07,000,00,2,1,01,A01
200600006759,0,14,000,00,0,7,19,B02
200600006760,0,31,000,00,0,8,01,A01
200600006761,0,07,000,00,1,2,01,A01
200600006762,0,07,000,00,1,2,01,A01
200600006763,0,07,000,00,2,3,13,A01
200600006763,0,17,000,00,2,3,01,B02
200600006764,0,07,000,02,0,2,01,A01
200600006765,0,07,000,00,0,8,01,A01
200600006766,0,07,000,02,0,9,01,A01
200600006767,0,07,000,13,0,3,13,A01
200600006768,0,07,000,16,0,1,01,A01
200600006769,0,07,000,00,0,1,01,A01
200600006770,0,07,000,13,0,2,01,A01
200600006771,0,02,000,00,1,1,01,A01
200600006772,0,07,000,15,0,2,01,A01
200600006773,0,07,000,00,0,1,13,A01
200600006774,0,17,000,00,2,8,02,A01
200600006774,0,07,000,00,2,7,17,B02
200600006775,0,07,000,00,2,3,01,A01
200600006775,0,07,000,00,2,8,01,B02
200600006775,0,07,000,00,2,8,13,C03
200600006776,0,07,000,00,2,3,01,A01
200600006776,0,07,000,00,2,3,01,B02
200600006776,0,07,000,00,2,3,17,C03
200600006776,0,07,000,00,2,5,01,D04
200600006776,0,07,000,00,2,1,01,E05
200600006777,0,07,000,13,0,2,14,A01
200600006778,0,07,000,06,0,1,01,A01
200600006779,0,07,000,00,2,1,13,A01
200600006779,0,07,000,00,2,1,01,B02
200600006779,0,07,000,00,2,1,01,C03
200600006780,0,07,000,00,2,8,19,A01
200600006780,0,05,000,00,2,1,01,B02
200600006781,0,07,000,00,2,3,02,A01
200600006781,0,02,000,00,2,4,02,B02
200600006782,0,07,000,06,0,2,01,A01
200600006783,0,07,000,00,2,1,13,A01
200600006783,0,07,000,00,2,1,01,B02
200600006784,0,13,000,02,0,0,01,A01
200600006785,0,07,000,00,1,6,04,A01
200600006786,0,07,000,13,0,1,14,A01
200600006787,0,07,000,03,0,0,01,A01
200600006788,0,07,000,02,0,1,15,A01
200600006789,0,17,000,00,2,1,01,A01
200600006789,0,07,000,00,2,4,23,B02
200600006790,0,07,000,02,2,3,17,A01
200600006790,0,07,000,00,2,3,01,B02
200600006791,0,07,000,00,0,3,16,A01
200600006791,0,02,000,00,0,1,00,B02
200600006792,0,07,000,00,0,8,15,A01
200600006792,0,07,000,00,2,3,01,B02
200600006793,0,07,000,00,2,3,13,A01
200600006793,0,07,000,00,2,1,01,B02
200600006794,0,07,000,00,1,3,01,A01
200600006795,0,07,000,00,2,1,01,A01
200600006795,0,07,000,00,2,4,01,B02
200600006796,0,07,000,02,0,8,01,A01
200600006797,0,07,000,00,2,3,01,A01
200600006797,0,07,000,00,2,8,19,B02
200600006798,0,07,000,13,0,1,01,A01
200600006799,0,07,000,00,1,2,01,A01
200600006800,0,07,000,13,0,1,01,A01
200600006801,0,07,000,13,0,1,09,A01
200600006802,0,07,000,00,0,1,01,A01
200600006802,0,02,000,00,0,8,19,B02
200600006803,0,07,000,00,0,9,01,A01
200600006804,0,07,000,00,2,1,05,A01
200600006804,0,07,000,00,2,3,01,B02
200600006805,0,07,000,00,0,3,01,A01
200600006805,0,07,000,00,0,2,15,B02
200600006806,0,07,000,02,0,1,01,A01
200600006807,0,07,000,00,2,3,01,A01
200600006807,0,02,000,00,2,7,15,B02
200600006808,0,07,000,00,2,8,13,A01
200600006808,0,07,000,00,2,3,01,B02
200600006809,0,07,000,02,0,1,13,A01
200600006810,0,07,000,00,2,5,13,A01
200600006810,0,17,000,00,2,2,01,B02
200600006811,0,02,000,00,0,0,00,A01
200600006812,0,07,000,00,2,7,13,A01
200600006812,0,07,000,00,2,1,01,B02
200600006812,0,07,000,00,2,8,01,C03
200600006813,0,07,000,00,2,3,01,A01
200600006813,0,18,001,00,2,7,10,B02
200600006814,0,07,000,00,1,2,01,A01
200600006815,0,10,000,00,1,7,01,A01
200600006815,0,07,000,00,1,1,01,B02
200600006816,0,07,000,00,2,1,13,A01
200600006816,0,07,000,00,2,1,01,B02
200600006817,0,07,000,00,2,2,01,A01
200600006817,0,05,000,00,2,1,15,B02
200600006818,0,07,000,00,2,3,05,A01
200600006818,0,07,000,00,2,1,05,B02
200600006819,0,07,000,00,2,8,19,A01
200600006819,0,07,000,00,2,1,01,B02
200600006820,0,07,000,00,2,1,01,A01
200600006820,0,07,000,00,2,1,01,B02
200600006821,0,07,000,00,1,2,01,A01
200600006822,0,07,000,00,2,1,15,A01
200600006822,0,07,000,00,2,1,01,B02
200600006823,0,07,000,02,0,2,01,A01
200600006824,0,07,000,00,2,1,17,A01
200600006824,0,07,000,00,2,1,01,B02
200600006825,0,07,000,00,2,2,02,A01
200600006825,0,02,000,00,2,4,01,B02
200600006826,0,07,000,00,2,1,01,A01
200600006826,0,07,000,00,2,7,01,B02
200600006827,0,07,000,00,0,3,01,A01
200600006827,0,01,000,00,2,1,13,B02
200600006828,0,07,000,00,2,7,15,A01
200600006828,0,01,000,00,0,1,01,B02
200600006829,0,07,000,00,1,2,01,A01
200600006830,0,07,000,00,0,1,01,A01
200600006830,0,07,000,00,0,1,00,B02
200600006831,0,07,000,00,0,0,00,A01
200600006831,0,07,000,00,2,1,01,B02
200600006832,0,07,000,00,0,3,16,A01
200600006832,0,01,000,00,2,2,01,B02
200600006833,0,07,000,00,0,0,01,A01
200600006834,0,07,000,00,2,3,17,A01
200600006834,0,15,000,00,2,3,01,B02
200600006835,0,07,000,00,2,3,19,A01
200600006835,0,07,000,00,2,2,01,B02
200600006836,0,07,000,00,2,1,13,A01
200600006836,0,07,000,00,2,1,01,B02
200600006837,0,13,000,00,2,1,01,A01
200600006837,0,07,000,07,2,7,01,B02
200600006838,0,07,000,00,0,1,01,A01
200600006839,0,07,000,00,2,2,01,B02
200600006839,0,10,000,00,2,3,19,A01
200600006840,0,07,000,00,2,7,15,A01
200600006840,0,07,000,00,2,1,01,B02
200600006841,0,07,000,00,1,3,01,A01
200600006842,0,07,000,00,2,8,01,A01
200600006842,0,07,000,00,2,8,01,B02
200600006843,0,07,000,00,2,2,01,A01
200600006843,0,32,000,00,2,1,01,B02
200600006843,0,07,000,00,2,0,00,C03
200600006844,0,07,000,02,0,1,00,A01
200600006845,0,15,000,00,0,4,23,A01
200600006845,0,07,000,00,0,1,02,B02
200600006846,0,07,000,00,2,3,19,A01
200600006846,0,02,000,00,2,7,01,B02
200600006847,0,07,000,15,0,1,13,A01
200600006848,0,14,000,13,2,3,01,A01
200600006849,0,07,000,00,2,1,01,A01
200600006849,0,07,000,00,2,7,13,B02
200600006850,0,07,000,00,1,2,01,A01
200600006851,0,07,000,00,1,2,02,A01
200600006852,0,07,000,01,0,3,01,A01
200600006853,0,07,000,00,0,3,13,A01
200600006853,0,07,000,00,0,3,01,B02
200600006854,0,07,000,00,2,3,00,A01
200600006854,0,07,000,00,2,3,00,B02
200600006855,0,07,000,16,0,1,01,A01
200600006856,0,07,000,00,2,2,17,A01
200600006856,0,02,000,00,2,8,01,B02
200600006857,0,30,000,00,2,1,02,A01
200600006857,0,07,000,00,0,5,02,B02
200600006858,0,07,000,06,0,1,01,A01
200600006859,0,07,000,00,2,3,15,A01
200600006859,0,02,000,00,2,1,01,B02
200600006860,0,07,000,00,2,3,17,A01
200600006860,0,02,000,00,2,2,01,B02
200600006861,0,07,000,00,9,2,21,A01
200600006861,0,01,000,00,2,1,21,B02
200600006862,0,10,000,00,2,8,13,A01
200600006862,0,07,000,00,2,3,21,B02
200600006863,0,10,000,00,2,1,05,A01
200600006863,0,10,000,00,2,7,19,B02
200600006864,0,07,000,13,0,9,01,A01
200600006865,0,07,000,08,0,9,01,A01
200600006866,0,07,000,06,0,1,01,A01
200600006867,0,07,000,02,0,3,16,A01
200600006868,0,07,000,08,0,3,01,A01
200600006869,0,07,000,13,0,3,01,A01
200600006870,0,07,000,00,2,2,17,A01
200600006870,0,07,000,00,2,3,21,B02
200600006871,0,07,000,05,0,1,01,A01
200600006872,0,07,000,00,2,2,01,A01
200600006872,0,15,000,00,2,8,01,B02
200600006872,0,07,000,00,2,2,17,C03
200600006872,0,07,000,00,9,1,02,D04
200600006873,0,07,000,06,0,1,13,A01
200600006874,0,07,000,02,0,8,01,A01
200600006875,0,07,000,00,2,1,17,A01
200600006875,0,14,000,00,2,2,01,B02
200600006875,0,07,000,00,2,1,01,C03
200600006875,0,15,000,00,2,1,01,D04
200600006876,0,07,000,04,0,2,01,A01
200600006876,0,07,000,00,2,1,02,B02
200600006876,0,10,000,00,0,4,01,C03
200600006876,0,10,000,00,2,1,01,D04
200600006877,0,15,000,00,0,0,01,A01
200600006877,0,07,000,00,2,3,01,C03
200600006878,0,07,000,00,2,5,01,A01
200600006878,0,07,000,00,2,3,00,B02
200600006879,0,21,000,00,2,2,11,A01
200600006879,0,07,000,00,2,1,01,B02
200600006880,0,10,000,02,0,3,01,A01
200600006881,0,07,000,02,0,8,01,A01
200600006882,0,07,000,00,1,2,01,A01
200600006882,0,07,000,01,0,4,00,B02
200600006883,0,07,000,00,0,8,01,A01
200600006883,0,07,000,00,2,1,01,B02
200600006884,0,07,000,00,2,3,01,A01
200600006884,0,07,000,00,2,3,13,B02
200600006885,0,07,000,02,0,6,01,A01
200600006886,0,07,000,00,1,1,01,A01
200600006887,0,07,000,00,2,2,15,A01
200600006887,0,10,000,00,2,1,01,B02
200600006888,0,07,000,00,2,2,01,A01
200600006888,0,02,000,00,0,8,19,B02
200600006889,0,02,000,00,2,1,13,A01
200600006889,0,02,000,00,2,1,01,B02
200600006890,0,07,000,00,2,2,17,A01
200600006890,0,07,000,00,2,2,01,B02
200600006891,0,10,000,00,2,8,13,A01
200600006891,0,07,000,00,2,7,17,B02
200600006892,0,02,000,00,0,7,01,A01
200600006893,0,02,000,00,2,1,01,A01
200600006893,0,07,000,00,0,8,01,B02
200600006894,0,02,000,00,2,1,01,A01
200600006894,0,07,000,00,2,8,15,B02
200600006895,0,07,000,00,2,3,19,A01
200600006895,0,32,000,00,2,1,01,B02
200600006896,0,17,000,00,2,1,01,B02
200600006896,0,01,000,00,2,8,15,A01
200600006897,0,07,000,00,2,3,13,A01
200600006897,0,07,000,00,2,3,01,B02
200600006898,0,10,000,00,0,9,01,A01
200600006899,0,07,000,00,0,3,13,A01
200600006900,0,31,000,06,0,8,01,A01
200600006901,0,07,000,00,1,1,01,A01
200600006902,0,07,000,00,2,3,01,A01
200600006902,0,07,000,00,2,3,01,B02
200600006903,0,07,000,00,2,1,01,A01
200600006903,0,02,000,00,2,4,01,B02
200600006904,0,07,000,08,0,7,01,A01
200600006905,0,07,000,00,0,3,01,A01
200600006906,0,07,000,00,0,1,02,A01
200600006907,0,07,000,00,2,5,15,A01
200600006907,0,02,000,00,2,1,01,B02
200600006908,0,07,000,00,2,3,13,A01
200600006908,0,07,000,00,2,1,01,B02
200600006909,0,07,000,00,2,2,19,A01
200600006909,0,13,000,00,2,3,01,B02
200600006910,0,02,000,00,2,1,17,A01
200600006910,0,07,000,00,9,8,20,B02
200600006911,0,07,000,00,2,3,10,A01
200600006911,0,07,000,00,2,2,01,B02
200600006912,0,07,000,06,0,3,16,A01
200600006913,0,07,000,02,0,1,01,A01
200600006914,0,14,000,00,1,5,16,A01
200600006915,0,07,000,08,0,8,01,A01
200600006916,0,07,000,00,2,3,13,A01
200600006916,0,17,000,00,2,3,21,B02
200600006917,0,07,000,13,2,8,10,A01
200600006917,0,07,000,13,2,1,17,B02
200600006918,0,07,000,00,2,4,04,A01
200600006918,0,02,000,00,2,8,20,B02
200600006919,0,07,000,13,0,2,14,A01
200600006920,0,07,000,00,2,1,13,A01
200600006920,0,07,000,00,2,3,01,B02
200600006921,0,07,000,00,2,4,01,A01
200600006921,0,07,000,00,2,1,01,B02
200600006922,0,07,000,00,2,3,01,A01
200600006922,0,07,000,00,2,3,01,B02
200600006923,0,07,000,02,0,7,21,A01
200600006924,0,07,000,00,2,3,15,A01
200600006924,0,07,000,00,2,3,14,B02
200600006925,0,07,000,00,1,7,01,A01
200600006926,0,07,000,00,1,1,01,A01
200600006927,0,07,000,02,0,4,01,A01
200600006928,0,07,000,13,0,5,01,A01
200600006929,0,07,000,00,2,1,13,A01
200600006929,0,07,000,00,2,1,01,B02
200600006929,0,07,000,00,2,1,02,C03
200600006930,0,07,000,00,2,1,13,A01
200600006930,0,18,021,00,2,1,01,B02
200600006931,0,07,000,00,2,7,17,A01
200600006931,0,07,000,00,2,1,01,B02
200600006932,0,07,000,00,2,1,01,A01
200600006932,0,07,000,00,2,7,00,B02
200600006933,0,07,000,00,2,1,01,A01
200600006933,0,07,000,00,2,7,19,B02
200600006934,0,07,000,00,2,3,15,B02
200600006934,0,07,000,00,2,2,01,A01
200600006935,0,07,000,00,2,1,01,A01
200600006935,0,07,000,00,2,1,01,B02
200600006935,0,07,000,00,2,6,01,C03
200600006936,0,07,000,14,0,2,01,A01
200600006937,0,07,000,00,1,2,01,A01
200600006937,0,07,000,00,1,6,24,B02
200600006938,0,07,000,00,2,1,13,A01
200600006938,0,07,000,00,2,1,00,B02
200600006939,0,07,000,00,0,7,01,A01
200600006939,0,07,000,00,0,3,23,B02
200600006940,0,02,000,00,0,0,01,A01
200600006941,0,32,000,00,0,1,01,A01
200600006941,0,07,000,00,0,1,01,B02
200600006942,0,07,000,00,2,6,19,A01
200600006942,0,05,000,00,2,1,21,B02
200600006943,0,07,000,02,0,1,13,A01
200600006944,0,07,000,00,1,2,01,A01
200600006945,0,07,000,04,0,1,01,A01
200600006946,0,07,000,03,2,3,13,A01
200600006946,0,07,000,03,2,7,01,B02
200600006947,0,07,000,00,2,1,02,A01
200600006947,0,17,000,00,0,0,02,B02
200600006948,0,02,000,00,2,1,01,A01
200600006948,0,07,000,00,2,8,15,B02
200600006949,0,31,000,00,2,7,01,A01
200600006949,0,07,000,00,9,1,15,B02
200600006950,0,07,000,02,0,1,01,A01
200600006951,0,07,000,08,0,7,06,A01
200600006952,0,07,000,00,2,1,19,A01
200600006952,0,07,000,00,2,2,01,B02
200600006953,0,07,000,02,2,3,01,A01
200600006953,0,07,000,14,0,1,01,B02
200600006954,0,07,000,00,2,5,04,A01
200600006954,0,02,000,00,2,1,01,B02
200600006955,0,07,000,02,0,8,01,A01
200600006956,0,07,000,04,0,2,00,A01
200600006957,0,07,000,00,2,7,13,A01
200600006957,0,07,000,00,2,1,01,B02
200600006958,0,07,000,00,2,3,15,B02
200600006958,0,05,000,00,2,1,01,A01
200600006959,0,07,000,00,0,9,13,A01
200600006960,0,07,000,00,2,8,10,A01
200600006960,0,07,000,00,2,1,01,B02
200600006961,0,07,000,00,2,1,01,A01
200600006961,0,02,000,00,2,7,15,B02
200600006962,0,07,000,13,0,1,01,A01
200600006963,0,10,000,00,2,3,19,A01
200600006963,0,30,000,00,2,1,01,B02
200600006963,0,14,000,00,0,0,00,C03
200600006964,0,07,000,02,0,8,00,A01
200600006965,0,02,000,13,2,7,01,A01
200600006965,0,07,000,00,2,2,19,B02
200600006966,0,07,000,00,2,2,02,A01
200600006966,0,01,000,00,0,6,13,B02
200600006967,0,07,000,13,0,9,13,A01
200600006968,0,07,000,02,0,1,01,A01
200600006969,0,07,000,02,0,9,13,A01
200600006970,0,07,000,00,2,5,15,A01
200600006970,0,33,000,00,2,1,01,B02
200600006971,0,07,000,10,0,2,01,A01
200600006972,0,07,000,06,0,2,01,A01
200600006973,0,07,000,00,2,3,01,A01
200600006973,0,07,000,00,2,3,13,B02
200600006974,0,07,000,00,2,1,02,A01
200600006974,0,07,000,00,0,4,23,B02
200600006975,0,07,000,00,2,1,01,A01
200600006975,0,07,000,00,0,8,01,B02
200600006976,0,07,000,00,2,1,02,A01
200600006976,0,07,000,00,0,4,21,B02
200600006977,0,07,000,00,2,7,17,A01
200600006977,0,02,000,00,2,8,01,B02
200600006978,0,07,000,00,2,2,01,A01
200600006978,0,07,000,00,2,3,15,B02
200600006979,0,07,000,02,0,1,13,A01
200600006980,0,07,000,00,2,6,16,A01
200600006980,0,07,000,00,2,3,15,B02
200600006981,0,07,000,00,2,8,00,A01
200600006981,0,38,000,00,2,3,01,B02
200600006982,0,07,000,00,2,1,13,A01
200600006982,0,07,000,00,2,1,01,B02
200600006982,0,07,000,00,2,3,01,C03
200600006983,0,07,000,00,2,3,15,A01
200600006983,0,07,000,00,2,3,01,B02
200600006984,0,07,000,10,0,1,01,A01
200600006985,0,07,000,00,2,1,13,A01
200600006985,0,07,000,00,2,1,01,B02
200600006986,0,07,000,00,9,3,01,A01
200600006986,0,32,000,00,2,1,01,B02
200600006987,0,07,000,06,0,2,00,A01
200600006988,0,07,000,00,0,3,01,A01
200600006988,0,07,000,00,0,3,01,B02
200600006989,0,07,000,00,0,3,01,A01
200600006989,0,07,000,00,0,3,01,B02
200600006990,0,07,000,00,0,1,01,A01
200600006990,0,07,000,00,0,4,23,B02
200600006991,0,04,000,00,2,1,00,A01
200600006991,0,07,000,00,2,2,15,B02
200600006992,0,14,000,00,0,1,16,A01
200600006992,0,05,000,00,2,1,01,B02
200600006993,0,07,000,00,1,2,01,A01
200600006994,0,07,000,00,2,2,01,A01
200600006994,0,04,000,00,2,6,09,B02
200600006995,0,07,000,00,2,5,17,A01
200600006995,0,33,000,00,2,4,02,B02
200600006996,0,17,000,00,2,1,01,A01
200600006996,0,07,000,00,2,4,01,B02
200600006997,0,07,000,10,0,2,01,A01
200600006998,0,05,000,00,2,7,17,A01
200600006998,0,07,000,00,2,3,10,B02
200600006999,0,07,000,00,2,3,01,A01
200600006999,0,07,000,00,2,3,00,B02
200600007000,0,07,000,00,2,3,19,A01
200600007001,0,07,000,00,2,2,15,A01
200600007001,0,07,000,00,2,1,01,B02
200600007002,0,07,000,08,0,1,01,A01
200600007003,0,07,000,00,2,7,15,A01
200600007004,0,07,000,00,2,3,13,A01
200600007004,0,07,000,00,2,3,01,B02
200600007005,0,15,000,00,2,6,01,A01
200600007005,0,07,000,00,2,3,01,B02
200600007006,0,07,000,00,2,2,01,B02
200600007006,0,07,000,00,2,3,19,A01
200600007007,0,07,000,00,9,7,10,A01
200600007007,0,01,000,00,2,1,01,B02
200600007007,0,01,000,00,2,0,01,C03
200600007007,0,01,000,00,2,0,01,D04
200600007008,0,07,000,00,2,2,01,A01
200600007008,0,07,000,00,2,1,01,B02
200600007009,0,10,000,06,0,7,17,A01
200600007010,0,07,000,00,0,0,00,A01
200600007010,0,07,000,00,2,1,01,C03
200600007011,0,05,000,00,9,1,01,A01
200600007012,0,05,000,03,0,7,01,A01
200600007013,0,07,000,00,2,1,01,A01
200600007013,0,10,000,00,2,8,01,B02
200600007013,0,07,000,00,0,0,00,C03
200600007014,0,07,000,00,1,3,01,A01
200600007015,0,07,000,00,2,3,15,A01
200600007015,0,02,000,00,2,1,01,B02
200600007016,0,07,000,00,1,2,01,A01
200600007017,0,07,000,00,1,1,01,A01
200600007018,0,31,000,08,0,1,01,A01
200600007019,0,07,000,00,2,1,01,A01
200600007019,0,07,000,00,2,2,17,B02
200600007020,0,33,000,00,2,1,13,A01
200600007020,0,07,000,00,2,8,01,B02
200600007021,0,07,000,00,1,4,20,A01
200600007022,0,07,000,00,2,3,09,A01
200600007022,0,07,000,00,0,5,16,B02
200600007023,0,02,000,12,0,1,01,A01
200600007024,0,07,000,02,0,9,01,A01
200600007025,0,07,000,08,6,3,01,A01
200600007026,0,07,000,00,2,2,19,A01
200600007026,0,07,000,00,2,1,01,B02
200600007027,0,07,000,00,2,2,02,A01
200600007028,0,07,000,02,0,1,01,A01
200600007029,0,05,000,00,2,1,13,A01
200600007029,0,07,000,00,2,1,01,B02
200600007030,0,07,000,02,0,1,14,A01
200600007031,0,31,000,15,0,0,01,A01
200600007032,0,07,000,09,0,7,01,A01
200600007033,0,07,000,00,0,6,15,A01
200600007033,0,07,000,00,0,6,15,B02
200600007034,0,07,000,00,1,3,13,A01
200600007034,0,10,000,00,2,3,01,B02
200600007035,0,07,000,00,1,3,01,A01
200600007036,0,05,000,00,2,1,17,A01
200600007036,0,07,000,00,2,8,15,B02
200600007037,0,07,000,00,2,3,19,A01
200600007038,0,07,000,00,2,2,15,A01
200600007038,0,02,000,00,2,1,01,B02
200600007039,0,07,000,00,2,3,13,A01
200600007039,0,09,000,00,2,1,01,B02
200600007040,0,07,000,00,2,7,15,A01
200600007040,0,04,000,00,2,1,01,B02
200600007041,0,07,000,00,2,3,01,A01
200600007041,0,07,000,00,2,1,01,B02
200600007042,0,07,000,00,2,3,13,A01
200600007042,0,07,000,00,0,8,01,B02
200600007043,0,02,000,00,2,1,01,A01
200600007044,0,07,000,00,2,1,01,A01
200600007044,0,07,000,00,2,3,01,B02
200600007045,0,07,000,00,2,2,06,A01
200600007045,0,07,000,09,2,3,01,B02
200600007046,0,02,000,00,2,8,01,A01
200600007046,0,07,000,00,9,3,00,B02
200600007047,0,02,000,00,2,2,17,A01
200600007047,0,07,000,00,0,6,15,B02
200600007048,0,01,000,00,2,1,02,A01
200600007048,0,01,000,00,2,4,02,B02
200600007049,0,05,000,00,2,1,00,A01
200600007049,0,07,000,00,9,5,01,B02
200600007050,0,07,000,00,2,3,15,A01
200600007050,0,05,000,00,2,3,01,B02
200600007051,0,07,000,00,2,1,01,A01
200600007051,0,07,000,00,2,3,01,B02
200600007052,0,02,000,13,0,1,01,A01
200600007053,0,07,000,00,2,3,17,A01
200600007054,0,07,000,00,0,0,01,A01
200600007054,0,07,000,00,0,0,13,B02
200600007055,0,07,000,00,2,1,13,A01
200600007055,0,07,000,00,2,1,01,B02
200600007056,0,05,000,09,0,7,01,A01
200600007057,0,07,000,00,2,1,15,A01
200600007057,0,05,000,00,2,1,01,B02
200600007058,0,07,000,02,0,1,02,A01
200600007059,0,07,000,00,0,6,00,A01
200600007059,0,07,000,00,2,2,02,B02
200600007060,0,07,000,02,0,1,01,A01
200600007061,0,07,000,02,0,8,13,A01
200600007062,0,07,000,00,0,0,00,A01
200600007063,0,07,000,13,0,1,01,A01
200600007064,0,07,000,00,1,2,01,A01
200600007065,0,02,000,00,2,1,01,A01
200600007065,0,07,000,00,9,6,15,B02
200600007066,0,04,000,00,2,8,01,A01
200600007066,0,07,000,00,2,8,01,B02
200600007067,0,07,000,15,0,7,13,A01
200600007068,0,07,000,07,1,3,01,A01
200600007068,0,15,000,00,1,0,00,B02
200600007068,0,07,000,00,0,0,01,C03
200600007069,0,07,000,13,0,1,13,A01
200600007070,0,07,000,13,0,1,00,A01
200600007071,0,07,000,16,0,3,01,A01
200600007072,0,07,000,00,1,3,01,A01
200600007073,0,07,000,13,0,1,00,A01
200600007074,0,07,000,13,0,1,01,A01
200600007075,0,07,000,13,0,2,01,A01
200600007076,0,07,000,00,2,3,23,A01
200600007076,0,01,000,01,0,1,21,B02
200600007077,0,07,000,02,0,3,01,A01
200600007078,0,07,000,00,2,8,15,A01
200600007078,0,02,000,00,2,2,15,B02
200600007079,0,07,000,15,0,2,01,A01
200600007080,0,31,000,12,0,1,17,A01
200600007081,0,07,000,02,0,1,14,A01
200600007082,0,07,000,00,2,3,19,A01
200600007082,0,07,000,00,2,1,01,B02
200600007083,0,07,000,03,2,7,06,A01
200600007083,0,07,000,00,2,1,01,B02
200600007084,0,07,000,02,2,2,17,A01
200600007084,0,07,000,00,2,1,01,B02
200600007085,0,07,000,00,0,4,01,A01
200600007085,0,07,000,00,2,1,01,B02
200600007086,0,07,000,00,2,3,01,A01
200600007086,0,07,000,00,2,3,01,B02
200600007087,0,07,000,02,0,1,14,A01
200600007088,1,07,000,00,1,0,01,A01
200600007089,0,31,000,00,0,0,00,A01
200600007090,0,07,000,13,0,2,01,A01
200600007091,0,07,000,00,0,6,01,A01
200600007091,0,07,000,00,0,2,17,B02
200600007092,0,07,000,00,2,2,01,A01
200600007092,0,07,000,00,2,3,19,B02
200600007093,0,07,000,02,0,6,00,A01
200600007094,0,07,000,00,1,4,23,A01
200600007095,0,15,000,00,2,6,01,A01
200600007095,0,07,000,00,2,3,00,B02
200600007096,0,07,000,00,2,3,01,A01
200600007096,0,07,000,00,2,3,01,B02
200600007097,0,07,000,00,2,1,01,A01
200600007097,0,07,000,00,0,0,00,B02
200600007098,0,07,000,00,1,2,01,A01
200600007099,0,07,000,00,0,7,01,A01
200600007099,0,01,000,00,2,1,16,B02
200600007100,0,07,000,08,0,1,01,A01
200600007101,0,07,000,06,0,1,14,A01
200600007102,0,07,000,00,2,7,15,A01
200600007102,0,05,000,00,2,1,01,B02
200600007103,0,07,000,06,0,9,10,A01
200600007104,0,02,000,00,2,1,01,A01
200600007104,0,07,000,00,2,3,19,B02
200600007105,0,02,000,00,2,7,01,A01
200600007105,0,07,000,00,2,1,19,B02
200600007106,0,07,000,06,0,1,13,A01
200600007107,0,02,000,01,0,1,01,A01
200600007108,0,07,000,00,2,3,01,A01
200600007108,0,07,000,00,2,1,13,B02
200600007109,0,07,000,00,2,3,01,A01
200600007109,0,10,000,00,2,3,13,B02
200600007110,0,07,000,00,2,1,13,A01
200600007110,0,07,000,00,2,1,01,B02
200600007111,0,07,000,00,1,3,01,A01
200600007112,0,07,000,00,2,2,00,C03
200600007112,0,02,000,00,0,1,00,A01
200600007112,0,02,000,00,2,1,01,B02
200600007113,0,07,000,00,2,1,15,A01
200600007113,0,01,000,00,2,1,01,B02
200600007113,0,07,000,00,1,6,24,C03
200600007114,0,14,000,06,0,3,01,A01
200600007115,0,07,000,00,2,8,09,A01
200600007115,0,02,000,00,2,1,01,B02
200600007116,0,02,000,00,1,0,17,A01
200600007117,0,07,000,00,2,3,17,A01
200600007117,0,07,000,00,0,3,01,B02
200600007118,0,07,000,00,0,4,01,A01
200600007118,0,07,000,00,0,1,01,B02
200600007118,0,05,000,00,0,9,01,C03
200600007119,0,07,000,00,2,6,19,A01
200600007119,0,02,000,00,2,7,01,B02
200600007120,0,07,000,00,2,3,01,A01
200600007120,0,07,000,00,2,3,01,B02
200600007121,0,07,000,00,2,6,11,A01
200600007121,0,07,000,00,0,7,01,B02
200600007121,0,15,000,00,2,3,12,C03
200600007122,0,07,000,00,0,8,01,A01
200600007123,0,07,000,00,0,8,19,A01
200600007123,0,07,000,00,2,1,01,B02
200600007124,0,07,000,00,2,3,11,A01
200600007124,0,01,000,00,2,1,01,B02
200600007124,0,01,000,00,2,3,01,C03
200600007125,0,07,000,02,0,1,14,A01
200600007126,0,07,000,00,0,3,15,A01
200600007126,0,07,000,00,0,3,01,B02
200600007127,0,07,000,00,0,4,02,A01
200600007127,0,07,000,00,2,9,02,B02
200600007127,0,07,000,00,2,1,02,C03
200600007128,0,07,000,12,0,1,01,A01
200600007129,0,17,000,04,2,1,02,A01
200600007129,0,07,000,00,2,1,02,B02
200600007130,0,07,000,00,0,0,00,A01
200600007130,0,18,005,00,2,3,01,B02
200600007131,0,07,000,00,2,8,00,A01
200600007131,0,07,000,00,2,1,01,B02
200600007132,0,18,003,00,2,3,01,A01
200600007132,0,07,000,00,2,2,15,B02
200600007133,0,07,000,00,2,2,13,A01
200600007133,0,07,000,00,2,1,01,B02
200600007134,0,07,000,00,0,0,01,A01
200600007135,0,07,000,00,2,4,01,B02
200600007136,0,07,000,03,2,3,18,A01
200600007136,0,07,000,00,2,5,01,B02
200600007137,0,07,000,11,0,3,01,A01
200600007138,0,07,000,00,2,1,01,A01
200600007138,0,07,000,00,2,1,01,B02
200600007139,0,14,000,02,0,8,01,A01
200600007140,0,07,000,00,0,2,13,A01
200600007141,0,07,000,06,0,9,01,A01
200600007142,0,07,000,02,0,8,01,A01
200600007143,0,07,000,00,0,3,15,A01
200600007143,0,05,000,00,0,6,01,B02