Num_Acc,senc,catv,occutc,obs,obsm,choc,manv,num_veh
200600007144,0,07,000,06,0,3,01,A01
200600007145,0,07,000,08,0,1,13,A01
200600007146,0,14,000,00,2,3,01,A01
200600007146,0,07,000,00,2,5,09,B02
200600007147,0,07,000,00,2,2,15,A01
200600007147,0,07,000,00,2,1,01,B02
200600007148,0,07,000,00,1,1,01,A01
200600007149,0,07,000,02,0,1,19,A01
200600007150,0,07,000,00,0,3,01,A01
200600007151,0,07,000,00,2,1,01,A01
200600007151,0,07,000,00,2,4,01,B02
200600007152,0,07,000,00,0,0,01,A01
200600007153,0,07,000,10,0,1,01,A01
200600007154,0,07,000,00,0,7,01,A01
200600007154,0,07,000,00,0,5,01,B02
200600007154,0,02,000,01,0,1,01,C03
200600007155,0,09,000,00,2,7,01,A01
200600007155,0,07,000,00,2,1,01,B02
200600007156,0,07,000,00,0,9,01,A01
200600007157,0,07,000,00,2,1,01,A01
200600007157,0,07,000,00,2,3,16,B02
200600007158,0,07,000,00,1,1,01,A01
200600007159,0,07,000,00,0,0,01,A01
200600007160,0,07,000,00,2,8,01,A01
200600007160,0,02,000,00,2,1,19,B02
200600007161,0,10,000,00,0,8,17,A01
200600007161,0,33,000,00,2,7,17,B02
200600007162,0,07,000,00,2,1,01,A01
200600007162,0,07,000,00,0,0,00,B02
200600007163,0,07,000,00,2,1,02,A01
200600007163,0,07,000,00,2,4,02,B02
200600007164,0,07,000,06,0,1,01,A01
200600007165,0,07,000,00,0,5,15,A01
200600007165,0,05,000,00,2,1,01,B02
200600007166,0,07,000,00,0,3,01,A01
200600007167,0,07,000,00,2,1,17,A01
200600007167,0,07,000,00,2,3,01,B02
200600007168,0,07,000,13,0,8,14,A01
200600007169,0,07,000,00,2,8,13,A01
200600007169,0,04,000,00,2,8,01,B02
200600007170,0,07,000,00,0,8,15,A01
200600007170,0,05,000,00,0,1,17,B02
200600007171,0,07,000,00,0,4,17,A01
200600007171,0,07,000,00,0,1,17,B02
200600007172,0,07,000,00,9,7,20,A01
200600007172,0,02,000,00,2,1,16,B02
200600007173,0,07,000,02,0,7,13,A01
200600007174,0,17,000,00,2,3,01,A01
200600007174,0,07,000,00,2,8,15,C03
200600007175,0,07,000,13,0,1,01,A01
200600007176,0,07,000,02,0,7,01,A01
200600007177,0,09,000,00,2,0,01,A01
200600007177,0,07,000,00,2,1,01,B02
200600007178,0,07,000,00,2,1,15,A01
200600007178,0,05,000,00,2,1,01,B02
200600007179,0,05,000,04,0,1,01,A01
200600007180,0,07,000,08,0,3,01,A01
200600007181,0,10,000,00,2,3,13,A01
200600007181,0,07,000,00,2,1,01,B02
200600007182,0,07,000,08,0,1,14,A01
200600007183,0,02,000,00,2,8,15,A01
200600007183,0,07,000,00,9,1,01,B02
200600007184,0,07,000,00,2,3,17,A01
200600007184,0,02,000,00,2,1,01,B02
200600007185,0,07,000,03,0,1,13,A01
200600007185,0,07,000,03,0,3,01,B02
200600007186,0,07,000,13,0,8,02,A01
200600007186,0,07,000,00,2,3,02,B02
200600007187,0,07,000,00,2,7,19,A01
200600007187,0,07,000,00,2,1,01,B02
200600007188,0,07,000,00,2,2,13,A01
200600007188,0,17,000,00,2,1,01,B02
200600007189,0,07,000,01,0,1,01,A01
200600007190,0,02,000,00,1,1,01,A01
200600007191,0,07,000,00,1,2,02,A01
200600007191,0,01,000,00,0,4,02,B02
200600007192,0,36,000,15,0,1,01,A01
200600007193,0,07,000,13,0,2,01,A01
200600007194,0,07,000,00,1,6,20,A01
200600007195,0,07,000,01,0,1,01,A01
200600007196,0,07,000,00,2,7,01,A01
200600007196,0,02,000,00,2,1,15,B02
200600007197,0,07,000,00,1,2,01,A01
200600007198,0,07,000,00,2,1,13,A01
200600007198,0,07,000,00,2,3,21,B02
200600007198,0,07,000,00,2,1,01,C03
200600007199,0,07,000,00,1,2,01,A01
200600007200,0,05,000,15,0,1,01,A01
200600007201,0,07,000,08,0,1,00,A01
200600007202,0,07,000,10,0,8,21,A01
200600007203,0,07,000,13,0,1,01,A01
200600007204,0,07,000,00,2,3,13,A01
200600007204,0,07,000,00,2,3,01,B02
200600007205,0,07,000,13,0,3,00,A01
200600007206,0,07,000,00,2,7,00,A01
200600007206,0,07,000,00,2,1,01,B02
200600007207,0,17,000,00,2,1,01,A01
200600007207,0,07,000,07,2,8,19,C03
200600007208,0,07,000,00,0,1,13,A01
200600007208,0,16,000,00,0,1,01,B02
200600007209,0,07,000,00,2,2,01,B02
200600007209,0,07,000,00,2,8,19,A01
200600007210,0,07,000,00,2,3,01,A01
200600007210,0,07,000,00,2,8,01,B02
200600007211,0,07,000,00,1,1,01,A01
200600007212,0,07,000,00,2,5,19,A01
200600007212,0,17,000,00,2,2,01,B02
200600007213,0,07,000,00,2,8,10,A01
200600007213,0,07,000,00,2,1,01,B02
200600007214,0,07,000,00,2,8,10,A01
200600007214,0,07,000,00,2,1,01,B02
200600007215,0,07,000,00,2,2,02,A01
200600007215,0,02,000,00,2,6,02,B02
200600007216,0,07,000,00,1,1,01,A01
200600007217,0,07,000,00,2,8,09,A01
200600007217,0,02,000,00,2,7,01,B02
200600007218,0,07,000,02,0,7,01,A01
200600007219,0,07,000,13,0,9,01,A01
200600007220,0,33,000,00,2,8,01,A01
200600007220,0,07,000,00,2,1,19,B02
200600007221,0,10,000,00,1,2,01,A01
200600007222,0,07,000,02,0,9,01,A01
200600007223,0,07,000,02,0,1,14,A01
200600007224,0,07,000,00,2,1,09,A01
200600007224,0,07,000,00,2,4,01,B02
200600007225,0,07,000,02,0,3,01,A01
200600007226,0,07,000,00,2,3,13,A01
200600007226,0,07,000,00,2,3,01,B02
200600007227,0,07,000,00,2,6,13,A01
200600007227,0,07,000,00,2,6,01,B02
200600007227,0,07,000,00,2,1,01,C03
200600007228,0,07,000,01,1,1,01,A01
200600007228,0,07,000,00,0,4,23,B02
200600007229,0,02,000,00,2,3,18,A01
200600007229,0,10,000,00,2,5,01,B02
200600007230,0,07,000,06,0,7,01,A01
200600007231,0,14,000,00,0,4,02,A01
200600007231,0,07,000,01,0,6,24,B02
200600007231,0,07,000,00,2,1,02,C03
200600007232,0,07,000,13,0,9,21,A01
200600007233,0,07,000,04,0,3,01,A01
200600007234,0,07,000,04,0,1,01,A01
200600007235,0,07,000,03,0,1,14,A01
200600007236,0,07,000,03,0,2,01,A01
200600007237,0,17,000,03,0,9,01,A01
200600007238,0,05,000,12,0,1,01,A01
200600007239,0,07,000,00,2,1,01,A01
200600007239,0,07,000,00,2,8,01,B02
200600007240,0,07,000,00,2,1,17,A01
200600007240,0,07,000,00,2,2,01,B02
200600007241,0,07,000,04,0,2,01,A01
200600007242,0,10,000,02,0,1,01,A01
200600007243,0,07,000,03,0,2,14,A01
200600007244,0,07,000,16,0,0,17,A01
200600007245,0,32,000,00,0,1,01,A01
200600007245,0,07,000,00,0,1,01,B02
200600007246,0,07,000,13,0,1,01,A01
200600007247,0,07,000,00,2,1,02,A01
200600007247,0,10,000,00,0,4,02,B02
200600007247,0,10,000,04,0,1,02,C03
200600007248,0,10,000,04,0,0,00,A01
200600007249,0,07,000,00,2,1,01,A01
200600007249,0,07,000,00,0,4,00,B02
200600007250,0,07,000,00,2,3,02,A01
200600007250,0,07,000,00,0,4,02,B02
200600007251,0,32,000,00,2,8,13,A01
200600007251,0,07,000,00,2,1,02,B02
200600007252,0,03,000,00,2,8,19,A01
200600007252,0,05,000,00,2,1,01,B02
200600007253,0,07,000,00,2,3,01,A01
200600007253,0,07,000,00,2,5,09,B02
200600007254,0,07,000,04,0,9,17,A01
200600007255,0,07,000,02,0,1,14,A01
200600007256,0,07,000,13,0,8,21,A01
200600007257,0,07,000,00,2,1,01,A01
200600007257,0,17,000,00,2,4,01,B02
200600007258,0,17,000,03,0,2,01,A01
200600007258,0,07,000,00,2,2,02,B02
200600007259,0,14,000,00,0,9,01,A01
200600007259,0,17,000,00,2,1,02,B02
200600007260,0,07,000,00,2,1,01,A01
200600007260,0,07,000,00,0,8,15,B02
200600007261,0,07,000,00,0,9,21,A01
200600007262,0,07,000,00,0,4,17,A01
200600007262,0,07,000,00,2,1,17,B02
200600007262,0,07,000,00,2,1,17,C03
200600007262,0,07,000,13,0,9,11,D04
200600007263,0,07,000,11,0,9,00,A01
200600007264,0,07,000,11,0,2,01,A01
200600007265,0,07,000,04,0,3,21,A01
200600007266,0,07,000,03,0,1,01,A01
200600007267,0,07,000,04,0,3,21,A01
200600007268,0,02,000,00,2,1,01,A01
200600007268,0,14,000,00,0,3,15,B02
200600007269,0,17,000,00,2,2,02,A01
200600007269,0,14,000,00,0,6,02,B02
200600007270,0,07,000,00,1,4,04,A01
200600007271,0,07,000,00,1,8,01,A01
200600007272,0,07,000,04,2,1,00,A01
200600007272,0,07,000,03,2,1,02,B02
200600007273,0,07,000,00,2,2,02,A01
200600007273,0,33,000,00,2,3,02,B02
200600007274,0,37,000,06,0,1,15,A01
200600007275,0,07,000,00,2,7,13,A01
200600007275,0,07,000,00,2,1,01,B02
200600007276,0,07,000,04,0,3,01,A01
200600007277,0,07,000,03,2,1,17,A01
200600007277,0,15,000,03,2,1,02,B02
200600007278,0,07,000,00,2,4,02,A01
200600007279,0,14,000,00,2,1,02,A01
200600007279,0,07,000,00,2,4,23,B02
200600007280,0,07,000,00,0,2,02,A01
200600007281,0,07,000,00,2,1,02,A01
200600007281,0,07,000,00,0,4,02,B02
200600007281,0,07,000,14,0,4,02,C03
200600007281,0,07,000,00,2,1,02,D04
200600007281,0,07,000,14,0,1,02,E05
200600007282,0,07,000,03,0,3,00,A01
200600007283,0,07,000,00,2,6,17,A01
200600007283,0,07,000,00,2,1,02,K11
200600007283,0,07,000,00,2,7,01,B02
200600007283,0,07,000,00,2,1,01,L12
200600007283,0,07,000,00,2,4,01,C03
200600007283,0,07,000,00,2,5,01,D04
200600007283,0,07,000,05,0,1,14,E05
200600007283,0,07,000,00,0,4,11,F06
200600007283,0,07,000,00,2,1,14,G07
200600007283,0,07,000,00,2,1,01,H08
200600007283,0,17,000,00,2,8,21,I09
200600007283,0,07,000,00,2,6,23,J10
200600007284,0,07,000,00,2,1,02,A01
200600007284,0,17,000,00,2,4,01,B02
200600007285,0,15,000,00,2,4,01,A01
200600007285,0,15,000,00,2,1,01,B02
200600007286,0,07,000,03,0,3,00,A01
200600007287,0,10,000,00,0,4,02,B02
200600007288,0,05,000,03,0,1,00,A01
200600007289,0,07,000,04,0,3,01,A01
200600007290,0,07,000,00,0,4,02,A01
200600007290,0,07,000,00,2,1,02,B02
200600007291,0,07,000,03,0,3,01,A01
200600007292,0,07,000,03,0,2,17,A01
200600007292,0,07,000,00,2,1,01,B02
200600007293,0,07,000,04,0,9,01,A01
200600007294,0,07,000,00,2,1,02,A01
200600007294,0,07,000,00,2,1,02,B02
200600007295,0,07,000,00,2,2,17,A01
200600007295,0,07,000,00,2,2,17,B02
200600007296,0,14,000,00,2,3,01,A01
200600007296,0,33,000,00,2,7,01,B02
200600007297,0,07,000,00,0,8,15,A01
200600007297,0,07,000,00,2,2,13,B02
200600007298,0,07,000,08,0,2,01,A01
200600007299,0,07,000,00,2,1,02,A01
200600007299,0,17,000,00,0,4,02,B02
200600007300,0,07,000,03,2,1,17,A01
200600007300,0,14,000,00,2,8,01,B02
200600007301,0,07,000,03,0,3,01,A01
200600007302,0,07,000,13,0,0,01,A01
200600007303,0,07,000,00,0,4,02,A01
200600007303,0,07,000,00,2,1,02,B02
200600007303,0,07,000,00,2,1,02,C03
200600007303,0,07,000,00,2,3,01,D04
200600007304,0,07,000,00,2,5,11,A01
200600007304,0,07,000,00,2,2,12,B02
200600007305,0,07,000,00,2,2,11,A01
200600007305,0,17,000,00,2,6,01,C03
200600007306,0,07,000,03,0,7,14,A01
200600007307,0,07,000,00,0,4,23,A01
200600007307,0,07,000,00,2,1,02,B02
200600007307,0,07,000,00,0,4,23,C03
200600007308,0,07,000,13,0,1,01,A01
200600007309,0,07,000,00,2,2,01,A01
200600007309,0,07,000,00,2,1,16,B02
200600007310,0,10,000,03,2,8,01,A01
200600007310,0,07,000,00,2,1,01,B02
200600007311,0,07,000,00,1,1,01,A01
200600007312,0,07,000,03,0,3,00,A01
200600007313,0,07,000,02,0,8,01,A01
200600007314,0,07,000,00,2,3,17,A01
200600007314,0,07,000,00,2,6,15,B02
200600007315,0,07,000,00,2,3,01,A01
200600007315,0,07,000,00,2,1,16,B02
200600007315,0,07,000,00,2,3,00,C03
200600007316,0,07,000,00,2,0,01,A01
200600007316,0,07,000,00,2,0,01,B02
200600007316,0,15,000,00,2,6,23,C03
200600007317,0,07,000,00,0,9,17,A01
200600007318,0,07,000,03,0,1,01,A01
200600007319,0,07,000,00,0,3,14,A01
200600007320,0,07,000,00,2,1,13,A01
200600007320,0,07,000,00,2,1,17,B02
200600007321,0,07,000,00,9,7,19,A01
200600007321,0,02,000,00,2,1,01,B02
200600007322,0,07,000,00,2,2,09,A01
200600007322,0,07,000,00,2,1,01,B02
200600007323,0,07,000,00,2,2,13,A01
200600007323,0,13,000,00,2,1,01,B02
200600007324,0,07,000,00,2,8,19,A01
200600007324,0,07,000,00,2,2,01,B02
200600007325,0,07,000,16,0,0,01,A01
200600007326,0,07,000,00,2,2,09,A01
200600007326,0,07,000,00,2,1,01,B02
200600007327,0,07,000,02,0,1,13,A01
200600007327,0,07,000,00,0,0,23,B02
200600007328,0,10,000,13,0,3,13,A01
200600007329,0,10,000,00,0,2,01,A01
200600007330,0,07,000,13,0,1,00,A01
200600007331,0,07,000,00,2,2,15,A01
200600007331,0,07,000,00,2,3,01,B02
200600007332,0,07,000,02,0,1,00,A01
200600007333,0,15,000,00,2,8,02,A01
200600007333,0,15,000,00,2,7,17,B02
200600007334,0,04,000,00,2,1,01,A01
200600007334,0,07,000,00,2,3,09,B02
200600007335,0,07,000,00,1,2,01,A01
200600007336,0,07,000,00,2,6,02,A01
200600007336,0,07,000,00,2,2,02,B02
200600007337,0,17,000,13,0,1,01,A01
200600007338,0,07,000,13,0,1,01,A01
200600007339,0,07,000,00,0,3,15,A01
200600007339,0,07,000,00,0,3,01,B02
200600007340,0,07,000,00,2,1,01,A01
200600007340,0,07,000,00,2,1,01,B02
200600007341,0,17,000,03,0,1,14,A01
200600007342,0,07,000,14,0,2,21,A01
200600007342,0,14,000,00,0,1,01,B02
200600007343,0,07,000,00,0,2,00,A01
200600007344,0,07,000,01,0,7,02,A01
200600007344,0,07,000,03,0,3,02,B02
200600007344,0,07,000,03,0,3,02,C03
200600007344,0,07,000,00,2,5,02,D04
200600007345,0,10,000,00,2,3,02,A01
200600007345,0,17,000,00,2,6,02,B02
200600007346,0,07,000,00,2,1,01,A01
200600007346,0,17,000,00,2,4,01,B02
200600007347,0,05,000,00,0,8,01,A01
200600007348,0,07,000,00,0,3,23,A01
200600007348,0,05,000,01,0,3,01,B02
200600007349,0,07,000,00,2,1,01,A01
200600007349,0,07,000,00,0,4,01,B02
200600007350,0,07,000,02,0,3,01,A01
200600007351,0,07,000,10,0,5,17,A01
200600007352,0,17,000,00,0,4,23,A01
200600007352,0,07,000,01,0,1,02,B02
200600007353,0,07,000,00,2,3,13,A01
200600007353,0,07,000,00,2,3,01,B02
200600007354,0,07,000,00,2,3,13,A01
200600007354,0,13,000,00,2,3,01,B02
200600007354,0,07,000,00,2,3,02,C03
200600007355,0,07,000,00,2,2,17,A01
200600007355,0,07,000,00,0,0,01,B02
200600007356,0,07,000,00,0,0,01,A01
200600007357,0,07,000,06,0,7,01,A01
200600007358,0,05,000,00,0,8,01,A01
200600007359,0,07,000,04,0,3,14,A01
200600007360,0,07,000,00,0,6,02,A01
200600007360,0,07,000,00,0,2,02,B02
200600007361,0,07,000,13,0,2,01,A01
200600007362,0,07,000,00,6,1,01,A01
200600007363,0,17,000,06,0,1,14,A01
200600007364,0,07,000,03,0,3,01,A01
200600007364,0,07,000,00,2,8,01,B02
200600007364,0,07,000,00,0,6,01,C03
200600007365,0,07,000,03,2,1,21,A01
200600007365,0,07,000,00,2,1,21,B02
200600007365,0,07,000,00,0,5,01,C03
200600007366,0,07,000,03,2,8,21,A01
200600007366,0,07,000,03,2,5,01,B02
200600007367,0,07,000,04,0,1,01,A01
200600007368,0,05,000,14,0,1,02,A01
200600007369,0,07,000,00,0,9,01,A01
200600007370,0,07,000,13,0,1,01,A01
200600007371,0,07,000,00,2,4,11,A01
200600007371,0,07,000,00,2,3,01,B02
200600007372,0,07,000,00,2,4,13,A01
200600007372,0,17,000,00,0,0,00,C03
200600007373,0,07,000,01,2,1,21,A01
200600007373,0,07,000,00,0,5,00,B02
200600007374,0,33,000,00,2,1,01,A01
200600007374,0,07,000,00,9,3,15,B02
200600007375,0,07,000,00,2,1,01,A01
200600007375,0,07,000,00,2,1,01,B02
200600007376,0,07,000,00,2,7,21,A01
200600007376,0,07,000,00,2,1,01,B02
200600007376,0,17,000,00,2,8,21,C03
200600007376,0,07,000,00,2,1,01,D04
200600007376,0,07,000,00,2,1,01,E05
200600007376,0,17,000,00,2,7,21,F06
200600007377,0,02,000,00,0,1,11,A01
200600007377,0,14,000,00,0,1,01,B02
200600007378,0,07,000,13,0,2,01,A01
200600007379,0,07,000,00,2,3,01,A01
200600007379,0,07,000,00,2,8,01,B02
200600007380,0,07,000,02,0,1,01,A01
200600007381,0,07,000,03,0,9,14,A01
200600007382,0,07,000,13,0,2,14,A01
200600007383,0,07,000,06,0,1,01,A01
200600007384,0,07,000,00,2,3,01,A01
200600007384,0,32,000,00,2,1,05,B02
200600007385,0,07,000,00,0,1,00,A01
200600007386,0,07,000,08,0,1,01,A01
200600007387,0,07,000,13,0,1,01,A01
200600007388,0,07,000,00,1,3,01,A01
200600007389,0,07,000,00,2,7,13,A01
200600007389,0,07,000,00,2,1,01,B02
200600007390,0,07,000,00,9,8,15,A01
200600007390,0,02,000,00,2,1,17,B02
200600007391,0,07,000,00,1,8,01,A01
200600007392,0,02,000,00,2,1,01,A01
200600007392,0,07,000,00,2,7,15,B02
200600007393,0,02,000,00,0,0,00,A01
200600007394,0,15,000,00,2,2,19,A01
200600007394,0,07,000,00,2,8,01,B02
200600007395,0,15,000,13,0,2,01,A01
200600007396,0,07,000,13,0,9,01,A01
200600007397,0,07,000,00,2,2,13,A01
200600007397,0,07,000,00,2,1,01,B02
200600007398,0,07,000,08,0,1,01,A01
200600007399,0,07,000,00,2,1,00,A01
200600007399,0,07,000,00,2,4,01,B01
200600007400,0,07,000,07,2,1,01,A01
200600007400,0,07,000,00,2,4,01,B01
200600007401,0,03,000,00,2,7,10,A01
200600007401,0,07,000,00,2,1,01,B01
200600007402,0,07,000,00,1,1,15,A01
200600007403,0,07,000,00,2,3,13,A01
200600007403,0,07,000,00,2,1,01,B01
200600007404,0,02,000,00,2,1,01,B01
200600007404,0,07,000,00,0,8,15,A01
200600007405,0,07,000,00,1,2,01,A01
200600007406,0,10,000,14,0,1,09,A01
200600007406,0,02,000,00,2,6,23,B01
200600007407,0,07,000,00,2,2,20,A01
200600007407,0,05,000,00,2,1,01,B01
200600007408,0,07,000,00,2,3,15,B01
200600007408,0,02,000,00,2,1,15,A01
200600007409,0,13,000,00,9,8,11,A01
200600007409,0,05,000,00,2,7,01,B01
200600007410,0,07,000,00,1,3,01,A01
200600007411,0,07,000,00,9,4,01,A01
200600007411,0,15,000,03,2,6,16,B01
200600007412,0,07,000,00,1,1,21,A01
200600007413,0,05,000,00,1,1,01,A01
200600007414,0,07,000,06,0,1,13,A01
200600007415,0,07,000,08,0,1,16,A01
200600007416,0,04,000,01,0,1,15,A01
200600007417,0,07,000,00,2,3,02,A01
200600007417,0,07,000,00,0,5,15,B01
200600007418,0,07,000,00,2,1,02,A01
200600007418,0,17,000,00,0,0,15,B01
200600007419,1,07,000,00,1,3,15,A01
200600007420,0,07,000,00,1,4,04,A01
200600007421,0,07,000,00,1,2,02,A01
200600007422,0,07,000,00,2,3,10,A01
200600007422,0,07,000,00,2,1,01,B01
200600007423,0,07,000,14,0,1,01,A01
200600007423,0,07,000,14,0,1,01,B01
200600007423,0,07,000,00,0,4,23,C01
200600007424,0,07,000,00,1,1,01,A01
200600007425,0,07,000,00,2,8,15,A01
200600007425,0,05,000,00,2,1,17,B01
200600007426,0,07,000,00,1,4,04,A01
200600007427,0,07,000,00,2,2,09,A01
200600007427,0,02,000,00,2,7,01,B01
200600007428,0,07,000,00,2,1,13,A01
200600007428,0,07,000,00,2,1,01,B01
200600007429,0,07,000,00,1,1,01,A01
200600007430,0,07,000,03,0,3,13,A01
200600007430,0,07,000,00,2,2,01,B01
200600007431,0,07,000,08,4,6,01,A01
200600007431,0,19,000,00,2,1,01,B01
200600007432,0,07,000,06,0,1,01,A01
200600007433,0,07,000,00,2,0,13,A01
200600007433,0,07,000,00,2,0,01,B01
200600007434,0,05,000,00,2,7,17,A01
200600007434,0,07,000,00,0,6,01,B01
200600007434,0,07,000,00,2,3,01,C01
200600007435,0,05,000,00,2,1,01,A01
200600007435,0,07,000,00,9,3,09,B01
200600007436,0,18,000,00,1,1,01,A01
200600007436,0,07,000,00,0,3,24,B01
200600007437,0,07,000,00,9,2,15,A01
200600007437,0,04,000,00,2,6,00,B01
200600007438,0,07,000,00,2,3,01,B01
200600007438,0,07,000,00,2,1,15,A01
200600007439,0,07,000,06,2,8,01,B01
200600007439,0,07,000,14,2,1,01,A01
200600007440,0,07,000,00,1,2,00,A01
200600007441,1,07,000,00,0,0,00,A01
200600007441,0,01,000,00,2,1,01,B01
200600007442,0,07,000,00,2,1,19,A01
200600007442,0,05,000,00,2,1,01,B01
200600007443,0,07,000,00,2,4,01,B01
200600007443,0,02,000,00,2,1,02,A01
200600007444,0,07,000,00,2,8,13,A01
200600007444,0,02,000,00,2,7,17,B01
200600007445,0,07,000,00,2,7,01,B01
200600007445,0,07,000,00,2,1,01,A01
200600007446,0,07,000,00,1,1,01,A01
200600007447,0,02,000,00,2,1,02,A01
200600007447,0,07,000,00,9,4,02,B01
200600007448,0,07,000,00,2,0,15,A01
200600007448,0,02,000,00,2,1,01,B01
200600007449,0,07,000,00,0,0,00,A01
200600007449,0,04,000,00,2,9,01,B01
200600007450,0,07,000,00,2,7,01,A01
200600007450,0,07,000,00,2,1,01,B01
200600007451,0,07,000,01,0,7,01,A01
200600007451,0,07,000,00,2,1,01,B01
200600007452,0,07,000,00,9,3,13,A01
200600007452,0,02,000,00,2,7,17,B01
200600007453,0,04,000,00,0,0,00,B01
200600007453,0,07,000,00,0,0,19,A01
200600007454,0,07,000,00,2,2,01,B01
200600007454,0,07,000,00,2,3,19,A01
200600007455,0,05,000,00,1,0,01,A01
200600007456,0,07,000,00,2,2,00,A01
200600007456,0,02,000,00,2,1,01,B01
200600007457,0,07,000,00,9,1,02,A01
200600007457,0,01,000,00,2,4,02,B01
200600007458,0,07,000,00,2,1,15,A01
200600007458,0,05,000,00,2,2,01,B01
200600007459,0,07,000,00,2,3,19,A01
200600007459,0,04,000,00,2,1,01,B01
200600007460,0,02,000,00,2,1,01,A01
200600007460,0,07,000,00,2,4,01,B01
200600007460,0,07,000,00,2,1,01,C01
200600007461,0,02,000,00,2,1,00,A01
200600007461,0,07,000,00,2,4,01,B01
200600007462,0,02,000,00,2,1,15,A01
200600007462,0,07,000,00,2,3,01,B01
200600007463,0,04,000,00,2,2,15,A01
200600007463,0,04,000,00,2,1,01,B01
200600007464,0,05,000,00,1,1,01,A01
200600007465,0,07,000,00,1,1,01,A01
200600007466,0,07,000,00,2,4,00,A01
200600007466,0,01,000,00,2,1,01,B01
200600007467,0,07,000,00,2,1,01,A01
200600007467,0,07,000,00,2,1,01,B01
200600007468,0,07,000,00,2,3,01,A01
200600007468,0,07,000,00,2,1,01,B01
200600007469,0,07,000,01,2,2,00,A01
200600007469,0,07,000,00,2,0,00,C01
200600007470,0,04,000,00,2,1,01,A01
200600007470,0,07,000,00,2,4,01,B01
200600007471,0,07,000,00,2,1,09,A01
200600007471,0,07,000,00,2,1,01,B01
200600007472,0,07,000,00,2,8,10,A01
200600007472,0,05,000,00,2,1,01,B01
200600007473,0,07,000,01,0,8,22,A01
200600007473,0,02,000,01,0,2,18,B01
200600007474,0,07,000,00,2,2,15,A01
200600007474,0,05,000,00,2,1,01,B01
200600007475,0,07,000,09,9,2,14,A01
200600007476,1,99,000,00,0,1,00,A01
200600007476,0,02,000,00,2,8,00,B01
200600007477,0,02,000,00,2,1,01,A01
200600007477,0,07,000,00,2,6,02,B01
200600007477,0,07,000,00,2,7,01,C01
200600007478,0,07,000,00,2,1,09,A01
200600007478,0,02,000,00,2,1,01,B01
200600007479,0,07,000,02,0,8,01,A01
200600007480,0,07,000,00,2,2,01,A01
200600007480,0,07,000,00,2,8,01,B01
200600007481,0,07,000,00,2,1,02,A01
200600007481,0,07,000,00,2,4,02,B01
200600007481,0,07,000,00,2,4,02,C01
200600007482,0,07,000,00,2,1,01,B01
200600007482,0,13,000,00,0,1,01,A01
200600007483,0,18,005,00,2,1,01,B01
200600007484,0,07,000,00,2,1,09,A01
200600007484,0,02,000,00,2,1,17,B01
200600007485,0,07,000,00,1,1,01,A01
200600007486,0,07,000,00,2,1,16,A01
200600007486,0,02,000,00,2,1,15,B01
200600007487,0,04,000,00,2,1,01,A01
200600007487,0,07,000,00,2,3,15,B01
200600007488,0,02,000,00,2,1,01,A01
200600007488,0,05,000,00,2,4,01,B01
200600007489,0,07,000,00,2,8,15,A01
200600007489,0,05,000,00,2,2,01,B01
200600007490,0,07,000,00,1,1,01,A01
200600007491,0,07,000,00,2,2,15,A01
200600007491,0,07,000,00,2,1,01,B01
200600007492,0,07,000,07,0,1,01,A01
200600007493,0,07,000,00,2,4,04,A01
200600007493,0,05,000,00,2,1,01,B01
200600007494,0,07,000,00,2,1,02,A01
200600007494,0,07,000,00,2,4,02,B01
200600007495,0,03,000,00,2,2,01,A01
200600007495,0,07,000,00,2,3,01,B01
200600007496,0,02,000,00,2,1,17,A01
200600007496,0,07,000,00,2,8,15,B01
200600007497,0,07,000,00,1,3,15,A01
200600007498,0,07,000,00,2,1,02,C01
200600007498,0,07,000,00,2,4,02,B01
200600007498,0,07,000,00,2,1,01,A01
200600007499,0,07,000,00,2,3,15,A01
200600007499,0,04,000,00,2,1,01,B01
200600007500,0,05,000,00,2,1,13,A01
200600007500,0,07,000,00,2,1,01,B01
200600007501,0,07,000,00,2,3,11,A01
200600007501,0,02,000,00,2,4,01,B01
200600007502,0,07,000,00,2,1,15,A01
200600007502,0,07,000,00,2,2,01,B01
200600007503,0,02,000,00,2,1,02,A01
200600007503,0,10,000,00,0,4,02,B01
200600007504,0,07,000,00,1,1,01,A01
200600007505,0,07,000,00,2,3,01,B01
200600007505,0,02,000,00,2,1,01,A01
200600007506,0,07,000,00,2,4,15,A01
200600007506,0,04,000,00,2,1,01,B01
200600007507,0,07,000,00,0,7,15,A01
200600007507,0,04,000,00,2,1,01,B01
200600007508,0,07,000,00,1,1,01,A01
200600007509,0,05,000,00,1,1,01,A01
200600007510,0,99,000,00,0,8,15,A01
200600007510,0,05,000,00,2,1,01,B01
200600007511,0,04,000,09,0,1,01,A01
200600007512,0,07,000,00,1,2,01,A01
200600007513,0,10,000,00,2,1,09,A01
200600007513,0,07,000,00,2,3,01,B01
200600007514,0,05,000,00,2,1,17,A01
200600007514,0,07,000,00,2,1,15,B01
200600007515,0,05,000,00,2,2,01,A01
200600007515,0,07,000,00,2,0,15,B01
200600007516,0,02,000,00,2,1,17,A01
200600007516,0,07,000,00,9,6,15,B01
200600007517,0,02,000,00,1,1,02,A01
200600007518,0,02,000,00,0,8,01,A01
200600007519,0,07,000,00,9,5,04,A01
200600007519,0,05,000,00,2,6,15,B01