Num_Acc,senc,catv,occutc,obs,obsm,choc,manv,num_veh
200600007520,0,07,000,00,2,6,11,A01
200600007520,0,05,000,00,2,7,01,B01
200600007521,0,05,000,00,2,1,02,B01
200600007521,0,07,000,00,9,1,15,A01
200600007522,0,02,000,00,2,1,17,A01
200600007522,0,07,000,00,2,3,15,B01
200600007523,0,02,000,01,0,1,01,B01
200600007523,1,10,000,00,0,0,01,A01
200600007524,0,07,000,00,1,1,01,A01
200600007525,0,07,000,00,9,8,09,A01
200600007525,0,05,000,00,2,1,02,B01
200600007526,0,02,000,00,2,1,01,A01
200600007526,0,02,000,00,2,4,01,B01
200600007527,0,07,000,00,2,8,11,A01
200600007527,0,02,000,00,2,1,01,B01
200600007528,0,05,000,00,2,1,01,B01
200600007528,0,02,000,00,0,7,15,A01
200600007529,0,07,000,00,1,1,15,A01
200600007530,0,07,000,00,0,8,09,A01
200600007530,0,05,000,00,2,1,01,B01
200600007531,0,07,000,00,2,5,20,A01
200600007531,0,07,000,00,2,2,24,B01
200600007532,0,07,000,00,2,4,02,A01
200600007532,0,07,000,00,2,2,02,B01
200600007533,0,07,000,00,2,1,13,A01
200600007533,0,07,000,00,2,6,01,B01
200600007533,0,07,000,00,2,1,01,C01
200600007534,0,02,000,00,2,1,17,A01
200600007534,0,07,000,00,2,4,13,B01
200600007535,1,07,000,00,1,1,09,A01
200600007536,0,07,000,00,2,1,02,A01
200600007536,0,07,000,00,0,4,02,B01
200600007537,0,07,000,00,2,2,14,A01
200600007537,0,02,000,00,2,6,16,B01
200600007538,0,02,000,00,2,3,01,A01
200600007538,0,02,000,00,2,1,01,B01
200600007539,0,02,000,00,1,1,01,A01
200600007540,0,02,000,00,2,1,01,B01
200600007540,0,07,000,00,2,3,01,A01
200600007541,0,07,000,00,2,3,15,A01
200600007541,0,02,000,00,2,1,17,B01
200600007542,0,07,000,00,1,1,15,A01
200600007543,0,02,000,00,2,8,18,A01
200600007543,0,05,000,00,2,2,01,B01
200600007544,0,07,000,00,2,1,02,A01
200600007544,0,07,000,00,2,4,02,B01
200600007544,0,07,000,00,2,4,02,C01
200600007545,0,02,000,00,2,1,01,A01
200600007545,0,07,000,00,2,3,01,B01
200600007546,0,04,000,00,2,1,01,A01
200600007546,0,07,000,00,2,3,15,B01
200600007547,0,07,000,00,2,2,00,A01
200600007547,0,05,000,00,2,2,00,B01
200600007548,0,07,000,00,2,2,02,A01
200600007548,0,07,000,01,2,8,02,B01
200600007549,0,10,000,00,1,1,02,A01
200600007550,0,07,000,00,2,3,15,A01
200600007550,0,05,000,00,2,3,01,B01
200600007551,0,05,000,00,2,2,15,A01
200600007551,0,18,001,00,2,2,15,B01
200600007552,0,07,000,00,0,3,01,A01
200600007552,0,02,000,00,2,1,01,B01
200600007553,0,07,000,00,2,7,01,A01
200600007553,0,07,000,00,2,1,01,B01
200600007554,0,07,000,00,1,2,01,A01
200600007555,0,05,000,00,1,7,01,A01
200600007555,0,01,000,00,2,3,19,B01
200600007556,0,10,000,00,1,4,04,A01
200600007557,0,07,000,00,2,5,16,A01
200600007557,0,04,000,00,2,3,03,B01
200600007558,0,02,000,00,2,1,01,A01
200600007558,0,07,000,00,2,3,15,B01
200600007559,0,07,000,00,1,4,04,A01
200600007560,0,02,000,00,2,1,00,A01
200600007560,0,07,000,00,2,6,00,B01
200600007561,0,07,000,01,0,1,19,A01
200600007562,0,07,000,00,2,5,17,A01
200600007562,0,01,000,00,2,1,01,B01
200600007563,0,07,000,00,9,0,02,A01
200600007563,0,05,000,00,2,1,02,B01
200600007564,0,07,000,01,9,2,02,A01
200600007564,0,05,000,00,2,1,16,B01
200600007565,0,07,000,00,9,1,02,A01
200600007565,0,01,000,00,2,8,02,B01
200600007566,0,02,000,00,1,1,00,A01
200600007567,0,05,000,00,1,0,21,A01
200600007568,0,07,000,03,0,1,01,A01
200600007569,0,07,000,00,9,1,02,A01
200600007569,0,18,002,15,2,3,02,B01
200600007570,0,10,000,00,2,3,15,A01
200600007570,0,07,000,00,2,0,00,B01
200600007571,0,10,000,00,2,1,02,A01
200600007571,0,07,000,00,2,7,15,B01
200600007572,0,10,000,00,2,3,02,A01
200600007572,0,07,000,00,2,3,15,B01
200600007573,0,07,000,00,2,1,02,A01
200600007573,0,07,000,00,2,4,02,B01
200600007574,0,07,000,00,2,1,15,A01
200600007574,0,05,000,00,0,4,17,B01
200600007575,0,99,000,00,0,0,01,A01
200600007575,0,02,000,00,0,0,01,B01
200600007576,0,07,000,00,2,1,01,A01
200600007576,0,05,000,00,2,1,01,B01
200600007577,0,05,000,00,2,1,02,B01
200600007577,0,07,000,00,9,5,02,A01
200600007578,0,07,000,00,1,4,04,A01
200600007579,0,07,000,00,2,0,00,A01
200600007579,0,02,000,00,2,0,00,B01
200600007580,0,18,001,00,1,4,04,A01
200600007580,0,18,001,00,1,1,23,B01
200600007581,0,02,000,00,2,2,01,A01
200600007581,0,07,000,00,2,6,15,B01
200600007582,0,07,000,06,2,7,01,B01
200600007582,0,07,000,02,2,2,21,A01
200600007583,0,07,000,00,2,3,15,A01
200600007583,0,07,000,00,2,1,05,B01
200600007584,0,99,000,14,0,2,02,A01
200600007584,0,99,000,00,2,6,02,B01
200600007584,0,07,000,00,0,5,02,C01
200600007585,0,07,000,00,1,1,02,A01
200600007586,0,02,000,01,0,7,18,A01
200600007587,0,04,000,00,2,1,02,A01
200600007587,0,07,000,00,0,4,01,B01
200600007588,0,07,000,00,1,1,15,A01
200600007589,0,05,000,00,0,0,02,A01
200600007590,0,07,000,00,2,1,02,A01
200600007590,0,07,000,00,2,4,23,B01
200600007591,0,07,000,00,2,1,02,A01
200600007591,0,07,000,03,0,4,01,B01
200600007592,0,07,000,00,1,1,01,A01
200600007593,0,02,000,00,2,1,13,A01
200600007593,0,07,000,00,2,7,01,B01
200600007593,0,10,000,00,0,0,20,C01
200600007594,0,10,000,00,1,1,01,A01
200600007595,0,02,000,00,2,1,19,A01
200600007595,0,07,000,00,2,2,01,B01
200600007596,0,01,000,00,2,1,16,B01
200600007596,0,07,000,00,2,5,15,A01
200600007597,0,07,000,00,2,1,01,A01
200600007597,0,07,000,00,2,8,01,B01
200600007598,0,14,000,00,2,3,15,A01
200600007598,0,07,000,00,2,2,01,B01
200600007599,0,07,000,00,2,1,05,A01
200600007599,0,07,000,00,2,1,01,B01
200600007600,0,07,000,00,9,0,12,A01
200600007600,0,05,000,00,2,3,02,B01
200600007601,0,07,000,00,2,7,13,A01
200600007601,0,07,000,00,2,1,01,B01
200600007602,0,02,000,00,2,8,01,A01
200600007602,0,07,000,00,2,1,01,B01
200600007603,0,05,000,00,2,1,01,A01
200600007603,0,10,000,00,2,6,23,B01
200600007604,0,02,000,00,2,1,01,A01
200600007604,0,07,000,00,2,7,01,B01
200600007605,0,07,000,00,0,2,11,A01
200600007606,0,07,000,00,1,1,01,A01
200600007607,0,07,000,00,1,3,02,A01
200600007608,0,07,000,00,9,0,02,A01
200600007608,0,02,000,00,2,8,02,B01
200600007609,0,07,000,00,2,3,01,B01
200600007609,0,02,000,00,2,1,01,A01
200600007610,0,10,000,00,2,3,15,A01
200600007610,0,05,000,00,2,1,01,B01
200600007611,0,04,000,00,1,2,01,A01
200600007612,0,07,000,00,2,1,01,A01
200600007612,0,05,000,00,2,7,01,B01
200600007613,0,07,000,00,1,1,01,A01
200600007614,0,07,000,00,2,7,01,A01
200600007614,0,07,000,00,2,1,01,B01
200600007615,0,07,000,00,2,1,01,A01
200600007615,0,05,000,00,2,1,01,B01
200600007616,0,07,000,00,2,1,02,A01
200600007616,0,07,000,00,2,4,02,B01
200600007616,0,07,000,00,2,4,02,C01
200600007617,0,07,000,00,1,3,15,A01
200600007618,1,07,000,14,1,2,13,A01
200600007618,0,07,000,00,2,7,23,B01
200600007618,0,07,000,00,2,5,23,C01
200600007619,1,07,000,00,2,1,02,A01
200600007619,0,07,000,04,2,4,02,B01
200600007620,0,04,000,00,0,3,09,A01
200600007621,0,07,000,00,2,1,01,A01
200600007621,0,07,000,00,0,4,01,B01
200600007622,0,02,000,00,2,1,01,A01
200600007622,0,10,000,00,2,2,12,B01
200600007623,0,07,000,00,2,3,22,A01
200600007623,0,05,000,14,0,1,01,B01
200600007624,0,07,000,00,2,2,15,A01
200600007624,0,07,000,00,2,1,01,B01
200600007625,0,05,000,00,2,1,01,A01
200600007625,0,07,000,00,2,1,09,B01
200600007625,0,07,000,00,2,3,23,C01
200600007626,0,07,000,00,2,1,01,A01
200600007626,0,99,000,00,2,1,19,B01
200600007627,0,01,000,00,1,1,01,A01
200600007628,0,07,000,00,2,3,15,A01
200600007628,0,04,000,00,2,2,01,B01
200600007629,0,07,000,00,2,2,15,A01
200600007629,0,05,000,00,2,1,01,B01
200600007630,0,13,000,00,1,1,01,A01
200600007631,0,07,000,00,2,1,01,A01
200600007631,0,07,000,00,2,1,01,B01
200600007631,0,07,000,00,2,1,01,C01
200600007632,0,02,000,00,2,1,17,A01
200600007632,0,07,000,00,2,3,15,B01
200600007633,2,07,000,00,2,7,15,A01
200600007633,0,05,000,00,2,9,01,B01
200600007634,0,07,000,00,2,1,01,A01
200600007634,0,07,000,00,0,4,00,C01
200600007634,0,02,000,00,2,9,01,B01
200600007635,0,02,000,00,2,7,01,B01
200600007635,0,07,000,00,2,3,09,A01
200600007636,0,07,000,00,1,2,01,A01
200600007637,0,07,000,00,2,1,15,A01
200600007637,0,07,000,00,0,1,01,B01
200600007638,0,07,000,06,2,1,01,A01
200600007638,0,07,000,06,2,7,01,B01
200600007639,0,07,000,00,2,1,01,A01
200600007639,0,07,000,00,2,7,01,B01
200600007639,0,07,000,00,2,8,01,C01
200600007640,0,07,000,00,2,3,15,A01
200600007640,0,07,000,00,2,3,01,B01
200600007641,0,07,000,00,0,5,15,A01
200600007641,0,05,000,00,2,1,01,B01
200600007642,0,02,000,00,2,1,01,A01
200600007642,0,07,000,00,0,4,01,B01
200600007643,0,02,000,00,2,1,01,A01
200600007643,0,02,000,00,0,7,15,B01
200600007644,0,07,000,08,0,1,13,A01
200600007645,0,07,000,00,2,1,01,A01
200600007645,0,01,000,00,0,0,01,B01
200600007646,0,02,000,01,0,1,01,A01
200600007647,0,07,000,00,1,1,01,A01
200600007648,0,07,000,10,2,2,05,A01
200600007648,0,05,000,00,2,1,21,B01
200600007649,0,07,000,00,2,8,09,A01
200600007649,0,02,000,00,2,1,01,B01
200600007650,0,07,000,02,0,0,00,A01
200600007651,0,07,000,00,2,2,01,A01
200600007651,0,01,000,00,2,4,01,B01
200600007652,0,07,000,00,1,2,15,A01
200600007653,0,14,000,00,2,3,01,B01
200600007653,0,07,000,00,2,7,15,A01
200600007654,0,02,000,01,0,2,14,A01
200600007655,0,07,000,00,2,9,17,A01
200600007655,0,07,000,00,2,3,02,C01
200600007655,0,17,000,00,2,8,05,B01
200600007656,0,07,000,00,1,8,01,A01
200600007657,0,02,000,00,1,1,01,A01
200600007658,0,05,000,00,2,3,03,A01
200600007658,0,07,000,00,2,8,01,B01
200600007659,0,07,000,00,1,3,01,A01
200600007660,0,07,000,00,1,2,20,A01
200600007661,0,15,000,00,2,2,02,A01
200600007661,0,07,000,03,0,6,02,B01
200600007662,0,07,000,00,2,4,23,A01
200600007662,0,07,000,00,2,1,01,C01
200600007662,0,18,001,00,2,1,01,D01
200600007662,1,07,000,00,2,2,09,E01
200600007662,0,05,000,00,2,7,02,B01
200600007663,0,02,000,00,1,1,01,A01
200600007664,0,07,000,00,1,1,01,A01
200600007665,0,07,000,00,1,3,01,A01
200600007666,0,07,000,00,1,7,01,A01
200600007667,0,07,000,00,2,1,13,A01
200600007668,0,07,000,00,2,6,24,B01
200600007668,2,05,000,01,1,1,01,A01
200600007669,1,07,000,00,2,1,02,A01
200600007669,0,02,000,00,2,4,23,B01
200600007670,0,04,000,00,1,6,01,A01
200600007671,0,07,000,00,2,1,15,A01
200600007671,0,02,000,00,2,1,01,B01
200600007672,0,07,000,00,2,1,15,A01
200600007672,0,02,000,00,2,1,01,B01
200600007673,1,07,000,00,2,1,01,A01
200600007673,0,07,000,00,2,4,23,B01
200600007674,1,05,000,00,1,1,01,A01
200600007675,0,07,000,06,0,3,01,A01
200600007676,0,07,000,00,2,1,21,A01
200600007676,0,07,000,00,2,8,23,B01
200600007677,0,07,000,00,2,2,05,A01
200600007677,0,07,000,00,2,3,00,B01
200600007678,0,07,000,00,2,2,15,A01
200600007678,0,07,000,00,2,2,01,B01
200600007678,0,07,000,00,2,6,23,C01
200600007679,0,07,000,00,2,4,23,D01
200600007679,0,07,000,00,2,4,23,C01
200600007679,0,07,000,00,2,4,23,B01
200600007679,0,07,000,00,2,1,23,A01
200600007680,0,02,000,00,2,1,01,B01
200600007680,0,07,000,00,2,8,01,A01
200600007681,0,07,000,00,2,1,05,A01
200600007681,0,07,000,00,2,1,01,B01
200600007682,0,07,000,00,2,3,21,A01
200600007682,0,07,000,00,2,3,01,B01
200600007683,0,05,000,00,2,7,00,A01
200600007683,0,07,000,00,2,2,00,B01
200600007684,0,07,000,01,0,0,01,A01
200600007684,0,07,000,00,0,0,01,C01
200600007684,0,07,000,08,2,0,01,B01
200600007685,0,07,000,00,2,4,00,A01
200600007685,1,07,000,00,2,4,02,B01
200600007686,0,07,000,00,2,1,01,C01
200600007686,0,07,000,00,2,8,01,B01
200600007686,0,05,000,00,2,1,13,A01
200600007687,1,07,000,01,1,1,17,A01
200600007688,0,05,000,00,2,3,01,B01
200600007688,1,07,000,00,0,0,00,A01
200600007689,0,07,000,00,0,4,02,B01
200600007689,0,07,000,00,2,1,02,A01
200600007690,0,02,000,00,1,1,01,A01
200600007691,1,07,000,00,1,1,01,A01
200600007692,0,07,000,00,2,1,01,A01
200600007693,0,07,000,00,0,1,14,A01
200600007694,0,05,000,00,2,8,02,B01
200600007694,1,07,000,00,9,7,02,A01
200600007695,0,05,000,00,2,1,01,B01
200600007695,0,07,000,00,2,7,15,A01
200600007696,1,07,000,00,9,1,02,A01
200600007696,0,04,000,00,2,2,00,B01
200600007697,0,05,000,00,2,1,02,A01
200600007697,0,07,000,00,2,5,20,B01
200600007698,1,04,000,00,0,0,00,A01
200600007699,1,07,000,00,0,0,00,A01
200600007700,0,07,000,00,2,3,11,A01
200600007700,0,07,000,00,2,2,01,B01
200600007700,0,07,000,00,0,8,23,C01
200600007701,0,02,000,12,0,8,01,A01
200600007702,0,04,000,00,2,1,01,A01
200600007702,0,07,000,00,2,7,01,B01
200600007703,0,05,000,00,2,3,02,A01
200600007703,0,07,000,00,2,1,00,B01
200600007704,0,07,000,00,2,1,09,A01
200600007704,0,05,000,00,2,7,01,B01
200600007705,0,07,000,00,2,1,09,B01
200600007705,0,05,000,00,2,7,01,A01
200600007706,0,07,000,00,2,3,01,A01
200600007706,0,07,000,00,2,3,01,B01
200600007707,0,07,000,00,2,3,01,B01
200600007707,0,07,000,00,2,3,16,A01
200600007708,0,07,000,01,0,3,21,A01
200600007709,0,02,000,00,2,2,01,B01
200600007709,0,07,000,00,2,3,15,A01
200600007710,1,01,000,00,0,0,00,A01
200600007711,0,07,000,00,1,1,01,A01
200600007712,0,07,000,06,0,1,09,A01
200600007713,0,07,000,00,2,3,13,A01
200600007713,0,10,000,00,2,3,01,B01
200600007714,0,07,000,00,2,3,15,A01
200600007714,0,04,000,00,2,2,01,B01
200600007715,0,07,000,00,0,6,23,B01
200600007715,0,04,000,00,2,1,01,A01
200600007716,0,07,000,00,0,0,00,B01
200600007716,0,07,000,01,1,3,01,A01
200600007716,0,07,000,00,0,4,00,C01
200600007717,0,07,000,00,2,1,19,A01
200600007717,0,05,000,00,0,8,19,B01
200600007718,0,05,000,00,2,8,15,B01
200600007718,0,02,000,00,2,1,02,A01
200600007719,0,05,000,00,0,2,02,B01
200600007719,0,04,000,00,2,2,02,A01
200600007720,0,07,000,00,2,1,01,B01
200600007720,0,07,000,00,2,1,15,A01
200600007721,0,07,000,00,2,1,17,A01
200600007721,0,07,000,00,2,1,15,B01
200600007722,0,01,000,00,0,0,00,A01
200600007723,0,10,000,00,2,8,10,A01
200600007723,0,02,000,00,2,1,00,B01
200600007724,0,07,000,00,0,0,00,A01
200600007725,0,04,000,00,2,1,01,B01
200600007725,0,07,000,00,0,3,15,A01
200600007726,0,07,000,00,2,4,02,B01
200600007726,0,07,000,00,2,2,02,A01
200600007727,0,01,000,00,2,1,02,A01
200600007728,0,07,000,00,0,0,00,A01
200600007729,0,07,000,00,2,3,00,A01
200600007729,0,05,000,00,2,1,11,B01
200600007730,0,04,000,00,0,0,00,A01
200600007730,0,07,000,00,0,0,00,B01
200600007731,0,07,000,08,0,1,00,A01
200600007732,0,02,000,00,2,3,15,A01
200600007732,0,07,000,00,2,3,01,B01
200600007733,0,02,000,00,2,1,01,B01
200600007733,0,07,000,00,2,3,00,A01
200600007734,1,07,000,00,1,1,01,A01
200600007735,0,01,000,00,0,0,00,A01
200600007736,0,07,000,00,2,2,01,A01
200600007736,0,07,000,00,2,3,01,B01
200600007737,1,07,000,00,1,1,00,A01
200600007738,0,07,000,00,0,0,00,A01
200600007739,0,13,000,01,0,0,00,A01
200600007740,0,07,000,00,1,2,16,A01
200600007741,0,07,000,00,1,1,01,A01
200600007742,0,07,000,00,2,3,00,B01
200600007742,0,07,000,00,2,3,03,A01
200600007743,0,07,000,00,0,0,00,A01
200600007744,0,99,000,00,0,0,00,A01
200600007745,0,07,000,00,1,6,01,A01
200600007746,0,07,000,00,2,2,00,B01
200600007746,0,04,000,00,2,1,01,A01
200600007747,0,07,000,00,1,3,00,A01
200600007748,0,07,000,08,0,3,00,A01
200600007749,0,07,000,00,0,4,23,B01
200600007749,0,07,000,00,2,1,02,A01
200600007750,1,07,000,00,0,0,00,A01
200600007751,1,07,000,00,2,0,15,A01
200600007751,0,07,000,00,2,1,01,B01
200600007752,0,05,000,00,0,0,00,A01
200600007753,0,07,000,00,0,7,02,A01
200600007753,0,05,000,00,0,0,00,B01
200600007754,0,05,000,00,2,7,13,A01
200600007754,0,07,000,00,2,2,14,B01
200600007755,1,07,000,00,1,1,01,A01
200600007756,0,04,000,00,2,1,01,B01
200600007756,0,07,000,00,2,3,01,A01
200600007757,0,07,000,00,2,4,02,B01
200600007757,0,07,000,00,2,0,02,A01
200600007758,0,02,000,00,0,0,16,A01
200600007759,0,04,000,00,0,8,02,A01
200600007760,0,05,000,00,0,1,14,A01
200600007761,0,07,000,00,2,2,13,A01
200600007761,0,02,000,00,2,1,00,B01
200600007762,0,07,000,05,0,1,01,A01
200600007763,0,07,000,00,1,3,02,A01
200600007764,0,03,000,00,2,5,15,A01
200600007764,0,05,000,00,2,2,02,B01
200600007765,0,07,000,00,2,4,23,C01
200600007765,0,07,000,00,2,4,23,B01
200600007765,0,07,000,00,2,4,23,D01
200600007765,0,07,000,00,2,1,02,A01
200600007766,0,07,000,00,0,0,00,A01
200600007767,0,07,000,00,0,2,01,A01
200600007768,0,07,000,00,1,1,00,A01
200600007769,1,07,000,00,2,1,00,A01
200600007769,0,04,000,00,0,0,00,B01
200600007770,0,05,000,00,2,1,01,B01
200600007770,0,07,000,00,2,1,00,A01
200600007771,0,04,000,00,0,0,00,B01
200600007771,0,07,000,00,0,0,00,A01
200600007772,1,07,000,00,0,0,00,B01
200600007772,0,04,000,00,0,1,00,A01
200600007773,0,04,000,00,2,1,00,A01
200600007773,0,07,000,00,0,3,00,B01
200600007774,0,07,000,14,0,1,01,A01
200600007774,0,07,000,00,0,4,23,B01
200600007775,0,04,000,00,0,0,00,A01
200600007776,0,04,000,00,1,0,02,A01
200600007777,0,02,000,00,2,1,02,B01
200600007777,0,07,000,00,2,2,09,A01
200600007778,0,05,000,00,2,1,02,B01
200600007778,0,07,000,00,2,3,02,A01
200600007779,0,05,000,00,2,1,02,B01
200600007779,0,07,000,00,0,8,02,A01
200600007780,0,07,000,00,2,6,15,A01
200600007780,0,05,000,00,2,1,01,B01
200600007781,0,18,000,00,2,1,01,B01
200600007781,0,07,000,00,2,2,15,A01
200600007782,0,07,000,00,2,1,15,A01
200600007782,0,02,000,00,2,1,01,B01
200600007783,0,04,000,01,0,1,01,A01
200600007784,0,02,000,00,0,4,02,B01
200600007784,0,02,000,00,2,1,02,A01
200600007785,0,07,000,01,0,2,01,A01
200600007786,0,05,000,12,0,1,14,B01
200600007786,0,07,000,00,0,0,15,A01
200600007787,0,04,000,00,2,1,02,A01
200600007787,0,07,000,00,2,6,16,B01
200600007788,0,05,000,00,2,1,11,B01
200600007788,0,07,000,00,2,5,11,A01
200600007789,0,07,000,00,2,5,10,B01
200600007789,0,07,000,00,2,5,01,A01
200600007790,0,01,000,14,0,1,01,A01
200600007791,0,04,000,00,2,1,17,B01
200600007791,0,07,000,00,2,3,09,A01
200600007792,0,02,000,00,2,1,01,B01
200600007792,0,17,000,00,2,3,10,A01
200600007793,0,04,000,00,2,1,00,B01
200600007793,0,07,000,00,2,1,15,A01
200600007794,0,04,000,00,2,1,01,B01
200600007794,0,07,000,00,2,1,15,A01
200600007795,1,07,000,00,2,1,00,A01
200600007795,0,07,000,00,2,4,00,B01
200600007796,0,07,000,00,2,1,02,A01
200600007796,0,07,000,00,2,4,02,B01
200600007796,0,07,000,00,2,4,02,C01
200600007797,0,07,000,00,2,4,02,A01
200600007797,0,20,000,00,0,4,02,B01
200600007798,0,02,000,00,2,1,13,B01
200600007798,0,07,000,00,2,2,15,A01
200600007799,0,07,000,09,0,1,02,A01
200600007800,0,04,000,00,2,0,11,A01
200600007801,0,07,000,00,2,1,02,A01
200600007801,0,07,000,00,2,4,02,B01
200600007802,0,99,000,00,2,8,15,A01
200600007802,0,04,000,00,2,1,01,B01
200600007803,0,07,000,00,2,3,09,B01
200600007803,0,18,015,00,2,2,00,A01
200600007804,0,07,000,00,2,1,02,B01
200600007804,0,07,000,00,0,4,23,A01
200600007805,0,07,000,00,2,4,23,B01
200600007805,0,07,000,00,2,1,02,A01
200600007805,0,05,000,00,2,4,23,C01
200600007806,0,04,000,00,2,1,02,A01
200600007806,0,07,000,00,2,3,15,B01
200600007807,0,05,000,01,0,1,00,A01
200600007808,1,07,000,00,0,0,00,A01
200600007809,0,07,000,00,1,2,00,A01
200600007810,0,02,000,00,2,4,00,B01
200600007810,0,04,000,00,2,1,01,A01
200600007811,0,07,000,00,0,0,00,A01
200600007811,0,05,000,00,0,0,00,B01
200600007812,0,05,000,00,2,2,02,B01
200600007812,0,07,000,00,9,6,13,A01
200600007813,0,07,000,00,0,5,16,A01
200600007813,0,04,000,00,0,1,02,B01
200600007814,0,04,000,00,0,4,23,B01
200600007814,0,07,000,00,0,1,02,A01
200600007815,0,07,000,00,2,8,01,A01
200600007815,0,05,000,00,2,1,01,B01
200600007816,0,07,000,00,2,1,15,B01
200600007816,0,04,000,00,2,1,02,A01
200600007817,0,99,000,00,2,2,01,B01
200600007817,0,04,000,00,2,2,01,A01
200600007818,0,07,000,00,1,3,15,A01
200600007819,0,04,000,00,1,2,01,A01
200600007820,0,07,000,00,2,1,15,A01
200600007820,0,07,000,00,2,3,01,B01
200600007821,0,07,000,08,0,1,02,A01
200600007821,0,14,000,00,2,2,02,B01
200600007822,0,07,000,00,1,5,02,A01
200600007823,0,13,000,00,2,1,01,B01
200600007823,0,07,000,00,2,8,19,A01
200600007824,0,05,000,00,2,1,02,B01
200600007824,0,07,000,00,2,6,04,A01
200600007825,0,04,000,00,2,1,17,B01
200600007825,0,07,000,00,2,3,10,A01
200600007826,0,07,000,00,1,1,16,A01
200600007827,0,18,000,00,1,1,00,B01
200600007827,0,07,000,00,2,1,00,A01
200600007828,0,18,000,00,1,2,01,A01
200600007829,0,07,000,00,2,6,15,B01
200600007829,0,07,000,00,2,2,02,A01
200600007830,0,07,000,00,0,2,01,A01
200600007830,0,07,000,00,0,3,16,B01
200600007831,0,07,000,00,2,2,01,A01
200600007831,0,07,000,00,2,3,01,B01
200600007832,0,04,000,00,2,1,00,A01
200600007832,0,07,000,00,2,1,00,B01
200600007833,0,02,000,00,1,1,01,A01
200600007834,0,99,000,00,2,5,23,B01
200600007834,0,05,000,14,0,1,01,A01
200600007835,0,04,000,00,0,0,00,A01
200600007835,0,07,000,00,0,0,00,B01
200600007836,0,07,000,08,2,3,16,B01
200600007836,0,04,000,15,2,2,01,A01
200600007837,0,07,000,00,1,2,01,A01
200600007838,0,05,000,00,2,1,17,A01
200600007838,0,07,000,00,2,6,11,B01
200600007839,0,07,000,00,2,0,18,A01
200600007839,0,18,000,00,2,0,01,B01
200600007840,0,07,000,00,2,8,10,A01
200600007840,0,05,000,00,2,1,02,B01
200600007841,0,07,000,00,1,2,01,A01
200600007842,0,07,000,00,2,8,13,A01
200600007842,0,07,000,00,2,1,01,B01
200600007843,0,05,000,00,2,6,02,B01
200600007843,0,10,000,00,2,2,02,A01
200600007844,0,07,000,00,1,1,02,A01
200600007845,0,04,000,00,2,2,05,B01
200600007845,0,07,000,00,2,8,13,A01
200600007845,0,07,000,00,2,3,23,C01
200600007846,0,07,000,00,1,1,00,A01
200600007847,0,07,000,00,0,2,10,A01
200600007847,0,04,000,00,2,1,01,B01
200600007848,0,07,000,00,0,7,01,B01
200600007848,0,07,000,00,0,1,01,A01
200600007849,1,07,000,00,2,1,02,A01
200600007849,0,01,000,00,2,4,00,B01
200600007850,0,07,000,00,2,1,02,A01
200600007850,0,07,000,00,2,4,23,B01
200600007851,0,07,000,00,2,1,02,A01
200600007851,0,07,000,00,2,4,02,B01
200600007851,0,07,000,00,2,4,02,C01
200600007852,0,04,000,00,2,0,00,B01
200600007852,0,07,000,00,9,0,11,A01
200600007853,0,07,000,00,1,4,04,A01
200600007854,0,07,000,00,0,4,00,B01
200600007854,0,07,000,00,0,9,00,C01
200600007854,0,07,000,01,1,1,00,A01
200600007855,0,07,000,00,0,0,17,B01
200600007855,0,04,000,00,0,0,21,A01
200600007856,0,07,000,00,2,1,02,A01
200600007856,0,07,000,00,2,4,23,B01
200600007857,0,07,000,00,1,5,01,A01
200600007858,0,04,000,00,2,1,01,B01
200600007858,0,07,000,00,2,2,16,A01
200600007859,0,02,000,03,0,1,21,A01
200600007860,0,07,000,10,0,1,00,A01
200600007861,0,04,000,00,2,2,01,B01
200600007861,0,07,000,00,2,6,15,A01
200600007862,1,07,000,00,0,0,01,A01
200600007862,0,05,000,00,2,1,01,B01
200600007863,0,07,000,00,1,2,00,A01
200600007864,0,07,000,00,0,4,23,B01
200600007864,0,07,000,00,2,1,02,A01
200600007865,0,07,000,00,2,4,02,B01
200600007865,0,05,000,00,2,1,17,A01
200600007866,0,07,000,00,2,4,23,B01
200600007866,0,07,000,00,2,1,02,A01
200600007867,0,07,000,00,2,4,02,B01
200600007867,0,07,000,00,2,1,02,A01
200600007868,0,07,000,00,1,2,01,A01
200600007869,0,05,000,00,2,1,01,A01
200600007869,0,07,000,00,2,8,00,B01
200600007870,0,05,000,00,0,1,03,A01
200600007870,0,07,000,00,0,8,10,B01
200600007871,2,01,000,00,1,0,00,A01
200600007872,0,07,000,08,2,3,02,A01
200600007872,0,07,000,08,2,2,02,B01
200600007873,0,07,000,00,2,1,00,A01
200600007873,0,07,000,00,2,6,00,B01
200600007874,0,07,000,00,2,7,09,A01
200600007874,0,04,000,00,2,2,00,B01
200600007875,0,07,000,00,1,1,01,A01
200600007876,0,02,000,00,0,1,02,B01
200600007876,0,07,000,00,0,4,02,A01
200600007877,0,04,000,00,2,1,01,B01
200600007877,0,07,000,00,2,1,13,A01
200600007878,0,07,000,00,1,6,04,A01
200600007879,0,07,000,00,2,1,01,A01
200600007879,0,07,000,00,2,5,01,B01
200600007880,1,07,000,00,0,0,00,A01