Num_Acc,senc,catv,occutc,obs,obsm,choc,manv,num_veh
200600007880,0,07,000,00,2,9,00,B01
200600007881,0,07,000,02,0,8,14,A01
200600007882,0,15,000,00,2,1,01,A01
200600007882,0,07,000,00,2,3,00,B01
200600007883,0,13,000,00,2,8,13,A01
200600007883,0,07,000,00,2,8,01,B01
200600007884,0,07,000,00,2,2,13,A01
200600007884,0,07,000,00,2,1,01,B01
200600007885,0,07,000,07,0,1,01,A01
200600007886,0,07,000,00,0,3,06,A01
200600007887,0,07,000,00,2,1,15,A01
200600007887,0,07,000,00,2,1,08,B01
200600007888,0,07,000,00,1,2,21,A01
200600007889,0,05,000,00,2,4,16,B01
200600007889,0,07,000,00,2,1,09,A01
200600007890,0,02,000,00,2,1,17,A01
200600007890,0,07,000,00,2,3,13,B01
200600007891,0,07,000,00,2,2,17,A01
200600007891,0,07,000,00,2,1,01,B01
200600007892,0,02,000,00,2,1,17,A01
200600007892,0,07,000,00,2,1,01,B01
200600007893,0,07,000,00,2,4,01,B01
200600007893,0,07,000,00,2,1,01,A01
200600007893,0,07,000,00,2,1,01,C01
200600007893,0,07,000,00,2,4,23,D01
200600007894,0,17,000,00,0,7,14,A01
200600007894,0,07,000,00,0,3,01,B01
200600007895,0,03,000,00,0,1,13,A01
200600007895,0,07,000,00,2,1,01,B01
200600007896,0,07,000,00,2,1,01,B01
200600007896,0,07,000,00,2,3,13,A01
200600007897,0,07,000,00,0,4,01,A01
200600007897,0,07,000,00,0,1,00,B01
200600007898,0,07,000,00,2,4,01,B01
200600007899,0,07,000,00,1,1,01,A01
200600007900,0,07,000,00,2,1,01,A01
200600007900,0,07,000,00,2,4,01,B01
200600007901,0,07,000,01,0,1,13,A01
200600007902,0,07,000,00,2,1,15,A01
200600007902,0,07,000,00,2,6,00,B01
200600007903,0,05,000,00,0,1,01,B01
200600007903,0,07,000,00,2,8,15,A01
200600007904,0,07,000,02,0,8,14,A01
200600007905,0,07,000,00,2,1,02,A01
200600007905,0,07,000,00,0,4,02,B01
200600007905,0,07,000,00,0,4,02,C01
200600007906,0,07,000,00,2,1,13,A01
200600007906,0,07,000,00,2,3,01,B01
200600007907,0,01,000,00,2,1,01,A01
200600007907,0,18,005,00,2,3,15,B01
200600007908,1,07,000,00,1,7,01,A01
200600007909,0,02,000,00,1,1,01,A01
200600007910,1,07,000,00,1,2,00,A01
200600007911,0,07,000,00,2,1,01,A01
200600007911,0,05,000,00,0,4,24,B01
200600007912,0,07,000,00,2,1,01,A01
200600007912,0,07,000,00,2,4,01,B01
200600007913,0,07,000,00,2,1,02,A01
200600007913,0,07,000,00,0,4,02,B01
200600007914,0,07,000,00,2,3,09,A01
200600007914,0,05,000,00,2,1,01,B01
200600007915,0,07,000,00,2,1,05,A01
200600007915,0,07,000,00,2,1,01,B01
200600007915,0,07,000,00,2,0,01,C01
200600007916,0,10,000,00,1,2,01,A01
200600007917,0,05,000,00,2,2,17,A01
200600007917,0,07,000,00,0,3,15,B01
200600007918,0,07,000,00,1,1,01,A01
200600007919,0,07,000,00,9,2,02,A01
200600007919,0,01,000,00,2,4,02,B01
200600007920,0,20,000,00,0,8,10,A01
200600007920,0,05,000,00,2,2,01,B01
200600007921,0,05,000,00,1,2,01,A01
200600007922,0,07,000,00,1,1,01,A01
200600007923,0,07,000,00,1,1,01,A01
200600007924,0,07,000,00,2,1,01,A01
200600007924,0,07,000,00,2,3,01,B01
200600007925,0,07,000,00,2,1,01,A01
200600007925,0,07,000,00,2,4,01,B01
200600007926,0,07,000,00,2,2,13,A01
200600007926,0,05,000,00,2,1,01,B01
200600007927,0,07,000,00,1,1,01,A01
200600007928,0,07,000,00,2,2,01,A01
200600007928,0,07,000,00,2,1,01,B01
200600007929,0,05,000,00,2,1,15,A01
200600007929,0,07,000,00,2,1,15,B01
200600007930,0,07,000,00,2,3,16,A01
200600007930,0,01,000,00,2,1,01,B01
200600007931,0,05,000,00,2,0,01,A01
200600007931,0,07,000,00,2,4,02,B01
200600007932,0,07,000,00,2,1,01,A01
200600007932,0,07,000,00,2,4,01,B01
200600007933,0,07,000,00,2,1,15,A01
200600007933,0,02,000,00,2,1,01,B01
200600007934,0,07,000,00,2,4,04,A01
200600007934,0,01,000,00,2,7,01,B01
200600007935,0,07,000,00,2,8,15,A01
200600007935,0,05,000,00,2,1,17,B01
200600007936,0,18,001,00,2,1,01,A01
200600007936,0,07,000,00,2,4,01,B01
200600007936,0,07,000,00,2,4,01,C01
200600007937,0,03,000,00,2,2,15,A01
200600007937,0,07,000,00,2,1,01,B01
200600007938,0,07,000,00,2,4,23,A01
200600007938,0,07,000,00,2,4,23,B01
200600007938,0,07,000,00,2,1,02,C01
200600007939,0,07,000,16,0,9,14,A01
200600007940,0,07,000,00,2,1,01,A01
200600007941,0,07,000,00,2,1,01,A01
200600007941,0,01,000,00,2,4,01,B01
200600007942,0,07,000,00,2,1,13,A01
200600007942,0,07,000,00,2,8,01,B01
200600007942,0,07,000,00,2,1,01,C01
200600007943,0,07,000,00,2,6,13,A01
200600007943,0,02,000,00,2,2,01,B01
200600007944,0,02,000,00,2,1,01,A01
200600007944,0,02,000,00,2,1,01,B01
200600007945,0,07,000,00,9,6,00,A01
200600007945,0,02,000,00,2,1,01,B01
200600007946,0,07,000,00,0,8,15,A01
200600007946,0,05,000,00,2,1,17,B01
200600007947,0,10,000,00,1,6,01,A01
200600007948,0,02,000,00,2,1,01,B01
200600007948,0,07,000,00,2,3,19,A01
200600007949,0,02,000,00,0,0,02,A01
200600007950,0,05,000,00,2,3,05,A01
200600007950,0,07,000,00,2,3,01,B01
200600007950,0,07,000,00,0,4,02,C01
200600007951,0,07,000,00,2,3,05,A01
200600007951,0,07,000,06,2,3,01,B01
200600007952,0,07,000,00,2,1,10,A01
200600007952,0,07,000,00,2,2,01,B01
200600007953,0,07,000,00,2,3,01,A01
200600007953,0,02,000,00,2,4,01,B01
200600007953,0,07,000,00,0,3,01,C01
200600007954,0,07,000,01,0,1,14,A01
200600007955,0,02,000,00,0,2,19,A01
200600007955,0,07,000,00,0,3,01,B01
200600007956,0,07,000,00,2,1,01,A01
200600007956,0,07,000,00,1,8,10,B01
200600007957,0,07,000,00,0,4,01,A01
200600007957,0,05,000,00,2,1,02,B01
200600007958,0,07,000,16,0,1,21,B01
200600007958,0,07,000,00,0,4,15,A01
200600007959,0,02,000,00,2,1,21,A01
200600007959,0,02,000,00,2,3,15,B01
200600007960,0,07,000,00,1,2,01,A01
200600007961,0,07,000,00,2,3,15,A01
200600007961,0,02,000,00,2,8,01,B01
200600007962,0,07,000,00,2,3,15,A01
200600007962,0,01,000,00,2,1,01,B01
200600007963,0,07,000,01,0,1,01,A01
200600007964,0,07,000,00,2,2,15,A01
200600007964,0,07,000,00,2,3,01,B01
200600007965,0,07,000,00,1,8,01,A01
200600007966,0,07,000,00,2,3,09,A01
200600007966,0,01,000,00,2,1,19,B01
200600007967,0,07,000,06,0,1,00,A01
200600007968,0,07,000,06,0,1,01,A01
200600007969,0,07,000,00,1,1,01,A01
200600007970,0,07,000,00,2,2,01,A01
200600007970,0,02,000,00,2,1,01,B01
200600007971,0,04,000,00,0,0,15,A01
200600007972,0,07,000,00,4,3,15,A01
200600007972,0,02,000,00,2,1,01,B01
200600007973,0,04,000,00,0,0,01,A01
200600007974,0,04,000,14,9,0,00,A01
200600007975,0,07,000,11,0,2,01,A01
200600007976,0,07,000,00,2,6,11,A01
200600007976,0,07,000,00,2,3,01,B01
200600007977,0,05,000,00,2,1,01,A01
200600007977,0,07,000,00,0,6,01,B01
200600007978,0,02,000,00,1,1,01,A01
200600007979,0,07,000,13,0,1,01,A01
200600007980,0,07,000,00,1,0,00,A01
200600007981,0,07,000,00,2,1,02,A01
200600007981,0,07,000,00,2,4,01,B01
200600007982,0,07,000,00,1,1,01,A01
200600007983,0,07,000,00,2,3,01,B01
200600007983,0,07,000,00,2,1,01,A01
200600007984,0,07,000,00,1,3,13,A01
200600007985,0,02,000,01,0,1,00,A01
200600007986,0,07,000,00,1,2,01,A01
200600007987,0,07,000,01,0,1,01,A01
200600007988,0,10,000,00,2,1,08,A01
200600007988,0,07,000,00,2,2,15,B01
200600007989,0,07,000,00,2,1,15,A01
200600007989,0,10,000,00,2,3,01,B01
200600007990,0,02,000,00,2,1,17,A01
200600007990,0,07,000,00,2,3,15,B01
200600007991,0,07,000,00,2,1,15,A01
200600007991,0,02,000,00,2,1,01,B01
200600007992,0,07,000,00,2,3,01,A01
200600007992,0,07,000,00,2,4,23,B01
200600007992,0,07,000,00,2,4,23,C01
200600007993,0,07,000,00,1,1,01,A01
200600007994,0,07,000,00,1,1,01,A01
200600007995,0,18,001,00,1,7,01,A01
200600007996,0,07,000,00,2,2,13,A01
200600007996,0,07,000,00,2,1,01,B01
200600007997,0,07,000,00,2,1,20,A01
200600007997,0,07,000,00,2,2,01,B01
200600007998,0,07,000,04,0,9,21,A01
200600007998,0,10,000,00,0,0,21,B01
200600007998,0,07,000,00,0,0,09,C01
200600007999,0,18,001,00,1,5,23,A01
200600008000,0,05,000,00,2,1,02,A01
200600008000,0,07,000,00,2,4,01,B01
200600008001,0,07,000,00,2,1,15,A01
200600008001,0,02,000,00,2,3,01,B01
200600008002,0,02,000,00,2,1,07,A01
200600008002,0,07,000,00,2,2,16,B01
200600008003,0,07,000,00,2,3,01,A01
200600008003,0,05,000,00,2,2,01,B01
200600008004,0,14,000,00,2,3,01,B01
200600008004,0,14,000,00,2,3,16,A01
200600008005,0,07,000,00,2,1,01,B01
200600008005,0,07,000,00,2,1,01,A01
200600008006,0,07,000,00,1,5,04,A01
200600008007,0,02,000,00,2,1,18,A01
200600008007,0,07,000,00,9,7,01,B01
200600008008,0,02,000,00,2,4,02,A01
200600008008,0,07,000,00,2,4,01,B01
200600008009,0,07,000,06,0,1,19,A01
200600008010,0,07,000,00,1,7,01,A01
200600008011,0,07,000,00,2,7,15,A01
200600008011,0,07,000,00,2,1,01,B01
200600008012,0,07,000,06,0,1,13,A01
200600008013,0,07,000,00,2,1,13,A01
200600008013,0,07,000,00,2,1,01,B01
200600008014,0,07,000,00,2,3,15,A01
200600008014,0,02,000,00,2,1,01,B01
200600008015,0,05,000,00,2,1,01,B01
200600008015,0,07,000,00,2,5,01,A01
200600008016,0,02,000,00,9,1,01,A01
200600008017,0,07,000,00,2,3,15,B01
200600008017,0,02,000,00,2,1,17,A01
200600008018,0,07,000,00,2,3,01,A01
200600008018,0,02,000,00,2,1,01,B01
200600008019,0,07,000,00,2,3,15,A01
200600008019,0,02,000,00,0,1,01,B01
200600008020,0,07,000,00,2,3,01,A01
200600008020,0,01,000,00,2,4,15,B01
200600008021,0,07,000,00,2,3,01,A01
200600008021,0,14,000,00,2,3,01,B01
200600008022,0,07,000,00,2,1,01,A01
200600008022,0,07,000,00,2,4,02,B01
200600008023,0,07,000,00,2,4,04,A01
200600008023,0,07,000,00,2,1,02,B01
200600008024,0,07,000,01,0,1,14,A01
200600008025,0,18,001,00,0,1,01,A01
200600008026,0,07,000,00,2,1,01,A01
200600008026,0,07,000,00,2,4,01,B01
200600008027,0,07,000,00,2,3,15,A01
200600008027,0,02,000,00,2,2,17,B01
200600008028,0,02,000,00,0,0,00,A01
200600008029,0,02,000,00,2,1,03,A01
200600008029,0,07,000,00,0,5,01,B01
200600008029,0,07,000,00,0,3,23,C01
200600008030,1,07,000,00,1,2,01,A01
200600008031,0,04,000,00,0,0,16,A01
200600008032,0,07,000,00,1,2,02,A01
200600008033,0,07,000,00,2,1,01,A01
200600008033,0,07,000,00,2,8,01,B01
200600008034,0,07,000,00,1,2,01,A01
200600008035,0,07,000,00,2,2,02,B01
200600008035,0,07,000,00,2,3,15,A01
200600008036,0,07,000,06,0,1,00,A01
200600008037,0,07,000,00,2,8,09,A01
200600008037,0,14,000,00,2,2,01,B01
200600008037,0,07,000,00,2,8,23,C01
200600008038,0,07,000,00,0,0,13,A01
200600008038,0,07,000,00,0,1,01,B01
200600008039,0,07,000,00,0,4,02,B01
200600008039,0,07,000,00,1,0,02,A01
200600008040,0,07,000,00,1,3,01,A01
200600008041,0,05,000,00,0,1,01,B01
200600008041,0,07,000,00,0,2,15,A01
200600008042,0,07,000,06,2,1,01,A01
200600008042,0,07,000,00,2,1,01,B01
200600008043,0,07,000,00,9,3,01,A01
200600008043,0,01,000,00,2,0,19,B01
200600008044,0,07,000,06,0,1,01,A01
200600008045,0,07,000,00,2,0,10,A01
200600008045,0,02,000,00,2,1,17,B01
200600008046,0,07,000,00,0,4,01,A01
200600008046,0,07,000,00,2,1,01,B01
200600008046,0,07,000,00,2,1,01,C01
200600008047,0,07,000,00,1,1,01,A01
200600008048,0,07,000,00,2,3,15,A01
200600008048,0,02,000,00,2,3,01,B01
200600008049,0,02,000,00,2,1,01,A01
200600008049,0,10,000,00,2,3,01,B01
200600008050,0,07,000,00,2,1,01,A01
200600008050,0,10,000,08,2,9,01,B01
200600008051,0,07,000,00,1,3,01,A01
200600008052,0,10,000,00,0,0,01,A01
200600008052,0,07,000,03,9,9,01,B01
200600008053,0,07,000,00,2,2,15,A01
200600008053,0,07,000,00,2,1,01,B01
200600008054,0,07,000,00,2,5,17,A01
200600008054,0,05,000,01,2,9,01,B01
200600008055,0,02,000,00,2,1,13,A01
200600008055,0,07,000,00,2,1,23,B01
200600008056,0,07,000,00,1,1,01,A01
200600008056,0,02,000,00,0,0,00,B01
200600008057,0,02,000,00,2,1,01,A01
200600008057,0,07,000,00,2,4,01,B01
200600008058,0,07,000,00,2,8,11,A01
200600008058,0,05,000,00,2,7,17,B01
200600008059,0,07,000,00,2,1,01,A01
200600008059,0,07,000,00,0,1,01,B01
200600008060,0,07,000,00,2,2,01,A01
200600008060,0,07,000,00,2,3,01,B01
200600008061,0,07,000,00,1,2,01,A01
200600008062,0,02,000,12,0,1,00,A01
200600008063,0,07,000,00,1,1,01,A01
200600008064,0,02,000,00,0,0,00,A01
200600008065,0,07,000,00,1,1,01,A01
200600008066,0,07,000,00,2,1,15,A01
200600008066,0,07,000,00,2,1,01,B01
200600008067,0,07,000,00,0,9,01,A01
200600008068,0,05,000,00,0,0,01,A01
200600008069,0,07,000,11,0,1,01,A01
200600008070,0,07,000,00,2,1,01,A01
200600008070,0,07,000,00,2,3,01,B01
200600008071,0,07,000,00,2,3,01,B01
200600008071,0,07,000,00,2,2,15,A01
200600008072,0,07,000,00,1,1,01,A01
200600008073,0,07,000,00,2,2,15,A01
200600008073,0,02,000,00,2,8,01,B01
200600008074,0,01,000,00,2,8,01,B01
200600008074,0,07,000,00,2,2,01,A01
200600008075,0,07,000,01,0,1,01,A01
200600008076,0,07,000,00,2,3,15,A01
200600008076,0,05,000,00,2,1,01,B01
200600008077,0,07,000,00,1,1,01,A01
200600008078,0,07,000,00,1,4,04,A01
200600008079,0,07,000,00,2,1,05,A01
200600008079,0,07,000,00,2,1,09,B01
200600008080,0,07,000,00,2,1,02,A01
200600008080,0,07,000,00,2,4,02,B01
200600008081,0,07,000,00,2,1,10,A01
200600008081,0,18,001,00,2,7,01,B01
200600008082,0,07,000,00,1,1,01,A01
200600008083,0,07,000,00,2,3,01,B01
200600008083,0,07,000,00,2,2,15,A01
200600008084,0,07,000,00,1,2,01,A01
200600008085,0,07,000,00,2,2,14,A01
200600008085,0,17,000,00,2,3,01,C01
200600008085,0,15,000,00,2,3,21,B01
200600008085,0,07,000,00,2,0,01,D01
200600008086,0,21,000,00,2,4,04,A01
200600008086,0,02,000,00,2,1,01,B01
200600008087,0,02,000,00,2,7,01,A01
200600008087,0,07,000,00,2,3,15,B01
200600008088,0,07,000,00,2,2,01,A01
200600008088,0,07,000,00,2,1,01,B01
200600008089,0,02,000,00,2,1,01,A01
200600008089,0,07,000,00,0,6,15,B01
200600008090,0,07,000,00,9,8,15,A01
200600008090,0,02,000,00,2,0,07,B01
200600008091,0,07,000,00,0,0,01,A01
200600008092,0,07,000,00,1,2,01,A01
200600008093,0,07,000,00,1,7,00,A01
200600008094,0,07,000,00,2,8,11,A01
200600008094,0,04,000,01,2,7,11,B01
200600008095,0,07,000,00,1,1,01,A01
200600008096,0,07,000,00,1,1,15,A01
200600008097,0,07,000,00,1,5,01,A01
200600008098,0,07,000,00,1,1,15,A01
200600008099,0,07,000,00,2,4,00,B01
200600008099,0,01,000,00,2,1,01,A01
200600008100,0,07,000,05,2,7,15,A01
200600008100,0,02,000,00,2,1,01,B01
200600008101,0,07,000,00,1,1,15,A01
200600008102,0,07,000,06,0,1,01,A01
200600008103,0,07,000,00,1,0,01,A01
200600008104,0,05,000,00,2,1,01,A01
200600008104,0,07,000,00,2,4,01,B01
200600008105,0,02,000,00,2,1,02,A01
200600008105,0,07,000,00,0,4,02,B01
200600008106,0,07,000,00,1,1,01,A01
200600008107,0,07,000,00,1,1,01,A01
200600008108,0,07,000,00,2,3,15,A01
200600008108,0,07,000,00,2,8,23,B01
200600008108,0,07,000,00,2,6,23,C01
200600008109,0,10,000,00,1,2,01,A01
200600008110,0,07,000,02,0,1,01,A01
200600008111,0,07,000,00,9,1,01,B01
200600008111,0,01,000,00,2,1,15,A01
200600008112,0,07,000,00,2,2,01,A01
200600008112,0,07,000,00,2,3,09,B01
200600008113,0,07,000,00,2,1,01,A01
200600008113,0,07,000,00,2,1,01,B01
200600008114,0,07,000,13,0,9,01,A01
200600008115,0,07,000,00,2,6,01,A01
200600008115,0,05,000,00,2,2,01,B01
200600008116,0,07,000,00,2,2,09,A01
200600008116,0,01,000,00,2,0,01,B01
200600008117,0,07,000,00,2,3,01,B01
200600008117,0,07,000,00,2,2,09,A01
200600008118,0,07,000,00,2,2,15,A01
200600008118,0,05,000,10,2,1,01,B01
200600008119,0,07,000,00,0,0,15,A01
200600008119,0,05,000,00,0,0,01,B01
200600008120,0,07,000,00,2,4,00,A01
200600008120,0,05,000,00,2,1,00,B01
200600008121,0,07,000,00,1,3,05,A01
200600008122,0,07,000,00,2,1,01,A01
200600008123,0,05,000,00,2,4,09,B01
200600008123,0,07,000,00,2,2,01,A01
200600008124,0,07,000,00,0,0,13,A01
200600008124,0,07,000,00,2,4,02,C01
200600008124,0,07,000,00,2,4,02,B01
200600008124,0,07,000,00,2,1,02,D01
200600008124,0,07,000,00,2,0,02,E01
200600008125,0,07,000,13,0,1,01,A01
200600008126,0,07,000,00,2,2,01,A01
200600008126,0,07,000,00,2,6,01,B01
200600008127,0,07,000,00,1,1,01,A01
200600008128,0,18,001,00,1,1,01,A01
200600008129,1,04,000,00,2,3,03,A01
200600008129,0,07,000,00,2,0,02,B01
200600008129,0,07,000,00,2,7,02,C01
200600008130,0,07,000,00,2,7,01,A01
200600008130,0,04,000,00,2,8,11,B01
200600008131,0,02,000,00,2,2,01,A01
200600008131,0,07,000,00,2,1,00,B01
200600008132,0,07,000,00,2,1,01,A01
200600008132,0,05,000,00,2,8,01,B01
200600008133,0,07,000,00,2,9,15,A01
200600008133,0,07,000,00,2,1,01,B01
200600008134,0,02,000,00,2,1,01,A01
200600008134,0,07,000,00,2,8,01,B01
200600008135,0,07,000,00,2,1,01,A01
200600008135,0,07,000,00,2,4,01,B01
200600008136,0,04,000,00,2,1,12,A01
200600008136,0,07,000,00,2,6,01,B01
200600008136,1,07,000,00,9,0,12,C01
200600008136,1,99,000,00,1,0,01,D01
200600008137,0,07,000,00,2,6,02,A01
200600008137,0,05,000,00,2,0,02,B01
200600008138,0,07,000,00,2,7,01,A01
200600008138,0,04,000,00,2,1,01,B01
200600008139,0,07,000,13,0,1,00,A01
200600008140,0,07,000,15,0,3,15,A01
200600008141,0,07,000,13,0,2,01,A01
200600008142,0,02,000,11,0,3,01,A01
200600008143,0,07,000,00,2,1,15,A01
200600008143,0,07,000,00,2,3,01,B01
200600008144,0,07,000,00,2,1,02,A01
200600008144,0,07,000,00,2,4,02,B01
200600008145,0,07,000,00,2,1,01,A01
200600008145,0,07,000,00,2,4,01,B01
200600008146,0,07,000,01,0,4,04,A01
200600008147,0,05,000,00,2,1,01,A01
200600008147,0,07,000,00,2,3,11,B01
200600008148,0,99,000,06,0,1,01,A01
200600008149,0,07,000,00,2,1,01,A01
200600008149,0,07,000,01,2,1,13,B01
200600008150,0,07,000,00,2,3,01,A01
200600008150,0,05,000,00,2,2,12,B01
200600008151,0,05,000,00,0,1,01,A01
200600008152,0,01,000,00,2,0,01,A01
200600008152,0,07,000,00,2,2,16,B01
200600008153,0,07,000,00,1,1,01,A01
200600008154,0,02,000,00,9,7,01,A01
200600008155,0,07,000,00,2,1,09,A01
200600008155,0,01,000,00,2,1,01,B01
200600008155,0,07,000,00,9,0,23,C01
200600008156,0,07,000,00,1,3,01,A01
200600008157,0,07,000,00,0,6,10,A01
200600008157,0,07,000,00,2,1,01,B01
200600008157,0,07,000,14,0,3,01,C01
200600008158,0,02,000,00,2,2,01,A01
200600008158,0,07,000,00,2,2,16,B01
200600008159,0,07,000,00,2,3,01,A01
200600008159,0,07,000,00,2,3,01,B01
200600008160,0,07,000,00,2,7,02,B01
200600008160,0,07,000,15,2,1,01,A01
200600008161,0,07,000,00,1,0,01,A01
200600008162,0,07,000,00,1,0,01,A01
200600008163,0,01,000,00,2,1,15,A01
200600008163,0,07,000,00,2,2,15,B01
200600008164,0,07,000,00,0,0,00,A01
200600008164,0,07,000,00,0,0,00,B01
200600008165,0,07,000,00,0,9,17,A01
200600008166,1,05,000,00,0,0,00,A01
200600008166,0,07,000,00,2,8,01,B01
200600008167,0,07,000,00,0,2,15,A01
200600008167,0,07,000,00,2,1,01,B01
200600008167,0,07,000,00,2,1,01,C01
200600008168,1,04,000,00,1,0,00,A01
200600008169,0,05,000,00,9,4,15,A01
200600008169,0,07,000,00,0,4,15,B01
200600008170,0,07,000,00,2,2,01,A01
200600008170,0,07,000,00,2,2,15,B01
200600008171,0,07,000,00,2,1,11,A01
200600008171,0,07,000,00,2,8,01,B01
200600008172,0,05,000,00,0,7,01,A01
200600008173,0,04,000,00,2,1,09,A01
200600008173,0,07,000,00,0,1,15,B01
200600008174,0,02,000,00,0,1,00,A01
200600008175,0,02,000,00,0,0,00,B01
200600008175,0,10,000,00,0,3,15,A01
200600008176,0,01,000,00,2,1,15,A01
200600008176,0,07,000,00,2,3,15,B01
200600008177,0,07,000,14,2,1,02,C01
200600008177,0,07,000,14,2,4,02,B01
200600008177,0,07,000,00,2,1,02,A01
200600008178,0,04,000,00,0,0,01,A01
200600008179,1,02,000,00,1,0,00,A01
200600008180,0,07,000,00,2,2,15,A01
200600008180,0,02,000,00,2,1,01,B01
200600008181,0,07,000,00,1,3,15,A01
200600008182,0,07,000,00,2,1,02,A01
200600008182,0,07,000,00,2,4,02,B01
200600008183,2,07,000,00,0,0,00,A01
200600008183,0,02,000,00,2,8,02,B01
200600008184,0,07,000,01,0,8,01,A01
200600008185,0,07,000,00,2,6,15,A01
200600008185,0,05,000,00,2,7,13,B01
200600008186,0,07,000,00,0,1,01,A01
200600008187,0,07,000,08,0,1,01,A01
200600008188,0,07,000,00,2,1,01,A01
200600008188,0,07,000,00,2,3,15,B01
200600008189,0,07,000,00,2,1,01,A01
200600008189,0,05,000,00,2,1,01,B01
200600008190,0,05,000,00,1,1,01,A01
200600008191,0,07,000,04,0,3,01,A01
200600008192,0,07,000,00,2,1,13,A01
200600008192,0,07,000,00,2,3,01,B01
200600008193,0,07,000,00,1,1,01,A01
200600008194,0,13,000,00,2,0,09,A01
200600008194,0,05,000,00,2,9,01,B01
200600008195,0,07,000,00,0,8,01,A01
200600008195,0,07,000,00,2,1,01,B01
200600008196,0,07,000,00,2,7,02,A01
200600008197,0,07,000,00,1,2,01,A01
200600008198,0,07,000,00,2,1,01,A01
200600008198,0,07,000,00,2,4,01,B01
200600008199,0,07,000,00,2,1,19,A01
200600008200,0,07,000,00,2,8,10,A01
200600008200,0,05,000,00,2,1,01,B01
200600008201,0,07,000,00,2,1,13,A01
200600008201,0,07,000,00,2,3,01,B01
200600008202,0,07,000,00,2,3,01,A01
200600008202,0,07,000,00,2,8,01,B01
200600008203,0,07,000,00,0,3,01,A01
200600008204,0,07,000,00,2,1,01,A01
200600008204,0,07,000,00,2,4,01,B01
200600008204,0,07,000,00,2,4,01,C01
200600008205,0,07,000,00,1,0,15,A01
200600008206,0,07,000,00,2,3,15,A01
200600008206,0,07,000,00,2,1,01,B01
200600008207,0,07,000,00,2,3,05,A01
200600008207,0,07,000,00,2,2,01,B01
200600008208,0,07,000,00,2,1,01,A01
200600008208,0,07,000,00,0,4,01,B01
200600008209,0,05,000,00,2,0,01,A01
200600008209,0,02,000,00,2,4,16,B01
200600008210,0,02,000,00,2,3,18,A01
200600008210,0,07,000,00,9,2,16,B01
200600008211,0,13,000,00,2,7,01,A01
200600008211,0,07,000,00,2,5,01,B01
200600008212,0,13,000,00,2,1,02,A01
200600008212,0,13,000,00,2,4,02,B01
200600008213,0,07,000,00,2,1,01,A01
200600008213,0,07,000,00,2,4,01,B01
200600008214,0,01,000,00,2,4,19,A01
200600008214,0,13,000,00,9,3,01,B01
200600008215,0,07,000,00,1,1,02,A01
200600008216,0,07,000,00,1,1,01,A01
200600008217,0,07,000,00,2,3,15,A01
200600008217,0,05,000,00,2,1,01,B01
200600008218,0,07,000,00,1,0,17,A01
200600008219,0,07,000,00,2,1,02,A01
200600008219,0,07,000,14,2,4,02,B01
200600008219,0,07,000,14,2,4,02,C01
200600008219,0,07,000,14,2,4,02,D01
200600008219,0,07,000,00,2,4,02,E01
200600008220,0,01,000,00,2,1,15,A01
200600008220,0,07,000,00,2,3,01,B01
200600008221,0,07,000,14,2,1,02,A01
200600008221,0,07,000,14,2,9,02,B01
200600008222,0,07,000,00,2,5,01,A01
200600008222,0,07,000,00,2,2,01,B01
200600008223,0,07,000,00,2,1,02,A01
200600008223,0,07,000,00,2,4,02,B01
200600008223,0,07,000,00,2,1,02,C01
200600008224,0,07,000,00,2,3,15,A01
200600008224,0,05,000,00,2,2,21,B01
200600008225,0,05,000,03,9,3,01,A01
200600008226,0,07,000,00,1,6,04,A01
200600008227,0,07,000,00,2,2,12,A01
200600008227,0,02,000,00,2,3,01,B01
200600008228,0,04,000,00,2,1,17,A01
200600008228,0,07,000,00,2,8,01,B01
200600008229,0,07,000,06,0,1,15,A01
200600008230,0,07,000,00,1,1,15,A01
200600008231,0,07,000,00,2,1,01,A01
200600008231,0,07,000,00,2,4,23,B01
200600008231,0,07,000,00,2,4,23,C01
200600008232,0,05,000,00,2,1,17,A01
200600008232,0,07,000,00,2,8,15,B01
200600008233,0,07,000,00,2,1,01,A01
200600008233,0,04,000,00,2,1,01,B01
200600008234,0,07,000,00,2,1,02,A01
200600008234,0,07,000,00,2,4,02,B01
200600008235,0,07,000,00,0,9,01,A01
200600008236,0,02,000,00,2,1,01,A01
200600008236,0,07,000,00,2,3,01,B01
200600008237,0,07,000,01,2,2,15,A01
200600008237,0,02,000,00,2,1,01,B01
200600008238,0,02,000,00,2,1,02,A01
200600008238,0,10,000,00,2,4,01,B01
200600008239,0,07,000,00,2,2,16,A01
200600008239,0,02,000,00,2,3,01,B01
200600008240,0,07,000,02,0,2,14,A01
200600008241,2,05,000,01,2,0,01,A01
200600008241,0,01,000,00,2,5,02,B01
200600008242,0,07,000,00,2,3,15,A01
200600008242,0,05,000,00,2,3,01,B01
200600008243,0,07,000,07,2,8,01,A01
200600008243,0,07,000,00,2,0,01,B01
200600008244,0,07,000,00,1,0,01,A01
200600008245,0,07,000,00,2,3,01,A01
200600008245,0,02,000,00,2,7,14,B01
200600008246,0,02,000,01,0,1,01,A01
200600008246,0,10,000,00,2,3,23,B01
200600008247,0,99,000,01,0,1,01,A01
200600008248,0,07,000,00,2,2,01,B01