Num_Acc,senc,catv,occutc,obs,obsm,choc,manv,num_veh
200600008615,0,02,000,00,0,0,00,B01
200600008616,0,05,000,00,1,1,01,A01
200600008617,0,07,000,10,2,2,10,A01
200600008617,0,05,000,00,2,1,01,B01
200600008618,0,07,000,00,2,3,15,B01
200600008618,0,02,000,00,2,7,17,A01
200600008619,0,04,000,00,2,7,19,A01
200600008619,0,07,000,00,0,6,19,B01
200600008620,0,02,000,00,2,1,01,B01
200600008620,0,07,000,00,2,3,15,A01
200600008621,0,07,000,00,2,8,01,C01
200600008621,0,07,000,00,2,8,15,B01
200600008621,0,02,000,00,2,7,17,A01
200600008622,0,07,000,02,0,7,01,A01
200600008623,0,01,000,13,0,0,01,A01
200600008624,0,07,000,00,1,2,01,A01
200600008625,0,02,000,00,0,1,01,B01
200600008625,0,07,000,00,2,3,15,A01
200600008626,0,07,000,00,2,3,20,A01
200600008626,0,02,000,00,2,2,02,B01
200600008627,0,18,001,01,1,1,01,A01
200600008628,0,07,000,00,0,9,01,A01
200600008629,0,07,000,00,2,2,15,A01
200600008629,0,07,000,00,2,1,01,B01
200600008630,0,05,000,00,2,3,01,A01
200600008630,0,01,000,00,2,1,01,B01
200600008631,0,07,000,00,2,1,01,A01
200600008631,0,07,000,00,2,4,01,B01
200600008632,0,07,000,00,1,1,16,A01
200600008633,0,07,000,00,2,1,15,A01
200600008633,0,02,000,00,2,7,01,B01
200600008634,0,07,000,00,1,3,20,A01
200600008635,0,07,000,00,2,1,01,A01
200600008635,0,07,000,00,2,4,01,B01
200600008635,0,07,000,00,2,4,01,C01
200600008636,0,07,000,00,1,1,01,A01
200600008637,0,07,000,00,2,2,16,A01
200600008637,0,01,000,00,2,2,19,B01
200600008638,0,02,000,13,0,1,01,A01
200600008639,0,07,000,00,2,1,01,A01
200600008639,0,07,000,00,2,4,16,B01
200600008640,0,01,000,00,0,0,00,A01
200600008641,0,02,000,00,0,1,01,A01
200600008642,0,02,000,16,0,2,01,A01
200600008643,0,01,000,12,0,0,00,A01
200600008644,0,10,000,02,0,1,01,A01
200600008645,0,07,000,03,0,2,00,A01
200600008646,0,07,000,00,2,1,01,A01
200600008646,0,01,000,01,2,8,15,B01
200600008647,0,02,000,00,2,1,01,A01
200600008647,0,07,000,00,2,4,15,B01
200600008648,0,07,000,00,2,2,00,A01
200600008648,0,01,000,00,0,3,00,B01
200600008649,0,07,000,00,2,2,15,A01
200600008649,0,02,000,00,2,1,01,B01
200600008650,0,07,000,00,2,1,01,B01
200600008650,0,07,000,00,2,1,15,A01
200600008651,0,07,000,16,0,0,01,A01
200600008652,0,05,000,00,2,1,01,A01
200600008652,0,07,000,00,2,4,01,B01
200600008653,0,07,000,00,2,6,20,A01
200600008653,0,05,000,00,2,1,01,B01
200600008654,0,07,000,00,1,1,01,A01
200600008655,0,07,000,00,1,1,01,A01
200600008656,0,07,000,00,1,1,01,A01
200600008657,0,07,000,00,2,1,02,A01
200600008657,0,07,000,00,2,9,02,B01
200600008658,0,05,000,12,0,1,02,A01
200600008659,0,02,000,00,2,1,02,B01
200600008659,0,07,000,00,2,8,15,A01
200600008660,0,04,000,00,2,1,01,A01
200600008660,0,04,000,00,2,4,01,B01
200600008661,0,01,000,00,2,2,01,A01
200600008661,1,05,000,00,2,8,01,B01
200600008662,0,07,000,00,2,6,15,A01
200600008662,0,02,000,00,2,1,01,B01
200600008663,0,07,000,09,2,1,01,B01
200600008663,0,07,000,00,2,2,09,A01
200600008664,1,07,000,00,2,0,11,A01
200600008664,0,05,000,14,0,8,01,B01
200600008665,0,01,000,00,2,7,19,A01
200600008665,0,07,000,00,2,1,01,B01
200600008666,0,07,000,00,2,6,11,A01
200600008666,0,05,000,00,2,2,01,B01
200600008667,0,07,000,00,0,0,09,A01
200600008667,0,05,000,12,0,1,01,B01
200600008668,0,07,000,00,2,2,01,A01
200600008668,0,07,000,00,2,3,15,B01
200600008669,0,05,000,00,2,2,01,A01
200600008669,0,07,000,00,2,5,15,B01
200600008670,0,07,000,00,2,1,01,A01
200600008670,0,07,000,00,2,4,01,B01
200600008671,0,07,000,00,2,1,13,A01
200600008671,0,07,000,00,2,1,01,B01
200600008672,0,07,000,00,1,2,01,B01
200600008673,0,01,000,00,2,1,01,A01
200600008673,1,07,000,00,2,2,15,B01
200600008674,0,07,000,00,1,3,01,A01
200600008675,0,02,000,00,0,0,01,A01
200600008676,0,02,000,14,0,8,01,B01
200600008676,0,07,000,00,0,0,01,A01
200600008677,0,07,000,03,0,3,13,A01
200600008678,0,07,000,00,1,2,01,A01
200600008679,0,07,000,00,1,2,01,A01
200600008680,0,07,000,06,2,3,02,B01
200600008680,0,07,000,00,2,2,19,A01
200600008681,0,10,000,00,1,8,05,A01
200600008682,0,07,000,00,2,2,09,A01
200600008682,0,07,000,00,2,3,01,B01
200600008683,0,01,000,00,2,6,19,A01
200600008683,0,04,000,00,2,1,01,B01
200600008684,0,07,000,00,2,1,02,A01
200600008684,0,07,000,00,2,4,23,B01
200600008685,0,10,000,00,2,0,00,A01
200600008685,0,02,000,00,2,0,00,B01
200600008686,0,10,000,00,2,1,02,A01
200600008686,0,07,000,00,2,4,23,B01
200600008686,0,07,000,00,2,4,23,C01
200600008687,0,07,000,00,1,1,16,A01
200600008688,0,07,000,00,2,3,09,A01
200600008688,0,02,000,00,2,2,01,B01
200600008689,0,02,000,00,2,1,01,B01
200600008689,0,07,000,00,2,3,15,A01
200600008690,0,07,000,11,0,1,01,A01
200600008691,0,07,000,00,2,7,01,A01
200600008691,0,07,000,00,2,1,01,B01
200600008692,0,07,000,00,2,2,15,A01
200600008692,0,01,000,00,2,1,01,B01
200600008693,0,07,000,00,2,7,01,A01
200600008693,0,07,000,00,2,1,01,B01
200600008694,0,03,000,02,0,1,13,A01
200600008695,0,02,000,00,2,7,17,A01
200600008695,0,07,000,00,2,8,15,B01
200600008696,0,07,000,00,2,3,15,B01
200600008696,0,02,000,01,2,2,17,A01
200600008697,0,02,000,00,2,8,17,A01
200600008697,0,07,000,00,0,3,15,B01
200600008698,0,05,000,00,2,1,17,A01
200600008698,0,21,000,00,0,6,15,B01
200600008699,0,07,000,13,0,2,01,A01
200600008700,0,02,000,00,2,1,15,A01
200600008700,0,07,000,00,2,3,01,B01
200600008701,0,07,000,08,0,1,01,A01
200600008702,0,07,000,01,2,1,01,B01
200600008702,0,07,000,00,2,1,01,A01
200600008703,0,10,000,00,1,1,01,A01
200600008704,0,07,000,00,1,1,15,A01
200600008705,0,07,000,00,1,1,15,A01
200600008706,0,07,000,06,0,2,01,A01
200600008707,0,07,000,00,2,7,01,A01
200600008707,0,02,000,00,2,8,01,B01
200600008708,0,07,000,00,2,1,01,A01
200600008708,0,07,000,00,2,9,01,B01
200600008708,0,07,000,00,2,1,02,C01
200600008708,0,07,000,00,0,4,02,D01
200600008709,0,10,000,00,2,1,02,A01
200600008709,0,07,000,00,2,4,02,B01
200600008710,0,07,000,00,2,1,15,A01
200600008710,0,07,000,00,0,1,01,B01
200600008711,0,03,000,00,1,1,15,A01
200600008712,0,07,000,00,2,8,01,A01
200600008712,0,07,000,00,2,1,01,B01
200600008713,0,07,000,00,1,4,04,A01
200600008714,0,07,000,01,2,3,01,B01
200600008714,0,07,000,00,2,1,15,A01
200600008715,0,07,000,00,2,1,15,A01
200600008715,0,07,000,00,2,1,01,B01
200600008716,0,07,000,00,1,3,01,A01
200600008717,1,07,000,00,2,0,01,A01
200600008717,0,07,000,01,2,5,01,B01
200600008717,0,07,000,12,2,3,01,C01
200600008718,0,07,000,01,2,8,01,B01
200600008718,0,07,000,00,2,1,01,A01
200600008719,0,07,000,00,2,3,15,A01
200600008719,0,07,000,00,2,2,15,B01
200600008720,0,10,000,00,2,2,20,A01
200600008720,0,18,000,00,2,8,01,B01
200600008721,0,07,000,00,2,2,15,A01
200600008721,0,02,000,00,2,1,01,B01
200600008722,0,07,000,00,2,3,01,B01
200600008722,0,07,000,00,2,2,01,A01
200600008723,0,07,000,00,1,1,01,A01
200600008724,0,07,000,00,2,3,01,B01
200600008724,0,03,000,00,2,2,01,A01
200600008725,0,07,000,00,1,2,01,A01
200600008726,0,07,000,00,2,1,01,A01
200600008726,0,07,000,00,0,4,23,B01
200600008727,0,10,000,00,1,1,15,A01
200600008728,0,07,000,00,0,2,15,A01
200600008728,0,04,000,00,2,1,01,B01
200600008729,0,07,000,00,0,8,19,A01
200600008729,0,07,000,00,2,1,01,B01
200600008730,0,17,000,00,2,1,01,B01
200600008730,0,07,000,00,0,7,19,A01
200600008731,0,07,000,00,1,1,01,A01
200600008732,1,07,000,00,1,1,01,A01
200600008733,0,07,000,00,1,1,09,A01
200600008734,1,07,000,00,1,0,00,A01
200600008735,0,07,000,00,1,6,04,A01
200600008736,0,07,000,02,0,8,01,A01
200600008737,0,07,000,00,2,2,15,A01
200600008737,0,02,000,00,2,1,01,B01
200600008738,0,02,000,00,2,8,01,A01
200600008738,0,07,000,00,2,2,01,B01
200600008739,0,07,000,14,2,2,14,A01
200600008739,0,07,000,00,2,3,23,B01
200600008740,1,99,000,00,2,0,00,A01
200600008740,0,04,000,00,2,1,01,B01
200600008741,0,05,000,00,2,1,17,A01
200600008741,0,07,000,00,2,3,15,B01
200600008742,0,01,000,00,0,0,01,A01
200600008743,0,07,000,00,2,1,01,A01
200600008743,0,07,000,00,2,2,01,B01
200600008744,0,07,000,00,1,4,04,A01
200600008745,0,05,000,00,0,1,01,A01
200600008746,0,07,000,08,1,2,01,A01
200600008747,0,01,000,00,2,1,01,A01
200600008747,0,07,000,00,0,4,01,B01
200600008748,1,07,000,00,1,0,01,A01
200600008749,0,07,000,00,2,1,01,A01
200600008749,0,07,000,00,2,5,01,B01
200600008750,0,07,000,00,2,7,01,B01
200600008750,1,07,000,00,2,1,01,A01
200600008751,0,07,000,00,2,5,01,A01
200600008751,0,02,000,00,2,8,01,B01
200600008752,0,02,000,00,2,1,01,A01
200600008752,0,07,000,00,2,6,15,B01
200600008753,0,07,000,00,2,1,21,A01
200600008753,0,01,000,00,2,4,01,B01
200600008754,0,17,000,00,2,7,01,B01
200600008754,0,07,000,00,2,1,17,C01
200600008754,0,07,000,00,2,3,09,A01
200600008755,0,02,000,00,0,8,00,A01
200600008756,0,07,000,00,1,1,01,A01
200600008757,2,07,000,00,2,1,13,A01
200600008757,0,07,000,00,2,1,01,B01
200600008758,0,07,000,00,2,1,02,A01
200600008758,0,07,000,00,2,4,21,B01
200600008759,0,07,000,14,0,1,02,A01
200600008759,0,07,000,00,2,4,02,B01
200600008760,0,07,000,00,1,2,15,A01
200600008761,0,07,000,00,9,1,23,B01
200600008761,0,99,000,00,2,1,16,A01
200600008762,0,10,000,06,0,1,14,A01
200600008763,0,07,000,00,2,1,01,A01
200600008763,0,07,000,00,0,2,13,B01
200600008764,0,02,000,00,2,1,15,A01
200600008764,0,07,000,00,2,2,01,B01
200600008765,0,07,000,00,2,2,15,A01
200600008765,0,05,000,00,2,1,01,B01
200600008766,0,02,000,00,2,1,17,A01
200600008766,0,07,000,00,2,3,13,B01
200600008767,0,07,000,00,2,3,13,A01
200600008767,0,07,000,00,2,2,21,B01
200600008768,0,02,000,00,2,7,01,A01
200600008768,0,07,000,00,2,8,02,B01
200600008769,0,14,000,00,2,1,01,A01
200600008769,0,07,000,00,2,4,02,B01
200600008770,0,07,000,00,2,1,01,B01
200600008770,0,07,000,00,2,2,01,A01
200600008771,1,07,000,00,2,2,01,A01
200600008771,0,07,000,01,2,4,01,B01
200600008772,0,13,000,00,2,2,19,A01
200600008772,0,07,000,00,2,1,01,B01
200600008773,0,07,000,00,1,1,01,A01
200600008774,0,07,000,00,1,1,01,A01
200600008775,0,07,000,00,2,1,15,A01
200600008775,0,07,000,00,2,3,01,B01
200600008776,0,07,000,00,9,2,15,A01
200600008776,0,02,000,00,2,1,01,B01
200600008777,0,07,000,00,2,1,01,B01
200600008777,0,07,000,00,2,3,15,A01
200600008778,0,07,000,00,2,1,01,A01
200600008778,0,07,000,00,2,4,01,B01
200600008779,0,07,000,00,2,2,01,B01
200600008779,0,07,000,00,2,8,01,A01
200600008780,0,07,000,06,0,1,01,A01
200600008781,0,07,000,16,0,1,16,A01
200600008782,0,07,000,00,2,1,15,A01
200600008782,0,07,000,00,2,1,01,B01
200600008783,0,07,000,00,2,1,01,A01
200600008783,0,07,000,00,2,4,01,B01
200600008784,0,02,000,00,0,1,01,A01
200600008785,0,01,000,00,0,0,01,A01
200600008786,0,10,000,00,2,3,01,A01
200600008786,0,07,000,00,2,6,15,B01
200600008787,0,07,000,00,2,1,01,A01
200600008787,0,07,000,00,2,6,01,B01
200600008788,0,07,000,00,1,3,01,A01
200600008789,0,07,000,00,2,3,01,A01
200600008789,0,02,000,00,2,5,16,B01
200600008790,0,07,000,00,1,3,01,A01
200600008791,0,05,000,15,0,4,01,A01
200600008792,0,07,000,00,1,1,01,A01
200600008793,0,07,000,00,1,1,01,A01
200600008794,0,07,000,00,1,3,00,A01
200600008795,0,07,000,09,0,1,00,A01
200600008795,0,07,000,00,0,0,00,B01
200600008796,0,05,000,00,2,1,02,A01
200600008796,0,07,000,00,2,6,02,B01
200600008796,0,07,000,00,2,3,05,C01
200600008797,0,02,000,00,2,1,01,B01
200600008797,0,07,000,00,2,2,01,A01
200600008798,0,07,000,15,1,2,20,A01
200600008799,0,07,000,03,2,2,15,A01
200600008799,0,07,000,03,2,3,14,B01
200600008800,0,07,000,00,2,8,01,A01
200600008800,0,02,000,00,2,3,05,B01
200600008801,0,10,000,01,2,1,17,A01
200600008801,0,07,000,00,2,3,15,B01
200600008802,0,07,000,00,1,0,01,A01
200600008803,0,07,000,00,2,1,02,A01
200600008803,0,07,000,00,0,4,23,B01
200600008804,0,02,000,00,2,7,02,B01
200600008804,0,07,000,00,2,1,09,A01
200600008805,0,07,000,00,2,1,01,B01
200600008805,0,07,000,00,2,5,01,A01
200600008805,0,07,000,00,2,3,23,C01
200600008805,0,07,000,00,2,8,23,D01
200600008806,0,05,000,00,0,1,01,A01
200600008806,0,20,000,00,0,4,15,B01
200600008807,0,07,000,00,2,2,15,A01
200600008807,0,04,000,00,2,1,01,B01
200600008808,0,14,000,00,9,8,15,B01
200600008808,0,02,000,00,2,1,17,A01
200600008809,0,02,000,00,2,1,15,A01
200600008809,0,07,000,00,2,1,01,B01
200600008810,0,07,000,00,9,2,00,A01
200600008810,0,01,000,00,2,5,01,B01
200600008811,0,07,000,00,1,1,01,A01
200600008812,0,07,000,00,1,1,01,A01
200600008813,0,02,000,00,2,1,01,A01
200600008813,0,07,000,00,2,4,15,B01
200600008814,0,02,000,00,2,3,01,A01
200600008814,0,07,000,00,2,1,16,B01
200600008815,0,07,000,00,1,1,01,A01
200600008816,0,07,000,00,2,1,01,A01
200600008816,0,07,000,00,2,1,15,B01
200600008817,2,07,000,00,2,3,01,A01
200600008817,0,07,000,00,2,5,01,B01
200600008818,0,04,000,00,2,5,11,A01
200600008818,0,07,000,00,2,3,15,B01
200600008819,0,07,000,03,0,9,14,A01
200600008820,0,07,000,00,9,7,01,A01
200600008820,0,01,000,00,2,1,01,B01
200600008821,0,07,000,00,2,2,14,A01
200600008821,0,01,000,00,2,8,02,B01
200600008822,0,05,000,00,1,2,01,A01
200600008823,0,07,000,00,2,1,15,A01
200600008823,0,07,000,00,2,2,16,B01
200600008824,0,07,000,00,2,2,01,B01
200600008824,0,07,000,00,2,1,01,A01
200600008825,0,07,000,00,2,1,01,A01
200600008825,0,07,000,00,2,6,01,B01
200600008826,0,07,000,00,1,1,01,A01
200600008827,0,07,000,08,0,8,01,A01
200600008828,0,07,000,00,2,1,01,A01
200600008828,0,07,000,00,2,1,01,B01
200600008829,0,05,000,00,2,1,01,B01
200600008829,0,07,000,00,2,3,01,A01
200600008830,0,02,000,00,2,1,01,A01
200600008830,0,07,000,00,2,4,01,B01
200600008831,0,07,000,00,2,3,01,A01
200600008831,0,02,000,00,2,0,00,B01
200600008832,0,01,000,00,2,1,05,A01
200600008832,0,07,000,00,9,2,01,B01
200600008833,0,07,000,00,2,3,09,A01
200600008833,0,07,000,00,2,1,01,B01
200600008834,0,04,000,00,2,1,01,A01
200600008834,0,07,000,00,2,3,10,B01
200600008835,0,07,000,00,2,3,09,A01
200600008835,0,04,000,00,2,1,01,B01
200600008836,0,07,000,00,2,7,15,A01
200600008836,0,05,000,00,2,1,01,B01
200600008837,0,07,000,00,2,1,02,A01
200600008837,0,15,000,00,2,5,02,B01
200600008838,0,07,000,00,9,1,15,A01
200600008838,0,02,000,00,2,1,01,B01
200600008839,1,07,000,00,1,0,01,A01
200600008840,1,07,000,00,1,1,00,A01
200600008841,0,07,000,00,1,1,15,A01
200600008842,0,07,000,00,2,7,01,A01
200600008842,0,07,000,00,2,1,01,B01
200600008843,0,02,000,01,0,2,01,A01
200600008844,0,07,000,00,2,1,00,A01
200600008844,0,07,000,00,2,4,01,B01
200600008845,0,07,000,00,2,3,09,A01
200600008845,0,07,000,00,2,1,01,B01
200600008846,0,07,000,03,0,1,01,A01
200600008847,0,07,000,00,2,8,01,B01
200600008847,0,07,000,00,2,1,01,A01
200600008848,0,01,000,00,2,1,19,A01
200600008848,0,07,000,02,2,2,01,B01
200600008849,0,07,000,00,1,3,02,A01
200600008850,0,07,000,00,9,3,15,A01
200600008850,0,02,000,00,2,1,01,B01
200600008851,0,02,000,00,2,1,01,A01
200600008851,0,07,000,00,2,7,15,B01
200600008852,0,07,000,00,1,1,02,B01
200600008853,0,07,000,00,2,1,15,A01
200600008853,0,02,000,00,2,1,02,B01
200600008854,0,07,000,00,1,1,01,B01
200600008855,0,07,000,00,2,2,01,A01
200600008855,0,07,000,00,2,1,01,B01
200600008856,0,07,000,00,2,3,01,A01
200600008856,0,07,000,00,2,3,01,B01
200600008857,1,07,000,00,0,0,00,A01
200600008857,0,07,000,01,2,1,16,B01
200600008858,0,07,000,00,2,1,09,A01
200600008858,0,02,000,00,2,2,01,B01
200600008859,0,07,000,03,0,1,00,A01
200600008860,0,07,000,00,2,1,15,B01
200600008860,0,07,000,00,2,1,01,A01
200600008861,0,02,000,00,1,1,17,A01
200600008862,0,07,000,00,1,1,01,B01
200600008863,0,99,000,00,0,7,16,A01
200600008863,0,02,000,00,2,1,01,B01
200600008864,0,07,000,08,0,7,02,A01
200600008865,0,07,000,15,0,1,06,A01
200600008865,0,07,000,00,0,7,24,B01
200600008866,0,07,000,00,0,2,01,B01
200600008866,0,01,000,00,2,1,19,A01
200600008867,0,07,000,00,0,4,01,A01
200600008867,1,07,000,14,0,1,01,B01
200600008868,0,07,000,00,1,0,01,A01
200600008869,0,07,000,00,2,1,15,A01
200600008869,0,07,000,00,2,2,01,B01
200600008870,0,07,000,00,2,1,01,A01
200600008870,0,07,000,00,2,8,01,B01
200600008871,0,01,000,00,2,0,01,A01
200600008872,0,07,000,00,2,8,20,A01
200600008872,0,07,000,00,2,1,01,B01
200600008873,0,07,000,00,2,2,01,A01
200600008873,0,02,000,00,2,1,01,B01
200600008874,0,07,000,00,4,1,01,A01
200600008874,0,19,000,00,2,0,01,B01
200600008875,0,07,000,00,2,1,02,A01
200600008875,0,07,000,00,2,4,23,B01
200600008876,0,07,000,00,2,2,15,A01
200600008876,0,02,000,00,2,1,01,B01
200600008877,0,07,000,00,2,1,01,A01
200600008877,0,05,000,00,2,4,01,B01
200600008878,0,07,000,00,0,1,01,A01
200600008878,0,07,000,00,2,4,00,B01
200600008879,0,07,000,00,2,1,15,A01
200600008879,0,07,000,00,2,2,01,B01
200600008880,0,07,000,00,1,1,15,A01
200600008881,0,20,000,00,2,1,01,A01
200600008881,0,07,000,00,2,1,01,B01
200600008882,0,15,000,00,9,1,16,A01
200600008882,0,01,000,00,2,1,01,B01
200600008883,0,07,000,00,1,0,01,A01
200600008884,0,07,000,00,1,1,15,A01
200600008885,0,07,000,00,1,1,01,A01
200600008886,0,01,000,00,2,0,01,B01
200600008886,1,07,000,00,9,1,00,A01
200600008887,0,07,000,00,2,1,01,A01
200600008887,0,07,000,00,2,4,01,B01
200600008888,0,07,000,00,2,1,02,A01
200600008888,0,07,000,00,2,9,02,B01
200600008888,0,07,000,00,2,9,02,C01
200600008888,0,07,000,00,2,4,02,D01
200600008889,0,07,000,00,2,4,02,B01
200600008889,0,07,000,00,2,1,01,A01
200600008890,0,07,000,00,2,1,15,A01
200600008890,0,02,000,00,2,1,01,B01
200600008891,0,07,000,00,2,1,01,A01
200600008891,0,07,000,00,2,1,01,B01
200600008892,0,99,000,02,0,1,01,A01
200600008893,0,07,000,00,2,1,05,B01
200600008893,0,17,000,00,2,1,05,A01
200600008894,0,07,000,00,2,3,01,B01
200600008894,0,02,000,00,2,1,01,A01
200600008895,0,07,000,01,2,8,01,A01
200600008895,0,07,000,00,2,1,24,C01
200600008895,0,02,000,00,2,1,15,B01
200600008896,0,05,000,00,2,1,01,B01
200600008896,0,07,000,00,2,8,10,A01
200600008897,0,13,000,00,9,7,01,A01
200600008897,0,02,000,00,2,6,18,B01
200600008898,0,07,000,00,1,1,01,A01
200600008899,0,07,000,02,0,1,01,A01
200600008900,0,07,000,00,2,3,01,A01
200600008900,0,02,000,00,2,1,17,B01
200600008901,0,07,000,02,0,1,01,A01
200600008902,0,07,000,00,2,1,01,A01
200600008902,0,07,000,00,2,8,19,B01
200600008903,0,07,000,15,0,2,14,A01
200600008904,0,07,000,00,2,1,15,A01
200600008904,0,02,000,00,2,1,01,B01
200600008905,0,07,000,00,2,2,14,A01
200600008905,0,01,000,00,2,1,01,B01
200600008906,0,07,000,00,2,1,01,A01
200600008906,0,07,000,00,2,1,23,B01
200600008906,0,07,000,00,2,1,01,C01
200600008906,0,07,000,00,2,4,01,D01
200600008907,0,15,000,00,2,1,12,A01
200600008907,0,07,000,00,2,6,01,B01
200600008908,0,07,000,00,0,9,01,A01
200600008909,0,07,000,00,2,3,02,A01
200600008909,0,04,000,00,2,2,02,B01
200600008910,0,18,001,00,1,7,16,A01
200600008911,0,07,000,07,0,1,14,A01
200600008912,0,07,000,00,1,2,02,A01
200600008913,0,07,000,00,2,1,09,A01
200600008913,0,07,000,00,2,1,00,B01
200600008914,0,07,000,00,1,1,01,A01
200600008915,0,07,000,00,1,3,17,A01
200600008916,0,07,000,00,2,2,01,A01
200600008916,0,07,000,00,2,3,01,B01
200600008917,0,02,000,00,2,1,02,A01
200600008918,0,07,000,13,0,1,14,A01
200600008919,0,07,000,00,1,1,01,A01
200600008920,0,07,000,00,2,1,01,B01
200600008920,0,07,000,00,2,2,15,A01
200600008921,0,01,000,00,2,7,00,B01
200600008921,0,14,000,00,2,8,09,A01
200600008922,0,07,000,08,0,1,14,A01
200600008923,1,07,000,09,0,1,13,A01
200600008924,0,07,000,00,2,7,15,A01
200600008924,0,07,000,00,2,2,01,B01
200600008925,0,07,000,00,1,1,01,A01
200600008926,0,07,000,04,0,1,16,A01
200600008927,0,07,000,00,1,4,04,A01
200600008928,0,12,000,00,0,6,10,A01
200600008928,2,07,000,08,2,1,01,B01
200600008929,0,05,000,14,0,0,02,A01
200600008930,0,07,000,13,0,1,14,A01
200600008931,0,01,000,00,2,1,05,A01
200600008931,0,07,000,00,9,1,02,B01
200600008932,0,07,000,00,2,5,01,A01
200600008932,0,07,000,00,2,2,01,B01
200600008933,0,07,000,00,1,2,01,A01
200600008934,0,07,000,06,0,1,02,A01
200600008935,0,07,000,00,1,2,00,A01
200600008936,0,07,000,00,0,4,06,A01
200600008936,0,07,000,00,0,1,01,B01
200600008937,0,07,000,00,1,2,01,A01
200600008938,0,07,000,00,0,5,15,A01
200600008938,0,02,000,00,2,8,21,B01
200600008938,0,07,000,00,2,3,21,C01
200600008939,1,07,000,00,1,2,15,A01
200600008940,0,07,000,03,0,2,01,A01
200600008941,0,07,000,00,2,1,13,A01
200600008941,0,07,000,00,2,1,01,B01
200600008942,2,07,000,00,2,8,13,A01
200600008942,0,07,000,00,2,3,01,B01
200600008943,0,07,000,00,1,1,01,A01
200600008944,0,07,000,00,2,5,15,A01
200600008944,0,02,000,00,2,1,01,B01
200600008945,0,02,000,00,2,1,01,A01
200600008945,0,01,000,00,2,1,01,B01
200600008946,0,07,000,14,0,1,01,A01
200600008947,0,07,000,00,2,2,01,A01
200600008947,0,02,000,00,2,0,01,B01
200600008948,0,07,000,00,2,1,01,B01
200600008948,0,07,000,00,2,3,01,A01
200600008949,1,07,000,00,2,0,01,A01
200600008949,0,02,000,00,2,1,01,B01
200600008950,0,01,000,00,2,1,15,A01
200600008950,0,07,000,00,9,3,01,B01
200600008951,0,07,000,00,9,2,15,A01
200600008951,0,02,000,00,2,1,01,B01
200600008952,0,07,000,00,2,2,10,A01
200600008952,0,07,000,00,2,8,01,B01
200600008953,0,07,000,00,2,3,15,A01
200600008953,0,07,000,00,2,1,01,B01
200600008954,0,07,000,00,2,5,01,A01
200600008954,0,07,000,00,2,2,01,B01
200600008955,0,02,000,00,2,1,19,A01
200600008955,0,07,000,00,9,5,01,B01
200600008956,0,07,000,07,0,1,21,A01
200600008957,0,07,000,00,2,3,22,A01
200600008957,0,02,000,00,2,1,01,B01
200600008958,0,01,000,00,2,8,01,A01
200600008958,0,07,000,00,2,2,01,B01
200600008959,0,07,000,00,2,3,01,A01
200600008959,0,10,000,00,2,1,01,B01
200600008960,0,02,000,00,2,7,15,A01
200600008960,0,07,000,00,2,2,01,B01
200600008961,0,07,000,00,1,1,15,A01
200600008962,0,02,000,00,2,0,01,A01
200600008962,0,07,000,00,2,1,23,B01
200600008963,0,07,000,00,2,2,19,A01
200600008963,0,02,000,00,2,7,01,B01
200600008964,0,07,000,00,2,7,15,A01
200600008964,0,07,000,00,2,1,01,B01
200600008965,0,01,000,00,2,1,01,B01
200600008965,0,07,000,00,2,3,01,A01
200600008966,0,07,000,00,2,1,01,A01
200600008966,0,07,000,00,2,4,23,B01
200600008967,0,07,000,00,2,1,01,A01
200600008967,0,14,000,00,2,4,01,B01
200600008968,0,07,000,00,2,1,01,A01
200600008968,0,07,000,00,2,4,01,B01
200600008968,0,07,000,00,2,4,01,C01
200600008968,0,07,000,00,2,4,01,D01
200600008969,0,02,000,00,2,1,01,A01
200600008969,0,07,000,00,2,5,15,B01
200600008970,0,07,000,00,2,1,15,A01
200600008970,0,07,000,00,2,8,15,B01
200600008971,0,07,000,00,1,3,01,A01
200600008972,0,07,000,00,2,7,01,A01
200600008972,0,14,000,00,2,1,01,B01
200600008973,0,07,000,00,0,1,14,A01
200600008974,0,07,000,00,2,1,01,A01
200600008974,0,07,000,00,2,8,15,B01
200600008975,0,07,000,14,0,1,01,A01
200600008976,0,07,000,00,1,1,01,A01
200600008977,0,02,000,00,2,1,01,A01
200600008977,0,07,000,00,2,8,01,B01
200600008978,0,07,000,00,1,3,01,A01
200600008979,0,07,000,00,1,2,01,A01
200600008980,0,07,000,00,1,8,15,A01
200600008981,0,05,000,00,2,1,17,B01
200600008981,0,07,000,00,2,8,15,A01
200600008982,0,05,000,00,1,1,01,A01
200600008983,0,07,000,00,2,1,13,A01
200600008983,0,07,000,08,2,1,01,B01
200600008984,0,07,000,00,2,1,01,A01
200600008984,0,09,000,00,2,4,23,B01
200600008985,0,02,000,00,2,7,01,B01
200600008985,0,07,000,00,2,1,01,A01
200600008986,0,07,000,00,1,1,14,A01
200600008987,0,07,000,00,2,1,01,B01
200600008987,0,01,000,00,2,1,01,A01
200600008988,0,07,000,00,2,2,15,A01
200600008988,0,07,000,00,2,1,01,B01
200600008989,0,07,000,00,2,2,12,A01
200600008989,0,07,000,00,2,1,01,B01
200600008990,0,07,000,00,2,1,02,A01
200600008990,0,07,000,00,2,4,23,B01
200600008991,0,07,000,08,0,1,01,A01