Num_Acc,senc,catv,occutc,obs,obsm,choc,manv,num_veh
200600009772,0,07,000,00,2,3,15,B01
200600009773,0,07,000,00,2,3,13,A01
200600009773,0,07,000,00,2,3,13,B01
200600009773,0,07,000,00,2,1,01,C01
200600009774,0,05,000,01,0,8,21,A01
200600009775,0,07,000,00,2,2,01,B01
200600009775,0,15,000,00,2,2,19,A01
200600009776,0,07,000,00,1,2,00,A01
200600009777,0,07,000,00,0,2,00,A01
200600009778,1,07,000,00,1,1,00,A01
200600009779,0,07,000,00,2,1,15,A01
200600009779,0,07,000,00,2,1,01,B01
200600009780,0,02,000,00,2,6,11,A01
200600009780,1,07,000,00,2,0,01,B01
200600009781,0,07,000,08,0,1,01,A01
200600009782,0,07,000,00,2,8,10,A01
200600009782,0,07,000,00,2,1,21,B01
200600009783,0,01,000,00,2,1,01,A01
200600009783,0,07,000,00,9,5,23,B01
200600009784,0,07,000,03,0,1,01,A01
200600009785,0,07,000,15,0,3,13,A01
200600009786,0,18,000,00,2,0,01,A01
200600009786,0,01,000,00,2,0,01,B01
200600009787,0,07,000,00,2,2,01,A01
200600009787,0,07,000,00,2,3,01,B01
200600009788,0,07,000,00,2,1,02,A01
200600009788,0,07,000,00,2,4,01,B01
200600009788,0,07,000,00,2,4,01,C01
200600009789,0,07,000,00,2,7,10,A01
200600009789,0,07,000,00,2,1,02,B01
200600009790,1,07,000,00,1,0,00,A01
200600009791,0,07,000,00,2,8,13,A01
200600009791,0,07,000,00,2,3,01,B01
200600009792,0,07,000,00,1,3,03,A01
200600009793,0,05,000,00,1,0,00,A01
200600009794,0,07,000,00,2,1,02,A01
200600009794,0,07,000,00,0,4,02,B01
200600009795,0,07,000,00,2,2,01,B01
200600009795,0,07,000,00,0,2,19,A01
200600009796,0,01,000,00,0,0,21,B01
200600009796,0,07,000,00,0,1,15,A01
200600009797,0,07,000,02,0,1,01,A01
200600009798,0,07,000,00,9,1,02,B01
200600009798,0,01,000,00,2,4,00,A01
200600009799,0,07,000,00,2,1,17,A01
200600009799,0,07,000,02,2,1,01,B01
200600009800,0,07,000,00,2,7,13,A01
200600009800,0,07,000,00,2,1,01,B01
200600009801,0,07,000,00,0,3,03,A01
200600009801,0,07,000,00,2,3,01,B01
200600009801,0,07,000,00,2,1,02,C01
200600009802,0,07,000,07,0,1,01,A01
200600009803,0,07,000,00,0,9,01,A01
200600009804,0,07,000,00,2,7,01,A01
200600009804,0,18,001,00,2,2,01,B01
200600009805,0,07,000,00,1,7,16,A01
200600009805,0,02,000,00,2,1,01,B01
200600009806,0,07,000,00,1,4,20,A01
200600009807,0,07,000,02,0,4,01,A01
200600009808,0,07,000,00,2,7,09,A01
200600009808,0,07,000,00,2,1,01,B01
200600009809,0,02,000,00,0,7,01,A01
200600009810,0,05,000,11,0,1,01,A01
200600009811,0,07,000,13,0,2,01,A01
200600009812,0,10,000,00,2,7,12,A01
200600009812,0,02,000,00,2,8,01,B01
200600009813,0,07,000,00,2,8,09,A01
200600009813,0,07,000,00,2,1,01,B01
200600009814,0,07,000,13,0,9,01,A01
200600009815,0,10,000,13,0,7,01,A01
200600009816,0,07,000,00,2,3,11,A01
200600009816,0,07,000,00,0,5,23,B01
200600009817,0,07,000,00,2,7,12,A01
200600009817,0,16,000,00,2,8,01,B01
200600009818,0,07,000,13,0,7,01,A01
200600009819,0,07,000,00,1,2,21,A01
200600009820,0,02,000,00,2,1,01,B01
200600009820,0,07,000,00,2,1,19,A01
200600009821,0,07,000,00,0,5,00,B01
200600009821,0,07,000,00,2,3,02,A01
200600009822,0,07,000,00,0,3,15,A01
200600009822,0,07,000,00,2,1,01,B01
200600009823,0,02,000,00,0,0,00,A01
200600009823,0,07,000,00,0,0,00,B01
200600009824,0,07,000,03,0,0,01,A01
200600009825,0,07,000,13,0,1,01,A01
200600009826,0,04,000,00,2,1,01,A01
200600009826,0,07,000,00,2,1,15,B01
200600009827,0,10,000,00,0,3,01,A01
200600009827,0,02,000,00,0,7,17,B01
200600009828,0,07,000,02,0,1,14,A01
200600009829,0,10,000,00,2,1,11,A01
200600009829,0,04,000,00,2,1,02,B01
200600009830,0,07,000,00,1,4,04,A01
200600009831,0,07,000,02,0,2,14,A01
200600009832,0,07,000,00,2,3,10,A01
200600009832,0,07,000,00,2,1,01,B01
200600009833,0,05,000,00,2,1,17,A01
200600009833,0,07,000,00,0,6,19,B01
200600009834,0,07,000,00,2,3,01,B01
200600009834,0,02,000,00,2,8,19,A01
200600009835,0,07,000,00,2,3,11,A01
200600009835,0,02,000,00,2,2,01,B01
200600009836,0,04,000,00,2,1,02,A01
200600009836,0,07,000,00,0,6,02,B01
200600009837,0,07,000,00,1,1,01,A01
200600009838,0,07,000,00,2,1,01,B01
200600009838,0,07,000,00,2,1,13,A01
200600009839,0,07,000,00,2,1,02,A01
200600009839,0,07,000,00,2,3,15,B01
200600009840,0,07,000,00,9,1,02,B01
200600009840,0,01,000,00,2,7,15,A01
200600009841,0,07,000,01,1,1,00,A01
200600009842,0,05,000,00,2,1,01,B01
200600009842,1,07,000,00,2,6,19,A01
200600009843,0,07,000,14,0,2,01,A01
200600009844,0,10,000,00,2,1,01,A01
200600009844,0,10,000,00,2,1,01,B01
200600009845,0,07,000,00,0,1,01,A01
200600009846,0,07,000,00,2,1,02,A01
200600009846,0,07,000,00,2,4,02,B01
200600009847,0,14,000,00,2,1,02,A01
200600009847,0,14,000,00,2,4,02,B01
200600009847,0,14,000,00,2,4,02,C01
200600009847,0,07,000,00,2,4,02,D01
200600009847,0,10,000,00,2,0,23,E01
200600009848,0,07,000,00,2,3,13,A01
200600009848,0,14,000,00,2,3,01,B01
200600009849,0,07,000,00,2,1,01,B01
200600009849,0,07,000,00,2,3,15,A01
200600009850,0,10,000,00,2,1,01,B01
200600009850,0,07,000,00,2,7,15,A01
200600009851,0,07,000,00,2,4,11,A01
200600009851,0,07,000,00,2,5,17,B01
200600009852,0,07,000,00,2,1,01,B01
200600009852,0,07,000,00,2,2,01,A01
200600009853,0,01,000,00,2,6,19,A01
200600009853,0,07,000,00,2,1,01,B01
200600009854,0,16,000,01,0,1,02,A01
200600009854,0,07,000,01,2,4,23,B01
200600009854,0,07,000,00,2,4,23,C01
200600009855,0,07,000,14,0,1,15,A01
200600009856,0,07,000,00,0,4,02,A01
200600009856,0,07,000,00,2,1,02,B01
200600009857,0,05,000,00,0,8,02,A01
200600009858,0,07,000,00,9,3,00,B01
200600009858,0,01,000,00,2,3,01,A01
200600009859,0,07,000,00,1,1,21,A01
200600009860,0,07,000,00,2,1,01,A01
200600009860,0,07,000,00,2,3,15,B01
200600009861,0,02,000,01,0,1,16,A01
200600009862,0,18,001,00,1,2,00,A01
200600009863,0,07,000,00,2,6,15,A01
200600009863,0,07,000,00,2,1,02,B01
200600009864,0,07,000,00,1,3,02,A01
200600009865,0,07,000,00,1,3,00,A01
200600009866,0,07,000,00,2,1,01,A01
200600009867,0,07,000,08,0,1,00,A01
200600009868,0,07,000,00,1,1,01,A01
200600009869,0,02,000,00,2,1,01,A01
200600009869,0,07,000,00,2,7,15,B01
200600009870,0,07,000,00,2,8,01,A01
200600009870,0,07,000,00,2,1,01,B01
200600009871,0,07,000,00,2,1,16,A01
200600009871,0,10,000,00,2,7,01,B01
200600009872,0,07,000,00,1,3,01,A01
200600009873,0,07,000,12,0,1,01,A01
200600009874,0,07,000,00,2,1,01,A01
200600009874,0,07,000,00,0,1,01,B01
200600009875,0,10,000,02,0,1,01,A01
200600009876,0,05,000,00,2,1,17,A01
200600009876,0,07,000,00,0,6,01,C01
200600009876,0,07,000,00,0,3,09,B01
200600009877,0,07,000,00,1,1,15,A01
200600009878,0,17,000,00,2,7,17,A01
200600009878,0,02,000,00,0,8,01,B01
200600009879,0,07,000,00,2,1,01,A01
200600009879,0,07,000,00,0,3,09,B01
200600009880,0,07,000,00,0,3,19,A01
200600009880,0,10,000,00,2,1,01,B01
200600009881,0,18,001,00,1,3,01,A01
200600009882,0,18,001,00,2,1,02,A01
200600009882,0,07,000,00,0,4,23,B01
200600009883,0,07,000,00,0,3,15,A01
200600009883,0,05,000,00,2,1,01,B01
200600009884,0,07,000,00,0,0,00,A01
200600009885,0,07,000,00,2,3,09,A01
200600009885,0,02,000,00,2,1,01,B01
200600009886,0,02,000,00,2,1,01,A01
200600009886,0,07,000,00,2,8,00,B01
200600009887,0,07,000,00,2,1,01,A01
200600009887,0,07,000,00,0,4,20,B01
200600009888,0,07,000,00,1,0,01,A01
200600009889,0,05,000,00,2,1,01,A01
200600009889,0,07,000,00,2,8,01,B01
200600009889,0,07,000,00,2,0,01,C01
200600009890,0,07,000,00,2,1,01,A01
200600009890,0,10,000,00,2,4,01,B01
200600009891,0,07,000,05,0,0,00,A01
200600009892,0,07,000,00,0,3,00,A01
200600009892,0,07,000,00,0,3,01,B01
200600009893,0,07,000,00,2,7,01,B01
200600009893,0,07,000,00,2,3,02,A01
200600009894,0,05,000,00,2,1,01,A01
200600009894,0,07,000,00,2,7,15,B01
200600009895,0,99,000,00,2,1,01,A01
200600009895,0,07,000,00,0,4,23,B01
200600009896,0,07,000,00,2,1,01,A01
200600009896,0,02,000,00,2,3,01,B01
200600009897,0,07,000,00,1,1,15,A01
200600009897,0,07,000,00,2,8,01,B01
200600009898,0,07,000,00,2,4,02,A01
200600009898,0,07,000,00,2,4,02,B01
200600009898,0,07,000,00,2,2,05,C01
200600009899,0,02,000,06,0,1,01,A01
200600009900,0,02,000,00,2,1,02,A01
200600009900,0,07,000,00,2,4,02,B01
200600009901,0,07,000,00,1,1,01,A01
200600009902,0,07,000,00,1,1,01,A01
200600009903,0,07,000,00,2,1,02,A01
200600009903,0,07,000,00,2,4,02,B01
200600009904,0,07,000,00,2,1,01,A01
200600009904,0,01,000,00,2,7,19,B01
200600009905,0,07,000,00,2,1,01,B01
200600009905,0,07,000,00,2,2,01,A01
200600009906,0,07,000,11,0,1,01,A01
200600009907,0,01,000,00,2,1,01,A01
200600009907,0,07,000,00,0,4,01,B01
200600009908,0,07,000,00,1,1,01,A01
200600009909,0,07,000,00,1,3,09,A01
200600009910,0,02,000,00,2,1,01,A01
200600009910,0,07,000,00,9,3,15,B01
200600009911,0,07,000,00,2,1,11,B01
200600009911,0,07,000,00,2,1,01,A01
200600009912,0,05,000,00,2,7,01,B01
200600009912,0,07,000,00,2,3,11,A01
200600009913,0,07,000,00,2,2,15,A01
200600009913,0,07,000,00,2,1,01,B01
200600009914,0,07,000,00,2,1,01,B01
200600009914,0,07,000,00,2,8,15,A01
200600009915,0,07,000,05,2,6,13,A01
200600009915,0,07,000,00,2,3,01,B01
200600009916,0,07,000,00,2,1,15,A01
200600009916,0,07,000,00,2,3,15,C01
200600009916,0,07,000,00,2,1,01,B01
200600009917,0,07,000,00,2,2,04,A01
200600009917,0,05,000,00,2,8,01,B01
200600009918,0,02,000,00,2,1,01,A01
200600009918,0,07,000,00,2,3,01,B01
200600009919,0,07,000,00,2,1,15,A01
200600009919,0,01,000,00,2,1,01,B01
200600009920,0,07,000,00,1,3,01,A01
200600009921,0,07,000,00,2,1,13,A01
200600009921,0,07,000,00,2,1,01,B01
200600009922,0,07,000,00,1,2,01,A01
200600009923,0,07,000,06,0,8,01,A01
200600009924,0,07,000,00,2,1,15,A01
200600009924,0,02,000,00,2,1,01,B01
200600009925,0,07,000,00,2,1,01,A01
200600009925,0,02,000,00,2,4,23,B01
200600009926,0,07,000,00,2,2,15,A01
200600009926,0,02,000,00,2,3,01,B01
200600009927,0,07,000,00,2,3,01,A01
200600009927,0,07,000,00,2,3,01,B01
200600009928,1,07,000,00,1,1,01,A01
200600009929,0,18,001,12,0,1,01,A01
200600009930,0,02,000,00,2,1,01,A01
200600009930,0,07,000,00,2,3,01,B01
200600009931,0,07,000,06,0,1,01,A01
200600009932,0,07,000,00,2,1,01,A01
200600009932,0,99,000,00,2,4,01,B01
200600009933,0,02,000,00,1,2,01,A01
200600009934,0,07,000,00,1,4,04,A01
200600009935,0,18,015,00,1,1,01,A01
200600009936,0,07,000,00,2,1,01,A01
200600009936,0,07,000,00,2,4,01,B01
200600009937,0,02,000,00,2,1,16,A01
200600009937,0,07,000,00,2,1,01,B01
200600009938,0,07,000,00,2,2,15,A01
200600009938,0,07,000,00,2,1,01,B01
200600009939,0,07,000,00,2,1,01,A01
200600009939,0,20,000,00,2,3,23,B01
200600009940,0,10,000,00,2,1,01,B01
200600009940,0,07,000,00,2,8,01,A01
200600009941,0,07,000,00,1,1,15,A01
200600009942,0,07,000,00,2,3,15,A01
200600009942,0,07,000,00,2,3,01,B01
200600009943,0,07,000,14,0,1,01,A01
200600009944,0,01,000,00,2,1,19,A01
200600009944,0,07,000,00,2,1,01,B01
200600009945,0,18,004,00,0,0,01,A01
200600009946,0,07,000,00,2,3,15,A01
200600009946,0,02,000,00,2,1,01,B01
200600009947,0,07,000,00,2,1,01,A01
200600009947,0,07,000,00,2,1,01,B01
200600009948,0,02,000,00,2,1,01,A01
200600009948,0,07,000,00,2,1,01,B01
200600009949,0,07,000,00,1,1,16,A01
200600009950,0,05,000,00,2,7,01,A01
200600009950,0,07,000,00,2,8,01,B01
200600009951,0,07,000,00,2,8,15,A01
200600009951,0,05,000,00,2,1,01,B01
200600009952,0,07,000,00,2,8,10,A01
200600009952,0,02,000,00,2,1,01,B01
200600009953,0,07,000,13,0,1,01,A01
200600009954,0,07,000,00,2,1,01,A01
200600009954,0,07,000,00,2,4,01,B01
200600009955,0,07,000,00,2,1,01,A01
200600009955,0,02,000,00,2,4,01,B01
200600009956,0,07,000,00,2,7,15,A01
200600009956,0,07,000,00,2,1,00,B01
200600009957,0,07,000,00,2,1,01,B01
200600009957,0,07,000,00,2,8,09,A01
200600009958,0,07,000,06,0,1,19,A01
200600009959,0,10,000,06,0,1,01,A01
200600009960,0,07,000,13,0,0,00,A01
200600009961,0,07,000,00,1,1,01,A01
200600009962,0,07,000,00,2,1,01,A01
200600009962,0,07,000,00,2,4,23,B01
200600009962,0,07,000,00,2,4,23,C01
200600009963,0,07,000,02,0,9,01,A01
200600009964,0,05,000,00,2,7,01,B01
200600009964,0,07,000,00,2,2,15,A01
200600009965,0,05,000,00,2,1,02,A01
200600009965,0,07,000,00,9,1,05,B01
200600009966,0,07,000,00,2,3,15,A01
200600009966,0,10,000,00,2,1,01,B01
200600009967,0,07,000,00,2,1,02,A01
200600009967,0,07,000,00,2,8,19,B01
200600009968,0,07,000,00,2,1,13,A01
200600009968,0,07,000,00,2,1,01,B01
200600009969,0,07,000,00,2,7,15,A01
200600009969,0,07,000,00,2,2,01,B01
200600009970,0,04,000,00,2,1,01,B01
200600009970,0,07,000,00,2,6,15,A01
200600009971,0,07,000,08,0,1,01,A01
200600009972,0,07,000,00,2,1,01,A01
200600009972,0,07,000,00,2,1,01,B01
200600009973,0,07,000,00,2,8,01,B01
200600009973,0,10,000,00,2,1,19,A01
200600009974,0,07,000,00,1,4,04,A01
200600009975,0,07,000,03,2,1,01,A01
200600009975,0,07,000,00,2,1,17,B01
200600009976,0,07,000,08,0,1,01,A01
200600009977,0,07,000,15,0,1,01,A01
200600009978,0,07,000,00,2,6,09,A01
200600009978,0,15,000,00,2,1,01,B01
200600009979,0,07,000,00,2,1,13,A01
200600009979,0,10,000,00,2,3,01,B01
200600009980,0,15,000,00,2,5,01,A01
200600009980,0,02,000,00,2,6,23,B01
200600009981,0,02,000,15,0,1,14,A01
200600009982,0,07,000,00,2,1,05,A01
200600009982,0,07,000,00,2,1,01,B01
200600009983,0,07,000,00,1,2,01,A01
200600009984,0,02,000,00,2,8,03,A01
200600009984,0,04,000,00,2,8,03,B01
200600009984,0,07,000,00,2,8,00,C01
200600009985,0,07,000,00,2,7,12,A01
200600009985,0,05,000,00,2,8,02,B01
200600009986,0,07,000,00,0,2,15,A01
200600009986,0,07,000,00,0,1,00,B01
200600009987,0,07,000,13,0,1,13,A01
200600009988,0,07,000,08,0,3,13,A01
200600009989,0,07,000,16,0,9,01,A01
200600009990,0,07,000,00,2,2,01,A01
200600009990,0,02,000,00,2,3,09,B01
200600009991,0,07,000,00,1,1,16,A01
200600009992,0,07,000,00,1,1,01,A01
200600009993,0,07,000,00,1,1,01,A01
200600009994,0,05,000,00,2,1,01,B01
200600009994,0,07,000,00,2,2,15,A01
200600009995,0,10,000,00,1,3,00,A01
200600009996,0,07,000,00,0,1,11,A01
200600009996,0,02,000,12,2,1,01,B01
200600009997,0,05,000,00,2,1,01,A01
200600009997,0,07,000,00,2,4,01,B01
200600009998,0,05,000,00,1,1,01,A01
200600009999,0,02,000,00,2,1,01,A01
200600009999,0,07,000,00,2,2,01,B01
200600010000,0,05,000,00,1,1,01,A01
200600010001,0,07,000,00,2,8,10,A01
200600010001,0,05,000,00,2,7,01,B01
200600010002,0,02,000,00,2,1,17,B01
200600010002,0,02,000,00,2,1,08,A01
200600010003,0,07,000,00,2,2,19,A01
200600010003,0,05,000,00,2,1,01,B01
200600010004,0,07,000,00,2,3,13,A01
200600010004,0,07,000,00,2,3,15,B01
200600010005,0,07,000,00,2,4,23,B01
200600010005,0,02,000,00,2,1,02,A01
200600010006,0,07,000,00,1,0,00,A01
200600010007,0,07,000,00,2,9,15,B01
200600010007,0,07,000,00,2,1,01,A01
200600010008,1,07,000,00,1,1,00,A01
200600010009,0,07,000,00,2,2,15,B01
200600010009,0,05,000,00,2,1,01,A01
200600010010,2,16,000,00,9,1,02,A01
200600010010,0,01,000,00,2,4,01,B01
200600010011,0,99,000,00,2,1,13,A01
200600010011,0,07,000,00,2,3,01,B01
200600010012,0,02,000,00,1,1,00,A01
200600010013,0,04,000,00,2,1,17,A01
200600010013,0,07,000,00,2,3,15,B01
200600010014,0,05,000,00,2,3,01,B01
200600010014,0,07,000,00,2,2,10,A01
200600010015,0,04,000,00,2,1,01,B01
200600010015,0,07,000,00,2,5,15,A01
200600010016,0,05,000,16,0,0,21,B01
200600010016,0,07,000,00,0,0,15,A01
200600010017,0,07,000,00,2,3,13,A01
200600010017,0,07,000,00,2,3,01,B01
200600010018,0,07,000,00,0,4,01,B01
200600010018,0,02,000,00,2,1,01,A01
200600010019,0,05,000,00,2,7,01,A01
200600010019,0,07,000,00,2,1,15,B01
200600010020,0,07,000,00,2,5,01,B01
200600010020,0,04,000,00,2,1,09,A01
200600010021,0,18,004,00,1,2,16,A01
200600010022,0,07,000,00,2,2,10,A01
200600010022,0,05,000,00,2,8,01,B01
200600010023,0,07,000,00,1,1,21,A01
200600010024,0,07,000,00,1,3,01,A01
200600010025,0,07,000,00,2,2,02,A01
200600010025,0,07,000,00,0,8,23,B01
200600010026,0,04,000,00,2,3,07,A01
200600010026,0,07,000,00,2,2,12,B01
200600010027,0,07,000,00,2,8,22,A01
200600010027,0,01,000,01,0,1,21,B01
200600010028,0,05,000,00,2,1,01,A01
200600010028,0,07,000,00,2,3,09,B01
200600010029,0,07,000,00,2,3,01,B01
200600010029,0,07,000,00,2,3,05,A01
200600010030,0,04,000,00,2,6,01,A01
200600010030,0,07,000,00,2,2,15,B01
200600010031,0,07,000,00,1,2,01,A01
200600010032,0,07,000,00,2,3,01,B01
200600010032,0,07,000,14,0,1,00,A01
200600010033,0,07,000,00,2,4,02,A01
200600010033,0,07,000,00,2,4,02,B01
200600010034,0,07,000,00,1,1,01,A01
200600010035,0,07,000,00,2,6,01,B01
200600010035,0,05,000,00,2,1,01,A01
200600010036,0,10,000,00,2,4,02,A01
200600010036,0,07,000,00,2,4,23,B01
200600010037,0,01,000,00,2,4,17,A01
200600010037,0,07,000,00,0,4,17,B01
200600010038,0,14,000,16,2,6,12,A01
200600010038,0,07,000,10,2,1,00,B01
200600010039,0,07,000,00,2,3,10,A01
200600010039,0,04,000,00,2,1,01,B01
200600010040,0,07,000,00,0,8,01,A01
200600010040,0,07,000,00,2,1,01,B01
200600010041,0,07,000,08,0,1,14,A01
200600010042,0,07,000,00,2,1,01,A01
200600010042,0,07,000,00,2,8,15,B01
200600010043,0,07,000,00,2,5,01,B01
200600010043,0,01,000,00,2,1,19,A01
200600010044,0,07,000,00,2,2,16,A01
200600010044,0,07,000,00,2,2,01,B01
200600010045,0,07,000,00,2,2,01,A01
200600010045,0,07,000,00,2,3,01,B01
200600010046,0,07,000,13,0,2,14,A01
200600010047,0,07,000,00,2,1,01,A01
200600010047,0,15,000,00,2,4,23,B01
200600010048,0,07,000,00,2,1,15,A01
200600010048,0,07,000,00,2,5,23,B01
200600010049,0,07,000,00,2,1,14,A01
200600010049,0,07,000,00,2,3,01,B01
200600010050,0,07,000,00,2,3,02,A01
200600010050,0,07,000,00,2,6,01,B01
200600010050,0,07,000,00,2,3,01,C01
200600010051,0,07,000,00,1,1,01,A01
200600010052,0,07,000,06,2,1,13,A01
200600010052,0,07,000,00,2,1,05,B01
200600010053,0,20,000,00,2,2,04,A01
200600010053,0,07,000,00,2,3,01,B01
200600010054,0,07,000,00,1,3,01,A01
200600010055,0,05,000,00,2,1,01,B01
200600010055,0,07,000,00,2,7,02,A01
200600010056,0,07,000,00,2,3,15,A01
200600010056,0,01,000,00,2,1,01,B01
200600010057,0,07,000,00,2,1,17,A01
200600010057,0,07,000,00,2,1,01,B01
200600010058,0,17,000,00,2,7,15,A01
200600010058,0,05,000,00,2,1,01,B01
200600010059,0,07,000,00,2,8,09,A01
200600010059,0,02,000,00,2,1,01,B01
200600010060,0,07,000,00,2,4,01,B01
200600010060,0,02,000,00,2,1,02,A01
200600010061,0,02,000,00,0,0,01,A01
200600010062,0,07,000,00,2,2,15,A01
200600010062,0,07,000,00,2,1,01,B01
200600010063,0,07,000,00,2,2,15,A01
200600010063,0,07,000,00,2,1,01,B01
200600010064,0,07,000,00,2,1,13,A01
200600010064,0,07,000,00,2,3,15,B01
200600010065,0,02,000,00,2,8,09,A01
200600010065,0,07,000,00,2,1,01,B01
200600010066,0,07,000,00,2,1,01,A01
200600010066,0,07,000,00,1,4,01,B01
200600010067,0,07,000,00,2,8,15,A01
200600010067,0,01,000,00,2,1,17,B01
200600010068,0,07,000,00,2,1,01,A01
200600010068,0,07,000,00,2,1,01,B01
200600010068,0,07,000,00,2,3,01,C01
200600010069,0,05,000,00,2,1,02,A01
200600010069,0,07,000,00,0,4,23,B01
200600010070,0,07,000,00,2,3,15,A01
200600010070,0,07,000,00,2,1,01,B01
200600010071,0,07,000,13,5,2,01,A01
200600010072,0,07,000,00,0,8,10,A01
200600010072,0,07,000,00,2,1,01,B01
200600010073,0,07,000,00,1,1,02,A01
200600010074,0,05,000,02,0,1,02,A01
200600010075,0,07,000,00,2,1,01,A01
200600010075,0,01,000,00,2,4,01,B01
200600010076,0,07,000,00,2,4,15,A01
200600010076,0,02,000,00,2,1,01,B01
200600010077,0,07,000,04,2,1,21,B01
200600010077,0,07,000,00,2,3,15,A01
200600010078,0,07,000,03,0,1,16,A01
200600010079,0,02,000,00,2,1,18,A01
200600010079,0,07,000,06,2,2,16,B01
200600010080,0,05,000,00,2,1,01,A01
200600010080,0,07,000,00,2,6,19,B01
200600010081,0,02,000,00,2,1,02,A01
200600010081,0,10,000,00,2,2,02,B01
200600010082,0,07,000,00,2,1,02,A01
200600010082,0,07,000,00,2,4,02,B01
200600010083,0,07,000,00,2,1,14,A01
200600010083,0,07,000,00,2,4,01,B01
200600010084,0,07,000,00,2,2,01,B01
200600010084,0,17,000,00,2,3,16,A01
200600010085,0,07,000,00,2,1,02,A01
200600010085,0,07,000,00,2,4,02,B01
200600010086,0,07,000,00,1,2,01,A01
200600010087,0,07,000,01,0,2,14,A01
200600010087,0,07,000,00,2,3,24,B01
200600010088,0,07,000,00,2,7,13,A01
200600010088,0,07,000,00,2,1,01,B01
200600010089,0,07,000,00,2,3,01,A01
200600010089,0,07,000,00,2,1,01,B01
200600010090,0,07,000,00,2,1,19,A01
200600010090,0,07,000,00,2,7,19,B01
200600010091,0,07,000,01,0,1,14,A01
200600010092,0,07,000,00,2,1,02,A01
200600010092,0,07,000,00,2,4,02,B01
200600010093,0,07,000,00,1,1,01,A01
200600010094,0,02,000,00,0,0,00,A01
200600010095,0,10,000,00,0,3,00,A01
200600010096,0,05,000,00,2,1,01,A01
200600010096,0,07,000,00,2,4,01,B01
200600010097,0,03,000,13,0,1,01,A01
200600010098,0,07,000,00,2,2,01,B01
200600010098,0,07,000,00,2,1,01,A01
200600010099,0,07,000,00,2,1,09,B01
200600010099,0,10,000,00,2,8,09,A01
200600010100,0,07,000,00,1,1,01,A01
200600010101,0,07,000,00,2,4,11,A01
200600010101,0,05,000,00,2,1,01,B01
200600010102,0,07,000,00,2,1,09,A01
200600010102,0,07,000,00,2,7,01,B01
200600010103,1,07,000,00,2,1,01,A01
200600010103,0,01,000,00,2,1,01,B01
200600010104,0,10,000,00,2,3,15,A01
200600010104,0,05,000,00,2,1,01,B01
200600010105,0,07,000,13,0,1,01,A01
200600010106,0,07,000,00,2,1,13,A01
200600010106,0,07,000,00,2,3,01,B01
200600010107,0,02,000,00,2,8,23,A01
200600010107,0,07,000,00,2,8,13,B01
200600010108,0,07,000,00,2,1,01,B01
200600010108,0,07,000,00,2,1,01,A01
200600010109,0,18,010,00,1,1,01,A01
200600010110,0,07,000,00,2,1,15,A01
200600010110,0,07,000,00,2,1,01,B01
200600010111,0,07,000,00,2,3,01,A01
200600010111,0,07,000,00,2,1,01,B01
200600010112,0,07,000,00,2,4,01,A01
200600010112,0,02,000,00,2,1,01,B01
200600010113,0,07,000,00,1,2,01,A01
200600010114,0,07,000,01,2,8,09,A01
200600010114,0,07,000,00,2,5,09,B01
200600010115,0,07,000,01,2,3,09,A01
200600010115,0,07,000,00,2,2,01,B01
200600010116,0,07,000,13,0,1,14,A01
200600010117,0,07,000,00,2,1,01,A01
200600010117,0,07,000,00,2,4,23,B01
200600010118,0,07,000,00,2,1,09,A01
200600010118,0,07,000,00,2,1,01,B01
200600010119,0,07,000,06,0,1,13,A01
200600010120,0,07,000,02,0,1,01,A01
200600010121,0,17,000,00,2,1,09,A01
200600010121,0,07,000,00,2,3,09,B01
200600010122,0,02,000,00,0,1,01,A01
200600010123,0,07,000,00,2,3,09,A01
200600010123,0,02,000,00,0,1,01,B01
200600010124,0,07,000,00,2,1,15,A01
200600010124,0,07,000,00,2,3,01,B01
200600010125,0,07,000,00,1,7,01,A01
200600010126,0,07,000,00,2,8,09,A01
200600010126,0,02,000,00,2,1,01,B01
200600010127,0,07,000,00,2,8,01,A01
200600010127,0,14,000,00,2,2,01,B01
200600010128,0,07,000,00,1,3,01,A01
200600010129,0,07,000,00,1,8,01,A01
200600010130,0,18,001,00,2,2,17,A01
200600010130,0,02,000,00,2,8,13,B01
200600010131,0,07,000,07,1,1,23,A01
200600010132,0,07,000,00,1,2,01,A01
200600010133,0,02,000,00,2,1,01,B01
200600010133,0,07,000,00,2,3,15,A01
200600010134,0,02,000,00,2,1,17,A01
200600010134,0,07,000,00,2,3,15,B01
200600010135,0,07,000,02,2,1,01,A01
200600010135,0,07,000,00,0,4,23,B01
200600010136,0,01,000,00,2,1,05,A01
200600010136,0,10,000,00,2,1,15,B01
200600010137,0,07,000,00,1,2,01,A01
200600010138,0,07,000,00,2,2,15,A01
200600010138,0,05,000,00,2,1,01,B01
200600010139,0,07,000,00,2,3,13,A01
200600010139,0,07,000,00,2,6,09,B01
200600010140,0,05,000,00,0,2,02,A01
200600010140,0,07,000,00,2,3,09,B01
200600010141,0,07,000,00,2,1,19,A01
200600010141,0,07,000,00,2,7,01,B01
200600010142,0,07,000,00,2,0,10,A01
200600010142,0,05,000,00,2,1,01,B01
200600010143,0,07,000,00,2,3,13,A01
200600010143,0,07,000,00,0,3,01,B01