Num_Acc,senc,catv,occutc,obs,obsm,choc,manv,num_veh
200600011570,0,07,000,00,2,3,01,D01
200600011571,0,07,000,15,2,5,01,B01
200600011571,1,07,000,00,2,1,09,A01
200600011572,0,07,000,00,1,2,15,A01
200600011573,2,07,000,00,0,0,00,B01
200600011574,0,07,000,00,2,1,01,B01
200600011574,0,10,000,08,2,7,01,A01
200600011575,0,04,000,00,1,1,01,A01
200600011576,0,15,000,00,1,7,02,A01
200600011577,0,07,000,00,0,4,01,B01
200600011577,0,04,000,01,2,1,01,A01
200600011578,0,04,000,00,2,8,02,A01
200600011578,0,07,000,00,2,8,00,B01
200600011579,0,07,000,01,0,9,21,A01
200600011580,0,07,000,06,2,3,15,B01
200600011580,0,07,000,06,2,2,17,A01
200600011581,0,05,000,00,2,1,15,A01
200600011581,0,07,000,00,2,3,16,B01
200600011582,0,07,000,00,0,1,02,A01
200600011582,0,07,000,00,1,4,02,B01
200600011583,1,07,000,00,1,1,01,A01
200600011584,0,07,000,00,1,5,00,A01
200600011585,0,07,000,00,2,3,01,A01
200600011585,0,04,000,00,2,8,01,B01
200600011586,0,05,000,00,2,1,17,B01
200600011586,0,07,000,00,0,8,15,A01
200600011587,0,05,000,00,2,1,02,B01
200600011587,0,07,000,00,2,3,02,A01
200600011588,1,07,000,00,0,0,00,A01
200600011589,0,04,000,00,2,1,01,B01
200600011589,0,07,000,00,2,3,15,A01
200600011590,0,04,000,00,2,1,00,B01
200600011590,0,07,000,00,9,3,09,A01
200600011591,0,07,000,00,2,1,02,A01
200600011591,0,07,000,00,0,4,02,B01
200600011592,0,07,000,00,2,3,15,A01
200600011592,0,05,000,00,2,1,01,B01
200600011593,0,07,000,00,2,3,00,A01
200600011593,0,05,000,00,2,0,00,B01
200600011594,0,07,000,00,2,7,10,A01
200600011594,0,04,000,00,2,1,01,B01
200600011595,0,02,000,12,2,1,01,B01
200600011595,0,07,000,00,2,7,01,A01
200600011596,0,07,000,00,2,7,01,B01
200600011596,0,07,000,00,0,3,11,A01
200600011597,0,07,000,00,2,6,15,B01
200600011597,0,05,000,00,2,6,02,A01
200600011598,1,04,000,00,0,0,00,A01
200600011599,0,05,000,00,2,8,17,B01
200600011599,0,07,000,00,2,7,15,A01
200600011600,1,07,000,00,2,0,00,A01
200600011600,0,02,000,00,2,0,01,B01
200600011601,0,07,000,00,0,0,00,A01
200600011601,0,04,000,00,0,0,00,B01
200600011602,0,04,000,00,2,1,05,A01
200600011602,0,07,000,00,2,1,01,B01
200600011603,0,02,000,00,2,2,11,A01
200600011603,0,07,000,00,2,1,01,B01
200600011604,1,07,000,00,0,0,00,A01
200600011605,1,07,000,00,0,0,00,A01
200600011605,0,04,000,00,0,0,02,B01
200600011606,0,07,000,00,2,2,00,B01
200600011606,0,07,000,00,2,3,00,A01
200600011607,0,07,000,00,2,2,02,A01
200600011607,0,01,000,00,2,3,02,B01
200600011608,0,07,000,08,0,0,00,A01
200600011609,0,05,000,00,2,7,00,B01
200600011609,0,07,000,00,2,0,02,A01
200600011610,0,04,000,00,0,1,02,A01
200600011610,0,07,000,00,0,3,02,B01
200600011611,0,18,000,00,0,5,00,A01
200600011612,0,05,000,00,2,1,05,A01
200600011612,0,07,000,00,2,1,02,B01
200600011613,0,07,000,00,1,4,04,A01
200600011614,0,04,000,00,2,1,01,B01
200600011614,0,07,000,00,2,1,15,A01
200600011615,0,07,000,00,2,1,15,A01
200600011615,0,02,000,00,2,0,17,B01
200600011616,0,07,000,00,2,8,15,A01
200600011616,0,05,000,00,2,7,01,B01
200600011617,1,07,000,00,1,2,01,A01
200600011618,0,05,000,00,2,9,02,B01
200600011618,0,07,000,00,0,3,10,A01
200600011619,0,07,000,00,2,1,00,B01
200600011619,0,04,000,00,2,1,00,A01
200600011620,0,07,000,00,2,2,15,A01
200600011620,0,02,000,00,2,1,00,B01
200600011621,0,07,000,00,2,0,05,A01
200600011621,0,05,000,00,2,0,00,B01
200600011622,0,07,000,00,2,1,19,B01
200600011622,0,04,000,00,2,1,00,A01
200600011623,0,07,000,00,2,4,02,B01
200600011623,0,07,000,00,2,1,02,A01
200600011624,0,07,000,00,1,6,02,A01
200600011625,0,02,000,00,2,7,01,B01
200600011625,0,07,000,00,2,3,13,A01
200600011626,0,07,000,00,0,5,23,B01
200600011626,0,02,000,00,2,1,00,A01
200600011627,0,07,000,00,2,3,01,B01
200600011627,0,07,000,00,2,2,19,A01
200600011628,0,07,000,11,0,3,01,A01
200600011629,0,05,000,00,2,1,00,B01
200600011629,0,07,000,00,0,7,15,A01
200600011630,0,05,000,00,2,1,01,B01
200600011630,0,07,000,00,2,2,15,A01
200600011631,0,07,000,01,0,4,01,B01
200600011631,0,07,000,00,0,4,24,C01
200600011631,0,07,000,00,2,1,01,A01
200600011632,0,07,000,00,1,2,01,A01
200600011633,0,05,000,00,0,5,01,B01
200600011633,0,07,000,08,2,3,11,A01
200600011634,0,07,000,00,2,7,16,B01
200600011634,0,04,000,00,2,3,14,A01
200600011635,0,02,000,00,2,1,01,B01
200600011635,0,07,000,00,2,5,15,A01
200600011636,0,07,000,00,2,1,01,B01
200600011636,0,07,000,00,2,1,01,A01
200600011637,0,05,000,00,2,1,00,A01
200600011637,0,07,000,00,2,5,00,B01
200600011638,0,07,000,00,1,4,23,A01
200600011639,0,07,000,00,1,3,02,A01
200600011640,0,07,000,02,0,7,01,A01
200600011641,0,07,000,00,2,4,20,C01
200600011641,0,07,000,00,2,1,02,A01
200600011641,0,07,000,00,2,4,02,B01
200600011642,0,04,000,00,2,2,00,A01
200600011642,0,07,000,00,0,3,00,B01
200600011643,0,07,000,04,0,3,01,A01
200600011644,0,07,000,00,2,6,15,B01
200600011644,0,10,000,00,2,3,15,A01
200600011645,0,07,000,00,0,4,01,B01
200600011645,0,05,000,00,2,1,01,A01
200600011646,0,07,000,00,2,2,21,B01
200600011646,0,07,000,00,2,3,09,A01
200600011647,0,07,000,00,2,4,02,B01
200600011648,0,07,000,00,2,1,01,B01
200600011648,0,07,000,00,2,1,15,A01
200600011649,0,07,000,08,0,2,21,B01
200600011649,0,07,000,00,0,0,19,A01
200600011650,0,07,000,00,1,2,01,A01
200600011651,0,02,000,00,0,0,00,A01
200600011651,0,07,000,00,0,2,00,B01
200600011652,0,07,000,00,0,4,04,A01
200600011652,0,02,000,00,2,1,01,B01
200600011653,0,07,000,08,0,1,11,A01
200600011654,0,02,000,00,1,1,00,A01
200600011655,0,07,000,00,2,2,09,A01
200600011655,0,05,000,00,2,7,01,B01
200600011656,0,07,000,00,0,0,00,A01
200600011656,0,07,000,00,0,0,00,B01
200600011657,0,10,000,00,9,1,01,C01
200600011657,0,07,000,00,2,2,09,B01
200600011657,0,04,000,00,2,1,03,A01
200600011657,0,17,000,00,2,3,01,D01
200600011658,0,07,000,00,2,3,15,B01
200600011658,0,05,000,00,2,1,05,A01
200600011659,0,05,000,00,2,1,02,B01
200600011659,0,07,000,00,2,5,16,A01
200600011660,0,07,000,00,0,1,01,B01
200600011660,0,07,000,00,0,1,05,A01
200600011661,0,07,000,00,9,3,01,B01
200600011661,0,04,000,00,2,7,01,A01
200600011662,0,07,000,00,2,3,16,A01
200600011662,0,07,000,00,2,3,02,B01
200600011663,0,07,000,00,2,4,23,B01
200600011663,0,10,000,14,0,1,02,A01
200600011664,0,07,000,00,1,1,00,A01
200600011665,0,04,000,00,1,1,00,A01
200600011666,0,07,000,00,0,4,00,B01
200600011666,0,07,000,00,0,1,02,A01
200600011667,0,07,000,00,2,1,01,B01
200600011667,0,07,000,00,2,7,02,A01
200600011668,0,07,000,00,0,4,02,B01
200600011668,0,07,000,00,2,1,02,A01
200600011669,0,07,000,00,2,2,01,B01
200600011669,0,07,000,00,2,3,15,A01
200600011670,0,07,000,00,2,4,02,B01
200600011670,0,07,000,00,2,1,02,A01
200600011671,0,07,000,00,1,8,02,A01
200600011672,0,07,000,00,2,1,01,B01
200600011672,0,07,000,06,0,0,01,A01
200600011673,0,04,000,00,2,1,01,A01
200600011673,0,07,000,00,2,6,19,B01
200600011674,0,07,000,00,2,1,02,A01
200600011674,0,07,000,00,2,2,15,B01
200600011675,0,07,000,00,2,4,01,B01
200600011675,0,07,000,00,2,1,01,A01
200600011676,0,07,000,00,2,8,02,A01
200600011676,0,07,000,00,2,7,02,C01
200600011676,0,07,000,00,2,8,02,B01
200600011677,0,07,000,08,0,1,14,A01
200600011678,0,04,000,00,2,7,17,B01
200600011678,0,07,000,00,2,8,11,A01
200600011679,0,07,000,00,2,6,01,B01
200600011679,0,99,000,00,2,2,15,A01
200600011680,0,05,000,00,1,0,00,A01
200600011681,0,07,000,00,0,4,23,B01
200600011681,0,07,000,00,2,1,02,A01
200600011682,0,14,000,00,2,1,00,B01
200600011682,0,07,000,00,0,4,00,A01
200600011683,0,07,000,00,1,0,00,A01
200600011684,0,07,000,00,2,3,15,A01
200600011685,0,07,000,00,2,1,02,A01
200600011685,0,07,000,00,0,4,02,B01
200600011686,0,07,000,00,0,1,00,A01
200600011687,0,04,000,00,2,0,02,A01
200600011687,0,07,000,00,0,0,15,B01
200600011688,0,18,000,00,2,1,01,B01
200600011688,0,07,000,00,2,1,01,A01
200600011689,0,07,000,00,0,0,00,A01
200600011690,0,07,000,00,2,3,01,B01
200600011690,0,07,000,00,2,2,01,A01
200600011691,0,04,000,00,2,1,17,B01
200600011691,0,07,000,00,2,2,09,A01
200600011692,0,05,000,00,2,1,01,A01
200600011692,0,07,000,00,2,5,13,B01
200600011693,0,07,000,00,2,7,12,A01
200600011693,0,18,045,00,2,8,01,B01
200600011694,0,05,000,00,2,8,01,B01
200600011694,0,07,000,00,2,1,01,A01
200600011695,0,07,000,00,9,4,02,B01
200600011695,0,01,000,01,0,1,02,A01
200600011696,0,07,000,00,2,1,00,A01
200600011696,0,03,000,00,2,3,02,B01
200600011697,0,07,000,01,0,1,01,A01
200600011698,0,07,000,00,2,1,00,A01
200600011698,0,07,000,00,2,2,01,B01
200600011699,0,07,000,00,2,1,00,B01
200600011699,0,07,000,00,2,7,01,A01
200600011700,0,04,000,00,1,1,01,A01
200600011701,0,14,000,00,1,1,21,A01
200600011702,0,20,000,00,2,3,11,A01
200600011702,0,07,000,00,2,2,01,B01
200600011703,0,07,000,00,2,8,01,B01
200600011703,0,04,000,00,2,1,19,A01
200600011704,0,07,000,00,2,1,02,A01
200600011704,0,07,000,00,2,9,02,B01
200600011704,0,07,000,00,0,4,02,C01
200600011704,1,07,000,00,0,0,02,D01
200600011705,0,07,000,00,2,1,01,B01
200600011705,0,07,000,00,2,6,15,A01
200600011706,0,07,000,00,2,1,05,A01
200600011706,0,07,000,00,2,1,01,B01
200600011707,0,07,000,06,0,1,13,A01
200600011708,0,05,000,00,2,1,02,A01
200600011708,0,07,000,00,2,5,23,B01
200600011709,0,07,000,00,2,2,02,A01
200600011709,0,07,000,00,0,5,02,B01
200600011709,0,07,000,00,2,1,02,C01
200600011709,0,07,000,00,2,1,01,D01
200600011710,0,02,000,00,2,1,01,B01
200600011710,0,07,000,00,2,3,19,A01
200600011711,0,07,000,00,1,1,01,A01
200600011712,1,07,000,00,1,0,04,A01
200600011713,0,07,000,00,2,2,21,A01
200600011713,0,01,000,00,2,1,19,B01
200600011714,0,07,000,00,2,2,02,A01
200600011714,0,02,000,00,2,4,23,B01
200600011715,0,07,000,00,2,2,17,A01
200600011715,0,07,000,00,2,3,15,B01
200600011716,0,05,000,00,2,1,17,A01
200600011716,0,08,000,00,2,4,01,B01
200600011717,0,07,000,00,2,2,01,A01
200600011717,0,07,000,00,2,4,01,B01
200600011718,0,07,000,06,0,1,01,A01
200600011719,0,07,000,01,0,1,01,A01
200600011720,0,07,000,00,2,1,00,A01
200600011721,0,07,000,01,2,1,01,A01
200600011721,0,07,000,00,0,4,01,B01
200600011722,0,07,000,00,2,2,01,A01
200600011722,0,07,000,00,2,3,15,B01
200600011723,0,07,000,00,2,1,01,B01
200600011723,0,07,000,00,2,1,13,A01
200600011723,0,07,000,00,2,1,01,C01
200600011724,0,07,000,00,2,2,14,A01
200600011724,0,02,000,00,2,3,01,B01
200600011725,0,07,000,00,2,3,15,A01
200600011725,0,05,000,00,2,1,17,B01
200600011726,0,07,000,00,0,7,14,A01
200600011727,0,02,000,00,2,1,01,A01
200600011727,0,07,000,00,0,4,15,B01
200600011728,0,07,000,00,0,4,01,D01
200600011728,0,10,000,00,2,1,01,A01
200600011728,0,07,000,00,2,4,01,B01
200600011728,0,07,000,00,2,4,01,C01
200600011729,0,07,000,02,0,1,01,A01
200600011730,0,18,040,00,2,3,01,A01
200600011730,0,16,000,00,0,4,01,B01
200600011731,0,07,000,00,1,1,01,A01
200600011732,0,07,000,00,0,0,02,A01
200600011733,0,07,000,06,0,1,00,A01
200600011734,0,07,000,00,1,2,14,A01
200600011735,0,07,000,00,1,0,04,B01
200600011736,0,07,000,00,2,1,01,A01
200600011736,0,07,000,00,0,4,01,B01
200600011736,0,07,000,00,0,6,01,C01
200600011737,0,07,000,00,0,4,01,B01
200600011737,0,02,000,00,2,1,01,A01
200600011738,0,07,000,00,2,1,02,A01
200600011738,0,21,000,00,0,4,02,B01
200600011739,0,07,000,06,0,1,02,A01
200600011740,0,07,000,00,1,2,01,A01
200600011741,0,07,000,00,2,1,01,A01
200600011741,0,20,000,00,2,3,01,B01
200600011742,0,07,000,00,4,8,01,A01
200600011742,0,19,000,00,2,1,01,B01
200600011743,0,07,000,00,1,4,04,A01
200600011744,0,07,000,00,2,8,01,B01
200600011744,0,07,000,00,2,1,01,A01
200600011745,0,07,000,15,0,1,00,A01
200600011746,0,07,000,00,2,2,17,A01
200600011746,0,02,000,00,0,0,13,B01
200600011747,0,13,000,00,2,1,05,A01
200600011747,0,13,000,00,2,1,01,B01
200600011748,0,07,000,00,2,1,01,B01
200600011748,0,07,000,00,2,1,16,A01
200600011749,0,07,000,00,1,1,01,A01
200600011750,0,05,000,00,1,1,17,A01
200600011751,0,07,000,00,9,8,22,A01
200600011751,0,01,000,01,0,1,01,B01
200600011752,0,05,000,00,0,1,17,A01
200600011752,0,07,000,00,2,3,15,B01
200600011753,0,07,000,00,2,1,01,B01
200600011753,0,01,000,00,2,8,01,A01
200600011754,0,05,000,00,2,1,01,A01
200600011754,0,07,000,00,2,4,01,B01
200600011755,0,05,000,00,2,1,01,A01
200600011755,0,07,000,00,2,3,01,B01
200600011756,0,07,000,00,9,7,01,A01
200600011757,0,05,000,00,2,1,01,B01
200600011757,0,07,000,00,2,8,15,A01
200600011758,0,07,000,02,2,1,00,A01
200600011758,0,07,000,00,2,5,20,B01
200600011759,0,07,000,00,2,7,15,A01
200600011759,0,02,000,00,2,1,18,B01
200600011760,0,02,000,00,2,1,01,A01
200600011760,0,07,000,00,2,4,01,B01
200600011761,0,07,000,00,2,1,01,A01
200600011761,0,07,000,00,2,4,01,B01
200600011762,0,07,000,00,2,2,20,A01
200600011762,0,02,000,00,2,8,01,B01
200600011763,0,15,000,00,2,8,01,B01
200600011763,0,07,000,00,2,1,19,A01
200600011764,0,02,000,00,2,1,01,A01
200600011764,0,07,000,00,2,3,01,B01
200600011765,0,07,000,00,2,8,13,A01
200600011765,0,05,000,00,2,8,17,B01
200600011766,0,05,000,00,0,7,01,A01
200600011767,0,14,000,00,2,3,12,A01
200600011767,0,07,000,00,2,8,01,B01
200600011768,0,07,000,00,1,1,01,A01
200600011769,0,02,000,00,2,1,02,A01
200600011769,0,07,000,00,2,4,23,B01
200600011770,0,07,000,00,2,2,01,A01
200600011770,0,01,000,00,2,3,01,B01
200600011771,0,07,000,00,2,1,01,A01
200600011771,0,07,000,00,2,4,01,B01
200600011771,0,07,000,00,2,4,01,C01
200600011772,1,07,000,00,2,2,15,A01
200600011772,0,02,000,00,2,1,01,B01
200600011773,0,07,000,00,2,3,15,A01
200600011773,0,04,000,00,2,1,01,B01
200600011774,0,07,000,00,2,3,01,A01
200600011774,0,05,000,00,2,2,01,B01
200600011775,0,07,000,00,2,8,22,A01
200600011775,0,01,000,01,0,1,01,B01
200600011776,0,07,000,00,2,8,15,A01
200600011776,0,05,000,00,2,1,01,B01
200600011777,0,07,000,00,1,4,04,A01
200600011778,0,02,000,00,2,8,01,A01
200600011778,0,07,000,00,2,3,01,B01
200600011779,0,05,000,00,2,1,01,A01
200600011779,0,07,000,00,0,6,01,B01
200600011780,0,07,000,00,2,3,11,A01
200600011780,0,99,000,00,2,1,02,B01
200600011781,0,07,000,00,2,1,01,A01
200600011781,0,07,000,00,2,8,15,B01
200600011782,0,07,000,00,1,1,01,A01
200600011783,0,07,000,00,1,1,01,A01
200600011784,0,07,000,00,2,1,01,A01
200600011784,0,07,000,00,2,4,01,B01
200600011784,0,07,000,00,0,4,01,C01
200600011785,0,02,000,01,0,1,03,A01
200600011785,0,18,000,00,0,4,23,C01
200600011785,0,07,000,00,0,7,01,B01
200600011786,0,07,000,00,2,2,01,A01
200600011786,0,07,000,00,2,1,15,B01
200600011787,0,07,000,00,9,7,02,A01
200600011787,0,01,000,00,0,1,02,B01
200600011788,0,07,000,00,2,1,15,A01
200600011788,0,04,000,00,2,1,01,B01
200600011789,0,07,000,00,9,8,15,A01
200600011789,0,02,000,00,2,1,17,B01
200600011790,0,17,000,00,0,1,15,A01
200600011790,0,07,000,00,2,1,01,B01
200600011791,0,07,000,00,1,1,01,A01
200600011792,0,14,000,00,2,8,16,A01
200600011792,0,07,000,00,2,1,01,B01
200600011793,0,07,000,00,2,2,15,A01
200600011793,0,01,000,00,2,1,01,B01
200600011794,0,07,000,00,2,1,02,A01
200600011794,0,07,000,00,2,4,02,B01
200600011794,0,07,000,00,2,4,02,C01
200600011795,0,07,000,00,0,1,01,A01
200600011795,0,07,000,00,2,1,10,B01
200600011796,0,07,000,06,0,1,00,A01
200600011797,0,07,000,00,0,0,15,A01
200600011797,0,05,000,00,2,8,00,B01
200600011798,0,07,000,00,2,3,09,A01
200600011799,0,07,000,00,2,1,15,A01
200600011799,0,07,000,00,2,8,01,B01
200600011800,0,07,000,00,2,1,15,A01
200600011800,0,02,000,00,2,1,01,B01
200600011801,0,07,000,00,2,1,01,A01
200600011801,0,07,000,00,2,4,23,B01
200600011801,0,07,000,00,2,4,23,C01
200600011802,0,07,000,00,1,1,01,A01
200600011803,0,07,000,00,2,1,00,A01
200600011803,0,07,000,00,2,3,01,B01
200600011804,0,07,000,00,2,7,17,A01
200600011804,0,02,000,00,2,8,15,B01
200600011805,0,02,000,00,2,1,02,A01
200600011805,0,07,000,00,2,0,01,B01
200600011806,0,01,000,00,1,1,01,A01
200600011807,0,07,000,01,2,8,14,A01
200600011808,0,07,000,00,1,1,01,A01
200600011809,0,07,000,00,2,3,01,A01
200600011809,0,07,000,00,2,2,01,B01
200600011810,0,07,000,00,2,5,01,A01
200600011810,0,07,000,00,2,1,09,B01
200600011811,0,07,000,00,2,5,15,A01
200600011811,0,02,000,00,2,1,01,B01
200600011812,0,02,000,15,0,1,01,A01
200600011813,0,05,000,00,2,1,17,A01
200600011813,0,07,000,15,2,3,15,B01
200600011814,0,07,000,00,2,1,09,A01
200600011814,0,07,000,00,2,2,01,B01
200600011814,0,07,000,00,2,3,01,C01
200600011815,0,07,000,01,2,3,00,A01
200600011815,0,05,000,01,2,2,00,B01
200600011815,0,07,000,00,0,5,24,C01
200600011816,0,07,000,01,0,3,14,A01
200600011817,0,07,000,00,1,1,01,A01
200600011818,0,07,000,09,0,1,13,A01
200600011818,0,07,000,00,0,0,23,B01
200600011819,0,07,000,00,1,7,01,A01
200600011820,0,04,000,00,2,1,00,A01
200600011821,0,04,000,01,0,9,01,A01
200600011822,0,01,000,00,2,1,01,B01
200600011822,0,07,000,00,2,3,01,A01
200600011823,0,18,010,00,1,2,01,A01
200600011824,0,07,000,00,2,3,15,A01
200600011824,0,07,000,00,2,1,13,B01
200600011825,0,07,000,00,2,1,15,A01
200600011826,0,07,000,00,2,3,01,A01
200600011826,0,02,000,00,2,2,01,B01
200600011827,0,07,000,00,1,1,15,A01
200600011828,0,07,000,00,2,1,02,A01
200600011828,0,07,000,00,2,4,23,B01
200600011829,0,03,000,12,0,2,12,A01
200600011830,0,10,000,00,1,3,01,A01
200600011831,0,07,000,00,2,1,01,A01
200600011831,0,07,000,00,2,4,15,B01
200600011832,0,07,000,00,2,4,02,B01
200600011832,0,07,000,00,2,1,02,A01
200600011832,0,07,000,00,2,4,02,C01
200600011833,0,07,000,00,2,1,01,A01
200600011833,0,07,000,00,2,7,01,B01
200600011834,0,07,000,00,2,1,15,B01
200600011834,0,05,000,00,2,1,01,A01
200600011835,0,07,000,00,1,2,01,A01
200600011836,0,07,000,00,2,3,10,A01
200600011836,0,02,000,00,2,1,01,B01
200600011837,0,05,000,00,2,7,01,A01
200600011837,1,07,000,00,2,3,01,B01
200600011838,0,07,000,00,2,1,05,A01
200600011838,0,02,000,00,2,1,01,B01
200600011839,0,07,000,00,2,2,15,A01
200600011839,0,01,000,00,2,1,01,B01
200600011840,0,07,000,00,2,3,01,A01
200600011840,0,05,000,00,2,1,01,B01
200600011841,1,07,000,00,1,0,01,A01
200600011842,0,02,000,00,2,2,02,B01
200600011842,0,07,000,00,2,6,02,A01
200600011843,0,07,000,00,1,2,01,A01
200600011844,0,07,000,00,2,1,15,A01
200600011844,0,07,000,00,2,1,01,B01
200600011845,0,07,000,00,2,2,11,A01
200600011845,0,07,000,00,2,2,01,B01
200600011846,0,07,000,00,2,5,16,A01
200600011846,0,01,000,00,2,1,01,B01
200600011847,0,02,000,00,2,1,03,A01
200600011847,0,07,000,00,2,3,01,B01
200600011848,0,07,000,00,2,1,13,A01
200600011848,0,07,000,00,2,3,01,B01
200600011849,0,07,000,00,1,4,04,A01
200600011850,0,07,000,14,0,3,01,A01
200600011851,0,02,000,00,2,1,01,B01
200600011851,0,07,000,00,2,3,01,A01
200600011852,0,07,000,00,2,3,10,A01
200600011852,0,02,000,00,2,1,01,B01
200600011853,0,04,000,00,2,1,01,A01
200600011853,0,07,000,00,2,4,01,B01
200600011854,0,18,052,00,2,1,01,A01
200600011854,0,07,000,00,2,4,01,B01
200600011854,0,07,000,00,2,4,01,C01
200600011855,0,02,000,01,0,1,01,A01
200600011856,0,07,000,00,2,2,01,B01
200600011856,0,07,000,00,2,2,13,A01
200600011857,0,07,000,00,1,3,01,A01
200600011858,0,07,000,03,0,1,00,A01
200600011859,0,07,000,00,2,1,01,A01
200600011859,0,07,000,00,2,4,02,C01
200600011859,0,07,000,14,2,4,02,B01
200600011860,0,02,000,00,2,1,02,A01
200600011860,0,07,000,00,2,8,11,B01
200600011861,0,07,000,00,2,2,13,B01
200600011861,0,07,000,00,2,3,15,A01
200600011862,1,07,000,00,2,2,02,A01
200600011862,0,05,000,00,2,4,02,B01
200600011863,0,07,000,00,2,3,15,A01
200600011863,0,07,000,00,2,3,01,B01
200600011863,0,07,000,00,2,3,23,C01
200600011864,0,07,000,00,2,6,01,B01
200600011864,0,02,000,00,2,1,00,A01
200600011865,0,07,000,00,2,1,01,A01
200600011865,0,07,000,00,2,1,15,B01
200600011866,0,07,000,00,1,1,01,A01
200600011867,0,07,000,00,1,1,01,A01
200600011867,0,07,000,00,2,1,01,B01
200600011868,0,07,000,00,2,1,01,A01
200600011868,0,07,000,00,2,1,01,B01
200600011869,0,07,000,00,1,1,01,B01
200600011869,0,07,000,00,2,1,13,A01
200600011870,0,15,000,00,0,3,13,A01
200600011870,0,15,000,00,0,6,01,B01
200600011871,0,07,000,00,2,3,01,B01
200600011871,1,07,000,00,2,7,15,A01
200600011872,0,07,000,00,1,1,01,A01
200600011873,0,07,000,00,2,1,01,A01
200600011873,0,07,000,00,2,5,01,B01
200600011874,0,02,000,00,6,1,01,A01
200600011875,0,02,000,00,2,1,01,B01
200600011875,0,07,000,00,2,3,09,A01
200600011876,0,07,000,00,2,2,01,B01
200600011876,0,07,000,00,2,3,15,A01
200600011877,0,07,000,00,2,2,01,A01
200600011877,0,07,000,00,2,1,15,B01
200600011878,0,07,000,00,2,3,01,A01
200600011878,0,07,000,00,2,4,15,B01
200600011878,0,07,000,00,2,1,01,C01
200600011879,0,07,000,00,2,2,15,A01
200600011879,0,05,000,00,2,1,01,B01
200600011880,0,07,000,00,2,1,01,A01
200600011880,0,05,000,00,2,4,01,B01
200600011880,0,07,000,00,2,4,01,C01
200600011881,0,10,000,00,1,4,04,A01
200600011882,0,07,000,00,2,1,01,A01
200600011882,0,07,000,00,2,4,01,B01
200600011883,0,07,000,00,1,1,02,A01
200600011884,0,07,000,00,0,1,01,A01
200600011884,0,07,000,00,0,4,02,B01
200600011885,0,07,000,00,1,3,01,A01
200600011886,0,07,000,00,2,1,01,A01
200600011886,0,07,000,00,2,4,01,B01
200600011886,0,07,000,00,0,4,01,C01
200600011887,0,07,000,00,0,1,00,A01
200600011887,0,07,000,00,0,0,00,B01
200600011888,0,07,000,00,0,8,22,A01
200600011888,0,02,000,00,2,2,17,B01
200600011889,0,07,000,04,0,1,01,A01
200600011890,0,01,000,00,1,1,00,A01
200600011891,0,07,000,00,2,1,01,A01
200600011891,0,07,000,00,2,3,01,B01
200600011892,0,07,000,00,2,1,01,A01
200600011892,0,07,000,00,0,4,01,B01
200600011893,0,02,000,00,2,1,01,A01
200600011893,0,07,000,00,2,4,15,B01
200600011894,0,15,000,00,2,2,12,A01
200600011894,0,07,000,00,2,6,01,B01
200600011895,0,10,000,00,0,0,20,A01
200600011895,0,09,000,00,2,3,21,B01
200600011895,0,07,000,10,2,3,01,C01
200600011895,0,10,000,13,2,3,01,D01
200600011896,0,07,000,00,0,0,02,B01
200600011896,0,07,000,00,0,1,01,A01
200600011897,0,01,000,00,0,8,01,B01
200600011897,0,07,000,00,0,1,16,A01
200600011898,0,15,000,00,2,3,02,A01
200600011898,0,07,000,00,2,2,02,B01
200600011899,0,07,000,00,2,2,12,A01
200600011899,0,07,000,00,2,8,01,B01
200600011900,0,07,000,00,2,1,01,A01
200600011900,0,07,000,00,2,4,01,B01
200600011901,0,07,000,00,0,4,23,B01
200600011901,0,07,000,00,2,1,02,A01
200600011902,0,04,000,00,0,8,16,A01
200600011903,0,07,000,00,0,4,23,B01
200600011903,0,07,000,00,2,1,02,A01
200600011904,2,07,000,00,2,1,13,A01
200600011904,0,15,000,00,2,1,01,B01
200600011905,0,07,000,00,2,1,02,A01
200600011905,0,07,000,00,2,4,02,B01
200600011906,0,07,000,00,2,2,15,A01
200600011906,0,01,000,00,2,1,01,B01
200600011907,0,07,000,00,1,1,17,A01
200600011908,0,07,000,00,2,5,12,A01
200600011908,0,07,000,12,2,8,00,B01
200600011909,0,07,000,00,1,2,01,A01
200600011910,0,07,000,00,2,5,09,A01
200600011910,0,01,000,00,2,1,01,B01
200600011911,0,02,000,00,0,7,01,B01
200600011911,0,07,000,00,2,1,16,A01
200600011912,0,07,000,00,0,8,24,A01
200600011912,0,02,000,01,0,1,01,B01
200600011913,0,07,000,00,2,1,01,A01
200600011913,0,07,000,00,0,4,01,B01
200600011914,0,07,000,00,2,1,01,A01
200600011914,0,07,000,00,2,4,23,B01
200600011915,0,03,000,00,2,1,01,A01
200600011915,0,07,000,00,0,4,23,B01
200600011916,0,07,000,00,2,2,01,A01
200600011916,0,02,000,00,2,2,09,B01
200600011917,0,05,000,00,0,0,01,B01
200600011917,1,07,000,00,2,1,01,A01
200600011918,0,01,000,00,1,1,01,A01
200600011919,0,02,000,00,2,5,01,A01
200600011919,0,07,000,00,0,5,01,B01
200600011919,0,07,000,00,0,5,14,C01
200600011920,0,07,000,00,1,2,15,A01
200600011921,0,07,000,00,2,1,01,A01
200600011921,0,07,000,03,2,9,01,B01