Num_Acc,senc,catv,occutc,obs,obsm,choc,manv,num_veh
200600011922,0,10,000,00,2,1,01,A01
200600011922,0,10,000,06,2,2,01,B01
200600011923,0,10,000,00,2,6,15,A01
200600011923,0,02,000,00,2,5,01,B01
200600011924,0,07,000,00,2,3,13,A01
200600011924,0,07,000,00,2,3,01,B01
200600011925,0,07,000,00,2,3,15,A01
200600011925,0,05,000,00,2,2,17,B01
200600011926,0,07,000,07,2,9,01,A01
200600011926,0,07,000,00,2,3,01,B01
200600011927,0,07,000,07,2,8,01,A01
200600011927,0,07,000,00,2,1,01,B01
200600011928,0,07,000,00,2,9,01,A01
200600011928,0,07,000,00,2,4,01,B01
200600011928,0,07,000,00,2,4,01,C01
200600011929,1,99,000,00,0,0,00,A01
200600011930,0,07,000,12,2,2,18,A01
200600011930,0,07,000,00,2,3,15,B01
200600011931,0,07,000,00,2,1,02,A01
200600011931,0,07,000,00,2,9,01,B01
200600011931,0,10,000,00,2,4,01,C01
200600011932,0,07,000,00,1,2,01,A01
200600011933,2,07,000,00,2,9,01,A01
200600011933,0,07,000,06,2,9,01,B01
200600011934,0,07,000,06,0,9,17,A01
200600011935,0,07,000,00,1,2,01,A01
200600011936,0,07,000,00,2,3,10,A01
200600011936,0,05,000,00,2,1,01,B01
200600011937,0,07,000,00,1,3,15,A01
200600011938,0,07,000,00,2,2,01,A01
200600011938,0,02,000,00,2,1,01,B01
200600011939,0,07,000,00,2,2,01,A01
200600011939,0,14,000,00,2,1,02,B01
200600011940,0,07,000,00,2,3,01,A01
200600011940,0,07,000,00,2,2,01,B01
200600011941,0,07,000,00,2,1,01,A01
200600011941,0,07,000,00,2,4,23,B01
200600011942,0,05,000,00,2,3,18,A01
200600011942,0,07,000,00,2,6,01,B01
200600011943,0,07,000,00,9,2,01,A01
200600011943,0,99,000,00,2,1,01,B01
200600011944,0,07,000,00,1,1,01,A01
200600011945,0,07,000,02,6,1,21,A01
200600011946,0,07,000,00,6,3,01,A01
200600011947,0,02,000,00,0,0,01,A01
200600011948,0,07,000,00,1,0,20,A01
200600011949,0,07,000,00,0,0,01,A01
200600011950,0,07,000,00,1,4,04,A01
200600011951,0,07,000,00,2,1,02,A01
200600011951,0,07,000,00,2,4,02,B01
200600011952,0,07,000,00,1,1,01,A01
200600011953,0,07,000,00,2,2,17,A01
200600011953,0,07,000,00,2,2,15,B01
200600011954,0,07,000,00,2,1,01,A01
200600011954,0,07,000,00,2,1,00,B01
200600011955,0,02,000,00,2,1,01,B01
200600011955,0,07,000,00,2,1,01,A01
200600011956,0,13,000,00,1,4,04,A01
200600011957,0,07,000,00,2,2,00,A01
200600011957,0,07,000,00,2,3,01,B01
200600011958,0,07,000,00,2,2,00,A01
200600011958,0,07,000,00,2,1,01,B01
200600011959,0,07,000,06,0,1,01,A01
200600011960,0,07,000,00,2,1,01,B01
200600011960,0,07,000,00,2,3,15,A01
200600011961,0,07,000,00,2,3,15,B01
200600011961,0,02,000,00,2,1,01,A01
200600011962,0,07,000,04,2,9,03,A01
200600011962,0,07,000,00,2,5,17,B01
200600011962,0,07,000,03,2,1,01,C01
200600011962,0,15,000,00,2,6,02,D01
200600011963,0,07,000,00,2,4,15,B01
200600011963,0,07,000,00,2,1,02,A01
200600011964,0,18,025,00,1,1,16,A01
200600011965,0,07,000,00,2,0,01,B01
200600011965,0,07,000,00,2,0,01,C01
200600011965,0,07,000,00,2,1,01,A01
200600011966,0,07,000,00,2,2,16,A01
200600011966,0,18,025,00,2,3,01,B01
200600011967,0,07,000,00,2,3,01,B01
200600011967,0,02,000,00,2,1,01,A01
200600011968,0,07,000,00,1,3,01,A01
200600011969,0,07,000,00,2,2,01,A01
200600011969,0,07,000,00,2,3,01,B01
200600011970,0,07,000,00,2,3,10,A01
200600011970,0,02,000,00,2,1,01,B01
200600011971,0,07,000,00,2,3,01,A01
200600011971,0,07,000,00,2,2,01,B01
200600011972,0,10,000,00,2,4,04,A01
200600011972,0,07,000,00,2,1,23,B01
200600011973,0,01,000,15,2,1,01,A01
200600011973,0,15,000,00,9,5,01,B01
200600011974,0,99,000,00,2,1,07,B01
200600011974,0,07,000,00,2,8,11,A01
200600011975,0,02,000,00,2,1,01,A01
200600011975,1,07,000,00,2,5,01,B01
200600011976,0,10,000,00,1,7,01,A01
200600011977,0,07,000,00,2,1,15,A01
200600011977,0,02,000,00,2,1,01,B01
200600011978,0,05,000,00,2,7,17,A01
200600011978,0,07,000,00,2,8,15,B01
200600011979,0,02,000,00,2,7,01,A01
200600011979,0,07,000,00,2,8,15,B01
200600011980,0,07,000,02,0,1,11,A01
200600011981,0,07,000,00,1,1,02,A01
200600011982,0,07,000,00,2,2,01,A01
200600011982,0,07,000,00,2,1,01,B01
200600011983,0,07,000,03,0,1,02,A01
200600011983,0,07,000,03,0,3,23,B01
200600011984,0,07,000,08,0,1,14,A01
200600011985,0,07,000,06,1,1,14,A01
200600011986,0,02,000,00,0,0,01,A01
200600011987,0,07,000,00,2,1,15,A01
200600011987,0,04,000,00,2,2,01,B01
200600011988,0,07,000,16,0,0,00,A01
200600011989,0,07,000,00,2,3,10,A01
200600011989,0,07,000,00,2,3,01,B01
200600011990,0,07,000,00,1,1,01,A01
200600011991,0,07,000,00,2,1,09,A01
200600011991,0,07,000,00,2,1,01,B01
200600011992,2,07,000,00,2,1,09,A01
200600011992,0,07,000,00,2,1,00,B01
200600011993,0,02,000,00,2,1,01,A01
200600011993,0,07,000,00,2,1,10,B01
200600011994,0,07,000,00,2,1,15,A01
200600011994,0,07,000,00,2,2,01,B01
200600011995,1,07,000,00,1,0,00,A01
200600011996,0,02,000,14,0,1,01,A01
200600011997,0,07,000,00,2,4,01,C01
200600011997,0,07,000,00,2,4,01,B01
200600011997,0,07,000,00,2,1,01,A01
200600011998,0,07,000,00,2,1,01,A01
200600011998,0,07,000,00,2,4,01,B01
200600011999,0,07,000,15,2,9,01,A01
200600011999,0,07,000,00,2,1,15,B01
200600012000,0,07,000,00,2,1,01,B01
200600012000,0,07,000,00,2,2,15,A01
200600012001,0,07,000,00,2,8,15,A01
200600012001,0,02,000,00,2,1,17,B01
200600012002,0,07,000,00,2,2,01,B01
200600012002,2,02,000,00,2,1,01,A01
200600012003,0,05,000,00,2,1,01,A01
200600012003,0,07,000,00,2,1,01,B01
200600012004,0,07,000,00,0,6,01,B01
200600012004,0,05,000,00,2,1,02,A01
200600012005,0,07,000,02,0,1,06,A01
200600012006,0,05,000,00,2,1,01,B01
200600012006,0,07,000,00,2,3,09,A01
200600012007,0,07,000,02,0,3,01,A01
200600012008,0,07,000,00,2,7,01,A01
200600012008,0,07,000,00,2,2,15,B01
200600012009,0,07,000,06,0,4,00,A01
200600012010,0,07,000,00,2,3,09,A01
200600012010,0,07,000,00,2,2,01,B01
200600012011,0,02,000,12,0,0,00,A01
200600012012,0,07,000,00,2,8,01,A01
200600012012,0,07,000,00,2,8,01,B01
200600012013,0,07,000,01,0,2,01,A01
200600012014,0,07,000,00,1,1,01,A01
200600012015,0,07,000,00,2,1,01,A01
200600012015,0,07,000,00,2,4,02,B01
200600012015,0,07,000,00,0,4,02,C01
200600012016,0,05,000,00,9,0,01,A01
200600012017,0,07,000,00,2,1,02,A01
200600012017,0,07,000,00,2,4,23,B01
200600012017,0,07,000,00,2,4,23,C01
200600012018,0,07,000,00,2,6,01,A01
200600012018,0,07,000,00,2,3,01,B01
200600012019,0,07,000,00,2,1,01,B01
200600012019,0,07,000,00,2,8,00,A01
200600012020,0,05,000,00,2,1,01,B01
200600012020,0,07,000,00,2,7,15,A01
200600012021,0,07,000,00,2,1,01,A01
200600012021,0,02,000,00,2,1,15,B01
200600012022,0,07,000,00,2,3,01,A01
200600012022,0,07,000,00,2,4,23,C01
200600012022,0,07,000,00,2,1,01,B01
200600012023,0,07,000,00,2,1,02,A01
200600012023,0,07,000,00,2,4,23,B01
200600012023,0,07,000,00,2,4,23,C01
200600012024,0,07,000,00,1,1,15,A01
200600012025,0,07,000,00,2,1,02,A01
200600012025,0,07,000,00,2,4,02,B01
200600012025,0,07,000,00,2,4,02,C01
200600012026,0,07,000,00,2,2,01,A01
200600012026,0,07,000,00,2,6,20,B01
200600012026,0,07,000,00,2,4,23,C01
200600012026,0,07,000,00,2,3,23,D01
200600012027,0,07,000,00,2,7,17,B01
200600012027,0,04,000,00,2,0,02,A01
200600012028,0,07,000,00,2,6,09,A01
200600012028,0,05,000,00,2,1,01,B01
200600012029,0,07,000,00,2,1,15,A01
200600012029,0,07,000,00,2,3,01,B01
200600012029,0,07,000,00,2,4,23,C01
200600012030,0,07,000,00,2,1,01,A01
200600012030,0,07,000,00,2,2,00,B01
200600012031,0,07,000,00,2,2,01,A01
200600012031,0,07,000,00,2,1,01,B01
200600012032,0,04,000,00,1,1,01,A01
200600012033,0,07,000,00,2,1,01,A01
200600012033,0,07,000,00,2,4,01,B01
200600012034,0,04,000,00,2,1,01,A01
200600012034,0,07,000,00,2,2,01,B01
200600012035,0,07,000,00,2,3,11,A01
200600012035,0,07,000,00,2,7,01,B01
200600012036,0,05,000,00,2,8,01,B01
200600012036,0,18,001,00,2,7,02,A01
200600012037,0,07,000,00,0,9,00,A01
200600012038,0,07,000,00,1,1,01,A01
200600012039,0,04,000,00,0,7,01,A01
200600012040,0,07,000,00,2,1,01,A01
200600012040,0,07,000,00,2,8,01,B01
200600012041,1,07,000,00,1,0,01,A01
200600012042,0,07,000,00,2,3,01,A01
200600012042,0,07,000,00,2,3,01,B01
200600012043,0,07,000,00,2,1,02,A01
200600012043,0,07,000,00,2,4,02,B01
200600012043,0,07,000,00,2,4,02,C01
200600012044,0,03,000,08,0,1,01,A01
200600012045,0,07,000,00,2,1,02,A01
200600012045,0,07,000,00,2,4,15,B01
200600012046,0,05,000,00,2,0,00,A01
200600012046,0,07,000,00,2,2,00,B01
200600012047,0,05,000,00,2,7,01,A01
200600012047,0,14,000,00,2,3,01,B01
200600012048,0,07,000,00,2,6,04,A01
200600012048,0,05,000,00,2,1,00,B01
200600012049,0,07,000,00,2,1,02,A01
200600012049,0,07,000,00,2,4,01,B01
200600012050,0,07,000,00,2,3,01,B01
200600012050,0,07,000,00,2,3,13,A01
200600012051,0,07,000,00,2,1,01,B01
200600012051,0,07,000,00,2,3,15,A01
200600012052,0,07,000,00,2,2,17,B01
200600012052,0,07,000,04,2,9,01,A01
200600012053,0,07,000,14,0,1,02,A01
200600012053,0,07,000,14,0,1,02,B01
200600012053,0,07,000,00,2,4,02,C01
200600012054,0,07,000,00,2,1,01,A01
200600012054,0,07,000,00,2,4,01,B01
200600012055,0,07,000,14,0,1,01,A01
200600012055,0,07,000,00,2,4,01,B01
200600012056,0,05,000,00,2,1,01,A01
200600012056,0,07,000,00,2,3,15,B01
200600012057,0,07,000,00,2,1,01,B01
200600012057,0,07,000,00,2,2,01,C01
200600012058,0,07,000,02,0,8,01,A01
200600012059,0,02,000,00,2,1,01,B01
200600012059,0,07,000,00,9,2,01,A01
200600012060,0,07,000,01,1,0,01,A01
200600012061,0,07,000,00,2,3,15,A01
200600012061,0,05,000,00,2,7,17,B01
200600012062,0,02,000,00,0,8,13,A01
200600012063,0,01,000,00,2,9,13,A01
200600012063,0,07,000,00,2,1,01,B01
200600012064,0,07,000,00,2,3,01,A01
200600012064,0,05,000,00,0,7,01,B01
200600012065,0,07,000,05,0,9,01,A01
200600012066,0,07,000,00,2,3,15,A01
200600012066,0,05,000,00,2,1,01,B01
200600012067,0,07,000,06,0,2,01,A01
200600012068,0,07,000,03,0,1,01,A01
200600012069,0,02,000,00,2,1,01,B01
200600012069,0,07,000,00,2,3,15,A01
200600012070,0,07,000,00,2,3,13,A01
200600012070,0,05,000,00,2,1,01,B01
200600012071,0,07,000,00,2,9,01,A01
200600012071,0,07,000,00,2,9,02,B01
200600012072,0,15,000,04,0,8,13,A01
200600012073,1,99,000,00,1,0,00,A01
200600012074,0,07,000,00,2,3,09,A01
200600012074,0,04,000,00,2,1,01,B01
200600012075,0,13,000,00,2,8,15,A01
200600012075,0,07,000,00,2,2,01,B01
200600012076,0,02,000,00,0,8,01,A01
200600012077,0,07,000,00,2,2,02,A01
200600012077,0,07,000,00,2,4,23,B01
200600012078,0,07,000,00,1,2,02,A01
200600012079,0,07,000,00,2,8,13,A01
200600012079,0,05,000,00,2,7,01,B01
200600012080,0,07,000,00,2,1,01,A01
200600012080,0,07,000,00,2,4,23,B01
200600012080,0,07,000,00,2,4,23,C01
200600012081,0,07,000,00,0,9,01,A01
200600012082,0,07,000,00,2,8,01,B01
200600012082,0,07,000,00,2,7,01,A01
200600012083,0,02,000,00,1,0,01,A01
200600012084,0,04,000,00,1,1,01,A01
200600012085,0,07,000,00,2,1,01,A01
200600012085,0,07,000,00,2,4,16,B01
200600012086,0,07,000,00,2,2,01,A01
200600012086,0,07,000,00,2,4,01,B01
200600012087,0,07,000,00,2,1,01,A01
200600012087,0,07,000,00,2,4,01,B01
200600012088,0,07,000,00,1,2,01,A01
200600012089,0,07,000,00,2,5,12,A01
200600012089,0,04,000,00,2,1,01,B01
200600012090,0,07,000,00,2,6,01,A01
200600012090,0,10,000,00,2,1,12,B01
200600012091,0,04,000,00,2,1,01,A01
200600012091,0,07,000,00,2,4,01,B01
200600012092,0,07,000,00,2,1,01,A01
200600012092,0,07,000,00,2,1,01,B01
200600012093,0,07,000,00,1,1,01,A01
200600012094,0,07,000,00,0,9,01,A01
200600012095,0,02,000,00,2,1,02,A01
200600012095,0,07,000,00,2,4,01,B01
200600012096,0,07,000,00,2,2,01,A01
200600012096,0,07,000,00,2,3,00,B01
200600012097,0,07,000,00,2,2,01,A01
200600012097,0,07,000,00,4,1,01,B01
200600012098,0,07,000,00,2,1,01,A01
200600012098,0,07,000,00,2,6,01,B01
200600012099,0,07,000,00,2,2,01,A01
200600012099,0,05,000,00,2,8,01,B01
200600012100,0,05,000,00,0,8,01,A01
200600012101,0,07,000,00,2,1,01,A01
200600012101,0,07,000,00,2,4,01,B01
200600012102,0,07,000,00,2,7,10,A01
200600012102,0,07,000,00,2,1,01,B01
200600012103,0,14,000,00,2,1,01,A01
200600012103,0,07,000,00,2,4,01,B01
200600012104,0,07,000,00,2,1,01,A01
200600012104,0,05,000,00,2,4,23,B01
200600012105,0,07,000,00,2,1,15,A01
200600012105,0,05,000,00,2,1,01,B01
200600012106,0,07,000,00,2,4,02,B01
200600012106,0,07,000,00,2,4,02,C01
200600012106,0,05,000,00,2,4,02,D01
200600012106,0,07,000,00,2,1,01,A01
200600012107,0,07,000,00,2,8,15,B01
200600012107,0,04,000,00,2,7,15,A01
200600012108,0,07,000,00,1,4,04,A01
200600012109,0,07,000,00,2,1,01,A01
200600012109,0,07,000,00,2,4,01,B01
200600012109,0,07,000,00,2,4,01,C01
200600012110,0,05,000,00,2,1,01,A01
200600012110,0,07,000,00,2,6,01,B01
200600012111,0,07,000,00,2,7,14,A01
200600012111,0,05,000,00,2,0,01,B01
200600012112,0,07,000,00,2,3,15,A01
200600012112,0,04,000,01,2,1,17,B01
200600012113,0,07,000,00,2,4,04,A01
200600012113,0,02,000,01,2,1,01,B01
200600012114,0,05,000,00,1,1,01,A01
200600012115,0,05,000,03,0,2,01,A01
200600012116,0,07,000,00,2,1,15,A01
200600012116,0,05,000,00,2,1,01,B01
200600012117,0,07,000,00,1,6,04,A01
200600012118,0,07,000,00,1,0,01,A01
200600012119,0,12,000,00,2,7,01,A01
200600012119,0,07,000,00,2,6,01,B01
200600012119,0,07,000,00,2,7,01,C01
200600012120,0,07,000,00,2,1,01,A01
200600012120,0,07,000,00,2,1,15,B01
200600012121,0,07,000,00,2,1,01,A01
200600012122,0,05,000,00,1,1,01,A01
200600012123,0,07,000,00,2,2,01,A01
200600012123,0,07,000,00,2,5,01,B01
200600012123,1,07,000,00,2,1,00,C01
200600012124,0,04,000,00,2,1,01,A01
200600012124,0,07,000,00,2,2,01,B01
200600012125,0,07,000,00,2,3,15,A01
200600012125,0,05,000,00,2,1,01,B01
200600012126,0,13,000,00,2,2,14,A01
200600012126,0,07,000,00,2,8,01,B01
200600012127,0,07,000,00,2,1,02,A01
200600012127,0,07,000,00,2,4,02,B01
200600012128,0,07,000,00,2,7,15,A01
200600012128,0,05,000,00,2,1,01,B01
200600012129,0,07,000,00,2,1,02,A01
200600012129,0,07,000,00,2,4,02,B01
200600012129,0,07,000,00,2,4,02,C01
200600012130,0,04,000,00,2,1,01,A01
200600012130,0,07,000,00,2,2,15,B01
200600012131,0,05,000,00,2,1,18,A01
200600012131,0,07,000,00,2,7,16,B01
200600012132,0,04,000,00,0,8,01,A01
200600012133,0,07,000,00,1,3,01,A01
200600012134,0,07,000,00,1,2,15,A01
200600012135,0,04,000,00,2,1,02,A01
200600012135,0,07,000,00,0,4,02,B01
200600012136,0,07,000,00,2,1,02,A01
200600012136,0,07,000,00,0,4,23,B01
200600012137,0,07,000,04,0,1,01,A01
200600012138,0,07,000,00,2,1,01,A01
200600012138,0,07,000,00,2,4,01,B01
200600012139,0,02,000,00,2,1,01,A01
200600012139,0,07,000,00,0,4,13,B01
200600012140,0,07,000,00,2,8,01,A01
200600012140,0,13,000,00,2,1,01,B01
200600012141,0,07,000,00,1,2,01,A01
200600012142,0,07,000,00,2,1,01,A01
200600012142,0,07,000,00,2,1,01,B01
200600012143,0,07,000,00,2,1,01,A01
200600012143,0,07,000,00,2,4,01,B01
200600012144,0,07,000,13,0,9,01,A01
200600012145,0,05,000,00,1,1,01,A01
200600012146,0,07,000,00,2,2,01,A01
200600012146,0,07,000,00,2,1,01,B01
200600012147,0,05,000,04,0,1,01,A01
200600012148,0,07,000,00,2,1,01,A01
200600012148,0,07,000,00,0,4,23,B01
200600012149,0,07,000,04,0,1,01,A01
200600012150,0,07,000,00,2,1,01,A01
200600012150,0,07,000,00,2,9,00,B01
200600012150,0,07,000,00,2,6,00,C01
200600012151,0,04,000,00,2,1,01,A01
200600012151,1,07,000,00,2,0,00,B01
200600012152,0,07,000,00,2,3,15,A01
200600012152,0,05,000,00,2,1,01,B01
200600012153,0,07,000,00,2,8,22,A01
200600012153,0,01,000,01,2,1,01,B01
200600012154,0,07,000,00,2,7,13,A01
200600012154,0,05,000,00,2,8,01,B01
200600012155,0,02,000,00,2,1,07,A01
200600012155,0,07,000,00,2,2,16,B01
200600012156,0,05,000,00,2,1,01,A01
200600012156,0,07,000,00,2,5,01,B01
200600012157,0,02,000,00,1,1,01,A01
200600012158,0,13,000,00,2,1,01,A01
200600012158,0,07,000,14,2,5,01,B01
200600012159,0,07,000,00,0,3,15,A01
200600012159,0,05,000,00,2,7,17,B01
200600012160,0,04,000,00,2,2,17,A01
200600012160,0,07,000,00,2,3,15,B01
200600012161,0,02,000,00,2,7,01,A01
200600012161,0,07,000,00,2,1,15,B01
200600012162,0,07,000,00,2,8,02,A01
200600012162,0,05,000,00,2,5,01,B01
200600012163,0,07,000,00,2,1,01,A01
200600012163,0,10,000,00,2,4,01,B01
200600012164,0,07,000,00,2,3,16,A01
200600012164,0,07,000,01,2,2,02,B01
200600012165,0,07,000,00,2,1,01,A01
200600012165,0,07,000,03,2,4,01,B01
200600012166,0,07,000,00,2,1,02,A01
200600012166,0,07,000,00,2,6,02,B01
200600012166,0,07,000,00,2,1,02,C01
200600012167,0,01,000,00,2,3,01,A01
200600012167,1,07,000,00,2,6,17,B01
200600012168,0,14,000,00,2,1,02,A01
200600012168,0,07,000,00,2,4,02,B01
200600012169,0,07,000,00,0,9,01,A01
200600012170,0,07,000,00,2,0,15,A01
200600012170,0,04,000,00,2,3,01,B01
200600012171,0,01,000,00,2,1,05,A01
200600012171,0,07,000,00,2,1,01,B01
200600012172,0,07,000,00,2,3,13,A01
200600012172,0,07,000,00,2,1,01,B01
200600012173,0,05,000,00,2,2,01,A01
200600012173,0,07,000,00,2,0,15,B01
200600012174,0,07,000,00,2,2,01,A01
200600012174,0,05,000,00,2,1,01,B01
200600012175,0,07,000,00,2,1,02,A01
200600012175,0,07,000,00,2,4,02,B01
200600012175,0,07,000,00,0,4,02,C01
200600012176,0,07,000,00,2,5,01,A01
200600012176,0,01,000,00,2,2,15,B01
200600012177,0,07,000,00,2,1,01,A01
200600012177,0,07,000,00,2,4,01,B01
200600012178,0,01,000,00,2,1,01,A01
200600012178,0,07,000,00,2,3,15,B01
200600012179,0,02,000,00,2,1,01,A01
200600012179,0,07,000,00,2,2,15,B01
200600012180,0,01,000,00,2,0,01,A01
200600012180,0,07,000,00,0,5,16,B01
200600012181,0,07,000,00,2,1,01,A01
200600012181,0,07,000,00,2,9,02,B01
200600012181,0,10,000,00,2,4,02,C01
200600012182,0,07,000,00,2,1,15,A01
200600012182,0,07,000,00,2,1,01,B01
200600012183,1,07,000,00,2,0,05,B01
200600012183,0,07,000,00,2,3,01,A01
200600012184,0,05,000,00,2,1,15,A01
200600012184,0,07,000,00,2,6,13,B01
200600012185,0,15,000,00,2,2,01,A01
200600012185,0,05,000,00,2,6,01,B01
200600012186,0,10,000,00,2,7,01,A01
200600012186,0,07,000,00,2,1,01,B01
200600012187,0,10,000,00,2,1,15,A01
200600012187,0,01,000,00,2,8,15,B01
200600012188,0,07,000,00,2,2,15,A01
200600012188,0,01,000,00,2,1,01,B01
200600012189,0,02,000,00,2,2,17,A01
200600012189,0,07,000,00,2,3,01,B01
200600012189,0,07,000,14,0,3,01,C01
200600012190,0,07,000,01,0,1,01,A01
200600012191,0,07,000,00,4,3,01,A01
200600012191,0,19,000,00,2,1,01,B01
200600012192,0,07,000,00,2,3,10,A01
200600012192,0,02,000,00,2,8,01,B01
200600012193,0,19,000,00,1,2,01,A01
200600012194,0,19,000,00,1,1,01,A01
200600012195,0,07,000,00,4,8,01,A01
200600012195,0,19,000,00,2,1,01,B01
200600012196,0,07,000,00,2,2,16,A01
200600012196,0,02,000,00,2,1,01,B01
200600012197,0,07,000,00,1,2,15,A01
200600012198,0,10,000,00,2,3,15,A01
200600012198,0,07,000,00,2,2,01,B01
200600012199,0,10,000,00,2,3,15,A01
200600012199,0,02,000,00,2,1,01,B01
200600012200,0,07,000,00,1,0,01,A01
200600012201,0,07,000,00,2,3,15,A01
200600012201,0,05,000,00,2,1,01,B01
200600012202,0,07,000,00,2,7,16,A01
200600012202,0,02,000,00,2,3,01,B01
200600012203,0,07,000,01,0,1,01,A01
200600012204,0,07,000,00,2,2,01,A01
200600012204,0,07,000,00,2,5,01,B01
200600012205,0,02,000,00,1,1,01,A01
200600012206,0,07,000,00,2,4,15,A01
200600012206,0,07,000,00,2,3,10,B01
200600012207,0,10,000,00,2,3,24,A01
200600012207,0,01,000,01,0,1,01,B01
200600012208,0,07,000,00,2,2,15,A01
200600012208,0,02,000,00,2,1,01,B01
200600012209,0,02,000,00,1,1,24,A01
200600012210,0,07,000,00,2,1,05,A01
200600012210,0,07,000,00,2,3,01,B01
200600012211,0,07,000,00,2,2,16,A01
200600012211,0,02,000,00,2,8,01,B01
200600012212,1,18,001,00,2,0,00,A01
200600012212,0,02,000,00,2,2,01,B01
200600012213,0,07,000,00,1,1,01,A01
200600012214,0,07,000,00,2,2,15,A01
200600012214,0,02,000,00,2,8,01,B01
200600012215,0,19,000,00,1,0,01,A01
200600012216,1,10,000,00,1,0,17,A01
200600012217,0,10,000,00,1,2,17,A01
200600012218,0,07,000,00,2,1,15,A01
200600012218,0,01,000,00,2,1,01,B01
200600012219,0,10,000,00,2,1,01,A01
200600012219,0,07,000,00,2,4,02,B01
200600012220,0,07,000,00,2,2,16,A01
200600012220,0,01,000,00,2,7,19,B01
200600012221,0,07,000,01,2,3,20,A01
200600012221,0,02,000,01,2,9,01,B01
200600012222,0,01,000,00,2,6,01,A01
200600012222,0,10,000,00,2,1,01,B01
200600012223,0,07,000,00,1,2,17,A01
200600012224,0,07,000,14,0,1,01,A01
200600012224,0,17,000,00,2,6,01,B01
200600012225,0,07,000,00,1,3,01,A01
200600012226,0,07,000,00,1,1,01,A01
200600012227,0,07,000,00,2,5,15,A01
200600012227,0,02,000,00,2,1,01,B01
200600012228,0,07,000,00,2,3,01,A01
200600012228,0,01,000,00,2,1,01,B01
200600012229,0,07,000,00,1,3,01,A01
200600012230,0,07,000,00,2,2,16,A01
200600012230,0,02,000,00,2,3,01,B01
200600012231,0,02,000,00,2,1,23,A01
200600012231,0,07,000,00,2,4,01,B01
200600012232,0,01,000,00,2,1,01,B01
200600012232,0,07,000,00,2,2,15,A01
200600012233,0,05,000,00,2,8,01,A01
200600012233,0,07,000,00,2,8,15,B01
200600012234,0,07,000,00,2,1,15,A01
200600012234,0,05,000,00,2,1,17,B01
200600012235,0,07,000,01,0,3,01,A01
200600012236,0,13,000,00,2,3,01,A01
200600012236,0,18,001,07,0,0,01,B01
200600012237,0,10,000,00,2,1,01,A01
200600012237,0,07,000,00,0,4,01,B01
200600012238,0,07,000,00,2,2,01,A01
200600012238,0,07,000,00,2,1,01,B01
200600012239,0,02,000,00,2,8,01,A01
200600012239,0,14,000,00,2,0,02,B01
200600012240,0,07,000,00,1,6,04,A01
200600012241,0,05,000,01,1,1,01,A01
200600012242,0,01,000,01,0,1,01,A01
200600012243,0,07,000,00,2,2,15,A01
200600012243,0,05,000,00,2,1,01,B01
200600012244,0,07,000,00,1,2,01,A01
200600012245,0,14,000,00,2,1,01,A01
200600012245,0,07,000,00,2,4,01,B01
200600012246,0,07,000,00,2,1,01,A01
200600012246,0,07,000,00,2,3,15,B01
200600012247,0,07,000,00,0,3,15,A01
200600012247,0,02,000,00,2,1,01,B01
200600012248,0,05,000,08,2,1,17,A01
200600012248,0,07,000,00,2,3,15,B01
200600012249,0,13,000,08,2,4,01,A01
200600012249,0,07,000,00,0,1,02,B01
200600012250,0,07,000,00,2,8,22,A01
200600012250,0,01,000,01,0,9,01,B01
200600012251,0,07,000,00,2,1,15,A01
200600012251,0,07,000,00,2,1,01,B01
200600012252,0,07,000,00,2,2,01,A01
200600012252,0,07,000,00,2,1,01,B01
200600012253,0,05,000,00,2,1,01,A01
200600012253,0,07,000,00,2,3,15,B01
200600012254,0,07,000,00,2,7,02,A01
200600012254,0,04,000,00,2,7,02,B01
200600012255,1,10,000,00,2,0,15,A01
200600012255,0,05,000,00,2,3,01,B01
200600012256,0,07,000,00,2,3,01,A01
200600012256,0,05,000,00,2,8,17,B01
200600012257,0,02,000,03,0,1,05,A01
200600012258,0,05,000,00,2,0,01,A01
200600012258,0,07,000,00,2,3,01,B01
200600012259,0,01,000,14,0,1,01,A01
200600012259,0,07,000,00,0,5,23,B01
200600012260,0,17,000,00,2,2,12,A01
200600012260,0,07,000,00,2,6,01,B01
200600012261,0,07,000,00,2,2,15,A01
200600012261,0,05,000,00,2,1,01,B01
200600012262,0,02,000,00,2,3,01,A01
200600012262,0,07,000,00,2,2,01,B01
200600012263,0,07,000,00,0,2,15,A01
200600012263,0,05,000,00,2,7,01,B01
200600012264,0,07,000,00,2,3,15,A01
200600012264,0,07,000,00,2,3,02,B01
200600012265,0,05,000,00,1,1,01,A01
200600012266,0,07,000,01,2,2,16,A01
200600012266,0,02,000,00,2,8,01,B01
200600012267,0,02,000,00,2,8,01,A01
200600012267,0,07,000,00,2,7,16,B01
200600012268,0,01,000,00,2,4,01,A01
200600012268,0,07,000,00,2,1,15,B01
200600012269,0,07,000,00,2,7,15,A01
200600012269,0,05,000,00,2,1,01,B01
200600012270,0,18,000,00,1,1,01,A01
200600012271,0,07,000,00,2,3,09,A01
200600012271,0,07,000,00,2,2,01,B01
200600012272,0,04,000,00,2,2,17,A01
200600012272,0,07,000,00,2,8,24,B01
200600012272,1,07,000,01,2,0,01,C01
200600012273,0,02,000,00,2,7,17,A01
200600012273,0,07,000,00,2,1,15,B01