Num_Acc,senc,catv,occutc,obs,obsm,choc,manv,num_veh
200600012662,0,02,000,00,0,8,01,A01
200600012663,0,05,000,14,0,0,01,A01
200600012664,0,02,000,01,0,1,14,A01
200600012665,0,02,000,00,2,2,01,A01
200600012665,0,07,000,00,2,2,15,B01
200600012666,0,07,000,00,1,7,01,A01
200600012667,0,07,000,00,1,2,17,A01
200600012668,0,07,000,01,0,4,24,C01
200600012668,0,07,000,00,0,0,24,A01
200600012668,0,07,000,00,0,3,16,B01
200600012669,0,07,000,00,2,8,13,A01
200600012669,0,07,000,00,2,0,07,B01
200600012670,0,03,000,11,0,1,13,A01
200600012671,0,05,000,01,0,9,14,A01
200600012672,0,07,000,00,1,6,02,A01
200600012672,0,04,000,00,2,1,02,B01
200600012673,0,07,000,00,2,4,01,A01
200600012673,0,15,000,00,2,8,01,B01
200600012674,0,07,000,00,1,1,01,A01
200600012675,0,10,000,00,2,1,02,A01
200600012675,0,07,000,00,0,4,15,B01
200600012676,0,07,000,00,2,1,01,A01
200600012676,0,07,000,00,2,4,02,B01
200600012677,0,07,000,02,0,1,00,A01
200600012678,0,07,000,00,1,2,01,A01
200600012679,0,07,000,00,2,0,01,B01
200600012679,0,02,000,00,2,1,01,A01
200600012680,0,02,000,00,2,1,01,B01
200600012680,0,07,000,00,2,2,15,A01
200600012681,0,07,000,02,2,2,01,A01
200600012681,0,07,000,00,2,3,01,B01
200600012682,0,07,000,00,1,3,01,A01
200600012683,0,07,000,00,2,2,15,A01
200600012683,0,05,000,00,2,1,01,B01
200600012684,0,07,000,00,2,1,02,A01
200600012684,0,07,000,00,2,8,21,C01
200600012684,0,07,000,00,2,4,02,B01
200600012684,0,07,000,00,2,8,01,D01
200600012685,0,07,000,00,2,2,01,A01
200600012685,0,05,000,00,2,4,01,B01
200600012686,0,02,000,00,2,1,07,A01
200600012686,0,07,000,00,2,7,16,B01
200600012687,0,07,000,00,1,8,01,A01
200600012688,0,07,000,00,1,1,01,A01
200600012689,0,07,000,00,1,1,01,A01
200600012690,0,07,000,00,2,2,01,B01
200600012690,0,07,000,00,2,1,15,A01
200600012691,0,07,000,00,2,7,21,A01
200600012691,0,02,000,00,2,1,01,B01
200600012692,0,07,000,06,0,1,01,A01
200600012693,0,07,000,00,1,3,23,B01
200600012693,0,07,000,01,0,3,21,A01
200600012694,0,07,000,13,0,1,14,A01
200600012695,0,07,000,00,1,1,01,A01
200600012696,0,17,000,04,2,1,13,A01
200600012696,0,07,000,00,2,8,01,B01
200600012697,0,17,000,03,0,3,13,A01
200600012698,0,07,000,00,2,3,15,A01
200600012698,0,07,000,00,2,1,21,B01
200600012699,0,07,000,15,0,1,14,A01
200600012700,0,07,000,00,1,4,04,A01
200600012701,0,07,000,00,1,1,01,A01
200600012702,0,05,000,00,2,1,01,A01
200600012702,0,07,000,00,2,0,01,B01
200600012703,0,15,000,00,2,2,01,B01
200600012703,0,07,000,00,2,2,13,A01
200600012704,0,07,000,03,0,3,01,A01
200600012705,0,07,000,00,1,4,04,A01
200600012706,0,07,000,00,2,0,00,B01
200600012706,0,07,000,00,2,0,00,A01
200600012707,0,07,000,00,2,1,01,B01
200600012707,0,07,000,00,2,2,15,A01
200600012708,0,07,000,00,2,1,15,A01
200600012708,0,07,000,00,0,1,01,B01
200600012709,0,07,000,00,2,8,22,A01
200600012709,0,01,000,01,0,1,01,B01
200600012710,0,07,000,00,2,1,01,A01
200600012710,0,07,000,00,2,4,23,B01
200600012711,0,18,001,00,1,8,15,A01
200600012712,0,04,000,00,0,7,01,A01
200600012712,1,07,000,00,0,0,00,B01
200600012713,0,07,000,02,0,3,01,A01
200600012714,0,07,000,00,1,5,01,A01
200600012715,0,07,000,00,2,1,01,A01
200600012715,0,07,000,00,2,2,01,B01
200600012716,1,07,000,00,0,0,00,A01
200600012717,1,07,000,00,0,0,00,A01
200600012718,1,07,000,00,2,1,01,A01
200600012718,0,07,000,00,2,4,01,B01
200600012719,0,07,000,00,1,1,15,A01
200600012720,0,07,000,00,2,1,15,A01
200600012720,0,07,000,00,2,3,01,B01
200600012721,0,07,000,00,1,1,01,A01
200600012722,0,07,000,00,1,2,15,A01
200600012723,0,07,000,00,1,1,01,A01
200600012724,0,07,000,00,2,2,15,A01
200600012724,0,07,000,00,2,3,01,B01
200600012725,0,07,000,00,2,1,01,A01
200600012725,0,07,000,00,2,4,23,B01
200600012726,1,04,000,00,1,0,00,A01
200600012727,0,07,000,00,1,1,01,A01
200600012728,0,07,000,01,2,7,01,B01
200600012728,0,07,000,00,2,1,01,A01
200600012729,0,07,000,00,1,1,15,A01
200600012730,0,07,000,00,2,1,01,A01
200600012730,0,07,000,01,2,3,01,B01
200600012731,0,07,000,00,2,1,01,A01
200600012731,0,07,000,00,2,4,01,B01
200600012732,0,03,000,00,2,1,13,A01
200600012732,0,01,000,00,2,1,01,B01
200600012733,0,05,000,00,2,3,01,A01
200600012733,0,18,000,00,1,8,01,B01
200600012734,0,14,000,00,2,2,01,A01
200600012734,0,07,000,00,2,8,23,B01
200600012735,0,07,000,00,2,1,01,A01
200600012735,0,10,000,00,2,8,01,B01
200600012736,0,07,000,00,2,1,01,A01
200600012736,0,07,000,00,2,6,15,B01
200600012737,0,07,000,00,2,3,15,A01
200600012737,0,04,000,00,2,8,01,B01
200600012738,0,07,000,00,1,2,01,A01
200600012739,0,07,000,00,1,4,04,A01
200600012740,0,14,000,00,2,2,01,B01
200600012740,0,07,000,00,2,3,15,A01
200600012741,0,07,000,00,2,1,01,A01
200600012741,0,07,000,00,2,8,01,B01
200600012742,0,10,000,00,2,3,15,A01
200600012742,0,07,000,00,2,3,01,B01
200600012743,0,07,000,00,0,4,23,B01
200600012743,0,07,000,00,2,1,01,A01
200600012744,0,05,000,00,2,1,01,A01
200600012744,0,07,000,00,2,2,15,B01
200600012745,0,07,000,16,6,0,14,A01
200600012746,0,07,000,00,2,1,02,A01
200600012746,0,07,000,00,0,5,23,B01
200600012747,0,02,000,00,1,1,01,A01
200600012748,0,07,000,00,2,1,16,A01
200600012748,0,18,002,00,0,8,01,B01
200600012749,0,07,000,00,2,1,21,A01
200600012749,0,07,000,00,0,3,01,B01
200600012749,0,07,000,00,0,0,15,C01
200600012750,0,07,000,00,2,1,19,A01
200600012750,0,02,000,00,2,8,01,B01
200600012751,0,05,000,00,2,1,21,A01
200600012751,0,07,000,00,2,1,01,B01
200600012751,0,05,000,00,0,0,01,C01
200600012752,0,07,000,06,0,8,00,A01
200600012753,0,07,000,00,2,3,13,A01
200600012753,0,07,000,00,2,3,01,B01
200600012754,0,07,000,00,2,8,01,A01
200600012754,0,07,000,00,2,1,01,B01
200600012755,0,10,000,00,2,1,15,A01
200600012755,0,10,000,00,2,8,01,B01
200600012756,0,07,000,00,1,1,01,A01
200600012757,0,01,000,00,0,4,01,B01
200600012757,0,07,000,00,2,1,01,A01
200600012758,0,07,000,00,2,1,01,A01
200600012758,0,07,000,00,2,4,23,B01
200600012759,0,07,000,00,2,1,01,B01
200600012759,0,07,000,00,2,8,01,A01
200600012760,0,07,000,00,2,1,01,B01
200600012760,0,07,000,00,2,3,01,A01
200600012761,0,07,000,00,2,2,15,A01
200600012761,0,07,000,00,2,1,01,B01
200600012762,0,07,000,00,1,1,01,A01
200600012763,0,07,000,00,2,8,24,A01
200600012763,0,01,000,01,0,1,01,B01
200600012764,0,05,000,00,0,2,01,A01
200600012765,0,07,000,00,2,1,01,B01
200600012765,0,02,000,00,2,7,01,A01
200600012766,0,02,000,00,2,1,17,A01
200600012766,0,07,000,00,2,8,15,B01
200600012767,0,03,000,00,2,1,01,A01
200600012767,0,07,000,00,2,3,01,C01
200600012767,0,02,000,00,2,8,01,B01
200600012768,0,07,000,00,2,1,01,B01
200600012768,0,07,000,00,2,1,01,A01
200600012769,0,02,000,00,0,0,01,A01
200600012770,0,07,000,14,0,2,01,A01
200600012771,0,07,000,00,2,1,01,A01
200600012771,0,07,000,00,0,4,23,B01
200600012771,0,07,000,00,2,4,23,C01
200600012772,0,07,000,00,2,2,15,A01
200600012772,0,02,000,00,2,1,01,B01
200600012773,0,07,000,00,1,1,01,A01
200600012774,0,01,000,00,0,2,01,A01
200600012775,0,01,000,01,0,1,01,A01
200600012775,0,18,000,00,2,6,24,B01
200600012776,0,07,000,00,2,1,01,A01
200600012776,0,07,000,00,2,1,00,B01
200600012777,0,02,000,00,0,2,01,A01
200600012778,0,07,000,00,2,1,13,A01
200600012778,0,07,000,00,2,1,01,B01
200600012779,0,07,000,00,2,4,23,B01
200600012779,0,07,000,00,2,4,23,C01
200600012779,0,07,000,14,0,1,01,A01
200600012780,0,07,000,00,1,1,01,A01
200600012781,0,07,000,00,1,3,01,A01
200600012782,1,02,000,00,2,0,00,A01
200600012783,0,07,000,00,2,2,01,A01
200600012783,0,05,000,00,2,1,01,B01
200600012784,0,01,000,00,2,4,15,A01
200600012784,0,07,000,00,2,1,21,B01
200600012785,0,07,000,00,2,8,22,A01
200600012785,0,01,000,01,0,7,01,B01
200600012785,0,07,000,00,2,2,21,C01
200600012786,0,07,000,00,1,1,01,A01
200600012787,0,07,000,00,2,4,02,A01
200600012787,0,07,000,00,2,4,02,B01
200600012788,0,04,000,00,0,8,01,A01
200600012789,0,07,000,00,2,1,15,A01
200600012789,0,07,000,00,2,1,01,B01
200600012790,0,05,000,03,0,7,13,A01
200600012791,0,02,000,01,0,1,13,A01
200600012792,0,07,000,00,2,3,13,A01
200600012792,0,07,000,00,2,2,13,B01
200600012793,0,02,000,00,2,3,02,A01
200600012793,1,07,000,00,2,1,15,B01
200600012794,0,02,000,00,1,1,01,A01
200600012795,0,07,000,02,0,1,19,A01
200600012796,0,07,000,00,2,2,01,A01
200600012796,0,07,000,00,2,3,01,B01
200600012797,0,07,000,00,1,1,00,A01
200600012798,0,07,000,00,1,2,01,A01
200600012799,0,07,000,00,1,3,15,A01
200600012800,0,02,000,00,2,8,02,A01
200600012800,0,07,000,00,2,2,20,B01
200600012801,0,07,000,00,1,2,01,A01
200600012802,0,04,000,00,2,1,17,A01
200600012802,0,07,000,00,2,8,15,B01
200600012803,0,05,000,00,2,1,01,A01
200600012803,0,07,000,00,2,8,01,B01
200600012804,0,07,000,00,2,1,02,A01
200600012804,0,07,000,00,2,4,02,B01
200600012804,0,07,000,00,2,4,02,C01
200600012805,0,07,000,00,1,2,01,A01
200600012806,0,04,000,00,2,1,15,A01
200600012806,0,07,000,00,2,3,01,B01
200600012807,1,07,000,00,2,1,00,A01
200600012807,0,05,000,00,0,0,00,B01
200600012808,0,07,000,00,1,2,15,A01
200600012808,0,07,000,00,2,1,01,B01
200600012808,0,07,000,00,2,3,01,C01
200600012809,0,07,000,00,2,0,16,A01
200600012809,0,01,000,00,2,0,01,B01
200600012810,1,07,000,00,2,1,02,A01
200600012810,0,07,000,00,2,4,02,B01
200600012811,0,07,000,00,1,5,16,A01
200600012812,0,05,000,03,2,9,17,A01
200600012812,0,07,000,00,0,6,00,B01
200600012813,0,07,000,00,2,2,17,A01
200600012813,0,07,000,00,2,3,01,B01
200600012814,0,07,000,00,2,1,15,A01
200600012814,0,07,000,00,2,1,01,B01
200600012815,0,07,000,00,2,2,15,B01
200600012815,0,07,000,00,2,3,01,A01
200600012816,0,01,000,00,9,1,01,A01
200600012816,0,02,000,00,9,1,21,B01
200600012817,0,07,000,00,2,1,09,A01
200600012817,0,07,000,00,2,3,01,C01
200600012817,0,07,000,00,2,6,15,B01
200600012818,0,02,000,00,2,1,01,B01
200600012818,0,07,000,00,0,3,01,A01
200600012819,0,02,000,00,2,1,01,A01
200600012819,0,07,000,00,2,4,01,B01
200600012820,0,02,000,00,2,1,01,A01
200600012820,0,07,000,00,2,4,01,B01
200600012821,0,07,000,00,2,1,01,A01
200600012821,0,07,000,00,2,3,01,B01
200600012822,0,07,000,00,2,4,02,B01
200600012822,0,07,000,00,2,1,02,A01
200600012823,0,02,000,00,0,0,01,A01
200600012824,0,01,000,00,2,1,01,A01
200600012824,0,07,000,00,2,5,01,B01
200600012825,0,07,000,00,1,1,01,A01
200600012826,1,99,000,00,1,0,00,A01
200600012827,0,07,000,00,1,3,01,A01
200600012828,0,07,000,00,2,1,15,A01
200600012828,0,07,000,00,2,3,01,B01
200600012829,0,02,000,12,0,1,01,A01
200600012830,0,07,000,11,0,6,01,A01
200600012831,0,07,000,00,2,1,01,B01
200600012831,0,02,000,00,2,3,01,A01
200600012832,0,07,000,00,1,2,01,A01
200600012833,0,07,000,00,2,1,01,A01
200600012833,0,10,000,00,2,8,01,B01
200600012834,0,04,000,00,2,7,13,A01
200600012834,0,07,000,00,2,1,15,B01
200600012835,0,07,000,01,0,1,13,A01
200600012836,2,07,000,00,2,1,02,A01
200600012836,0,07,000,00,0,4,02,B01
200600012837,0,07,000,00,2,2,10,A01
200600012837,0,05,000,00,2,1,01,B01
200600012838,0,07,000,15,0,1,06,A01
200600012839,0,07,000,08,0,3,13,A01
200600012840,0,07,000,00,5,9,01,A01
200600012841,0,07,000,00,1,1,01,A01
200600012842,0,02,000,00,2,1,01,A01
200600012842,0,07,000,00,0,6,01,B01
200600012843,0,07,000,06,0,1,01,A01
200600012844,0,05,000,00,2,1,01,A01
200600012844,0,07,000,00,1,1,01,B01
200600012844,0,07,000,00,2,4,01,C01
200600012844,0,07,000,00,0,0,01,D01
200600012845,0,07,000,00,1,3,01,A01
200600012846,0,07,000,00,1,1,01,A01
200600012847,0,07,000,00,1,5,01,A01
200600012848,0,07,000,00,2,3,15,A01
200600012848,0,07,000,00,2,1,01,B01
200600012849,0,99,000,00,2,1,16,A01
200600012849,0,07,000,00,2,3,01,B01
200600012850,1,07,000,01,2,3,13,A01
200600012850,0,07,000,00,2,5,23,E01
200600012851,0,07,000,00,1,3,01,A01
200600012852,0,07,000,00,2,1,01,A01
200600012852,0,07,000,00,2,2,23,B01
200600012852,0,07,000,00,2,5,01,C01
200600012853,0,07,000,00,2,3,01,B01
200600012853,0,01,000,00,2,1,01,A01
200600012854,0,05,000,00,2,1,01,B01
200600012854,0,07,000,00,2,3,15,A01
200600012855,0,02,000,00,2,1,18,B01
200600012855,0,07,000,01,2,5,16,A01
200600012856,0,02,000,01,0,1,01,A01
200600012857,0,07,000,06,0,1,01,A01
200600012858,0,01,000,00,2,1,01,A01
200600012858,0,07,000,00,9,1,01,B01
200600012859,0,07,000,00,1,1,16,A01
200600012860,0,07,000,08,2,1,02,B01
200600012860,0,01,000,00,2,1,15,A01
200600012861,0,07,000,06,0,1,01,A01
200600012862,0,07,000,09,0,1,01,A01
200600012863,0,07,000,00,1,1,01,B01
200600012864,0,01,000,00,2,1,13,A01
200600012864,0,05,000,00,2,1,01,B01
200600012865,0,02,000,00,2,1,01,A01
200600012865,0,07,000,00,2,3,01,B01
200600012866,0,05,000,00,0,1,01,A01
200600012866,0,07,000,00,2,1,01,B01
200600012867,0,01,000,01,0,1,01,A01
200600012867,0,12,000,00,2,4,23,B01
200600012868,0,07,000,00,1,4,20,A01
200600012869,0,07,000,00,2,1,02,A01
200600012870,0,10,000,00,2,1,01,A01
200600012870,0,07,000,00,2,1,23,B01
200600012870,0,07,000,00,0,4,23,C01
200600012871,0,07,000,00,2,5,15,A01
200600012871,0,02,000,00,2,1,01,B01
200600012872,0,01,000,00,2,1,01,A01
200600012872,0,07,000,00,2,3,01,B01
200600012873,0,05,000,00,1,1,17,B01
200600012874,0,07,000,01,0,1,01,A01
200600012875,0,07,000,00,2,1,12,A01
200600012875,0,07,000,00,2,1,01,B01
200600012876,0,01,000,00,2,1,19,A01
200600012876,0,07,000,00,2,2,01,B01
200600012877,0,07,000,00,2,1,01,A01
200600012877,0,07,000,00,2,4,01,B01
200600012878,0,07,000,00,2,1,01,B01
200600012878,0,01,000,00,2,1,15,A01
200600012879,0,07,000,00,2,1,01,A01
200600012879,0,07,000,00,2,4,23,B01
200600012879,0,07,000,00,2,4,23,C01
200600012880,0,07,000,00,2,3,15,A01
200600012880,0,02,000,00,2,1,01,B01
200600012881,0,07,000,00,1,2,01,B01
200600012882,0,07,000,00,2,1,01,A01
200600012882,0,07,000,00,2,4,23,B01
200600012882,0,07,000,00,2,4,23,C01
200600012883,0,02,000,00,2,1,01,B01
200600012883,0,07,000,00,2,2,15,A01
200600012884,0,05,000,09,2,1,01,A01
200600012884,0,07,000,00,2,6,01,C01
200600012885,1,07,000,00,1,1,01,A01
200600012886,0,10,000,00,1,6,20,A01
200600012887,0,02,000,00,2,1,01,A01
200600012887,0,07,000,00,2,3,01,B01
200600012888,0,02,000,00,2,1,17,A01
200600012888,0,07,000,00,2,3,09,B01
200600012889,0,07,000,00,1,1,15,A01
200600012890,0,07,000,00,2,1,01,A01
200600012890,0,02,000,00,2,3,01,B01
200600012891,0,04,000,00,2,1,17,A01
200600012891,0,07,000,00,2,3,15,B01
200600012892,1,02,000,00,2,0,16,A01
200600012892,0,04,000,00,2,0,01,B01
200600012893,0,07,000,00,1,1,01,A01
200600012894,0,07,000,00,1,3,01,A01
200600012895,0,07,000,00,2,6,11,A01
200600012895,0,14,000,00,2,2,17,C01
200600012895,0,14,000,00,2,6,09,B01
200600012896,0,07,000,00,2,1,15,A01
200600012896,0,07,000,00,2,1,01,B01
200600012897,0,07,000,00,1,1,01,A01
200600012898,0,07,000,00,1,1,01,A01
200600012899,0,02,000,03,0,1,14,A01
200600012900,0,07,000,00,1,1,01,A01
200600012901,0,07,000,00,2,2,15,A01
200600012901,0,07,000,00,2,1,01,B01
200600012902,0,07,000,00,2,1,01,A01
200600012902,0,05,000,00,2,1,10,B01
200600012903,0,07,000,00,2,1,01,B01
200600012903,0,07,000,00,2,1,05,A01
200600012904,0,07,000,00,1,2,01,A01
200600012905,0,03,000,00,0,1,01,A01
200600012906,0,07,000,00,2,1,15,A01
200600012906,0,07,000,00,2,0,01,B01
200600012907,0,07,000,00,1,0,01,A01
200600012908,0,07,000,00,1,1,15,A01
200600012909,0,05,000,00,2,9,01,A01
200600012909,0,07,000,00,2,8,15,B01
200600012910,0,07,000,00,2,7,01,A01
200600012910,0,07,000,00,2,1,01,B01
200600012911,0,07,000,00,2,1,01,A01
200600012911,0,07,000,00,2,4,15,B01
200600012912,0,07,000,00,2,1,02,A01
200600012912,0,07,000,00,2,4,01,B01
200600012913,0,07,000,00,9,0,15,A01
200600012913,0,01,000,00,2,1,01,B01
200600012914,0,07,000,00,2,4,01,A01
200600012914,0,07,000,00,2,1,02,B01
200600012915,0,07,000,00,1,1,01,A01
200600012916,0,07,000,00,1,1,01,A01
200600012917,0,07,000,00,1,1,01,A01
200600012918,0,07,000,00,1,1,15,A01
200600012919,0,05,000,00,2,1,17,A01
200600012919,0,07,000,00,2,8,15,B01
200600012920,0,07,000,00,2,8,01,A01
200600012920,0,01,000,00,2,1,01,B01
200600012921,0,07,000,00,2,8,15,A01
200600012921,0,05,000,00,2,1,01,B01
200600012922,0,07,000,00,2,2,01,A01
200600012922,0,01,000,00,2,1,19,B01
200600012923,0,07,000,00,1,0,01,A01
200600012924,1,07,000,00,2,1,13,A01
200600012924,0,07,000,00,2,1,01,B01
200600012925,0,07,000,00,9,1,13,A01
200600012925,0,01,000,00,2,1,01,B01
200600012926,0,07,000,00,1,0,01,A01
200600012927,0,07,000,00,1,1,01,A01
200600012928,0,07,000,00,1,1,01,A01
200600012929,0,05,000,00,0,7,01,A01
200600012929,0,07,000,00,0,0,01,B01
200600012930,0,07,000,00,1,7,01,A01
200600012931,0,07,000,00,2,3,01,A01
200600012931,0,10,000,00,2,1,01,B01
200600012932,0,07,000,00,1,1,01,A01
200600012933,0,02,000,00,2,1,01,A01
200600012933,0,10,000,00,2,3,15,B01
200600012934,1,07,000,00,1,1,01,A01
200600012935,0,04,000,00,2,1,13,A01
200600012935,0,18,003,00,2,3,01,B01
200600012936,0,07,000,00,9,2,17,A01
200600012936,0,01,000,00,2,0,02,B01
200600012937,1,05,000,00,1,1,01,A01
200600012938,0,03,000,08,0,2,01,A01
200600012939,0,07,000,00,9,7,15,A01
200600012939,0,02,000,00,2,1,01,B01
200600012940,0,07,000,00,2,1,05,A01
200600012940,0,05,000,00,2,1,01,B01
200600012941,0,07,000,00,1,1,01,A01
200600012942,0,05,000,01,0,2,01,A01
200600012943,0,07,000,00,1,2,02,A01
200600012944,0,07,000,00,2,3,09,A01
200600012944,0,05,000,00,2,2,21,B01
200600012945,0,07,000,01,2,1,01,A01
200600012945,0,07,000,00,2,3,01,F01
200600012946,0,02,000,00,2,1,01,A01
200600012946,0,07,000,00,2,1,01,B01
200600012947,0,07,000,00,2,1,01,B01
200600012947,0,07,000,02,2,1,01,A01
200600012948,0,07,000,00,0,1,01,A01
200600012949,0,07,000,00,2,1,01,A01
200600012949,0,07,000,00,2,4,01,B01
200600012950,0,02,000,00,2,1,01,A01
200600012950,0,07,000,00,2,0,01,B01
200600012951,1,07,000,00,2,1,01,A01
200600012951,0,01,000,00,2,4,01,B01
200600012952,0,07,000,00,1,1,01,A01
200600012953,0,99,000,00,2,1,14,A01
200600012953,0,10,000,00,2,1,01,B01
200600012954,0,07,000,00,1,2,01,A01
200600012955,0,04,000,00,1,1,01,A01
200600012956,0,04,000,00,0,1,16,A01
200600012957,0,07,000,00,1,1,01,A01
200600012958,0,02,000,00,2,4,21,B01
200600012958,0,07,000,00,2,3,15,A01
200600012959,0,07,000,00,1,7,00,A01
200600012960,0,05,000,00,2,1,00,B01
200600012960,0,07,000,00,2,2,15,A01
200600012961,0,07,000,00,2,3,01,B01
200600012961,0,02,000,00,2,1,01,A01
200600012962,0,17,000,00,1,2,20,A01
200600012963,0,07,000,00,2,1,02,A01
200600012963,0,07,000,00,2,3,15,B01
200600012964,0,07,000,00,2,1,01,A01
200600012964,0,07,000,00,2,4,01,B01
200600012964,0,07,000,00,0,4,23,C01
200600012965,0,07,000,00,2,8,15,A01
200600012965,0,05,000,15,2,1,17,B01
200600012966,0,02,000,13,0,1,00,A01
200600012967,0,02,000,00,2,2,15,A01
200600012967,0,07,000,00,2,1,01,B01
200600012968,1,07,000,00,0,0,01,A01
200600012968,0,02,000,00,0,7,02,B01
200600012969,0,07,000,00,1,2,02,A01
200600012970,0,07,000,00,2,2,01,A01
200600012970,0,07,000,00,2,1,01,B01
200600012971,0,02,000,14,0,0,01,A01
200600012972,0,07,000,00,1,3,02,A01
200600012973,0,07,000,03,2,3,17,A01
200600012973,0,07,000,00,2,2,01,B01
200600012973,0,07,000,12,0,2,21,C01
200600012974,0,07,000,00,2,2,01,A01
200600012974,0,99,000,00,2,7,01,B01
200600012975,0,07,000,08,0,1,01,A01
200600012976,0,07,000,00,2,1,01,A01
200600012976,0,07,000,00,2,1,01,B01
200600012977,0,05,000,01,0,0,14,A01
200600012978,0,07,000,00,2,1,01,A01
200600012978,0,07,000,00,2,4,23,B01
200600012979,0,07,000,00,2,1,13,A01
200600012979,0,07,000,08,2,1,01,B01
200600012980,0,07,000,00,1,3,01,A01
200600012980,0,07,000,00,2,6,01,B01
200600012981,0,07,000,06,0,1,01,A01
200600012982,0,07,000,00,2,7,17,A01
200600012982,0,07,000,06,2,1,01,B01
200600012983,0,07,000,00,9,5,15,A01
200600012983,0,05,000,00,2,1,00,B01
200600012984,0,07,000,00,2,1,01,A01
200600012984,0,99,000,00,2,7,19,B01
200600012985,0,05,000,01,0,7,14,A01
200600012985,1,07,000,00,0,0,15,B01
200600012986,0,07,000,06,0,2,15,A01
200600012986,1,07,000,00,2,1,05,B01
200600012986,0,07,000,00,2,8,23,C01
200600012987,0,02,000,06,0,1,16,A01
200600012988,0,01,000,00,2,1,01,B01
200600012988,0,07,000,00,9,1,15,A01
200600012989,0,07,000,00,2,1,01,A01
200600012989,0,02,000,00,2,1,01,B01
200600012990,0,02,000,00,2,1,01,A01
200600012990,0,07,000,00,2,3,15,B01
200600012991,0,07,000,00,2,8,09,A01
200600012991,0,02,000,00,2,1,01,B01
200600012992,0,07,000,00,1,2,01,A01
200600012993,0,02,000,00,2,8,19,A01
200600012993,0,05,000,00,2,1,01,B01
200600012994,0,07,000,00,2,2,17,A01
200600012994,0,01,000,00,2,8,02,B01
200600012995,0,17,000,00,2,1,01,B01
200600012995,0,02,000,00,2,8,19,A01
200600012996,0,07,000,00,2,3,09,A01
200600012996,0,05,000,00,2,0,21,B01
200600012997,2,07,000,00,2,1,01,A01
200600012997,0,07,000,06,2,9,01,B01
200600012998,0,07,000,00,2,3,15,A01
200600012998,0,02,000,00,0,1,15,B01
200600012999,0,02,000,01,0,1,14,A01
200600013000,0,07,000,00,1,1,01,A01
200600013001,0,07,000,00,2,2,01,A01
200600013001,0,07,000,00,2,1,01,B01
200600013002,0,07,000,00,9,3,17,A01
200600013002,0,99,000,00,2,8,16,B01
200600013003,0,07,000,00,1,1,01,A01
200600013004,0,07,000,00,2,2,13,A01
200600013004,0,07,000,00,2,1,01,B01
200600013005,0,07,000,00,1,3,01,A01
200600013006,0,07,000,00,2,1,02,A01
200600013006,0,07,000,00,2,1,02,B01
200600013006,0,07,000,00,2,4,02,C01
200600013007,0,07,000,00,2,1,15,A01
200600013007,0,07,000,00,2,3,01,B01
200600013008,0,02,000,00,2,3,01,B01
200600013009,0,07,000,00,2,1,15,A01
200600013009,0,05,000,00,2,1,01,B01
200600013010,0,07,000,13,0,0,15,A01
200600013011,0,07,000,00,2,1,01,B01
200600013011,0,03,000,00,2,7,00,A01
200600013012,0,02,000,00,2,0,01,A01
200600013012,1,07,000,00,2,0,19,B01
200600013013,1,07,000,08,2,1,05,A01
200600013013,0,04,000,00,2,1,01,B01
200600013014,0,07,000,00,2,1,01,B01
200600013014,0,07,000,00,2,3,00,A01
200600013015,0,07,000,00,2,1,15,A01
200600013015,0,07,000,00,2,2,01,B01
200600013016,0,07,000,06,0,1,01,A01
200600013017,0,10,000,00,2,8,01,A01
200600013017,0,07,000,00,2,1,01,B01
200600013018,0,04,000,00,0,0,01,A01
200600013019,0,07,000,00,2,3,01,A01
200600013019,0,07,000,00,2,1,01,B01
200600013020,0,07,000,00,2,7,16,A01
200600013020,0,02,000,00,2,1,01,B01
200600013021,0,10,000,00,2,8,10,A01
200600013021,0,05,000,00,2,1,01,B01
200600013022,0,07,000,00,1,1,01,A01
200600013023,0,07,000,00,2,3,01,A01
200600013023,0,07,000,00,2,2,01,B01
200600013024,0,07,000,00,2,7,01,A01
200600013024,0,07,000,00,2,1,01,B01
200600013025,0,07,000,00,2,1,01,A01
200600013025,0,05,000,00,2,4,23,B01
200600013026,0,07,000,00,2,8,19,A01
200600013026,0,02,000,00,2,1,01,B01
200600013027,0,07,000,00,1,1,01,A01
200600013028,0,15,000,00,1,0,01,A01
200600013029,0,07,000,00,2,3,01,A01
200600013029,0,07,000,00,2,1,01,B01
200600013030,0,07,000,00,2,8,11,A01
200600013030,0,18,020,00,2,2,01,B01
200600013031,0,07,000,00,2,8,15,A01
200600013031,0,10,000,00,2,1,17,B01
200600013032,0,07,000,00,2,3,15,A01
200600013032,0,05,000,01,2,2,01,B01
200600013033,0,07,000,00,2,1,01,A01
200600013033,0,07,000,00,2,1,01,B01
200600013034,0,02,000,00,2,1,01,A01
200600013034,0,07,000,00,2,1,01,B01
200600013035,0,07,000,00,2,1,01,A01
200600013035,0,07,000,00,2,4,01,B01
200600013036,0,05,000,00,2,1,09,A01
200600013036,0,01,000,00,2,4,01,B01
200600013037,0,01,000,00,1,1,01,A01
200600013038,0,07,000,01,2,2,17,A01
200600013038,0,07,000,00,2,1,01,B01
200600013039,0,07,000,00,2,2,01,A01
200600013039,0,07,000,00,2,1,01,B01
200600013040,0,02,000,00,2,1,16,A01
200600013040,0,07,000,00,2,1,00,B01
200600013041,0,05,000,00,2,1,01,B01