Num_Acc,senc,catv,occutc,obs,obsm,choc,manv,num_veh
200600013041,0,07,000,00,2,5,01,A01
200600013042,0,07,000,00,2,4,15,A01
200600013042,0,05,000,00,2,1,01,B01
200600013043,0,07,000,00,2,1,13,A01
200600013043,0,07,000,00,2,3,15,B01
200600013044,0,07,000,01,0,2,14,A01
200600013045,0,07,000,00,1,4,04,A01
200600013046,0,05,000,00,2,1,01,A01
200600013046,0,04,000,00,2,1,01,B01
200600013047,0,15,000,00,2,1,01,A01
200600013047,0,07,000,00,2,4,01,B01
200600013048,0,07,000,00,0,4,01,B01
200600013048,0,07,000,00,2,1,01,A01
200600013049,0,07,000,00,2,1,17,A01
200600013049,0,21,000,00,0,4,15,B01
200600013050,0,07,000,08,0,2,14,A01
200600013051,0,07,000,00,0,4,01,B01
200600013051,0,07,000,00,2,1,02,A01
200600013052,0,07,000,00,2,2,01,A01
200600013052,0,07,000,00,2,1,15,B01
200600013053,0,07,000,00,2,1,15,A01
200600013053,0,05,000,00,2,1,01,B01
200600013054,0,07,000,00,2,2,02,A01
200600013054,0,07,000,00,2,4,23,B01
200600013054,0,07,000,00,2,5,23,C01
200600013055,0,07,000,00,2,6,19,A01
200600013055,0,04,000,00,2,1,01,B01
200600013056,0,07,000,00,2,1,01,A01
200600013056,0,05,000,00,2,4,23,B01
200600013056,0,07,000,00,2,4,23,C01
200600013056,0,07,000,00,2,4,23,D01
200600013057,0,02,000,14,0,1,01,A01
200600013058,0,07,000,00,2,3,10,A01
200600013058,0,05,000,00,2,1,01,B01
200600013059,0,07,000,00,2,3,15,A01
200600013059,0,05,000,00,2,1,01,B01
200600013060,0,07,000,00,2,1,15,A01
200600013060,0,07,000,01,2,1,01,B01
200600013061,0,02,000,00,2,1,01,A01
200600013061,0,07,000,00,2,4,01,B01
200600013062,0,07,000,00,2,1,15,A01
200600013062,0,05,000,00,2,1,01,B01
200600013063,0,07,000,00,1,6,04,A01
200600013064,0,07,000,00,2,3,15,A01
200600013064,0,02,000,00,2,1,01,B01
200600013065,0,05,000,00,2,1,01,B01
200600013065,0,07,000,00,2,1,01,A01
200600013066,0,07,000,00,1,2,16,A01
200600013067,0,02,000,00,0,1,01,A01
200600013068,0,07,000,00,1,2,01,A01
200600013069,0,07,000,00,2,3,15,A01
200600013069,0,07,000,00,2,1,01,B01
200600013070,0,07,000,00,1,1,01,A01
200600013071,0,07,000,00,2,4,02,B01
200600013072,0,07,000,00,2,1,05,A01
200600013072,0,07,000,00,2,1,05,B01
200600013073,0,07,000,00,1,4,20,A01
200600013074,0,02,000,01,0,1,05,A01
200600013075,0,09,000,00,2,1,01,A01
200600013075,0,07,000,00,2,8,01,B01
200600013076,0,02,000,00,1,1,01,A01
200600013077,0,07,000,00,9,3,15,A01
200600013077,0,02,000,00,2,1,01,B01
200600013078,0,07,000,00,2,3,15,A01
200600013078,0,02,000,00,2,1,01,B01
200600013079,0,07,000,00,1,2,01,A01
200600013080,0,02,000,00,2,1,02,A01
200600013080,0,07,000,00,2,4,02,B01
200600013081,0,07,000,01,2,1,13,A01
200600013081,0,07,000,00,2,6,01,B01
200600013082,1,07,000,00,1,0,01,A01
200600013083,0,07,000,00,1,1,01,A01
200600013084,0,07,000,00,1,3,01,A01
200600013085,0,01,000,00,2,1,15,A01
200600013085,0,07,000,00,2,1,01,B01
200600013086,0,02,000,00,2,1,01,B01
200600013086,0,07,000,00,2,1,15,A01
200600013087,0,07,000,01,2,8,01,C01
200600013087,0,07,000,00,2,3,20,B01
200600013087,0,05,000,00,2,1,02,A01
200600013088,0,07,000,00,2,6,23,B01
200600013088,0,07,000,00,2,1,02,A01
200600013089,0,07,000,00,1,1,01,A01
200600013090,0,05,000,01,2,1,01,B01
200600013090,0,07,000,00,2,3,15,A01
200600013091,0,07,000,00,1,1,01,A01
200600013092,0,15,000,00,2,1,02,A01
200600013092,0,07,000,00,2,4,02,C01
200600013092,0,07,000,00,2,4,02,B01
200600013092,0,07,000,00,2,4,02,D01
200600013093,0,02,000,00,2,1,01,B01
200600013093,0,07,000,00,2,8,15,A01
200600013094,0,01,000,16,0,0,21,A01
200600013094,0,13,000,00,0,0,15,B01
200600013095,0,07,000,00,2,3,15,A01
200600013095,0,05,000,00,2,1,17,B01
200600013096,0,07,000,00,2,1,15,A01
200600013096,0,01,000,00,2,1,01,B01
200600013097,0,10,000,00,2,7,01,A01
200600013097,0,02,000,00,2,8,03,B01
200600013098,0,07,000,00,2,2,15,A01
200600013098,0,02,000,00,2,1,01,B01
200600013099,0,04,000,01,0,1,02,A01
200600013099,0,20,000,00,2,4,24,B01
200600013100,0,07,000,00,1,2,01,A01
200600013101,0,07,000,00,2,0,02,A01
200600013101,0,02,000,00,2,8,02,B01
200600013102,0,07,000,00,1,1,01,A01
200600013103,0,01,000,00,2,0,05,A01
200600013103,0,07,000,00,9,0,01,B01
200600013104,0,07,000,08,2,3,13,A01
200600013104,0,07,000,00,2,3,01,B01
200600013105,0,02,000,00,5,1,01,A01
200600013106,0,05,000,00,0,3,01,A01
200600013107,0,02,000,00,2,4,01,A01
200600013107,0,02,000,00,2,1,01,B01
200600013108,0,07,000,00,2,1,01,B01
200600013108,0,07,000,00,2,3,15,A01
200600013109,0,07,000,00,2,1,02,A01
200600013109,0,07,000,00,0,4,02,B01
200600013110,0,07,000,00,2,2,15,A01
200600013110,0,02,000,00,2,1,01,B01
200600013111,0,07,000,02,0,1,14,A01
200600013112,0,02,000,00,2,7,17,A01
200600013112,0,07,000,00,2,3,15,B01
200600013113,0,01,000,00,0,1,01,B01
200600013113,0,07,000,00,9,3,01,A01
200600013114,0,10,000,00,2,1,15,A01
200600013114,0,02,000,00,2,1,01,B01
200600013115,0,02,000,00,2,1,17,A01
200600013115,0,07,000,00,2,3,15,B01
200600013116,0,02,000,00,2,2,01,B01
200600013116,0,07,000,00,2,3,15,A01
200600013117,0,07,000,00,1,2,01,A01
200600013118,0,07,000,00,2,1,15,A01
200600013118,0,07,000,00,2,3,01,B01
200600013119,0,07,000,00,2,1,02,A01
200600013119,0,07,000,00,2,4,02,B01
200600013119,0,07,000,00,2,4,02,C01
200600013120,0,07,000,00,1,1,01,A01
200600013121,0,07,000,00,2,1,01,A01
200600013121,0,07,000,00,2,4,01,B01
200600013122,0,05,000,01,2,1,14,A01
200600013123,0,07,000,00,2,1,02,A01
200600013123,0,07,000,00,0,4,02,B01
200600013124,2,07,000,00,2,3,01,A01
200600013124,0,02,000,00,2,1,01,B01
200600013125,0,02,000,00,2,1,01,A01
200600013125,0,07,000,00,0,4,01,B01
200600013126,0,07,000,06,0,1,13,A01
200600013127,0,07,000,00,2,2,15,A01
200600013127,0,07,000,00,2,1,01,B01
200600013128,2,07,000,00,2,2,17,A01
200600013128,0,07,000,00,2,3,15,B01
200600013129,0,07,000,00,2,4,01,B01
200600013129,0,07,000,00,2,1,01,A01
200600013129,0,07,000,00,2,4,01,C01
200600013129,0,07,000,00,2,4,01,D01
200600013130,0,07,000,00,2,3,15,A01
200600013130,0,05,000,00,2,1,01,B01
200600013131,0,07,000,00,1,2,01,A01
200600013132,0,02,000,00,2,1,15,B01
200600013132,1,07,000,00,2,1,15,A01
200600013133,0,07,000,00,1,7,01,A01
200600013134,0,07,000,00,2,3,15,B01
200600013134,0,05,000,00,2,1,17,A01
200600013135,0,07,000,00,2,1,16,A01
200600013135,0,99,000,00,2,1,01,B01
200600013136,0,07,000,00,1,1,01,A01
200600013137,0,07,000,00,2,1,01,A01
200600013137,0,07,000,00,2,4,16,B01
200600013138,0,07,000,01,1,1,01,A01
200600013138,0,07,000,00,0,4,23,B01
200600013139,0,05,000,15,2,1,01,A01
200600013140,0,07,000,00,2,3,15,A01
200600013140,0,04,000,00,2,1,00,B01
200600013141,0,07,000,00,2,3,05,A01
200600013141,0,02,000,00,2,1,16,B01
200600013142,0,07,000,00,2,1,02,A01
200600013142,0,07,000,00,2,4,02,B01
200600013142,0,07,000,00,2,4,02,C01
200600013143,0,07,000,00,2,1,01,A01
200600013143,0,07,000,00,2,6,01,B01
200600013144,0,19,000,00,2,2,01,B01
200600013144,0,07,000,00,4,3,01,A01
200600013145,0,07,000,05,9,1,13,A01
200600013146,0,07,000,00,2,2,19,A01
200600013146,0,05,000,00,2,1,01,B01
200600013147,0,99,000,00,2,1,01,A01
200600013147,0,07,000,00,2,4,01,B01
200600013148,0,07,000,00,2,1,01,A01
200600013148,0,07,000,00,2,7,15,B01
200600013149,0,07,000,00,2,1,01,B01
200600013149,0,07,000,00,2,7,19,A01
200600013150,0,07,000,00,2,1,02,A01
200600013150,0,07,000,00,2,4,02,B01
200600013150,0,07,000,00,2,4,02,C01
200600013151,0,07,000,06,0,8,01,A01
200600013152,0,07,000,00,1,2,01,A01
200600013153,0,07,000,00,2,5,15,A01
200600013153,0,02,000,00,2,1,01,B01
200600013154,0,07,000,00,2,8,15,A01
200600013154,0,07,000,00,2,5,01,B01
200600013155,0,07,000,02,0,1,14,A01
200600013156,0,07,000,00,2,1,16,A01
200600013156,0,07,000,00,2,1,01,B01
200600013157,0,07,000,00,1,1,01,A01
200600013158,0,07,000,00,2,1,01,B01
200600013158,0,07,000,00,2,5,01,A01
200600013159,0,07,000,00,2,1,16,A01
200600013159,0,01,000,00,2,1,19,B01
200600013160,0,07,000,00,2,3,01,A01
200600013160,0,10,000,00,2,6,15,B01
200600013161,0,07,000,00,2,3,15,A01
200600013161,0,02,000,00,2,1,01,B01
200600013162,1,07,000,00,1,0,01,A01
200600013163,0,07,000,00,2,3,20,A01
200600013163,0,05,000,00,2,7,01,B01
200600013164,0,07,000,00,2,2,15,A01
200600013164,0,01,000,00,2,3,19,B01
200600013165,0,07,000,00,2,3,10,A01
200600013165,0,02,000,00,2,1,01,B01
200600013166,0,02,000,00,2,1,01,A01
200600013166,0,10,000,00,2,3,15,B01
200600013167,0,07,000,00,1,1,15,A01
200600013168,0,07,000,00,1,3,01,A01
200600013169,1,07,000,00,2,1,01,A01
200600013169,0,07,000,00,2,4,23,B01
200600013170,0,07,000,00,2,2,01,A01
200600013170,0,01,000,00,2,1,19,B01
200600013171,0,07,000,14,0,4,04,A01
200600013172,0,07,000,00,1,2,01,A01
200600013173,0,07,000,00,2,1,01,B01
200600013173,2,07,000,00,2,3,01,A01
200600013174,0,07,000,00,2,2,01,B01
200600013174,0,01,000,00,2,1,19,A01
200600013175,0,01,000,00,1,1,01,A01
200600013176,0,07,000,00,2,8,13,B01
200600013176,0,07,000,00,2,1,01,C01
200600013176,1,07,000,00,0,0,16,A01
200600013177,2,07,000,00,2,1,18,A01
200600013177,0,10,000,00,2,2,16,B01
200600013178,0,07,000,00,2,3,15,A01
200600013178,0,07,000,00,2,1,01,B01
200600013179,0,07,000,00,2,3,15,B01
200600013179,0,01,000,00,2,1,19,A01
200600013180,0,19,000,00,2,1,01,B01
200600013180,0,07,000,00,4,3,15,A01
200600013181,0,07,000,00,2,2,19,A01
200600013181,0,07,000,00,2,1,01,B01
200600013182,0,07,000,00,1,2,01,A01
200600013183,0,07,000,00,2,3,01,B01
200600013183,0,07,000,00,2,1,01,A01
200600013184,0,07,000,00,0,3,15,A01
200600013184,0,02,000,00,2,1,17,B01
200600013185,0,07,000,00,0,8,24,A01
200600013185,0,01,000,01,0,1,17,B01
200600013186,0,07,000,00,1,1,01,A01
200600013187,0,07,000,00,1,3,01,A01
200600013188,0,07,000,00,2,1,19,B01
200600013188,0,07,000,00,2,3,15,A01
200600013189,0,07,000,00,0,3,00,A01
200600013189,0,07,000,00,2,8,09,B01
200600013190,0,18,000,00,1,2,01,A01
200600013191,0,07,000,00,2,7,15,A01
200600013191,0,05,000,00,2,1,01,B01
200600013192,0,04,000,00,2,6,09,B01
200600013192,0,07,000,00,0,6,01,A01
200600013193,0,07,000,10,0,1,01,A01
200600013194,0,07,000,00,2,2,15,A01
200600013194,0,07,000,00,2,1,01,B01
200600013195,0,02,000,00,2,1,01,A01
200600013195,0,07,000,00,2,1,01,B01
200600013196,0,07,000,00,2,1,06,A01
200600013196,0,07,000,00,2,1,01,B01
200600013197,0,14,000,00,2,1,02,A01
200600013197,0,07,000,00,0,4,16,B01
200600013198,0,07,000,00,2,3,01,B01
200600013198,0,07,000,00,2,1,16,A01
200600013199,0,07,000,14,0,2,01,A01
200600013200,0,18,000,00,1,0,16,A01
200600013201,0,07,000,00,2,1,15,A01
200600013201,0,07,000,00,2,8,01,B01
200600013202,0,07,000,00,2,1,01,A01
200600013202,0,07,000,00,2,4,23,B01
200600013203,0,07,000,08,0,1,01,A01
200600013204,0,07,000,00,1,1,01,A01
200600013205,0,18,010,00,2,7,01,B01
200600013205,0,10,000,00,2,3,15,A01
200600013206,0,07,000,00,2,8,01,B01
200600013206,2,07,000,00,2,1,19,A01
200600013207,0,07,000,00,2,1,01,A01
200600013207,0,07,000,00,2,1,01,B01
200600013208,0,07,000,06,0,1,01,A01
200600013209,0,07,000,00,9,3,01,B01
200600013209,0,01,000,00,2,1,01,A01
200600013210,0,05,000,00,2,1,01,B01
200600013210,0,07,000,00,2,3,16,A01
200600013211,0,07,000,00,2,1,15,A01
200600013211,0,05,000,00,2,7,17,B01
200600013212,0,10,000,00,2,3,11,A01
200600013212,0,05,000,00,2,8,01,B01
200600013213,0,07,000,00,2,2,01,B01
200600013213,0,07,000,00,2,1,01,A01
200600013214,0,14,000,00,1,6,16,A01
200600013215,0,01,000,00,5,1,01,A01
200600013216,0,07,000,00,1,1,01,A01
200600013217,0,07,000,00,1,1,01,A01
200600013218,0,05,000,00,2,9,01,A01
200600013218,0,07,000,00,2,8,15,B01
200600013219,0,07,000,00,2,1,02,A01
200600013219,0,07,000,00,2,4,23,B01
200600013219,0,07,000,00,2,4,23,C01
200600013220,0,07,000,00,1,2,01,A01
200600013221,0,07,000,00,2,3,00,A01
200600013221,0,01,000,00,2,1,00,B01
200600013222,2,07,000,00,2,8,22,A01
200600013222,0,01,000,00,2,8,01,B01
200600013223,0,07,000,00,1,3,01,A01
200600013224,0,07,000,00,2,1,15,A01
200600013224,0,04,000,00,2,1,01,B01
200600013225,0,07,000,00,2,1,05,A01
200600013225,0,07,000,00,2,1,01,B01
200600013226,0,18,000,00,2,3,01,B01
200600013226,1,07,000,00,2,0,00,A01
200600013227,0,07,000,00,2,1,02,A01
200600013227,0,07,000,00,2,4,01,B01
200600013227,0,07,000,00,2,1,23,C01
200600013227,0,07,000,00,0,1,23,D01
200600013228,0,07,000,00,2,2,15,A01
200600013228,0,07,000,00,2,3,01,B01
200600013229,0,07,000,11,0,9,01,A01
200600013230,0,07,000,00,2,1,01,B01
200600013230,0,07,000,15,2,2,01,A01
200600013231,0,07,000,00,2,3,00,A01
200600013231,0,07,000,00,2,3,00,B01
200600013232,0,07,000,15,0,9,01,A01
200600013233,0,07,000,00,1,5,04,A01
200600013234,0,07,000,02,2,2,17,A01
200600013234,0,07,000,00,2,8,15,B01
200600013235,0,07,000,00,2,1,01,A01
200600013235,0,02,000,00,2,8,01,B01
200600013236,0,01,000,00,2,4,01,B01
200600013236,0,07,000,00,2,1,01,A01
200600013237,0,07,000,00,1,1,01,A01
200600013238,0,07,000,00,0,0,01,A01
200600013239,0,07,000,00,0,9,01,A01
200600013240,0,07,000,05,0,1,01,A01
200600013241,0,02,000,00,2,1,01,B01
200600013241,1,07,000,00,2,0,01,A01
200600013242,0,05,000,12,0,0,01,A01
200600013243,0,07,000,00,2,3,01,B01
200600013243,0,02,000,00,2,1,01,A01
200600013244,0,02,000,00,2,1,01,A01
200600013244,0,07,000,00,2,8,01,B01
200600013245,0,01,000,00,2,1,15,B01
200600013245,1,07,000,00,9,2,01,A01
200600013246,0,07,000,00,2,8,23,A01
200600013246,0,05,000,00,2,3,01,B01
200600013247,0,01,000,01,2,4,01,B01
200600013247,0,07,000,00,2,1,01,A01
200600013248,0,02,000,00,1,1,01,A01
200600013249,0,07,000,08,0,1,01,A01
200600013250,0,05,000,16,0,7,01,A01
200600013251,0,07,000,00,1,1,15,A01
200600013252,0,07,000,00,2,3,15,A01
200600013252,0,02,000,00,0,4,01,B01
200600013253,0,07,000,00,2,7,01,A01
200600013253,0,02,000,00,0,1,01,B01
200600013254,0,02,000,12,0,1,01,A01
200600013255,0,07,000,06,0,1,01,A01
200600013256,1,07,000,00,1,1,01,A01
200600013257,0,07,000,00,2,1,01,A01
200600013257,0,07,000,00,0,8,01,B01
200600013258,0,07,000,00,2,1,15,A01
200600013258,0,05,000,00,0,7,01,B01
200600013259,0,07,000,08,0,8,01,A01
200600013260,0,07,000,00,2,3,01,A01
200600013260,0,04,000,00,0,3,01,B01
200600013261,0,07,000,00,2,1,15,A01
200600013261,0,05,000,00,0,1,01,B01
200600013262,0,01,000,00,0,1,01,B01
200600013262,0,07,000,00,2,3,01,A01
200600013263,0,05,000,16,0,1,01,A01
200600013264,0,07,000,00,2,6,15,A01
200600013264,0,07,000,00,2,3,01,B01
200600013265,0,05,000,00,1,1,01,A01
200600013266,0,02,000,00,2,1,01,A01
200600013266,0,07,000,00,0,8,01,B01
200600013267,0,18,000,00,1,7,01,A01
200600013268,0,02,000,00,2,7,01,A01
200600013268,0,07,000,00,0,5,01,B01
200600013269,0,07,000,00,2,1,10,A01
200600013269,0,05,000,00,0,1,01,B01
200600013270,0,07,000,00,1,1,01,A01
200600013271,0,02,000,16,0,7,01,A01
200600013272,0,07,000,00,2,1,16,A01
200600013272,0,01,000,00,0,1,01,B01
200600013273,0,02,000,16,0,3,01,A01
200600013274,0,07,000,00,1,1,15,A01
200600013275,0,07,000,00,2,1,01,A01
200600013275,0,07,000,00,2,1,01,B01
200600013275,0,07,000,00,0,4,15,C01
200600013276,0,02,000,16,0,7,16,A01
200600013277,0,07,000,00,1,1,01,A01
200600013278,0,07,000,00,0,3,01,B01
200600013278,0,07,000,00,2,1,01,A01
200600013279,0,07,000,04,2,6,10,A01
200600013279,0,07,000,00,2,1,01,B01
200600013280,0,07,000,02,0,0,01,B01
200600013281,0,07,000,00,2,1,02,A01
200600013281,0,07,000,06,2,4,02,B01
200600013282,0,07,000,00,1,1,11,A01
200600013283,0,07,000,00,2,8,11,A01
200600013283,0,07,000,03,2,5,01,B01
200600013283,0,07,000,00,2,3,01,C01
200600013284,0,02,000,00,0,1,01,B01
200600013284,0,07,000,00,2,3,15,A01
200600013285,0,07,000,00,2,1,01,A01
200600013285,0,07,000,00,0,4,23,B01
200600013286,0,07,000,08,0,1,01,A01
200600013287,0,07,000,08,0,9,01,A01
200600013288,0,07,000,00,0,0,01,A01
200600013289,0,07,000,00,0,8,15,A01
200600013289,0,05,000,00,2,0,01,B01
200600013290,0,07,000,00,1,3,02,A01
200600013291,0,05,000,00,2,1,00,A01
200600013291,0,07,000,00,2,3,01,B01
200600013292,0,07,000,00,1,2,01,A01
200600013293,0,02,000,00,2,1,13,A01
200600013293,0,02,000,00,2,1,01,B01
200600013294,0,07,000,12,0,5,14,A01
200600013295,0,02,000,12,0,1,01,A01
200600013296,0,10,000,00,2,1,01,B01
200600013296,0,07,000,15,2,2,01,A01
200600013297,0,07,000,00,1,1,01,A01
200600013298,0,04,000,00,1,1,17,A01
200600013299,0,07,000,00,1,1,01,A01
200600013300,0,10,000,00,2,1,01,B01
200600013300,0,07,000,00,2,8,01,A01
200600013301,0,07,000,00,2,2,01,A01
200600013301,0,04,000,00,2,6,01,B01
200600013302,0,02,000,12,0,5,01,A01
200600013303,0,01,000,00,2,3,19,A01
200600013303,0,07,000,00,2,1,01,B01
200600013304,0,05,000,00,2,2,07,A01
200600013304,0,07,000,00,2,3,15,B01
200600013305,0,05,000,06,0,2,01,A01
200600013306,0,05,000,01,1,1,01,A01
200600013307,0,07,000,00,2,2,01,A01
200600013307,0,07,000,04,2,3,01,B01
200600013307,0,07,000,00,4,1,01,C01
200600013308,0,07,000,00,2,6,10,A01
200600013308,0,05,000,00,2,1,01,B01
200600013309,0,07,000,00,2,2,15,A01
200600013309,0,04,000,00,2,1,01,B01
200600013310,0,05,000,00,1,3,01,A01
200600013311,0,07,000,15,0,1,01,A01
200600013312,0,05,000,01,1,1,01,A01
200600013313,0,07,000,00,2,1,05,A01
200600013313,0,05,000,00,2,1,01,B01
200600013314,0,07,000,00,1,1,15,A01
200600013315,0,04,000,00,2,3,07,A01
200600013315,0,07,000,00,2,2,16,B01
200600013316,0,07,000,00,2,6,11,A01
200600013316,0,07,000,00,2,2,01,B01
200600013317,0,10,000,00,2,1,02,A01
200600013317,0,10,000,00,2,4,23,B01
200600013317,0,07,000,00,2,4,23,C01
200600013318,0,07,000,04,0,3,13,A01
200600013319,0,07,000,00,2,2,12,A01
200600013319,0,04,000,00,2,6,01,B01
200600013320,0,02,000,00,2,3,18,A01
200600013320,0,10,000,00,2,7,16,B01
200600013321,0,02,000,00,2,3,18,A01
200600013321,0,07,000,00,2,2,16,B01
200600013322,0,04,000,00,2,1,01,B01
200600013322,0,07,000,00,2,6,01,A01
200600013323,0,07,000,00,1,7,01,A01
200600013324,0,14,000,00,2,8,22,A01
200600013324,0,01,000,00,2,1,17,B01
200600013325,0,05,000,00,2,3,07,C01
200600013325,0,07,000,00,2,2,15,A01
200600013325,0,07,000,00,2,1,01,B01
200600013326,0,07,000,00,2,2,01,A01
200600013326,0,04,000,00,2,1,01,B01
200600013327,0,02,000,00,0,0,01,A01
200600013328,0,05,000,00,2,1,01,A01
200600013328,0,07,000,00,2,7,01,B01
200600013328,0,07,000,00,2,6,01,C01
200600013329,0,02,000,00,0,0,01,A01
200600013330,0,04,000,00,0,0,05,A01
200600013331,0,05,000,00,2,3,18,A01
200600013331,0,10,000,00,2,5,16,B01
200600013332,0,10,000,00,2,8,15,A01
200600013332,0,02,000,00,2,2,17,B01
200600013333,0,10,000,00,2,8,15,A01
200600013333,0,05,000,01,2,1,01,B01
200600013333,0,05,000,01,2,1,01,C01
200600013334,0,17,000,00,1,1,01,A01
200600013335,0,05,000,00,2,2,15,A01
200600013335,0,18,000,00,2,3,15,B01
200600013335,0,10,000,00,2,3,18,C01
200600013336,0,07,000,00,1,1,01,A01
200600013337,0,05,000,00,0,0,21,A01
200600013338,0,05,000,00,2,4,02,A01
200600013338,0,10,000,00,2,1,02,B01
200600013338,0,07,000,00,2,1,02,C01
200600013339,0,07,000,00,1,1,16,A01
200600013340,0,07,000,00,1,2,01,A01
200600013341,0,01,000,00,2,3,19,A01
200600013341,0,07,000,00,2,1,01,B01
200600013342,0,05,000,00,1,1,01,A01
200600013343,0,02,000,00,2,3,07,A01
200600013343,0,07,000,00,2,2,16,B01
200600013344,0,07,000,00,2,3,13,A01
200600013344,0,04,000,00,2,2,17,B01
200600013345,0,05,000,00,1,1,21,A01
200600013346,0,07,000,00,2,1,02,A01
200600013346,0,07,000,00,2,4,02,B01
200600013347,0,01,000,00,2,2,19,A01
200600013347,0,05,000,00,2,1,01,B01
200600013348,0,07,000,00,2,2,15,B01
200600013348,0,05,000,00,2,1,01,A01
200600013349,0,07,000,00,2,3,01,A01
200600013349,0,02,000,00,2,1,01,B01
200600013350,0,01,000,00,2,2,15,A01
200600013350,0,07,000,00,2,1,16,B01
200600013351,0,02,000,00,1,1,01,A01
200600013352,0,10,000,00,1,4,04,A01
200600013353,0,02,000,00,2,1,01,A01
200600013353,0,10,000,00,2,4,01,B01
200600013354,0,18,000,00,1,5,08,A01
200600013355,0,07,000,00,2,5,01,A01
200600013355,0,02,000,00,2,1,01,B01
200600013356,0,02,000,00,1,1,01,A01
200600013357,0,07,000,00,1,1,15,A01
200600013358,0,04,000,00,0,0,16,A01
200600013359,0,02,000,00,0,0,01,A01
200600013360,0,07,000,00,2,7,01,A01
200600013360,0,04,000,00,2,1,01,B01
200600013361,0,01,000,00,1,1,01,A01
200600013362,0,07,000,00,1,1,16,A01
200600013363,0,04,000,00,2,3,07,A01
200600013363,0,07,000,00,2,2,16,B01
200600013364,0,05,000,00,2,1,01,A01
200600013364,0,07,000,00,2,4,23,B01
200600013365,0,04,000,12,0,1,01,A01
200600013366,0,07,000,03,0,2,01,A01
200600013367,0,10,000,00,1,1,01,A01
200600013368,0,07,000,00,2,8,15,A01
200600013368,0,10,000,00,2,2,01,B01
200600013369,0,07,000,00,2,3,16,B01
200600013369,0,02,000,00,2,1,01,A01
200600013370,0,04,000,00,2,2,17,A01
200600013370,0,10,000,00,2,3,15,B01
200600013371,0,07,000,00,2,1,02,A01
200600013371,0,04,000,00,2,4,23,B01
200600013372,0,04,000,00,1,1,01,A01
200600013373,0,05,000,00,0,0,01,A01
200600013373,0,07,000,00,0,1,09,B01
200600013374,0,07,000,00,2,2,15,A01
200600013374,0,02,000,00,2,1,01,B01
200600013375,0,05,000,00,1,1,01,A01
200600013376,0,07,000,00,2,5,15,A01
200600013376,0,05,000,00,2,1,17,B01
200600013377,0,07,000,00,2,1,01,B01
200600013377,0,02,000,00,2,2,01,A01
200600013378,0,07,000,00,1,1,01,A01
200600013379,0,04,000,00,2,1,01,A01
200600013379,0,07,000,00,2,4,01,B01
200600013380,0,05,000,00,2,1,01,B01
200600013380,0,07,000,00,2,7,01,A01
200600013381,0,01,000,00,1,1,01,A01
200600013382,0,02,000,00,0,0,21,A01
200600013383,0,10,000,00,1,2,01,A01
200600013384,0,02,000,00,2,2,01,A01
200600013384,0,07,000,00,2,1,15,B01
200600013385,0,07,000,00,2,8,10,A01
200600013385,0,05,000,00,2,2,01,B01
200600013386,1,07,000,00,2,3,00,A01
200600013386,0,02,000,00,2,2,01,B01
200600013387,0,07,000,00,1,1,01,A01
200600013388,0,07,000,00,2,2,15,A01
200600013388,0,07,000,00,2,1,01,B01
200600013389,0,07,000,00,1,4,04,A01
200600013390,0,07,000,00,2,3,11,A01
200600013390,0,04,000,00,2,2,01,B01
200600013391,0,01,000,00,1,1,16,A01
200600013392,0,07,000,00,1,1,01,A01
200600013393,0,04,000,00,0,0,01,A01
200600013394,0,07,000,00,2,1,01,B01
200600013394,0,07,000,00,2,8,01,A01
200600013395,0,07,000,11,0,1,01,A01
200600013396,0,07,000,00,2,2,15,A01
200600013396,0,04,000,00,2,1,01,B01
200600013397,0,02,000,00,2,1,01,A01
200600013397,0,07,000,00,2,4,15,B01
200600013398,0,05,000,00,0,0,01,A01
200600013399,0,04,000,00,2,2,01,A01
200600013399,0,07,000,00,2,1,01,B01
200600013400,0,07,000,00,2,1,01,B01
200600013400,0,04,000,00,2,2,01,A01
200600013401,0,14,000,06,2,1,04,A01
200600013401,0,03,000,00,2,8,01,C01
200600013401,0,07,000,00,2,1,01,B01
200600013402,0,02,000,00,2,1,01,A01
200600013402,0,07,000,00,2,4,01,B01
200600013403,0,02,000,00,2,1,01,A01
200600013403,0,07,000,00,2,4,23,B01
200600013404,0,07,000,01,2,2,10,A01
200600013404,0,07,000,00,2,1,01,B01
200600013405,0,05,000,01,2,1,01,A01
200600013405,0,05,000,00,2,1,01,B01
200600013405,0,10,000,00,2,3,01,C01
200600013406,0,05,000,01,0,1,15,A01
200600013407,0,01,000,00,1,1,01,A01
200600013408,0,04,000,00,2,2,17,A01
200600013408,0,07,000,00,2,6,15,B01
200600013409,0,07,000,00,2,6,01,A01
200600013409,0,07,000,00,2,1,01,B01
200600013410,0,07,000,00,1,1,07,A01
200600013411,0,07,000,00,1,1,01,A01
200600013412,0,01,000,00,2,1,01,A01
200600013412,0,07,000,00,2,2,01,B01
200600013413,0,01,000,00,2,6,11,A01
200600013413,0,07,000,00,2,2,01,B01
200600013414,0,10,000,00,1,1,01,A01
200600013415,0,07,000,00,2,6,15,A01
200600013415,0,02,000,00,2,2,01,B01
200600013416,0,07,000,00,2,6,21,A01
200600013416,0,05,000,00,2,2,01,B01