Num_Acc,senc,catv,occutc,obs,obsm,choc,manv,num_veh
200600013799,0,07,000,00,2,7,23,C01
200600013800,1,07,000,00,2,4,00,A01
200600013800,0,02,000,00,2,1,02,B01
200600013801,0,04,000,11,0,1,10,A01
200600013802,0,02,000,00,0,0,01,A01
200600013803,0,07,000,01,0,2,01,A01
200600013804,0,07,000,00,2,3,10,A01
200600013804,0,05,000,00,2,2,01,B01
200600013805,0,07,000,00,2,1,01,B01
200600013805,0,02,000,00,2,2,01,A01
200600013806,1,07,000,00,2,2,00,A01
200600013806,0,04,000,00,2,3,01,B01
200600013807,0,07,000,00,2,1,01,A01
200600013807,0,07,000,06,2,3,01,B01
200600013808,0,05,000,00,1,1,01,A01
200600013809,0,07,000,00,2,7,01,A01
200600013809,0,04,000,00,2,1,01,B01
200600013810,0,07,000,00,2,2,10,A01
200600013810,0,02,000,00,2,1,01,B01
200600013811,0,02,000,00,1,1,17,A01
200600013812,0,04,000,00,0,0,01,A01
200600013813,0,07,000,00,2,2,21,A01
200600013813,0,04,000,00,2,1,01,B01
200600013814,0,07,000,07,0,3,01,A01
200600013815,0,07,000,00,2,8,22,A01
200600013815,0,04,000,00,2,1,01,B01
200600013815,0,07,000,00,2,5,23,C01
200600013816,0,04,000,00,2,1,01,A01
200600013816,0,07,000,00,2,3,15,B01
200600013817,0,07,000,00,1,4,04,A01
200600013818,0,07,000,00,1,1,01,A01
200600013819,0,07,000,00,2,5,12,A01
200600013819,0,04,000,00,2,3,01,B01
200600013820,0,07,000,00,2,4,04,A01
200600013820,0,04,000,00,2,1,01,B01
200600013821,0,02,000,00,0,0,01,A01
200600013822,0,07,000,00,1,1,01,A01
200600013823,0,07,000,00,2,7,15,A01
200600013823,0,02,000,00,2,1,01,B01
200600013824,0,07,000,00,1,1,15,A01
200600013825,0,07,000,00,2,1,02,A01
200600013825,0,05,000,00,2,4,23,B01
200600013826,0,04,000,00,2,2,17,A01
200600013826,0,10,000,00,2,3,15,B01
200600013827,0,07,000,00,1,4,04,A01
200600013828,0,07,000,00,1,2,01,A01
200600013829,0,05,000,00,0,0,16,A01
200600013830,0,05,000,00,2,1,01,A01
200600013830,0,07,000,00,2,3,15,B01
200600013831,0,02,000,00,2,1,01,A01
200600013831,0,07,000,00,2,3,01,B01
200600013832,0,07,000,00,2,1,15,B01
200600013832,0,01,000,00,2,1,05,A01
200600013833,0,10,000,00,2,1,02,A01
200600013833,0,07,000,00,2,4,02,B01
200600013834,0,02,000,00,2,1,02,A01
200600013834,0,07,000,00,2,4,16,B01
200600013835,0,02,000,00,2,2,17,A01
200600013835,0,10,000,00,2,3,15,B01
200600013836,0,07,000,00,2,1,17,A01
200600013836,0,01,000,00,2,4,01,B01
200600013837,0,05,000,01,2,2,01,A01
200600013837,0,07,000,00,2,1,01,B01
200600013838,1,07,000,00,2,3,00,A01
200600013838,0,01,000,00,2,1,01,B01
200600013839,0,01,000,00,2,3,19,A01
200600013839,0,10,000,00,2,1,01,B01
200600013840,0,07,000,00,2,3,09,A01
200600013840,0,04,000,00,2,1,17,B01
200600013841,0,02,000,00,0,0,01,A01
200600013842,0,07,000,00,2,2,01,B01
200600013842,0,04,000,00,2,1,01,A01
200600013843,0,07,000,00,2,2,15,A01
200600013843,0,05,000,00,2,1,01,B01
200600013844,0,02,000,00,0,0,21,A01
200600013845,0,07,000,00,2,2,01,B01
200600013845,0,02,000,00,2,1,05,A01
200600013846,0,04,000,00,1,1,01,A01
200600013847,0,07,000,00,2,2,12,A01
200600013847,0,05,000,00,2,3,01,B01
200600013848,0,07,000,00,2,2,15,A01
200600013848,0,04,000,00,2,1,01,B01
200600013849,0,07,000,00,2,1,02,A01
200600013849,0,07,000,00,2,4,02,B01
200600013850,0,10,000,00,2,5,04,A01
200600013850,0,05,000,00,2,1,01,B01
200600013851,0,07,000,00,2,3,15,B01
200600013851,0,05,000,00,2,1,01,A01
200600013852,0,02,000,00,2,1,01,A01
200600013852,0,10,000,00,2,8,15,B01
200600013853,1,01,000,00,1,1,00,A01
200600013854,0,07,000,00,2,2,15,A01
200600013854,0,04,000,00,2,1,01,B01
200600013855,0,07,000,00,1,4,10,A01
200600013856,0,02,000,00,2,1,01,A01
200600013856,0,07,000,00,2,4,23,B01
200600013857,0,07,000,00,2,1,01,A01
200600013857,0,07,000,00,2,4,01,B01
200600013858,0,07,000,00,2,7,15,A01
200600013858,0,05,000,00,2,1,01,B01
200600013859,0,02,000,00,2,3,11,A01
200600013859,0,07,000,00,2,2,01,B01
200600013860,0,05,000,00,1,1,17,A01
200600013861,0,07,000,00,1,1,15,A01
200600013862,0,05,000,01,2,1,01,A01
200600013862,0,07,000,00,2,8,15,B01
200600013863,0,07,000,00,1,1,15,A01
200600013864,0,07,000,00,2,1,02,A01
200600013864,0,02,000,00,2,4,23,B01
200600013865,1,05,000,00,1,1,00,A01
200600013866,0,07,000,03,0,3,01,A01
200600013867,0,07,000,00,1,1,15,A01
200600013868,1,07,000,00,2,2,00,A01
200600013868,0,05,000,00,2,3,01,B01
200600013869,0,02,000,00,2,1,01,A01
200600013869,0,07,000,00,2,4,01,B01
200600013869,0,07,000,00,2,4,01,C01
200600013870,0,07,000,00,2,2,09,A01
200600013870,0,05,000,00,2,1,01,B01
200600013871,0,05,000,00,2,1,01,A01
200600013871,0,07,000,00,2,4,15,B01
200600013872,0,07,000,00,2,3,11,A01
200600013872,0,02,000,00,2,2,01,B01
200600013872,0,07,000,00,2,4,01,C01
200600013873,0,02,000,00,1,1,01,A01
200600013874,0,02,000,00,0,0,01,A01
200600013875,0,02,000,00,2,1,01,A01
200600013875,0,07,000,00,2,3,16,B01
200600013876,0,07,000,00,2,8,09,A01
200600013876,0,02,000,00,2,2,01,B01
200600013877,1,07,000,00,2,7,00,A01
200600013877,0,01,000,00,2,3,01,B01
200600013878,0,07,000,00,1,1,01,A01
200600013879,0,07,000,00,2,2,01,A01
200600013879,0,02,000,00,2,1,01,B01
200600013880,0,02,000,00,1,1,07,A01
200600013881,0,05,000,00,0,0,17,A01
200600013882,0,02,000,00,2,1,01,A01
200600013882,0,07,000,00,2,3,15,B01
200600013883,0,05,000,00,0,0,21,A01
200600013884,0,10,000,00,1,1,01,A01
200600013885,0,04,000,00,2,1,17,A01
200600013885,0,07,000,00,2,6,23,B01
200600013885,0,07,000,00,2,5,23,C01
200600013886,0,07,000,00,2,6,10,A01
200600013886,0,05,000,00,2,2,01,B01
200600013887,0,07,000,00,2,3,09,A01
200600013887,0,01,000,00,2,1,01,B01
200600013888,0,07,000,00,2,2,15,A01
200600013888,0,04,000,00,2,1,01,B01
200600013889,0,02,000,00,2,1,01,B01
200600013889,0,07,000,00,2,3,05,A01
200600013890,0,05,000,00,1,1,01,A01
200600013891,0,07,000,00,2,4,04,A01
200600013891,0,07,000,00,2,1,01,B01
200600013892,0,07,000,00,2,2,16,A01
200600013892,0,10,000,00,2,8,07,B01
200600013893,0,07,000,00,2,1,01,A01
200600013893,0,07,000,00,2,3,01,B01
200600013894,0,07,000,00,2,7,15,A01
200600013894,0,04,000,00,2,1,01,B01
200600013895,0,02,000,00,0,0,07,A01
200600013896,0,07,000,11,0,1,14,A01
200600013897,0,10,000,00,2,4,11,A01
200600013897,0,05,000,00,2,1,01,B01
200600013898,0,07,000,00,1,4,04,A01
200600013899,0,07,000,00,2,2,12,A01
200600013899,0,05,000,00,2,3,01,B01
200600013900,0,10,000,00,1,1,15,A01
200600013901,0,07,000,00,2,3,10,A01
200600013901,0,05,000,00,2,1,01,B01
200600013902,0,07,000,00,1,4,04,A01
200600013903,0,04,000,00,2,3,18,A01
200600013903,0,07,000,00,2,2,16,B01
200600013904,0,07,000,00,1,1,15,A01
200600013905,0,05,000,00,2,2,17,A01
200600013905,0,18,000,00,2,3,15,B01
200600013906,0,02,000,00,1,1,01,A01
200600013907,0,05,000,00,1,1,21,A01
200600013908,0,07,000,00,2,7,22,A01
200600013908,0,01,000,00,2,3,18,B01
200600013909,0,07,000,00,2,7,22,A01
200600013909,0,05,000,01,2,3,18,B01
200600013910,0,07,000,00,1,1,16,A01
200600013911,0,07,000,00,2,2,16,A01
200600013911,0,05,000,00,2,3,01,B01
200600013912,1,07,000,00,2,1,00,A01
200600013912,0,05,000,00,2,4,01,B01
200600013913,0,02,000,00,2,6,01,B01
200600013913,1,07,000,00,2,1,00,A01
200600013914,0,07,000,00,2,3,15,B01
200600013914,0,07,000,00,2,1,01,A01
200600013915,0,07,000,00,1,4,04,A01
200600013916,0,04,000,00,2,1,01,A01
200600013916,0,07,000,00,2,3,01,B01
200600013917,0,07,000,00,2,7,15,A01
200600013917,0,02,000,00,2,1,01,B01
200600013918,1,07,000,00,1,1,00,A01
200600013919,0,07,000,00,2,1,05,A01
200600013919,0,04,000,00,2,1,01,B01
200600013920,0,04,000,00,2,3,15,A01
200600013920,0,01,000,00,2,2,09,B01
200600013921,0,02,000,00,1,3,01,A01
200600013922,0,04,000,00,1,1,01,A01
200600013923,0,02,000,00,2,1,02,A01
200600013923,0,07,000,00,2,4,23,B01
200600013924,0,04,000,00,0,0,21,A01
200600013925,0,01,000,00,2,3,19,A01
200600013925,0,18,000,00,2,2,07,B01
200600013926,1,02,000,00,2,2,00,A01
200600013926,0,02,000,00,2,1,01,B01
200600013927,0,07,000,00,2,2,15,A01
200600013927,0,04,000,00,2,1,01,B01
200600013928,0,07,000,00,2,1,02,A01
200600013928,0,07,000,00,2,4,02,B01
200600013929,0,05,000,00,2,1,21,A01
200600013929,0,10,000,00,2,4,01,B01
200600013930,0,05,000,04,0,1,01,A01
200600013931,0,10,000,00,2,3,11,A01
200600013931,0,05,000,04,2,2,01,B01
200600013932,0,07,000,00,2,6,11,A01
200600013932,0,05,000,00,2,1,01,B01
200600013933,0,05,000,00,2,1,02,A01
200600013933,0,07,000,00,2,4,02,B01
200600013934,0,15,000,00,2,2,01,A01
200600013934,0,07,000,04,2,7,01,C01
200600013934,0,05,000,00,2,1,13,D01
200600013934,0,07,000,00,2,8,09,B01
200600013935,0,07,000,00,2,3,11,A01
200600013935,0,07,000,00,2,2,01,B01
200600013935,0,07,000,04,2,4,01,C01
200600013935,0,07,000,00,2,4,01,D01
200600013936,0,07,000,00,2,8,11,A01
200600013936,0,05,000,00,2,2,01,B01
200600013937,0,05,000,00,2,3,11,A01
200600013937,0,07,000,00,2,5,01,B01
200600013937,0,15,000,00,2,6,01,C01
200600013937,0,07,000,00,2,4,01,D01
200600013938,0,05,000,00,0,0,03,A01
200600013939,0,10,000,00,2,1,02,A01
200600013939,0,07,000,00,2,4,23,B01
200600013939,0,07,000,00,2,4,23,C01
200600013939,0,07,000,00,2,4,23,D01
200600013940,0,14,000,00,2,2,12,A01
200600013940,0,05,000,00,2,3,01,B01
200600013941,0,07,000,00,2,1,02,A01
200600013941,0,07,000,00,2,4,02,B01
200600013942,0,07,000,00,2,6,01,B01
200600013942,0,02,000,00,2,1,01,A01
200600013943,0,05,000,00,2,1,18,A01
200600013943,0,07,000,00,2,5,01,B01
200600013943,0,07,000,00,2,6,01,C01
200600013943,0,07,000,00,2,5,01,D01
200600013944,0,07,000,00,2,1,02,A01
200600013944,0,07,000,00,2,4,02,B01
200600013945,0,07,000,00,2,1,02,A01
200600013945,0,07,000,00,2,4,02,B01
200600013946,1,07,000,00,1,1,00,A01
200600013947,0,10,000,00,2,1,01,A01
200600013947,0,07,000,00,2,4,01,B01
200600013947,0,07,000,00,2,1,11,C01
200600013948,0,14,000,00,2,1,01,A01
200600013948,0,07,000,00,2,4,01,B01
200600013949,2,07,000,04,2,3,13,A01
200600013949,0,07,000,00,2,5,01,B01
200600013949,0,07,000,00,2,3,01,C01
200600013950,0,05,000,00,0,0,21,A01
200600013951,0,07,000,04,0,2,01,A01
200600013952,0,05,000,00,0,0,01,A01
200600013953,0,02,000,00,1,1,01,A01
200600013954,0,07,000,00,1,1,16,A01
200600013955,0,99,000,00,2,3,01,A01
200600013955,0,99,000,00,2,3,21,B01
200600013956,0,02,000,00,2,5,19,A01
200600013956,0,07,000,00,2,2,21,B01
200600013957,0,07,000,00,1,1,16,A01
200600013958,1,07,000,00,2,0,00,A01
200600013958,0,01,000,00,2,3,00,B01
200600013959,0,02,000,00,2,1,21,A01
200600013959,0,07,000,00,2,3,01,B01
200600013960,0,02,000,00,1,1,01,A01
200600013961,0,07,000,00,2,6,10,A01
200600013961,0,05,000,00,2,1,01,B01
200600013962,0,07,000,00,2,8,10,A01
200600013962,0,99,000,00,2,1,02,B01
200600013963,0,07,000,00,2,1,01,A01
200600013963,0,07,000,00,2,2,15,B01
200600013964,0,07,000,01,0,1,00,A01
200600013964,0,07,000,00,0,0,00,B01
200600013964,0,07,000,01,0,0,00,C01
200600013965,0,02,000,00,2,1,01,A01
200600013965,0,07,000,00,2,3,16,B01
200600013966,0,19,000,00,1,0,00,A01
200600013967,0,07,000,00,2,1,01,A01
200600013967,0,07,000,00,2,5,16,B01
200600013968,0,07,000,00,1,2,16,A01
200600013969,0,07,000,00,2,1,13,A01
200600013969,0,20,000,00,2,8,05,B01
200600013970,0,07,000,06,0,1,00,A01
200600013971,0,07,000,00,1,1,16,A01
200600013972,0,07,000,00,1,2,15,A01
200600013973,0,07,000,05,0,1,18,A01
200600013974,0,07,000,00,1,3,00,A01
200600013975,0,14,000,16,0,8,16,A01
200600013976,0,07,000,00,2,2,16,A01
200600013976,0,01,000,00,2,3,02,B01
200600013977,0,05,000,00,0,7,01,A01
200600013978,0,07,000,00,2,5,15,A01
200600013978,0,02,000,00,2,1,02,B01
200600013979,0,07,000,00,1,3,01,A01
200600013980,0,07,000,00,2,3,15,A01
200600013980,0,02,000,00,2,1,01,B01
200600013981,0,01,000,15,0,9,01,A01
200600013982,0,07,000,00,1,2,19,A01
200600013983,0,02,000,00,2,1,17,B01
200600013983,1,07,000,00,0,0,00,A01
200600013984,0,07,000,00,1,4,21,A01
200600013985,0,07,000,00,1,5,07,A01
200600013986,0,02,000,00,2,1,00,A01
200600013986,0,07,000,00,2,8,00,B01
200600013987,0,07,000,00,2,7,14,A01
200600013987,0,07,000,00,2,8,00,B01
200600013988,0,07,000,00,1,2,01,A01
200600013989,0,07,000,00,1,2,01,A01
200600013990,0,05,000,00,0,1,01,A01
200600013991,0,07,000,00,2,7,15,A01
200600013991,0,07,000,00,2,3,01,B01
200600013992,0,02,000,00,2,1,17,A01
200600013992,0,07,000,00,2,3,15,B01
200600013993,0,07,000,00,1,1,01,A01
200600013994,0,02,000,00,2,1,01,A01
200600013994,0,07,000,00,9,1,15,B01
200600013995,0,07,000,00,1,4,04,A01
200600013996,0,07,000,15,2,3,05,A01
200600013996,0,07,000,00,2,1,01,B01
200600013997,0,07,000,00,2,1,02,A01
200600013997,0,07,000,00,2,4,02,B01
200600013997,0,07,000,00,2,4,02,C01
200600013998,0,15,000,00,2,5,13,A01
200600013998,0,07,000,00,2,3,23,B01
200600013998,0,07,000,00,2,1,23,C01
200600013999,0,07,000,00,2,1,01,A01
200600013999,0,07,000,00,0,6,15,B01
200600014000,0,07,000,00,2,2,15,B01
200600014000,0,05,000,00,2,1,01,A01
200600014001,0,07,000,02,0,1,01,A01
200600014002,0,07,000,02,0,8,01,A01
200600014003,0,07,000,00,2,1,02,A01
200600014003,0,07,000,00,0,4,02,B01
200600014004,0,07,000,00,2,3,11,A01
200600014004,0,07,000,07,2,2,02,B01
200600014005,0,07,000,00,2,1,01,B01
200600014005,0,07,000,00,2,5,19,A01
200600014006,0,07,000,00,2,7,01,A01
200600014006,0,07,000,00,2,1,01,B01
200600014007,0,07,000,13,0,3,01,A01
200600014008,0,14,000,00,2,7,01,A01
200600014008,0,01,000,00,2,9,01,B01
200600014009,0,02,000,00,0,7,01,A01
200600014010,0,07,000,00,1,8,01,A01
200600014011,0,07,000,13,0,7,01,A01
200600014012,0,07,000,00,0,7,02,A01
200600014013,0,07,000,00,2,3,01,A01
200600014013,0,13,000,00,2,3,01,B01
200600014014,0,07,000,00,1,1,02,A01
200600014015,0,07,000,00,2,8,13,A01
200600014015,0,07,000,00,2,3,02,B01
200600014016,0,02,000,00,2,1,02,A01
200600014016,0,07,000,00,2,4,02,B01
200600014017,0,07,000,00,2,7,20,A01
200600014017,0,02,000,00,2,8,02,B01
200600014018,0,07,000,00,2,1,02,A01
200600014018,0,07,000,00,2,4,23,B01
200600014019,1,07,000,00,1,0,02,A01
200600014020,0,07,000,08,0,1,02,A01
200600014021,0,10,000,00,2,2,01,A01
200600014021,0,07,000,00,2,8,15,B01
200600014022,0,01,000,00,2,1,02,A01
200600014022,0,07,000,00,0,5,23,B01
200600014023,0,07,000,00,1,0,16,A01
200600014024,0,07,000,00,1,8,02,A01
200600014024,0,07,000,00,1,1,05,B01
200600014025,0,02,000,00,0,0,00,A01
200600014026,0,14,000,00,0,0,00,A01
200600014026,0,07,000,00,0,0,00,B01
200600014027,0,14,000,00,0,7,00,A01
200600014028,0,07,000,00,0,0,00,A01
200600014029,0,07,000,00,2,2,01,A01
200600014029,0,02,000,00,0,6,09,B01
200600014030,0,07,000,00,1,2,15,A01
200600014031,0,07,000,00,0,1,00,A01
200600014031,0,07,000,00,0,0,00,B01
200600014031,0,07,000,00,0,0,00,C01
200600014032,0,07,000,00,2,5,10,A01
200600014032,0,05,000,00,2,1,01,B01
200600014033,0,07,000,00,1,1,01,A01
200600014034,0,07,000,16,0,9,01,A01
200600014035,0,05,000,00,2,1,00,A01
200600014035,0,07,000,00,2,6,00,B01
200600014036,0,07,000,00,9,0,10,A01
200600014036,0,05,000,00,2,6,02,B01
200600014037,0,07,000,00,9,1,01,A01
200600014037,0,01,000,00,2,8,00,B01
200600014038,1,07,000,00,1,1,15,A01
200600014039,0,07,000,00,9,8,01,A01
200600014039,0,01,000,01,0,1,02,B01
200600014040,0,07,000,00,2,7,15,A01
200600014040,0,05,000,00,2,1,01,B01
200600014041,0,02,000,01,2,1,17,A01
200600014041,0,07,000,00,2,3,20,B01
200600014042,0,05,000,00,1,1,17,A01
200600014043,0,07,000,01,0,2,01,A01
200600014044,0,04,000,00,0,8,01,A01
200600014045,0,07,000,00,2,8,01,B01
200600014045,0,07,000,00,2,2,01,A01
200600014046,0,04,000,00,2,2,01,B01
200600014046,0,07,000,00,2,3,10,A01
200600014047,0,10,000,03,0,6,01,A01
200600014048,0,07,000,00,1,3,01,A01
200600014049,1,10,000,00,2,7,17,A01
200600014049,0,02,000,00,2,8,01,B01
200600014050,0,07,000,00,2,5,01,B01
200600014050,0,07,000,00,2,2,01,A01
200600014051,0,07,000,00,1,1,01,A01
200600014052,0,07,000,08,1,1,13,A01
200600014053,0,07,000,00,1,2,15,A01
200600014054,0,07,000,00,1,2,01,A01
200600014055,0,07,000,00,2,1,15,A01
200600014055,0,07,000,00,2,3,01,B01
200600014056,0,01,000,00,1,3,19,B01
200600014056,0,07,000,00,2,1,16,A01
200600014057,0,07,000,00,2,5,14,A01
200600014057,0,02,000,00,2,1,15,B01
200600014058,0,07,000,00,2,1,02,A01
200600014058,0,07,000,00,2,4,02,B01
200600014059,0,07,000,00,2,1,02,A01
200600014059,0,07,000,00,2,4,02,B01
200600014060,0,07,000,00,1,3,00,A01
200600014061,0,07,000,00,2,1,02,A01
200600014061,0,07,000,00,2,4,02,B01
200600014061,0,07,000,00,2,1,02,C01
200600014061,0,07,000,00,2,4,02,D01
200600014062,0,07,000,00,2,8,16,B01
200600014062,0,07,000,00,2,1,02,A01
200600014063,0,01,000,00,1,0,00,A01
200600014064,0,07,000,00,2,3,18,A01
200600014064,0,07,000,00,2,2,02,B01
200600014065,0,07,000,00,2,1,02,B01
200600014065,0,07,000,00,2,1,02,A01
200600014066,0,07,000,00,2,1,02,A01
200600014066,0,07,000,00,2,4,02,B01
200600014066,0,07,000,00,0,4,02,C01
200600014067,0,07,000,00,2,1,15,A01
200600014067,0,04,000,00,0,3,02,B01
200600014068,0,07,000,00,5,1,01,B01
200600014069,0,07,000,15,0,1,11,A01
200600014070,0,07,000,00,1,5,04,A01
200600014071,0,07,000,00,2,4,02,B01
200600014071,0,07,000,00,2,4,02,C01
200600014071,1,07,000,00,2,1,02,A01
200600014072,0,07,000,00,2,2,16,A01
200600014072,0,04,000,00,2,1,01,B01
200600014073,0,07,000,00,0,2,19,A01
200600014073,0,02,000,00,0,1,01,B01
200600014074,0,02,000,00,2,1,01,A01
200600014074,0,07,000,00,2,1,15,B01
200600014075,0,02,000,00,2,5,01,A01
200600014075,1,07,000,00,2,1,16,B01
200600014076,0,07,000,00,2,8,11,A01
200600014076,0,07,000,00,2,2,01,B01
200600014077,0,07,000,00,1,4,04,A01
200600014078,0,07,000,07,0,9,01,A01
200600014079,0,02,000,00,2,1,02,A01
200600014079,0,07,000,00,0,4,02,B01
200600014080,1,07,000,00,2,1,17,A01
200600014080,0,07,000,00,2,1,05,B01
200600014080,0,02,000,00,2,1,01,C01
200600014081,0,07,000,00,2,1,05,A01
200600014081,0,02,000,00,2,1,05,B01
200600014082,0,07,000,08,0,1,02,A01
200600014083,0,10,000,00,2,8,01,A01
200600014083,0,14,000,00,2,1,01,B01
200600014084,0,07,000,00,2,1,01,B01
200600014084,0,07,000,00,2,1,13,A01
200600014085,0,05,000,00,0,0,01,A01
200600014086,0,07,000,00,2,1,01,A01
200600014086,0,07,000,00,2,4,01,B01
200600014086,0,07,000,00,2,4,01,C01
200600014087,0,05,000,00,1,0,00,A01
200600014088,0,07,000,00,0,9,01,A01
200600014089,0,07,000,00,0,0,01,A01
200600014090,0,07,000,12,0,9,01,A01
200600014091,0,05,000,00,2,0,01,A01
200600014091,0,07,000,00,2,3,00,B01
200600014092,0,07,000,00,2,1,02,A01
200600014092,0,07,000,00,2,1,02,B01
200600014092,0,07,000,00,2,4,02,C01
200600014093,0,07,000,03,2,1,02,A01
200600014093,0,17,000,03,2,4,02,B01
200600014094,0,99,000,00,2,1,02,A01
200600014094,0,07,000,00,2,4,02,B01
200600014095,0,05,000,00,2,7,17,A01
200600014095,0,07,000,00,2,3,15,B01
200600014096,0,07,000,00,1,1,01,A01
200600014097,0,07,000,00,2,3,10,A01
200600014097,0,05,000,00,2,1,02,B01
200600014098,0,07,000,00,2,3,16,A01
200600014098,0,05,000,00,2,1,01,B01
200600014099,0,07,000,00,2,2,15,A01
200600014099,0,01,000,00,2,1,01,B01
200600014100,0,04,000,00,2,1,01,A01
200600014100,0,07,000,00,2,3,15,B01
200600014101,0,01,000,00,2,1,05,A01
200600014101,0,07,000,00,2,3,16,B01
200600014102,0,04,000,01,0,1,01,A01
200600014103,0,05,000,00,2,1,01,A01
200600014103,0,07,000,00,2,3,15,B01
200600014104,0,07,000,00,2,3,09,A01
200600014104,0,02,000,00,2,1,01,B01
200600014105,0,07,000,01,0,3,01,A01
200600014106,0,07,000,00,2,8,01,A01
200600014106,0,07,000,00,2,1,01,B01
200600014107,0,01,000,00,2,1,00,A01
200600014107,0,07,000,00,9,5,23,B01
200600014108,0,14,000,00,2,7,01,A01
200600014108,0,07,000,00,2,1,01,B01
200600014109,0,18,008,00,1,1,15,A01
200600014110,0,07,000,00,2,3,01,B01
200600014110,0,07,000,00,2,1,13,A01
200600014111,0,10,000,00,9,5,04,A01
200600014112,0,07,000,00,1,1,01,A01
200600014113,0,07,000,00,2,3,15,A01
200600014113,0,05,000,00,2,1,01,B01
200600014114,0,05,000,00,1,1,01,A01
200600014115,0,18,006,00,2,3,02,A01
200600014115,0,07,000,00,0,4,00,B01
200600014115,0,07,000,00,2,5,01,C01
200600014116,0,07,000,00,0,3,01,A01
200600014117,0,07,000,00,1,2,01,A01
200600014118,0,07,000,00,2,2,01,A01
200600014118,0,07,000,00,2,7,01,B01
200600014119,0,02,000,00,2,1,17,A01
200600014119,0,07,000,00,2,8,15,B01
200600014120,0,07,000,00,2,1,01,A01
200600014120,0,02,000,00,2,8,01,B01
200600014121,0,07,000,00,2,1,10,A01
200600014121,0,07,000,06,2,8,01,B01
200600014122,0,07,000,00,1,1,01,A01
200600014123,0,07,000,00,2,3,15,B01
200600014123,0,02,000,00,2,1,01,A01
200600014124,0,07,000,00,1,7,01,A01
200600014125,0,07,000,00,2,1,01,A01
200600014125,0,07,000,00,2,4,01,B01
200600014126,0,07,000,00,2,6,11,A01
200600014126,0,05,000,00,2,1,01,B01
200600014127,0,04,000,00,2,2,01,A01
200600014127,0,07,000,00,2,1,15,B01
200600014128,0,05,000,00,1,1,01,A01
200600014129,0,10,000,08,1,3,01,A01
200600014130,0,01,000,01,0,1,15,A01
200600014131,0,07,000,00,2,1,16,A01
200600014131,0,07,000,00,2,3,01,B01
200600014132,0,07,000,00,2,1,01,A01
200600014132,0,07,000,00,2,4,01,B01
200600014133,0,07,000,00,1,1,01,A01
200600014134,0,07,000,00,2,4,01,B01
200600014134,0,07,000,00,2,1,01,A01
200600014135,0,07,000,00,1,1,01,A01
200600014136,0,07,000,00,2,2,15,A01
200600014136,0,07,000,15,2,8,01,B01
200600014137,0,07,000,00,1,2,01,A01
200600014138,0,05,000,11,2,1,17,A01
200600014138,0,18,001,00,0,3,23,B01
200600014139,0,05,000,00,2,1,01,A01
200600014139,0,07,000,00,0,4,15,B01
200600014140,0,07,000,00,1,1,01,A01
200600014141,0,07,000,00,1,1,01,A01
200600014142,0,07,000,00,2,5,15,A01
200600014142,0,02,000,00,2,1,01,B01
200600014143,0,07,000,04,2,7,01,B01
200600014143,0,07,000,00,2,1,19,A01
200600014144,0,02,000,00,2,3,02,A01
200600014144,0,07,000,00,2,3,13,B01
200600014145,0,05,000,00,0,0,01,A01
200600014146,0,07,000,00,2,4,01,B01
200600014146,0,07,000,00,2,1,01,A01
200600014147,0,07,000,00,2,7,01,A01
200600014147,0,02,000,00,2,1,01,B01
200600014148,0,07,000,09,0,1,01,A01
200600014149,0,07,000,00,1,2,01,A01
200600014150,0,07,000,00,2,4,04,A01
200600014150,0,07,000,00,2,8,23,B01
200600014151,0,07,000,00,2,2,01,A01
200600014151,0,07,000,00,2,4,01,B01
200600014151,0,07,000,00,2,4,01,C01
200600014152,0,07,000,09,0,1,01,A01
200600014153,0,07,000,00,1,1,01,A01
200600014154,0,07,000,00,2,1,09,A01
200600014154,0,02,000,00,2,1,01,B01
200600014155,0,07,000,13,0,7,01,A01
200600014156,0,07,000,00,2,2,09,A01
200600014156,0,05,000,00,2,1,01,B01
200600014157,0,07,000,00,2,2,15,A01
200600014157,0,07,000,00,2,3,23,C01
200600014157,0,07,000,00,2,8,01,B01
200600014158,0,02,000,00,2,1,01,A01
200600014158,0,07,000,00,9,3,09,B01
200600014159,0,07,000,00,1,1,01,A01
200600014160,0,07,000,00,2,2,15,A01
200600014160,0,07,000,00,2,1,01,B01
200600014161,0,07,000,00,2,1,01,A01
200600014161,0,07,000,00,2,4,01,B01
200600014162,0,02,000,00,2,1,15,A01
200600014162,0,07,000,00,2,3,15,B01
200600014163,0,02,000,00,2,1,01,A01
200600014163,1,07,000,00,2,4,01,B01
200600014164,0,05,000,00,2,1,01,A01
200600014164,0,07,000,00,2,5,01,B01
200600014165,0,07,000,08,0,3,01,A01
200600014166,0,18,010,00,1,7,01,A01
200600014167,0,07,000,00,2,6,01,A01
200600014167,0,07,000,00,2,1,01,B01
200600014168,1,07,000,00,1,0,01,A01
200600014169,0,07,000,00,2,2,09,A01
200600014169,0,07,000,00,2,1,01,B01
200600014169,0,07,000,00,2,1,01,C01
200600014170,0,07,000,00,2,3,01,A01
200600014170,0,07,000,00,2,7,01,B01
200600014171,0,02,000,00,2,3,17,A01
200600014171,0,07,000,00,2,3,01,B01
200600014172,0,02,000,00,2,1,17,A01
200600014172,0,07,000,00,2,8,15,B01
200600014173,0,07,000,00,2,7,15,A01