Num_Acc,senc,catv,occutc,obs,obsm,choc,manv,num_veh
200600015257,0,07,000,00,1,3,01,A01
200600015258,0,07,000,00,1,4,04,A01
200600015259,0,07,000,00,2,4,04,A01
200600015259,0,01,000,00,2,7,01,B01
200600015260,0,07,000,00,0,0,00,A01
200600015260,0,02,000,00,0,0,00,B01
200600015261,0,02,000,00,2,1,01,A01
200600015261,0,07,000,00,2,2,01,B01
200600015262,0,07,000,00,1,2,16,A01
200600015263,0,07,000,00,1,1,01,A01
200600015264,0,07,000,00,1,4,04,A01
200600015265,0,07,000,00,2,8,11,A01
200600015265,0,05,000,00,2,7,02,B01
200600015266,0,07,000,04,2,3,13,A01
200600015266,0,07,000,00,0,8,21,B01
200600015267,0,07,000,00,2,3,11,A01
200600015267,0,05,000,00,0,2,21,B01
200600015268,0,14,000,00,2,1,21,A01
200600015268,0,07,000,00,0,4,21,B01
200600015269,0,07,000,03,2,1,13,A01
200600015269,0,17,000,00,0,6,21,B01
200600015270,0,07,000,03,0,2,21,A01
200600015270,1,07,000,00,0,0,21,B01
200600015271,0,07,000,04,2,3,13,A01
200600015271,0,07,000,03,0,3,21,B01
200600015271,0,07,000,00,0,3,21,C01
200600015271,0,17,000,00,0,3,21,D01
200600015272,0,07,000,00,2,1,21,A01
200600015272,0,07,000,00,2,4,21,B01
200600015272,0,07,000,00,0,4,21,C01
200600015272,0,07,000,00,2,1,21,D01
200600015273,0,07,000,04,2,1,13,A01
200600015273,0,14,000,00,0,6,21,B01
200600015274,0,07,000,04,0,6,21,B01
200600015274,0,17,000,00,2,7,12,A01
200600015275,0,07,000,03,0,1,13,A01
200600015276,0,07,000,00,0,0,11,A01
200600015276,0,05,000,00,0,0,21,B01
200600015277,0,07,000,07,0,3,13,A01
200600015278,0,17,000,00,2,2,12,A01
200600015278,0,07,000,00,2,6,21,B01
200600015278,0,07,000,00,0,1,21,C01
200600015279,0,07,000,04,0,5,12,A01
200600015279,0,10,000,00,2,3,21,B01
200600015280,0,07,000,04,2,6,21,A01
200600015280,0,07,000,00,2,3,21,B01
200600015281,0,05,000,00,2,1,21,A01
200600015281,0,07,000,00,2,4,21,B01
200600015282,0,17,000,03,2,2,21,A01
200600015282,0,17,000,01,0,2,21,B01
200600015283,0,17,000,00,2,1,21,A01
200600015283,0,07,000,00,2,4,21,B01
200600015284,0,05,000,00,2,0,03,A01
200600015284,0,17,000,00,9,6,20,B01
200600015285,0,07,000,00,2,4,21,B01
200600015285,0,07,000,00,2,1,21,A01
200600015285,0,15,000,00,2,4,21,C01
200600015285,0,14,000,00,2,4,21,D01
200600015286,0,05,000,00,0,0,21,A01
200600015287,0,05,000,00,2,1,00,B01
200600015287,0,07,000,00,0,3,15,A01
200600015288,0,07,000,13,2,9,02,B01
200600015288,0,07,000,03,0,9,01,A01
200600015289,0,07,000,00,0,4,23,A01
200600015289,0,07,000,00,2,1,02,B01
200600015290,0,07,000,04,0,3,13,A01
200600015291,0,14,000,00,2,2,12,B01
200600015291,0,07,000,00,0,6,01,A01
200600015292,0,10,000,03,0,4,21,A01
200600015293,0,07,000,15,0,8,01,B01
200600015293,0,07,000,03,0,2,19,A01
200600015294,0,17,000,13,0,2,14,A01
200600015295,0,07,000,00,9,0,01,C01
200600015295,0,07,000,00,0,6,24,B01
200600015295,0,17,000,01,0,2,01,A01
200600015296,0,07,000,03,2,8,02,B01
200600015296,0,15,000,00,2,6,12,A01
200600015297,0,07,000,04,0,1,02,A01
200600015298,0,07,000,15,0,1,14,A01
200600015299,0,07,000,00,1,1,01,A01
200600015300,0,10,000,00,1,1,15,A01
200600015301,0,07,000,00,2,2,15,B01
200600015301,0,10,000,00,2,1,16,A01
200600015302,0,07,000,01,2,1,16,A01
200600015302,0,07,000,00,0,6,24,C01
200600015302,0,07,000,00,2,2,15,B01
200600015303,0,01,000,00,2,1,01,A01
200600015303,0,07,000,00,2,4,23,B01
200600015304,0,10,000,00,2,4,01,A01
200600015304,0,07,000,00,2,1,01,B01
200600015305,0,07,000,00,1,1,10,A01
200600015306,0,07,000,00,2,8,22,A01
200600015306,0,01,000,01,2,1,01,B01
200600015307,0,07,000,00,2,8,01,B01
200600015307,0,10,000,00,2,1,01,A01
200600015308,0,07,000,00,2,1,01,A01
200600015308,0,07,000,00,2,4,23,B01
200600015309,0,07,000,00,2,1,01,A01
200600015309,0,04,000,00,2,4,23,B01
200600015310,0,07,000,00,1,1,01,A01
200600015311,0,07,000,01,0,1,01,A01
200600015312,0,14,000,13,0,8,12,A01
200600015312,0,07,000,00,0,4,11,B01
200600015312,0,10,000,00,2,1,11,C01
200600015312,0,07,000,00,9,2,02,D01
200600015313,0,07,000,04,0,2,01,A01
200600015314,0,07,000,00,2,6,01,B01
200600015314,0,07,000,00,2,2,11,A01
200600015315,0,10,000,00,2,1,02,A01
200600015315,0,07,000,00,0,4,02,B01
200600015316,0,10,000,03,0,2,15,A01
200600015317,0,07,000,00,2,6,02,A01
200600015317,0,14,000,00,2,2,02,B01
200600015317,0,07,000,00,2,2,17,C01
200600015317,0,07,000,00,2,2,17,D01
200600015318,0,07,000,00,0,4,02,C01
200600015318,0,07,000,00,2,4,02,B01
200600015318,0,17,000,00,2,1,02,A01
200600015319,0,07,000,00,0,9,09,A01
200600015320,0,99,000,00,2,1,02,A01
200600015320,0,15,000,00,2,5,02,B01
200600015321,0,10,000,00,2,1,02,D01
200600015321,0,07,000,00,2,1,02,C01
200600015321,0,07,000,14,2,1,02,B01
200600015321,0,07,000,00,0,0,02,A01
200600015322,0,07,000,00,2,1,02,E01
200600015322,0,14,000,00,2,2,17,D01
200600015322,0,07,000,00,2,4,02,C01
200600015322,0,07,000,00,2,4,02,B01
200600015322,0,07,000,00,2,1,02,A01
200600015323,0,07,000,03,2,4,23,A01
200600015323,0,17,000,00,2,2,21,B01
200600015324,0,07,000,03,0,1,12,A01
200600015325,0,07,000,04,0,3,13,A01
200600015326,0,07,000,00,0,4,00,A01
200600015326,0,07,000,00,2,1,02,B01
200600015327,0,07,000,04,0,2,01,A01
200600015328,0,07,000,00,2,1,02,A01
200600015328,0,07,000,00,2,4,02,B01
200600015328,0,07,000,00,2,4,02,C01
200600015329,0,15,000,00,2,2,12,A01
200600015329,0,07,000,00,0,8,01,B01
200600015330,0,07,000,00,2,1,02,A01
200600015330,0,15,000,00,2,4,02,B01
200600015331,0,15,000,00,2,1,02,A01
200600015331,0,07,000,00,0,4,02,B01
200600015332,0,07,000,04,0,3,11,A01
200600015333,0,07,000,04,0,1,14,A01
200600015334,0,07,000,04,0,9,00,A01
200600015335,0,17,000,00,2,2,12,A01
200600015335,0,07,000,00,2,3,01,B01
200600015336,0,07,000,00,1,1,00,A01
200600015337,0,07,000,08,0,1,01,A01
200600015338,0,05,000,00,2,8,01,B01
200600015338,0,07,000,00,2,2,01,A01
200600015339,0,07,000,00,2,1,02,A01
200600015339,0,07,000,00,2,4,02,B01
200600015340,0,07,000,00,0,4,02,C01
200600015340,0,10,000,00,2,1,02,A01
200600015340,0,07,000,00,2,1,02,B01
200600015341,0,07,000,04,0,1,02,A01
200600015342,0,07,000,03,0,2,14,A01
200600015343,0,07,000,00,2,4,02,B01
200600015343,0,07,000,00,0,4,02,C01
200600015343,0,07,000,00,2,1,02,D01
200600015343,0,07,000,00,2,1,02,A01
200600015344,0,07,000,00,0,1,02,A01
200600015344,0,07,000,00,0,4,02,B01
200600015345,0,07,000,03,0,7,14,A01
200600015345,0,17,000,00,2,7,02,B01
200600015346,0,07,000,13,0,6,01,A01
200600015347,0,07,000,04,0,1,14,A01
200600015348,0,07,000,00,2,2,01,B01
200600015348,0,05,000,00,0,4,23,A01
200600015349,0,07,000,00,2,2,05,A01
200600015349,0,07,000,00,0,1,01,B01
200600015350,0,07,000,00,0,9,00,A01
200600015351,0,05,000,00,2,7,02,B01
200600015351,0,07,000,00,0,8,11,A01
200600015351,0,05,000,00,2,7,21,D01
200600015351,0,07,000,00,2,1,02,C01
200600015352,0,07,000,04,0,2,14,A01
200600015353,0,07,000,13,0,1,00,A01
200600015354,0,07,000,00,0,4,02,A01
200600015354,0,07,000,00,2,1,02,D01
200600015354,0,07,000,00,2,4,02,C01
200600015354,0,07,000,00,2,4,02,B01
200600015355,0,07,000,00,2,4,01,A01
200600015355,0,07,000,00,2,1,01,B01
200600015356,0,07,000,04,0,1,14,A01
200600015357,1,07,000,00,0,0,11,A01
200600015357,0,07,000,04,0,3,21,B01
200600015358,0,07,000,03,0,1,01,A01
200600015359,0,07,000,00,2,1,01,C01
200600015359,0,07,000,00,2,4,01,B01
200600015359,0,07,000,00,2,4,01,A01
200600015360,0,07,000,00,2,1,02,B01
200600015360,0,07,000,00,2,4,02,A01
200600015361,0,10,000,00,0,4,01,B01
200600015361,0,07,000,00,0,4,01,A01
200600015361,0,07,000,00,2,3,02,C01
200600015362,0,17,000,00,2,2,12,B01
200600015362,0,07,000,00,0,4,01,A01
200600015363,0,07,000,00,2,1,11,B01
200600015363,0,07,000,03,2,2,02,A01
200600015364,0,07,000,00,2,1,01,B01
200600015364,0,07,000,00,0,2,01,A01
200600015365,0,07,000,00,2,1,23,B01
200600015365,0,10,000,00,2,4,23,A01
200600015366,0,07,000,00,2,1,02,B01
200600015366,0,07,000,00,0,4,02,A01
200600015367,0,05,000,00,2,7,01,B01
200600015367,0,07,000,00,2,7,01,A01
200600015368,0,07,000,00,2,8,21,C01
200600015368,0,07,000,00,2,8,21,B01
200600015368,0,07,000,04,0,1,01,A01
200600015369,0,07,000,00,2,1,01,D01
200600015369,0,07,000,00,2,4,23,C01
200600015369,0,07,000,00,2,4,23,B01
200600015369,0,07,000,00,2,4,23,A01
200600015370,0,07,000,10,0,2,14,A01
200600015371,0,07,000,00,2,6,11,B01
200600015371,0,07,000,00,2,0,11,A01
200600015371,0,07,000,04,2,2,01,C01
200600015372,0,14,000,00,2,6,01,C01
200600015372,0,07,000,00,0,0,12,B01
200600015372,0,05,000,00,2,2,14,A01
200600015373,0,07,000,00,0,6,02,B01
200600015373,0,07,000,00,9,1,02,A01
200600015374,0,07,000,00,2,1,02,B01
200600015374,0,07,000,00,0,4,00,A01
200600015375,0,10,000,00,1,2,01,C01
200600015375,0,07,000,01,0,0,00,A01
200600015376,0,07,000,00,2,2,02,B01
200600015376,0,07,000,00,0,6,02,A01
200600015377,0,07,000,00,0,9,01,A01
200600015378,0,07,000,00,2,9,12,B01
200600015378,0,07,000,00,0,8,01,A01
200600015379,0,07,000,00,2,8,02,C01
200600015379,0,07,000,00,2,8,02,B01
200600015379,1,07,000,00,2,2,02,A01
200600015380,2,07,000,00,2,1,01,D01
200600015380,0,07,000,00,2,1,01,C01
200600015380,0,07,000,00,2,1,01,B01
200600015380,0,07,000,00,0,4,01,A01
200600015381,0,07,000,15,0,1,01,C01
200600015381,0,07,000,00,0,0,00,B01
200600015381,0,04,000,00,0,8,00,A01
200600015382,0,14,000,00,0,2,02,B01
200600015382,0,20,000,00,0,3,02,A01
200600015383,0,07,000,00,2,7,21,B01
200600015383,0,07,000,00,2,3,11,A01
200600015384,0,07,000,00,2,1,02,B01
200600015384,0,07,000,00,0,4,02,A01
200600015385,0,07,000,14,0,1,01,B01
200600015385,0,07,000,01,0,2,01,A01
200600015385,0,07,000,00,0,2,14,C01
200600015386,0,07,000,00,0,4,01,B01
200600015386,0,14,000,00,0,4,01,A01
200600015387,0,07,000,00,2,1,02,B01
200600015387,0,07,000,00,2,4,02,A01
200600015388,0,07,000,03,0,7,01,A01
200600015389,0,17,000,00,2,1,12,B01
200600015389,0,07,000,00,0,8,01,A01
200600015390,0,07,000,00,2,2,17,B01
200600015390,0,07,000,00,2,8,21,A01
200600015391,0,05,000,00,2,1,01,B01
200600015391,0,07,000,00,2,2,12,A01
200600015392,0,07,000,00,2,1,00,A01
200600015392,0,07,000,00,2,1,13,B02
200600015393,0,14,000,00,2,0,01,A01
200600015393,0,07,000,00,2,1,13,B02
200600015393,0,33,000,00,0,7,21,C03
200600015394,0,10,000,03,2,3,01,A01
200600015394,0,07,000,00,2,1,17,B02
200600015395,0,07,000,00,2,3,01,A01
200600015395,0,07,000,00,2,1,19,B02
200600015396,1,07,000,00,0,0,00,A01
200600015397,0,07,000,00,1,3,01,A01
200600015398,0,07,000,01,0,0,00,A01
200600015398,0,07,000,00,0,0,00,B02
200600015398,0,07,000,00,2,3,01,C03
200600015399,0,07,000,00,1,2,01,A01
200600015400,0,33,000,00,2,1,01,A01
200600015400,0,07,000,00,2,1,15,B02
200600015401,0,07,000,00,2,1,15,A01
200600015401,0,31,000,00,2,1,01,B02
200600015402,0,07,000,06,0,9,13,A01
200600015403,0,07,000,00,0,9,00,A01
200600015404,0,07,000,00,9,3,16,A01
200600015404,0,01,000,00,0,5,01,B02
200600015405,0,07,000,13,0,3,11,A01
200600015406,0,07,000,00,0,8,01,A01
200600015406,0,07,000,00,2,1,19,B02
200600015407,0,07,000,00,2,6,15,A01
200600015407,0,02,000,00,2,1,01,B02
200600015408,0,07,000,00,2,2,01,A01
200600015408,0,07,000,00,0,0,00,B02
200600015409,0,21,000,00,2,3,15,A01
200600015409,0,07,000,00,2,1,01,B02
200600015410,0,07,000,00,2,1,01,A01
200600015410,0,10,000,07,2,6,01,B02
200600015411,0,07,000,06,0,1,13,A01
200600015412,0,07,000,00,1,1,01,A01
200600015413,0,07,000,00,0,6,01,A01
200600015413,0,05,000,00,2,1,01,B02
200600015414,0,07,000,00,2,3,13,A01
200600015414,0,07,000,00,2,3,01,B02
200600015414,0,07,000,00,2,6,01,C03
200600015414,0,07,000,00,2,1,01,D04
200600015414,0,15,000,00,2,8,01,E05
200600015415,0,07,000,00,2,1,17,A01
200600015415,0,07,000,00,2,1,01,B02
200600015416,0,07,000,00,2,5,19,A01
200600015416,0,33,000,00,2,1,01,B02
200600015417,0,33,000,08,0,8,17,A01
200600015418,0,07,000,02,0,7,01,A01
200600015419,0,02,000,00,2,1,17,A01
200600015419,0,07,000,00,0,8,15,B02
200600015420,0,33,000,00,2,7,00,A01
200600015420,0,33,000,00,2,8,01,B02
200600015420,0,33,000,00,2,7,01,C03
200600015420,0,33,000,14,2,6,21,D04
200600015420,0,33,000,14,2,2,21,E05
200600015421,0,07,000,00,2,1,13,A01
200600015421,0,07,000,00,2,1,01,B02
200600015422,0,07,000,02,0,1,01,A01
200600015423,0,07,000,00,2,3,01,A01
200600015423,0,07,000,00,2,3,15,B02
200600015424,0,07,000,13,0,1,01,A01
200600015425,0,02,000,00,2,2,01,A01
200600015425,0,31,000,00,2,3,15,B02
200600015426,0,14,000,00,9,5,19,A01
200600015426,0,02,000,00,2,1,01,B02
200600015427,0,07,000,00,2,3,19,A01
200600015427,0,07,000,00,2,2,01,B02
200600015428,0,05,000,12,0,0,01,A01
200600015429,0,07,000,02,0,3,00,A01
200600015430,0,07,000,00,2,8,15,B02
200600015430,0,07,000,00,2,1,01,A01
200600015431,0,07,000,06,0,3,01,A01
200600015432,0,07,000,00,2,7,01,A01
200600015432,0,07,000,00,2,1,01,B02
200600015433,0,07,000,00,2,3,19,B02
200600015433,0,32,000,00,0,1,01,A01
200600015434,0,07,000,00,2,2,01,B02
200600015434,0,07,000,00,2,1,19,A01
200600015435,0,30,000,00,0,7,01,A01
200600015435,0,31,000,00,0,3,19,B02
200600015436,0,07,000,00,0,2,01,A01
200600015436,0,02,000,00,2,1,01,B02
200600015437,0,07,000,00,0,9,00,A01
200600015438,0,07,000,00,2,5,01,A01
200600015438,0,31,000,00,2,1,01,B02
200600015439,0,07,000,00,9,2,17,A01
200600015439,0,02,000,00,2,1,01,B02
200600015440,0,07,000,13,0,9,01,A01
200600015441,0,10,000,00,0,2,15,A01
200600015441,0,02,000,00,2,7,01,B02
200600015442,0,07,000,00,2,1,13,A01
200600015442,0,07,000,00,2,1,01,B02
200600015443,0,07,000,16,0,2,00,A01
200600015444,0,07,000,16,0,9,00,A01
200600015445,0,07,000,13,0,3,01,A01
200600015446,0,14,000,06,0,1,00,A01
200600015447,0,07,000,00,0,9,01,A01
200600015448,0,07,000,02,0,8,17,A01
200600015449,0,07,000,00,2,2,15,A01
200600015449,0,02,000,00,2,1,01,B02
200600015450,0,07,000,00,2,5,13,A01
200600015450,0,14,000,00,2,2,01,B02
200600015451,0,07,000,00,1,7,17,A01
200600015452,0,02,000,15,0,3,13,A01
200600015453,0,07,000,00,0,2,00,A01
200600015454,0,07,000,14,0,1,00,A01
200600015455,0,14,000,00,1,8,01,A01
200600015456,2,07,000,00,2,2,02,A01
200600015456,0,07,000,00,2,4,02,B02
200600015457,0,10,000,00,2,2,17,A01
200600015457,0,10,000,00,2,3,15,B02
200600015458,0,33,000,00,2,3,01,A01
200600015458,0,07,000,00,2,5,01,B02
200600015459,0,07,000,00,0,9,01,A01
200600015460,0,07,000,16,0,9,14,A01
200600015461,0,10,000,00,2,3,13,A01
200600015461,0,07,000,00,2,3,01,B02
200600015462,0,33,000,16,0,7,01,A01
200600015463,0,33,000,06,0,2,02,A01
200600015464,0,07,000,00,2,1,01,A01
200600015464,0,07,000,00,2,1,09,B02
200600015465,0,07,000,00,2,3,13,A01
200600015465,0,07,000,00,2,8,01,B02
200600015466,0,07,000,00,2,3,19,A01
200600015466,0,02,000,00,2,1,01,B02
200600015467,0,31,000,00,2,1,01,A01
200600015467,0,07,000,00,0,6,01,B02
200600015468,0,07,000,00,1,1,19,A01
200600015469,0,14,000,00,2,1,02,A01
200600015469,0,14,000,00,2,4,02,B02
200600015469,0,07,000,00,2,4,02,C03
200600015469,0,07,000,00,2,4,02,D04
200600015469,0,07,000,00,2,4,02,E05
200600015469,0,07,000,00,2,4,02,F06
200600015470,0,03,000,00,2,3,01,A01
200600015470,0,07,000,00,2,3,01,B02
200600015471,0,07,000,00,2,1,01,A01
200600015471,0,07,000,00,2,8,15,B02
200600015472,0,07,000,02,0,1,14,A01
200600015473,0,07,000,00,2,1,02,A01
200600015473,0,07,000,00,2,4,02,B02
200600015473,0,13,000,00,2,1,05,C03
200600015473,0,07,000,00,2,4,02,D04
200600015474,0,07,000,00,4,3,09,A01
200600015474,0,39,000,00,2,1,01,B02
200600015475,0,07,000,03,0,1,01,A01
200600015476,0,33,000,00,0,0,01,A01
200600015477,0,07,000,00,2,1,01,A01
200600015477,0,07,000,00,2,8,00,B02
200600015478,0,07,000,00,2,1,10,A01
200600015478,0,15,000,00,2,8,01,B02
200600015479,0,07,000,00,2,1,02,A01
200600015479,0,07,000,00,2,4,02,B02
200600015480,0,07,000,00,2,3,13,A01
200600015480,0,07,000,00,2,3,01,B02
200600015481,0,07,000,00,2,7,19,A01
200600015481,0,07,000,00,2,1,01,B02
200600015482,0,07,000,14,0,6,00,A01
200600015483,0,07,000,08,0,2,01,A01
200600015484,0,07,000,01,0,1,01,A01
200600015484,0,07,000,00,2,4,23,B02
200600015485,0,07,000,00,2,4,02,A01
200600015485,0,07,000,00,2,1,02,B02
200600015486,0,02,000,05,0,1,00,A01
200600015487,0,07,000,00,2,1,17,A01
200600015487,0,07,000,00,0,1,01,B02
200600015488,0,07,000,08,0,9,01,A01
200600015489,0,07,000,00,2,7,01,A01
200600015489,0,17,000,00,2,2,01,B02
200600015490,0,07,000,00,1,1,17,A01
200600015491,0,07,000,00,1,1,01,A01
200600015492,0,07,000,00,2,1,13,A01
200600015492,0,07,000,00,2,1,01,B02
200600015493,0,07,000,01,0,3,01,A01
200600015494,0,07,000,08,0,8,14,A01
200600015495,0,07,000,00,2,1,01,A01
200600015495,0,07,000,00,2,2,19,C03
200600015496,0,13,000,00,0,3,01,A01
200600015496,0,07,000,00,0,3,15,B02
200600015497,0,07,000,00,2,1,02,A01
200600015497,0,07,000,00,2,4,01,B02
200600015498,0,07,000,00,2,5,15,A01
200600015498,0,31,000,00,2,1,01,B02
200600015499,0,07,000,00,0,1,01,A01
200600015500,0,05,000,00,0,0,00,A01
200600015501,0,07,000,13,0,9,01,A01
200600015502,0,07,000,13,0,3,01,A01
200600015503,0,07,000,00,0,1,01,A01
200600015504,0,07,000,00,2,1,02,A01
200600015504,0,07,000,00,2,7,02,B02
200600015505,0,07,000,08,0,3,13,A01
200600015506,0,07,000,07,2,3,01,A01
200600015506,0,10,000,07,2,5,01,B02
200600015507,0,07,000,05,0,2,02,A01
200600015508,0,07,000,00,2,2,15,A01
200600015508,0,33,000,00,2,1,01,B02
200600015509,0,07,000,00,9,3,23,A01
200600015509,0,01,000,01,0,1,00,B02
200600015510,0,07,000,00,2,1,02,A01
200600015510,0,33,000,00,2,4,02,B02
200600015511,0,07,000,06,0,1,01,A01
200600015512,0,13,000,08,0,8,01,A01
200600015513,0,07,000,00,2,8,17,A01
200600015513,0,33,000,00,2,8,01,B02
200600015514,0,07,000,02,0,3,01,A01
200600015515,0,07,000,15,0,1,01,A01
200600015516,0,14,000,00,2,3,01,B02
200600015516,0,07,000,00,2,2,01,A01
200600015517,0,10,000,00,2,3,01,A01
200600015517,0,02,000,00,0,1,01,B02
200600015518,0,07,000,02,0,1,01,A01
200600015519,0,07,000,13,0,1,01,A01
200600015520,0,32,000,00,2,2,02,A01
200600015520,0,14,000,00,2,3,11,B02
200600015521,0,07,000,00,1,3,01,A01
200600015522,0,07,000,00,1,4,04,A01
200600015523,0,07,000,02,0,1,14,A01
200600015524,0,07,000,00,2,1,11,A01
200600015524,0,10,000,00,2,1,01,B02
200600015525,0,07,000,00,2,3,13,A01
200600015525,0,07,000,00,2,2,01,B02
200600015526,0,07,000,00,2,1,19,A01
200600015526,0,07,000,00,2,8,01,B02
200600015527,0,07,000,00,1,3,17,A01
200600015528,0,02,000,00,2,1,01,A01
200600015528,0,07,000,00,0,7,19,B02
200600015529,0,02,000,00,0,7,01,A01
200600015530,0,07,000,15,0,3,01,A01
200600015531,0,07,000,00,2,3,09,A01
200600015531,0,02,000,00,2,1,01,B02
200600015532,0,07,000,00,0,0,00,A01
200600015532,0,07,000,00,2,2,01,B02
200600015533,0,07,000,00,2,3,00,A01
200600015533,0,07,000,00,2,3,01,B02
200600015534,0,07,000,13,0,2,21,A01
200600015535,0,31,000,00,2,0,09,A01
200600015535,0,07,000,00,2,5,16,B02
200600015536,0,07,000,03,0,2,02,A01
200600015537,0,07,000,06,0,9,19,A01
200600015538,0,07,000,13,0,3,01,A01
200600015539,0,01,000,00,0,3,02,A01
200600015540,0,01,000,00,0,8,19,A01
200600015540,0,07,000,00,2,1,01,B02
200600015541,0,07,000,00,2,1,13,A01
200600015541,0,07,000,00,2,2,01,B02
200600015542,0,07,000,13,0,1,02,A01
200600015543,0,30,000,00,2,1,17,A01
200600015543,0,07,000,00,2,3,01,B02
200600015544,0,07,000,13,1,2,01,A01
200600015545,0,07,000,06,0,1,14,A01
200600015546,0,07,000,00,2,3,19,A01
200600015546,0,07,000,00,2,2,01,B02
200600015547,0,07,000,00,2,2,14,A01
200600015547,0,07,000,00,2,8,01,B02
200600015548,0,07,000,00,2,3,13,A01
200600015548,0,07,000,00,2,3,01,B02
200600015549,0,02,000,00,2,2,01,A01
200600015549,0,07,000,00,2,1,19,B02
200600015550,0,07,000,00,2,1,01,A01
200600015550,0,07,000,00,2,1,01,B02
200600015551,0,07,000,13,0,1,01,A01
200600015552,0,14,000,00,2,1,13,A01
200600015552,0,07,000,00,2,1,01,B02
200600015553,0,31,000,03,0,9,01,A01
200600015553,0,31,000,03,0,9,01,B02
200600015554,0,07,000,00,1,1,16,A01
200600015555,0,07,000,00,1,3,01,A01
200600015556,0,02,000,00,2,1,02,A01
200600015556,0,21,000,00,0,5,16,B02
200600015557,0,07,000,08,0,7,01,A01
200600015558,0,07,000,06,0,1,01,A01
200600015559,0,14,000,00,2,3,01,B02
200600015559,0,07,000,00,2,8,01,A01
200600015560,0,38,000,00,2,2,01,A01
200600015560,0,07,000,00,2,3,15,B02
200600015561,0,07,000,00,2,3,13,A01
200600015561,0,14,000,00,2,3,01,B02
200600015562,0,07,000,00,2,3,16,A01
200600015562,0,02,000,00,2,1,01,B02
200600015563,0,07,000,00,2,2,01,A01
200600015563,0,07,000,00,2,8,01,B02
200600015564,0,07,000,00,2,4,01,A01
200600015564,0,07,000,00,2,1,15,B02
200600015565,0,07,000,00,2,3,01,A01
200600015565,0,07,000,00,0,3,15,B02
200600015566,0,21,000,00,1,1,21,A01
200600015567,0,07,000,13,0,1,01,A01
200600015568,0,07,000,00,2,3,01,A01
200600015568,0,39,000,00,2,3,01,B02
200600015569,0,13,000,06,0,1,13,A01
200600015570,0,07,000,00,0,3,13,A01
200600015570,0,07,000,00,0,3,01,B02
200600015571,0,07,000,00,1,2,01,A01
200600015572,0,07,000,00,1,3,01,A01
200600015573,0,38,000,00,2,4,04,A01
200600015573,0,30,000,00,2,1,23,B02
200600015574,0,07,000,00,2,2,15,A01
200600015574,0,07,000,00,2,1,01,B02
200600015575,0,07,000,13,0,3,01,A01
200600015576,0,07,000,13,2,7,15,A01
200600015576,0,07,000,00,2,2,01,B02
200600015577,0,07,000,00,2,3,01,A01
200600015577,0,07,000,00,2,2,01,B02
200600015578,0,07,000,00,2,1,01,A01
200600015578,0,10,000,00,2,7,19,B02
200600015579,0,02,000,00,2,8,10,A01
200600015579,0,07,000,00,2,2,01,B02
200600015580,0,07,000,16,0,1,01,A01
200600015581,0,02,000,09,0,0,01,A01
200600015582,0,07,000,13,0,1,01,A01
200600015582,0,07,000,13,0,1,01,B02
200600015582,0,07,000,14,0,8,01,C03
200600015582,0,07,000,14,0,1,01,D04
200600015583,0,07,000,00,1,2,01,A01
200600015584,0,07,000,00,2,2,19,A01
200600015584,0,02,000,00,0,1,00,B02
200600015585,0,07,000,00,2,1,01,A01
200600015585,0,07,000,00,2,2,15,B02
200600015586,0,07,000,10,0,2,14,A01
200600015587,0,07,000,00,0,1,19,A01
200600015587,0,33,000,00,0,9,01,B02
200600015588,0,07,000,03,0,3,01,A01
200600015589,0,14,000,00,2,1,01,A01
200600015589,0,07,000,00,2,2,13,B02
200600015590,0,07,000,13,0,2,01,A01
200600015591,0,07,000,00,2,1,00,B02
200600015591,0,07,000,00,2,3,01,A01
200600015592,0,07,000,00,2,1,01,B02
200600015592,0,07,000,00,2,3,23,C03
200600015592,0,07,000,00,2,2,19,A01
200600015593,0,07,000,00,0,3,01,A01
200600015593,0,07,000,00,0,1,15,B02
200600015594,0,07,000,00,2,3,01,A01
200600015594,0,07,000,00,2,3,01,B02
200600015595,0,07,000,00,2,2,12,A01
200600015595,0,07,000,13,2,6,01,B02
200600015596,0,07,000,00,0,0,00,A01
200600015596,0,07,000,00,2,1,01,B02
200600015597,0,07,000,00,2,8,10,A01
200600015597,0,33,000,00,2,1,01,B02
200600015598,0,07,000,00,0,0,01,A01
200600015598,0,07,000,00,2,8,15,B02
200600015599,0,07,000,13,0,1,01,A01
200600015600,0,07,000,00,2,2,15,A01
200600015600,0,33,000,00,2,1,01,B02
200600015601,0,02,000,00,2,1,01,A01
200600015601,0,07,000,00,2,2,09,B02
200600015602,0,07,000,08,0,3,13,A01
200600015603,0,10,000,13,0,3,00,A01
200600015604,0,07,000,00,2,3,15,A01
200600015604,0,02,000,00,2,1,01,B02
200600015605,0,30,000,00,2,7,15,A01
200600015605,0,07,000,00,2,1,01,B02
200600015606,0,10,000,00,2,2,02,A01
200600015606,0,02,000,00,0,8,13,B02
200600015607,0,07,000,00,2,5,09,A01
200600015607,0,33,000,00,2,8,01,B02
200600015607,0,33,000,00,2,1,02,C03
200600015608,0,07,000,00,2,7,15,A01
200600015608,0,33,000,00,2,1,01,B02
200600015609,0,07,000,00,0,0,00,A01
200600015609,0,07,000,00,2,1,01,B02
200600015610,0,07,000,00,1,2,01,A01
200600015611,0,07,000,02,0,8,01,A01