Num_Acc,senc,catv,occutc,obs,obsm,choc,manv,num_veh
200600015612,0,07,000,00,2,4,01,A01
200600015612,0,33,000,00,2,1,01,B02
200600015613,0,33,000,00,0,8,17,A01
200600015613,0,07,000,00,2,8,21,B02
200600015614,0,07,000,00,1,3,01,A01
200600015615,0,07,000,02,0,8,01,A01
200600015616,0,07,000,00,2,1,01,A01
200600015616,0,07,000,00,2,1,15,B02
200600015617,0,10,000,02,0,2,14,A01
200600015618,0,33,000,00,2,1,01,C03
200600015618,0,07,000,00,2,8,23,A01
200600015618,0,07,000,00,2,1,19,B02
200600015619,0,07,000,13,0,9,21,A01
200600015620,0,07,000,00,0,3,01,A01
200600015620,0,02,000,00,0,1,00,B02
200600015621,0,02,000,00,2,1,13,A01
200600015621,0,07,000,00,9,3,00,B02
200600015622,0,07,000,00,2,8,01,A01
200600015622,0,07,000,00,2,1,01,B02
200600015623,0,17,000,00,2,5,01,A01
200600015623,0,07,000,00,2,1,09,B02
200600015624,0,07,000,13,0,1,01,A01
200600015625,0,07,000,01,0,1,13,A01
200600015626,0,07,000,00,2,8,15,A01
200600015626,0,02,000,00,2,1,01,B02
200600015627,0,07,000,08,0,8,01,A01
200600015628,0,07,000,00,2,1,01,A01
200600015628,0,07,000,00,2,2,15,B02
200600015629,0,33,000,00,2,1,17,A01
200600015629,0,07,000,00,2,6,15,B02
200600015630,0,07,000,00,2,0,17,A01
200600015630,0,33,000,00,2,1,17,B02
200600015631,0,07,000,00,2,2,17,A01
200600015631,0,07,000,00,2,3,01,B02
200600015632,0,07,000,13,0,2,01,A01
200600015633,0,33,000,00,2,1,01,A01
200600015633,0,07,000,00,2,1,01,B02
200600015634,0,07,000,00,2,1,17,A01
200600015634,0,16,000,00,2,3,15,B02
200600015635,0,07,000,00,2,9,17,A01
200600015635,0,14,000,00,2,1,02,B02
200600015636,0,07,000,00,0,8,00,A01
200600015636,0,15,000,00,2,2,02,B02
200600015636,0,07,000,00,0,4,15,C03
200600015637,0,07,000,06,0,7,01,A01
200600015638,0,07,000,00,2,1,17,A01
200600015638,0,21,000,00,2,5,15,B02
200600015639,0,07,000,06,0,8,13,A01
200600015640,0,07,000,02,0,1,01,A01
200600015641,0,07,000,00,2,2,13,A01
200600015641,0,07,000,00,2,3,01,B02
200600015641,0,07,000,00,2,1,01,C03
200600015642,0,07,000,00,0,4,15,A01
200600015642,0,07,000,00,2,1,02,B02
200600015643,0,07,000,06,0,3,13,A01
200600015644,0,07,000,00,2,2,15,A01
200600015644,0,07,000,00,2,1,01,B02
200600015645,0,07,000,00,0,1,00,A01
200600015645,0,07,000,00,0,8,00,B02
200600015646,0,07,000,00,2,2,19,A01
200600015646,0,07,000,00,2,3,01,B02
200600015647,0,33,000,00,2,1,17,A01
200600015647,0,21,000,00,2,8,15,B02
200600015648,0,10,000,08,0,1,01,A01
200600015649,0,10,000,00,2,1,01,A01
200600015649,0,10,000,00,2,7,15,B02
200600015649,0,10,000,00,2,8,23,C03
200600015650,0,07,000,02,0,2,01,A01
200600015651,0,10,000,00,9,6,21,A01
200600015651,0,07,000,00,9,6,21,B02
200600015651,0,07,000,00,2,1,02,C03
200600015651,0,07,000,00,2,4,23,D04
200600015652,0,07,000,00,1,1,01,A01
200600015653,0,07,000,13,0,3,01,A01
200600015654,0,30,000,00,2,1,17,A01
200600015654,0,07,000,00,2,2,01,B02
200600015655,0,07,000,00,0,1,01,A01
200600015655,0,07,000,00,0,2,15,B02
200600015656,0,07,000,00,2,2,01,A01
200600015656,0,07,000,00,2,6,17,B02
200600015657,0,07,000,11,0,3,01,A01
200600015658,0,07,000,13,0,2,01,A01
200600015659,0,07,000,02,0,8,01,A01
200600015660,0,07,000,14,0,3,02,A01
200600015660,0,33,000,00,0,4,23,B02
200600015661,0,07,000,00,2,1,01,A01
200600015661,0,07,000,00,2,1,01,B02
200600015662,0,07,000,00,2,3,15,A01
200600015662,0,32,000,00,2,3,17,B02
200600015663,0,07,000,00,2,7,13,A01
200600015663,0,07,000,00,2,1,01,B02
200600015664,0,07,000,00,2,1,01,A01
200600015664,0,07,000,00,2,3,15,B02
200600015665,0,07,000,08,0,7,00,A01
200600015666,0,17,000,00,2,0,15,A01
200600015666,0,07,000,00,2,2,01,B02
200600015667,0,30,000,14,0,1,01,A01
200600015668,0,07,000,00,2,1,15,A01
200600015668,0,02,000,00,2,1,01,B02
200600015669,0,07,000,00,2,3,01,A01
200600015669,0,07,000,00,2,3,15,B02
200600015670,0,10,000,00,2,3,01,A01
200600015670,0,10,000,00,2,2,01,B02
200600015670,0,07,000,00,2,3,01,C03
200600015671,0,07,000,13,2,8,00,A01
200600015671,0,07,000,00,2,2,01,B02
200600015672,0,31,000,13,0,3,13,A01
200600015673,0,05,000,00,2,1,17,A01
200600015673,0,01,000,00,2,8,15,B02
200600015674,0,07,000,00,2,1,15,A01
200600015674,0,05,000,00,2,1,01,B02
200600015675,0,10,000,00,2,1,05,A01
200600015675,0,07,000,00,2,1,01,B02
200600015675,0,07,000,14,0,1,01,C03
200600015676,0,07,000,00,2,3,19,A01
200600015676,0,02,000,00,2,1,01,B02
200600015677,0,02,000,11,0,1,02,A01
200600015678,0,02,000,16,0,0,01,A01
200600015679,0,07,000,00,2,2,13,A01
200600015679,0,31,000,00,2,1,01,B02
200600015680,0,07,000,00,1,3,01,A01
200600015681,0,07,000,02,0,1,13,A01
200600015682,0,07,000,00,2,1,01,A01
200600015682,0,07,000,00,0,4,23,B02
200600015683,0,07,000,02,0,8,14,A01
200600015684,0,07,000,00,1,1,01,A01
200600015685,0,07,000,06,2,7,01,B02
200600015685,0,10,000,06,2,1,01,A01
200600015686,0,07,000,00,2,7,15,A01
200600015686,0,31,000,00,2,1,01,B02
200600015687,0,02,000,00,2,1,02,A01
200600015687,0,10,000,00,2,3,15,B02
200600015688,0,07,000,00,1,0,01,A01
200600015688,0,07,000,00,0,0,24,B02
200600015689,0,07,000,00,2,1,13,A01
200600015689,0,07,000,00,0,7,21,B02
200600015690,0,07,000,00,2,3,13,A01
200600015690,0,07,000,00,2,1,01,B02
200600015691,0,02,000,00,2,1,05,A01
200600015691,0,07,000,00,2,1,01,B02
200600015692,0,10,000,00,2,8,10,A01
200600015692,0,07,000,00,2,2,01,B02
200600015693,0,07,000,00,1,8,15,A01
200600015694,0,07,000,00,2,8,15,A01
200600015694,0,02,000,00,2,9,17,B02
200600015695,0,17,000,06,0,3,13,A01
200600015696,0,01,000,00,2,4,15,A01
200600015696,0,07,000,00,2,3,01,B02
200600015697,0,35,000,01,0,1,01,A01
200600015697,0,14,000,00,2,4,23,B02
200600015698,0,17,000,00,2,5,17,A01
200600015698,0,02,000,00,2,3,01,B02
200600015699,0,15,000,00,2,1,01,B02
200600015699,0,07,000,13,2,3,01,A01
200600015700,0,07,000,08,0,7,01,A01
200600015701,0,07,000,00,2,1,01,A01
200600015701,0,07,000,00,0,4,01,B02
200600015702,0,07,000,00,2,1,02,A01
200600015702,0,07,000,00,0,4,02,B02
200600015703,0,32,000,00,2,1,01,A01
200600015703,0,13,000,00,2,2,00,B02
200600015704,0,07,000,00,2,1,01,A01
200600015704,0,07,000,00,2,1,15,B02
200600015705,0,07,000,00,2,1,13,A01
200600015705,0,07,000,00,2,1,01,B02
200600015706,0,30,000,00,2,1,01,B02
200600015706,0,10,000,00,9,3,15,A01
200600015707,0,02,000,00,2,1,01,A01
200600015707,0,10,000,00,2,7,19,C03
200600015708,0,07,000,00,1,2,02,A01
200600015709,0,07,000,00,2,1,01,A01
200600015709,0,07,000,00,2,1,23,B02
200600015709,0,02,000,00,2,1,19,C03
200600015710,0,07,000,13,0,2,14,A01
200600015711,0,07,000,00,0,2,00,A01
200600015712,0,07,000,00,2,7,01,A01
200600015712,0,02,000,00,2,1,19,B02
200600015713,0,07,000,06,0,1,13,A01
200600015714,0,07,000,07,0,7,19,A01
200600015714,0,07,000,00,2,1,01,B02
200600015715,0,02,000,00,2,2,01,B02
200600015715,0,07,000,00,9,3,23,A01
200600015716,0,30,000,00,2,1,01,A01
200600015716,0,07,000,00,2,2,19,B02
200600015717,0,07,000,00,2,1,13,A01
200600015717,0,07,000,00,2,1,01,B02
200600015718,0,07,000,06,0,3,01,A01
200600015719,0,07,000,00,2,8,01,A01
200600015719,0,07,000,00,2,1,01,B02
200600015720,0,07,000,00,2,3,09,A01
200600015720,0,14,000,00,2,2,01,B02
200600015721,0,07,000,16,2,8,01,A01
200600015722,0,07,000,00,9,7,15,A01
200600015722,0,01,000,00,2,2,01,B02
200600015723,0,07,000,00,0,1,13,A01
200600015723,0,07,000,00,0,1,02,B02
200600015724,0,37,000,00,0,1,01,A01
200600015724,0,10,000,00,0,6,00,B02
200600015725,0,14,000,00,2,3,01,A01
200600015725,0,07,000,00,2,1,01,B02
200600015726,0,07,000,00,2,3,13,A01
200600015726,0,07,000,00,2,3,01,B02
200600015727,0,07,000,00,1,3,01,A01
200600015728,0,31,000,00,2,9,10,A01
200600015728,0,31,000,00,2,9,01,B02
200600015729,0,07,000,00,9,3,01,A01
200600015729,0,01,000,00,2,8,19,B02
200600015730,0,31,000,00,1,1,01,A01
200600015731,0,31,000,00,0,0,01,A01
200600015732,0,07,000,00,2,2,01,B02
200600015732,0,07,000,00,2,3,19,A01
200600015733,0,10,000,00,2,3,19,A01
200600015733,0,10,000,00,2,3,19,B02
200600015733,0,15,000,08,2,5,01,C03
200600015733,0,15,000,08,2,5,01,D04
200600015734,0,07,000,00,2,1,13,A01
200600015734,0,33,000,00,2,3,10,B02
200600015735,0,07,000,08,0,7,01,A01
200600015736,0,07,000,00,1,1,15,A01
200600015737,0,10,000,13,0,2,14,A01
200600015738,0,07,000,06,0,2,01,A01
200600015739,0,05,000,00,0,0,00,A01
200600015740,0,02,000,00,0,6,15,A01
200600015740,0,07,000,00,0,2,17,B02
200600015741,0,10,000,15,2,7,19,A01
200600015741,0,07,000,00,2,1,01,B02
200600015742,0,07,000,00,2,3,15,A01
200600015742,0,02,000,00,2,2,17,B02
200600015743,0,10,000,13,0,1,13,A01
200600015743,0,14,000,00,0,0,00,B02
200600015743,0,07,000,13,0,3,02,C03
200600015744,0,02,000,00,2,2,01,A01
200600015744,0,07,000,00,2,1,15,B02
200600015745,0,07,000,02,0,1,01,A01
200600015746,0,07,000,00,2,3,13,A01
200600015746,0,07,000,00,2,3,01,B02
200600015746,0,07,000,00,2,8,01,C03
200600015746,0,07,000,00,2,1,01,D04
200600015747,0,07,000,00,0,7,10,A01
200600015747,0,31,000,00,0,1,01,B02
200600015748,0,16,000,00,0,3,17,A01
200600015749,0,07,000,02,0,8,01,A01
200600015750,0,07,000,01,0,1,02,A01
200600015750,0,07,000,00,0,4,13,B02
200600015751,0,07,000,00,2,1,15,A01
200600015751,0,02,000,00,2,1,01,B02
200600015752,0,07,000,00,9,1,19,A01
200600015752,0,01,000,00,2,5,01,B02
200600015753,0,33,000,00,2,1,01,B02
200600015753,0,07,000,00,2,8,19,A01
200600015754,0,07,000,00,1,3,01,A01
200600015755,0,33,000,00,2,1,01,B02
200600015755,0,10,000,00,2,2,19,A01
200600015756,0,31,000,00,2,1,13,A01
200600015756,0,07,000,00,2,2,01,B02
200600015757,0,14,000,02,0,2,01,A01
200600015758,0,07,000,00,2,1,13,A01
200600015758,0,17,000,00,2,3,01,B02
200600015759,0,07,000,00,1,1,01,A01
200600015760,0,10,000,00,2,6,19,A01
200600015760,0,02,000,00,2,1,01,B02
200600015761,0,07,000,02,0,1,14,A01
200600015762,0,07,000,00,0,8,01,A01
200600015762,0,02,000,00,2,1,19,B02
200600015763,0,07,000,00,2,3,15,A01
200600015763,0,33,000,00,2,1,01,B02
200600015764,0,07,000,00,2,1,01,A01
200600015764,0,02,000,00,2,7,01,B02
200600015765,0,07,000,03,0,9,16,A01
200600015766,0,33,000,00,2,7,16,A01
200600015766,0,07,000,00,2,3,01,B02
200600015767,0,33,000,00,2,1,17,A01
200600015767,0,07,000,00,2,8,10,B02
200600015768,0,07,000,00,1,2,01,A01
200600015769,0,07,000,00,2,1,05,A01
200600015769,0,07,000,00,2,1,01,B02
200600015770,1,07,000,00,2,8,13,A01
200600015770,0,07,000,00,2,8,01,B02
200600015770,0,07,000,00,9,1,01,C03
200600015771,0,14,000,02,0,9,00,A01
200600015772,0,07,000,02,0,1,01,A01
200600015773,0,07,000,00,0,6,02,A01
200600015773,0,33,000,00,2,1,01,B02
200600015774,0,02,000,00,2,1,15,A01
200600015774,0,10,000,00,2,3,01,B02
200600015774,0,13,000,00,9,3,01,C03
200600015775,0,07,000,02,0,3,14,A01
200600015776,0,07,000,00,2,1,15,A01
200600015776,0,01,000,00,2,7,01,B02
200600015777,0,07,000,02,0,1,01,A01
200600015778,0,17,000,00,2,1,01,A01
200600015778,0,07,000,00,2,2,19,B02
200600015779,0,33,000,09,0,8,01,A01
200600015780,0,03,000,00,2,3,15,A01
200600015780,0,07,000,00,2,3,01,B02
200600015781,0,10,000,00,2,7,01,A01
200600015781,0,10,000,00,2,3,01,B02
200600015782,0,07,000,02,0,1,01,A01
200600015783,0,01,000,00,0,0,17,A01
200600015784,0,07,000,14,0,3,01,A01
200600015785,0,07,000,13,0,0,01,A01
200600015786,0,07,000,00,2,2,15,A01
200600015786,0,07,000,00,2,1,01,B02
200600015787,0,07,000,02,0,1,01,A01
200600015788,0,07,000,00,2,3,01,A01
200600015788,0,10,000,00,2,3,01,B02
200600015789,0,07,000,00,2,3,15,A01
200600015789,0,02,000,00,2,1,01,B02
200600015790,0,10,000,13,0,9,01,A01
200600015791,0,07,000,00,2,5,19,A01
200600015791,0,07,000,00,2,1,01,B02
200600015792,0,07,000,00,2,3,13,A01
200600015792,0,07,000,00,2,3,01,B02
200600015793,0,07,000,00,2,6,15,A01
200600015793,0,02,000,00,2,1,01,B02
200600015794,0,17,000,00,2,1,13,A01
200600015794,0,10,000,00,2,1,01,B02
200600015794,0,10,000,00,2,1,01,C03
200600015795,0,07,000,08,0,1,13,A01
200600015796,0,07,000,15,0,2,14,A01
200600015797,0,33,000,04,5,4,17,A01
200600015797,0,33,000,04,5,1,17,B02
200600015798,0,07,000,02,0,3,01,A01
200600015799,0,07,000,02,0,2,01,A01
200600015800,0,07,000,06,0,3,01,A01
200600015801,0,07,000,00,0,1,01,A01
200600015802,0,07,000,00,2,1,01,A01
200600015802,0,07,000,00,2,1,01,B02
200600015803,0,07,000,00,2,1,19,A01
200600015803,0,02,000,00,2,7,01,B02
200600015804,0,07,000,00,2,1,01,A01
200600015804,0,07,000,00,2,3,01,B02
200600015805,0,07,000,00,2,3,01,A01
200600015805,0,02,000,00,2,1,15,B02
200600015806,0,07,000,00,2,2,17,A01
200600015806,0,07,000,00,2,3,01,B02
200600015806,0,07,000,00,2,3,01,C03
200600015807,0,14,000,00,0,0,00,A01
200600015808,0,07,000,00,2,3,01,A01
200600015808,0,07,000,00,2,3,01,B02
200600015808,0,07,000,00,2,3,01,C03
200600015809,0,07,000,14,0,1,01,A01
200600015810,0,07,000,01,2,1,13,A01
200600015810,0,07,000,06,2,6,01,B02
200600015810,0,07,000,00,0,8,24,C03
200600015810,0,07,000,00,0,0,24,D04
200600015811,0,07,000,08,0,1,01,A01
200600015812,0,33,000,08,0,1,01,A01
200600015813,0,10,000,00,2,3,01,A01
200600015813,0,02,000,00,2,1,01,B02
200600015814,0,07,000,00,2,3,19,A01
200600015814,0,02,000,00,2,1,15,B02
200600015815,0,10,000,00,2,3,01,A01
200600015815,0,01,000,00,2,4,01,B02
200600015816,0,07,000,00,2,1,05,A01
200600015816,0,10,000,00,2,1,01,B02
200600015817,0,10,000,00,2,1,00,A01
200600015817,0,17,000,00,2,5,20,C03
200600015818,0,10,000,00,2,1,01,A01
200600015818,0,10,000,00,0,4,23,B02
200600015819,0,07,000,00,2,1,01,A01
200600015819,0,07,000,00,0,4,15,B02
200600015820,0,02,000,00,1,2,01,A01
200600015821,0,10,000,00,0,0,00,A01
200600015821,0,07,000,00,2,4,15,C03
200600015821,0,10,000,00,2,1,01,D04
200600015821,0,07,000,00,2,3,01,E05
200600015821,0,07,000,00,2,3,01,F06
200600015822,0,07,000,00,0,9,01,A01
200600015823,0,02,000,11,0,7,00,A01
200600015824,0,07,000,00,2,1,01,A01
200600015824,0,02,000,00,2,7,19,B02
200600015825,0,14,000,00,2,2,17,A01
200600015825,0,01,000,00,0,4,13,B02
200600015826,0,07,000,02,0,5,01,A01
200600015827,0,07,000,00,2,7,14,A01
200600015827,0,30,000,00,2,8,01,B02
200600015828,0,33,000,00,0,1,01,A01
200600015829,0,07,000,00,1,3,01,A01
200600015830,0,07,000,02,0,9,01,A01
200600015831,0,07,000,00,2,1,00,A01
200600015832,0,07,000,00,0,0,00,A01
200600015832,0,07,000,00,2,3,01,B02
200600015833,0,33,000,06,0,1,00,A01
200600015834,0,07,000,02,0,1,01,A01
200600015835,0,07,000,00,2,1,05,A01
200600015835,0,07,000,00,2,3,01,B02
200600015835,0,07,000,00,2,3,01,C03
200600015836,0,01,000,00,0,0,01,A01
200600015837,0,07,000,00,2,8,19,A01
200600015837,0,02,000,00,2,1,01,B02
200600015838,0,02,000,00,2,1,17,A01
200600015838,0,07,000,00,2,3,17,B02
200600015839,0,07,000,00,1,3,01,A01
200600015840,0,07,000,00,2,2,01,A01
200600015840,0,02,000,00,2,1,19,B02
200600015841,0,07,000,13,0,1,14,A01
200600015842,0,07,000,00,1,2,18,A01
200600015843,0,07,000,00,2,1,05,A01
200600015843,0,07,000,00,2,1,01,B02
200600015844,0,07,000,00,1,2,09,A01
200600015845,0,07,000,07,2,3,16,A01
200600015845,0,07,000,00,0,6,23,B02
200600015846,0,07,000,00,0,5,13,A01
200600015846,0,07,000,00,2,1,01,B02
200600015847,0,07,000,00,2,3,00,A01
200600015847,0,02,000,00,2,1,17,B02
200600015848,0,33,000,00,0,8,01,A01
200600015849,0,07,000,00,2,1,13,A01
200600015849,0,15,000,00,2,1,01,B02
200600015850,0,17,000,08,0,8,14,A01
200600015850,0,17,000,08,0,8,14,B02
200600015851,0,10,000,00,1,8,01,A01
200600015852,0,15,000,00,0,2,01,A01
200600015853,0,07,000,00,2,3,15,A01
200600015853,0,07,000,00,2,3,01,B02
200600015854,0,02,000,00,2,1,01,A01
200600015854,0,07,000,00,2,7,01,B02
200600015855,0,02,000,12,0,1,01,A01
200600015856,0,07,000,00,2,1,16,A01
200600015856,0,07,000,00,0,8,24,B02
200600015857,0,07,000,00,2,1,01,A01
200600015857,0,07,000,00,0,1,19,B02
200600015858,0,07,000,00,2,2,01,A01
200600015858,0,02,000,00,2,7,19,B02
200600015859,0,07,000,00,2,1,13,A01
200600015859,0,07,000,00,2,2,14,B02
200600015860,0,07,000,00,0,3,00,A01
200600015860,0,02,000,00,2,1,13,B02
200600015861,0,07,000,00,2,6,19,A01
200600015861,0,31,000,00,2,1,01,B02
200600015862,0,07,000,00,2,1,01,A01
200600015862,0,07,000,00,0,3,15,B02
200600015863,0,07,000,00,9,1,19,E05
200600015863,0,01,000,00,2,1,01,A01
200600015863,0,01,000,00,2,1,01,B02
200600015863,0,01,000,00,2,1,01,C03
200600015863,0,01,000,00,2,1,01,D04
200600015864,0,02,000,00,0,8,15,A01
200600015864,0,07,000,00,0,1,01,B02
200600015865,0,07,000,02,0,8,13,A01
200600015866,0,07,000,13,0,3,01,A01
200600015867,0,16,000,13,0,3,01,A01
200600015868,0,17,000,00,2,2,01,A01
200600015868,0,07,000,00,2,1,15,B02
200600015869,0,02,000,00,2,3,01,A01
200600015869,0,07,000,00,2,3,01,B02
200600015870,0,07,000,12,0,1,14,A01
200600015871,0,07,000,00,2,2,17,A01
200600015871,0,07,000,00,2,6,15,B02
200600015872,0,07,000,00,2,1,19,B02
200600015872,0,07,000,00,0,2,01,A01
200600015873,0,07,000,00,2,3,01,A01
200600015873,0,07,000,00,2,3,01,B02
200600015874,0,07,000,00,2,2,15,A01
200600015874,0,02,000,00,2,1,01,B02
200600015875,0,07,000,00,2,1,01,B02
200600015875,0,07,000,00,0,8,19,A01
200600015876,0,17,000,00,1,2,01,A01
200600015877,0,02,000,00,0,0,01,A01
200600015878,0,07,000,08,0,3,13,A01
200600015879,0,13,000,00,2,2,01,A01
200600015879,0,10,000,00,2,3,09,B02
200600015880,0,07,000,00,2,1,02,A01
200600015880,0,07,000,00,2,4,02,B02
200600015881,0,07,000,04,0,3,21,A01
200600015881,1,07,000,00,0,0,05,B02
200600015882,0,07,000,02,0,2,01,A01
200600015883,0,07,000,00,2,1,13,A01
200600015883,0,10,000,00,2,1,01,B02
200600015883,0,07,000,00,2,1,13,C03
200600015884,0,07,000,02,0,1,13,A01
200600015884,0,07,000,00,0,0,00,C03
200600015885,0,07,000,00,2,1,01,A01
200600015885,0,07,000,00,2,1,13,B02
200600015886,0,02,000,08,0,1,01,A01
200600015887,0,07,000,00,0,0,00,A01
200600015887,0,07,000,00,2,2,01,B02
200600015888,0,15,000,00,2,0,02,A01
200600015888,0,01,000,00,0,0,02,B02
200600015889,0,07,000,00,0,3,15,A01
200600015889,0,31,000,00,2,1,01,B02
200600015890,0,07,000,00,2,1,01,A01
200600015890,0,07,000,00,0,3,15,B02
200600015891,0,07,000,13,0,2,01,A01
200600015892,0,07,000,00,0,0,00,A01
200600015892,0,17,000,00,0,6,23,B02
200600015893,0,07,000,00,2,2,01,A01
200600015893,0,07,000,00,2,1,01,B02
200600015894,0,07,000,00,2,2,01,A01
200600015894,0,07,000,00,2,1,15,B02
200600015895,0,07,000,00,2,3,01,A01
200600015895,0,15,000,00,2,3,01,B02
200600015896,0,07,000,00,2,1,17,A01
200600015896,0,07,000,00,2,3,01,B02
200600015897,0,07,000,01,1,1,15,A01
200600015898,0,33,000,00,0,0,01,A01
200600015898,0,34,000,00,0,0,00,B02
200600015899,0,07,000,00,2,1,13,A01
200600015899,0,07,000,00,2,1,01,B02
200600015900,0,10,000,00,2,3,01,A01
200600015900,0,17,000,00,2,3,01,B02
200600015901,0,07,000,02,0,2,01,A01
200600015902,0,07,000,00,2,1,13,A01
200600015902,0,07,000,00,2,1,01,B02
200600015902,0,10,000,00,2,1,01,C03
200600015903,0,07,000,00,2,3,01,A01
200600015903,0,07,000,00,2,3,01,B02
200600015904,0,07,000,00,1,1,02,A01
200600015905,0,07,000,02,0,3,13,A01
200600015906,0,17,000,01,2,2,01,A01
200600015906,0,17,000,00,2,6,23,B02
200600015906,0,07,000,00,2,7,17,C03
200600015907,0,33,000,00,6,3,01,A01
200600015908,0,07,000,00,2,2,01,A01
200600015908,0,07,000,00,2,3,19,B02
200600015909,0,17,000,00,2,7,21,A01
200600015909,0,10,000,13,0,1,13,B02
200600015909,0,17,000,00,2,1,21,C03
200600015910,0,31,000,00,0,7,01,A01
200600015911,0,07,000,00,2,1,13,A01
200600015911,0,07,000,00,2,1,01,B02
200600015911,0,07,000,00,2,8,01,C03
200600015912,0,07,000,00,0,2,01,A01
200600015913,0,07,000,02,0,2,21,A01
200600015914,0,07,000,00,2,1,01,A01
200600015914,0,07,000,00,2,1,13,B02
200600015915,0,33,000,00,2,1,06,A01
200600015915,0,07,000,00,0,3,10,B02
200600015916,1,07,000,00,2,0,02,A01
200600015917,0,07,000,10,0,1,01,A01
200600015918,0,10,000,00,1,3,01,A01
200600015919,0,07,000,02,0,1,01,A01
200600015920,0,07,000,00,2,1,13,A01
200600015920,0,07,000,00,2,1,01,B02
200600015921,0,07,000,02,2,1,01,A01
200600015921,0,07,000,00,2,3,19,B02
200600015922,0,07,000,00,1,2,01,A01
200600015923,0,32,000,00,2,1,01,A01
200600015924,0,07,000,00,0,3,11,A01
200600015924,0,33,000,00,2,7,01,B02
200600015925,0,31,000,00,2,1,01,A01
200600015925,0,07,000,00,0,3,15,B02
200600015926,0,07,000,00,2,7,01,A01
200600015926,0,07,000,00,2,1,01,B02
200600015927,0,07,000,00,9,7,15,A01
200600015927,0,33,000,00,2,1,01,B02
200600015928,0,07,000,00,0,2,15,A01
200600015928,0,31,000,00,2,1,01,B02
200600015929,0,99,000,00,1,2,01,A01
200600015930,0,07,000,02,0,2,13,A01
200600015931,0,07,000,02,0,1,02,A01
200600015932,0,10,000,00,2,3,13,A01
200600015932,0,02,000,00,2,1,01,B02
200600015933,0,33,000,00,2,1,17,A01
200600015933,0,17,000,00,0,6,15,B02
200600015934,0,07,000,00,2,5,15,A01
200600015934,0,07,000,00,2,1,01,B02
200600015934,0,10,000,00,2,6,23,C03
200600015935,0,07,000,00,1,1,13,A01
200600015936,0,07,000,13,0,3,13,A01
200600015937,0,07,000,13,0,1,13,A01
200600015938,0,07,000,00,2,1,02,A01
200600015938,0,01,000,00,2,0,02,B02
200600015939,0,02,000,03,0,1,14,A01
200600015940,0,02,000,00,2,7,15,A01
200600015940,1,07,000,00,2,2,01,B02
200600015941,0,07,000,00,2,2,01,A01
200600015941,0,07,000,00,0,3,19,B02
200600015942,0,07,000,00,9,7,16,A01
200600015943,0,21,000,00,9,6,19,A01
200600015943,0,05,000,00,2,1,00,B02
200600015944,0,17,000,00,0,8,16,A01
200600015945,0,07,000,02,0,1,14,A01
200600015946,0,07,000,00,2,3,09,A01
200600015946,0,01,000,00,2,1,01,B02
200600015947,0,05,000,00,2,1,01,A01
200600015947,0,10,000,00,2,8,19,B02
200600015948,0,07,000,00,2,1,19,A01
200600015948,0,07,000,00,2,8,01,B02
200600015948,0,07,000,00,2,1,19,C03
200600015949,0,07,000,00,0,7,05,A01
200600015949,0,07,000,00,0,1,01,B02
200600015950,0,02,000,00,2,1,01,A01
200600015950,0,07,000,00,0,8,19,B02
200600015951,0,31,000,00,2,1,13,A01
200600015951,0,14,000,00,0,2,01,B02
200600015952,0,07,000,14,0,1,01,A01
200600015953,0,07,000,02,0,8,01,A01
200600015954,0,07,000,13,0,9,01,A01
200600015955,0,07,000,16,0,9,01,A01
200600015956,0,17,000,00,2,3,01,A01
200600015956,0,07,000,00,2,1,11,B02
200600015957,0,07,000,00,0,8,19,A01
200600015957,0,07,000,00,2,1,01,B02
200600015958,0,07,000,02,0,7,01,A01
200600015959,0,07,000,00,2,1,13,A01
200600015959,0,07,000,00,2,1,01,B02
200600015960,0,07,000,00,2,3,13,A01
200600015960,0,07,000,00,2,3,01,B02
200600015961,0,07,000,00,2,5,19,B02
200600015961,0,33,000,00,2,1,01,A01
200600015962,0,17,000,00,2,1,17,A01
200600015962,0,07,000,00,2,8,01,B02
200600015962,0,07,000,00,2,1,01,C03
200600015963,0,07,000,00,0,0,16,A01
200600015964,0,07,000,00,2,2,15,A01
200600015964,0,07,000,00,2,3,01,B02
200600015965,0,07,000,00,2,1,01,A01
200600015965,0,10,000,00,2,7,19,B02
200600015966,0,07,000,02,0,2,01,A01
200600015967,0,07,000,13,0,1,13,A01
200600015968,0,07,000,13,0,2,16,A01
200600015969,0,07,000,00,0,5,23,A01
200600015969,0,30,000,01,1,3,18,B02
200600015970,0,07,000,02,0,1,01,A01
200600015971,0,07,000,13,0,3,01,A01
200600015972,0,07,000,00,2,1,13,A01
200600015972,0,07,000,00,2,1,01,B02
200600015973,0,07,000,00,2,8,01,A01
200600015973,0,02,000,00,2,8,15,B02
200600015974,0,07,000,00,2,1,13,A01
200600015974,0,38,000,00,2,1,01,B02
200600015975,0,07,000,13,2,2,01,A01
200600015976,0,10,000,00,0,7,19,A01
200600015976,0,17,000,00,2,1,01,B02
200600015977,0,07,000,02,0,2,01,A01
200600015978,0,07,000,00,2,7,01,A01
200600015978,0,07,000,00,2,1,01,B02
200600015979,0,30,000,00,0,3,01,A01
200600015980,0,07,000,00,0,1,01,A01
200600015981,0,07,000,00,2,1,01,A01