Num_Acc,senc,catv,occutc,obs,obsm,choc,manv,num_veh
200600015981,0,03,000,00,0,3,16,B02
200600015982,0,07,000,00,2,1,01,A01
200600015982,0,07,000,00,2,1,13,B02
200600015983,0,31,000,00,5,1,01,A01
200600015984,0,07,000,00,2,7,15,A01
200600015984,0,02,000,00,2,1,01,B02
200600015985,0,07,000,00,2,3,13,A01
200600015985,0,07,000,00,2,3,01,B02
200600015986,0,07,000,16,0,9,00,A01
200600015987,0,07,000,00,2,3,13,A01
200600015987,0,15,000,08,2,1,01,B02
200600015987,0,07,000,00,2,1,01,D04
200600015988,0,07,000,02,0,1,13,A01
200600015989,0,07,000,00,2,3,13,A01
200600015989,0,17,000,00,2,3,01,B02
200600015990,0,33,000,06,0,1,00,A01
200600015991,0,03,000,00,0,9,01,A01
200600015992,0,07,000,08,0,7,01,A01
200600015993,0,07,000,02,0,9,13,A01
200600015994,0,07,000,00,2,1,17,A01
200600015994,0,07,000,00,2,1,01,B02
200600015995,0,07,000,02,0,1,01,A01
200600015996,0,07,000,00,2,1,19,A01
200600015996,0,31,000,00,2,7,01,B02
200600015997,0,07,000,02,0,9,01,A01
200600015998,0,07,000,00,2,2,01,A01
200600015998,0,20,000,00,2,2,01,B02
200600015999,0,07,000,13,2,2,17,A01
200600015999,0,07,000,06,2,3,15,B02
200600016000,0,07,000,00,2,2,17,A01
200600016000,0,01,000,00,2,6,01,B02
200600016001,0,07,000,06,0,2,14,A01
200600016002,0,07,000,13,0,1,14,A01
200600016003,0,07,000,03,2,1,13,A01
200600016003,0,17,000,13,2,3,01,B02
200600016003,0,10,000,14,0,2,01,C03
200600016003,0,10,000,14,0,1,01,D04
200600016003,0,10,000,14,0,1,01,E05
200600016004,0,07,000,02,0,3,01,A01
200600016005,0,07,000,13,0,1,13,A01
200600016006,0,07,000,13,0,2,01,A01
200600016007,0,02,000,12,0,5,14,A01
200600016008,0,14,000,00,2,5,01,A01
200600016008,0,07,000,00,2,1,01,B02
200600016009,0,07,000,00,2,8,19,A01
200600016009,0,07,000,00,2,1,01,B02
200600016010,0,07,000,02,0,1,13,A01
200600016011,0,33,000,00,2,1,01,C03
200600016011,0,07,000,00,2,7,01,A01
200600016011,0,31,000,00,2,1,01,B02
200600016012,0,14,000,00,0,8,01,B02
200600016012,0,07,000,00,2,2,15,A01
200600016013,0,07,000,00,2,3,13,A01
200600016013,0,14,000,00,2,3,17,C03
200600016013,0,14,000,00,2,5,17,D04
200600016014,0,33,000,00,2,0,15,A01
200600016014,0,38,000,00,2,3,01,B02
200600016015,0,07,000,13,0,1,17,A01
200600016016,0,07,000,00,0,1,13,A01
200600016017,0,07,000,00,2,1,05,A01
200600016017,0,07,000,00,2,1,01,B02
200600016018,0,07,000,02,0,7,01,A01
200600016019,0,07,000,00,2,7,15,A01
200600016019,0,02,000,00,2,1,01,B02
200600016020,0,07,000,02,0,2,19,A01
200600016021,0,07,000,00,0,3,13,A01
200600016022,0,31,000,00,2,1,13,A01
200600016022,0,07,000,00,2,3,01,B02
200600016022,0,07,000,00,2,2,01,C03
200600016023,0,30,000,00,2,1,01,A01
200600016023,0,07,000,00,2,2,19,B02
200600016024,0,33,000,00,0,0,00,A01
200600016025,0,07,000,00,2,1,01,A01
200600016025,0,07,000,00,2,3,15,B02
200600016026,0,07,000,00,2,1,19,A01
200600016026,0,07,000,00,2,3,01,B02
200600016027,0,07,000,13,0,3,13,A01
200600016028,0,07,000,06,0,2,01,A01
200600016029,0,07,000,00,2,1,01,A01
200600016029,0,07,000,00,2,1,15,B02
200600016030,0,07,000,00,2,8,01,A01
200600016030,0,17,000,00,2,8,13,B02
200600016030,0,17,000,00,2,8,13,C03
200600016031,0,33,000,00,2,1,01,A01
200600016031,0,07,000,00,2,5,16,B02
200600016032,0,07,000,00,1,3,01,A01
200600016033,0,02,000,13,0,1,13,A01
200600016034,0,14,000,00,0,8,14,A01
200600016035,0,05,000,04,0,8,01,A01
200600016036,0,02,000,00,0,1,01,A01
200600016037,0,07,000,00,2,3,01,A01
200600016037,0,04,000,00,2,1,13,B02
200600016038,0,07,000,00,2,2,15,A01
200600016038,0,07,000,00,2,3,01,B02
200600016039,0,36,000,00,1,3,01,A01
200600016040,0,02,000,00,2,1,01,A01
200600016040,0,07,000,00,2,3,16,B02
200600016041,0,07,000,08,0,6,14,A01
200600016042,0,30,000,00,2,1,01,A01
200600016042,0,02,000,00,2,4,10,B02
200600016043,0,10,000,00,0,7,15,A01
200600016043,0,33,000,00,2,2,01,B02
200600016044,0,07,000,00,2,3,01,A01
200600016044,0,07,000,00,2,8,15,B02
200600016045,0,07,000,00,2,3,15,A01
200600016045,0,10,000,08,2,3,01,B02
200600016046,0,07,000,00,2,3,01,A01
200600016046,0,01,000,00,2,4,06,B02
200600016047,0,07,000,00,2,1,01,A01
200600016047,0,07,000,15,2,5,01,B02
200600016048,0,07,000,00,1,3,01,A01
200600016049,0,07,000,02,0,7,01,A01
200600016050,0,17,000,00,2,3,05,A01
200600016050,0,07,000,00,2,3,21,B02
200600016051,0,10,000,00,0,6,01,A01
200600016051,0,07,000,00,0,3,13,B02
200600016051,0,07,000,00,0,3,01,C03
200600016052,0,07,000,08,0,1,14,A01
200600016053,0,07,000,02,0,8,01,A01
200600016054,0,14,000,13,0,2,01,A01
200600016055,0,15,000,03,0,1,00,A01
200600016056,0,17,000,00,2,2,01,A01
200600016056,0,07,000,00,2,3,15,B02
200600016057,0,07,000,00,2,8,15,A01
200600016057,0,02,000,00,2,1,17,B02
200600016058,0,07,000,00,2,2,13,A01
200600016058,0,14,000,00,2,3,01,B02
200600016059,0,33,000,00,2,1,17,A01
200600016059,0,07,000,00,2,3,01,B02
200600016060,0,07,000,00,2,3,13,A01
200600016060,0,07,000,00,2,3,01,B02
200600016061,0,31,000,00,2,1,19,A01
200600016061,0,07,000,00,2,3,02,B02
200600016062,0,07,000,00,0,3,13,A01
200600016062,0,07,000,00,2,3,01,B02
200600016062,0,07,000,14,0,0,01,C03
200600016063,0,01,000,00,2,8,01,A01
200600016064,0,07,000,00,2,1,15,A01
200600016064,0,33,000,00,2,7,01,B02
200600016065,0,07,000,00,2,7,13,A01
200600016065,0,38,000,00,2,1,21,B02
200600016066,0,07,000,00,2,1,01,A01
200600016066,0,07,000,00,2,8,15,B02
200600016067,0,07,000,00,9,4,20,A01
200600016067,0,01,000,00,2,7,01,B02
200600016068,0,07,000,00,1,1,15,A01
200600016069,0,07,000,00,2,3,01,A01
200600016069,0,07,000,00,2,1,13,B02
200600016070,0,07,000,01,0,2,01,A01
200600016071,0,07,000,00,0,1,01,A01
200600016071,0,07,000,00,6,1,01,B02
200600016072,0,07,000,00,2,1,01,A01
200600016072,0,07,000,00,0,1,01,B02
200600016073,0,07,000,13,0,3,17,A01
200600016074,0,07,000,08,0,1,01,A01
200600016075,0,07,000,00,2,1,19,A01
200600016075,0,02,000,00,2,1,13,B02
200600016076,0,07,000,13,0,1,01,A01
200600016077,0,33,000,13,0,1,13,A01
200600016078,0,14,000,00,2,3,01,A01
200600016078,0,07,000,00,2,1,19,B02
200600016079,0,07,000,06,2,5,01,A01
200600016079,0,07,000,00,2,3,01,B02
200600016080,0,07,000,00,2,0,13,A01
200600016080,0,33,000,00,0,0,01,B02
200600016081,0,02,000,00,0,8,15,A01
200600016081,0,07,000,00,2,2,17,B02
200600016082,0,33,000,04,0,7,01,A01
200600016083,0,07,000,13,0,3,01,A01
200600016084,0,10,000,13,0,1,01,A01
200600016085,0,30,000,10,0,1,01,A01
200600016086,0,07,000,00,1,0,01,A01
200600016087,0,07,000,13,0,8,00,A01
200600016088,0,02,000,00,0,0,00,A01
200600016088,0,07,000,00,2,1,01,B02
200600016089,0,37,033,00,2,3,16,B02
200600016089,0,07,000,00,2,3,17,A01
200600016090,0,07,000,08,0,3,01,A01
200600016091,0,05,000,16,2,2,02,A01
200600016091,0,07,000,12,2,6,23,B02
200600016092,0,07,000,13,0,3,01,A01
200600016093,0,07,000,00,1,2,01,A01
200600016094,0,07,000,00,2,3,19,A01
200600016094,0,07,000,00,2,1,01,B02
200600016095,0,14,000,02,0,8,00,A01
200600016096,0,07,000,00,2,1,01,A01
200600016096,0,15,000,00,2,1,01,B02
200600016097,0,07,000,10,0,1,17,A01
200600016098,0,07,000,00,2,7,05,A01
200600016098,0,33,000,00,2,7,01,B02
200600016099,0,07,000,00,0,2,13,A01
200600016100,0,07,000,00,1,3,01,A01
200600016101,0,07,000,00,2,3,13,A01
200600016101,0,07,000,00,2,3,01,B02
200600016102,0,14,000,00,1,7,01,A01
200600016103,0,07,000,00,2,1,00,A01
200600016103,0,07,000,00,2,1,00,B02
200600016104,0,01,000,00,2,1,01,A01
200600016104,0,07,000,00,0,0,00,B02
200600016105,0,07,000,00,2,1,01,A01
200600016105,0,02,000,00,2,4,02,B02
200600016105,0,02,000,00,2,4,02,C03
200600016105,0,07,000,00,2,4,01,D04
200600016106,0,30,000,14,0,1,01,A01
200600016107,0,07,000,01,0,1,13,A01
200600016108,0,07,000,16,0,9,13,A01
200600016109,0,13,000,00,9,1,16,A01
200600016109,0,01,000,00,0,0,00,B02
200600016110,0,07,000,00,2,2,15,A01
200600016110,0,07,000,00,2,3,01,B02
200600016111,0,07,000,00,2,3,13,A01
200600016111,0,07,000,00,2,3,01,B02
200600016112,0,33,000,00,2,1,17,A01
200600016112,0,07,000,00,2,1,01,B02
200600016113,0,07,000,06,0,2,01,A01
200600016114,0,07,000,00,1,1,01,A01
200600016115,0,21,000,00,2,7,15,A01
200600016115,0,07,000,00,2,2,01,B02
200600016116,0,07,000,00,2,7,19,B02
200600016116,0,07,000,00,2,8,23,C03
200600016116,0,07,000,00,2,1,01,A01
200600016117,0,07,000,03,2,3,01,A01
200600016117,0,33,000,00,2,1,13,B02
200600016118,0,07,000,00,0,1,00,A01
200600016119,0,02,000,00,2,1,02,A01
200600016119,0,07,000,00,2,4,20,B02
200600016120,0,07,000,00,2,3,05,A01
200600016120,0,07,000,00,2,3,01,B02
200600016121,0,07,000,00,1,2,01,A01
200600016122,0,07,000,06,0,2,13,A01
200600016123,0,07,000,00,2,1,13,A01
200600016123,0,07,000,00,2,1,01,B02
200600016124,0,07,000,08,0,2,01,A01
200600016125,0,07,000,00,2,1,02,A01
200600016125,0,15,000,00,0,6,01,B02
200600016126,0,07,000,00,2,3,01,A01
200600016126,0,07,000,00,2,8,01,B02
200600016127,0,07,000,00,2,3,01,A01
200600016127,0,07,000,00,2,3,17,B02
200600016128,0,14,000,00,2,3,01,A01
200600016128,0,14,000,00,2,3,01,B02
200600016129,0,02,000,00,2,3,13,A01
200600016129,0,07,000,00,2,3,01,B02
200600016130,0,07,000,00,0,1,01,A01
200600016130,0,07,000,00,0,4,23,B02
200600016131,0,01,000,00,2,1,13,A01
200600016131,0,07,000,00,2,1,01,B02
200600016132,0,01,000,00,2,1,01,A01
200600016132,0,07,000,00,9,7,15,B02
200600016133,0,07,000,00,2,1,01,A01
200600016133,0,07,000,00,2,2,15,B02
200600016134,0,07,000,00,2,1,15,A01
200600016134,0,10,000,00,2,1,01,B02
200600016135,0,03,000,00,0,8,11,A01
200600016135,0,33,000,00,2,1,01,B02
200600016136,0,07,000,00,1,2,01,A01
200600016137,0,01,000,00,9,1,01,A01
200600016138,0,07,000,00,1,1,01,A01
200600016139,0,07,000,00,2,1,01,A01
200600016139,0,07,000,00,2,7,19,B02
200600016140,0,07,000,00,2,4,01,A01
200600016140,0,10,000,00,2,1,01,B02
200600016141,0,30,000,03,0,8,00,A01
200600016142,0,07,000,00,2,1,01,A01
200600016142,0,07,000,00,2,1,01,B02
200600016143,0,07,000,13,0,1,13,A01
200600016144,0,07,000,00,2,3,13,A01
200600016144,0,07,000,00,2,3,01,B02
200600016145,0,10,000,00,0,3,13,A01
200600016145,0,07,000,00,2,3,01,B02
200600016146,0,07,000,00,1,2,01,A01
200600016147,0,07,000,00,1,1,15,A01
200600016147,0,07,000,00,2,1,01,B02
200600016148,0,07,000,00,2,1,01,A01
200600016148,0,07,000,00,2,3,01,B02
200600016149,0,07,000,00,2,3,01,A01
200600016149,0,07,000,00,2,2,15,B02
200600016150,0,07,000,00,2,2,01,A01
200600016150,0,07,000,00,2,3,21,B02
200600016151,0,07,000,00,2,2,15,A01
200600016151,0,07,000,00,2,1,01,B02
200600016152,0,17,000,00,0,4,23,A01
200600016152,0,07,000,14,0,4,23,B02
200600016152,0,10,000,14,0,1,02,C03
200600016153,0,07,000,01,0,1,01,A01
200600016153,0,14,000,00,2,1,23,B02
200600016154,0,07,000,00,2,2,01,A01
200600016154,0,07,000,00,2,2,17,B02
200600016155,0,07,000,08,2,2,15,A01
200600016155,0,07,000,00,2,0,01,B02
200600016156,0,07,000,00,1,7,14,A01
200600016157,0,07,000,00,9,5,17,A01
200600016157,0,01,000,00,2,3,01,B02
200600016158,0,01,000,00,2,8,01,A01
200600016158,0,07,000,00,2,2,14,B02
200600016159,0,07,000,00,0,0,00,A01
200600016159,0,07,000,00,0,0,00,B02
200600016160,0,07,000,00,2,2,13,A01
200600016160,0,07,000,00,2,1,01,B02
200600016161,0,37,001,00,2,1,01,A01
200600016161,0,07,000,00,2,1,13,B02
200600016162,0,07,000,00,2,1,01,A01
200600016162,0,07,000,00,2,1,13,B02
200600016163,0,07,000,00,2,3,15,A01
200600016163,0,07,000,00,2,1,01,B02
200600016164,0,07,000,00,0,3,01,A01
200600016165,0,07,000,06,0,2,01,A01
200600016166,0,07,000,00,0,3,19,A01
200600016166,0,07,000,00,0,2,01,B02
200600016167,0,07,000,00,0,8,01,A01
200600016168,0,07,000,00,2,2,14,A01
200600016168,0,07,000,00,2,1,01,B02
200600016169,0,07,000,00,2,7,13,A01
200600016169,0,07,000,00,2,1,01,B02
200600016170,0,07,000,08,0,1,21,A01
200600016170,1,14,000,00,0,0,01,B02
200600016171,0,07,000,00,1,1,15,A01
200600016172,0,07,000,00,2,3,15,A01
200600016172,0,02,000,00,2,1,01,B02
200600016173,0,07,000,00,2,1,13,A01
200600016173,0,14,000,00,2,1,01,B02
200600016174,0,07,000,00,2,1,13,A01
200600016174,0,07,000,00,2,1,01,B02
200600016175,0,33,000,00,2,1,13,A01
200600016175,0,07,000,00,2,8,19,B02
200600016176,0,07,000,00,2,1,13,A01
200600016176,0,07,000,00,2,1,01,B02
200600016176,0,07,000,00,0,0,00,C03
200600016177,0,07,000,00,2,3,13,A01
200600016177,0,07,000,00,2,3,01,B02
200600016178,0,07,000,00,2,1,05,A01
200600016178,0,07,000,00,2,1,01,B02
200600016179,0,07,000,00,2,2,15,A01
200600016179,0,07,000,03,2,3,09,B02
200600016180,0,14,000,00,2,3,01,A01
200600016180,0,07,000,00,2,3,13,C03
200600016181,0,07,000,00,2,2,05,A01
200600016181,0,07,000,00,2,2,01,B02
200600016182,0,07,000,00,2,3,01,A01
200600016182,0,07,000,00,2,3,01,B02
200600016183,0,07,000,00,2,1,17,A01
200600016183,0,37,000,00,2,4,01,B02
200600016184,0,38,000,00,0,2,21,A01
200600016184,0,07,000,00,0,1,13,B02
200600016185,0,07,000,13,0,1,01,A01
200600016186,0,33,000,00,0,3,00,A01
200600016187,0,07,000,00,2,3,13,A01
200600016187,0,37,000,00,0,2,01,B02
200600016188,0,07,000,08,0,1,01,A01
200600016189,0,20,000,00,2,7,24,A01
200600016189,0,07,000,00,2,3,01,B02
200600016190,0,07,000,02,0,2,00,A01
200600016191,0,07,000,08,0,2,01,A01
200600016192,0,03,000,00,0,0,00,A01
200600016193,0,33,000,00,2,1,17,A01
200600016193,0,07,000,00,2,1,01,B02
200600016194,0,02,000,00,2,1,13,A01
200600016194,0,07,000,00,9,3,01,B02
200600016194,0,07,000,00,9,3,01,C03
200600016195,0,07,000,00,2,5,15,A01
200600016195,0,33,000,00,2,1,01,B02
200600016196,0,02,000,00,0,0,01,A01
200600016197,0,07,000,02,0,1,01,A01
200600016198,0,07,000,00,2,1,13,A01
200600016198,0,07,000,00,2,1,01,B02
200600016199,0,07,000,13,0,3,01,A01
200600016200,0,07,000,00,0,2,17,A01
200600016200,0,01,000,00,0,4,01,B02
200600016201,0,07,000,00,2,2,01,A01
200600016201,0,07,000,00,2,1,15,B02
200600016202,0,05,000,00,0,3,01,A01
200600016203,0,07,000,00,2,3,13,A01
200600016203,0,07,000,00,2,3,01,B02
200600016204,0,07,000,08,0,3,01,A01
200600016205,0,02,000,00,0,7,15,A01
200600016206,0,14,000,02,0,3,01,A01
200600016207,0,10,000,06,0,1,13,A01
200600016208,0,07,000,00,0,9,01,A01
200600016209,0,07,000,00,2,1,01,A01
200600016209,0,07,000,00,2,3,13,B02
200600016210,0,07,000,00,2,8,01,A01
200600016210,0,07,000,00,2,1,05,B02
200600016210,0,07,000,00,2,3,05,C03
200600016210,0,10,000,00,2,2,02,D04
200600016210,0,10,000,00,2,8,05,E05
200600016210,0,07,000,00,2,2,05,F06
200600016210,0,07,000,00,9,8,00,G07
200600016211,0,07,000,00,1,1,20,A01
200600016212,0,07,000,00,0,1,01,A01
200600016213,0,07,000,13,0,8,01,A01
200600016213,0,07,000,00,1,1,01,B02
200600016214,0,07,000,02,0,8,01,A01
200600016215,0,07,000,00,2,2,17,A01
200600016215,0,07,000,00,0,3,00,B02
200600016215,0,07,000,00,0,0,00,C03
200600016216,0,07,000,06,0,2,01,A01
200600016217,0,99,000,13,0,2,14,A01
200600016218,0,07,000,00,2,8,13,A01
200600016218,0,07,000,00,2,6,01,B02
200600016219,0,15,000,00,1,2,01,A01
200600016220,0,07,000,00,2,1,01,A01
200600016220,0,13,000,00,0,3,01,B02
200600016221,0,07,000,00,2,1,01,B02
200600016221,0,07,000,00,2,8,19,A01
200600016222,0,07,000,00,1,2,01,A01
200600016223,0,07,000,00,2,1,01,A01
200600016223,0,07,000,00,2,3,01,B02
200600016224,0,10,000,00,2,3,01,A01
200600016224,0,14,000,00,2,2,19,B02
200600016225,0,07,000,00,2,1,01,A01
200600016225,0,07,000,00,2,8,13,B02
200600016226,0,07,000,00,1,8,01,A01
200600016227,0,01,000,12,0,0,01,A01
200600016228,0,07,000,00,2,2,15,A01
200600016228,0,02,000,00,2,1,01,B02
200600016229,0,31,000,06,0,7,01,A01
200600016230,0,31,000,00,2,1,01,A01
200600016230,0,07,000,00,9,1,01,B02
200600016231,0,07,000,00,2,2,13,A01
200600016231,0,07,000,00,2,3,01,B02
200600016232,0,07,000,02,0,1,01,A01
200600016233,0,07,000,00,2,2,16,A01
200600016233,0,04,000,00,2,3,01,B02
200600016234,0,07,000,00,2,1,01,A01
200600016234,0,14,000,00,2,8,15,B02
200600016235,0,07,000,02,0,1,01,A01
200600016236,0,07,000,00,2,1,01,A01
200600016236,0,07,000,00,0,6,10,B02
200600016237,0,07,000,00,1,2,01,A01
200600016238,0,07,000,00,2,1,01,A01
200600016238,0,07,000,00,2,1,01,B02
200600016239,0,07,000,02,0,1,01,A01
200600016240,0,07,000,00,1,1,01,A01
200600016241,0,02,000,00,2,1,05,A01
200600016241,0,07,000,00,2,2,05,B02
200600016242,0,07,000,00,2,8,15,A01
200600016242,0,02,000,00,2,1,01,B02
200600016243,0,07,000,13,0,3,01,A01
200600016244,0,07,000,16,0,3,01,A01
200600016245,0,07,000,00,2,3,19,A01
200600016245,0,02,000,00,2,1,01,B02
200600016246,0,07,000,00,0,8,15,A01
200600016246,0,10,000,00,2,1,17,B02
200600016247,0,07,000,13,0,1,17,A01
200600016248,0,07,000,00,2,3,15,A01
200600016248,0,30,000,00,2,1,01,B02
200600016249,0,07,004,00,2,1,15,A01
200600016249,0,18,001,00,2,1,01,B02
200600016250,0,33,000,12,0,1,13,A01
200600016251,0,07,000,00,2,2,01,A01
200600016251,0,02,000,00,2,1,01,B02
200600016252,0,31,000,06,0,1,15,A01
200600016253,1,07,000,00,2,1,15,A01
200600016253,0,02,000,00,2,1,01,B02
200600016254,0,07,000,00,2,3,09,A01
200600016254,0,07,000,00,2,1,01,B02
200600016255,0,07,000,00,2,3,01,A01
200600016255,0,07,000,00,2,3,01,B02
200600016256,0,21,000,00,0,3,00,A01
200600016256,0,02,000,00,2,1,01,B02
200600016257,0,07,000,00,1,1,05,A01
200600016258,0,07,000,02,0,3,13,A01
200600016259,0,07,000,00,1,7,14,A01
200600016260,0,07,000,02,0,7,00,A01
200600016261,0,31,000,00,0,0,01,A01
200600016262,0,07,000,00,2,3,01,A01
200600016262,0,07,000,00,2,3,01,B02
200600016263,0,07,000,00,2,1,11,A01
200600016263,0,07,000,00,2,4,01,B02
200600016264,0,07,000,00,0,4,15,A01
200600016264,0,07,000,00,2,1,02,B02
200600016265,0,07,000,00,0,3,17,A01
200600016265,0,01,000,00,0,4,02,B02
200600016266,0,07,000,00,0,4,23,A01
200600016266,0,07,000,00,0,1,00,B02
200600016267,0,07,000,00,0,7,10,A01
200600016267,0,02,000,00,2,1,01,B02
200600016268,0,07,000,00,2,7,01,A01
200600016268,0,07,000,00,2,1,01,B02
200600016269,0,07,000,00,2,1,15,A01
200600016269,0,33,000,00,2,1,01,B02
200600016270,0,07,000,00,1,3,21,A01
200600016271,0,07,000,00,2,7,13,A01
200600016271,0,07,000,00,2,1,01,B02
200600016272,0,30,000,00,0,1,01,A01
200600016272,0,07,000,00,2,2,01,B02
200600016273,0,07,000,10,0,1,01,A01
200600016273,0,07,000,00,0,1,01,B02
200600016274,0,03,000,00,0,3,15,A01
200600016274,0,32,000,00,2,1,01,B02
200600016275,0,14,000,00,1,4,04,A01
200600016276,0,07,000,00,1,1,01,A01
200600016277,0,07,000,00,2,3,13,A01
200600016277,0,07,000,00,2,3,01,B02
200600016278,0,07,000,02,0,8,13,A01
200600016279,0,07,000,04,0,3,01,A01
200600016280,0,30,000,12,0,1,01,A01
200600016281,0,07,000,00,2,8,19,A01
200600016281,0,07,000,00,2,1,01,B02
200600016282,0,07,000,00,1,7,01,A01
200600016283,0,33,000,16,0,1,15,A01
200600016284,0,07,000,00,2,3,01,B02
200600016284,0,07,000,00,2,3,15,A01
200600016285,0,07,000,13,0,1,01,A01
200600016286,0,07,000,00,2,3,01,A01
200600016286,0,07,000,00,2,3,01,B02
200600016287,0,07,000,02,0,1,14,A01
200600016288,0,07,000,13,0,0,14,A01
200600016289,0,10,000,00,9,8,22,A01
200600016289,0,01,000,01,0,2,01,B02
200600016290,0,07,000,00,0,6,13,A01
200600016290,0,07,000,00,0,1,01,B02
200600016291,0,07,000,00,2,3,21,A01
200600016291,0,07,000,00,0,3,01,B02
200600016292,0,14,000,00,9,5,17,A01
200600016293,0,02,000,00,2,1,01,A01
200600016293,0,07,000,00,2,3,01,B02
200600016294,0,07,000,00,2,3,01,A01
200600016294,0,07,000,00,2,3,01,B02
200600016294,0,07,000,00,0,0,00,C03
200600016295,0,07,000,02,0,1,01,A01
200600016296,0,21,000,00,2,3,01,A01
200600016296,0,07,000,00,2,4,01,B02
200600016296,0,07,000,00,2,4,15,C03
200600016297,0,33,000,00,2,1,17,A01
200600016298,0,10,000,00,1,2,01,A01
200600016299,0,01,000,00,2,6,01,A01
200600016300,0,07,000,02,0,2,14,A01
200600016301,0,07,000,00,2,3,01,A01
200600016301,0,07,000,00,2,3,13,B02
200600016302,0,07,000,00,2,1,01,A01
200600016302,0,07,000,00,2,1,15,B02
200600016303,0,07,000,00,2,6,01,A01
200600016303,0,07,000,00,2,3,01,B02
200600016304,0,02,000,00,0,4,02,A01
200600016304,0,07,000,00,2,2,18,B02
200600016305,0,07,000,00,2,7,15,A01
200600016305,0,07,000,00,2,3,01,B02
200600016306,0,07,000,13,0,2,01,A01
200600016307,0,02,000,16,0,3,01,A01
200600016308,0,07,000,00,1,1,16,A01
200600016309,2,07,000,00,0,9,15,A01
200600016310,0,07,000,00,2,1,01,A01
200600016310,0,07,000,00,2,1,01,B02
200600016311,0,07,000,08,0,2,01,A01
200600016312,0,33,000,00,0,1,21,A01
200600016313,0,07,000,00,0,9,01,A01
200600016314,0,07,000,00,2,1,17,A01
200600016314,0,17,000,00,2,1,01,B02
200600016315,0,17,000,00,2,2,02,A01
200600016315,0,14,000,00,0,6,01,B02
200600016315,0,17,000,00,0,4,01,C03
200600016316,0,14,000,13,0,3,01,A01
200600016317,0,10,000,00,2,3,01,A01
200600016317,0,17,000,00,2,3,01,B02
200600016318,0,07,000,13,0,9,01,A01
200600016319,0,07,000,03,0,1,01,A01
200600016320,0,07,000,00,2,1,19,A01
200600016320,0,07,000,00,2,8,01,B02
200600016321,0,07,000,00,0,6,20,A01
200600016321,0,02,000,00,2,2,01,B02
200600016322,0,14,000,00,2,8,01,A01
200600016322,0,14,000,00,2,8,01,B02
200600016323,0,07,000,06,0,3,13,A01
200600016324,0,14,000,02,0,9,01,A01
200600016325,0,07,000,02,0,1,01,A01
200600016326,0,07,000,00,1,2,01,A01
200600016327,0,07,000,00,2,1,13,A01
200600016327,0,07,000,00,2,2,01,B02
200600016328,0,07,000,00,2,7,19,A01
200600016328,0,07,000,00,2,1,01,B02
200600016329,0,07,000,00,1,2,01,A01
200600016330,0,07,000,00,1,3,00,A01
200600016331,0,07,000,00,0,1,02,B02
200600016332,0,02,000,00,2,1,01,A01
200600016332,0,07,000,00,2,2,15,B02
200600016333,0,07,000,00,1,2,21,A01
200600016334,0,07,000,00,0,0,00,A01
200600016334,0,14,000,00,2,2,01,B02
200600016335,0,03,000,00,1,3,21,A01
200600016336,0,15,000,00,1,1,01,A01
200600016337,0,07,000,00,0,0,22,A01
200600016337,0,01,000,01,0,0,21,B02
200600016338,0,07,000,00,2,3,13,A01
200600016338,0,07,000,00,2,8,01,B02
200600016339,0,07,000,13,0,1,01,A01
200600016340,0,07,000,00,2,8,16,A01
200600016340,0,07,000,00,2,3,01,B02
200600016341,0,07,000,02,0,1,01,A01
200600016342,0,03,000,13,0,2,01,A01
200600016343,0,07,000,00,0,0,14,A01
200600016344,0,07,000,16,0,9,14,A01
200600016345,0,17,000,00,2,3,02,A01
200600016345,0,07,000,00,2,1,01,B02
200600016345,0,07,000,00,2,9,15,C03
200600016346,0,07,000,00,2,3,01,A01
200600016346,0,14,000,00,2,8,15,B02
200600016347,0,07,000,02,0,8,01,A01
200600016348,0,07,000,13,0,3,01,A01
200600016349,0,07,000,01,0,1,13,A01
200600016349,0,17,000,00,2,3,24,B02
200600016350,0,07,000,13,0,2,14,A01
200600016351,0,07,000,00,2,3,01,A01
200600016351,0,07,000,00,2,3,01,B02
200600016352,0,33,000,00,0,8,01,A01
200600016353,0,07,000,16,0,9,13,A01
200600016354,0,07,000,13,0,1,01,A01
200600016355,0,07,000,00,0,1,01,A01
200600016355,0,07,000,00,0,7,15,B02
200600016356,0,07,000,00,0,3,14,A01
200600016357,0,10,000,00,2,2,01,A01
200600016357,0,10,000,00,2,1,01,B02
200600016358,0,07,000,03,0,1,01,A01
200600016359,0,07,000,00,2,8,01,A01
200600016359,0,07,000,00,2,1,01,B02
200600016359,0,14,000,00,0,0,00,C03
200600016360,0,07,000,00,2,3,01,A01
200600016360,0,33,000,00,2,1,00,B02
200600016361,0,07,000,10,2,1,13,A01
200600016361,0,17,000,00,2,1,01,B02
200600016362,0,07,000,00,0,1,01,A01
200600016363,0,07,000,02,0,1,13,A01
200600016364,0,07,000,03,2,9,01,A01
200600016364,0,07,000,00,2,1,01,B02
200600016365,0,07,000,05,0,1,02,A01
200600016366,0,99,000,13,0,1,13,A01
200600016367,0,07,000,00,0,5,01,A01
200600016368,0,07,000,00,0,5,15,A01
200600016368,0,02,000,00,2,1,17,B02
200600016369,0,07,000,00,2,1,05,A01
200600016369,0,07,000,00,2,1,01,B02
200600016370,0,07,000,00,2,1,01,B02
200600016370,0,07,000,00,2,7,01,A01