Num_Acc,senc,catv,occutc,obs,obsm,choc,manv,num_veh
200600016371,0,07,000,00,2,1,13,A01
200600016371,0,17,000,00,2,3,01,B02
200600016372,0,33,000,00,6,1,01,A01
200600016373,0,10,000,00,2,3,01,A01
200600016373,0,10,000,00,2,3,13,B02
200600016374,0,07,000,00,2,1,01,A01
200600016374,0,07,000,00,2,1,01,B02
200600016375,0,07,000,00,2,1,01,A01
200600016375,0,07,000,02,2,5,01,B02
200600016376,0,07,000,00,2,1,01,A01
200600016376,0,07,000,00,2,8,19,B02
200600016377,0,07,000,00,2,1,01,A01
200600016377,0,07,000,00,2,8,01,B02
200600016378,0,07,000,00,2,2,17,A01
200600016378,0,02,000,00,2,8,15,B02
200600016379,0,07,000,02,0,7,01,A01
200600016380,0,07,000,00,2,2,13,A01
200600016380,0,02,000,00,2,1,01,B02
200600016381,0,02,000,00,2,4,01,A01
200600016381,0,07,000,00,2,2,01,B02
200600016382,0,07,000,13,0,1,01,A01
200600016383,0,07,000,00,2,1,13,A01
200600016383,0,07,000,00,2,1,01,B02
200600016384,0,02,000,00,2,8,10,A01
200600016384,0,07,000,00,2,1,02,B02
200600016385,0,07,000,02,0,1,01,A01
200600016386,0,07,000,00,2,1,05,A01
200600016386,0,07,000,00,2,1,01,B02
200600016387,0,07,000,00,4,3,01,A01
200600016388,0,14,000,00,1,8,01,A01
200600016389,0,02,000,00,0,7,01,A01
200600016390,0,07,000,00,2,8,13,A01
200600016390,0,07,000,00,2,1,01,B02
200600016391,0,07,000,06,0,7,14,A01
200600016392,0,07,000,00,2,1,13,A01
200600016392,0,07,000,00,2,1,01,B02
200600016393,0,07,000,00,2,8,02,A01
200600016393,0,17,000,00,2,4,23,B02
200600016393,0,14,000,00,2,3,23,C03
200600016394,0,10,000,00,2,2,17,A01
200600016394,1,17,000,00,2,6,01,B02
200600016395,0,10,000,13,0,3,17,A01
200600016396,0,07,000,00,9,1,01,A01
200600016396,0,02,000,00,2,3,19,B02
200600016397,0,07,000,13,2,3,01,B02
200600016397,0,07,000,00,0,2,19,A01
200600016398,0,07,000,00,2,7,01,A01
200600016398,0,07,000,00,2,1,13,B02
200600016399,0,07,000,16,0,0,13,A01
200600016400,0,07,000,00,2,1,01,A01
200600016400,0,15,000,00,2,3,01,B02
200600016401,0,07,000,00,2,8,01,A01
200600016401,0,17,000,00,2,1,01,B02
200600016402,0,07,000,00,0,7,19,A01
200600016402,0,15,000,00,2,1,01,B02
200600016403,0,10,000,00,0,1,02,A01
200600016403,0,03,000,00,0,4,02,B02
200600016404,0,07,000,00,2,3,19,A01
200600016404,0,32,000,00,2,1,01,B02
200600016405,0,30,000,00,2,3,01,A01
200600016405,0,07,000,00,0,5,23,B02
200600016406,0,07,000,08,0,1,13,A01
200600016407,0,07,000,16,0,7,01,A01
200600016408,0,07,000,00,0,9,01,A01
200600016409,0,07,000,00,2,3,15,A01
200600016409,0,07,000,00,2,2,21,B02
200600016410,0,33,000,12,0,1,01,A01
200600016411,0,07,000,00,2,5,15,A01
200600016411,0,07,000,00,2,2,21,B02
200600016411,0,07,000,00,2,1,01,C03
200600016412,0,07,000,06,0,2,01,A01
200600016413,0,07,000,13,0,1,13,A01
200600016414,0,14,000,00,2,3,01,A01
200600016414,0,10,000,00,2,3,13,B02
200600016415,0,10,000,00,0,0,14,A01
200600016416,0,07,000,08,0,3,01,A01
200600016417,0,07,000,00,1,1,17,A01
200600016418,0,07,000,00,2,2,15,A01
200600016418,0,02,000,00,2,1,01,B02
200600016419,0,07,000,14,1,3,02,A01
200600016420,0,02,000,00,0,0,00,A01
200600016421,0,07,000,00,2,1,19,A01
200600016421,0,07,000,00,2,3,02,B02
200600016422,0,07,000,00,2,1,17,A01
200600016422,0,07,000,00,2,1,01,B02
200600016423,0,17,000,06,0,1,01,A01
200600016424,0,31,000,13,0,1,00,A01
200600016425,0,33,000,13,0,1,01,A01
200600016426,0,07,000,00,2,1,01,A01
200600016426,0,07,000,00,2,1,01,B02
200600016427,0,07,000,00,2,3,01,A01
200600016427,0,14,000,00,2,8,01,B02
200600016427,0,07,000,00,2,3,01,C03
200600016427,0,07,000,00,2,1,01,D04
200600016428,0,07,000,00,0,1,13,A01
200600016428,0,07,000,00,2,1,01,B02
200600016428,0,07,000,00,0,1,02,C03
200600016428,0,07,000,00,9,1,02,D04
200600016429,0,07,000,00,2,3,01,A01
200600016429,0,07,000,13,2,2,13,B02
200600016430,0,07,000,00,2,1,01,A01
200600016430,0,07,000,00,2,4,11,B02
200600016431,0,07,000,00,2,5,13,A01
200600016431,0,07,000,00,2,1,01,B02
200600016432,0,14,000,00,0,1,13,A01
200600016433,0,07,000,00,2,5,11,A01
200600016433,0,02,000,00,2,3,01,B02
200600016434,0,07,000,05,0,0,01,A01
200600016435,0,07,000,00,2,1,13,A01
200600016435,0,07,000,00,2,1,01,B02
200600016436,0,07,000,00,2,3,13,A01
200600016436,0,07,000,00,2,3,01,B02
200600016436,0,07,000,00,2,2,02,C03
200600016437,0,07,000,00,2,3,15,B02
200600016437,0,07,000,00,2,1,01,A01
200600016438,0,07,000,02,0,3,01,A01
200600016439,0,07,000,00,2,7,13,A01
200600016439,0,07,000,00,2,1,01,B02
200600016440,0,07,000,00,2,7,01,A01
200600016440,0,07,000,00,2,3,01,B02
200600016441,0,07,000,00,2,3,17,A01
200600016441,0,07,000,13,2,8,01,B02
200600016441,0,07,000,00,2,3,01,C03
200600016442,0,07,000,06,0,1,01,A01
200600016443,0,07,000,08,0,8,17,A01
200600016444,0,07,000,00,2,1,15,A01
200600016444,0,02,000,00,2,5,21,B02
200600016445,0,10,000,00,1,5,04,A01
200600016446,0,07,000,00,9,3,13,A01
200600016446,0,02,000,00,2,2,01,B02
200600016447,0,07,000,02,0,2,01,A01
200600016448,0,07,000,13,0,9,00,A01
200600016449,0,07,000,06,2,2,01,A01
200600016449,0,07,000,06,2,0,01,B02
200600016450,0,21,000,00,0,0,01,A01
200600016450,0,07,000,00,2,2,01,C03
200600016451,0,02,000,00,2,1,19,A01
200600016451,0,07,000,00,2,8,01,B02
200600016452,0,07,000,00,9,6,04,A01
200600016452,0,01,000,00,2,1,13,B02
200600016453,0,07,000,00,2,1,05,A01
200600016453,0,07,000,00,2,1,01,B02
200600016454,0,05,000,00,2,1,02,A01
200600016454,0,05,000,00,0,9,02,B02
200600016455,0,07,000,00,2,1,15,A01
200600016455,0,07,000,00,2,1,01,B02
200600016456,0,33,000,00,0,0,11,A01
200600016457,0,10,000,04,0,2,21,A01
200600016458,0,07,000,00,0,0,00,A01
200600016458,0,07,000,00,0,0,00,B02
200600016458,0,10,000,00,2,1,01,C03
200600016459,0,33,000,00,2,7,01,A01
200600016459,0,07,000,00,2,3,01,B02
200600016460,0,07,000,00,2,1,17,A01
200600016460,0,07,000,00,2,1,01,B02
200600016460,0,07,000,00,2,6,01,C03
200600016461,0,07,000,00,2,3,15,A01
200600016461,0,30,000,00,2,5,17,B02
200600016462,0,07,000,00,2,1,05,A01
200600016462,0,07,000,00,2,1,01,B02
200600016463,0,07,000,00,0,1,14,A01
200600016464,0,33,000,00,5,1,01,A01
200600016465,0,07,000,00,2,2,19,A01
200600016465,0,33,000,00,0,6,01,B02
200600016466,0,07,000,00,2,7,01,A01
200600016466,0,07,000,00,2,3,19,B02
200600016467,0,07,000,13,0,1,13,A01
200600016468,0,02,000,00,2,7,01,A01
200600016468,0,14,000,00,2,3,19,B02
200600016469,0,07,000,14,0,1,14,A01
200600016470,0,07,000,02,0,2,01,A01
200600016471,0,10,000,00,9,3,09,A01
200600016471,0,01,000,00,2,1,01,B02
200600016472,0,07,000,00,2,2,12,A01
200600016472,0,07,000,00,2,3,01,B02
200600016473,0,07,000,02,0,1,01,A01
200600016474,0,02,000,15,0,2,21,A01
200600016475,0,07,000,13,0,9,14,A01
200600016476,0,14,000,00,2,7,16,A01
200600016476,0,02,000,00,2,8,18,B02
200600016477,0,07,000,00,2,4,01,A01
200600016477,0,07,000,00,9,6,01,B02
200600016477,0,33,000,00,2,1,17,C03
200600016477,0,07,000,00,9,3,01,D04
200600016478,0,07,000,00,2,8,13,A01
200600016478,0,07,000,00,2,3,01,B02
200600016478,0,07,000,00,2,3,01,C03
200600016479,0,07,000,00,9,6,15,A01
200600016479,0,01,000,00,0,0,01,B02
200600016480,0,33,000,13,0,2,01,A01
200600016481,0,33,000,00,2,7,01,A01
200600016481,0,07,000,00,2,1,19,B02
200600016482,0,07,000,00,2,3,13,A01
200600016482,0,31,000,00,2,1,01,B02
200600016483,0,07,000,13,0,9,01,A01
200600016484,0,07,000,00,2,1,13,A01
200600016484,0,07,000,00,2,1,01,B02
200600016485,0,07,000,00,1,2,01,A01
200600016486,0,07,000,00,2,2,15,A01
200600016486,0,07,000,00,2,1,01,B02
200600016487,0,07,000,00,2,3,15,A01
200600016487,0,33,000,00,2,6,01,B02
200600016488,0,07,000,02,0,2,01,A01
200600016489,0,07,000,00,2,1,13,A01
200600016489,0,07,000,00,2,1,01,B02
200600016490,0,07,000,16,0,9,01,A01
200600016491,0,33,000,00,2,9,01,A01
200600016491,0,07,000,00,2,9,13,B02
200600016492,0,07,000,00,1,3,01,A01
200600016493,0,07,000,00,2,1,19,A01
200600016493,0,33,000,00,2,9,01,B02
200600016494,0,07,000,03,0,1,01,A01
200600016495,0,07,000,00,9,1,01,A01
200600016496,0,07,000,00,0,0,10,A01
200600016496,0,33,000,00,0,7,21,B02
200600016497,0,07,000,00,1,3,01,A01
200600016498,0,20,000,00,2,3,13,A01
200600016498,0,07,000,00,2,3,01,B02
200600016499,0,07,000,00,2,1,13,A01
200600016499,0,07,000,00,2,1,01,B02
200600016500,0,07,000,00,2,3,15,A01
200600016500,0,31,000,00,2,8,01,B02
200600016501,0,37,000,01,0,7,20,A01
200600016501,0,02,000,00,2,6,23,B02
200600016502,0,07,000,00,2,3,13,A01
200600016502,0,07,000,00,2,3,01,B02
200600016503,0,99,000,00,2,3,17,A01
200600016503,0,07,000,00,0,1,01,B02
200600016504,0,07,000,00,2,2,15,A01
200600016504,0,07,000,00,2,3,01,B02
200600016505,0,07,000,09,2,1,01,A01
200600016505,0,07,000,00,2,2,19,B02
200600016506,0,07,000,00,2,0,00,A01
200600016506,0,02,000,00,2,7,21,B02
200600016507,0,07,000,00,1,8,01,A01
200600016508,0,07,000,08,0,0,21,A01
200600016509,0,07,000,00,2,2,15,A01
200600016509,0,07,000,00,2,7,01,B02
200600016510,0,07,000,00,2,7,13,A01
200600016510,0,14,000,00,2,1,01,B02
200600016511,0,07,000,00,2,1,13,A01
200600016511,0,10,000,03,2,1,01,B02
200600016512,0,07,000,00,2,8,19,A01
200600016512,0,05,000,13,2,7,17,B02
200600016513,0,02,000,01,0,3,01,A01
200600016514,0,10,000,00,2,8,17,A01
200600016514,0,07,000,00,2,7,00,B02
200600016515,0,10,000,00,2,1,13,A01
200600016515,0,10,000,00,2,1,01,B02
200600016516,0,32,000,00,0,0,13,A01
200600016517,0,07,000,06,0,3,13,A01
200600016518,0,07,000,13,0,1,14,A01
200600016519,0,07,000,00,0,0,14,A01
200600016520,0,07,000,00,2,3,01,A01
200600016520,0,02,000,00,2,3,17,B02
200600016521,0,02,000,00,2,1,19,A01
200600016521,0,07,000,00,2,8,01,B02
200600016521,0,07,000,00,2,8,01,C03
200600016522,0,07,000,00,2,3,13,A01
200600016522,0,10,000,00,2,3,01,B02
200600016523,0,33,000,00,2,1,13,A01
200600016523,0,17,000,00,2,2,01,B02
200600016524,0,07,000,13,0,2,01,A01
200600016525,0,07,000,00,0,1,00,B02
200600016525,0,07,000,00,0,2,00,A01
200600016526,0,07,000,13,0,9,01,A01
200600016527,0,07,000,02,0,9,14,A01
200600016528,0,07,000,06,0,1,14,A01
200600016529,0,07,000,00,2,3,01,A01
200600016529,0,07,000,00,2,3,02,B02
200600016530,0,32,000,00,2,8,01,A01
200600016530,0,07,000,00,2,6,01,B02
200600016531,0,07,000,13,0,1,01,A01
200600016532,0,33,000,12,0,8,01,A01
200600016533,0,30,000,00,2,7,17,A01
200600016533,0,37,000,00,2,8,02,B02
200600016534,0,07,000,00,1,3,01,A01
200600016535,0,07,000,00,2,3,15,A01
200600016535,0,31,000,00,2,1,01,B02
200600016536,0,07,000,00,2,2,15,A01
200600016536,0,07,000,00,2,0,00,B02
200600016537,0,07,000,00,2,7,15,A01
200600016537,0,31,000,00,2,1,01,B02
200600016538,0,07,000,00,2,3,02,A01
200600016538,0,02,000,00,2,7,03,B02
200600016539,0,07,000,02,0,3,14,A01
200600016540,0,07,000,00,0,4,00,A01
200600016540,0,34,000,00,2,1,02,B02
200600016540,0,33,000,00,0,4,01,C03
200600016541,0,02,000,00,0,8,01,A01
200600016542,0,30,000,00,1,1,14,A01
200600016543,0,31,000,00,2,1,18,A01
200600016543,0,07,000,00,0,5,15,B02
200600016544,0,07,000,00,0,5,15,A01
200600016544,0,33,000,00,0,1,21,B02
200600016545,0,07,000,00,2,1,13,A01
200600016545,0,07,000,00,0,0,00,B02
200600016546,0,07,000,00,2,1,13,A01
200600016546,0,07,000,00,2,1,01,B02
200600016547,0,02,000,00,2,1,05,A01
200600016547,0,17,000,00,2,8,01,B02
200600016548,0,07,000,00,2,2,01,B02
200600016548,0,10,000,00,2,3,16,A01
200600016549,0,30,000,00,2,1,13,A01
200600016549,0,07,000,00,2,1,01,B02
200600016550,0,07,000,02,0,1,01,A01
200600016551,0,07,000,00,2,2,19,A01
200600016551,0,07,000,00,2,1,01,B02
200600016552,0,07,000,00,2,1,02,A01
200600016552,0,07,000,00,0,4,23,B02
200600016553,0,07,000,00,2,1,15,A01
200600016553,0,31,000,00,0,5,01,B02
200600016554,0,01,000,00,2,1,13,A01
200600016554,0,07,000,00,2,3,01,B02
200600016555,0,14,000,05,2,1,21,A01
200600016556,0,07,000,00,1,2,19,A01
200600016557,0,07,000,00,2,3,01,A01
200600016557,0,07,000,00,2,3,17,B02
200600016558,0,02,000,00,2,1,19,A01
200600016559,0,07,000,13,0,2,01,A01
200600016560,0,07,000,13,0,1,00,A01
200600016561,0,07,000,00,2,2,15,A01
200600016561,0,31,000,00,2,2,01,B02
200600016562,0,07,000,00,2,3,01,B02
200600016562,0,10,000,00,2,2,19,A01
200600016563,0,07,000,00,2,2,17,A01
200600016563,0,02,000,00,2,1,01,B02
200600016563,0,07,000,00,2,0,17,C03
200600016564,0,07,000,02,0,1,01,A01
200600016565,0,07,000,03,2,3,01,A01
200600016565,0,07,000,00,2,3,13,B02
200600016565,0,15,000,00,2,6,21,C03
200600016566,0,10,000,03,0,3,14,A01
200600016567,0,07,000,00,2,1,01,A01
200600016567,0,07,000,00,2,7,15,B02
200600016567,0,07,000,00,2,8,23,C03
200600016568,0,07,000,00,9,5,15,A01
200600016568,0,02,000,03,2,1,01,B02
200600016569,0,07,000,00,2,8,10,A01
200600016569,0,05,000,00,2,1,01,B02
200600016570,0,02,000,00,2,9,13,A01
200600016570,0,07,000,00,2,8,01,B02
200600016570,0,07,000,00,2,1,01,C03
200600016571,0,07,000,13,2,3,17,A01
200600016571,0,07,000,02,2,2,17,B02
200600016572,0,05,000,00,0,0,00,A01
200600016573,0,33,000,00,2,1,17,A01
200600016573,0,07,000,00,2,3,15,B02
200600016574,0,07,000,00,2,2,01,A01
200600016574,0,20,000,00,2,2,05,B02
200600016575,0,31,000,00,0,7,01,A01
200600016576,0,07,000,00,1,3,01,A01
200600016577,0,07,000,00,0,1,01,A01
200600016577,0,07,000,00,0,2,01,B02
200600016578,0,07,000,00,2,7,01,A01
200600016578,0,10,000,00,2,1,01,B02
200600016579,0,07,000,16,0,9,01,A01
200600016580,0,07,000,02,0,3,13,A01
200600016581,0,07,000,00,2,1,13,A01
200600016581,0,07,000,00,2,1,01,B02
200600016582,0,14,000,00,1,4,04,A01
200600016583,0,07,000,13,0,1,01,A01
200600016584,0,07,000,00,2,2,14,A01
200600016584,0,32,000,00,2,9,11,B02
200600016585,0,02,000,00,2,4,15,A01
200600016585,0,07,000,00,2,3,01,B02
200600016586,0,07,000,02,0,2,01,A01
200600016587,0,02,000,00,2,1,01,A01
200600016587,0,07,000,00,0,4,00,B02
200600016588,0,07,000,00,2,8,01,A01
200600016588,0,01,000,00,2,8,05,B02
200600016589,0,02,000,00,2,1,01,A01
200600016589,0,07,000,00,2,2,13,B02
200600016590,0,07,000,10,0,1,01,A01
200600016591,0,07,000,02,0,1,01,A01
200600016592,2,07,000,00,2,1,01,A01
200600016592,0,07,000,00,2,8,01,B02
200600016593,0,13,000,00,0,3,16,A01
200600016593,0,33,000,00,0,2,01,B02
200600016594,0,10,000,13,0,2,01,A01
200600016595,0,07,000,02,0,1,01,A01
200600016596,0,14,000,00,0,0,00,A01
200600016597,0,30,000,00,2,3,13,A01
200600016597,0,10,000,00,2,3,01,B02
200600016598,0,07,000,00,2,3,02,A01
200600016599,0,07,000,00,2,3,15,A01
200600016599,0,30,000,00,2,1,01,B02
200600016600,0,07,000,13,0,2,01,A01
200600016601,0,02,000,12,0,1,00,A01
200600016602,0,02,000,00,2,1,01,A01
200600016602,0,02,000,00,2,3,01,B02
200600016603,0,10,000,00,2,3,05,A01
200600016603,0,07,000,00,2,3,21,B02
200600016604,0,07,000,00,2,3,13,A01
200600016604,0,14,000,00,2,8,01,B02
200600016604,0,14,000,00,2,1,01,C03
200600016604,0,14,000,00,2,8,02,D04
200600016605,0,10,000,00,2,3,13,A01
200600016605,0,10,000,00,2,3,01,B02
200600016605,0,07,000,00,2,1,01,C03
200600016605,0,14,000,00,2,1,01,D04
200600016606,0,36,000,02,0,1,01,A01
200600016607,0,07,000,00,2,3,01,A01
200600016607,0,07,000,00,2,1,01,B02
200600016607,0,07,000,00,2,3,01,C03
200600016608,0,07,000,00,0,6,02,A01
200600016608,0,07,000,15,2,2,02,B02
200600016609,0,07,000,00,2,8,09,A01
200600016609,0,01,000,00,2,1,01,B02
200600016610,0,10,000,00,0,0,01,A01
200600016611,0,07,000,00,9,3,16,A01
200600016611,0,30,000,00,2,1,01,B02
200600016612,0,07,000,00,5,1,01,A01
200600016613,0,07,000,00,0,2,02,B02
200600016613,0,02,000,00,0,8,09,A01
200600016614,0,07,000,00,2,5,17,A01
200600016614,0,10,000,00,2,2,01,B02
200600016615,0,10,000,00,2,1,13,A01
200600016615,0,07,000,00,2,1,01,B02
200600016616,0,33,000,08,0,1,14,A01
200600016617,0,07,000,02,0,1,13,A01
200600016618,0,31,000,00,2,2,01,A01
200600016618,0,07,000,00,2,3,19,B02
200600016619,0,10,000,00,0,2,14,A01
200600016620,0,07,000,00,1,1,01,A01
200600016621,0,30,000,00,1,1,00,A01
200600016622,0,07,000,00,2,3,01,A01
200600016622,0,07,000,00,0,0,00,B02
200600016623,0,07,000,00,0,3,13,A01
200600016624,0,33,000,13,0,7,15,A01
200600016625,1,31,000,00,1,0,01,A01
200600016626,0,07,000,00,2,3,18,A01
200600016626,0,15,000,00,2,7,02,B02
200600016627,0,07,000,00,2,3,13,A01
200600016627,0,07,000,00,2,3,01,B02
200600016628,0,31,000,00,2,7,17,A01
200600016628,0,07,000,00,9,2,15,B02
200600016629,0,07,000,00,2,7,13,A01
200600016629,0,07,000,00,2,1,01,B02
200600016630,0,07,000,06,0,1,01,A01
200600016631,0,07,000,00,9,3,00,A01
200600016631,0,01,000,00,0,5,00,B02
200600016632,0,07,000,00,2,2,01,A01
200600016632,0,07,000,00,2,1,01,B02
200600016633,0,07,000,00,2,2,09,A01
200600016633,0,02,000,00,0,5,01,B02
200600016634,0,07,000,03,0,5,17,A01
200600016635,0,30,000,00,1,1,01,A01
200600016636,0,31,000,06,0,1,00,A01
200600016637,0,07,000,00,2,2,01,A01
200600016637,0,07,000,00,2,3,01,B02
200600016638,0,07,000,16,0,9,17,A01
200600016639,0,17,000,06,0,1,01,A01
200600016640,0,07,000,02,0,1,01,A01
200600016641,0,07,000,13,0,3,01,A01
200600016642,0,07,000,00,2,1,01,A01
200600016642,0,07,000,00,2,8,01,B02
200600016642,0,07,000,00,2,8,17,C03
200600016643,1,10,000,00,1,0,00,A01
200600016644,0,07,000,00,1,1,01,A01
200600016645,0,07,000,13,0,1,01,A01
200600016646,0,33,000,00,2,1,13,A01
200600016646,0,10,000,00,2,1,01,B02
200600016647,0,07,000,00,2,7,15,A01
200600016647,0,02,000,00,2,1,01,B02
200600016648,0,07,000,00,2,2,17,A01
200600016648,0,01,000,00,0,4,01,B02
200600016649,0,33,000,00,0,8,01,A01
200600016650,0,07,000,00,2,3,13,A01
200600016650,0,07,000,00,2,3,01,B02
200600016651,0,07,000,02,0,2,01,A01
200600016652,0,36,000,00,2,1,11,A01
200600016652,0,10,000,00,2,1,01,B02
200600016653,0,07,000,00,0,9,02,A01
200600016654,0,07,000,06,0,7,13,A01
200600016655,0,07,000,00,2,1,01,A01
200600016655,0,07,000,00,2,1,13,B02
200600016656,0,07,000,00,0,3,01,A01
200600016656,0,07,000,00,0,3,01,B02
200600016657,0,07,000,00,2,2,15,A01
200600016657,0,33,000,00,2,1,01,B02
200600016658,0,14,000,00,0,0,01,A01
200600016658,0,07,000,00,2,3,01,B02
200600016659,0,10,000,02,0,1,01,A01
200600016660,0,07,000,00,9,3,10,A01
200600016660,0,02,000,00,2,1,17,B02
200600016661,0,07,000,00,6,1,01,A01
200600016661,0,07,000,00,2,1,01,B02
200600016662,0,14,000,13,0,2,01,A01
200600016663,0,07,000,00,0,4,23,A01
200600016663,0,07,000,00,2,1,02,B02
200600016663,0,07,000,00,2,4,23,C03
200600016664,0,10,000,00,2,3,15,A01
200600016664,0,10,000,00,2,7,17,B02
200600016665,0,07,000,00,6,2,01,A01
200600016666,0,07,000,02,0,1,15,A01
200600016667,0,07,000,00,2,3,01,A01
200600016667,0,07,000,00,2,7,13,B02
200600016668,0,07,000,08,0,1,01,A01
200600016668,0,99,000,00,0,0,00,B02
200600016669,0,07,000,12,0,5,13,A01
200600016670,0,07,000,01,2,1,21,A01
200600016670,0,10,000,00,2,1,01,B02
200600016671,0,10,000,00,2,1,00,A01
200600016671,0,10,000,00,2,3,00,B02
200600016672,0,14,000,00,2,1,02,A01
200600016672,0,07,000,00,2,4,02,B02
200600016672,0,07,000,00,2,4,02,C03
200600016672,0,07,000,00,2,4,02,D04
200600016672,0,07,000,00,2,4,02,E05
200600016673,0,07,000,08,0,3,01,A01
200600016674,0,07,000,00,2,2,19,A01
200600016674,0,31,000,00,2,1,01,B02
200600016675,0,33,000,15,0,1,01,A01
200600016676,0,07,000,02,0,1,14,A01
200600016677,0,07,000,02,0,2,13,A01
200600016678,0,10,000,00,2,1,02,A01
200600016678,0,07,000,00,2,9,15,B02
200600016678,0,07,000,00,2,1,00,C03
200600016679,0,07,000,08,0,3,14,A01
200600016680,0,07,000,02,0,3,00,A01
200600016681,0,07,000,02,0,1,01,A01
200600016682,0,37,000,00,1,0,01,A01
200600016683,0,07,000,00,6,1,21,A01
200600016684,0,31,000,00,0,0,02,A01
200600016685,0,10,000,00,2,3,17,A01
200600016685,0,07,000,00,2,3,01,B02
200600016686,0,07,000,00,1,5,04,A01
200600016687,1,07,000,04,2,8,17,A01
200600016687,0,07,000,00,2,3,01,B02
200600016688,0,33,000,14,0,1,01,A01
200600016689,0,07,000,00,2,1,01,A01
200600016689,0,07,000,00,0,0,00,B02
200600016690,0,07,000,02,0,2,01,A01
200600016691,0,07,000,00,0,0,00,B02
200600016691,0,07,000,00,2,3,15,A01
200600016692,0,07,000,01,0,7,02,A01
200600016692,0,07,000,04,0,2,02,B02
200600016693,0,33,000,00,0,7,01,A01
200600016694,0,07,000,00,2,1,09,A01
200600016694,0,15,000,00,2,5,01,B02
200600016695,0,10,000,00,2,2,11,A01
200600016695,0,14,000,00,0,6,02,B02
200600016696,0,14,000,00,2,6,01,A01
200600016696,0,07,000,04,2,2,17,B02
200600016696,0,07,000,00,2,4,02,C03
200600016696,0,07,000,00,2,1,02,D04
200600016697,0,07,000,02,0,3,01,A01
200600016698,0,07,000,14,0,0,17,A01
200600016698,0,01,000,00,2,1,01,B02
200600016698,0,01,000,00,0,7,01,C03
200600016699,0,07,000,00,2,1,13,A01
200600016699,0,07,000,00,2,1,01,B02
200600016700,0,07,000,02,0,8,14,A01
200600016701,0,07,000,02,0,5,13,A01
200600016702,0,07,000,00,2,2,01,A01
200600016702,0,07,000,00,2,3,00,B02
200600016703,0,07,000,00,2,3,13,A01
200600016703,0,10,000,00,2,3,01,B02
200600016703,0,07,000,00,2,1,01,C03
200600016704,0,31,000,00,2,1,13,A01
200600016704,0,17,000,00,2,3,01,B02
200600016705,0,07,000,00,2,8,15,A01
200600016705,0,02,000,00,2,1,19,B02
200600016706,0,07,000,00,2,1,01,A01
200600016706,0,07,000,00,0,4,15,B02
200600016707,0,30,000,00,2,1,01,A01
200600016707,0,07,000,00,0,4,23,B02
200600016708,0,07,000,00,2,3,01,A01
200600016708,0,01,000,00,2,1,13,B02
200600016709,0,10,000,00,2,5,15,A01
200600016709,0,33,000,00,2,1,01,B02
200600016710,0,07,000,13,0,6,01,A01
200600016711,0,07,000,00,0,5,17,A01
200600016712,0,07,000,13,0,1,13,A01
200600016713,0,07,000,00,0,8,15,A01
200600016713,0,02,000,00,0,0,18,B02
200600016714,0,35,002,08,0,1,01,A01
200600016715,0,07,000,02,0,3,01,A01
200600016716,0,07,000,08,2,2,01,B02
200600016716,0,07,000,00,0,8,01,A01
200600016717,0,33,000,00,2,1,01,A01
200600016717,0,07,000,00,2,5,20,B02
200600016718,0,07,000,00,2,3,13,A01
200600016718,0,15,000,00,2,3,01,B02
200600016719,0,07,000,00,2,5,17,A01
200600016719,0,07,000,00,2,6,01,B02
200600016720,0,14,000,06,0,1,01,A01
200600016721,0,07,000,13,0,1,01,A01
200600016722,0,07,000,00,2,8,15,A01
200600016722,0,07,000,00,2,1,01,B02
200600016722,0,10,000,00,0,1,00,C03
200600016723,0,07,000,03,0,1,01,A01
200600016724,0,07,000,00,0,2,01,A01
200600016725,0,10,000,06,0,9,00,A01
200600016726,0,07,000,00,2,2,11,A01
200600016726,0,07,000,00,2,3,01,B02
200600016727,0,07,000,00,2,2,17,A01
200600016727,0,07,000,00,2,1,17,B02
200600016728,0,07,000,16,0,1,01,A01
200600016729,0,31,000,00,2,1,01,A01
200600016729,0,07,000,00,2,5,15,B02
200600016729,0,07,000,00,2,8,00,C03
200600016730,0,07,000,00,2,1,13,A01
200600016730,0,07,000,00,2,1,01,B02
200600016730,0,07,000,00,2,1,01,C03
200600016731,0,07,000,00,2,3,16,A01
200600016731,0,07,000,00,2,2,01,B02
200600016732,0,02,000,00,2,1,13,A01
200600016732,0,07,000,00,2,3,01,B02
200600016733,0,07,000,00,2,2,17,A01
200600016733,0,07,000,00,2,3,09,B02
200600016734,0,10,000,13,0,1,01,A01
200600016735,0,02,000,00,2,1,05,A01
200600016735,0,10,000,00,9,1,01,B02
200600016736,0,07,000,00,2,1,16,A01
200600016736,0,07,000,00,2,1,01,B02
200600016737,0,07,000,00,1,7,02,A01
200600016738,0,07,000,00,1,3,15,A01
200600016739,0,07,000,02,0,1,01,A01
200600016740,0,07,000,08,0,1,14,A01
200600016741,0,07,000,00,2,1,01,A01
200600016741,0,07,000,00,0,8,19,B02
200600016742,0,07,000,00,2,3,15,A01
200600016742,0,07,000,00,2,3,01,B02
200600016743,0,07,000,00,0,3,01,A01
200600016743,0,07,000,00,0,3,01,B02
200600016744,0,07,000,00,2,1,01,A01
200600016744,0,07,000,00,2,1,01,B02
200600016745,0,07,000,00,2,0,01,A01
200600016745,0,02,000,00,2,0,15,B02
200600016746,0,07,000,00,2,2,15,A01