Num_Acc,senc,catv,occutc,obs,obsm,choc,manv,num_veh
200600017447,0,31,000,00,2,1,02,B02
200600017448,0,07,000,00,2,3,00,A01
200600017448,0,07,000,00,2,2,01,B02
200600017449,0,07,000,08,0,1,14,A01
200600017450,0,07,000,13,0,1,01,A01
200600017451,0,07,000,00,2,3,01,A01
200600017451,0,07,000,00,2,3,13,B02
200600017451,0,07,000,00,2,3,00,C03
200600017452,0,02,000,00,0,8,01,A01
200600017453,0,07,000,00,2,1,05,A01
200600017453,0,07,000,00,2,1,01,B02
200600017454,0,07,000,00,2,1,01,B02
200600017454,0,30,000,00,2,8,16,A01
200600017455,0,07,000,00,1,6,04,A01
200600017456,0,07,000,00,9,8,01,D04
200600017456,0,02,000,00,2,8,01,A01
200600017456,0,07,000,00,2,1,15,B02
200600017456,0,02,000,00,2,8,01,C03
200600017457,0,31,000,00,2,1,01,A01
200600017457,0,30,000,00,2,1,01,B02
200600017458,0,33,000,13,0,8,13,A01
200600017459,0,07,000,13,0,1,01,A01
200600017460,0,33,000,12,0,1,01,A01
200600017461,0,07,000,00,2,2,19,A01
200600017461,0,07,000,00,2,1,01,B02
200600017462,0,07,000,00,2,2,01,A01
200600017462,0,07,000,00,2,3,01,B02
200600017463,0,34,000,13,0,1,01,A01
200600017464,0,07,000,00,2,2,01,A01
200600017464,0,31,000,00,2,7,09,B02
200600017465,0,02,000,06,0,1,01,A01
200600017466,0,07,000,00,2,1,13,A01
200600017466,0,07,000,00,2,8,01,B02
200600017466,0,37,000,00,2,1,01,C03
200600017467,0,14,000,00,2,0,15,A01
200600017467,0,31,000,00,0,0,16,B02
200600017468,0,07,000,00,2,7,15,A01
200600017468,0,07,000,00,2,1,01,B02
200600017468,0,07,000,00,2,8,23,C03
200600017469,0,07,000,00,2,1,01,B02
200600017469,0,07,000,00,2,7,19,A01
200600017470,0,32,000,01,0,1,00,A01
200600017470,0,99,000,01,0,4,00,B02
200600017471,0,30,000,00,0,0,01,A01
200600017471,0,30,000,00,0,0,00,B02
200600017472,0,02,000,00,0,1,01,A01
200600017473,0,33,000,13,0,1,01,A01
200600017474,0,33,000,00,2,1,17,A01
200600017474,0,10,000,00,0,6,13,B02
200600017475,0,02,000,00,2,1,13,A01
200600017475,0,07,000,00,2,1,01,B02
200600017476,0,02,000,00,2,1,01,B02
200600017476,0,07,000,00,2,7,01,A01
200600017477,0,07,000,00,2,2,01,A01
200600017477,0,02,000,00,2,3,01,B02
200600017478,0,31,000,00,2,9,00,A01
200600017478,0,07,000,00,2,7,15,B02
200600017478,0,07,000,00,2,8,01,C03
200600017479,0,31,000,13,0,1,01,A01
200600017480,0,07,000,00,2,1,17,A01
200600017480,0,10,000,00,2,3,01,B02
200600017481,0,07,000,00,2,2,15,A01
200600017481,0,07,000,00,2,1,01,B02
200600017482,0,07,000,13,0,1,01,A01
200600017483,0,01,000,08,0,1,01,A01
200600017484,0,14,000,00,2,3,01,A01
200600017484,0,07,000,00,2,1,01,B02
200600017485,0,07,000,00,6,3,01,A01
200600017486,0,05,000,16,0,7,14,A01
200600017487,0,07,000,00,2,1,01,B02
200600017487,0,07,000,00,2,7,15,C03
200600017487,0,07,000,00,2,3,23,A01
200600017488,0,07,000,00,2,1,01,A01
200600017488,0,07,000,00,0,4,01,B02
200600017489,0,07,000,00,2,4,15,A01
200600017489,0,07,000,00,2,1,01,B02
200600017490,0,02,000,00,6,1,01,A01
200600017491,0,07,000,00,2,1,13,A01
200600017491,0,10,000,00,2,1,01,B02
200600017491,0,10,000,00,2,1,01,C03
200600017492,0,07,000,00,2,1,01,A01
200600017492,0,07,000,00,9,7,15,B02
200600017492,0,99,000,00,2,1,01,C03
200600017493,0,33,000,06,0,1,01,A01
200600017494,0,07,000,00,2,1,01,A01
200600017494,0,07,000,00,2,8,15,B02
200600017495,0,33,000,00,2,3,17,A01
200600017495,0,10,000,00,0,6,15,B02
200600017496,0,07,000,00,0,9,01,A01
200600017497,0,07,000,02,0,1,14,A01
200600017498,0,07,000,00,2,2,01,A01
200600017498,0,07,000,00,2,1,01,B02
200600017499,0,07,000,00,9,2,01,A01
200600017499,0,01,000,00,2,1,01,B02
200600017500,0,17,000,00,2,6,01,A01
200600017500,0,33,000,00,2,3,23,B02
200600017501,0,02,000,12,0,7,15,A01
200600017502,0,07,000,13,0,1,17,A01
200600017503,0,07,000,00,1,1,01,A01
200600017504,0,07,000,06,0,2,01,A01
200600017505,0,15,000,00,0,3,01,A01
200600017505,0,07,000,00,0,3,13,B02
200600017506,0,07,000,00,2,8,23,A01
200600017506,0,07,000,00,2,1,01,B02
200600017506,0,33,000,00,2,8,15,C03
200600017507,0,07,000,00,0,3,15,A01
200600017507,0,02,000,00,0,1,17,B02
200600017508,0,01,000,00,0,1,01,A01
200600017508,0,07,000,00,0,3,23,B02
200600017509,0,07,000,00,2,1,15,A01
200600017509,0,33,000,00,2,1,01,B02
200600017510,0,07,000,00,2,5,15,A01
200600017510,0,02,000,00,2,1,02,B02
200600017511,0,07,000,00,2,1,13,A01
200600017511,0,07,000,00,2,1,01,B02
200600017511,0,07,000,14,0,2,21,C03
200600017512,0,07,000,00,2,2,15,A01
200600017512,0,99,000,00,2,1,01,B02
200600017512,0,14,000,00,0,0,00,C03
200600017513,0,07,000,00,2,3,19,A01
200600017513,0,33,000,00,2,1,17,B02
200600017514,0,07,000,00,0,9,01,A01
200600017515,0,07,000,00,1,2,00,A01
200600017516,0,07,000,14,0,2,01,A01
200600017517,0,07,000,00,2,1,17,A01
200600017517,0,07,000,00,0,0,01,B02
200600017517,0,07,000,00,2,8,01,C03
200600017517,0,07,000,00,0,4,01,D04
200600017517,0,07,000,00,2,3,01,E05
200600017517,0,21,000,00,2,4,01,F06
200600017518,0,02,000,00,5,1,01,A01
200600017519,0,15,000,13,0,2,00,A01
200600017520,0,07,000,02,0,1,01,A01
200600017521,0,07,000,00,0,5,15,A01
200600017521,0,33,000,00,0,1,01,B02
200600017521,0,10,000,00,0,3,23,C03
200600017522,0,07,000,02,0,7,01,A01
200600017523,0,07,000,00,2,1,01,A01
200600017523,0,07,000,00,2,1,01,B02
200600017524,0,07,000,00,2,5,15,A01
200600017524,0,33,000,00,2,1,01,B02
200600017525,0,15,000,06,0,7,15,A01
200600017526,0,07,000,00,5,1,01,A01
200600017527,0,07,000,00,2,3,13,A01
200600017527,0,07,000,00,2,3,01,B02
200600017528,0,14,000,00,2,3,00,A01
200600017529,0,02,000,00,2,8,15,A01
200600017529,0,07,000,00,2,2,17,B02
200600017530,0,07,000,00,2,2,01,B02
200600017530,0,07,000,00,0,0,00,A01
200600017531,0,10,000,00,1,6,04,A01
200600017532,0,07,000,00,2,1,01,A01
200600017532,0,07,000,00,2,1,01,B02
200600017533,0,07,000,00,2,3,13,A01
200600017533,0,17,000,00,2,3,01,B02
200600017534,0,33,000,00,2,7,17,A01
200600017534,0,07,000,00,2,8,12,B02
200600017535,0,33,000,01,2,9,17,A01
200600017535,0,07,000,00,2,8,15,B02
200600017535,0,07,000,00,2,8,00,C03
200600017536,0,07,000,00,2,1,01,A01
200600017536,0,10,000,00,2,1,13,B02
200600017537,0,07,000,00,2,1,01,A01
200600017537,0,07,000,00,0,4,15,B02
200600017538,0,31,000,00,2,3,15,A01
200600017538,0,07,000,00,2,2,01,B02
200600017539,0,14,000,02,0,7,01,A01
200600017540,0,07,000,00,2,1,01,A01
200600017540,0,07,000,00,2,8,19,B02
200600017541,0,20,000,00,2,3,23,A01
200600017541,0,02,000,00,2,3,01,B02
200600017542,0,07,000,06,0,1,14,A01
200600017543,0,07,000,00,2,5,15,A01
200600017543,0,30,000,00,2,1,01,B02
200600017544,0,07,000,00,0,6,09,A01
200600017544,0,33,000,00,0,1,01,B02
200600017545,0,02,000,00,2,8,16,A01
200600017545,0,07,000,00,2,1,01,B02
200600017546,0,32,000,11,0,7,01,A01
200600017547,0,07,000,00,2,3,13,A01
200600017547,0,17,000,00,2,8,01,B02
200600017547,0,07,000,00,9,8,01,C03
200600017548,0,07,000,06,0,1,01,A01
200600017549,0,07,000,00,2,8,19,A01
200600017549,0,30,000,00,2,1,13,B02
200600017550,0,07,000,06,0,7,01,A01
200600017550,0,07,000,00,2,1,16,B02
200600017551,0,33,000,04,0,3,01,A01
200600017552,0,07,000,06,0,2,01,A01
200600017553,0,14,000,00,1,3,16,A01
200600017554,0,07,000,06,0,8,00,A01
200600017555,0,10,000,13,6,9,21,A01
200600017556,0,10,000,02,0,1,01,A01
200600017557,0,02,000,00,9,3,09,A01
200600017557,0,02,000,00,9,2,00,B02
200600017558,0,07,000,00,2,3,01,A01
200600017558,0,07,000,00,2,3,01,B02
200600017559,0,14,000,00,2,1,01,A01
200600017559,0,07,000,00,2,4,01,B02
200600017559,0,07,000,00,2,1,01,C03
200600017560,0,07,000,13,0,9,01,A01
200600017561,0,07,000,15,0,9,01,A01
200600017562,0,07,000,02,0,1,01,A01
200600017563,0,07,000,02,0,1,19,A01
200600017564,0,07,000,08,0,7,01,A01
200600017565,0,02,000,00,0,3,13,A01
200600017565,0,07,000,00,0,8,01,B02
200600017566,0,02,000,00,2,1,13,A01
200600017566,0,14,000,00,2,1,01,B02
200600017567,0,07,000,06,0,9,01,A01
200600017568,0,21,000,00,0,4,01,A01
200600017568,0,30,000,00,2,1,01,B02
200600017569,0,07,000,13,0,8,00,A01
200600017570,0,33,000,00,2,1,13,A01
200600017570,0,07,000,00,2,3,01,B02
200600017571,0,07,000,13,0,9,01,A01
200600017572,0,07,000,08,0,9,17,A01
200600017573,0,15,000,00,0,2,01,A01
200600017573,0,01,000,00,9,8,15,B02
200600017574,0,31,000,00,0,8,01,A01
200600017575,0,02,000,00,2,2,01,A01
200600017575,0,10,000,00,2,2,15,B02
200600017576,0,07,000,00,2,1,15,A01
200600017576,0,33,000,00,2,2,01,B02
200600017577,0,02,000,00,2,1,01,B02
200600017577,0,07,000,00,0,0,00,C03
200600017577,0,07,000,00,2,8,15,A01
200600017578,0,07,000,00,6,3,01,A01
200600017578,0,07,000,00,6,1,01,B02
200600017579,0,07,000,00,1,2,02,A01
200600017580,0,07,000,00,2,1,13,A01
200600017580,0,17,000,00,2,3,01,B02
200600017581,0,14,000,02,0,1,13,A01
200600017582,0,07,000,00,1,2,01,A01
200600017583,0,30,000,00,2,4,15,A01
200600017583,0,10,000,00,2,1,01,B02
200600017584,0,07,000,06,0,1,01,A01
200600017585,0,07,000,00,2,1,02,A01
200600017585,0,07,000,00,2,1,05,B02
200600017586,0,10,000,00,2,3,01,B02
200600017586,0,01,000,00,0,2,19,A01
200600017587,0,10,000,08,0,8,01,A01
200600017588,0,07,000,00,0,8,13,A01
200600017588,0,01,000,00,0,8,01,B02
200600017589,0,07,000,00,1,1,01,A01
200600017590,0,07,000,06,0,1,01,A01
200600017591,0,07,000,00,2,5,02,A01
200600017591,0,02,000,00,2,1,15,B02
200600017592,0,07,000,00,2,1,01,A01
200600017592,0,07,000,00,0,0,00,B02
200600017593,0,07,000,00,2,2,05,A01
200600017593,0,07,000,00,2,2,01,B02
200600017594,0,33,000,16,0,9,17,A01
200600017595,0,07,000,00,2,1,01,A01
200600017595,0,07,000,00,0,8,19,B02
200600017596,0,10,000,13,0,2,14,A01
200600017597,0,30,000,16,0,0,00,A01
200600017598,0,07,000,00,2,8,01,A01
200600017598,0,17,000,00,2,1,01,B02
200600017599,0,33,000,02,0,1,01,A01
200600017600,0,07,000,00,2,1,01,A01
200600017600,0,07,000,00,2,7,19,B02
200600017600,0,07,000,00,2,1,01,C03
200600017601,0,33,000,03,0,8,01,A01
200600017602,0,07,000,00,0,1,01,A01
200600017602,0,30,000,00,0,8,00,B02
200600017603,0,99,000,00,2,2,01,A01
200600017603,0,07,000,00,2,4,23,B02
200600017604,0,07,000,13,0,1,01,A01
200600017605,0,01,000,00,2,7,16,A01
200600017605,0,21,000,00,2,1,01,B02
200600017606,0,33,000,00,2,1,01,B02
200600017606,0,07,000,00,2,5,19,A01
200600017607,0,07,000,00,2,7,19,A01
200600017607,0,07,000,00,2,1,01,B02
200600017608,0,07,000,00,2,3,13,A01
200600017608,0,10,000,00,0,8,05,B02
200600017608,0,07,000,00,2,3,05,C03
200600017608,0,07,000,00,2,2,02,D04
200600017609,0,02,000,00,2,1,13,A01
200600017609,0,10,000,00,2,3,01,B02
200600017610,0,07,000,06,0,1,01,A01
200600017611,0,07,000,00,2,1,13,A01
200600017612,0,10,000,00,2,2,01,A01
200600017612,0,10,000,00,2,6,20,B02
200600017613,0,02,000,12,0,7,01,A01
200600017614,0,07,000,00,1,3,15,A01
200600017615,0,07,000,13,0,6,01,A01
200600017616,0,07,000,02,0,9,13,A01
200600017617,0,07,000,00,2,3,02,A01
200600017617,0,02,000,00,2,4,02,B02
200600017618,0,33,000,00,1,8,01,A01
200600017619,0,32,000,15,0,1,13,A01
200600017620,0,07,000,00,2,8,01,B02
200600017620,0,07,000,00,2,1,01,A01
200600017621,0,33,000,00,2,1,17,A01
200600017621,0,10,000,00,2,3,01,B02
200600017622,0,07,000,00,2,2,15,A01
200600017622,0,02,000,00,2,1,01,B02
200600017623,0,07,000,13,0,1,01,A01
200600017624,0,07,000,00,2,3,00,A01
200600017624,0,10,000,00,2,3,00,B02
200600017625,0,07,000,00,2,3,13,A01
200600017625,0,07,000,00,2,8,01,B02
200600017625,0,07,000,00,2,3,01,C03
200600017626,0,17,000,00,2,2,17,A01
200600017626,0,01,000,00,2,8,15,C03
200600017627,0,02,000,00,2,1,01,A01
200600017627,0,07,000,00,2,7,19,B02
200600017628,0,07,000,00,2,1,01,B02
200600017628,0,07,000,00,0,8,19,A01
200600017629,0,10,000,00,2,2,15,A01
200600017629,0,07,000,00,2,3,01,B02
200600017630,0,31,000,00,0,3,01,A01
200600017631,0,07,000,00,2,3,19,A01
200600017631,0,01,000,00,2,1,01,B02
200600017631,0,01,000,00,2,1,01,C03
200600017632,0,21,000,00,2,3,01,A01
200600017632,0,02,000,00,2,1,13,B02
200600017633,0,07,000,00,2,2,13,A01
200600017633,0,33,000,00,2,1,19,B02
200600017634,0,07,000,00,2,1,01,A01
200600017634,0,07,000,00,2,4,01,B02
200600017635,0,10,000,00,2,3,19,A01
200600017636,0,07,000,02,0,2,01,A01
200600017637,0,07,000,06,0,7,13,A01
200600017638,0,02,000,00,1,3,13,A01
200600017639,0,07,000,00,2,3,17,A01
200600017639,0,07,000,06,2,6,15,B02
200600017640,0,10,000,02,0,1,13,A01
200600017641,0,07,000,03,0,4,01,A01
200600017641,0,07,000,00,2,4,01,B02
200600017641,0,14,000,00,2,0,02,C03
200600017642,0,07,000,00,2,2,15,A01
200600017642,0,07,000,00,2,3,01,B02
200600017643,0,21,000,00,9,6,15,A01
200600017643,0,02,000,00,2,8,23,B02
200600017644,0,10,000,00,2,3,13,A01
200600017644,0,07,000,00,2,1,01,B02
200600017644,0,07,000,00,2,0,02,C03
200600017645,0,37,017,00,1,1,01,A01
200600017646,0,07,000,00,2,8,01,A01
200600017646,0,02,000,00,2,1,16,B02
200600017647,0,30,000,00,1,1,01,A01
200600017648,0,07,000,00,2,7,15,A01
200600017648,0,07,000,00,2,1,01,B02
200600017649,0,07,000,02,0,2,01,A01
200600017650,0,07,000,00,1,2,01,A01
200600017651,0,14,000,00,2,3,01,A01
200600017651,0,07,000,00,2,7,13,B02
200600017652,0,02,000,00,0,8,16,A01
200600017652,0,10,000,00,2,8,01,B02
200600017653,0,10,000,00,2,3,01,A01
200600017653,0,33,000,00,2,1,01,B02
200600017654,0,32,000,00,0,5,01,A01
200600017655,0,07,000,02,0,1,13,A01
200600017656,0,02,000,08,0,1,01,A01
200600017657,0,07,000,15,0,1,01,A01
200600017658,0,10,000,00,1,3,01,A01
200600017659,0,07,000,13,0,2,01,A01
200600017660,0,31,000,00,2,1,02,A01
200600017660,0,07,000,00,0,3,15,B02
200600017661,0,30,000,00,0,1,02,A01
200600017661,0,07,000,00,2,1,15,B02
200600017662,0,02,000,00,0,7,19,A01
200600017662,0,02,000,00,0,0,00,B02
200600017662,0,07,000,00,2,1,01,C03
200600017663,0,07,000,00,2,1,06,A01
200600017663,0,10,000,00,2,1,01,B02
200600017664,0,10,000,00,2,2,01,A01
200600017664,0,01,000,00,2,4,01,B02
200600017665,0,07,000,00,2,2,19,A01
200600017665,0,32,000,00,2,1,17,B02
200600017666,0,33,000,00,2,1,02,A01
200600017666,0,07,000,00,2,4,20,B02
200600017667,0,07,000,15,0,1,23,A01
200600017668,0,07,000,00,0,1,01,A01
200600017669,0,07,000,00,0,2,15,A01
200600017669,0,33,000,00,2,1,01,B02
200600017670,0,10,000,00,1,7,02,A01
200600017671,0,07,000,02,0,3,13,A01
200600017672,0,30,000,00,2,1,01,A01
200600017672,0,07,000,00,2,3,17,B02
200600017673,0,30,000,00,2,1,01,A01
200600017673,0,07,000,00,0,4,01,B02
200600017674,0,33,000,00,2,1,02,A01
200600017674,0,10,000,00,0,6,15,B02
200600017675,0,33,000,00,2,2,17,A01
200600017675,0,07,000,00,0,6,15,B02
200600017675,0,14,000,00,2,3,14,C03
200600017675,0,33,000,00,0,3,01,D04
200600017676,0,07,000,06,0,2,00,A01
200600017677,0,02,000,01,0,1,01,A01
200600017678,0,07,000,00,2,1,01,B02
200600017678,0,02,000,00,2,7,19,A01
200600017679,0,07,000,00,2,2,00,A01
200600017679,0,07,000,00,0,3,15,B02
200600017680,0,07,000,13,0,9,01,A01
200600017681,0,07,000,00,2,2,15,A01
200600017681,0,33,000,00,2,1,01,B02
200600017682,0,07,000,00,2,1,19,A01
200600017682,0,07,000,00,2,7,01,B02
200600017683,0,07,000,00,2,7,13,A01
200600017683,0,10,000,00,2,1,01,B02
200600017684,0,07,000,00,2,1,01,A01
200600017684,0,02,000,00,2,8,19,B02
200600017685,0,33,000,06,0,1,01,A01
200600017686,0,07,000,08,2,4,09,A01
200600017686,0,07,000,00,2,1,02,B02
200600017687,0,07,000,00,2,1,17,A01
200600017687,0,07,000,00,2,3,01,B02
200600017688,0,07,000,13,0,7,01,A01
200600017689,0,07,000,00,2,1,01,B02
200600017689,0,07,000,00,0,8,19,A01
200600017690,0,33,000,00,1,1,01,A01
200600017691,0,07,000,00,2,1,15,A01
200600017691,0,02,000,00,2,1,17,B02
200600017692,0,07,000,13,0,3,13,A01
200600017693,0,07,000,00,2,3,13,A01
200600017693,0,07,000,00,2,3,01,B02
200600017694,0,31,000,00,2,1,01,A01
200600017694,0,07,000,00,2,7,15,B02
200600017695,0,07,000,13,0,3,16,A01
200600017696,0,07,000,00,2,7,13,A01
200600017696,0,07,000,00,2,1,01,B02
200600017697,0,07,000,00,2,2,15,A01
200600017697,0,02,000,00,2,1,01,B02
200600017698,0,07,000,08,0,9,17,A01
200600017699,0,33,000,00,2,1,01,A01
200600017699,0,07,000,00,2,1,19,B02
200600017700,0,36,000,01,0,3,01,A01
200600017700,0,07,000,00,2,3,00,B02
200600017701,0,07,000,00,2,5,15,A01
200600017701,0,07,000,00,2,1,01,B02
200600017702,0,07,000,00,2,1,13,A01
200600017702,0,07,000,00,2,1,01,B02
200600017703,0,30,000,00,2,1,00,A01
200600017703,0,07,000,00,2,5,19,B02
200600017704,0,30,000,00,2,1,05,A01
200600017704,0,07,000,00,2,6,15,B02
200600017705,0,10,000,00,2,2,01,A01
200600017705,0,07,000,00,2,3,01,B02
200600017706,0,07,000,00,2,3,13,A01
200600017706,0,07,000,00,2,3,01,B02
200600017707,0,10,000,00,0,3,11,A01
200600017707,0,33,000,00,2,1,01,B02
200600017707,0,07,000,00,0,8,23,C03
200600017708,0,14,000,06,0,1,01,A01
200600017709,0,07,000,00,0,6,01,A01
200600017709,0,33,000,00,2,1,01,B02
200600017710,0,02,000,00,0,7,01,A01
200600017711,0,07,000,00,1,3,01,A01
200600017712,0,07,000,02,0,8,01,A01
200600017713,0,35,000,00,2,3,19,A01
200600017713,0,07,000,02,2,2,01,B02
200600017714,0,07,000,00,2,1,13,A01
200600017714,0,07,000,00,2,9,01,B02
200600017714,0,07,000,00,2,9,01,C03
200600017715,0,07,000,02,0,2,14,A01
200600017716,0,07,000,00,2,3,13,A01
200600017716,0,17,000,00,2,6,01,B02
200600017717,0,14,000,13,0,7,13,A01
200600017718,0,07,000,15,2,1,19,A01
200600017718,0,07,000,06,2,5,01,B02
200600017719,0,07,000,00,2,3,01,A01
200600017719,0,33,000,00,2,1,05,B02
200600017720,0,07,000,00,2,3,15,A01
200600017720,0,02,000,00,2,3,01,B02
200600017721,0,07,000,00,2,1,13,A01
200600017721,0,07,000,00,2,1,01,B02
200600017722,0,30,000,02,0,1,16,A01
200600017723,0,07,000,00,2,7,01,A01
200600017724,0,07,000,00,2,3,13,A01
200600017724,0,07,000,00,2,3,01,B02
200600017725,0,07,000,00,2,1,01,A01
200600017725,0,07,000,00,0,4,15,B02
200600017726,0,07,000,00,2,4,23,A01
200600017726,0,30,000,00,2,1,01,B02
200600017727,0,07,000,02,0,1,01,A01
200600017728,0,10,000,00,2,8,01,B02
200600017728,0,10,000,00,2,1,16,A01
200600017729,0,07,000,00,2,1,13,A01
200600017729,0,07,000,00,2,1,01,B02
200600017729,0,07,000,00,2,8,01,C03
200600017730,0,07,000,00,2,3,13,A01
200600017730,0,07,000,00,2,8,01,B02
200600017731,0,07,000,08,2,7,15,A01
200600017731,0,07,000,00,2,2,01,B02
200600017732,0,07,000,13,0,3,01,A01
200600017733,0,07,000,00,2,1,02,A01
200600017733,0,07,000,14,0,1,01,B02
200600017733,0,02,000,00,0,4,02,C03
200600017734,0,07,000,00,1,2,01,A01
200600017735,0,07,000,02,0,2,01,A01
200600017736,0,07,000,00,2,7,21,A01
200600017736,0,07,000,00,2,2,15,B02
200600017737,0,07,000,00,2,3,15,A01
200600017737,0,02,000,00,0,1,01,B02
200600017738,0,07,000,02,0,2,14,A01
200600017739,0,33,000,16,0,1,01,A01
200600017740,0,07,000,00,9,1,01,A01
200600017741,0,14,000,02,0,2,01,A01
200600017742,0,02,000,00,2,1,17,A01
200600017742,0,07,000,00,2,3,15,B02
200600017743,0,07,000,10,0,2,01,A01
200600017744,0,07,000,13,6,2,21,A01
200600017745,0,07,000,00,0,2,01,A01
200600017746,0,07,000,02,0,3,01,A01
200600017747,0,33,000,00,6,2,21,A01
200600017748,0,07,000,00,2,2,02,A01
200600017748,0,01,000,00,0,4,01,B02
200600017749,0,07,000,00,1,6,01,A01
200600017750,0,07,000,02,0,1,01,A01
200600017751,0,07,000,00,0,0,01,A01
200600017752,0,07,000,13,0,0,01,A01
200600017753,0,33,000,00,0,8,01,A01
200600017754,0,15,000,03,0,7,01,A01
200600017755,0,07,000,00,0,7,22,A01
200600017755,0,01,000,01,0,1,18,B02
200600017756,0,07,000,00,2,8,15,A01
200600017756,0,31,000,00,2,8,01,B02
200600017757,0,07,000,00,0,3,00,A01
200600017757,0,07,000,00,2,3,13,B02
200600017758,0,10,000,16,0,1,01,A01
200600017759,0,07,000,00,2,3,10,A01
200600017759,0,33,000,00,2,7,17,B02
200600017760,0,07,000,00,2,3,13,A01
200600017760,0,10,000,00,0,3,00,B02
200600017761,0,07,000,01,0,1,01,A01
200600017761,0,07,000,00,2,6,00,B02
200600017761,0,07,000,00,2,8,00,C03
200600017762,0,02,000,00,2,1,01,A01
200600017762,0,07,000,00,2,3,20,B02
200600017763,0,07,000,00,2,1,01,A01
200600017763,0,31,000,00,2,8,19,B02
200600017764,0,07,000,02,0,1,00,A01
200600017765,0,07,000,00,0,4,23,A01
200600017765,0,07,000,00,0,1,02,B02
200600017766,0,38,000,08,0,7,01,A01
200600017767,0,33,000,08,0,0,01,A01
200600017768,0,07,000,00,1,1,01,A01
200600017769,0,07,000,00,2,1,13,A01
200600017769,0,07,000,00,2,1,01,B02
200600017770,0,07,000,00,0,6,16,A01
200600017770,0,02,000,00,2,2,02,B02
200600017771,0,07,000,08,0,1,01,A01
200600017772,0,07,000,00,2,3,01,A01
200600017772,0,33,000,00,2,1,01,B02
200600017772,0,33,000,00,2,4,01,C03
200600017773,1,07,000,00,2,2,02,A01
200600017773,0,30,000,00,2,9,02,B02
200600017774,0,02,000,00,2,1,01,A01
200600017774,0,14,000,00,9,6,13,B02
200600017775,0,07,000,06,0,9,01,A01
200600017775,0,07,000,06,0,0,01,B02
200600017776,0,07,000,02,0,2,01,A01
200600017777,0,02,000,00,0,1,01,A01
200600017778,0,33,000,00,0,0,01,A01
200600017779,0,07,000,00,2,3,13,A01
200600017779,0,10,000,00,2,3,01,B02
200600017779,0,07,000,00,2,1,01,C03
200600017780,0,07,000,00,5,2,01,A01
200600017781,0,07,000,02,0,1,19,A01
200600017782,0,07,000,06,0,1,00,A01
200600017783,0,07,000,00,2,8,10,A01
200600017783,0,33,000,00,2,1,01,B02
200600017784,0,07,000,00,2,2,13,A01
200600017784,0,07,000,00,2,5,01,B02
200600017785,0,33,000,00,2,1,02,A01
200600017785,0,07,000,00,2,8,15,B02
200600017786,0,07,000,00,2,2,15,A01
200600017786,0,07,000,00,2,5,01,B02
200600017787,0,01,000,00,0,3,15,A01
200600017787,0,02,000,00,2,2,01,B02
200600017788,0,07,000,00,2,1,13,A01
200600017788,0,31,000,00,2,1,00,B02
200600017789,0,07,000,00,9,1,01,A01
200600017789,0,01,000,00,0,4,01,B02
200600017790,0,07,000,00,0,1,01,A01
200600017790,0,07,000,00,0,1,00,B02
200600017790,0,07,000,00,0,1,00,C03
200600017791,0,07,000,16,0,9,14,A01
200600017792,0,31,000,02,0,1,01,A01
200600017793,0,07,000,06,0,9,14,A01
200600017794,0,32,000,00,0,8,02,A01
200600017794,0,07,000,00,2,5,17,B02
200600017795,0,10,000,00,9,3,16,A01
200600017795,0,01,000,00,2,2,00,B02
200600017796,0,30,000,00,2,1,01,B02
200600017796,0,14,000,00,2,2,09,A01
200600017797,0,33,000,00,2,1,01,A01
200600017797,0,07,000,00,2,1,05,B02
200600017798,0,07,000,00,2,8,15,A01
200600017798,0,07,000,00,2,1,01,B02
200600017799,0,07,000,00,2,1,13,A01
200600017799,0,07,000,00,2,3,01,B02
200600017800,0,07,000,00,2,2,01,A01
200600017800,0,07,000,00,2,2,01,B02
200600017801,0,07,000,00,9,1,01,A01
200600017801,0,01,000,00,2,4,01,B02
200600017802,0,14,000,00,1,2,01,A01
200600017803,0,07,000,00,2,3,12,A01
200600017803,0,33,000,00,2,8,12,B02
200600017803,0,07,000,00,2,8,12,C03
200600017804,0,10,000,00,2,3,02,A01
200600017804,0,07,000,00,0,4,15,B02
200600017805,0,07,000,02,6,1,21,A01
200600017806,0,07,000,02,0,1,01,A01
200600017807,0,01,000,00,0,0,01,A01
200600017808,0,07,000,02,0,7,13,A01
200600017809,0,14,000,08,2,2,13,A01
200600017809,0,07,000,00,2,2,01,B02
200600017810,0,10,000,00,2,3,15,A01
200600017810,0,31,000,00,2,1,01,B02
200600017811,0,07,000,15,0,8,16,A01
200600017812,0,07,000,00,0,7,01,A01
200600017812,0,01,000,00,2,8,01,B02
200600017813,0,07,000,09,2,1,06,A01
200600017813,0,07,000,00,2,8,01,B02
200600017814,0,07,000,06,2,2,15,A01
200600017814,0,33,000,00,2,1,01,B02
200600017815,0,33,000,00,1,1,15,A01
200600017816,0,02,000,00,2,1,00,A01
200600017816,0,15,000,00,0,6,00,B02
200600017817,0,07,000,00,2,1,01,A01
200600017817,0,07,000,00,0,8,19,B02
200600017818,0,33,000,00,2,1,01,A01
200600017818,0,02,000,00,0,8,15,B02
200600017819,0,10,000,00,1,3,01,A01
200600017820,0,07,000,10,0,1,01,A01
200600017821,0,33,000,13,0,2,17,A01
200600017822,0,33,000,00,2,1,01,A01