Num_Acc,senc,catv,occutc,obs,obsm,choc,manv,num_veh
200600017822,0,07,000,00,2,3,19,B02
200600017823,0,33,000,00,2,8,13,A01
200600017823,0,13,000,00,2,1,01,B02
200600017824,0,07,000,00,2,8,13,A01
200600017824,0,07,000,00,2,1,01,B02
200600017825,0,14,000,00,2,7,16,A01
200600017825,0,01,000,00,2,3,18,B02
200600017826,0,07,000,16,0,2,19,A01
200600017827,0,33,000,00,0,7,01,A01
200600017828,0,33,000,00,0,0,21,A01
200600017828,0,33,000,00,0,0,21,B02
200600017829,0,07,000,00,1,1,01,A01
200600017830,0,10,000,00,2,1,01,A01
200600017831,0,07,000,00,1,1,01,A01
200600017831,0,02,000,00,2,4,15,B02
200600017831,0,10,000,00,2,3,02,C03
200600017832,0,10,000,00,2,2,01,A01
200600017832,0,07,000,00,2,3,01,B02
200600017833,0,07,000,01,0,1,00,A01
200600017834,0,07,000,08,5,2,00,A01
200600017835,0,07,000,00,2,3,01,A01
200600017835,0,17,000,00,2,2,15,B02
200600017836,0,07,000,00,2,7,15,A01
200600017836,0,02,000,00,2,1,01,B02
200600017837,0,07,000,06,0,1,20,A01
200600017838,0,07,000,00,0,3,01,A01
200600017838,0,15,000,00,2,3,01,B02
200600017839,0,07,000,00,2,1,00,A01
200600017839,0,07,000,00,2,8,09,B02
200600017840,0,07,000,00,1,4,04,A01
200600017841,0,10,000,13,2,5,17,A01
200600017841,0,07,000,00,2,3,01,B02
200600017842,0,33,000,00,2,7,17,A01
200600017842,0,07,000,00,2,3,15,B02
200600017843,0,07,000,00,2,3,01,A01
200600017843,0,01,000,00,2,1,01,B02
200600017844,0,07,000,00,0,7,15,A01
200600017844,0,33,000,00,2,1,01,B02
200600017845,0,30,000,00,0,1,23,A01
200600017845,0,33,000,00,2,1,02,B02
200600017846,0,07,000,08,0,8,00,A01
200600017847,0,07,000,14,0,1,01,A01
200600017848,0,33,000,08,0,8,01,A01
200600017849,0,07,000,00,0,1,23,A01
200600017849,0,07,000,01,0,1,01,B02
200600017850,0,17,000,08,0,7,01,A01
200600017851,0,07,000,06,0,9,01,A01
200600017852,0,07,000,07,0,1,13,A01
200600017853,0,07,000,13,6,9,01,A01
200600017854,0,33,000,00,2,8,15,A01
200600017855,0,07,000,00,2,4,23,A01
200600017855,0,10,000,00,2,1,01,B02
200600017856,0,32,000,01,0,1,14,A01
200600017857,0,33,000,03,0,1,01,A01
200600017858,0,07,000,00,0,6,06,A01
200600017858,0,07,000,00,2,1,01,B02
200600017859,0,07,000,02,0,7,13,A01
200600017860,0,07,000,00,2,2,15,A01
200600017860,0,33,000,00,2,1,01,B02
200600017861,0,07,000,00,2,1,15,A01
200600017861,0,33,000,00,2,1,01,B02
200600017862,0,14,000,00,9,5,04,A01
200600017862,0,01,000,00,2,1,01,B02
200600017863,0,33,000,01,0,9,01,A01
200600017864,0,07,000,00,2,1,01,A01
200600017864,0,07,000,00,2,1,00,B02
200600017865,0,31,000,00,2,1,01,B02
200600017865,0,07,000,00,0,3,09,A01
200600017866,0,07,000,00,1,3,01,A01
200600017866,0,07,000,00,1,3,16,B02
200600017867,0,07,000,00,2,3,01,A01
200600017867,0,07,000,00,2,3,01,B02
200600017868,0,07,000,00,2,3,15,A01
200600017868,0,07,000,00,2,2,01,B02
200600017869,0,07,000,00,2,3,14,A01
200600017869,0,30,000,00,2,3,13,B02
200600017870,0,07,000,00,2,3,13,A01
200600017870,0,07,000,00,2,3,00,B02
200600017871,0,33,000,00,2,1,01,A01
200600017871,0,07,000,00,9,1,19,B02
200600017872,0,07,000,00,2,1,01,A01
200600017872,0,02,000,00,2,1,13,B02
200600017873,0,30,000,00,1,2,01,A01
200600017874,0,15,000,00,9,5,02,A01
200600017874,0,32,000,00,2,1,02,B02
200600017875,0,07,000,13,0,2,01,A01
200600017876,0,07,000,08,0,1,13,A01
200600017877,0,07,000,01,0,1,01,A01
200600017878,0,36,000,00,0,1,01,A01
200600017879,0,30,000,00,0,8,01,A01
200600017880,0,07,000,00,0,0,00,A01
200600017880,0,07,000,00,2,3,01,B02
200600017881,0,33,000,00,0,1,01,A01
200600017882,0,07,000,00,0,3,01,A01
200600017883,0,07,000,00,2,7,16,A01
200600017883,0,33,000,00,2,8,01,B02
200600017884,0,07,000,00,2,1,13,A01
200600017884,0,07,000,00,2,3,00,B02
200600017884,0,07,000,00,2,3,00,C03
200600017885,0,07,000,00,2,1,01,A01
200600017885,0,07,000,00,2,7,01,B02
200600017886,0,07,000,00,2,3,01,A01
200600017886,0,10,000,00,2,3,09,B02
200600017887,0,07,000,00,9,2,01,A01
200600017887,0,01,000,00,2,8,01,B02
200600017888,0,07,000,00,9,3,01,A01
200600017888,0,33,000,00,2,8,01,B02
200600017889,0,07,000,00,0,2,01,A01
200600017889,0,99,000,00,0,3,15,B02
200600017890,0,10,000,00,2,1,17,A01
200600017890,0,07,000,00,2,1,16,B02
200600017891,0,14,000,08,0,1,01,A01
200600017892,0,05,000,12,2,1,17,A01
200600017893,0,07,000,08,0,3,00,A01
200600017894,0,07,000,00,0,7,15,A01
200600017894,0,33,000,00,0,8,01,B02
200600017895,0,07,000,00,0,3,01,A01
200600017896,0,07,000,00,2,3,15,A01
200600017896,0,07,000,00,2,3,21,B02
200600017897,0,07,000,00,2,1,01,A01
200600017897,0,07,000,00,2,1,01,B02
200600017898,0,07,000,00,2,2,16,A01
200600017898,0,02,000,00,2,1,18,B02
200600017899,0,33,000,16,0,1,01,A01
200600017900,0,07,000,02,0,3,14,A01
200600017901,0,31,000,13,0,8,14,A01
200600017902,0,10,000,02,0,1,13,A01
200600017903,0,07,000,00,2,2,01,A01
200600017903,0,07,000,00,0,1,15,B02
200600017904,0,07,000,00,2,5,11,A01
200600017904,0,02,000,00,2,8,11,B02
200600017905,0,36,000,00,0,2,01,A01
200600017906,0,07,000,08,0,1,01,A01
200600017907,0,07,000,00,2,1,17,A01
200600017907,0,33,000,00,2,1,01,B02
200600017908,0,33,000,04,0,1,01,A01
200600017909,0,07,000,13,0,3,01,A01
200600017910,0,07,000,00,2,1,13,A01
200600017910,0,07,000,00,2,3,01,B02
200600017911,0,07,000,00,2,7,06,A01
200600017911,0,10,000,00,2,8,01,B02
200600017911,0,07,000,00,2,1,01,C03
200600017912,0,07,000,00,2,2,15,A01
200600017912,0,02,000,00,2,1,01,B02
200600017913,0,07,000,00,2,3,09,A01
200600017913,0,33,000,00,2,1,01,B02
200600017914,0,33,000,05,0,3,16,A01
200600017915,0,33,000,00,2,9,01,A01
200600017915,0,10,000,00,2,3,10,B02
200600017916,0,07,000,00,2,2,15,A01
200600017916,0,02,000,00,2,7,01,B02
200600017917,0,02,000,13,0,7,14,A01
200600017918,0,07,000,06,0,8,01,A01
200600017919,0,07,000,13,0,3,00,A01
200600017920,0,07,000,00,1,2,17,A01
200600017921,0,07,000,00,0,3,13,A01
200600017921,0,14,000,00,0,3,00,B02
200600017922,0,07,000,00,2,3,01,A01
200600017922,0,07,000,00,0,7,15,B02
200600017923,0,01,000,00,2,8,13,A01
200600017923,0,30,000,00,2,1,02,B02
200600017924,0,07,000,00,2,3,05,A01
200600017924,0,07,000,00,2,1,01,B02
200600017925,0,07,000,12,0,9,01,A01
200600017926,0,07,000,03,0,8,01,A01
200600017927,0,07,000,00,2,1,01,A01
200600017927,0,07,000,00,2,1,05,B02
200600017928,0,07,000,00,2,3,13,A01
200600017928,0,07,000,00,2,6,01,B02
200600017928,0,03,000,00,2,1,01,C03
200600017929,0,07,000,00,2,1,01,A01
200600017929,0,07,000,00,2,8,15,B02
200600017930,0,14,000,00,2,2,01,A01
200600017930,0,01,000,00,2,8,01,B02
200600017931,0,07,000,06,0,1,14,A01
200600017932,0,07,000,11,1,7,01,A01
200600017933,0,33,000,00,2,1,01,A01
200600017933,0,07,000,00,2,6,15,B02
200600017934,0,10,000,00,2,8,13,A01
200600017934,0,07,000,00,2,8,01,B02
200600017934,0,07,000,00,2,8,01,C03
200600017935,0,07,000,02,0,1,01,A01
200600017936,0,07,000,00,0,1,01,A01
200600017936,0,07,000,00,0,1,01,B02
200600017937,0,07,000,13,2,3,01,A01
200600017937,0,07,000,13,2,3,13,B02
200600017938,0,20,000,00,1,3,01,A01
200600017939,0,07,000,00,2,3,15,A01
200600017939,0,33,000,00,2,8,01,B02
200600017940,0,07,000,00,2,1,01,A01
200600017940,0,02,000,00,2,1,05,B02
200600017941,0,07,000,05,2,8,01,A01
200600017942,0,07,000,02,0,2,01,A01
200600017943,0,33,000,00,2,1,19,A01
200600017943,0,01,000,00,2,1,01,B02
200600017944,0,07,000,00,2,3,01,A01
200600017944,0,33,000,00,2,1,13,B02
200600017945,0,07,000,00,2,1,19,A01
200600017945,0,33,000,00,2,1,01,B02
200600017946,0,33,000,00,0,1,00,A01
200600017947,0,17,000,13,0,7,01,A01
200600017948,0,30,000,02,0,0,01,A01
200600017949,0,07,000,00,2,2,01,A01
200600017949,0,07,000,00,2,1,01,B02
200600017950,0,07,000,00,9,2,02,A01
200600017950,0,01,000,00,0,4,02,B02
200600017951,0,14,000,00,2,5,01,A01
200600017951,0,07,000,00,2,1,01,B02
200600017952,0,07,000,13,0,9,01,A01
200600017953,0,07,000,00,2,1,05,A01
200600017953,0,07,000,00,2,1,01,B02
200600017953,0,07,000,00,2,6,01,C03
200600017953,0,07,000,00,0,0,00,D04
200600017954,0,07,000,00,2,1,01,A01
200600017954,0,02,000,00,2,1,13,B02
200600017955,0,36,000,13,0,1,01,A01
200600017956,0,14,000,13,0,9,01,A01
200600017957,0,17,000,16,0,7,01,A01
200600017958,0,07,000,00,0,3,01,A01
200600017959,0,02,000,00,2,5,01,A01
200600017959,0,02,000,00,2,3,15,B02
200600017960,0,33,000,16,0,1,01,A01
200600017961,0,07,000,00,0,1,01,B02
200600017961,0,01,000,00,2,8,19,A01
200600017962,0,07,000,13,0,2,01,A01
200600017963,0,07,000,13,0,9,01,A01
200600017964,0,02,000,00,2,3,01,A01
200600017964,0,14,000,00,2,3,01,B02
200600017965,0,07,000,06,0,2,01,A01
200600017966,0,07,000,13,0,2,01,A01
200600017967,0,07,000,00,0,8,01,A01
200600017968,0,07,000,00,2,2,17,A01
200600017968,0,10,000,00,2,3,15,B02
200600017969,0,07,000,00,2,3,01,A01
200600017969,0,07,000,00,2,1,01,B02
200600017970,0,07,000,00,2,8,01,A01
200600017970,0,02,000,00,2,1,01,B02
200600017971,0,07,000,03,0,3,01,A01
200600017972,0,07,000,00,2,3,01,A01
200600017972,0,07,000,00,2,1,13,B02
200600017973,0,07,000,02,0,1,21,A01
200600017974,0,07,000,16,0,9,01,A01
200600017975,0,07,000,00,2,3,01,A01
200600017975,0,01,000,00,2,7,19,B02
200600017976,0,07,000,00,2,1,19,A01
200600017976,0,10,000,00,2,2,01,B02
200600017977,0,07,000,06,0,1,01,A01
200600017978,0,07,000,00,2,1,15,A01
200600017978,0,02,000,00,2,1,01,B02
200600017979,0,21,000,00,0,0,01,A01
200600017980,0,33,000,00,0,0,16,A01
200600017981,0,07,000,00,0,2,01,A01
200600017982,0,10,000,06,0,1,13,A01
200600017983,0,07,000,13,0,5,04,A01
200600017984,0,15,000,00,0,7,01,A01
200600017985,0,30,000,00,0,0,01,A01
200600017986,0,07,000,02,0,1,01,A01
200600017987,0,07,000,03,0,7,01,A01
200600017988,0,07,000,08,0,6,01,A01
200600017989,0,02,000,13,0,1,01,A01
200600017990,0,07,000,00,2,3,15,A01
200600017990,0,02,000,00,2,8,01,B02
200600017991,0,03,000,02,2,2,01,A01
200600017991,0,07,000,00,2,2,01,B02
200600017992,0,07,000,08,0,7,01,A01
200600017993,0,99,000,00,2,1,01,B02
200600017993,0,10,000,00,2,5,19,A01
200600017994,0,07,000,00,0,1,01,A01
200600017994,0,33,000,00,0,1,13,B02
200600017995,0,02,000,00,2,1,19,A01
200600017995,0,07,000,00,2,2,01,B02
200600017996,0,07,000,00,2,1,13,A01
200600017996,0,10,000,00,2,3,01,B02
200600017997,0,07,000,00,1,1,14,A01
200600017998,0,07,000,00,0,7,01,A01
200600017999,0,36,000,00,2,1,13,A01
200600017999,0,07,000,00,2,1,01,B02
200600018000,0,33,000,00,2,1,01,A01
200600018000,0,07,000,00,0,4,01,B02
200600018001,0,31,000,00,0,0,01,A01
200600018002,0,07,000,08,0,7,01,A01
200600018003,0,36,000,00,2,3,15,A01
200600018004,0,07,000,02,0,7,01,A01
200600018005,0,07,000,00,2,3,13,A01
200600018005,0,07,000,00,2,3,01,B02
200600018006,0,07,000,00,2,1,13,A01
200600018006,0,07,000,00,2,1,01,B02
200600018007,0,31,000,13,0,1,13,A01
200600018008,0,33,000,13,0,1,01,A01
200600018009,0,07,000,00,2,5,16,A01
200600018009,0,30,000,00,2,1,01,B02
200600018010,0,07,000,12,0,1,01,A01
200600018011,0,07,000,00,0,6,24,A01
200600018012,0,07,000,06,0,3,21,A01
200600018012,0,07,000,00,0,0,13,B02
200600018013,0,07,000,00,2,1,21,A01
200600018013,0,07,000,00,2,1,01,B02
200600018014,0,07,000,00,2,8,01,A01
200600018014,0,07,000,00,2,3,17,B02
200600018014,0,07,000,00,2,1,01,C03
200600018014,0,07,000,00,2,3,23,D04
200600018014,0,07,000,00,2,1,00,E05
200600018015,0,07,000,00,2,3,01,A01
200600018015,0,07,000,00,2,3,01,B02
200600018016,0,07,000,13,0,3,17,A01
200600018017,0,33,000,15,0,0,01,A01
200600018018,0,14,000,02,0,2,13,A01
200600018019,0,07,000,00,0,1,05,A01
200600018019,0,07,000,00,0,1,01,B02
200600018020,0,07,000,13,0,2,02,A01
200600018021,0,07,000,00,2,2,01,A01
200600018021,2,07,000,00,2,8,01,B02
200600018022,0,07,000,00,2,1,14,A01
200600018022,0,07,000,00,2,1,01,B02
200600018023,0,07,000,00,0,2,02,A01
200600018023,0,01,000,00,0,5,11,B02
200600018024,0,07,000,15,0,2,01,A01
200600018025,0,07,000,00,2,3,15,A01
200600018025,0,02,000,00,2,8,01,B02
200600018026,0,07,000,13,0,1,13,A01
200600018027,0,07,000,00,2,2,01,A01
200600018027,0,17,000,00,2,3,16,B02
200600018028,0,10,000,00,2,8,19,A01
200600018028,0,10,000,00,2,1,01,B02
200600018029,0,33,000,03,0,3,16,A01
200600018030,0,07,000,00,2,8,01,A01
200600018030,0,07,000,00,2,1,01,B02
200600018031,0,14,000,02,0,2,01,A01
200600018032,0,07,000,00,0,8,19,A01
200600018032,0,07,000,00,2,1,01,B02
200600018033,0,33,000,00,0,9,01,A01
200600018034,0,33,000,08,0,2,01,A01
200600018035,0,07,000,02,0,3,13,A01
200600018036,0,07,000,00,2,7,17,A01
200600018036,0,17,000,00,0,6,23,B02
200600018036,0,15,000,01,0,1,02,C03
200600018037,0,07,000,00,9,1,01,A01
200600018037,0,01,000,00,2,7,01,B02
200600018038,0,07,000,00,2,3,01,A01
200600018038,0,32,000,00,2,4,16,B02
200600018039,0,07,000,00,1,1,01,A01
200600018039,0,01,000,00,2,1,19,B02
200600018040,0,10,000,00,0,5,15,A01
200600018040,0,07,000,00,0,2,01,B02
200600018041,0,07,000,00,2,1,01,A01
200600018041,0,01,000,00,0,0,00,B02
200600018042,0,14,000,00,2,3,15,A01
200600018042,0,07,000,00,2,2,01,B02
200600018043,0,33,000,00,0,3,01,A01
200600018043,0,33,000,00,0,3,17,B02
200600018044,0,17,000,00,0,1,01,A01
200600018044,0,07,000,00,0,1,05,B02
200600018045,0,07,000,00,2,2,15,A01
200600018045,0,02,000,00,2,1,01,B02
200600018046,0,33,000,00,2,1,18,A01
200600018046,0,07,000,00,2,3,00,B02
200600018046,0,31,000,14,0,7,21,C03
200600018047,0,07,000,00,1,1,01,A01
200600018048,0,07,000,00,2,1,13,A01
200600018048,0,07,000,00,2,1,01,B02
200600018049,0,33,000,08,0,7,01,A01
200600018050,0,07,000,00,2,8,01,A01
200600018050,0,14,000,00,2,1,19,B02
200600018051,0,15,000,00,2,2,13,A01
200600018051,0,07,000,00,2,1,01,B02
200600018052,0,33,000,00,0,7,01,A01
200600018053,0,02,000,08,0,1,01,A01
200600018054,0,14,000,00,2,6,13,A01
200600018054,0,07,000,00,2,3,01,B02
200600018054,0,07,000,00,2,8,01,C03
200600018055,0,07,000,00,2,1,13,A01
200600018055,0,20,000,00,2,1,01,B02
200600018056,0,07,000,00,2,8,01,B02
200600018056,0,02,000,00,2,1,01,A01
200600018057,0,33,000,00,0,0,17,A01
200600018058,0,10,000,00,2,1,01,A01
200600018058,0,07,000,00,0,2,00,B02
200600018058,0,07,000,00,0,1,00,C03
200600018059,0,07,000,00,0,9,01,A01
200600018060,0,07,000,00,9,2,02,A01
200600018060,0,31,000,00,0,9,02,B02
200600018061,0,07,000,00,2,1,01,A01
200600018061,0,10,000,00,2,1,15,B02
200600018062,0,07,000,16,0,9,00,A01
200600018063,0,07,000,00,2,1,19,C03
200600018063,0,02,000,00,0,7,18,B02
200600018064,0,07,000,00,2,1,00,A01
200600018064,0,07,000,00,2,8,15,B02
200600018065,0,07,000,00,2,7,15,A01
200600018065,0,31,000,00,2,1,01,B02
200600018066,0,31,000,00,5,2,01,A01
200600018067,0,07,000,02,0,3,13,A01
200600018068,0,14,000,15,0,2,01,A01
200600018069,0,17,000,00,1,2,00,A01
200600018070,0,31,000,00,2,4,01,A01
200600018070,0,02,000,00,2,4,09,B02
200600018071,0,33,000,06,0,1,15,A01
200600018072,0,14,000,00,2,1,15,A01
200600018072,0,33,000,00,2,1,05,B02
200600018072,0,33,000,00,2,9,05,C03
200600018073,0,07,000,02,0,3,01,A01
200600018074,0,07,000,00,2,3,02,A01
200600018074,0,02,000,00,0,4,23,B02
200600018075,0,10,000,00,1,3,15,A01
200600018076,0,14,000,00,2,2,17,A01
200600018076,0,10,000,00,0,6,00,B02
200600018077,0,07,000,00,0,0,01,A01
200600018078,0,33,000,16,0,1,01,A01
200600018079,0,07,000,00,2,2,15,A01
200600018079,0,07,000,00,2,8,01,B02
200600018080,0,15,000,00,2,1,02,A01
200600018080,0,07,000,00,0,4,02,B02
200600018081,0,99,000,14,0,8,01,A01
200600018082,0,07,000,00,2,6,01,A01
200600018082,0,07,000,00,2,1,01,B02
200600018083,0,07,000,00,2,2,13,A01
200600018083,0,07,000,00,0,0,00,B02
200600018084,0,32,000,00,2,2,17,A01
200600018084,0,07,000,00,2,8,15,B02
200600018085,0,33,000,00,0,1,14,A01
200600018086,0,07,000,02,0,3,01,A01
200600018087,0,14,000,02,0,1,01,A01
200600018088,0,07,000,00,1,2,01,A01
200600018089,0,14,000,00,0,2,01,A01
200600018089,0,02,000,00,0,3,16,B02
200600018090,0,07,000,00,0,1,14,A01
200600018091,0,33,000,03,0,2,15,A01
200600018092,0,07,000,00,1,1,01,A01
200600018093,0,07,000,00,2,3,17,A01
200600018093,0,07,000,00,2,3,01,B02
200600018094,0,33,000,03,0,7,14,A01
200600018095,0,07,000,00,1,3,09,A01
200600018095,0,01,000,00,2,2,01,B02
200600018096,0,07,000,00,2,7,13,A01
200600018096,0,07,000,00,2,1,01,B02
200600018097,0,07,000,00,0,9,01,A01
200600018098,0,07,000,01,0,1,02,A01
200600018098,0,07,000,00,0,4,23,B02
200600018099,0,07,000,00,0,3,20,A01
200600018099,0,33,000,00,0,1,17,B02
200600018100,0,07,000,00,2,1,01,A01
200600018100,0,07,000,00,2,4,01,B02
200600018101,0,07,000,03,0,2,00,A01
200600018102,0,07,000,02,0,1,01,A01
200600018103,0,07,000,00,2,3,15,A01
200600018103,0,07,000,00,2,1,01,B02
200600018104,0,33,000,00,9,1,02,A01
200600018104,0,01,000,00,2,4,02,B02
200600018104,0,01,000,00,2,4,02,C03
200600018105,0,10,000,00,2,1,15,A01
200600018105,0,33,000,00,2,1,01,B02
200600018106,0,07,000,00,1,1,01,A01
200600018107,0,07,000,00,4,8,01,A01
200600018108,0,07,000,00,9,3,13,A01
200600018108,0,14,000,00,2,1,01,B02
200600018109,0,10,000,00,2,7,13,A01
200600018109,0,14,000,00,2,1,01,B02
200600018110,0,30,000,01,0,1,01,A01
200600018111,0,07,000,00,2,8,15,A01
200600018111,0,17,000,00,2,1,01,B02
200600018112,0,07,000,00,2,6,17,A01
200600018112,0,33,000,00,2,1,17,B02
200600018113,0,07,000,00,0,6,09,A01
200600018113,0,02,000,00,2,1,00,B02
200600018114,0,30,000,12,0,3,14,A01
200600018115,0,07,000,00,2,2,21,A01
200600018115,0,02,000,00,2,1,13,B02
200600018116,0,07,000,00,2,3,15,A01
200600018116,0,30,000,00,2,1,01,B02
200600018117,0,30,000,00,0,0,01,A01
200600018117,0,17,000,00,0,0,02,B02
200600018118,0,01,000,00,2,8,19,A01
200600018118,0,07,000,00,2,2,01,B02
200600018119,0,31,000,11,0,1,01,A01
200600018120,0,07,000,08,0,1,13,A01
200600018121,0,07,000,00,2,1,20,A01
200600018121,0,33,000,00,2,1,01,B02
200600018122,0,07,000,01,2,2,17,A01
200600018122,0,31,000,00,2,1,05,B02
200600018123,0,20,000,00,2,4,01,A01
200600018123,0,07,000,00,2,1,02,B02
200600018124,0,10,000,00,2,2,17,A01
200600018124,0,07,000,00,2,8,15,B02
200600018125,0,07,000,13,0,9,01,A01
200600018126,0,07,000,00,2,4,19,A01
200600018126,0,33,000,00,2,1,00,B02
200600018127,0,10,000,00,2,2,17,A01
200600018127,0,07,000,00,2,6,17,B02
200600018127,0,07,000,13,0,0,01,C03
200600018128,0,07,000,02,0,8,00,A01
200600018129,0,07,000,00,1,2,02,A01
200600018130,0,07,000,00,2,3,01,A01
200600018130,0,02,000,00,2,7,01,B02
200600018131,0,30,000,00,0,6,23,A01
200600018131,0,30,000,00,2,7,02,B02
200600018131,0,07,000,00,0,3,23,C03
200600018132,0,33,000,00,6,1,01,A01
200600018132,0,07,000,00,2,7,01,B02
200600018133,0,07,000,02,0,8,01,A01
200600018134,0,07,000,00,0,0,00,A01
200600018134,0,07,000,00,2,3,01,B02
200600018135,0,07,000,13,0,1,01,A01
200600018136,0,07,000,00,2,8,19,B02
200600018136,0,07,000,00,2,3,01,A01
200600018137,0,07,000,13,0,3,00,A01
200600018138,0,07,000,00,1,1,16,A01
200600018138,0,01,000,00,2,0,19,B02
200600018139,0,07,000,00,2,1,01,A01
200600018139,0,07,000,00,2,1,01,B02
200600018140,0,01,000,00,2,1,19,A01
200600018140,0,07,000,00,2,2,01,B02
200600018141,0,10,000,00,2,3,01,A01
200600018142,0,07,000,00,2,1,01,A01
200600018142,0,14,000,00,2,8,19,B02
200600018143,0,07,000,02,0,2,17,A01
200600018144,0,07,000,13,0,1,01,A01
200600018145,0,10,000,02,0,1,01,A01
200600018146,0,07,000,00,2,3,05,A01
200600018146,0,07,000,00,0,3,00,B02
200600018147,0,07,000,00,2,1,01,A01
200600018147,0,07,000,00,2,2,01,B02
200600018147,0,07,000,00,2,1,01,C03
200600018147,0,07,000,00,2,7,00,D04
200600018147,0,33,000,00,2,1,01,E05
200600018147,0,07,000,00,2,5,01,F06
200600018148,0,07,000,13,0,9,01,A01
200600018149,0,01,000,00,2,1,01,A01
200600018149,0,07,000,00,2,8,15,B02
200600018150,0,07,000,00,2,8,01,A01
200600018150,0,07,000,00,2,8,01,B02
200600018150,0,07,000,00,0,0,00,C03
200600018151,0,07,000,05,0,1,01,A01
200600018152,0,30,000,00,2,1,01,A01
200600018152,1,07,000,00,0,3,10,B02
200600018153,0,01,000,00,1,1,01,A01
200600018154,0,07,000,00,1,7,01,A01
200600018155,0,10,000,13,0,3,13,A01
200600018156,0,07,000,00,2,8,01,A01
200600018156,0,02,000,00,2,1,15,B02
200600018157,0,31,000,00,0,1,16,A01
200600018158,0,33,000,08,2,1,13,A01
200600018158,0,07,000,00,0,0,19,B02
200600018159,0,07,000,13,0,1,01,A01
200600018160,0,07,000,02,0,7,13,A01
200600018161,0,07,000,00,2,1,02,A01
200600018161,0,07,000,00,2,4,02,B02
200600018161,0,07,000,00,0,4,02,C03
200600018162,0,07,000,00,2,3,13,A01
200600018162,0,07,000,00,2,3,16,B02
200600018163,0,07,000,00,0,7,01,A01
200600018164,0,07,000,08,0,8,01,A01
200600018165,0,07,000,00,2,1,13,A01
200600018165,0,31,000,00,2,7,01,B02
200600018166,0,02,000,12,0,1,01,A01
200600018167,0,07,000,01,0,1,14,A01
200600018167,0,07,000,00,2,4,24,B02
200600018168,0,30,000,00,2,1,13,A01
200600018168,0,07,000,00,9,3,01,B02
200600018169,0,31,000,02,0,1,01,A01
200600018170,0,33,000,02,0,7,15,A01
200600018171,0,07,000,00,2,1,15,A01
200600018171,0,33,000,00,2,7,01,B02
200600018172,0,07,000,00,2,1,01,A01
200600018172,0,07,000,00,2,1,01,B02
200600018173,0,07,000,00,2,1,13,A01
200600018173,0,10,000,00,2,1,01,B02
200600018174,0,07,000,13,0,2,01,A01
200600018175,0,10,000,00,2,2,09,A01
200600018175,0,31,000,00,2,1,01,B02
200600018176,0,33,000,16,0,8,01,A01
200600018177,0,07,000,00,2,2,01,A01
200600018177,0,02,000,00,2,3,01,B02
200600018178,0,07,000,00,0,7,15,A01
200600018178,0,02,000,00,2,8,01,B02
200600018179,0,10,000,00,1,2,01,A01
200600018180,0,30,000,00,2,6,19,A01
200600018180,0,03,000,00,2,3,01,B02
200600018181,0,10,000,00,2,6,15,A01
200600018181,0,02,000,00,2,1,17,B02
200600018182,0,30,000,00,2,1,02,A01
200600018182,0,21,000,00,0,4,01,B02
200600018183,0,07,000,00,2,1,13,A01
200600018183,0,07,000,00,2,1,01,B02
200600018184,0,07,000,00,2,2,01,A01
200600018184,0,01,000,00,2,1,00,B02
200600018185,0,07,000,06,0,1,13,A01
200600018186,0,07,000,06,0,1,01,A01
200600018187,0,07,000,02,0,9,13,A01
200600018188,0,14,000,00,2,1,02,A01
200600018188,0,10,000,00,0,4,00,B02
200600018189,0,33,000,00,2,1,16,A01
200600018189,0,07,000,00,2,6,00,B02
200600018189,0,07,000,00,2,6,01,C03
200600018190,0,07,000,00,0,6,19,A01
200600018190,0,02,000,00,2,1,01,B02
200600018191,0,99,000,00,0,8,01,A01
200600018192,0,17,000,00,2,6,01,A01
200600018192,0,07,000,00,2,2,17,B02
200600018193,0,07,000,00,2,1,01,A01
200600018193,0,07,000,00,2,1,15,B02
200600018194,0,07,000,00,2,8,13,A01
200600018194,0,33,000,00,2,9,17,B02
200600018195,0,33,000,02,0,1,17,A01
200600018196,0,30,000,08,0,1,19,A01
200600018197,0,07,000,02,0,2,01,A01
200600018198,0,07,000,13,0,2,01,A01
200600018199,0,07,000,00,1,7,00,A01
200600018200,0,07,000,00,2,3,01,A01
200600018200,0,07,000,00,0,1,15,B02
200600018201,0,07,000,02,0,1,01,A01
200600018202,0,33,000,00,0,1,01,A01
200600018202,0,07,000,00,0,4,01,B02
200600018203,0,07,000,08,0,9,01,A01
200600018204,0,30,000,00,0,0,01,A01
200600018205,0,07,000,00,2,7,01,A01
200600018205,0,07,000,00,2,3,01,B02
200600018206,0,07,000,00,2,1,01,B02
200600018206,0,07,000,00,2,8,19,A01
200600018207,0,07,000,00,2,2,01,A01
200600018207,0,07,000,00,2,1,19,B02
200600018208,0,07,000,00,0,4,00,A01
200600018208,0,07,000,01,0,1,01,B02
200600018209,0,07,000,00,2,3,13,A01
200600018209,0,07,000,00,2,3,01,B02
200600018210,0,02,000,06,0,1,01,A01
200600018211,0,07,000,00,2,2,00,A01
200600018211,0,07,000,00,2,6,01,B02
200600018212,0,07,000,00,2,8,19,B02
200600018212,0,07,000,00,2,1,01,A01
200600018213,0,15,000,00,2,7,01,B02
200600018213,0,20,000,00,0,1,01,A01
200600018214,0,07,000,02,0,1,01,A01
200600018215,0,07,000,00,2,1,01,A01