Num_Acc,senc,catv,occutc,obs,obsm,choc,manv,num_veh
200600018215,0,10,000,00,0,7,00,B02
200600018216,0,07,000,00,0,1,00,A01
200600018217,0,17,000,00,2,2,02,A01
200600018217,0,07,000,00,2,4,02,B02
200600018218,0,33,000,00,0,8,13,A01
200600018219,0,02,000,12,0,1,01,A01
200600018220,0,07,000,13,0,1,01,A01
200600018221,0,07,000,00,0,1,01,A01
200600018222,0,07,000,00,2,3,01,A01
200600018222,0,07,000,00,2,3,01,B02
200600018223,0,10,000,00,2,1,15,A01
200600018223,0,30,000,00,2,1,01,B02
200600018224,0,01,000,00,2,1,01,A01
200600018224,0,01,000,00,2,7,19,B02
200600018225,0,33,000,00,2,3,13,A01
200600018225,0,07,000,00,2,1,01,B02
200600018226,0,07,000,02,0,1,01,A01
200600018227,0,33,000,00,0,0,01,A01
200600018228,0,31,000,08,0,1,01,A01
200600018229,0,07,000,00,2,1,06,A01
200600018229,0,17,000,00,2,1,01,B02
200600018230,0,10,000,00,1,1,01,A01
200600018231,0,33,000,00,0,8,01,A01
200600018232,0,07,000,13,0,1,02,A01
200600018233,0,10,000,00,2,4,13,A01
200600018233,0,33,000,00,2,2,17,B02
200600018234,0,07,000,00,0,3,13,B02
200600018234,0,07,000,00,0,3,01,A01
200600018235,0,07,000,00,0,0,00,A01
200600018236,0,07,000,00,2,2,19,A01
200600018236,0,02,000,00,2,1,01,B02
200600018237,0,07,000,00,2,1,19,A01
200600018237,0,01,000,00,2,1,01,B02
200600018238,0,07,000,02,0,2,21,A01
200600018239,0,07,000,00,1,2,01,A01
200600018240,0,07,000,00,1,1,01,A01
200600018241,0,07,000,00,1,4,20,A01
200600018242,0,07,000,00,2,2,15,A01
200600018242,0,01,000,00,2,3,19,B02
200600018243,0,07,000,00,0,5,19,A01
200600018243,0,17,000,00,2,2,21,B02
200600018244,0,07,000,00,2,3,15,A01
200600018244,0,07,000,00,2,1,23,B02
200600018244,0,33,000,00,2,0,01,C03
200600018245,0,07,000,08,2,7,17,A01
200600018245,0,07,000,00,2,3,15,B02
200600018246,0,33,000,06,0,1,01,A01
200600018247,0,07,000,00,2,1,21,A01
200600018247,0,01,000,00,0,8,19,B02
200600018248,0,07,000,06,0,1,01,A01
200600018249,0,02,000,09,0,1,01,A01
200600018250,0,02,000,08,0,1,01,A01
200600018251,0,02,000,00,2,3,17,A01
200600018251,0,07,000,00,2,8,01,B02
200600018251,0,07,000,00,0,0,16,C03
200600018252,0,14,000,00,1,1,00,A01
200600018253,0,07,000,00,9,1,15,A01
200600018253,0,02,000,00,2,8,01,B02
200600018254,1,02,000,00,1,1,13,A01
200600018255,0,07,000,00,2,5,15,A01
200600018255,0,01,000,00,2,1,01,B02
200600018256,0,07,000,00,2,3,01,A01
200600018256,0,10,000,00,2,3,01,B02
200600018257,0,31,000,01,0,0,21,A01
200600018258,0,15,000,04,0,3,06,A01
200600018258,0,07,000,04,0,1,01,B02
200600018259,0,07,000,04,0,3,01,A01
200600018259,0,07,000,00,2,4,01,B02
200600018259,0,07,000,00,2,1,01,C03
200600018260,0,07,000,00,0,8,02,A01
200600018260,0,07,000,00,2,1,02,B02
200600018261,0,07,000,00,2,2,02,A01
200600018261,0,07,000,00,2,3,01,B02
200600018262,0,07,000,04,0,1,00,A01
200600018263,0,07,000,00,2,1,11,A01
200600018263,0,07,000,00,0,6,01,B02
200600018264,0,17,000,03,0,2,14,A01
200600018265,0,07,000,04,0,0,02,A01
200600018266,0,07,000,00,2,9,13,A01
200600018266,0,07,000,00,2,3,01,B02
200600018267,0,17,000,01,0,2,01,A01
200600018267,0,15,000,00,0,4,24,C03
200600018268,0,31,000,00,2,2,17,A01
200600018268,0,07,000,00,2,6,15,B02
200600018269,0,07,000,00,1,2,00,A01
200600018270,0,33,000,00,2,7,09,A01
200600018270,0,07,000,00,2,8,01,B02
200600018271,0,07,000,00,2,3,13,A01
200600018271,0,07,000,00,2,3,00,B02
200600018272,0,17,000,00,0,0,01,A01
200600018272,0,05,000,03,0,9,17,B02
200600018273,0,07,000,00,0,1,01,A01
200600018274,0,07,000,00,0,1,00,A01
200600018275,0,07,000,00,2,5,16,A01
200600018275,0,01,000,00,2,1,01,B02
200600018276,0,14,000,00,2,4,01,A01
200600018276,0,14,000,00,0,4,01,B02
200600018277,0,07,000,00,2,1,01,A01
200600018277,0,07,000,00,2,1,01,B02
200600018278,0,31,000,00,2,7,17,A01
200600018278,0,07,000,00,2,8,10,B02
200600018279,0,07,000,00,2,2,21,A01
200600018279,0,07,000,00,2,8,10,B02
200600018280,0,10,000,00,1,3,01,A01
200600018281,0,07,000,13,0,1,00,A01
200600018282,0,07,000,00,2,3,13,A01
200600018282,0,07,000,00,2,3,01,B02
200600018283,0,07,000,00,0,4,02,A01
200600018283,0,02,000,00,2,1,02,B02
200600018284,0,14,000,02,0,1,01,A01
200600018285,0,07,000,16,0,9,01,A01
200600018286,0,07,000,06,0,1,01,A01
200600018287,0,07,000,00,2,8,09,A01
200600018287,0,07,000,00,2,1,01,B02
200600018288,0,10,000,01,0,1,01,A01
200600018288,0,07,000,00,2,4,23,B02
200600018289,0,02,000,06,0,2,13,A01
200600018290,0,07,000,00,2,8,01,A01
200600018290,0,99,000,00,2,1,01,B02
200600018291,0,07,000,02,0,1,00,A01
200600018292,0,07,000,02,0,1,01,A01
200600018293,0,07,000,06,0,1,14,A01
200600018294,0,33,000,16,0,1,01,A01
200600018295,0,07,000,00,2,1,11,A01
200600018295,0,01,000,00,2,1,01,B02
200600018296,0,33,000,13,0,1,13,A01
200600018297,0,07,000,02,0,1,00,A01
200600018298,0,07,000,02,0,3,13,A01
200600018299,0,07,000,13,0,2,01,A01
200600018300,0,07,000,06,0,2,14,A01
200600018301,0,07,000,00,2,2,01,A01
200600018301,0,01,000,00,0,4,00,B02
200600018302,0,07,000,00,2,2,15,A01
200600018302,0,07,000,00,2,2,01,B02
200600018303,0,33,000,00,2,1,01,A01
200600018303,0,10,000,00,2,1,01,B02
200600018304,0,33,000,03,0,8,01,A01
200600018305,0,07,000,00,2,2,13,A01
200600018305,0,07,000,00,2,1,01,B02
200600018306,0,07,000,13,0,1,01,A01
200600018307,0,07,000,00,2,8,01,A01
200600018307,0,02,000,00,2,1,19,B02
200600018308,0,07,000,00,2,2,01,A01
200600018308,0,07,000,00,2,1,01,B02
200600018308,0,05,000,00,2,1,01,C03
200600018309,0,07,000,13,0,2,01,A01
200600018310,0,07,000,00,2,3,01,A01
200600018310,0,07,000,00,2,5,15,B02
200600018310,0,10,000,00,2,3,01,C03
200600018311,0,07,000,00,2,1,01,A01
200600018311,0,14,000,00,2,3,01,B02
200600018312,0,07,000,00,2,1,01,B02
200600018312,0,10,000,00,2,7,01,A01
200600018313,0,07,000,00,2,4,15,A01
200600018313,0,31,000,00,2,1,02,B02
200600018314,0,07,000,00,2,1,09,A01
200600018314,0,02,000,00,2,1,01,B02
200600018315,0,02,000,00,2,1,01,A01
200600018315,0,07,000,00,2,1,01,B02
200600018316,0,07,000,00,2,3,11,A01
200600018316,0,33,000,00,2,1,01,B02
200600018316,0,07,000,00,4,7,01,C03
200600018316,0,10,000,00,4,7,01,D04
200600018317,0,10,000,00,1,3,01,A01
200600018318,0,07,000,02,2,1,02,A01
200600018318,0,14,000,00,0,4,01,B02
200600018318,0,14,000,00,0,4,01,C03
200600018318,0,14,000,00,0,4,02,D04
200600018319,0,02,000,00,2,1,01,A01
200600018319,0,33,000,00,2,1,13,B02
200600018320,0,07,000,00,2,3,15,A01
200600018320,0,07,000,00,2,1,01,B02
200600018321,0,07,000,00,0,3,13,A01
200600018321,0,31,000,00,2,1,01,B02
200600018322,0,07,000,00,2,2,09,A01
200600018322,0,07,000,00,2,5,01,B02
200600018323,0,07,000,00,0,4,15,A01
200600018323,0,07,000,00,2,1,01,B02
200600018324,0,10,000,13,0,1,01,A01
200600018325,0,02,000,16,0,1,01,A01
200600018326,0,07,000,00,9,3,01,A01
200600018326,0,33,000,03,2,1,00,B02
200600018327,0,33,000,00,2,1,13,A01
200600018327,0,33,000,00,2,3,01,B02
200600018328,0,36,000,00,2,6,19,A01
200600018328,0,33,000,00,2,1,01,B02
200600018329,0,33,000,13,0,1,01,A01
200600018330,0,07,000,00,2,2,13,A01
200600018330,0,31,000,00,2,3,01,B02
200600018331,0,07,000,00,0,0,02,A01
200600018331,0,07,000,15,0,1,13,B02
200600018332,0,01,000,00,2,7,17,A01
200600018332,0,07,000,00,0,3,20,B02
200600018333,0,07,000,00,0,3,00,A01
200600018334,0,05,000,00,0,0,00,A01
200600018335,0,07,000,00,2,3,15,A01
200600018335,0,30,000,00,2,1,01,B02
200600018336,0,07,000,00,2,3,01,A01
200600018336,0,30,000,00,2,1,13,B02
200600018337,0,07,000,00,2,3,17,A01
200600018337,0,33,000,00,2,1,01,B02
200600018338,0,07,000,04,0,1,01,A01
200600018339,0,07,000,00,1,2,01,A01
200600018340,0,33,000,13,0,1,01,A01
200600018341,0,07,000,00,0,1,17,A01
200600018341,0,07,000,00,0,1,01,B02
200600018342,0,07,000,00,2,1,17,A01
200600018342,0,07,000,00,2,1,01,B02
200600018343,0,07,000,00,2,1,01,A01
200600018343,0,07,000,00,2,7,00,B02
200600018344,0,34,000,00,9,7,17,A01
200600018344,0,99,000,00,0,3,00,B02
200600018345,0,33,000,00,2,1,01,A01
200600018345,0,33,000,00,2,7,15,B02
200600018346,0,01,000,00,0,4,15,A01
200600018346,0,33,000,00,2,1,01,B02
200600018347,0,07,000,00,2,8,15,A01
200600018347,0,33,000,00,2,1,17,B02
200600018348,0,07,000,02,0,8,14,A01
200600018349,0,07,000,00,2,3,13,A01
200600018349,0,07,000,00,2,3,01,B02
200600018349,0,07,000,00,2,3,01,C03
200600018350,0,10,000,00,2,3,15,A01
200600018350,0,30,000,00,2,1,17,B02
200600018351,0,07,000,00,2,3,19,A01
200600018351,0,31,000,00,2,1,17,B02
200600018352,0,01,000,01,2,1,16,A01
200600018352,0,07,000,00,9,1,01,B02
200600018352,0,07,000,00,2,8,23,C03
200600018353,0,07,000,00,2,1,02,A01
200600018353,0,07,000,00,0,4,15,B02
200600018354,0,07,000,00,0,0,00,A01
200600018355,0,07,000,00,2,3,06,A01
200600018355,0,33,000,00,2,1,01,B02
200600018356,0,07,000,08,0,1,01,A01
200600018357,0,07,000,00,2,8,19,A01
200600018357,0,33,000,00,2,9,01,B02
200600018358,0,33,000,16,0,0,01,A01
200600018359,0,07,000,00,2,8,15,A01
200600018359,0,31,000,00,2,1,17,B02
200600018360,0,31,000,00,0,1,00,A01
200600018360,0,07,000,00,0,6,02,B02
200600018361,0,02,000,00,2,8,15,A01
200600018361,0,33,000,00,2,8,17,B02
200600018362,0,07,000,00,1,2,01,A01
200600018363,0,07,000,00,1,5,04,A01
200600018364,0,07,000,13,0,1,01,A01
200600018365,0,07,000,08,2,1,13,A01
200600018365,0,07,000,00,2,1,24,B02
200600018366,0,07,000,00,2,2,21,A01
200600018366,0,07,000,00,2,3,10,B02
200600018367,0,32,000,00,2,8,01,A01
200600018367,0,07,000,00,9,8,01,B02
200600018367,0,07,000,00,9,1,01,C03
200600018368,0,10,000,00,2,3,01,A01
200600018368,0,10,000,00,2,3,13,B02
200600018369,0,07,000,00,1,2,01,A01
200600018370,0,07,000,00,2,3,01,A01
200600018370,0,07,000,00,2,2,19,B02
200600018371,0,07,000,00,2,8,19,A01
200600018371,0,07,000,00,2,1,01,B02
200600018372,0,07,000,00,2,8,18,A01
200600018372,0,14,000,00,2,2,16,B02
200600018373,0,02,000,00,2,1,01,A01
200600018373,0,07,000,00,2,2,15,B02
200600018373,0,14,000,00,0,0,00,C03
200600018374,0,07,000,00,2,3,13,A01
200600018374,0,07,000,00,2,3,01,B02
200600018375,0,07,000,00,2,8,00,A01
200600018375,0,14,000,00,2,1,01,B02
200600018376,0,07,000,00,2,1,13,A01
200600018376,0,07,000,00,2,1,01,B02
200600018377,0,07,000,00,0,7,15,A01
200600018377,0,33,000,00,2,2,01,B02
200600018378,0,07,000,00,2,7,13,A01
200600018378,0,07,000,00,2,1,01,B02
200600018379,0,07,000,16,2,1,19,A01
200600018379,0,07,000,16,2,8,01,B02
200600018380,0,33,000,16,0,9,01,A01
200600018381,0,14,000,00,2,8,10,A01
200600018381,0,14,000,00,2,1,01,B02
200600018382,0,14,000,06,0,2,01,A01
200600018383,0,07,000,02,0,2,01,A01
200600018384,0,07,000,00,2,3,13,A01
200600018384,0,17,000,00,2,0,01,C03
200600018385,0,30,000,00,2,1,09,A01
200600018385,0,07,000,00,2,8,01,B02
200600018386,0,14,000,00,2,2,21,A01
200600018387,0,07,000,06,0,3,01,A01
200600018388,0,99,000,00,0,8,15,A01
200600018388,0,33,000,00,2,1,17,B02
200600018389,0,07,000,00,1,1,01,A01
200600018390,0,07,000,13,0,8,01,A01
200600018391,0,07,000,00,2,1,17,A01
200600018391,0,21,000,00,2,8,15,B02
200600018392,0,33,000,00,2,1,18,A01
200600018392,0,07,000,00,2,7,16,B02
200600018393,0,07,000,00,2,1,09,A01
200600018393,0,02,000,00,2,1,01,B02
200600018394,0,02,000,00,2,1,01,A01
200600018394,0,07,000,00,2,8,15,B02
200600018395,0,12,000,00,1,7,01,A01
200600018395,0,07,000,00,0,0,00,B02
200600018396,0,07,000,00,2,3,01,A01
200600018396,0,33,000,00,2,4,01,B02
200600018396,0,07,000,00,0,4,01,C03
200600018397,0,07,000,02,0,7,19,A01
200600018398,0,14,000,08,0,9,01,A01
200600018399,0,07,000,00,0,7,02,A01
200600018399,0,01,000,00,0,4,02,B02
200600018400,0,01,000,00,0,4,15,A01
200600018400,0,33,000,00,9,1,01,B02
200600018401,0,07,000,00,1,2,01,A01
200600018402,0,10,000,13,0,1,01,A01
200600018403,0,07,000,00,2,3,05,A01
200600018403,0,07,000,00,2,8,01,B02
200600018403,0,07,000,00,2,1,01,C03
200600018403,0,07,000,00,2,1,13,D04
200600018403,0,07,000,00,2,5,21,E05
200600018404,0,07,000,02,0,0,13,A01
200600018405,0,07,000,00,2,1,01,A01
200600018406,0,31,000,06,0,1,14,A01
200600018407,0,07,000,13,0,2,01,A01
200600018408,0,07,000,00,2,2,01,A01
200600018408,0,31,000,00,2,1,15,B02
200600018409,0,07,000,06,0,1,00,A01
200600018410,0,05,000,00,1,1,01,A01
200600018411,0,07,000,02,0,3,01,A01
200600018412,0,07,000,00,0,0,01,A01
200600018413,0,05,000,13,0,1,13,A01
200600018414,0,07,000,00,2,1,05,A01
200600018414,0,07,000,00,2,1,01,B02
200600018415,0,07,000,02,0,5,21,A01
200600018416,0,07,000,13,0,3,01,A01
200600018417,0,07,000,06,0,1,01,A01
200600018418,0,07,000,00,2,5,15,A01
200600018418,0,33,000,00,2,1,01,B02
200600018419,0,07,000,16,0,1,01,A01
200600018420,0,07,000,00,0,2,02,A01
200600018421,0,07,000,00,2,1,15,A01
200600018421,0,33,000,00,2,8,01,B02
200600018422,0,07,000,00,1,3,01,A01
200600018423,0,07,000,00,0,9,14,A01
200600018424,0,07,000,00,0,3,01,A01
200600018424,0,07,000,00,2,2,13,B02
200600018425,0,07,000,13,0,1,01,A01
200600018426,0,07,000,00,0,5,00,A01
200600018426,0,01,000,00,0,4,00,B02
200600018427,0,07,000,13,0,9,01,A01
200600018427,0,07,000,13,0,3,01,B02
200600018428,0,07,000,00,0,4,02,A01
200600018428,0,02,000,00,0,4,00,B02
200600018429,0,02,000,00,2,7,10,A01
200600018429,0,07,000,00,2,1,01,B02
200600018430,0,33,000,02,0,7,01,A01
200600018431,0,07,000,02,0,1,14,A01
200600018432,0,07,000,00,2,3,17,A01
200600018432,0,02,000,00,2,1,16,B02
200600018433,0,33,000,00,2,7,17,A01
200600018433,0,10,000,00,2,8,15,B02
200600018434,0,07,000,00,0,0,01,A01
200600018435,0,07,000,00,2,8,01,A01
200600018435,0,14,000,00,2,1,01,B02
200600018435,0,07,000,00,2,1,01,C03
200600018436,0,32,000,00,2,1,01,A01
200600018436,0,07,000,00,2,6,16,B02
200600018437,0,07,000,13,0,2,01,A01
200600018438,0,07,000,00,0,1,14,A01
200600018438,0,07,000,00,0,1,01,B02
200600018439,0,07,000,00,2,1,01,A01
200600018439,0,07,000,00,2,6,10,B02
200600018440,0,14,000,00,2,2,15,A01
200600018440,0,07,000,00,2,1,01,B02
200600018440,0,07,000,00,2,3,23,C03
200600018441,0,30,000,08,0,1,01,A01
200600018442,0,07,000,00,0,7,01,A01
200600018442,0,07,000,00,0,1,01,B02
200600018443,0,01,000,00,0,1,01,A01
200600018444,0,30,000,00,2,8,11,A01
200600018444,0,07,000,00,9,5,01,B02
200600018445,0,07,000,00,1,3,01,A01
200600018446,0,07,000,00,2,3,02,A01
200600018446,0,07,000,00,2,3,01,B02
200600018446,0,07,000,01,0,2,00,C03
200600018447,0,07,000,00,2,2,01,A01
200600018447,0,02,000,00,2,1,19,B02
200600018448,0,07,000,00,9,2,19,A01
200600018448,0,31,000,00,2,1,01,B02
200600018449,0,07,000,08,0,3,14,A01
200600018450,0,30,000,00,2,1,05,A01
200600018450,0,07,000,00,0,2,15,B02
200600018451,0,07,000,00,1,2,01,A01
200600018452,0,07,000,02,0,1,01,A01
200600018453,0,03,000,00,1,1,01,A01
200600018454,0,07,000,08,0,2,14,A01
200600018455,0,07,000,02,0,1,01,A01
200600018456,0,07,000,01,0,1,01,A01
200600018457,0,33,000,00,2,1,00,A01
200600018457,0,03,000,00,0,2,00,B02
200600018458,0,07,000,00,9,1,15,A01
200600018458,0,02,000,00,2,1,01,B02
200600018459,0,33,000,03,0,7,01,A01
200600018460,0,07,000,00,2,3,17,A01
200600018460,0,07,000,00,2,3,01,B02
200600018461,0,17,000,13,0,1,01,A01
200600018462,0,07,000,02,0,1,01,A01
200600018463,0,32,000,00,2,1,05,A01
200600018463,0,07,000,00,2,8,01,B02
200600018464,0,17,000,00,0,1,01,A01
200600018465,0,31,000,00,2,1,01,A01
200600018465,0,07,000,00,2,1,15,B02
200600018466,0,33,000,00,2,1,01,A01
200600018466,0,07,000,00,2,7,19,B02
200600018467,0,07,000,02,0,9,14,A01
200600018468,0,07,000,13,0,2,01,A01
200600018469,0,07,000,00,0,3,13,A01
200600018469,0,07,000,00,0,1,01,B02
200600018469,0,07,000,00,2,3,01,C03
200600018470,0,07,000,08,0,1,13,A01
200600018471,0,10,000,00,0,1,01,A01
200600018471,0,10,000,00,2,1,05,B02
200600018472,0,33,000,10,0,0,01,A01
200600018473,0,33,000,03,0,1,01,A01
200600018474,0,33,000,00,2,1,01,A01
200600018474,0,07,000,00,0,1,01,B02
200600018475,0,07,000,00,2,1,01,A01
200600018475,0,07,000,00,2,8,15,B02
200600018476,0,07,000,13,0,1,01,A01
200600018477,0,07,000,00,2,3,13,A01
200600018477,0,07,000,00,2,3,01,B02
200600018477,0,07,000,00,2,1,00,C03
200600018478,0,14,000,01,0,2,01,A01
200600018478,0,14,000,00,0,2,24,B02
200600018479,0,07,000,00,2,7,00,A01
200600018479,0,07,000,00,2,3,05,B02
200600018480,0,07,000,04,0,2,01,A01
200600018481,0,07,000,00,2,3,06,A01
200600018481,0,07,000,00,2,3,01,B02
200600018481,0,07,000,00,9,3,01,C03
200600018482,0,07,000,02,0,2,13,A01
200600018483,0,07,000,00,2,1,01,A01
200600018483,0,07,000,00,2,3,06,B02
200600018484,0,07,000,13,0,9,01,A01
200600018485,0,07,000,13,0,1,01,A01
200600018486,0,07,000,00,2,7,01,A01
200600018486,0,01,000,00,2,1,01,B02
200600018487,0,07,000,13,2,7,02,A01
200600018487,0,07,000,00,2,1,01,B02
200600018488,0,02,000,09,0,7,01,A01
200600018489,0,07,000,06,0,1,01,A01
200600018490,0,01,000,00,2,4,01,A01
200600018490,0,07,000,00,2,2,17,B02
200600018491,0,07,000,02,0,1,01,A01
200600018492,0,07,000,00,1,2,01,A01
200600018493,0,07,000,00,2,1,01,A01
200600018493,0,07,000,00,0,0,23,B02
200600018494,0,07,000,00,2,7,13,A01
200600018494,0,10,000,00,2,1,01,B02
200600018495,0,10,000,02,0,3,01,A01
200600018496,0,07,000,13,0,2,02,A01
200600018497,0,10,000,02,0,3,01,A01
200600018498,0,07,000,00,1,8,01,A01
200600018499,0,13,000,00,2,1,01,A01
200600018499,0,07,000,00,0,4,01,B02
200600018500,0,10,000,00,0,3,09,A01
200600018500,0,15,000,00,2,3,01,B02
200600018501,0,07,000,08,0,8,14,A01
200600018502,0,07,000,00,2,3,01,A01
200600018502,0,10,000,00,2,2,01,B02
200600018503,0,07,000,00,2,7,13,A01
200600018503,0,14,000,00,2,1,01,B02
200600018504,0,02,000,12,0,7,01,A01
200600018505,0,07,000,00,2,3,15,A01
200600018505,0,07,000,00,2,3,01,B02
200600018506,0,07,000,00,2,3,13,A01
200600018506,0,07,000,00,2,8,01,B02
200600018507,0,17,000,13,0,7,01,A01
200600018508,0,07,000,08,0,1,01,A01
200600018509,0,33,000,00,2,3,01,A01
200600018509,0,14,000,00,2,7,09,B02
200600018510,0,10,000,00,0,0,23,A01
200600018510,0,10,000,00,2,2,02,B02
200600018510,0,10,000,00,2,1,02,C03
200600018510,0,14,000,00,2,1,02,D04
200600018511,0,38,000,00,1,3,15,A01
200600018512,0,07,000,00,2,2,19,A01
200600018512,0,07,000,00,2,3,01,B02
200600018512,0,07,000,00,2,3,01,C03
200600018513,0,07,000,00,2,2,17,A01
200600018513,0,01,000,00,2,6,02,B02
200600018514,0,33,000,13,0,3,01,A01
200600018515,0,33,000,00,2,1,13,A01
200600018515,0,07,000,00,2,2,01,B02
200600018516,0,07,000,02,2,7,13,A01
200600018517,0,33,000,13,0,1,17,A01
200600018518,0,07,000,00,2,1,02,A01
200600018518,0,15,000,00,2,5,02,B02
200600018519,0,07,000,02,0,1,01,A01
200600018520,0,33,000,00,0,8,13,A01
200600018521,0,31,000,00,0,2,01,A01
200600018521,0,07,000,00,2,3,15,B02
200600018522,0,07,000,00,0,1,00,B02
200600018522,0,07,000,00,0,8,15,A01
200600018523,0,33,000,00,0,8,01,A01
200600018523,0,07,000,00,0,3,15,B02
200600018524,0,07,000,01,0,3,15,A01
200600018525,0,05,000,00,2,1,17,A01
200600018525,0,07,000,00,2,8,15,B02
200600018526,0,07,000,13,0,3,13,A01
200600018526,0,07,000,00,2,1,13,B02
200600018526,0,31,000,00,2,1,01,C03
200600018527,0,07,000,00,0,3,13,A01
200600018527,0,07,000,00,0,3,23,B02
200600018528,0,07,000,01,2,0,20,A01
200600018528,0,30,000,01,0,1,00,B02
200600018529,1,30,000,00,1,1,01,A01
200600018530,0,07,000,00,2,2,01,A01
200600018530,0,07,000,00,2,3,10,B02
200600018531,0,33,000,00,2,3,03,A01
200600018531,0,07,000,00,0,5,01,B02
200600018531,0,07,000,00,0,6,01,C03
200600018532,0,14,000,00,2,1,01,A01
200600018533,0,07,000,00,2,5,23,A01
200600018533,0,07,000,00,0,3,02,B02
200600018534,0,33,000,00,2,1,02,A01
200600018534,0,07,000,00,2,4,23,B02
200600018535,0,07,000,00,2,3,23,A01
200600018535,0,31,000,00,2,7,01,C03
200600018535,0,07,000,00,2,3,09,B02
200600018536,0,07,000,00,2,3,23,A01
200600018536,0,07,000,00,0,0,00,B02
200600018536,0,07,000,00,1,6,23,C03
200600018537,0,07,000,00,2,0,15,A01
200600018537,0,07,000,00,2,2,01,B02
200600018538,0,33,000,00,0,1,17,A01
200600018538,0,07,000,00,2,3,19,B02
200600018539,0,07,000,00,1,1,01,A01
200600018540,0,07,000,00,0,4,02,A01
200600018540,0,07,000,00,2,1,02,B02
200600018541,0,07,000,08,0,9,01,A01
200600018542,0,07,000,00,9,2,17,A01
200600018542,0,01,000,00,2,8,13,B02
200600018543,0,07,000,08,0,9,01,A01
200600018544,0,07,000,00,0,8,15,A01
200600018544,0,33,000,00,2,1,01,B02
200600018545,0,07,000,00,2,8,01,A01
200600018545,0,10,000,00,2,1,01,B02
200600018545,0,07,000,00,0,1,01,C03
200600018546,0,30,000,00,2,3,03,A01
200600018546,0,07,000,00,2,2,02,B02
200600018546,0,10,000,00,2,5,02,C03
200600018547,0,07,000,02,0,1,14,A01
200600018548,0,07,000,00,2,1,01,A01
200600018548,0,02,000,00,2,1,13,B02
200600018549,0,07,000,13,0,3,01,A01
200600018550,0,07,000,13,0,1,01,A01
200600018551,0,07,000,00,2,2,01,A01
200600018551,0,10,000,00,2,3,01,B02
200600018552,0,07,000,00,2,7,15,A01
200600018552,0,07,000,00,2,1,01,B02
200600018553,0,07,000,00,2,3,13,A01
200600018553,0,33,000,00,2,1,17,B02
200600018554,0,07,000,02,0,1,01,A01
200600018555,0,36,000,01,0,7,01,A01
200600018556,0,33,000,00,2,1,17,A01
200600018556,0,07,000,00,2,3,15,B02
200600018557,0,17,000,13,0,1,01,A01
200600018558,0,31,000,00,9,0,01,A01
200600018559,0,07,000,00,2,7,19,A01
200600018559,0,33,000,00,2,1,01,B02
200600018560,0,99,000,00,0,0,01,A01
200600018561,0,07,000,00,2,1,02,A01
200600018561,0,07,000,00,2,4,02,B02
200600018562,0,07,000,08,0,3,01,A01
200600018563,0,21,000,00,2,3,19,A01
200600018563,0,31,000,00,2,1,01,B02
200600018564,0,33,000,02,0,1,01,A01
200600018565,0,02,000,06,0,2,01,A01
200600018566,0,07,000,00,2,1,19,A01
200600018566,0,30,000,00,2,7,01,B02
200600018567,0,02,000,00,2,2,01,A01
200600018567,0,07,000,00,2,5,15,B02
200600018568,0,14,000,00,2,2,09,A01
200600018568,0,33,000,00,2,6,01,B02
200600018569,0,07,000,00,2,3,13,A01
200600018569,0,07,000,00,2,3,13,B02
200600018570,0,07,000,00,0,3,03,A01
200600018570,0,07,000,00,0,8,01,B02
200600018571,0,07,000,00,0,6,24,A01
200600018571,0,31,000,00,2,1,14,B02
200600018572,0,07,000,00,2,7,14,A01
200600018573,0,07,000,00,0,5,02,A01
200600018574,0,07,000,00,2,3,15,A01
200600018574,0,01,000,00,2,2,01,B02
200600018575,0,07,000,00,2,3,01,A01
200600018575,0,02,000,00,2,8,19,B02
200600018576,0,30,000,12,0,1,01,A01
200600018577,0,10,000,08,0,1,14,A01
200600018578,0,07,000,00,1,1,02,A01
200600018579,0,07,000,13,0,2,01,A01
200600018580,0,10,000,00,6,6,02,A01
200600018581,0,10,000,00,1,1,02,A01
200600018582,0,07,000,00,2,2,01,A01
200600018582,0,07,000,00,2,8,01,B02
200600018583,0,07,000,13,2,8,00,A01
200600018583,0,07,000,13,2,7,17,B02
200600018584,0,07,000,08,0,7,01,A01
200600018585,0,33,000,00,2,1,17,A01
200600018585,0,07,000,00,2,2,01,B02
200600018586,0,07,000,04,0,1,16,A01
200600018587,0,07,000,00,2,3,17,A01
200600018587,0,07,000,00,0,0,00,B02
200600018588,0,07,000,00,2,7,17,A01
200600018588,0,10,000,00,2,3,01,B02
200600018589,0,07,000,00,5,8,01,A01
200600018590,0,02,000,00,2,1,01,A01
200600018590,0,07,000,00,9,3,19,B02
200600018591,0,10,000,00,1,2,02,A01
200600018592,0,07,000,00,2,7,13,A01
200600018592,0,07,000,00,2,2,01,B02
200600018593,0,15,000,00,2,1,01,A01
200600018593,0,07,000,00,2,1,05,B02
200600018594,0,33,000,00,0,8,01,A01
200600018595,0,07,000,02,0,2,01,A01
200600018596,0,07,000,00,2,1,19,A01
200600018596,0,07,000,15,2,3,01,B02
200600018597,0,07,000,01,0,2,01,A01
200600018597,0,07,000,00,2,6,00,B02
200600018598,0,01,000,00,0,0,01,A01
200600018599,0,07,000,13,0,2,01,A01
200600018600,0,07,000,02,6,9,01,A01
200600018601,0,07,000,03,0,3,01,A01