Num_Acc,senc,catv,occutc,obs,obsm,choc,manv,num_veh
200600018601,0,02,000,03,0,1,13,B02
200600018602,0,07,000,02,0,3,01,A01
200600018603,0,07,000,00,2,2,09,A01
200600018603,0,07,000,00,2,3,21,B02
200600018603,0,07,000,00,2,8,01,C03
200600018604,0,07,000,00,1,1,01,A01
200600018605,0,07,000,00,2,4,01,A01
200600018605,0,07,000,00,2,1,01,B02
200600018605,0,38,000,00,2,1,02,C03
200600018606,0,10,000,00,2,3,13,A01
200600018606,0,15,000,00,2,8,01,B02
200600018606,0,07,000,00,2,1,01,C03
200600018607,0,33,000,00,0,9,01,A01
200600018608,0,33,000,13,0,1,01,A01
200600018609,0,10,000,00,2,2,01,A01
200600018609,0,10,000,00,2,4,01,B02
200600018610,0,02,000,00,2,1,13,A01
200600018610,0,07,000,00,2,3,01,B02
200600018611,0,07,000,08,0,9,01,A01
200600018612,0,07,000,00,2,1,01,A01
200600018613,0,15,000,00,2,1,17,A01
200600018613,0,21,000,00,2,8,15,B02
200600018614,0,07,000,00,2,1,01,A01
200600018614,0,07,000,00,0,8,10,B02
200600018615,0,10,000,13,0,9,02,A01
200600018616,0,07,000,00,1,7,01,A01
200600018617,0,05,000,13,0,1,01,A01
200600018618,0,10,000,00,2,1,19,A01
200600018618,0,07,000,00,2,7,02,B02
200600018619,0,07,000,00,2,5,19,A01
200600018619,0,32,000,00,2,8,01,B02
200600018620,0,10,000,01,0,6,24,A01
200600018620,0,02,000,01,0,1,01,B02
200600018621,0,31,000,00,2,8,01,A01
200600018621,0,02,000,00,2,1,16,B02
200600018622,0,33,000,00,2,1,17,A01
200600018622,0,07,000,00,2,8,15,B02
200600018623,0,07,000,13,0,8,01,A01
200600018624,0,07,000,00,1,7,17,A01
200600018624,0,07,000,00,1,0,23,B02
200600018625,0,07,000,00,2,1,01,A01
200600018625,0,07,000,00,0,8,19,B02
200600018626,0,07,000,00,2,3,01,A01
200600018626,0,02,000,00,2,8,03,B02
200600018627,0,01,000,00,0,4,02,A01
200600018627,0,14,000,00,2,2,02,B02
200600018628,0,07,000,00,2,8,15,A01
200600018628,0,33,000,00,2,7,13,B02
200600018629,0,30,000,00,2,1,01,A01
200600018629,0,14,000,00,2,7,15,B02
200600018630,0,35,001,16,0,8,01,A01
200600018631,0,02,000,00,2,1,17,A01
200600018631,0,07,000,00,2,1,01,B02
200600018632,0,07,000,13,0,3,01,A01
200600018633,0,07,000,00,0,8,01,A01
200600018633,0,07,000,00,0,7,02,B02
200600018634,0,07,000,02,0,1,01,A01
200600018635,0,07,000,13,0,2,01,A01
200600018636,0,07,000,15,0,1,13,A01
200600018637,0,07,000,00,2,1,02,A01
200600018637,0,07,000,00,0,4,02,B02
200600018638,0,07,000,06,0,2,14,A01
200600018639,0,07,000,00,2,1,01,A01
200600018639,0,07,000,00,0,4,16,B02
200600018640,0,07,000,08,0,9,01,A01
200600018641,0,07,000,13,0,9,01,A01
200600018642,0,07,000,00,2,3,01,A01
200600018642,0,10,000,00,2,3,01,B02
200600018643,0,02,000,00,2,1,01,A01
200600018643,0,07,000,00,2,2,01,B02
200600018644,0,07,000,00,1,4,01,A01
200600018644,0,07,000,00,2,1,01,B02
200600018645,0,07,000,00,9,0,01,A01
200600018645,0,01,000,00,2,1,19,B02
200600018646,0,07,000,00,0,3,13,A01
200600018646,0,07,000,00,2,3,13,B02
200600018647,0,07,000,00,2,3,13,A01
200600018647,0,15,000,00,2,3,01,B02
200600018648,0,07,000,00,9,0,17,A01
200600018648,0,01,000,00,2,0,13,B02
200600018649,0,07,000,00,0,1,01,A01
200600018650,0,07,000,00,0,2,19,A01
200600018650,0,07,000,00,0,1,01,B02
200600018651,0,33,000,00,2,9,17,A01
200600018651,0,07,000,00,2,1,01,B02
200600018652,0,17,000,00,2,7,17,A01
200600018652,0,07,000,00,2,8,15,B02
200600018653,0,03,000,00,0,9,01,A01
200600018654,0,99,000,00,2,1,01,A01
200600018654,0,07,000,00,2,8,01,B02
200600018655,0,33,000,00,0,0,13,A01
200600018656,0,07,000,00,2,1,13,A01
200600018656,0,17,000,00,2,3,01,B02
200600018657,0,07,000,00,0,1,01,A01
200600018658,0,31,000,06,0,1,13,A01
200600018659,0,07,000,10,0,1,01,A01
200600018660,0,07,000,00,2,1,01,A01
200600018660,0,07,000,00,2,1,01,B02
200600018661,0,07,000,13,0,1,01,A01
200600018662,0,07,000,08,0,1,01,A01
200600018663,0,07,000,00,2,2,01,A01
200600018663,0,10,000,00,2,3,19,B02
200600018664,0,07,000,00,2,2,15,A01
200600018664,0,07,000,00,2,1,01,B02
200600018665,0,07,000,00,2,2,15,A01
200600018665,0,05,000,00,2,1,01,B02
200600018666,0,07,000,12,0,6,14,A01
200600018667,0,07,000,13,0,9,01,A01
200600018668,0,33,000,15,0,3,01,A01
200600018669,0,07,000,00,1,2,01,A01
200600018670,0,33,000,00,2,1,01,A01
200600018670,0,33,000,00,2,1,01,B02
200600018670,0,17,000,00,2,8,01,C03
200600018670,0,07,000,00,2,3,19,D04
200600018671,0,07,000,00,2,2,18,A01
200600018671,0,07,000,00,2,8,01,B02
200600018672,0,02,000,15,0,1,13,A01
200600018673,0,07,000,00,0,1,01,A01
200600018674,0,31,000,00,0,0,01,A01
200600018675,0,10,000,13,0,2,01,A01
200600018676,0,07,000,02,0,7,01,A01
200600018677,0,07,000,16,0,2,00,A01
200600018678,0,07,000,00,2,2,16,A01
200600018678,0,02,000,00,0,1,00,B02
200600018679,0,07,000,00,2,7,19,A01
200600018679,0,02,000,00,2,1,01,B02
200600018680,0,07,000,00,0,0,00,A01
200600018681,0,07,000,00,2,3,19,A01
200600018681,0,33,000,00,2,1,01,B02
200600018682,0,07,000,00,2,1,01,A01
200600018682,0,07,000,00,2,7,19,B02
200600018683,0,33,000,00,2,1,01,A01
200600018683,0,07,000,00,0,6,10,B02
200600018684,0,14,000,00,2,2,01,A01
200600018684,0,07,000,00,0,0,01,B02
200600018684,0,07,000,00,2,4,21,C03
200600018685,0,14,000,00,0,0,15,A01
200600018685,0,33,000,00,0,0,01,B02
200600018686,0,07,000,01,0,3,13,A01
200600018686,0,07,000,12,0,6,00,C03
200600018687,0,07,000,00,6,1,01,A01
200600018688,0,07,000,00,1,2,05,A01
200600018689,0,10,000,00,2,1,01,A01
200600018689,0,02,000,00,2,7,01,B02
200600018690,0,01,000,00,2,7,05,A01
200600018690,0,07,000,00,2,1,01,B02
200600018691,0,07,000,16,0,1,01,A01
200600018692,0,01,000,00,2,1,19,A01
200600018692,0,07,000,00,2,7,01,B02
200600018693,0,07,000,00,2,1,05,A01
200600018693,0,31,000,00,2,1,01,B02
200600018694,0,07,000,02,0,2,13,A01
200600018695,0,07,000,00,2,1,17,A01
200600018696,0,31,000,00,0,0,01,A01
200600018697,0,07,000,00,2,1,17,A01
200600018697,0,10,000,00,2,1,01,B02
200600018698,0,07,000,00,2,1,01,A01
200600018698,0,31,000,00,2,8,01,B02
200600018699,0,14,000,00,2,1,02,A01
200600018699,0,07,000,00,0,4,09,B02
200600018700,0,07,000,00,2,6,15,A01
200600018700,0,07,000,00,2,1,17,B02
200600018701,0,02,000,08,0,2,01,A01
200600018702,0,10,000,00,0,4,01,A01
200600018702,0,07,000,00,2,3,02,B02
200600018703,0,07,000,00,2,4,23,A01
200600018703,0,07,000,00,2,2,01,B02
200600018703,0,07,000,05,0,7,01,C03
200600018703,0,07,000,00,2,1,02,D04
200600018704,0,07,000,03,0,7,01,A01
200600018705,0,07,000,06,0,2,01,A01
200600018705,0,07,000,00,2,3,01,B02
200600018706,0,10,000,00,2,7,13,A01
200600018706,0,33,000,00,2,1,01,B02
200600018707,0,07,000,00,2,1,01,A01
200600018707,0,02,000,00,2,8,19,B02
200600018708,0,07,000,02,0,3,13,A01
200600018709,0,07,000,00,2,1,13,A01
200600018709,0,07,000,00,2,3,01,B02
200600018710,0,07,000,13,0,9,21,A01
200600018711,0,07,000,04,0,1,00,A01
200600018711,0,07,000,00,9,3,01,B02
200600018712,0,07,000,00,2,4,17,A01
200600018712,0,17,000,00,0,4,01,B02
200600018713,0,07,000,16,0,2,01,A01
200600018714,0,10,000,03,2,1,17,A01
200600018714,0,17,000,00,2,0,01,D04
200600018715,0,07,000,00,2,6,01,A01
200600018715,0,07,000,00,2,2,14,B02
200600018716,0,10,000,00,2,2,00,A01
200600018716,0,17,000,00,0,0,00,B02
200600018716,0,07,000,14,0,8,00,D04
200600018716,0,10,000,14,0,8,00,E05
200600018717,0,17,000,04,0,1,01,A01
200600018718,0,07,000,04,0,2,00,A01
200600018719,0,07,000,04,2,1,21,A01
200600018719,0,07,000,00,2,8,01,B02
200600018720,0,07,000,00,2,1,01,A01
200600018720,0,17,000,00,0,2,01,B02
200600018720,0,07,000,00,0,7,01,C03
200600018721,0,10,000,14,0,2,01,A01
200600018722,0,07,000,03,2,1,21,A01
200600018722,0,07,000,03,2,8,17,B02
200600018722,0,14,000,00,2,1,01,C03
200600018723,0,17,000,00,0,6,01,A01
200600018723,0,10,000,00,2,2,02,B02
200600018723,0,10,000,00,2,2,02,C03
200600018724,0,07,000,00,0,0,00,A01
200600018725,0,10,000,00,2,1,01,A01
200600018725,0,07,000,00,2,8,19,B02
200600018726,0,07,000,04,0,4,00,A01
200600018727,0,07,000,00,2,4,02,A01
200600018727,0,07,000,00,2,1,02,B02
200600018728,0,07,000,00,9,4,23,A01
200600018728,0,07,000,00,2,1,01,B02
200600018729,0,10,000,03,2,2,12,A01
200600018729,0,17,000,00,0,0,00,B02
200600018730,0,17,000,00,2,1,02,A01
200600018730,0,14,000,00,2,4,02,B02
200600018731,0,07,000,00,2,3,12,A01
200600018731,0,17,000,00,2,5,01,B02
200600018732,0,07,000,00,2,1,00,A01
200600018732,0,07,000,00,2,4,00,B02
200600018733,0,33,000,13,0,8,01,A01
200600018733,0,33,000,13,0,8,01,B02
200600018734,0,07,000,00,0,2,00,A01
200600018735,0,33,000,00,2,3,13,A01
200600018735,0,07,000,00,2,1,01,B02
200600018736,0,07,000,00,2,2,02,A01
200600018736,0,17,000,00,2,6,02,B02
200600018737,0,07,000,00,0,5,15,A01
200600018737,0,30,000,00,2,1,02,B02
200600018738,0,31,000,00,2,7,19,A01
200600018738,0,07,000,00,2,2,01,B02
200600018739,0,07,000,00,2,2,17,A01
200600018739,0,01,000,00,2,8,15,B02
200600018740,0,07,000,01,0,1,02,A01
200600018740,0,07,000,00,2,4,23,B02
200600018741,0,07,000,00,2,5,17,A01
200600018741,0,07,000,00,2,3,01,B02
200600018742,0,07,000,00,2,7,01,A01
200600018742,0,07,000,00,0,4,01,B02
200600018743,0,07,000,04,0,1,13,A01
200600018744,0,17,000,01,1,2,14,A01
200600018745,0,07,000,00,0,4,04,A01
200600018745,0,17,000,00,2,1,01,B02
200600018746,0,33,000,13,0,0,01,A01
200600018747,0,33,000,00,2,1,17,A01
200600018747,0,07,000,00,0,4,23,B02
200600018748,0,33,000,00,2,7,01,B02
200600018748,0,07,000,00,2,3,01,A01
200600018749,0,07,000,00,2,1,01,A01
200600018749,0,02,000,00,0,4,01,B02
200600018750,0,07,000,04,0,3,01,A01
200600018751,0,07,000,04,0,3,17,A01
200600018752,0,10,000,00,1,2,16,A01
200600018753,0,07,000,00,0,2,14,A01
200600018754,0,30,000,00,0,1,01,A01
200600018755,0,07,000,00,2,1,02,A01
200600018755,0,17,000,00,0,6,02,B02
200600018756,0,14,000,00,2,1,02,A01
200600018756,0,14,000,00,2,4,02,B02
200600018757,0,07,000,00,2,1,02,A01
200600018757,0,07,000,04,0,6,01,B02
200600018757,0,07,000,00,2,1,02,C03
200600018758,0,07,000,03,2,1,03,A01
200600018758,0,07,000,00,0,4,01,B02
200600018758,0,10,000,00,0,5,01,C03
200600018759,0,07,000,00,0,3,01,A01
200600018760,0,17,000,00,2,2,02,A01
200600018760,0,07,000,00,0,4,02,B02
200600018761,0,14,000,00,2,2,01,A01
200600018761,0,10,000,00,2,6,01,B02
200600018762,0,07,000,00,2,3,13,A01
200600018762,0,14,000,00,2,3,01,B02
200600018763,0,10,000,00,1,1,13,A01
200600018764,0,07,000,00,2,1,01,A01
200600018764,0,30,000,00,2,1,15,B02
200600018765,0,07,000,00,2,2,01,A01
200600018765,0,10,000,00,0,6,01,B02
200600018766,0,33,000,00,2,1,17,A01
200600018766,0,07,000,00,2,1,00,B02
200600018767,0,07,000,03,0,1,13,A01
200600018768,0,07,000,13,0,1,12,A01
200600018769,0,07,000,13,0,9,18,A01
200600018770,0,14,000,00,0,3,17,A01
200600018771,0,07,000,00,2,8,15,A01
200600018771,0,33,000,00,2,0,01,B02
200600018772,0,07,000,02,0,1,01,A01
200600018773,0,10,000,00,2,1,02,A01
200600018773,0,15,000,00,2,4,02,B02
200600018774,0,33,000,03,0,1,17,A01
200600018775,0,07,000,00,0,6,01,A01
200600018775,0,07,000,00,2,2,14,B02
200600018776,0,07,000,00,2,4,01,A01
200600018776,0,14,000,00,2,4,01,B02
200600018777,0,33,000,00,2,1,01,A01
200600018777,0,07,000,00,0,6,01,B02
200600018778,0,07,000,00,0,4,23,A01
200600018778,0,07,000,00,2,1,02,B02
200600018778,0,07,000,00,2,9,02,C03
200600018779,0,07,000,06,0,2,00,A01
200600018780,0,07,000,00,2,2,02,A01
200600018780,0,07,000,00,2,4,01,B02
200600018781,0,07,000,00,2,4,00,A01
200600018781,0,07,000,00,2,1,01,B02
200600018781,0,07,000,00,2,1,01,C03
200600018782,0,17,000,00,2,6,01,A01
200600018782,0,07,000,00,2,2,02,B02
200600018783,0,38,000,00,6,3,01,A01
200600018784,0,17,000,00,2,1,02,A01
200600018784,0,15,000,00,0,4,02,B02
200600018785,0,14,000,00,0,1,01,A01
200600018785,0,31,000,00,0,7,01,B02
200600018786,0,07,000,00,2,1,21,A01
200600018786,0,07,000,00,0,4,21,B02
200600018787,0,07,000,00,0,4,02,A01
200600018787,0,07,000,00,2,1,02,B02
200600018788,0,33,000,00,2,7,02,A01
200600018788,0,17,000,00,0,6,01,B02
200600018788,0,07,000,14,0,2,21,C03
200600018788,0,07,000,14,0,2,21,D04
200600018789,0,33,000,00,0,7,21,A01
200600018790,0,07,000,00,0,4,23,A01
200600018790,0,07,000,01,0,1,01,B02
200600018791,0,07,000,00,0,2,11,A01
200600018791,0,07,000,00,0,6,01,B02
200600018792,0,07,000,00,2,2,13,A01
200600018792,0,17,000,00,0,6,01,B02
200600018793,0,07,000,00,2,1,01,A01
200600018793,0,14,000,00,2,4,01,B02
200600018794,0,07,000,00,2,1,00,A01
200600018794,0,01,000,00,0,7,00,B02
200600018795,0,07,000,02,0,2,01,A01
200600018796,0,07,000,00,2,7,01,A01
200600018796,0,10,000,00,0,2,00,B02
200600018797,0,10,000,13,0,0,01,A01
200600018798,0,07,000,11,2,3,21,A01
200600018798,0,07,000,15,2,3,23,B02
200600018799,0,31,000,00,2,1,01,A01
200600018799,0,07,000,00,0,2,15,B02
200600018800,0,05,000,00,2,7,17,A01
200600018800,0,10,000,00,0,0,13,B02
200600018800,0,17,000,00,2,3,01,C03
200600018801,0,07,000,00,2,1,02,A01
200600018801,0,07,000,03,0,4,02,B02
200600018802,0,07,000,03,0,3,13,A01
200600018803,0,07,000,00,2,1,01,A01
200600018803,0,07,000,00,2,1,05,B02
200600018804,0,07,000,08,0,1,01,A01
200600018805,0,07,000,13,0,2,14,A01
200600018806,0,07,000,03,0,1,01,A01
200600018807,0,07,000,06,0,1,14,A01
200600018808,0,10,000,08,0,1,01,A01
200600018809,0,07,000,00,2,2,14,A01
200600018809,0,14,000,00,0,6,00,B02
200600018810,0,07,000,16,0,6,01,A01
200600018811,0,07,000,16,0,8,01,A01
200600018812,0,07,000,00,0,9,01,A01
200600018813,0,17,000,13,0,1,01,A01
200600018814,0,30,000,11,0,5,01,A01
200600018815,0,07,000,00,2,3,01,A01
200600018815,0,30,000,00,2,1,19,B02
200600018816,0,30,000,00,2,1,01,A01
200600018816,0,07,000,00,2,8,15,B02
200600018817,0,07,000,00,0,4,01,A01
200600018817,0,07,000,00,2,1,01,B02
200600018818,0,07,000,00,2,3,13,A01
200600018818,0,14,000,00,2,2,01,B02
200600018819,0,07,000,00,0,9,14,A01
200600018820,0,07,000,00,2,1,02,A01
200600018820,0,13,000,00,0,6,09,B02
200600018821,0,10,000,07,0,9,01,A01
200600018822,0,10,000,02,0,1,01,A01
200600018823,0,07,000,00,2,3,13,A01
200600018823,0,10,000,00,2,3,01,B02
200600018824,0,33,000,00,2,1,01,A01
200600018824,0,07,000,00,2,0,00,B02
200600018825,0,07,000,12,0,1,01,A01
200600018826,0,10,000,00,2,3,13,A01
200600018826,0,07,000,00,2,1,01,B02
200600018826,0,17,000,00,2,8,00,C03
200600018827,0,07,000,00,1,6,01,A01
200600018828,0,07,000,00,1,2,01,A01
200600018829,0,02,000,00,2,3,00,A01
200600018829,0,07,000,00,2,2,21,B02
200600018830,0,10,000,02,0,1,13,A01
200600018831,0,37,000,05,2,9,13,A01
200600018831,0,07,000,00,2,3,01,B02
200600018832,0,07,000,06,0,7,13,A01
200600018833,0,33,000,00,2,1,01,A01
200600018833,0,07,000,00,2,3,15,B02
200600018834,0,07,000,00,2,3,16,A01
200600018834,0,07,000,00,2,2,01,B02
200600018835,0,36,000,16,0,1,15,A01
200600018836,0,07,000,00,2,2,13,A01
200600018836,0,10,000,00,2,3,01,B02
200600018837,0,07,000,04,0,6,01,A01
200600018838,0,07,000,00,2,1,13,A01
200600018838,0,07,000,00,2,2,14,B02
200600018838,0,17,000,00,2,3,01,C03
200600018839,0,07,000,00,9,1,16,A01
200600018839,0,01,000,00,2,7,05,B02
200600018840,0,07,000,00,2,1,01,A01
200600018840,0,07,000,00,2,7,01,B02
200600018841,0,07,000,03,0,2,00,A01
200600018842,0,07,000,15,0,2,16,A01
200600018842,0,17,000,00,0,6,24,B02
200600018843,0,07,000,00,2,7,15,A01
200600018843,0,33,000,00,2,1,01,B02
200600018844,0,31,000,00,2,1,13,A01
200600018844,0,07,000,00,2,3,01,B02
200600018845,0,07,000,02,0,0,01,A01
200600018846,0,07,000,00,2,1,01,A01
200600018846,0,02,000,00,2,2,19,B02
200600018847,0,31,000,00,2,1,17,A01
200600018847,0,07,000,00,2,3,01,B02
200600018848,0,07,000,00,2,1,01,A01
200600018848,0,07,000,00,2,1,01,B02
200600018849,0,17,000,00,2,1,02,A01
200600018849,0,17,000,00,2,4,02,B02
200600018850,0,10,000,00,2,3,01,A01
200600018850,0,10,000,00,2,4,12,B02
200600018851,0,30,000,13,0,1,01,A01
200600018852,0,07,000,03,0,3,01,A01
200600018853,0,07,000,00,2,1,01,A01
200600018854,0,07,000,00,1,2,01,A01
200600018855,0,02,000,00,2,1,01,A01
200600018855,0,07,000,00,2,8,19,B02
200600018856,0,07,000,06,0,1,00,A01
200600018857,0,01,000,00,2,4,15,A01
200600018857,1,07,000,00,0,0,00,B02
200600018858,0,07,000,14,2,1,01,A01
200600018858,0,07,000,00,2,1,00,B02
200600018859,0,07,000,00,2,6,23,A01
200600018859,0,07,000,00,2,3,01,B02
200600018860,0,07,000,00,0,3,11,A01
200600018860,0,33,000,00,2,1,01,B02
200600018861,0,07,000,00,2,2,01,A01
200600018861,0,07,000,00,2,5,01,B02
200600018862,0,10,000,03,0,0,00,A01
200600018863,0,07,000,13,0,9,01,A01
200600018864,0,02,000,12,0,1,01,A01
200600018865,0,07,000,05,0,8,02,A01
200600018866,0,07,000,00,2,5,15,A01
200600018866,0,31,000,00,2,1,01,B02
200600018867,0,15,000,00,1,3,01,A01
200600018867,0,14,000,00,1,3,01,B02
200600018868,0,10,000,00,2,6,19,A01
200600018868,0,15,000,00,2,3,01,B02
200600018869,0,07,000,13,0,1,01,A01
200600018870,0,07,000,00,0,4,24,A01
200600018870,0,07,000,01,0,1,14,B02
200600018871,0,07,000,04,0,1,01,A01
200600018872,0,07,000,03,0,7,00,A01
200600018873,0,07,000,13,0,1,13,A01
200600018874,0,07,000,00,2,2,01,A01
200600018874,0,07,000,00,2,4,13,B02
200600018874,0,07,000,00,2,4,23,C03
200600018874,0,07,000,00,0,9,01,D04
200600018875,0,07,000,00,2,1,21,A01
200600018875,0,07,000,00,0,4,23,B02
200600018876,0,07,000,03,2,1,09,A01
200600018876,0,17,000,00,2,7,01,B02
200600018876,0,07,000,03,2,7,01,C03
200600018877,0,07,000,00,0,4,23,A01
200600018877,0,07,000,00,2,1,02,B02
200600018878,0,15,000,00,2,3,01,A01
200600018878,0,07,000,00,2,2,10,B02
200600018879,0,17,000,03,0,8,01,A01
200600018880,0,07,000,13,0,1,01,A01
200600018881,0,07,000,13,0,1,01,A01
200600018882,0,07,000,03,0,1,01,A01
200600018883,0,31,000,00,2,7,17,A01
200600018883,0,07,000,00,2,8,15,B02
200600018884,0,07,000,00,2,2,01,B02
200600018884,0,07,000,00,2,8,19,A01
200600018885,0,33,000,06,0,3,17,A01
200600018886,0,07,000,03,0,8,12,A01
200600018887,0,07,000,00,0,4,23,A01
200600018887,0,10,000,00,2,1,01,B02
200600018888,0,07,000,00,0,3,15,A01
200600018888,0,07,000,00,2,1,01,B02
200600018889,0,07,000,00,1,1,01,A01
200600018890,0,07,000,00,9,5,19,A01
200600018890,0,02,000,00,2,1,01,B02
200600018891,0,33,000,10,0,1,01,A01
200600018892,0,07,000,06,0,2,02,A01
200600018893,0,07,000,00,2,1,15,A01
200600018893,0,07,000,00,2,3,01,B02
200600018894,0,07,000,13,0,1,01,A01
200600018895,0,07,000,00,2,1,15,A01
200600018895,0,07,000,00,2,3,01,B02
200600018896,0,07,000,02,0,3,01,A01
200600018897,0,07,000,00,1,4,04,A01
200600018898,0,33,000,00,2,1,17,A01
200600018899,0,07,000,00,1,3,01,A01
200600018900,0,33,000,00,2,7,02,A01
200600018900,0,07,000,00,9,6,02,B02
200600018901,0,33,000,03,0,7,01,A01
200600018902,0,07,000,00,2,1,01,A01
200600018902,0,07,000,00,2,8,15,B02
200600018903,0,31,000,00,2,2,19,A01
200600018903,0,07,000,00,2,2,19,B02
200600018904,0,07,000,00,0,6,15,A01
200600018904,0,02,000,00,0,6,01,B02
200600018905,0,07,000,00,1,2,01,A01
200600018905,0,07,000,00,1,2,01,B02
200600018906,0,07,000,00,0,8,01,A01
200600018906,0,10,000,00,0,1,19,B02
200600018907,0,07,000,00,2,1,01,A01
200600018907,0,07,000,00,2,5,15,B02
200600018908,0,10,000,00,0,0,15,A01
200600018909,0,07,000,06,0,3,13,A01
200600018910,0,99,000,00,0,0,01,A01
200600018911,0,14,000,01,0,1,14,A01
200600018912,0,10,000,01,0,2,14,A01
200600018912,0,14,000,00,0,6,24,B02
200600018913,0,07,000,03,0,8,17,A01
200600018914,0,02,000,00,2,1,02,A01
200600018914,0,14,000,00,2,5,02,B02
200600018915,0,10,000,00,0,0,01,A01
200600018916,0,07,000,00,2,6,15,A01
200600018916,0,05,000,00,2,1,01,B01
200600018917,0,14,000,00,2,2,15,A01
200600018917,0,07,000,00,2,1,01,B01
200600018918,0,16,000,00,1,2,15,A01
200600018919,0,07,000,00,0,9,14,A01
200600018920,0,07,000,00,2,2,02,A01
200600018920,0,07,000,00,2,6,02,B01
200600018920,0,07,000,00,2,1,01,C01
200600018921,0,33,000,00,2,7,17,A01
200600018921,0,07,000,00,0,8,15,B01
200600018922,0,33,000,00,2,1,01,B01
200600018922,0,07,000,00,2,3,15,A01
200600018923,0,07,000,00,2,2,01,B01
200600018923,0,07,000,00,2,8,19,A01
200600018924,0,07,000,00,2,3,13,A01
200600018924,0,17,000,03,2,3,01,B01
200600018925,0,07,000,00,0,0,01,A01
200600018926,0,02,000,00,2,3,01,A01
200600018926,1,07,000,00,9,0,17,B01
200600018927,0,07,000,00,1,2,16,A01
200600018928,0,31,000,00,1,1,01,A01
200600018929,0,07,000,00,1,1,01,A01
200600018930,0,05,000,14,0,1,01,A01
200600018931,1,07,000,00,1,1,15,A01
200600018932,0,07,000,16,0,2,14,A01
200600018933,0,02,000,00,1,1,01,A01
200600018934,0,07,000,00,2,2,15,A01
200600018934,0,02,000,00,2,1,01,B01
200600018935,0,07,000,00,1,1,16,A01
200600018936,0,04,000,00,2,1,21,B01
200600018936,0,07,000,00,0,3,16,A01
200600018937,0,07,000,13,0,9,13,A01
200600018938,0,07,000,13,0,1,02,A01
200600018939,0,02,000,00,2,1,02,A01
200600018939,0,07,000,00,0,5,23,B01
200600018940,0,07,000,00,2,3,15,A01
200600018940,0,07,000,00,2,3,01,B01
200600018941,0,07,000,00,2,4,02,B01
200600018941,0,07,000,00,2,1,02,A01
200600018942,0,07,000,00,1,2,01,A01
200600018943,0,07,000,00,1,1,01,A01
200600018944,0,07,000,00,2,1,01,C01
200600018944,0,07,000,00,2,4,15,B01
200600018944,0,14,000,00,2,1,01,A01
200600018945,0,07,000,00,2,3,01,B01
200600018945,0,30,000,00,2,8,09,A01
200600018946,0,07,000,00,2,5,15,B01
200600018946,0,07,000,00,2,1,01,A01
200600018947,0,07,000,00,1,3,01,A01
200600018948,0,02,000,00,2,1,01,A01
200600018948,0,99,000,00,2,1,05,B01
200600018949,0,10,000,00,2,5,17,A01
200600018949,0,01,000,00,2,8,01,B01
200600018950,0,07,000,00,0,3,13,A01
200600018951,0,07,000,00,2,1,13,A01
200600018951,0,07,000,00,2,1,01,B01
200600018952,0,38,020,00,2,1,01,A01
200600018952,0,07,000,00,2,8,01,B01
200600018953,0,07,000,00,2,1,01,A01
200600018953,0,07,000,00,2,4,01,B01
200600018953,0,07,000,00,0,4,01,C01
200600018954,0,07,000,08,0,3,06,A01
200600018955,0,30,000,00,2,1,02,A01
200600018955,0,32,000,00,2,8,13,B01
200600018956,1,07,000,00,2,5,15,A01
200600018956,0,05,000,00,2,7,01,B01
200600018957,0,03,000,00,2,1,02,A01
200600018957,0,03,000,00,2,4,01,C01
200600018958,0,07,000,00,2,2,15,A01
200600018958,0,32,000,00,2,1,01,B01
200600018959,0,32,000,00,2,1,01,B01
200600018959,0,15,000,00,2,3,13,A01
200600018960,0,07,000,00,2,1,02,A01
200600018960,0,07,000,00,2,4,02,B01
200600018960,0,07,000,00,0,4,02,C01
200600018961,0,38,001,00,2,2,15,A01
200600018961,0,01,000,00,2,0,00,B01
200600018962,0,07,000,00,2,1,02,A01
200600018962,0,07,000,00,0,4,16,B01
200600018963,0,07,000,00,2,5,15,A01
200600018963,0,05,000,00,2,1,01,B01
200600018964,0,07,000,00,2,5,15,A01
200600018964,0,31,000,00,2,1,01,B01
200600018965,0,07,000,00,1,4,04,A01
200600018966,0,07,000,00,2,2,00,A01
200600018966,0,07,000,00,2,6,01,B01
200600018967,0,07,000,00,2,4,15,A01
200600018967,0,02,000,00,0,0,01,B01
200600018968,0,07,000,00,2,0,00,A01
200600018968,0,01,000,14,0,1,01,B01
200600018969,0,07,000,00,2,2,15,A01
200600018969,0,02,000,00,2,1,05,B01
200600018970,0,07,000,00,0,8,10,A01
200600018970,0,32,000,00,2,1,21,B01
200600018971,0,01,000,01,0,1,01,A01
200600018972,0,01,000,00,2,4,00,B01
200600018972,0,07,000,00,2,1,01,A01
200600018973,0,02,000,14,0,1,02,A01
200600018974,0,07,000,00,2,8,15,B01
200600018974,0,32,000,00,2,1,17,A01
200600018975,0,07,000,00,2,2,11,A01
200600018975,0,05,000,00,2,1,01,B01
200600018976,0,30,000,00,1,1,00,A01
200600018977,0,07,000,00,2,1,09,A01
200600018977,0,31,000,00,2,1,01,B01
200600018978,0,02,000,00,2,1,01,A01
200600018978,0,07,000,00,2,3,01,B01
200600018979,0,07,000,00,2,1,01,A01
200600018979,0,07,000,00,2,4,01,B01
200600018979,0,07,000,00,2,4,01,C01