Num_Acc,senc,catv,occutc,obs,obsm,choc,manv,num_veh
200600018980,0,07,000,00,2,1,00,A01
200600018980,0,32,000,00,2,5,00,B01
200600018981,0,33,000,00,2,4,00,B01
200600018981,0,14,000,00,2,1,01,A01
200600018982,0,07,000,00,2,8,09,A01
200600018982,0,33,000,00,2,1,00,B01
200600018983,0,07,000,00,2,3,10,A01
200600018983,0,30,000,00,2,1,01,B01
200600018984,0,30,000,00,2,1,09,A01
200600018984,0,07,000,00,2,1,01,B01
200600018985,0,30,000,00,2,1,02,A01
200600018985,0,07,000,00,2,4,02,B01
200600018986,0,30,000,00,2,7,01,A01
200600018986,0,07,000,00,2,8,02,B01
200600018987,0,31,000,00,2,7,00,A01
200600018987,0,07,000,00,2,8,00,B01
200600018988,0,07,000,00,2,8,01,B01
200600018988,0,07,000,00,2,1,01,A01
200600018989,0,07,000,00,2,3,01,A01
200600018989,0,07,000,00,2,2,01,B01
200600018990,0,07,000,00,2,1,01,A01
200600018991,0,07,000,00,2,1,01,A01
200600018991,0,07,000,00,2,4,01,B01
200600018991,0,07,000,00,2,1,01,C01
200600018992,0,01,000,00,0,1,05,A01
200600018992,0,07,000,00,2,1,09,B01
200600018993,0,02,000,04,0,1,01,A01
200600018994,0,02,000,00,2,1,01,B01
200600018994,1,07,000,00,0,1,01,A01
200600018995,0,33,000,00,2,3,01,B01
200600018995,0,07,000,00,2,7,15,A01
200600018996,0,07,000,00,2,1,01,A01
200600018996,0,07,000,01,2,4,01,B01
200600018997,0,07,000,00,2,3,09,A01
200600018997,0,31,000,00,2,1,17,B01
200600018998,0,30,000,00,0,1,01,A01
200600018999,0,07,000,00,1,0,15,A01
200600019000,0,02,000,00,2,1,09,A01
200600019000,0,07,000,00,2,2,01,B01
200600019001,0,07,000,00,2,3,15,A01
200600019001,0,30,000,00,2,3,15,B01
200600019002,0,07,000,00,2,3,16,A01
200600019002,0,02,000,00,2,1,01,B01
200600019003,0,07,000,00,2,2,01,A01
200600019003,0,02,000,00,2,1,01,B01
200600019004,0,07,000,00,1,1,01,A01
200600019005,0,07,000,00,2,1,11,A01
200600019005,0,33,000,00,2,2,01,B01
200600019006,0,30,000,00,2,1,17,A01
200600019006,0,07,000,00,2,3,15,B01
200600019007,0,07,000,00,1,1,01,A01
200600019008,0,07,000,00,2,1,13,A01
200600019008,0,07,000,00,2,1,01,B01
200600019009,0,07,000,00,2,1,02,A01
200600019009,0,07,000,00,2,4,02,B01
200600019010,0,07,000,00,2,3,00,A01
200600019010,0,30,000,00,2,1,01,B01
200600019011,0,07,000,00,2,1,02,A01
200600019011,0,07,000,00,2,4,01,B01
200600019012,0,07,000,00,2,0,20,A01
200600019012,0,34,000,00,2,0,00,B01
200600019013,0,07,000,00,2,3,15,A01
200600019013,0,02,000,00,2,1,01,B01
200600019014,1,07,000,00,1,0,00,A01
200600019015,0,07,000,00,2,3,01,A01
200600019015,0,30,000,00,2,1,15,B01
200600019016,0,30,000,00,2,1,15,A01
200600019016,0,07,000,00,2,3,15,B01
200600019017,0,07,000,00,1,3,01,A01
200600019018,0,07,000,00,2,2,12,A01
200600019018,0,30,000,00,2,1,01,B01
200600019019,0,07,000,00,1,8,01,A01
200600019020,0,32,000,00,0,1,01,A01
200600019021,0,07,000,00,2,8,20,A01
200600019021,0,30,000,00,2,1,01,B01
200600019022,0,07,000,00,2,1,09,A01
200600019022,0,33,000,00,2,7,01,B01
200600019023,0,10,000,00,2,3,13,A01
200600019023,0,07,000,00,2,3,01,B01
200600019024,0,30,000,00,2,8,10,A01
200600019024,0,33,000,00,2,7,01,B01
200600019025,0,07,000,00,2,8,22,A01
200600019025,0,01,000,01,2,7,17,B01
200600019026,0,07,000,12,0,7,01,A01
200600019027,0,07,000,00,2,1,01,B01
200600019027,0,07,000,00,2,3,09,A01
200600019028,0,07,000,00,2,1,02,A01
200600019028,0,07,000,00,2,4,02,B01
200600019028,0,07,000,00,0,4,02,C01
200600019029,0,33,000,00,2,1,02,A01
200600019029,0,07,000,00,2,4,01,B01
200600019030,0,07,000,00,2,1,02,A01
200600019030,0,07,000,00,2,4,15,B01
200600019031,0,07,000,00,2,1,02,A01
200600019031,0,30,000,00,2,8,02,B01
200600019032,0,30,000,00,2,1,01,A01
200600019032,0,07,000,00,2,2,15,B01
200600019033,0,07,000,00,1,2,09,A01
200600019034,0,07,000,00,2,1,00,A01
200600019034,0,01,000,00,2,1,00,B01
200600019035,0,07,000,07,0,1,01,A01
200600019036,0,30,000,00,2,7,17,B01
200600019036,1,07,000,00,2,1,19,A01
200600019037,0,30,000,00,2,1,00,A01
200600019038,0,07,000,00,2,3,10,A01
200600019038,0,02,000,00,2,1,01,B01
200600019039,0,07,000,00,2,7,22,A01
200600019039,0,01,000,00,2,3,02,B01
200600019040,0,10,000,00,2,1,15,A01
200600019040,0,31,000,00,2,1,01,B01
200600019041,0,32,000,00,2,1,13,A01
200600019041,0,10,000,00,2,2,01,B01
200600019042,0,07,000,00,2,3,00,A01
200600019042,0,30,000,00,2,1,00,B01
200600019043,0,39,000,00,1,1,01,A01
200600019044,0,02,000,00,2,1,01,A01
200600019044,0,07,000,00,2,4,01,B01
200600019045,0,07,000,00,2,1,01,A01
200600019045,0,07,000,00,0,4,01,B01
200600019046,0,05,000,00,2,8,01,A01
200600019046,0,07,000,00,2,0,01,B01
200600019047,0,17,000,10,0,2,14,A01
200600019048,0,07,000,10,0,1,13,A01
200600019049,0,07,000,00,2,8,15,A01
200600019049,0,33,000,00,2,1,01,B01
200600019050,0,05,000,16,0,1,13,A01
200600019051,0,07,000,12,0,1,13,A01
200600019052,0,07,000,00,2,1,01,A01
200600019052,0,07,000,00,2,1,01,B01
200600019053,0,03,000,00,2,1,13,A01
200600019053,0,30,000,06,0,1,01,B01
200600019054,0,32,000,00,2,1,13,A01
200600019054,0,07,000,00,0,1,01,B01
200600019055,0,07,000,00,2,1,02,A01
200600019055,0,07,000,00,0,4,01,B01
200600019056,0,33,000,13,0,1,01,A01
200600019056,0,33,000,00,2,1,01,B01
200600019057,0,32,000,01,0,1,01,A01
200600019058,1,07,000,00,2,1,13,A01
200600019058,0,30,000,00,0,3,01,B01
200600019059,0,07,000,00,2,8,22,A01
200600019059,0,32,000,00,0,1,01,B01
200600019060,0,07,000,01,1,2,01,A01
200600019060,0,07,000,00,0,8,22,B01
200600019061,0,07,000,00,2,2,15,A01
200600019061,0,07,000,00,2,1,01,B01
200600019062,0,07,000,00,1,1,01,A01
200600019063,0,07,000,00,2,1,15,A01
200600019063,0,37,005,00,2,2,07,B01
200600019064,0,07,000,00,2,3,02,A01
200600019064,0,07,000,00,2,1,02,B01
200600019065,0,02,000,00,2,1,01,A01
200600019065,0,07,000,00,2,3,01,B01
200600019066,0,33,000,00,0,0,01,A01
200600019067,2,07,000,00,2,1,02,A01
200600019067,0,07,000,00,2,4,23,B01
200600019068,0,32,000,00,2,1,14,A01
200600019068,0,07,000,00,2,1,09,B01
200600019069,0,32,000,00,2,1,01,A01
200600019069,0,07,000,00,2,2,09,B01
200600019070,0,33,000,00,0,2,01,A01
200600019071,0,07,000,00,2,3,11,A01
200600019071,0,07,000,01,0,1,01,B01
200600019072,0,10,000,00,2,3,15,A01
200600019072,0,31,000,00,2,1,01,B01
200600019073,0,07,000,00,9,2,02,B01
200600019073,0,01,000,00,2,3,05,A01
200600019074,0,02,000,01,2,1,17,A01
200600019074,0,33,000,00,2,8,15,B01
200600019075,0,07,000,00,2,1,01,A01
200600019075,0,07,000,00,2,3,01,B01
200600019076,0,07,000,00,2,5,15,A01
200600019076,0,07,000,00,2,1,02,B01
200600019077,0,07,000,00,2,1,09,A01
200600019077,0,02,000,00,2,2,01,B01
200600019078,1,07,000,00,2,0,01,B01
200600019078,0,07,000,00,2,1,09,A01
200600019079,0,07,000,00,2,7,01,A01
200600019079,0,07,000,00,2,6,01,B01
200600019080,0,33,000,00,2,4,02,A01
200600019080,0,07,000,00,9,1,02,B01
200600019081,0,33,000,00,2,1,02,A01
200600019081,0,07,000,00,2,4,23,B01
200600019082,0,07,000,00,2,0,09,A01
200600019082,0,31,000,00,0,7,01,B01
200600019083,0,07,000,00,1,1,00,A01
200600019084,0,07,000,00,2,3,15,A01
200600019084,0,32,000,01,2,8,01,B01
200600019085,0,07,000,00,1,7,01,A01
200600019086,0,07,000,00,2,2,01,A01
200600019086,0,07,000,00,2,6,01,B01
200600019087,0,07,000,00,2,2,09,A01
200600019087,0,07,000,00,2,1,02,B01
200600019088,0,37,024,00,2,1,13,A01
200600019088,0,32,000,00,2,1,01,B01
200600019089,0,07,000,00,2,2,09,A01
200600019089,0,30,000,00,2,1,01,B01
200600019090,0,07,000,00,2,5,16,A01
200600019090,0,38,030,00,2,3,07,B01
200600019091,0,07,000,00,1,1,01,A01
200600019092,0,10,000,00,2,2,15,A01
200600019092,0,02,000,00,2,1,01,B01
200600019093,0,07,001,14,0,1,02,A01
200600019093,0,07,000,14,0,4,02,B01
200600019093,0,07,000,00,0,4,02,C01
200600019094,0,07,000,00,2,3,21,A01
200600019094,0,32,000,00,2,7,01,B01
200600019095,0,07,000,00,2,3,01,A01
200600019095,0,07,000,00,2,9,09,B01
200600019096,0,07,000,00,2,1,02,A01
200600019096,0,07,000,00,2,1,02,B01
200600019096,0,07,000,14,2,4,02,C01
200600019096,0,07,000,14,0,1,02,D01
200600019096,0,07,000,00,0,4,02,E01
200600019097,0,07,000,00,2,3,13,A01
200600019097,0,07,000,00,2,8,01,B01
200600019098,0,02,000,00,2,2,17,A01
200600019098,0,07,000,00,2,1,15,B01
200600019099,0,07,000,00,0,1,01,A01
200600019099,0,07,000,00,2,3,15,B01
200600019100,0,07,000,08,0,1,02,A01
200600019100,0,07,000,00,0,1,23,B01
200600019101,0,07,000,00,2,4,10,A01
200600019101,0,38,046,00,2,1,02,B01
200600019102,0,07,000,00,2,1,15,A01
200600019102,0,05,000,00,2,8,02,B01
200600019103,0,07,000,00,1,1,01,A01
200600019104,0,07,000,00,2,1,15,A01
200600019104,0,07,000,00,2,8,01,B01
200600019105,0,07,000,00,2,3,09,A01
200600019105,0,32,000,00,2,1,01,B01
200600019106,0,33,000,00,2,2,00,A01
200600019106,0,07,000,00,2,3,00,B01
200600019107,0,07,000,00,2,3,15,A01
200600019107,0,32,000,00,2,8,01,B01
200600019108,0,07,000,00,2,2,15,A01
200600019108,0,02,000,00,2,1,02,B01
200600019109,0,02,000,00,2,1,15,A01
200600019109,0,01,000,00,2,1,02,B01
200600019110,0,07,000,00,1,2,02,A01
200600019111,0,30,000,00,2,1,02,A01
200600019111,0,07,000,00,2,5,23,B01
200600019112,0,07,000,00,2,3,01,A01
200600019112,0,32,000,00,2,2,01,B01
200600019113,0,07,000,00,1,1,01,A01
200600019114,2,33,000,00,1,1,01,A01
200600019115,0,07,000,06,0,1,14,A01
200600019116,0,34,000,00,2,7,23,A01
200600019116,1,07,000,00,2,0,18,B01
200600019117,0,33,000,00,2,1,12,A01
200600019117,0,07,000,00,2,6,02,B01
200600019118,0,07,000,00,1,0,01,A01
200600019119,0,07,000,00,2,2,01,A01
200600019120,0,07,000,00,2,2,09,A01
200600019120,0,33,000,00,2,1,17,B01
200600019120,0,07,000,00,2,4,23,C01
200600019120,0,07,000,00,2,0,00,D01
200600019121,0,07,000,00,0,9,01,A01
200600019122,0,33,000,00,2,0,00,A01
200600019122,0,07,000,00,0,0,00,B01
200600019123,0,07,000,00,1,1,01,A01
200600019124,0,10,000,00,1,4,04,A01
200600019125,0,15,000,00,2,1,15,A01
200600019125,0,02,000,00,2,2,02,B01
200600019126,0,34,000,00,2,7,15,A01
200600019126,0,34,000,00,2,1,02,B01
200600019127,0,02,000,00,1,1,01,A01
200600019128,0,07,000,03,0,1,01,A01
200600019129,0,34,000,00,1,7,01,A01
200600019130,0,07,000,00,2,1,02,A01
200600019130,0,07,000,00,2,4,23,B01
200600019131,2,32,000,00,1,1,00,A01
200600019132,0,34,000,00,0,1,00,A01
200600019133,0,07,000,00,2,3,15,A01
200600019133,0,34,000,00,2,5,17,B01
200600019134,0,07,000,00,2,1,13,A01
200600019134,0,07,000,00,2,1,02,B01
200600019135,0,07,000,06,1,0,13,A01
200600019136,0,07,000,00,2,1,01,A01
200600019136,0,07,000,00,2,3,01,B01
200600019137,0,02,000,00,0,2,01,A01
200600019137,0,07,000,00,0,0,01,B01
200600019138,0,34,000,00,2,1,17,A01
200600019138,0,07,000,00,2,8,15,B01
200600019139,0,14,000,00,2,1,00,A01
200600019139,0,07,000,00,2,7,00,B01
200600019140,0,10,000,00,1,1,15,A01
200600019141,0,07,000,00,2,1,02,B01
200600019141,0,07,000,00,2,7,02,A01
200600019142,0,07,000,00,2,0,00,A01
200600019142,0,02,000,00,2,2,01,B01
200600019143,0,07,000,00,2,8,02,B01
200600019143,0,34,000,00,2,1,02,A01
200600019144,0,33,000,00,2,1,02,B01
200600019144,0,01,000,00,2,1,02,C01
200600019144,0,07,000,00,2,8,09,A01
200600019145,0,34,000,00,2,7,02,A01
200600019145,0,07,000,00,2,1,09,B01
200600019146,0,07,000,00,2,1,01,A01
200600019146,0,07,000,00,2,4,01,B01
200600019147,0,07,000,00,2,8,15,A01
200600019147,0,02,000,00,2,2,17,B01
200600019148,0,32,000,00,2,1,02,A01
200600019148,0,07,000,00,5,4,01,B01
200600019149,0,02,000,01,0,1,01,A01
200600019150,0,10,000,00,2,0,01,B01
200600019150,0,02,000,00,2,2,01,A01
200600019151,0,07,000,00,1,1,01,A01
200600019152,0,02,000,00,2,1,17,B01
200600019152,0,07,000,00,2,2,09,A01
200600019153,0,02,000,00,1,3,09,A01
200600019154,0,02,000,00,0,8,02,A01
200600019155,0,07,000,00,1,3,16,A01
200600019156,0,02,000,00,2,1,01,A01
200600019156,0,02,000,00,2,2,01,B01
200600019157,0,07,000,00,2,7,02,A01
200600019157,0,07,000,00,2,1,02,B01
200600019158,0,07,000,00,1,1,15,A01
200600019159,0,33,000,00,1,1,02,A01
200600019159,0,07,000,00,2,7,02,B01
200600019160,1,07,000,00,1,0,01,A01
200600019161,0,07,000,00,1,2,16,A01
200600019162,0,07,000,03,0,1,01,A01
200600019163,0,07,000,00,2,3,15,A01
200600019163,0,33,000,00,2,8,01,B01
200600019164,0,10,000,00,2,1,01,A01
200600019164,0,07,000,00,2,7,01,B01
200600019165,0,38,003,00,2,2,01,A01
200600019165,0,07,000,00,0,4,01,B01
200600019166,0,02,000,00,2,1,01,A01
200600019166,0,07,000,00,2,2,01,B01
200600019167,0,07,000,00,1,0,01,A01
200600019168,0,07,000,14,0,1,01,A01
200600019168,0,07,000,00,0,4,23,B01
200600019169,0,02,000,00,2,1,02,A01
200600019169,0,07,000,00,0,4,23,B01
200600019170,0,07,000,02,0,9,01,A01
200600019171,0,17,000,00,2,0,01,A01
200600019171,0,07,000,00,2,6,01,B01
200600019172,0,07,000,00,2,4,04,A01
200600019172,0,32,000,00,2,1,01,B01
200600019173,0,07,000,00,2,1,01,A01
200600019173,0,02,000,00,2,1,01,B01
200600019174,0,07,000,01,2,2,14,A01
200600019174,0,07,000,01,2,6,02,B01
200600019175,0,05,000,01,0,2,00,A01
200600019175,0,18,000,00,2,4,23,B01
200600019176,0,02,000,00,2,8,01,B01
200600019176,0,07,000,00,2,1,15,A01
200600019177,0,07,000,00,2,5,10,A01
200600019177,0,05,000,00,2,1,01,B01
200600019178,0,32,000,15,0,7,01,A01
200600019179,0,10,000,00,2,7,01,B01
200600019179,0,02,000,00,2,1,01,A01
200600019180,1,99,000,00,2,8,09,A01
200600019180,0,05,000,00,2,1,01,B01
200600019181,0,07,000,00,1,3,01,A01
200600019181,0,01,000,00,2,1,01,B01
200600019182,0,07,000,00,2,7,22,A01
200600019182,0,02,000,01,0,1,18,B01
200600019183,0,99,000,00,2,1,01,A01
200600019183,0,02,000,00,2,3,01,B01
200600019184,0,02,000,00,2,1,01,A01
200600019184,0,07,000,00,2,3,01,B01
200600019185,0,07,000,00,2,1,15,A01
200600019185,0,07,000,00,2,3,01,B01
200600019186,0,07,000,00,1,4,04,A01
200600019187,0,07,000,00,2,6,20,A01
200600019187,0,07,000,00,2,2,01,B01
200600019188,0,07,000,00,2,1,01,A01
200600019188,0,07,000,00,1,7,01,B01
200600019189,0,02,000,00,2,2,17,A01
200600019189,0,07,000,00,2,6,23,B01
200600019190,0,07,000,00,1,1,02,A01
200600019191,0,07,000,00,2,2,15,A01
200600019191,0,07,000,00,2,1,01,B01
200600019192,0,02,000,00,2,8,05,A01
200600019192,0,07,000,00,2,2,01,B01
200600019193,0,07,000,00,2,2,09,A01
200600019193,0,02,000,00,2,1,02,B01
200600019194,0,07,000,00,1,3,15,A01
200600019195,0,07,000,00,0,0,16,A01
200600019195,0,02,000,00,2,0,21,B01
200600019196,0,07,000,00,2,1,01,A01
200600019196,0,07,000,00,2,4,01,B01
200600019197,0,07,000,00,2,1,01,A01
200600019197,0,07,000,00,2,1,01,B01
200600019198,0,07,000,00,2,3,01,A01
200600019198,0,07,000,00,2,1,13,B01
200600019199,0,02,000,00,2,1,01,A01
200600019199,0,07,000,00,2,3,02,B01
200600019200,0,02,000,00,1,1,02,A01
200600019201,0,07,000,00,1,2,01,A01
200600019202,0,21,000,00,2,4,15,B01
200600019202,0,07,000,00,2,1,17,A01
200600019203,1,07,000,00,1,2,01,A01
200600019204,0,07,000,00,2,8,01,B01
200600019204,0,30,000,00,2,1,19,A01
200600019205,0,07,000,00,0,1,01,A01
200600019206,0,07,000,00,2,2,13,B01
200600019206,0,01,000,00,2,2,05,A01
200600019207,0,07,000,00,2,4,02,A01
200600019207,0,02,000,00,2,4,02,B01
200600019208,2,07,000,00,2,1,01,A01
200600019208,0,07,000,00,2,5,16,B01
200600019209,0,07,000,00,2,1,01,A01
200600019209,0,01,000,00,2,1,15,B01
200600019210,0,02,000,00,2,1,01,A01
200600019210,0,07,000,00,0,1,15,B01
200600019211,0,07,000,00,0,2,01,A01
200600019211,0,02,000,00,2,1,01,B01
200600019212,0,07,000,00,2,3,01,A01
200600019212,0,30,000,00,2,1,01,B01
200600019213,0,07,000,00,0,3,00,A01
200600019213,0,33,000,00,2,1,01,B01
200600019214,0,07,000,01,0,1,14,A01
200600019215,0,10,000,00,2,8,01,B01
200600019215,0,01,000,00,0,8,19,A01
200600019216,0,01,000,00,2,1,01,A01
200600019216,0,01,000,00,0,7,01,B01
200600019217,0,07,000,00,0,3,01,B01
200600019217,0,07,000,00,2,7,17,A01
200600019218,0,07,000,00,2,1,15,A01
200600019218,0,05,000,00,2,3,01,B01
200600019219,0,07,000,00,2,2,00,A01
200600019219,0,02,000,00,2,1,01,B01
200600019220,0,07,000,00,1,8,01,A01
200600019221,0,02,000,00,0,0,00,A01
200600019222,0,05,000,00,2,0,01,B01
200600019222,0,07,000,00,2,2,00,A01
200600019223,0,07,000,00,2,2,00,B01
200600019223,0,07,000,00,2,3,15,A01
200600019224,0,07,000,00,2,1,01,B01
200600019224,0,07,000,00,2,3,15,A01
200600019225,0,02,000,15,0,1,13,A01
200600019226,0,07,000,00,2,1,01,A01
200600019226,0,01,000,00,2,1,13,B01
200600019227,0,10,000,00,2,3,02,A01
200600019227,0,07,000,00,2,5,02,B01
200600019228,0,07,000,00,1,2,01,A01
200600019229,0,02,000,06,0,7,16,A01
200600019230,0,07,000,00,1,7,15,A01
200600019231,0,07,000,00,2,3,19,A01
200600019231,0,07,000,00,2,3,01,B01
200600019232,0,07,000,00,2,2,12,A01
200600019232,0,02,000,00,2,0,02,B01
200600019233,0,07,000,00,2,1,01,A01
200600019233,0,05,000,00,2,7,01,B01
200600019234,0,07,000,01,2,3,18,A01
200600019234,0,07,000,00,2,8,09,C01
200600019234,0,07,000,00,2,2,16,B01
200600019235,0,04,000,00,2,1,07,B01
200600019235,0,07,000,00,2,7,04,A01
200600019236,0,07,000,00,2,8,10,A01
200600019236,0,02,000,00,2,1,02,B01
200600019237,0,07,000,00,2,3,04,A01
200600019238,0,07,000,00,2,2,01,A01
200600019238,0,01,000,00,2,8,19,B01
200600019239,0,07,000,00,2,1,01,A01
200600019239,0,07,000,06,2,4,01,B01
200600019240,1,07,000,00,2,1,02,A01
200600019240,0,07,000,00,2,4,01,B01
200600019241,0,07,000,00,1,1,01,A01
200600019242,0,07,000,00,2,2,17,A01
200600019242,0,04,000,00,0,6,02,B01
200600019243,0,02,000,00,2,1,01,A01
200600019244,0,01,000,00,2,8,01,A01
200600019244,0,10,000,00,2,7,17,B01
200600019245,0,07,000,00,2,8,15,A01
200600019245,0,07,000,00,2,4,09,B01
200600019246,0,14,000,00,2,8,15,A01
200600019246,0,07,000,00,2,2,17,B01
200600019247,0,07,000,00,2,8,01,B01
200600019247,0,02,000,00,2,1,01,A01
200600019248,0,02,000,00,2,1,01,A01
200600019248,0,07,000,00,2,8,01,B01
200600019249,0,02,000,00,2,1,01,B01
200600019249,0,07,000,00,2,1,15,A01
200600019250,0,07,000,00,2,1,02,A01
200600019250,0,07,000,00,1,4,02,B01
200600019251,0,07,000,03,2,3,05,A01
200600019251,0,07,000,04,2,3,01,B01
200600019252,0,05,000,00,2,2,17,B01
200600019252,0,07,000,00,2,1,15,A01
200600019253,0,05,000,00,0,4,01,A01
200600019253,0,05,000,00,2,1,01,B01
200600019254,0,07,000,00,2,8,15,A01
200600019254,0,05,000,00,2,2,17,B01
200600019255,0,07,000,00,1,1,01,A01
200600019256,1,99,000,00,1,0,00,A01
200600019257,0,02,000,00,2,8,01,B01
200600019257,0,07,000,00,2,7,17,A01
200600019258,0,05,000,12,0,7,14,A01
200600019259,0,07,000,00,2,8,09,A01
200600019259,0,05,000,00,2,1,21,B01
200600019260,0,07,000,00,1,1,21,A01
200600019261,0,07,000,00,2,1,01,A01
200600019261,0,07,000,00,2,7,04,B01
200600019262,1,07,000,00,2,7,10,A01
200600019262,0,05,000,00,2,1,01,B01
200600019262,1,07,000,00,2,5,10,C01
200600019263,0,05,000,00,2,1,13,A01
200600019263,0,07,000,00,2,1,00,B01
200600019264,0,07,000,00,2,8,15,A01
200600019264,0,07,000,00,2,2,01,B01
200600019265,0,07,000,00,2,5,15,A01
200600019265,0,05,000,00,2,3,17,B01
200600019266,0,07,000,00,1,6,04,A01
200600019267,0,07,000,00,2,2,15,A01
200600019267,0,05,000,00,2,1,01,B01
200600019268,0,07,000,00,2,4,02,B01
200600019268,0,07,000,00,2,1,02,C01
200600019268,0,07,000,00,0,4,02,A01
200600019269,0,18,000,15,2,1,01,A01
200600019269,0,07,000,00,2,4,15,B01
200600019270,0,07,000,00,2,8,15,B01
200600019270,0,05,000,00,2,1,01,A01
200600019271,0,07,000,00,1,1,01,A01
200600019272,0,07,000,00,0,1,09,A01
200600019272,0,05,000,00,0,7,01,B01
200600019273,0,07,000,00,2,4,02,B01
200600019273,0,07,000,00,2,1,02,A01
200600019274,0,07,000,00,2,1,02,A01
200600019274,0,07,000,00,2,4,02,B01
200600019275,0,07,000,00,2,3,15,A01
200600019275,0,07,000,00,2,0,01,B01
200600019276,0,07,000,00,1,1,00,A01
200600019277,0,07,000,06,0,7,01,A01
200600019277,0,07,000,06,0,1,02,B01
200600019278,0,07,000,00,1,1,01,A01
200600019279,0,07,000,00,2,4,02,A01
200600019279,0,07,000,00,2,4,02,B01
200600019279,0,07,000,00,2,1,02,C01
200600019280,0,07,000,00,0,1,02,A01
200600019280,0,07,000,00,0,4,02,B01
200600019280,0,07,000,00,0,4,02,C01
200600019281,0,07,000,00,0,8,15,B01
200600019281,0,02,000,00,2,2,17,A01
200600019282,0,07,000,00,0,9,01,A01
200600019283,1,05,000,00,1,1,02,A01
200600019284,0,02,000,01,0,0,01,A01
200600019284,0,07,000,00,2,0,23,B01
200600019285,0,07,000,00,2,2,15,A01
200600019285,0,05,000,00,2,1,01,B01
200600019286,0,10,000,00,2,3,15,B01
200600019286,0,04,000,12,2,1,07,A01
200600019287,0,07,000,00,2,3,15,A01
200600019287,0,04,000,00,2,1,01,B01
200600019288,0,04,000,00,2,1,01,B01
200600019288,0,07,000,00,2,5,05,A01
200600019289,1,07,000,00,0,0,00,B01
200600019289,0,04,000,00,2,7,01,A01
200600019290,0,07,000,00,2,4,23,B01
200600019290,0,07,000,00,0,5,23,C01
200600019290,0,07,000,01,2,1,02,A01
200600019291,1,05,000,00,1,1,00,A01
200600019292,1,07,000,00,1,1,00,A01
200600019293,0,20,000,00,1,1,02,A01
200600019294,0,07,000,00,2,1,01,B01
200600019294,0,07,000,00,2,2,01,A01
200600019295,0,14,000,00,1,0,01,A01
200600019296,0,04,000,00,2,1,14,A01
200600019296,0,07,000,00,2,3,01,B01
200600019297,0,07,000,00,2,6,02,B01
200600019297,0,07,000,00,2,2,02,A01
200600019298,1,07,000,00,0,0,00,A01
200600019299,0,07,000,00,2,6,02,A01
200600019299,0,02,000,00,2,1,01,B01
200600019300,0,01,000,00,1,0,01,A01
200600019301,0,07,000,00,2,1,15,A01
200600019301,1,18,000,00,0,0,00,B01
200600019302,0,05,000,00,0,9,00,A01
200600019303,1,07,000,00,1,1,00,A01
200600019304,1,07,000,00,1,3,00,A01
200600019305,0,07,000,00,0,2,15,B01
200600019305,0,05,000,00,2,1,01,A01
200600019306,0,07,000,00,0,4,00,B01
200600019306,0,07,000,00,2,1,02,A01
200600019307,0,05,000,00,2,5,00,A01
200600019307,0,12,000,00,2,5,01,B01
200600019308,0,07,000,00,2,3,01,B01
200600019308,0,07,000,00,2,1,15,A01
200600019309,0,07,000,00,2,3,01,B01
200600019309,0,07,000,00,2,1,01,A01
200600019310,0,02,000,01,0,1,02,A01
200600019311,0,05,000,00,1,7,01,A01
200600019312,0,07,000,00,2,3,16,A01
200600019312,0,05,000,00,2,1,01,B01
200600019313,0,07,000,00,2,6,00,A01
200600019313,0,07,000,00,2,3,00,B01
200600019314,0,05,000,08,0,1,21,A01
200600019314,0,07,000,00,0,0,15,B01
200600019315,0,05,000,00,1,1,15,A01
200600019316,0,07,000,00,0,4,02,B01
200600019316,0,07,000,00,2,1,02,A01
200600019317,0,05,000,00,2,3,17,B01
200600019317,0,07,000,00,2,3,15,A01
200600019318,0,05,000,06,0,7,21,B01
200600019318,0,07,000,00,0,0,13,A01
200600019319,0,02,000,12,0,1,01,A01
200600019320,1,07,000,00,0,0,00,A01
200600019321,0,07,000,00,1,2,00,A01
200600019322,0,07,000,00,1,2,02,A01
200600019323,0,07,000,08,0,1,01,A01
200600019324,0,07,000,00,9,6,01,B01
200600019324,0,05,000,00,2,1,01,A01
200600019325,0,14,000,00,2,1,01,A01
200600019325,0,07,000,00,2,4,01,B01
200600019326,0,07,000,00,1,1,09,A01
200600019327,0,05,000,00,2,1,01,B01
200600019327,0,07,000,00,2,2,12,A01
200600019328,0,05,000,00,2,0,01,B01
200600019328,0,07,000,00,0,3,02,A01
200600019329,0,02,000,00,2,1,01,A01
200600019329,0,07,000,00,9,6,15,B01
200600019330,0,07,000,00,0,0,00,B01
200600019330,0,07,000,00,0,0,00,A01
200600019331,0,07,000,08,0,8,01,A01
200600019332,0,04,000,00,2,1,15,A01
200600019332,1,04,000,00,2,1,15,B01
200600019333,0,02,000,00,0,0,17,B01
200600019333,0,07,000,00,2,7,23,A01
200600019334,0,07,000,16,1,4,04,A01
200600019335,0,07,000,00,2,8,01,B01
200600019335,0,02,000,00,2,0,01,A01
200600019335,1,07,000,00,0,0,01,C01
200600019336,0,07,000,00,2,0,15,A01
200600019336,0,05,000,00,2,0,05,B01
200600019337,0,07,000,00,2,4,02,D01
200600019337,0,07,000,00,2,1,02,C01
200600019337,0,07,000,00,2,1,02,B01
200600019337,0,07,000,00,2,1,02,A01