Num_Acc,senc,catv,occutc,obs,obsm,choc,manv,num_veh
200600019338,0,04,000,00,2,1,17,B01
200600019338,0,07,000,00,2,3,10,A01
200600019339,0,07,000,00,0,2,12,A01
200600019339,0,05,000,00,2,3,00,B01
200600019340,0,07,000,00,2,1,02,A01
200600019340,0,01,000,00,0,4,00,B01
200600019341,0,07,000,00,0,4,01,B01
200600019341,0,07,000,00,2,1,02,A01
200600019342,0,04,000,00,2,2,11,A01
200600019342,0,07,000,00,2,2,01,B01
200600019343,0,07,000,00,9,6,02,B01
200600019343,0,01,000,00,2,6,02,A01
200600019344,0,07,000,00,2,3,01,B01
200600019344,0,05,000,00,2,2,14,A01
200600019345,0,07,000,00,2,2,01,A01
200600019345,0,07,000,01,2,3,01,B01
200600019346,0,07,000,00,2,3,20,A01
200600019346,0,04,000,01,2,1,17,B01
200600019347,0,07,000,00,2,1,01,A01
200600019347,0,07,000,00,2,8,01,B01
200600019348,0,07,000,00,0,4,02,B01
200600019348,0,07,000,00,0,1,02,A01
200600019349,0,07,000,00,2,8,11,A01
200600019349,0,14,000,00,2,6,01,C01
200600019349,0,15,000,00,2,2,01,B01
200600019350,0,13,000,00,1,2,00,A01
200600019351,0,07,000,00,1,0,00,A01
200600019352,0,02,000,00,1,1,00,A01
200600019353,0,04,000,00,2,1,01,A01
200600019353,0,07,000,00,2,3,01,B01
200600019354,0,07,000,00,9,8,09,A01
200600019354,0,01,000,00,2,1,01,B01
200600019355,0,05,000,00,2,2,01,B01
200600019355,0,07,000,00,2,6,13,A01
200600019356,0,07,000,00,0,4,02,B01
200600019356,0,04,000,00,2,1,02,A01
200600019357,0,05,000,00,9,1,01,A01
200600019358,0,07,000,00,0,8,02,B01
200600019358,0,13,000,00,2,2,12,A01
200600019359,0,07,000,00,0,4,02,C01
200600019359,0,07,000,14,0,4,02,B01
200600019359,2,07,000,14,0,1,02,A01
200600019360,0,07,000,00,2,1,00,A01
200600019360,0,20,000,00,2,3,00,B01
200600019361,0,05,000,11,0,2,00,A01
200600019362,0,07,000,16,2,1,01,A01
200600019362,0,07,000,00,0,4,02,C01
200600019362,0,07,000,00,2,4,02,B01
200600019363,0,07,000,00,2,4,11,B01
200600019363,0,07,000,00,2,3,02,A01
200600019364,0,02,000,00,2,2,17,B01
200600019364,0,07,000,00,2,8,15,A01
200600019365,0,99,000,07,2,1,01,A01
200600019365,2,07,000,00,2,3,01,B01
200600019366,1,05,000,00,1,1,01,A01
200600019367,0,07,000,00,2,3,13,A01
200600019367,0,02,000,00,2,2,01,B01
200600019368,1,06,000,00,2,1,01,A01
200600019368,0,07,000,00,2,4,01,B01
200600019369,0,07,000,13,0,1,15,A01
200600019370,0,07,000,00,2,1,15,A01
200600019370,0,02,000,00,2,5,01,B01
200600019371,0,07,000,00,2,3,10,A01
200600019371,0,04,000,00,2,1,02,B01
200600019372,0,04,000,14,0,0,01,A01
200600019373,0,07,000,00,2,4,24,B01
200600019373,0,07,000,01,1,1,21,A01
200600019374,0,07,000,00,2,2,00,A01
200600019374,0,05,000,00,2,1,00,B01
200600019375,0,07,000,01,0,2,01,A01
200600019376,0,07,000,00,1,1,15,A01
200600019377,0,02,000,00,0,4,02,B01
200600019377,0,07,000,00,2,3,02,A01
200600019378,1,07,000,00,0,0,00,A01
200600019379,0,07,000,00,0,0,00,A01
200600019380,0,05,000,00,1,3,01,A01
200600019381,0,07,000,00,0,3,02,A01
200600019381,1,05,000,00,0,0,00,B01
200600019382,0,07,000,00,1,2,01,A01
200600019383,0,07,000,00,0,1,10,A01
200600019384,0,07,000,00,2,4,02,C01
200600019384,0,07,000,00,2,9,02,B01
200600019384,0,07,000,00,2,1,02,A01
200600019385,0,05,000,00,0,8,02,A01
200600019386,0,07,000,00,2,3,09,B01
200600019386,0,05,000,00,2,1,17,A01
200600019387,2,07,000,00,2,1,01,A01
200600019387,0,07,000,01,2,8,01,B01
200600019388,0,02,000,00,0,0,00,A01
200600019388,0,02,000,00,2,1,17,B01
200600019388,1,07,000,00,0,0,00,C01
200600019389,0,05,000,00,1,2,00,A01
200600019390,1,07,000,00,1,1,01,A01
200600019391,0,04,000,00,2,8,01,B01
200600019391,2,07,000,00,2,1,10,A01
200600019392,0,07,000,00,2,1,02,A01
200600019392,0,07,000,00,0,4,02,B01
200600019393,0,07,000,11,0,5,16,A01
200600019393,1,07,000,00,2,0,09,B01
200600019394,0,04,000,00,2,3,02,B01
200600019394,0,07,000,00,2,0,11,A01
200600019395,1,07,000,00,0,0,00,B01
200600019395,0,04,000,00,2,6,01,A01
200600019396,0,04,000,00,1,1,00,A01
200600019397,0,07,000,00,2,6,15,B01
200600019397,0,02,000,00,2,1,17,A01
200600019398,0,04,000,00,2,0,00,B01
200600019398,0,07,000,00,2,3,15,A01
200600019399,0,02,000,00,0,7,02,A01
200600019400,1,07,000,00,2,0,02,A01
200600019400,0,07,000,00,0,4,23,B01
200600019401,1,07,000,00,0,0,00,A01
200600019401,0,07,000,00,0,0,00,B01
200600019402,0,07,000,00,1,2,00,A01
200600019403,0,07,000,00,2,6,01,B01
200600019403,0,02,000,00,2,6,01,A01
200600019404,0,07,000,00,2,4,02,B01
200600019404,0,07,000,00,2,1,02,A01
200600019405,1,07,000,00,0,0,00,A01
200600019406,0,02,000,00,2,0,16,A01
200600019406,0,13,000,00,2,7,01,B01
200600019407,0,07,000,00,2,7,16,A01
200600019407,0,04,000,00,0,8,18,B01
200600019408,0,07,000,00,2,0,01,A01
200600019408,0,07,000,00,2,1,02,B01
200600019408,0,07,000,00,2,0,02,C01
200600019409,0,07,000,10,0,0,00,A01
200600019410,0,07,000,00,2,1,15,A01
200600019410,0,07,000,00,2,3,01,B01
200600019411,0,07,000,00,2,3,01,B01
200600019411,0,13,000,00,2,2,01,A01
200600019412,0,07,000,00,1,0,16,A01
200600019413,0,14,000,00,1,2,16,A01
200600019414,0,02,000,08,2,8,02,A01
200600019414,0,07,000,00,2,1,09,B01
200600019415,0,07,000,00,0,5,23,B01
200600019415,0,05,000,00,2,1,02,A01
200600019416,0,04,000,00,0,0,01,B01
200600019416,0,04,000,00,0,0,01,A01
200600019417,0,07,000,00,1,5,01,A01
200600019418,0,04,000,00,0,0,02,A01
200600019419,0,07,000,06,0,1,01,A01
200600019420,0,07,000,00,0,1,02,A01
200600019421,0,07,000,00,0,2,15,A01
200600019421,0,07,000,00,0,2,19,B01
200600019422,0,07,000,01,2,9,00,A01
200600019422,0,07,000,00,2,1,01,B01
200600019423,0,01,000,00,2,1,06,A01
200600019423,0,07,000,00,9,3,06,B01
200600019424,0,07,000,09,2,9,01,B01
200600019424,1,07,000,00,2,0,13,A01
200600019425,0,04,000,00,0,1,01,B01
200600019425,1,07,000,00,0,1,15,A01
200600019426,0,07,000,01,1,2,02,A01
200600019427,0,07,000,00,2,1,02,A01
200600019427,0,07,000,00,2,4,02,B01
200600019428,0,07,000,00,2,1,02,A01
200600019428,0,07,000,00,0,4,00,B01
200600019429,1,07,000,00,0,0,00,A01
200600019430,0,04,000,00,2,1,00,A01
200600019430,0,07,000,00,2,0,00,B01
200600019431,0,07,000,00,2,3,01,A01
200600019431,0,07,000,00,2,3,01,B01
200600019432,0,07,000,00,0,4,23,B01
200600019432,0,07,000,00,2,1,01,A01
200600019433,0,07,000,00,2,6,10,A01
200600019433,0,04,000,00,2,1,02,B01
200600019434,0,07,000,00,1,2,00,A01
200600019435,0,14,000,00,1,5,02,A01
200600019436,0,01,000,00,0,1,02,B01
200600019436,0,07,000,00,0,7,02,A01
200600019437,0,02,000,00,1,1,16,A01
200600019438,0,05,000,00,2,1,02,B01
200600019438,0,07,000,00,2,8,15,A01
200600019439,0,02,000,00,2,1,01,A01
200600019439,0,07,000,00,2,2,01,B01
200600019440,0,07,000,00,1,3,01,A01
200600019441,0,07,000,13,0,9,01,A01
200600019442,0,07,000,00,0,3,01,A01
200600019443,0,07,000,06,0,1,16,A01
200600019444,0,07,000,00,2,8,10,A01
200600019444,0,05,000,00,2,1,17,B01
200600019445,0,07,000,00,2,1,02,A01
200600019445,0,07,000,00,0,4,02,C01
200600019445,0,07,000,00,2,4,02,B01
200600019446,0,07,000,00,2,1,02,A01
200600019446,0,07,000,00,2,0,16,B01
200600019447,0,07,000,00,0,0,00,A01
200600019447,0,07,000,00,0,0,00,B01
200600019448,0,07,000,00,1,2,00,A01
200600019449,0,05,000,00,2,1,02,B01
200600019449,0,07,000,00,2,8,00,A01
200600019450,0,07,000,00,2,4,02,B01
200600019450,0,07,000,00,2,4,23,A01
200600019450,0,07,000,00,2,1,02,C01
200600019451,0,05,000,00,2,0,05,A01
200600019451,0,07,000,00,2,1,01,B01
200600019452,0,04,000,00,2,2,02,B01
200600019452,0,07,000,00,2,3,15,A01
200600019453,0,07,000,00,0,0,15,B01
200600019453,0,04,000,08,0,0,17,A01
200600019454,0,04,000,00,2,5,01,B01
200600019454,0,07,000,00,2,3,02,A01
200600019455,0,07,000,00,2,1,02,A01
200600019455,0,07,000,00,2,4,02,B01
200600019456,0,04,000,00,2,3,13,A01
200600019456,0,07,000,00,2,3,01,B01
200600019457,0,07,000,00,9,8,10,A01
200600019457,0,04,000,00,2,1,01,B01
200600019458,0,04,000,00,2,1,00,B01
200600019458,0,07,000,00,2,7,10,A01
200600019459,0,02,000,00,2,1,16,A01
200600019460,0,05,000,00,2,8,01,B01
200600019460,0,07,000,00,2,1,01,A01
200600019461,0,07,000,00,1,1,02,A01
200600019462,0,07,000,00,2,4,02,C01
200600019462,0,07,000,00,2,1,02,A01
200600019462,0,07,000,00,2,4,02,B01
200600019462,0,07,000,00,2,4,02,D01
200600019463,0,07,000,01,2,2,05,A01
200600019463,0,07,000,00,0,3,00,B01
200600019464,0,07,000,08,2,2,15,A01
200600019464,0,07,000,00,2,2,21,B01
200600019465,0,07,000,00,2,2,16,A01
200600019465,0,04,000,00,2,8,01,B01
200600019466,0,07,000,00,0,0,00,B01
200600019466,0,07,000,00,0,0,00,A01
200600019467,0,07,000,01,2,1,02,A01
200600019468,0,07,000,00,1,7,00,A01
200600019469,0,07,000,00,1,2,00,A01
200600019470,0,07,000,00,2,4,01,B01
200600019470,0,07,000,00,2,1,01,A01
200600019471,0,05,000,00,2,1,01,B01
200600019471,0,07,000,00,2,2,06,A01
200600019472,0,07,000,00,2,8,09,A01
200600019472,0,07,000,00,2,2,01,B01
200600019473,0,07,000,00,2,4,02,B01
200600019473,0,07,000,00,0,4,02,C01
200600019473,0,07,000,00,2,1,02,A01
200600019474,0,05,000,00,2,0,00,B01
200600019474,0,07,000,00,2,2,16,A01
200600019475,0,07,000,00,2,2,01,A01
200600019475,0,07,000,00,2,1,01,B01
200600019476,0,04,000,00,1,2,01,A01
200600019477,0,07,000,00,2,2,01,A01
200600019477,0,07,000,00,2,1,01,B01
200600019478,0,04,000,00,2,3,01,A01
200600019478,0,07,000,00,9,3,01,B01
200600019479,0,02,000,00,9,3,09,A01
200600019479,0,05,000,00,2,7,01,B01
200600019480,0,02,000,00,0,0,01,A01
200600019481,0,07,000,00,1,4,20,A01
200600019482,0,07,000,01,2,4,11,A01
200600019482,0,07,000,00,0,0,00,B01
200600019482,1,14,000,00,2,2,01,C01
200600019483,0,07,000,00,2,3,15,B01
200600019483,0,02,000,00,2,1,17,A01
200600019484,0,07,000,00,2,3,11,A01
200600019484,0,05,000,00,2,7,01,B01
200600019485,0,07,000,00,1,1,02,A01
200600019486,0,02,000,01,0,1,01,A01
200600019487,0,07,000,00,0,8,11,A01
200600019487,0,09,000,00,2,1,17,B01
200600019488,0,07,000,00,1,1,00,A01
200600019489,0,07,000,06,0,2,00,A01
200600019490,0,02,000,00,2,2,05,A01
200600019490,0,07,000,00,0,3,11,B01
200600019491,0,07,000,00,2,1,13,A01
200600019491,0,07,000,00,2,1,23,B01
200600019492,0,07,000,00,2,1,13,A01
200600019492,0,07,000,00,2,1,01,B01
200600019493,0,07,000,02,0,1,13,A01
200600019494,0,07,000,00,2,7,01,A01
200600019494,0,07,000,00,2,8,01,B01
200600019495,0,17,000,00,2,1,02,A01
200600019495,0,17,000,00,2,4,23,B01
200600019495,0,07,000,00,2,4,23,C01
200600019495,0,07,000,00,2,4,23,D01
200600019495,0,07,000,00,2,4,23,E01
200600019496,0,07,000,00,2,1,02,A01
200600019496,0,07,000,00,0,4,02,B01
200600019497,0,07,000,00,2,7,01,B01
200600019497,0,07,000,00,2,1,19,A01
200600019498,1,07,000,00,0,0,00,A01
200600019499,0,07,000,00,2,2,00,A01
200600019499,0,07,000,00,2,1,00,B01
200600019500,0,07,000,00,2,1,01,A01
200600019500,0,07,000,00,2,4,09,B01
200600019501,0,05,000,14,0,7,01,A01
200600019502,0,07,000,00,2,1,02,A01
200600019502,0,07,000,00,2,4,02,B01
200600019503,0,07,000,00,0,0,13,A01
200600019503,0,07,000,13,0,9,02,B01
200600019504,0,02,000,00,2,1,01,B01
200600019504,0,07,000,00,2,8,15,A01
200600019505,0,07,000,00,2,7,15,A01
200600019505,0,07,000,00,2,8,01,B01
200600019506,0,07,000,00,2,8,01,A01
200600019506,0,07,000,00,2,1,15,B01
200600019507,0,07,000,00,2,3,15,A01
200600019507,0,07,000,00,2,3,01,B01
200600019508,0,07,000,00,2,1,01,A01
200600019508,0,07,000,00,0,4,23,B01
200600019509,0,07,000,14,0,1,01,A01
200600019509,0,07,000,00,0,4,23,B01
200600019510,0,07,000,00,1,1,01,A01
200600019511,0,07,000,00,2,1,02,A01
200600019511,0,07,000,00,2,6,02,B01
200600019511,0,07,000,00,0,6,02,C01
200600019512,0,07,000,00,2,2,01,A01
200600019512,0,07,000,00,2,1,01,B01
200600019513,0,02,000,00,2,1,05,A01
200600019513,0,07,000,00,2,1,01,B01
200600019514,0,07,000,00,2,1,13,A01
200600019514,0,07,000,00,2,1,21,B01
200600019515,1,07,000,00,1,4,20,A01
200600019516,0,07,000,00,2,1,10,A01
200600019516,0,02,000,00,2,1,01,B01
200600019517,0,07,000,00,1,1,15,A01
200600019518,0,05,000,00,2,1,00,A01
200600019518,0,07,000,00,2,5,01,B01
200600019519,0,01,000,00,2,3,13,A01
200600019519,0,07,000,00,9,7,01,B01
200600019520,0,07,000,00,2,1,05,A01
200600019520,0,05,000,00,2,1,01,B01
200600019521,0,07,000,00,2,1,01,A01
200600019521,0,07,000,00,2,2,01,B01
200600019522,0,07,000,00,2,7,15,A01
200600019522,0,07,000,00,2,2,01,B01
200600019523,0,07,000,00,2,6,13,A01
200600019523,0,07,000,00,2,3,01,B01
200600019524,0,05,000,00,2,3,00,A01
200600019524,0,07,000,01,2,1,16,B01
200600019525,0,14,000,00,2,2,14,A01
200600019525,0,07,000,00,2,3,01,B01
200600019526,0,10,000,00,2,3,13,A01
200600019526,0,07,000,01,2,8,01,B01
200600019527,0,07,000,00,0,1,01,A01
200600019527,0,07,000,00,2,4,23,B01
200600019527,0,07,000,00,2,4,01,C01
200600019528,0,05,000,11,2,0,01,A01
200600019528,0,07,000,00,9,1,01,B01
200600019529,0,05,000,00,2,2,01,A01
200600019529,0,07,000,00,2,5,16,B01
200600019530,0,07,000,00,2,2,01,A01
200600019530,0,02,000,00,2,1,13,B01
200600019531,0,07,000,01,0,6,16,A01
200600019531,0,07,000,00,2,4,01,B01
200600019531,0,07,000,00,2,4,01,C01
200600019531,0,07,000,00,2,4,01,D01
200600019532,0,07,000,00,9,1,01,A01
200600019533,0,07,000,00,1,1,01,A01
200600019534,0,07,000,00,1,1,13,A01
200600019535,0,17,000,00,2,2,14,A01
200600019535,0,07,000,00,2,1,01,B01
200600019536,0,07,000,00,2,3,15,A01
200600019536,0,33,000,00,2,1,01,B01
200600019537,0,07,000,00,1,2,01,A01
200600019538,0,07,000,00,2,3,01,A01
200600019538,0,10,000,00,0,1,01,B01
200600019539,0,07,000,00,2,3,15,A01
200600019539,0,30,000,00,0,3,01,B01
200600019540,0,07,000,00,2,8,15,A01
200600019540,0,02,000,00,2,1,01,B01
200600019541,0,05,000,00,2,1,03,A01
200600019541,0,07,000,00,0,2,14,B01
200600019541,0,10,000,00,0,5,01,C01
200600019541,0,10,000,00,0,6,01,D01
200600019542,0,07,000,00,1,1,15,A01
200600019543,0,07,000,08,0,1,00,A01
200600019544,0,07,000,00,2,2,21,B01
200600019544,0,07,000,00,2,2,13,A01
200600019545,0,01,000,00,2,8,19,A01
200600019545,0,07,000,00,2,2,01,B01
200600019546,0,07,000,00,2,5,10,A01
200600019546,0,33,000,00,2,1,02,B01
200600019547,0,07,000,00,2,2,09,A01
200600019547,0,02,000,00,2,3,01,B01
200600019548,0,07,000,00,2,8,10,A01
200600019548,0,33,000,00,2,1,01,B01
200600019549,0,07,000,00,0,0,00,A01
200600019550,0,07,000,09,2,0,01,A01
200600019550,0,07,000,00,2,4,01,B01
200600019551,0,02,000,00,2,4,02,A01
200600019551,0,07,000,00,0,4,01,B01
200600019552,0,07,000,00,1,1,01,A01
200600019553,0,02,000,00,2,3,00,A01
200600019553,0,07,000,00,2,3,00,B01
200600019554,0,07,000,00,2,3,15,A01
200600019554,0,30,000,00,2,1,01,B01
200600019555,0,07,000,00,1,0,04,A01
200600019556,0,07,000,00,2,4,01,A01
200600019556,0,07,000,00,2,3,01,B01
200600019557,0,07,000,04,0,3,15,A01
200600019558,0,07,000,00,2,1,02,A01
200600019558,0,07,000,00,2,4,02,B01
200600019559,0,07,000,00,2,1,02,A01
200600019559,0,07,000,00,2,4,23,B01
200600019560,0,07,000,00,2,3,13,A01
200600019560,0,07,000,00,2,3,01,B01
200600019561,0,02,000,00,2,1,15,A01
200600019561,0,07,000,00,2,2,01,B01
200600019562,0,07,000,00,1,3,01,A01
200600019563,0,07,000,00,2,1,01,A01
200600019563,0,07,000,00,2,4,01,B01
200600019564,0,33,000,00,2,1,02,A01
200600019564,0,07,000,00,2,4,02,B01
200600019565,0,01,000,00,2,3,15,A01
200600019565,0,07,000,00,2,7,01,B01
200600019566,0,30,000,00,2,1,01,A01
200600019566,0,30,000,00,2,8,01,B01
200600019567,0,01,000,00,1,1,01,A01
200600019568,0,30,000,00,2,7,01,A01
200600019568,0,07,000,00,2,2,01,B01
200600019569,0,07,000,00,2,5,16,A01
200600019569,0,01,000,00,2,3,01,B01
200600019570,0,07,000,13,0,1,13,A01
200600019571,0,30,000,00,1,1,01,A01
200600019572,0,32,000,00,2,1,01,A01
200600019572,0,07,000,00,2,4,01,B01
200600019573,0,20,000,00,0,9,09,A01
200600019574,0,07,000,00,2,7,01,A01
200600019574,0,01,000,00,2,3,13,B01
200600019575,0,07,000,00,2,1,15,A01
200600019575,0,02,000,00,2,1,01,B01
200600019576,0,07,000,00,2,1,01,A01
200600019576,0,01,000,00,2,8,19,B01
200600019577,0,30,000,00,2,1,01,A01
200600019577,0,07,000,00,2,7,01,B01
200600019578,0,02,000,00,2,1,01,A01
200600019578,0,07,000,00,2,4,01,B01
200600019579,0,07,000,00,2,1,13,A01
200600019579,0,07,000,00,2,1,01,B01
200600019580,0,07,000,00,2,8,10,A01
200600019580,0,05,000,00,2,1,01,B01
200600019581,0,07,000,07,0,1,14,A01
200600019582,0,07,000,00,2,1,01,B01
200600019582,0,07,000,00,2,2,01,A01
200600019583,0,02,000,00,1,0,21,A01
200600019584,0,10,000,00,2,3,05,A01
200600019584,0,07,000,00,2,3,05,B01
200600019585,0,33,000,09,0,1,01,A01
200600019586,0,07,000,00,1,1,01,A01
200600019587,0,02,000,06,0,1,13,A01
200600019588,0,07,000,00,2,1,01,B01
200600019588,0,07,000,00,2,2,01,A01
200600019589,0,10,000,00,0,9,05,A01
200600019589,0,07,000,00,9,1,01,B01
200600019590,0,02,000,06,0,1,07,A01
200600019591,0,07,000,00,2,3,15,A01
200600019591,0,33,000,00,2,7,17,B01
200600019592,0,07,000,00,2,3,01,B01
200600019592,0,02,000,00,2,2,09,A01
200600019593,0,33,000,00,2,2,19,A01
200600019593,0,07,000,00,2,2,21,B01
200600019594,0,07,000,00,2,5,15,A01
200600019594,0,33,000,00,2,7,21,B01
200600019595,0,07,000,00,9,3,13,A01
200600019595,0,30,000,00,2,7,17,B01
200600019596,0,02,000,09,2,2,02,A01
200600019596,0,38,001,00,9,3,02,B01
200600019597,0,07,000,00,2,2,01,A01
200600019597,0,02,000,00,2,1,02,B01
200600019598,0,07,000,00,0,4,23,B01
200600019598,0,33,000,00,2,1,13,A01
200600019599,0,10,000,00,1,1,01,A01
200600019600,0,10,000,00,2,1,06,A01
200600019600,0,10,000,00,0,0,01,B01
200600019601,0,10,000,00,1,7,01,A01
200600019602,0,07,000,00,1,1,01,A01
200600019603,0,07,000,00,2,1,01,A01
200600019603,0,07,000,00,2,4,01,B01
200600019603,0,07,000,00,0,4,01,C01
200600019604,0,02,000,00,2,1,01,B01
200600019605,0,02,000,00,1,1,17,A01
200600019606,0,07,000,00,2,7,09,A01
200600019606,0,31,000,00,2,1,01,B01
200600019607,0,07,000,00,2,1,09,A01
200600019607,0,07,000,00,2,8,01,B01
200600019608,0,07,000,00,1,1,01,A01
200600019609,0,07,000,06,2,1,01,A01
200600019609,0,07,000,00,2,0,01,B01
200600019610,0,07,000,01,2,1,02,A01
200600019610,0,07,000,00,2,4,01,B01
200600019611,0,05,000,00,2,0,01,A01
200600019611,0,07,000,00,2,0,01,B01
200600019612,0,02,000,00,2,1,01,A01
200600019612,0,07,000,00,2,4,16,B01
200600019613,0,07,000,00,2,3,09,A01
200600019613,0,07,000,00,2,1,01,B01
200600019614,0,07,000,00,2,3,09,A01
200600019614,0,07,000,00,2,1,01,B01
200600019615,1,07,000,00,1,7,14,A01
200600019616,0,07,000,00,2,8,19,A01
200600019616,0,02,000,00,2,3,01,B01
200600019617,0,07,000,00,1,1,00,A01
200600019618,0,33,000,00,2,2,17,A01
200600019618,0,07,000,00,9,3,15,B01
200600019619,0,01,000,00,2,1,16,A01
200600019619,0,07,000,00,2,3,23,B01
200600019620,0,07,000,00,2,3,01,B01
200600019620,0,07,000,00,2,2,01,A01
200600019621,0,07,000,00,2,6,11,A01
200600019621,0,05,000,00,2,1,01,B01
200600019622,0,04,000,00,2,6,19,A01
200600019622,0,17,000,00,2,3,01,B01
200600019623,0,02,000,00,2,1,01,A01
200600019623,0,07,000,00,2,7,15,B01
200600019624,0,07,000,00,2,2,15,A01
200600019624,0,07,000,00,2,3,01,B01
200600019625,0,02,000,00,2,1,01,A01
200600019625,0,07,000,00,2,3,01,B01
200600019626,0,07,000,00,1,2,01,A01
200600019627,0,01,000,00,1,1,01,A01
200600019628,0,01,000,00,2,1,01,B01
200600019628,0,07,000,00,2,1,01,A01
200600019629,0,07,000,15,0,2,16,A01
200600019630,0,07,000,00,2,2,15,A01
200600019630,0,05,000,00,2,1,01,B01
200600019631,0,07,000,00,1,7,16,A01
200600019632,0,07,000,01,0,1,01,A01
200600019633,0,02,000,00,2,1,02,A01
200600019633,0,07,000,00,2,4,02,B01
200600019634,0,07,000,00,2,3,13,A01
200600019634,0,07,000,00,2,2,23,B01
200600019635,0,07,000,00,1,1,01,A01
200600019636,0,02,000,00,2,1,16,A01
200600019636,0,07,000,00,2,1,01,B01
200600019637,1,07,000,00,2,1,02,A01
200600019637,0,07,000,00,2,5,20,B01
200600019638,0,39,000,00,2,1,01,B01
200600019638,0,07,000,00,2,1,15,A01
200600019639,0,07,000,06,2,3,01,B01
200600019639,0,07,000,00,2,1,01,A01
200600019640,0,07,000,00,2,3,01,B01
200600019640,0,30,000,00,2,1,01,A01
200600019641,0,07,000,00,2,5,10,A01
200600019641,0,31,000,00,2,1,01,B01
200600019642,0,33,000,00,2,3,16,A01
200600019642,0,07,000,00,2,1,15,B01
200600019643,0,02,000,00,2,1,01,B01
200600019643,0,07,000,00,2,2,01,A01
200600019644,0,07,000,03,0,2,01,A01
200600019645,0,07,000,00,2,3,17,A01
200600019645,0,02,000,00,2,1,01,B01
200600019646,0,07,000,00,0,6,15,B01
200600019646,0,05,000,00,2,1,01,A01
200600019647,0,02,000,00,5,2,01,A01
200600019648,0,33,000,00,2,2,01,B01
200600019648,0,07,000,00,2,7,15,A01
200600019649,0,07,000,00,1,1,01,A01
200600019649,0,01,000,00,2,8,19,B01
200600019650,0,30,000,00,1,1,01,A01
200600019651,0,30,000,12,0,1,00,A01
200600019652,0,07,000,13,0,1,14,A01
200600019653,0,07,000,00,1,8,01,A01
200600019654,0,07,000,00,2,6,15,B01
200600019654,0,30,000,00,2,1,17,A01
200600019655,0,07,000,00,2,6,01,B01
200600019655,0,01,000,00,2,1,15,A01
200600019656,0,07,000,14,0,3,01,A01
200600019656,0,07,000,00,0,4,15,B01
200600019657,0,07,000,00,1,1,01,A01
200600019658,0,07,000,00,2,4,02,C01
200600019658,0,07,000,00,2,1,02,B01
200600019658,0,07,000,00,2,1,02,A01
200600019659,1,07,000,00,0,1,15,A01
200600019659,0,02,000,00,2,7,21,B01
200600019660,0,07,000,00,0,7,02,A01
200600019660,0,01,000,00,2,8,02,B01
200600019661,0,07,000,00,2,1,01,A01
200600019661,0,38,001,00,0,5,23,B01
200600019662,0,07,000,00,2,3,00,B01
200600019662,0,10,000,01,0,6,04,A01
200600019663,0,17,000,00,2,1,01,A01
200600019663,0,01,000,00,2,4,01,B01
200600019664,0,07,000,00,0,8,00,A01
200600019665,0,02,000,00,1,1,01,A01
200600019666,0,07,000,00,2,3,01,B01
200600019666,0,07,000,00,2,1,01,C01
200600019666,0,07,000,00,2,7,09,A01
200600019667,0,07,000,00,2,5,15,A01
200600019667,0,05,000,00,2,0,01,B01
200600019668,0,07,000,00,2,1,17,A01
200600019668,0,07,000,00,2,4,15,B01
200600019669,0,07,000,00,2,1,01,A01
200600019669,0,07,000,00,2,4,23,B01
200600019669,0,07,000,00,2,4,23,C01
200600019669,0,07,000,00,2,4,23,D01
200600019669,0,07,000,00,2,4,23,E01
200600019670,0,07,000,00,2,3,13,A01
200600019670,0,07,000,00,2,3,01,B01
200600019671,0,07,000,00,2,6,01,B01
200600019671,0,02,000,00,2,1,01,A01
200600019672,0,07,000,00,2,1,01,A01
200600019672,0,07,000,00,2,4,23,B01
200600019673,0,07,000,00,2,7,01,B01
200600019673,0,02,000,00,2,1,01,A01
200600019674,0,05,000,00,2,1,01,B01
200600019674,0,07,000,00,2,3,15,A01
200600019675,0,07,000,00,0,1,01,A01
200600019676,0,07,000,13,2,3,01,C01
200600019676,0,07,000,00,2,3,01,B01
200600019676,0,07,000,00,2,3,13,A01
200600019677,0,07,000,00,1,1,01,A01
200600019678,0,07,000,00,2,5,02,A01
200600019678,0,07,000,00,2,3,02,B01
200600019679,0,01,000,00,1,1,01,A01
200600019680,0,33,000,00,2,1,17,A01
200600019681,0,07,000,00,2,3,01,B01
200600019681,0,07,000,00,2,1,06,A01
200600019682,2,07,000,02,0,1,01,A01
200600019683,0,07,000,00,2,1,01,A01
200600019683,0,07,000,00,2,1,15,B01
200600019684,0,07,000,00,0,1,01,C01
200600019684,0,07,000,00,0,8,01,B01
200600019684,0,07,000,00,2,1,13,A01
200600019685,0,02,000,00,2,0,21,A01
200600019686,0,07,000,00,2,3,12,A01
200600019686,0,10,000,00,2,6,11,B01
200600019687,0,07,000,00,2,4,23,B01
200600019687,0,07,000,00,2,1,02,A01
200600019688,0,05,000,00,0,0,01,A01
200600019689,0,33,000,00,0,0,01,A01
200600019690,0,07,000,00,0,3,09,B01
200600019690,0,30,000,00,0,1,00,A01
200600019691,0,30,000,00,2,1,01,A01
200600019691,0,07,000,00,2,3,01,C01
200600019691,0,07,000,00,2,5,01,B01
200600019692,0,07,000,00,2,1,01,B01
200600019692,0,07,000,00,2,8,09,A01
200600019693,0,30,000,00,2,1,02,A01
200600019693,0,30,000,00,0,4,02,B01