Num_Acc,senc,catv,occutc,obs,obsm,choc,manv,num_veh
200600019694,0,30,000,00,0,1,01,A01
200600019695,0,07,000,00,2,9,11,A01
200600019695,0,07,000,00,2,8,01,C01
200600019695,0,07,000,00,2,7,01,B01
200600019696,0,07,000,00,0,4,01,C01
200600019696,0,07,000,00,2,1,01,A01
200600019696,0,07,000,00,2,1,01,B01
200600019697,0,07,000,00,1,3,01,A01
200600019698,0,02,000,00,2,7,15,A01
200600019698,0,10,000,00,2,1,01,B01
200600019699,0,02,000,01,0,1,13,A01
200600019699,0,07,000,00,9,2,01,B01
200600019700,0,07,000,00,2,8,15,A01
200600019700,0,30,000,00,2,1,01,B01
200600019701,0,02,000,00,0,7,09,B01
200600019701,0,07,000,00,0,3,09,A01
200600019702,0,07,000,00,2,1,13,A01
200600019702,0,07,000,00,2,3,05,B01
200600019703,0,07,000,01,9,8,09,A01
200600019703,0,04,000,00,2,1,01,B01
200600019704,0,10,000,14,0,2,01,A01
200600019704,0,07,000,00,0,6,23,B01
200600019705,0,07,000,00,2,5,15,A01
200600019705,0,07,000,00,2,1,01,B01
200600019706,0,01,000,00,2,1,15,A01
200600019706,0,07,000,00,0,1,01,B01
200600019707,0,07,000,00,2,1,01,A01
200600019707,0,07,000,00,1,4,01,B01
200600019708,0,07,000,00,1,4,04,A01
200600019709,0,07,000,00,1,1,01,A01
200600019710,0,07,000,06,0,1,01,A01
200600019711,0,04,000,00,1,1,01,A01
200600019712,0,05,000,00,2,1,01,B01
200600019712,0,02,000,00,2,1,10,A01
200600019713,0,07,000,00,2,3,10,A01
200600019713,0,05,000,00,2,1,01,B01
200600019714,0,07,000,00,2,2,01,B01
200600019714,0,01,000,00,2,8,09,A01
200600019715,0,02,000,00,2,8,18,A01
200600019715,0,07,000,00,2,7,16,B01
200600019716,0,07,000,00,2,0,01,A01
200600019716,0,02,000,00,2,8,01,B01
200600019717,0,07,000,03,2,9,01,A01
200600019717,0,99,000,00,2,9,01,B01
200600019718,0,07,000,00,1,3,01,A01
200600019719,0,07,000,00,1,2,01,A01
200600019720,0,07,000,00,2,3,13,A01
200600019720,0,05,000,03,2,1,17,B01
200600019721,0,07,000,06,2,3,01,A01
200600019721,0,14,000,00,2,2,16,B01
200600019722,0,07,000,00,2,2,01,A01
200600019722,0,01,000,00,2,1,16,B01
200600019723,0,07,000,00,2,1,15,A01
200600019723,0,01,000,00,2,1,01,B01
200600019724,0,07,000,02,0,1,16,A01
200600019725,0,07,000,00,2,3,10,A01
200600019725,0,33,000,00,2,1,01,B01
200600019726,0,07,000,00,1,2,01,A01
200600019727,0,07,000,00,2,3,01,A01
200600019727,0,07,000,00,2,1,01,B01
200600019728,0,07,000,00,1,2,01,A01
200600019729,0,02,000,05,0,1,21,A01
200600019730,0,07,000,06,0,3,15,A01
200600019731,0,07,000,00,2,1,02,A01
200600019731,0,07,000,00,2,4,01,B01
200600019732,0,38,001,00,2,7,01,A01
200600019732,0,01,000,00,2,1,13,B01
200600019733,0,07,000,00,2,3,15,B01
200600019733,0,33,000,00,2,1,01,A01
200600019734,1,07,000,00,0,0,01,A01
200600019735,1,07,000,00,1,0,01,A01
200600019736,0,33,000,00,2,1,01,A01
200600019736,0,07,000,00,2,8,15,B01
200600019737,0,30,000,12,0,1,01,A01
200600019738,0,30,000,00,0,8,01,A01
200600019739,0,33,000,02,0,0,01,A01
200600019740,0,07,000,00,2,1,01,A01
200600019740,0,07,000,00,2,4,01,B01
200600019740,0,07,000,00,2,4,01,C01
200600019740,0,07,000,00,2,4,01,D01
200600019741,0,07,000,00,1,7,17,A01
200600019742,0,33,000,00,2,1,01,B01
200600019742,0,07,000,00,2,1,01,A01
200600019743,0,05,000,00,2,7,17,A01
200600019743,0,07,000,00,2,8,01,B01
200600019744,0,05,000,00,1,1,01,A01
200600019745,0,03,000,00,2,2,00,B01
200600019745,0,07,000,00,2,1,00,A01
200600019746,0,01,000,00,2,1,01,A01
200600019746,0,07,000,00,9,4,01,B01
200600019747,0,07,000,00,2,1,09,A01
200600019747,0,05,000,00,2,0,01,B01
200600019748,0,02,000,00,2,1,01,B01
200600019748,0,07,000,00,2,6,01,A01
200600019749,0,38,001,00,2,8,13,A01
200600019749,0,05,000,00,2,1,01,B01
200600019750,0,18,000,00,2,2,15,A01
200600019750,0,07,000,00,2,7,01,B01
200600019751,0,07,000,00,2,2,01,A01
200600019752,0,02,000,00,2,8,15,A01
200600019752,0,07,000,00,2,1,17,B01
200600019753,0,07,000,00,1,1,01,A01
200600019754,0,02,000,01,0,7,01,A01
200600019755,0,01,000,00,2,1,05,A01
200600019755,0,07,000,00,2,1,01,B01
200600019756,0,07,000,01,0,2,14,A01
200600019757,0,07,000,00,1,1,00,A01
200600019758,0,07,000,06,0,1,01,A01
200600019759,0,07,000,00,1,1,01,A01
200600019760,0,07,000,00,2,5,17,A01
200600019760,0,02,000,00,2,8,01,B01
200600019761,0,07,000,00,1,1,01,A01
200600019762,0,07,000,00,2,1,01,A01
200600019762,0,07,000,00,2,4,01,B01
200600019763,0,07,000,00,2,1,09,A01
200600019763,0,01,000,00,2,0,01,B01
200600019764,0,05,000,00,2,1,17,A01
200600019764,0,07,000,00,2,3,15,B01
200600019765,0,07,000,00,2,1,15,A01
200600019765,0,05,000,00,2,7,01,B01
200600019766,0,07,000,00,1,1,01,A01
200600019767,0,07,000,00,2,1,01,B01
200600019767,0,07,000,00,2,1,02,A01
200600019768,0,07,000,00,1,3,04,A01
200600019769,0,02,000,00,2,7,01,A01
200600019769,0,05,000,00,2,8,01,B01
200600019770,0,10,000,09,0,1,01,A01
200600019771,0,10,000,06,0,1,01,A01
200600019772,0,05,000,00,2,7,16,A01
200600019772,0,07,000,00,2,3,01,B01
200600019773,0,07,000,00,2,1,01,A01
200600019773,0,02,000,00,2,1,01,B01
200600019774,0,07,000,00,2,3,09,A01
200600019774,0,05,000,00,2,1,01,B01
200600019775,0,07,000,00,2,1,01,A01
200600019775,0,07,000,00,2,3,00,B01
200600019776,0,07,000,00,2,3,15,B01
200600019776,0,02,000,00,2,1,01,A01
200600019777,0,07,000,00,1,4,04,A01
200600019778,0,07,000,00,1,1,01,A01
200600019779,0,07,000,00,1,2,01,A01
200600019779,0,07,000,00,2,3,01,B01
200600019780,0,07,000,00,2,6,16,B01
200600019780,0,02,000,00,2,1,01,A01
200600019781,0,07,000,00,2,3,01,A01
200600019781,0,07,000,00,2,1,01,B01
200600019782,0,05,000,00,0,0,01,B01
200600019782,1,07,000,00,0,0,00,A01
200600019783,0,07,000,08,0,3,01,A01
200600019784,0,05,000,00,2,1,01,B01
200600019784,0,07,000,00,2,7,15,A01
200600019785,0,07,000,00,2,5,15,A01
200600019785,0,04,000,00,2,1,01,B01
200600019786,0,02,000,00,1,1,01,A01
200600019787,0,04,000,15,0,7,01,A01
200600019788,0,04,000,12,0,3,05,A01
200600019789,0,07,000,00,2,1,02,A01
200600019789,0,07,000,00,2,4,01,B01
200600019789,0,07,000,00,2,4,01,C01
200600019790,0,04,000,00,2,3,00,A01
200600019790,0,07,000,00,9,3,01,B01
200600019791,0,02,000,00,2,0,09,A01
200600019791,0,07,000,00,2,1,01,B01
200600019792,0,07,000,00,2,6,15,B01
200600019792,0,31,000,00,2,1,01,A01
200600019793,0,07,000,11,2,9,17,A01
200600019793,0,07,000,00,2,6,01,B01
200600019794,1,07,000,00,2,1,13,A01
200600019794,0,02,000,00,2,1,01,B01
200600019795,0,07,000,00,1,2,01,A01
200600019796,0,07,000,07,2,1,01,A01
200600019796,0,07,000,15,2,4,01,B01
200600019797,0,07,000,00,1,2,01,A01
200600019798,0,07,000,00,1,4,04,A01
200600019799,0,07,000,00,2,1,01,A01
200600019799,0,07,000,00,2,4,01,B01
200600019800,0,02,000,00,2,1,00,A01
200600019800,0,07,000,00,2,6,01,B01
200600019801,0,07,000,00,2,3,02,A01
200600019801,0,07,000,00,2,5,02,B01
200600019801,0,07,000,00,2,8,01,C01
200600019802,0,07,000,10,0,3,01,A01
200600019803,0,07,000,08,0,1,01,A01
200600019804,0,07,000,00,1,4,04,A01
200600019805,0,07,000,00,2,1,01,A01
200600019805,0,07,000,00,2,4,01,B01
200600019806,0,07,000,00,1,3,01,A01
200600019807,0,30,000,00,2,1,17,A01
200600019807,0,07,000,00,2,8,15,B01
200600019808,0,07,000,00,1,1,01,A01
200600019809,1,36,000,15,0,0,01,A01
200600019810,0,07,000,08,0,1,01,A01
200600019811,0,10,000,00,2,1,09,A01
200600019811,0,07,000,00,2,3,01,B01
200600019812,0,07,000,00,2,1,00,A01
200600019812,0,07,000,00,2,1,00,B01
200600019813,0,07,000,00,2,1,01,A01
200600019813,0,07,000,00,2,4,01,B01
200600019814,0,07,000,00,1,3,01,A01
200600019815,0,33,000,00,2,2,01,B01
200600019815,0,07,000,00,2,2,09,A01
200600019816,0,33,000,00,2,1,17,A01
200600019816,0,07,000,00,2,3,15,B01
200600019817,0,07,000,00,2,3,01,A01
200600019817,0,07,000,00,2,3,01,B01
200600019818,0,07,000,00,2,2,12,A01
200600019818,0,33,000,00,2,9,01,B01
200600019819,0,02,000,00,2,8,09,A01
200600019819,0,33,000,00,2,1,01,B01
200600019820,0,33,000,00,2,0,00,A01
200600019820,0,07,000,00,2,3,00,B01
200600019821,0,07,000,13,0,0,01,A01
200600019822,0,07,000,06,0,1,01,A01
200600019823,0,07,000,00,2,1,15,A01
200600019823,0,31,000,00,2,7,01,B01
200600019824,0,02,000,00,2,8,01,A01
200600019824,0,07,000,00,2,7,16,B01
200600019825,0,07,000,00,2,1,01,A01
200600019825,0,07,000,00,2,4,01,B01
200600019826,0,07,000,00,0,9,01,A01
200600019827,0,07,000,00,1,0,01,A01
200600019828,0,07,000,00,2,1,01,A01
200600019828,0,02,000,00,2,0,01,B01
200600019829,0,07,000,00,2,1,01,A01
200600019829,0,07,000,00,2,4,01,B01
200600019830,0,07,000,13,0,0,00,A01
200600019831,0,07,000,00,2,2,13,A01
200600019831,0,30,000,00,2,1,01,B01
200600019832,0,07,000,00,2,4,02,A01
200600019832,0,07,000,00,2,4,02,B01
200600019832,1,07,000,00,2,1,02,C01
200600019833,0,30,000,00,2,1,17,A01
200600019833,0,20,000,00,2,6,01,B01
200600019834,0,30,000,00,2,1,15,A01
200600019834,0,07,000,00,2,8,01,B01
200600019835,0,07,000,00,1,0,01,A01
200600019836,0,07,000,00,2,1,01,B01
200600019836,0,02,000,00,2,1,00,A01
200600019837,0,07,000,02,0,1,01,A01
200600019838,0,07,000,00,2,3,01,A01
200600019838,0,07,000,00,2,1,01,B01
200600019839,0,07,000,08,0,1,13,A01
200600019840,0,07,000,00,2,3,13,A01
200600019840,0,07,000,00,2,1,01,B01
200600019841,0,17,000,00,2,2,17,A01
200600019841,0,07,000,00,2,8,01,B01
200600019842,0,10,000,00,1,1,01,A01
200600019843,0,07,000,00,1,0,01,A01
200600019844,0,02,000,15,0,1,15,A01
200600019845,0,02,000,01,0,1,01,A01
200600019845,0,07,000,00,2,4,24,B01
200600019846,0,17,000,00,2,0,12,A01
200600019846,0,07,000,00,2,8,01,B01
200600019847,0,07,000,00,2,7,02,A01
200600019847,0,30,000,00,2,8,02,B01
200600019848,0,07,000,00,2,8,05,A01
200600019848,0,31,000,06,2,0,05,B01
200600019849,0,07,000,00,2,5,20,A01
200600019849,0,33,000,00,2,1,01,B01
200600019850,0,07,000,00,2,6,01,B01
200600019850,0,33,000,00,2,2,16,A01
200600019851,0,07,000,00,2,6,23,B01
200600019851,0,10,000,00,2,1,02,A01
200600019852,1,07,000,00,1,0,00,A01
200600019853,0,07,000,00,2,3,09,A01
200600019853,0,33,000,00,2,1,17,B01
200600019853,0,07,000,00,0,3,23,C01
200600019854,0,07,000,00,9,7,01,B01
200600019854,0,01,000,00,2,0,01,A01
200600019855,0,07,000,00,2,1,03,A01
200600019855,0,30,000,00,2,6,01,B01
200600019856,0,02,000,00,2,1,01,A01
200600019856,0,07,000,00,2,3,13,B01
200600019857,0,07,000,00,2,3,01,A01
200600019857,0,01,000,00,2,7,01,B01
200600019858,0,07,000,00,2,8,01,A01
200600019858,0,05,000,00,2,1,01,B01
200600019859,0,01,000,14,2,1,00,A01
200600019859,1,10,000,00,0,0,00,B01
200600019860,1,07,000,00,1,0,00,A01
200600019861,0,07,000,08,0,1,01,A01
200600019862,0,07,000,00,0,8,04,A01
200600019862,0,99,000,00,2,1,01,B01
200600019863,0,07,000,00,2,1,01,A01
200600019863,0,07,000,00,2,4,02,B01
200600019863,0,07,000,00,2,8,01,C01
200600019864,0,07,000,00,1,1,16,A01
200600019865,0,07,000,00,2,1,01,D01
200600019865,0,07,000,00,0,0,05,A01
200600019865,0,07,000,00,2,4,01,B01
200600019865,0,07,000,00,2,1,01,C01
200600019866,0,07,000,00,2,7,01,A01
200600019866,0,01,000,00,2,1,19,B01
200600019867,0,07,000,00,1,2,01,A01
200600019868,0,07,000,00,2,7,01,A01
200600019868,0,07,001,00,2,6,01,B01
200600019868,0,07,000,00,2,9,01,C01
200600019868,0,10,000,00,2,4,01,D01
200600019868,0,07,000,01,0,1,01,E01
200600019869,0,07,000,00,2,1,15,A01
200600019869,0,02,000,00,2,1,17,B01
200600019870,0,07,000,00,2,2,01,A01
200600019870,0,07,000,00,2,5,01,B01
200600019871,0,07,000,00,1,0,01,A01
200600019872,0,05,000,00,0,9,01,A01
200600019873,0,07,000,00,2,2,01,A01
200600019873,0,07,000,00,2,6,01,B01
200600019874,0,07,000,00,1,1,01,A01
200600019875,0,07,000,00,2,8,22,A01
200600019875,0,01,000,00,2,1,01,B01
200600019875,0,18,000,00,2,7,01,C01
200600019876,0,07,000,00,0,1,15,A01
200600019876,0,02,000,00,2,1,01,B01
200600019877,0,07,000,04,2,1,13,A01
200600019877,0,07,000,00,2,7,01,B01
200600019878,0,02,000,00,2,2,17,A01
200600019878,0,07,000,00,2,3,15,B01
200600019879,0,05,000,00,1,1,17,A01
200600019880,0,07,000,00,2,7,11,A01
200600019880,0,05,000,00,2,7,01,B01
200600019881,0,05,000,00,2,7,17,A01
200600019881,0,07,000,00,2,8,15,B01
200600019882,0,02,000,00,2,7,16,A01
200600019882,0,01,000,00,2,7,01,B01
200600019883,0,07,000,00,2,1,01,A01
200600019883,0,07,000,00,2,1,01,B01
200600019883,0,07,000,00,2,4,01,C01
200600019884,0,05,000,00,2,1,13,A01
200600019884,0,07,000,00,2,8,01,B01
200600019885,0,07,000,00,2,1,15,A01
200600019885,0,05,000,00,2,7,01,B01
200600019886,0,07,000,06,0,9,01,A01
200600019887,0,07,000,00,1,1,01,A01
200600019888,0,05,000,01,2,6,24,A01
200600019889,0,07,000,00,2,3,15,A01
200600019889,0,05,000,00,2,7,17,B01
200600019890,0,07,000,04,0,8,01,A01
200600019891,0,07,000,14,0,9,14,A01
200600019892,0,07,000,00,2,2,05,A01
200600019892,0,07,000,00,2,1,01,B01
200600019893,0,07,000,02,0,7,14,A01
200600019894,0,05,000,00,2,7,15,A01
200600019894,0,07,000,00,2,1,01,B01
200600019895,0,07,000,15,9,9,01,A01
200600019896,0,07,000,00,2,1,02,A01
200600019896,0,07,000,00,2,4,02,B01
200600019897,0,07,000,00,2,3,01,A01
200600019897,0,07,000,00,2,4,01,B01
200600019898,0,02,000,00,0,7,01,A01
200600019899,0,02,000,00,2,1,17,A01
200600019899,0,07,000,00,2,8,01,B01
200600019900,0,07,000,04,0,3,01,A01
200600019901,0,07,000,00,2,1,01,A01
200600019901,0,07,000,00,2,4,01,B01
200600019902,0,07,000,00,2,5,05,A01
200600019902,0,05,000,00,2,9,01,B01
200600019903,0,07,000,00,2,1,16,A01
200600019903,0,07,000,00,2,8,01,B01
200600019904,0,02,000,00,2,1,17,A01
200600019904,0,07,000,00,2,1,01,B01
200600019905,0,07,000,03,0,9,01,A01
200600019906,0,07,000,00,2,3,13,A01
200600019906,0,02,000,00,2,5,01,B01
200600019907,0,05,000,12,0,1,14,A01
200600019908,1,07,000,00,1,1,01,A01
200600019909,0,07,000,00,2,1,19,A01
200600019909,0,07,000,00,2,2,01,B01
200600019910,0,02,000,00,9,1,01,A01
200600019911,0,07,000,00,2,6,01,A01
200600019911,0,07,000,00,2,3,01,B01
200600019912,0,07,000,00,2,7,01,A01
200600019912,0,07,000,00,2,1,01,B01
200600019913,0,07,000,00,1,3,01,A01
200600019914,0,07,000,00,2,1,15,A01
200600019914,0,07,000,00,2,1,01,B01
200600019915,1,07,000,00,2,3,14,C01
200600019915,0,07,000,00,2,0,01,A01
200600019915,0,07,000,04,2,0,01,B01
200600019916,0,07,000,02,0,1,01,A01
200600019917,0,07,000,04,0,7,01,A01
200600019918,0,07,000,08,0,1,01,A01
200600019919,0,07,000,00,2,3,01,A01
200600019919,0,07,000,00,2,1,01,B01
200600019920,0,05,000,00,2,1,02,A01
200600019920,0,07,000,00,0,4,15,B01
200600019921,0,07,000,00,2,7,01,A01
200600019922,0,07,000,03,0,9,01,A01
200600019923,0,15,000,00,2,1,02,A01
200600019923,0,07,000,00,2,5,02,B01
200600019923,0,07,000,00,0,4,02,C01
200600019924,0,07,000,00,2,6,00,B01
200600019924,0,07,000,00,2,1,01,A01
200600019925,0,33,000,14,5,1,01,A01
200600019926,0,07,000,00,2,7,15,A01
200600019926,0,05,000,00,2,1,01,B01
200600019927,0,07,000,00,0,8,10,A01
200600019927,0,33,000,00,2,7,01,B01
200600019928,0,07,000,00,2,7,12,A01
200600019928,0,07,000,00,2,1,01,B01
200600019929,0,01,000,00,2,0,01,A01
200600019929,1,99,000,00,2,0,00,B01
200600019930,0,05,000,00,2,1,14,A01
200600019930,0,07,000,00,2,8,01,B01
200600019931,0,07,000,00,1,7,01,A01
200600019932,0,07,000,00,2,1,02,A01
200600019932,0,07,000,00,2,9,02,B01
200600019932,0,07,000,00,2,4,02,C01
200600019933,0,07,000,00,2,1,02,A01
200600019933,0,10,000,00,2,1,23,B01
200600019933,0,07,000,00,0,4,23,C01
200600019934,0,18,001,00,1,7,01,A01
200600019935,0,07,000,00,2,1,15,A01
200600019935,0,33,000,00,2,7,01,B01
200600019936,0,02,000,00,2,8,13,A01
200600019936,0,07,000,00,0,8,01,B01
200600019937,0,07,000,00,0,3,01,A01
200600019938,0,02,000,00,0,1,01,A01
200600019939,0,05,000,00,0,8,21,A01
200600019940,0,07,000,00,1,7,01,A01
200600019941,0,07,000,00,2,7,15,A01
200600019941,0,07,000,00,2,1,01,B01
200600019942,0,05,000,00,2,1,01,A01
200600019943,0,07,000,00,1,1,01,A01
200600019944,0,07,000,00,2,7,00,A01
200600019944,0,07,000,00,2,6,00,B01
200600019945,0,01,000,00,2,1,01,A01
200600019945,0,07,000,00,0,2,01,B01
200600019946,0,14,000,00,2,1,02,A01
200600019946,0,07,000,00,2,4,02,B01
200600019947,0,14,000,00,2,1,00,A01
200600019947,0,07,000,00,2,6,01,B01
200600019947,0,07,000,00,2,3,01,C01
200600019948,0,07,000,00,0,8,01,A01
200600019948,0,01,000,00,2,1,01,B01
200600019949,0,07,000,00,2,9,01,A01
200600019949,0,07,000,00,2,9,01,B01
200600019949,0,07,000,00,2,8,01,C01
200600019950,0,07,000,08,9,1,01,A01
200600019951,0,07,000,00,2,6,10,A01
200600019951,0,05,000,00,2,8,01,B01
200600019952,0,18,001,00,1,0,01,A01
200600019953,0,07,000,14,9,7,01,A01
200600019954,0,33,000,00,2,7,17,A01
200600019954,0,07,000,00,2,8,01,B01
200600019955,0,15,000,00,2,2,02,A01
200600019955,0,07,000,00,2,9,02,B01
200600019955,0,07,000,00,2,0,00,C01
200600019956,0,07,000,00,9,3,01,A01
200600019957,0,07,000,00,2,2,02,A01
200600019957,0,07,000,00,2,4,02,B01
200600019958,0,30,000,00,2,9,18,A01
200600019958,0,07,000,00,2,1,01,B01
200600019959,0,15,000,00,2,3,14,A01
200600019959,0,07,000,00,2,9,01,B01
200600019959,0,07,000,00,2,9,01,C01
200600019960,1,07,000,00,2,1,00,A01
200600019960,0,01,000,00,2,9,01,B01
200600019961,0,07,000,06,0,2,01,A01
200600019962,0,07,000,00,0,7,01,A01
200600019962,0,31,000,00,2,1,01,B01
200600019963,0,07,000,00,9,1,01,A01
200600019964,0,07,000,04,0,7,00,A01
200600019965,0,07,000,00,2,2,16,A01
200600019966,0,07,000,00,0,8,15,A01
200600019966,0,07,000,00,2,1,01,B01
200600019967,0,07,000,00,0,8,01,A01
200600019967,0,07,000,00,2,1,00,B01
200600019968,0,07,000,00,2,1,01,A01
200600019968,0,04,000,00,2,3,01,B01
200600019969,0,07,000,00,0,0,00,B01
200600019969,0,07,000,04,9,2,01,A01
200600019970,0,14,000,00,2,5,04,A01
200600019970,0,07,000,00,2,2,01,B01
200600019971,0,07,000,00,2,3,22,A01
200600019971,0,07,000,01,0,7,01,B01
200600019972,0,13,000,00,2,3,15,A01
200600019972,0,33,000,00,2,1,02,B01
200600019973,0,07,000,02,0,2,01,A01
200600019974,0,07,000,00,2,2,01,B01
200600019974,0,30,000,00,2,8,16,A01
200600019975,0,33,000,00,1,1,01,A01
200600019976,0,30,000,12,0,1,02,A01
200600019977,0,07,000,00,1,1,01,A01
200600019978,0,30,000,12,0,1,01,A01
200600019979,0,07,000,00,2,1,09,A01
200600019979,0,01,000,00,2,1,01,B01
200600019980,0,07,000,16,0,8,16,A01
200600019981,0,30,000,00,2,1,02,A01
200600019981,0,07,000,00,2,4,02,B01
200600019982,0,07,000,07,0,1,01,A01
200600019983,0,07,000,00,2,8,01,A01
200600019983,0,02,000,00,2,1,01,B01
200600019984,0,02,000,00,2,1,01,A01
200600019984,0,07,000,00,2,4,01,B01
200600019985,0,07,000,00,2,1,01,A01
200600019985,0,33,000,00,2,4,02,B01
200600019986,0,07,000,00,2,8,24,A01
200600019986,0,01,000,01,0,2,01,B01
200600019986,0,07,000,00,2,1,01,C01
200600019987,0,10,000,00,2,9,15,A01
200600019987,0,33,000,00,2,9,01,B01
200600019987,0,10,000,00,2,3,01,C01
200600019988,0,07,000,00,2,1,01,A01
200600019988,0,10,000,00,2,3,23,C01
200600019988,0,01,000,00,2,1,01,B01
200600019989,0,07,000,00,1,0,01,A01
200600019990,0,10,000,00,1,2,01,A01
200600019991,0,10,000,00,2,3,01,A01
200600019991,0,01,000,00,2,2,01,B01
200600019991,0,10,000,00,2,5,01,C01
200600019992,0,07,000,00,2,2,16,A01
200600019992,0,30,000,00,2,1,01,B01
200600019993,0,02,000,00,2,1,01,A01
200600019993,0,10,000,00,2,4,02,B01
200600019994,0,10,000,00,1,1,01,A01
200600019995,1,10,000,00,0,0,09,B01
200600019995,0,33,000,07,2,0,01,A01
200600019996,0,07,000,00,2,1,15,A01
200600019996,0,07,000,00,2,8,01,B01
200600019997,0,07,000,10,2,1,01,A01
200600019997,0,07,000,00,0,8,01,B01
200600019997,0,07,000,00,0,0,23,C01
200600019998,0,07,000,00,2,8,17,A01
200600019998,0,16,000,00,2,1,17,B01
200600019999,0,07,000,00,2,3,00,A01
200600019999,0,07,000,00,2,1,01,B01
200600020000,0,07,000,00,2,3,15,A01
200600020000,0,02,000,00,2,1,01,B01
200600020001,0,02,000,00,2,1,01,A01
200600020001,0,07,000,00,0,5,01,B01
200600020001,0,07,000,00,0,2,01,C01
200600020002,0,07,000,00,2,1,13,A01
200600020002,0,07,000,00,2,6,01,B01
200600020003,0,07,000,00,1,1,01,A01
200600020004,0,37,028,00,1,3,01,A01
200600020005,0,07,000,14,0,1,01,A01
200600020005,0,07,000,14,0,4,23,B01
200600020005,0,07,000,00,0,4,23,C01
200600020006,0,07,000,06,0,2,13,A01
200600020007,0,02,000,00,2,3,21,A01
200600020007,0,07,000,00,2,0,20,B01
200600020008,0,07,000,00,2,3,15,A01
200600020008,0,02,000,00,2,8,01,B01
200600020009,0,07,000,00,2,1,16,A01
200600020009,0,07,000,00,2,2,01,B01
200600020010,0,07,000,00,2,7,15,A01
200600020010,0,33,000,00,2,1,01,B01
200600020010,0,07,000,00,2,3,01,C01
200600020011,0,07,000,00,2,2,01,A01
200600020011,0,07,000,00,2,3,01,B01
200600020012,0,07,000,00,2,1,15,A01
200600020012,0,02,000,00,2,1,01,B01
200600020013,0,02,000,00,2,1,02,A01
200600020013,0,07,000,00,2,6,01,B01
200600020014,0,02,000,14,0,1,01,A01
200600020014,0,07,000,00,0,3,15,B01
200600020015,0,07,000,00,2,8,16,A01
200600020015,0,02,000,00,2,1,01,B01
200600020016,0,07,000,12,0,2,01,A01
200600020017,0,07,000,00,1,1,01,A01
200600020018,0,01,000,00,2,2,14,A01
200600020018,0,37,029,00,0,3,01,B01
200600020019,0,07,000,00,2,3,15,A01
200600020019,0,33,000,00,2,3,01,B01
200600020020,0,37,053,00,0,0,20,A01
200600020020,0,07,000,00,0,0,01,B01
200600020021,0,07,000,00,2,1,01,A01
200600020021,0,07,000,00,2,8,01,B01
200600020022,0,07,000,00,2,1,15,A01
200600020022,0,02,000,00,2,1,01,B01
200600020023,0,33,000,01,0,1,01,A01
200600020023,0,10,000,00,0,4,23,B01
200600020024,0,07,000,00,2,7,16,A01
200600020024,0,01,000,00,2,1,01,B01
200600020025,0,07,000,00,2,2,15,A01
200600020025,0,02,000,00,2,1,01,B01
200600020026,0,07,000,06,0,1,01,A01
200600020027,0,07,000,00,2,1,01,A01
200600020027,0,07,000,00,2,4,01,B01
200600020027,0,07,000,00,2,4,01,C01
200600020027,0,07,000,00,2,4,01,D01
200600020028,0,38,061,00,2,8,15,A01
200600020028,0,02,000,00,2,1,15,B01
200600020029,0,07,000,00,2,3,15,A01
200600020029,0,07,000,00,2,1,01,B01
200600020030,0,07,000,00,2,2,01,A01
200600020030,0,01,000,00,2,1,16,B01
200600020031,0,07,000,00,2,9,18,A01
200600020031,0,07,000,00,2,5,02,B01
200600020032,1,07,000,00,2,7,17,A01
200600020032,0,01,000,00,2,1,01,B01
200600020033,0,07,000,14,0,1,02,A01
200600020033,0,07,000,01,0,4,23,B01
200600020034,0,07,000,00,2,1,01,A01
200600020034,0,07,000,00,2,4,02,B01
200600020034,0,07,000,00,2,4,02,C01
200600020035,0,02,000,00,1,2,01,A01
200600020036,0,10,000,01,2,2,15,A01
200600020036,0,37,008,00,2,3,01,B01
200600020037,0,10,000,00,2,3,16,A01
200600020037,0,07,000,00,2,7,01,B01
200600020038,0,33,000,00,2,1,01,B01
200600020038,0,03,000,00,2,2,15,A01
200600020039,0,07,000,01,0,9,14,A01
200600020040,0,07,000,08,0,8,13,A01
200600020041,0,02,000,00,0,4,01,A01
200600020041,0,10,000,00,0,3,15,B01
200600020042,0,40,000,00,2,2,00,A01
200600020042,0,14,000,00,2,6,01,B01
200600020043,0,02,000,00,2,1,13,A01
200600020043,0,10,000,00,2,1,01,B01
200600020044,0,07,000,00,2,8,22,A01
200600020044,0,01,000,01,0,1,01,B01
200600020045,0,07,000,01,0,3,14,A01
200600020046,0,07,000,00,2,2,01,A01
200600020046,0,07,000,01,2,1,01,B01
200600020047,0,07,000,06,0,1,13,A01
200600020048,0,33,000,00,2,1,01,A01
200600020048,0,07,000,00,2,8,01,B01
200600020049,0,07,000,00,2,1,01,A01
200600020049,0,07,000,00,2,9,02,B01
200600020049,0,07,000,00,2,4,02,C01
200600020050,0,07,000,00,2,8,09,A01
200600020050,0,07,000,00,2,1,01,B01
200600020051,0,07,000,01,0,1,16,A01
200600020052,0,07,000,00,2,1,01,A01
200600020052,0,07,000,00,2,1,23,C01
200600020052,0,02,000,00,2,9,01,B01
200600020053,0,31,000,00,2,1,01,A01
200600020053,0,01,000,00,2,4,01,B01
200600020054,0,07,000,00,1,2,01,A01
200600020055,0,07,000,00,2,8,20,A01