Num_Acc,senc,catv,occutc,obs,obsm,choc,manv,num_veh
200600020416,0,07,000,00,2,1,01,A01
200600020416,0,07,000,00,2,4,01,B01
200600020417,0,14,000,00,2,3,13,A01
200600020417,0,07,000,00,2,6,01,B01
200600020418,0,07,000,00,0,0,01,A01
200600020418,0,07,000,00,2,1,01,B01
200600020419,0,07,000,00,2,1,01,A01
200600020419,0,07,000,00,2,4,01,B01
200600020420,0,07,000,00,2,8,05,C01
200600020420,0,07,000,01,2,4,23,B01
200600020420,0,07,000,00,2,6,23,D01
200600020420,0,07,000,00,2,1,02,A01
200600020421,0,07,000,00,1,0,15,A01
200600020422,0,07,000,00,1,2,01,A01
200600020423,0,07,000,00,2,5,16,A01
200600020423,0,02,000,00,2,1,01,B01
200600020424,0,07,000,00,2,3,01,B01
200600020424,0,07,000,00,2,3,15,A01
200600020424,0,30,000,00,2,1,23,C01
200600020425,0,07,000,00,2,1,01,B01
200600020425,0,07,000,03,2,2,13,A01
200600020426,0,07,000,00,1,6,04,A01
200600020427,0,07,000,00,2,4,23,C01
200600020427,0,07,000,00,2,4,02,B01
200600020427,0,07,000,00,2,1,01,A01
200600020428,0,30,000,00,2,1,01,B01
200600020428,0,07,000,00,2,3,15,A01
200600020429,0,05,000,00,2,1,01,B01
200600020429,0,07,000,00,2,1,05,A01
200600020430,0,07,000,00,2,2,22,A01
200600020430,0,30,000,00,2,3,03,B01
200600020431,0,34,000,00,2,4,00,B01
200600020431,0,02,000,00,2,7,01,A01
200600020432,0,15,000,00,1,3,01,A01
200600020433,0,07,000,00,1,1,01,A01
200600020434,0,07,000,00,1,3,01,A01
200600020435,0,20,000,00,0,6,04,A01
200600020436,0,07,000,00,1,1,01,A01
200600020437,0,01,000,01,2,1,01,B01
200600020437,0,07,000,01,2,4,01,A01
200600020438,0,07,000,00,2,3,01,A01
200600020438,0,33,000,00,2,1,01,B01
200600020439,0,07,000,00,1,1,01,A01
200600020440,1,07,000,00,0,0,00,A01
200600020440,0,01,000,00,0,0,00,B01
200600020441,0,07,000,07,0,1,01,A01
200600020442,0,07,000,00,1,1,01,A01
200600020443,0,07,000,00,0,7,01,A01
200600020444,0,02,000,00,0,0,01,A01
200600020445,0,07,000,00,2,8,09,A01
200600020445,0,02,000,00,2,1,01,B01
200600020446,0,07,000,00,2,1,01,A01
200600020446,0,01,000,00,2,1,16,B01
200600020447,0,07,000,00,2,1,09,A01
200600020447,0,02,000,00,2,0,01,B01
200600020448,0,07,000,07,2,3,01,A01
200600020448,0,07,000,00,2,2,01,B01
200600020449,0,33,000,02,0,1,01,A01
200600020450,0,07,000,00,2,4,15,B01
200600020450,0,05,000,00,2,1,01,A01
200600020451,0,07,000,14,0,1,01,A01
200600020452,0,01,000,00,2,1,15,A01
200600020452,0,07,000,00,2,1,01,B01
200600020453,0,07,000,00,2,1,01,A01
200600020453,0,07,000,00,2,4,01,B01
200600020454,0,07,000,00,2,1,15,A01
200600020454,0,01,000,00,2,1,01,B01
200600020455,0,07,000,00,2,1,01,A01
200600020455,0,07,000,00,2,4,01,B01
200600020455,0,07,001,00,2,4,01,C01
200600020456,0,39,000,00,1,1,01,A01
200600020457,0,02,000,00,2,1,01,B01
200600020457,1,07,000,00,2,1,16,A01
200600020458,0,07,000,00,1,1,01,A01
200600020459,0,07,000,04,0,1,01,A01
200600020460,0,07,000,04,0,1,01,A01
200600020461,0,07,000,00,2,3,15,A01
200600020461,0,31,000,00,2,1,01,B01
200600020462,0,07,000,08,0,1,01,A01
200600020463,0,07,000,00,1,4,01,A01
200600020464,0,07,000,00,2,7,15,A01
200600020464,0,02,000,00,2,1,01,B01
200600020465,0,02,000,00,0,0,01,A01
200600020466,0,07,000,03,0,1,01,A01
200600020467,0,02,000,00,0,0,01,A01
200600020468,0,07,000,00,2,4,01,A01
200600020468,0,07,000,00,2,4,01,F01
200600020468,0,07,000,00,2,4,01,B01
200600020468,0,07,000,00,2,1,01,G01
200600020468,0,07,000,00,2,4,01,C01
200600020468,0,07,000,00,2,4,01,D01
200600020468,0,07,000,00,2,4,01,E01
200600020469,0,07,000,02,0,1,17,A01
200600020469,0,07,000,00,0,0,15,B01
200600020470,0,07,000,00,2,8,15,A01
200600020470,0,31,000,00,2,1,01,B01
200600020471,0,10,000,03,0,3,01,A01
200600020472,0,07,000,07,0,1,01,A01
200600020473,0,30,000,00,0,0,01,A01
200600020474,0,17,000,00,2,0,00,A01
200600020474,0,07,000,00,2,0,00,B01
200600020475,0,07,000,00,2,2,15,A01
200600020475,0,02,000,00,2,1,02,B01
200600020476,0,02,000,00,0,1,02,A01
200600020477,0,02,000,00,2,1,17,A01
200600020477,0,07,000,00,2,4,16,B01
200600020478,0,02,000,00,2,8,02,B01
200600020478,0,07,000,00,2,5,17,A01
200600020479,0,30,000,00,2,1,05,A01
200600020479,0,07,000,00,2,3,01,B01
200600020480,0,07,000,00,1,1,01,A01
200600020481,0,07,000,00,2,3,15,A01
200600020481,0,02,000,00,2,7,17,B01
200600020482,0,07,000,00,2,7,15,A01
200600020482,0,32,000,00,2,1,01,B01
200600020483,0,17,000,00,1,7,01,A01
200600020483,0,01,000,00,2,8,01,B01
200600020484,0,02,000,00,2,4,01,A01
200600020484,1,07,000,00,2,1,01,B01
200600020485,0,02,000,00,2,1,17,A01
200600020485,0,07,000,00,2,3,15,B01
200600020486,0,02,000,00,2,3,15,A01
200600020486,0,05,000,00,2,2,17,B01
200600020487,0,02,000,00,2,1,01,A01
200600020487,0,07,000,00,2,6,01,B01
200600020488,0,07,000,00,1,2,01,A01
200600020489,0,07,000,00,2,1,01,A01
200600020489,0,07,000,00,2,8,00,B01
200600020490,0,07,000,00,1,3,01,A01
200600020491,0,07,000,00,2,4,01,A01
200600020491,0,07,000,00,2,4,23,B01
200600020491,0,07,000,00,2,1,01,C01
200600020492,0,03,000,15,0,1,00,A01
200600020493,0,02,000,00,2,6,10,A01
200600020493,0,02,000,00,2,7,01,B01
200600020494,0,07,000,00,1,1,01,A01
200600020495,0,07,000,00,1,2,00,A01
200600020496,0,07,000,00,2,1,01,B01
200600020496,0,09,000,00,2,6,19,A01
200600020497,0,07,000,00,2,3,01,A01
200600020497,0,05,000,00,2,3,01,B01
200600020498,0,07,000,00,1,2,00,A01
200600020499,0,07,000,00,1,2,01,A01
200600020500,0,07,000,00,2,8,22,A01
200600020500,0,01,000,00,2,3,22,B01
200600020501,0,01,000,00,2,8,15,A01
200600020501,0,07,000,00,2,1,01,B01
200600020502,0,10,000,00,2,6,19,A01
200600020502,0,33,000,00,2,1,01,B01
200600020503,0,07,000,00,2,7,01,B01
200600020503,0,02,000,00,2,7,00,A01
200600020504,0,10,000,00,2,2,15,A01
200600020504,0,10,000,00,2,3,01,B01
200600020505,0,07,000,00,2,5,15,A01
200600020505,0,33,000,00,2,1,01,B01
200600020506,0,33,000,00,2,1,13,A01
200600020506,0,07,000,00,2,1,00,B01
200600020507,0,07,000,00,1,2,01,A01
200600020508,0,99,000,00,2,1,01,B01
200600020508,0,07,000,00,2,5,15,A01
200600020509,0,07,000,00,2,8,04,A01
200600020509,0,07,000,00,2,1,01,B01
200600020510,0,05,000,00,2,1,02,A01
200600020510,0,07,000,00,2,6,01,B01
200600020511,0,07,000,00,2,3,01,A01
200600020511,0,33,000,00,2,1,01,B01
200600020512,0,07,000,00,2,2,02,B01
200600020512,0,02,000,00,2,1,01,A01
200600020513,0,07,000,00,2,1,01,A01
200600020513,0,07,000,00,2,4,23,B01
200600020514,0,07,000,00,1,2,03,A01
200600020515,0,07,000,00,2,7,01,A01
200600020515,0,07,000,00,2,1,15,B01
200600020516,0,07,000,00,1,0,00,A01
200600020517,0,07,000,00,1,2,16,A01
200600020518,0,07,000,15,0,3,14,A01
200600020519,0,02,000,00,2,1,09,A01
200600020519,0,07,000,00,2,1,01,B01
200600020520,0,07,000,00,2,1,21,A01
200600020520,0,07,000,00,2,4,23,B01
200600020521,0,07,000,00,2,3,19,A01
200600020521,0,02,000,00,2,1,21,B01
200600020522,0,30,000,00,1,1,01,A01
200600020523,0,07,000,00,2,2,01,A01
200600020523,0,01,000,00,2,4,01,B01
200600020524,0,02,000,00,2,1,01,A01
200600020524,1,07,000,00,2,3,01,B01
200600020525,0,05,000,00,2,1,02,A01
200600020525,0,07,000,00,2,5,02,B01
200600020526,0,07,000,00,2,3,02,B01
200600020526,0,07,000,00,2,7,09,A01
200600020527,0,07,000,00,2,1,01,B01
200600020527,0,07,000,00,2,2,15,A01
200600020528,0,07,000,00,2,1,01,B01
200600020528,0,32,000,00,2,1,13,A01
200600020529,0,07,000,08,0,3,01,A01
200600020530,1,07,000,00,1,2,01,A01
200600020531,0,07,000,00,2,8,13,A01
200600020531,0,14,000,00,2,3,01,B01
200600020532,0,33,000,00,1,1,19,A01
200600020533,0,33,000,00,2,1,15,A01
200600020533,0,07,000,00,0,3,01,B01
200600020534,0,07,000,00,2,3,01,A01
200600020534,0,07,000,00,2,7,15,B01
200600020535,0,07,000,00,2,7,01,B01
200600020535,0,33,000,00,2,7,01,A01
200600020536,0,07,000,00,2,4,23,B01
200600020536,0,07,000,00,2,1,01,A01
200600020537,0,07,000,00,2,7,01,A01
200600020537,0,10,000,00,2,1,01,B01
200600020538,0,01,000,00,1,1,01,A01
200600020539,1,99,000,00,2,1,01,A01
200600020539,0,01,000,00,2,1,19,B01
200600020540,1,07,000,00,0,0,00,A01
200600020540,0,01,000,00,0,0,00,B01
200600020541,0,07,000,00,1,2,01,A01
200600020542,0,07,000,01,2,1,01,A01
200600020542,0,07,000,09,2,4,02,B01
200600020542,0,07,000,00,2,4,23,C01
200600020543,0,07,000,00,2,8,15,A01
200600020543,0,07,000,00,2,7,01,B01
200600020544,0,01,000,00,2,1,01,A01
200600020544,0,01,000,00,2,1,01,B01
200600020545,0,07,000,00,2,1,01,A01
200600020545,0,07,000,00,2,4,01,B01
200600020545,0,07,000,00,2,4,15,C01
200600020546,1,07,000,00,2,1,02,A01
200600020546,0,07,000,00,2,4,23,B01
200600020547,0,30,000,00,2,1,01,A01
200600020547,0,07,000,00,2,4,01,B01
200600020548,0,07,000,00,2,1,15,A01
200600020548,0,02,000,00,2,1,01,B01
200600020549,0,07,000,14,0,1,01,A01
200600020549,0,33,000,00,2,4,23,B01
200600020550,0,01,000,00,2,1,15,A01
200600020550,0,07,000,00,2,1,23,B01
200600020551,0,33,000,01,0,1,01,A01
200600020552,0,07,000,02,0,1,14,A01
200600020553,0,02,000,00,2,1,01,A01
200600020553,0,07,000,00,2,4,15,B01
200600020554,0,02,000,00,2,1,07,A01
200600020554,0,07,000,00,2,7,16,B01
200600020555,0,07,000,00,1,1,01,A01
200600020556,1,07,000,00,2,1,01,A01
200600020556,0,07,000,00,2,4,23,B01
200600020557,0,07,000,00,1,1,15,A01
200600020558,0,31,000,00,0,0,01,B01
200600020558,0,07,000,00,0,0,15,A01
200600020559,0,31,000,01,0,1,01,A01
200600020560,0,07,000,00,2,1,01,A01
200600020560,0,07,000,00,2,2,15,B01
200600020561,0,07,000,00,2,1,13,A01
200600020561,0,01,000,00,2,4,01,B01
200600020562,0,10,000,00,1,8,01,A01
200600020563,0,07,000,00,2,8,23,A01
200600020563,0,02,000,00,2,1,01,B01
200600020563,0,07,000,00,2,7,01,C01
200600020564,0,20,000,00,2,3,15,A01
200600020564,0,31,000,00,2,1,01,B01
200600020565,0,07,000,00,2,1,01,A01
200600020565,0,01,000,00,2,4,01,B01
200600020566,0,07,000,00,2,7,00,A01
200600020566,0,02,000,00,2,8,00,B01
200600020567,0,02,000,07,0,1,15,A01
200600020568,0,07,000,00,2,1,15,A01
200600020568,0,01,000,00,2,4,23,B01
200600020569,0,07,000,01,0,1,01,A01
200600020570,0,07,000,00,2,1,16,A01
200600020570,0,01,000,00,2,7,01,B01
200600020571,0,07,000,00,2,1,02,A01
200600020571,0,07,000,00,2,4,02,B01
200600020572,0,07,000,08,0,1,15,A01
200600020573,0,40,000,00,0,0,01,A01
200600020574,0,07,000,00,2,1,15,A01
200600020574,0,33,000,00,2,1,01,B01
200600020575,0,10,000,00,2,5,01,B01
200600020575,1,07,000,00,2,1,01,A01
200600020576,0,07,000,00,2,2,01,A01
200600020576,0,07,000,00,2,1,01,B01
200600020577,0,07,000,00,2,1,15,A01
200600020577,0,01,000,00,2,1,01,B01
200600020578,0,33,000,01,0,8,01,A01
200600020579,0,31,000,11,0,1,01,A01
200600020580,0,07,000,02,0,1,14,A01
200600020581,0,07,000,00,2,1,15,A01
200600020581,0,07,000,00,2,2,01,B01
200600020582,0,33,000,00,2,5,01,A01
200600020582,0,07,000,00,2,1,01,B01
200600020583,0,07,000,00,0,3,15,B01
200600020583,0,02,000,00,2,1,13,A01
200600020584,0,02,000,00,2,1,01,B01
200600020584,0,07,000,00,0,3,19,A01
200600020585,0,07,000,01,0,1,00,A01
200600020586,0,18,000,00,1,2,01,A01
200600020587,0,07,000,01,0,1,14,A01
200600020588,0,33,000,05,0,1,01,A01
200600020589,0,10,000,07,0,1,01,A01
200600020590,0,31,000,13,0,1,01,A01
200600020591,0,07,000,00,2,1,01,A01
200600020591,0,02,000,00,0,4,01,B01
200600020592,0,02,000,00,2,8,01,A01
200600020592,0,07,000,00,2,7,16,B01
200600020593,0,07,000,00,1,1,01,A01
200600020594,0,07,000,00,2,1,20,A01
200600020594,0,02,000,00,2,1,01,B01
200600020595,0,02,000,00,2,1,17,A01
200600020595,0,07,000,00,2,3,23,B01
200600020595,0,07,000,00,2,1,01,C01
200600020596,0,07,000,00,0,0,01,A01
200600020596,0,02,000,00,0,0,01,B01
200600020597,0,02,000,00,0,8,15,A01
200600020598,0,02,000,06,0,1,01,A01
200600020599,1,15,000,00,2,1,01,A01
200600020599,0,07,000,00,2,1,01,B01
200600020600,0,07,000,12,0,9,01,A01
200600020601,0,07,000,00,2,2,01,A01
200600020601,0,02,000,01,2,1,01,B01
200600020602,0,02,000,00,2,1,01,A01
200600020602,0,07,000,00,2,4,01,B01
200600020603,0,30,000,00,0,0,01,A01
200600020604,0,07,000,00,1,1,01,A01
200600020605,0,07,000,13,0,9,01,A01
200600020606,0,02,000,00,2,1,01,B01
200600020606,0,07,000,00,2,6,09,A01
200600020607,0,02,000,00,2,7,01,B01
200600020607,0,07,000,00,2,1,01,A01
200600020608,0,30,000,00,2,1,01,A01
200600020608,0,14,000,00,2,1,01,B01
200600020609,0,07,000,00,1,1,01,A01
200600020610,0,07,000,00,2,1,01,B01
200600020610,0,07,000,00,2,1,01,C01
200600020610,0,02,000,00,2,7,01,A01
200600020611,0,16,000,00,2,1,13,A01
200600020611,0,02,000,00,2,1,01,B01
200600020612,0,33,000,00,2,1,01,B01
200600020612,0,07,000,00,2,2,09,A01
200600020613,0,07,000,00,2,7,16,A01
200600020613,0,01,000,00,2,1,01,B01
200600020614,0,07,000,00,1,1,01,A01
200600020615,0,07,000,00,2,5,10,A01
200600020615,0,33,000,00,2,1,02,B01
200600020616,0,07,000,00,1,2,02,A01
200600020617,0,30,000,00,1,1,13,A01
200600020618,0,07,000,01,0,1,01,A01
200600020619,0,07,000,00,1,1,01,A01
200600020620,0,07,000,00,1,1,01,A01
200600020621,0,31,000,09,0,1,21,A01
200600020622,0,07,000,00,1,1,16,A01
200600020623,0,07,000,00,2,2,09,A01
200600020623,0,07,000,00,2,3,01,B01
200600020624,0,07,000,06,0,1,01,A01
200600020625,0,02,000,00,2,2,01,A01
200600020625,0,07,000,00,2,3,15,B01
200600020626,0,07,000,00,2,8,11,A01
200600020626,0,02,000,00,2,7,00,B01
200600020627,0,07,000,00,1,1,15,A01
200600020628,0,07,000,00,2,1,01,A01
200600020628,0,07,000,00,2,3,15,B01
200600020629,0,02,000,00,2,1,01,A01
200600020629,0,07,000,00,2,3,09,B01
200600020630,0,07,000,00,1,1,01,A01
200600020631,0,30,000,00,2,2,01,B01
200600020631,0,07,000,00,2,2,19,A01
200600020632,0,07,000,00,2,2,01,A01
200600020632,0,01,000,00,2,1,19,B01
200600020633,0,07,000,00,1,1,01,A01
200600020634,0,33,000,00,2,8,01,A01
200600020634,0,07,000,00,2,5,15,B01
200600020635,0,07,000,00,2,2,16,A01
200600020635,0,37,020,00,2,2,01,B01
200600020636,1,07,000,00,2,5,01,A01
200600020636,0,02,000,00,2,1,01,B01
200600020637,0,07,000,00,2,1,01,A01
200600020637,0,07,000,00,2,4,01,B01
200600020638,0,37,000,00,2,7,07,B01
200600020638,0,37,000,00,2,1,15,A01
200600020639,0,10,000,01,0,3,01,A01
200600020640,0,07,000,06,2,5,15,A01
200600020640,0,33,000,00,2,1,01,B01
200600020641,0,02,000,00,2,1,01,A01
200600020641,0,07,000,00,2,8,01,B01
200600020642,0,31,000,00,2,1,02,A01
200600020642,0,07,000,00,2,4,16,B01
200600020643,0,07,000,00,2,1,01,A01
200600020643,0,07,000,00,2,4,23,B01
200600020644,0,07,000,00,2,3,13,A01
200600020644,0,14,000,00,2,3,01,B01
200600020645,0,07,000,00,1,1,01,A01
200600020646,0,07,000,00,2,1,16,B01
200600020646,0,02,000,00,2,3,05,A01
200600020647,0,07,000,00,2,3,15,A01
200600020647,0,07,000,00,2,3,01,B01
200600020648,0,07,000,00,2,3,09,A01
200600020648,0,07,000,00,2,2,01,B01
200600020649,0,07,000,00,2,2,01,A01
200600020649,0,07,000,00,2,1,15,B01
200600020650,0,05,000,00,2,8,13,A01
200600020650,0,07,000,00,2,6,01,B01
200600020651,0,37,001,00,1,2,01,A01
200600020652,0,07,000,00,2,6,04,A01
200600020652,0,07,000,00,2,2,01,B01
200600020653,0,02,000,00,2,1,01,A01
200600020653,0,07,000,00,2,8,16,B01
200600020654,0,02,000,00,2,1,01,A01
200600020654,0,07,000,00,2,7,01,B01
200600020655,0,07,000,00,1,3,01,A01
200600020656,0,01,000,01,0,3,00,A01
200600020657,0,02,000,01,0,1,15,A01
200600020658,0,02,000,00,0,0,16,A01
200600020659,0,07,000,00,1,2,05,A01
200600020660,0,02,000,00,2,4,01,A01
200600020660,0,07,000,00,2,1,01,B01
200600020661,0,02,000,08,0,7,01,A01
200600020662,0,99,000,00,1,3,01,A01
200600020663,1,07,000,00,2,1,01,A01
200600020663,0,01,000,00,2,6,19,B01
200600020664,0,07,000,00,2,3,09,A01
200600020664,0,33,000,00,2,1,01,B01
200600020665,0,07,000,00,2,1,01,B01
200600020665,0,07,000,00,2,1,14,A01
200600020666,0,07,000,00,2,1,01,A01
200600020666,0,07,000,00,2,1,01,B01
200600020666,0,07,000,00,2,4,01,C01
200600020667,0,02,000,00,2,5,01,B01
200600020667,1,07,000,00,2,1,01,A01
200600020668,0,07,000,00,2,9,13,A01
200600020668,0,07,000,00,2,3,01,B01
200600020669,0,33,000,00,2,1,17,A01
200600020669,0,07,000,00,2,6,15,B01
200600020670,0,07,000,00,1,1,01,A01
200600020671,0,07,000,00,2,4,01,A01
200600020671,1,07,000,00,2,1,01,B01
200600020672,0,07,000,00,2,3,10,A01
200600020672,0,33,000,00,2,1,01,B01
200600020673,0,07,000,08,0,9,01,A01
200600020674,0,07,000,00,2,4,23,C01
200600020674,0,07,000,00,2,1,01,A01
200600020674,0,07,000,00,2,4,01,B01
200600020675,0,30,000,00,2,1,01,B01
200600020675,1,07,000,00,2,3,15,A01
200600020676,0,02,000,01,0,7,01,A01
200600020677,0,07,000,15,0,7,00,A01
200600020678,0,05,000,00,2,1,02,A01
200600020678,0,07,000,00,0,6,02,B01
200600020679,0,07,000,00,2,3,15,A01
200600020679,0,30,000,00,2,1,01,B01
200600020680,0,07,000,01,0,1,01,A01
200600020680,0,07,000,00,2,4,24,B01
200600020681,0,07,000,00,1,2,01,A01
200600020682,0,07,000,00,2,1,01,A01
200600020682,0,07,000,00,2,6,01,B01
200600020683,0,07,000,00,1,1,01,B01
200600020684,0,10,000,00,2,5,01,A01
200600020684,0,01,000,00,2,1,01,B01
200600020685,0,07,000,00,2,1,02,A01
200600020685,0,07,000,00,2,2,02,B01
200600020685,0,07,000,00,2,4,02,C01
200600020686,0,07,000,00,1,1,01,B01
200600020687,0,07,000,00,1,0,01,A01
200600020687,0,07,000,00,1,0,22,B01
200600020688,0,07,000,03,0,1,01,A01
200600020689,2,07,000,01,2,1,01,A01
200600020689,0,07,000,00,2,4,15,B01
200600020690,0,07,000,00,2,5,16,A01
200600020690,0,01,000,00,2,1,01,B01
200600020691,0,07,000,00,1,1,01,B01
200600020692,0,07,000,00,1,1,01,A01
200600020693,0,07,000,01,0,1,02,A01
200600020694,0,07,000,00,1,2,23,B01
200600020695,0,20,000,00,1,0,01,A01
200600020696,0,32,000,12,0,1,01,A01
200600020697,0,07,000,00,1,1,01,A01
200600020698,0,30,000,00,2,1,02,A01
200600020698,0,07,000,00,2,6,15,B01
200600020699,0,02,000,00,2,1,01,A01
200600020699,0,14,000,00,2,4,01,B01
200600020700,0,07,000,00,1,6,04,A01
200600020701,0,01,000,00,1,1,01,A01
200600020702,0,07,000,00,2,1,02,A01
200600020702,0,07,000,08,2,8,02,B01
200600020703,0,07,000,02,0,1,01,A01
200600020704,0,02,000,00,2,1,01,B01
200600020704,0,07,000,00,2,3,15,A01
200600020705,0,07,000,00,2,8,15,A01
200600020705,0,05,000,00,2,1,01,B01
200600020706,0,07,000,00,2,3,01,A01
200600020706,0,07,000,00,2,2,01,B01
200600020707,0,07,000,00,1,5,01,A01
200600020708,0,02,000,14,0,1,01,A01
200600020708,0,38,001,00,0,4,23,B01
200600020709,0,03,000,08,0,1,01,A01
200600020710,0,07,000,15,0,3,13,A01
200600020711,0,10,000,00,1,4,04,A01
200600020712,0,05,000,00,2,1,01,A01
200600020712,0,07,000,00,0,2,15,B01
200600020713,0,07,000,00,2,3,20,A01
200600020713,0,07,000,00,2,1,01,B01
200600020714,1,07,000,00,1,1,00,A01
200600020715,0,07,000,00,2,2,16,A01
200600020715,0,07,000,00,2,1,01,B01
200600020716,0,02,000,00,2,1,01,A01
200600020716,0,07,000,00,2,4,02,B01
200600020717,0,07,000,00,2,1,01,A01
200600020717,0,07,000,00,2,1,01,B01
200600020718,0,07,000,00,2,3,01,A01
200600020718,0,02,000,00,2,2,16,B01
200600020719,0,07,000,00,0,2,01,A01
200600020720,0,07,000,00,1,0,20,A01
200600020721,0,02,000,00,2,1,01,B01
200600020721,1,07,000,00,0,0,01,A01
200600020722,1,07,000,00,0,0,00,A01
200600020723,0,07,000,00,1,0,15,A01
200600020724,0,07,000,00,6,2,15,A01
200600020724,0,07,000,00,2,9,01,B01
200600020725,0,07,000,00,2,1,01,A01
200600020725,0,07,000,00,2,4,02,B01
200600020726,1,01,000,00,0,1,01,A01
200600020727,0,07,000,00,1,0,15,A01
200600020728,0,07,000,00,1,1,01,A01
200600020729,0,07,000,00,2,5,01,A01
200600020729,0,02,000,00,2,1,01,B01
200600020730,0,07,000,00,2,1,01,A01
200600020730,0,07,000,00,2,1,05,B01
200600020731,0,07,000,00,1,2,01,A01
200600020732,0,07,000,00,2,0,01,A01
200600020732,0,07,000,00,2,1,20,B01
200600020733,0,07,000,01,2,1,20,A01
200600020733,0,07,000,01,2,1,01,B01
200600020734,0,02,000,00,2,1,17,A01
200600020734,0,07,000,00,2,8,15,B01
200600020735,0,07,000,00,2,5,15,A01
200600020735,0,02,000,00,2,1,01,B01
200600020736,1,07,000,00,2,0,00,A01
200600020736,0,07,000,01,2,3,01,B01
200600020737,0,07,000,00,1,0,01,A01
200600020738,0,02,000,00,2,1,01,A01
200600020738,0,07,000,00,2,2,02,B01
200600020739,0,07,000,00,1,0,01,A01
200600020740,0,07,000,00,1,0,01,A01
200600020741,0,07,000,00,1,0,01,A01
200600020742,0,07,000,00,2,1,01,A01
200600020742,0,07,000,00,2,9,02,B01
200600020742,0,07,000,00,1,4,02,C01
200600020743,1,07,000,00,1,0,00,A01
200600020744,0,07,000,00,2,2,15,A01
200600020744,0,07,000,00,2,1,01,B01
200600020745,0,07,000,00,1,4,04,A01
200600020746,0,07,000,00,1,2,01,A01
200600020747,0,07,000,00,2,1,13,A01
200600020747,0,07,000,00,2,1,01,B01
200600020748,0,07,000,00,0,1,01,A01
200600020748,0,02,000,00,2,1,15,B01
200600020749,0,07,000,00,2,1,19,A01
200600020749,0,02,000,00,2,7,01,B01
200600020750,0,01,000,00,0,1,01,B01
200600020750,0,07,000,00,0,2,01,A01
200600020751,0,33,000,00,0,0,01,A01
200600020752,0,05,000,00,1,2,01,A01
200600020753,0,15,000,00,2,1,01,B01
200600020753,0,07,000,00,2,7,21,A01
200600020753,0,07,000,00,0,0,19,C01
200600020754,1,07,000,00,1,1,01,A01
200600020755,0,10,000,00,0,2,00,A01
200600020756,0,07,000,13,0,1,01,A01
200600020757,0,07,000,00,2,1,17,A01
200600020757,0,07,000,00,2,3,15,B01
200600020758,0,33,000,00,2,3,01,B01
200600020758,0,07,000,00,2,1,15,A01
200600020759,0,07,000,00,2,3,10,A01
200600020759,0,31,000,00,2,1,01,B01
200600020760,0,07,000,00,2,1,01,A01
200600020760,0,14,000,00,2,6,12,B01
200600020761,0,33,000,00,2,1,01,A01
200600020761,0,07,000,00,2,6,06,B01
200600020762,0,07,000,00,2,0,01,B01
200600020762,0,07,000,00,2,1,01,A01
200600020763,0,33,000,00,1,1,01,A01
200600020764,0,02,000,00,2,3,09,A01
200600020764,0,07,000,00,9,2,21,B01
200600020765,0,07,000,00,2,2,12,A01
200600020765,0,07,000,00,2,3,00,B01
200600020766,0,07,000,00,1,2,00,A01
200600020767,0,07,000,00,1,2,00,A01
200600020768,0,01,000,00,2,1,01,B01
200600020768,0,07,001,00,2,1,01,A01
200600020769,0,05,000,00,0,4,01,A01
200600020769,0,05,000,00,2,1,01,B01
200600020770,0,30,000,00,2,1,01,B01
200600020770,0,07,000,00,2,3,01,A01
200600020771,0,07,000,00,1,3,01,A01
200600020772,0,07,000,15,0,1,13,A01
200600020773,0,31,000,00,2,7,21,B01
200600020773,0,07,000,00,2,2,01,A01
200600020774,0,07,000,00,1,4,04,A01
200600020775,0,07,000,00,2,3,01,A01
200600020775,0,07,000,06,2,1,01,B01
200600020776,0,07,000,00,2,3,20,A01
200600020776,0,14,000,00,2,7,01,B01
200600020777,0,07,000,02,0,1,01,A01
200600020778,0,07,000,03,2,1,05,A01
200600020778,0,15,000,03,2,1,21,B01
200600020779,0,02,000,00,0,1,00,A01
200600020780,0,07,000,00,0,0,09,A01
200600020780,0,07,000,00,0,0,14,B01
200600020781,0,07,000,00,0,2,01,A01
200600020781,0,01,000,00,0,6,11,B01
200600020782,0,07,000,00,2,2,01,B01
200600020782,0,01,000,00,2,1,19,A01
200600020783,0,07,000,00,1,2,00,A01
200600020784,0,07,000,00,2,4,01,A01
200600020784,0,07,000,00,2,3,01,B01
200600020785,0,07,000,00,2,7,02,B01
200600020785,0,07,000,00,2,3,02,A01
200600020786,0,36,000,00,1,1,21,A01
200600020787,0,07,000,00,1,1,01,A01
200600020788,1,07,000,00,2,0,00,A01
200600020788,0,02,000,00,2,4,01,B01
200600020789,0,07,000,00,2,2,01,B01
200600020789,0,07,000,00,2,1,15,A01
200600020790,0,02,000,00,2,1,01,A01
200600020790,0,07,000,00,2,2,15,B01
200600020791,0,07,000,00,2,3,20,A01
200600020791,0,33,000,00,2,2,01,B01
200600020792,0,07,000,00,1,2,01,A01
200600020793,0,05,000,06,0,1,00,A01
200600020794,0,02,000,00,2,1,05,A01
200600020794,0,07,000,00,2,1,01,B01
200600020795,0,07,000,00,1,4,04,A01
200600020796,0,01,000,00,0,1,05,A01
200600020796,0,07,000,00,0,2,01,B01
200600020797,0,07,000,00,1,2,01,A01
200600020798,0,07,000,00,1,3,01,A01
200600020799,1,10,000,00,2,8,10,A01