Num_Acc,senc,catv,occutc,obs,obsm,choc,manv,num_veh
200600020799,0,04,000,00,2,5,01,B01
200600020800,0,07,000,00,1,2,01,A01
200600020801,0,02,000,00,2,1,13,A01
200600020801,0,07,000,00,2,3,01,B01
200600020802,0,07,000,00,1,1,15,A01
200600020803,0,07,000,00,9,7,17,A01
200600020803,0,01,000,00,2,8,01,B01
200600020804,0,07,000,00,2,8,01,B01
200600020804,0,07,000,00,2,1,19,A01
200600020805,0,07,000,15,0,1,01,A01
200600020806,0,07,000,00,9,3,10,A01
200600020806,0,05,000,00,2,1,01,B01
200600020807,0,14,000,00,2,2,15,A01
200600020807,0,07,000,00,2,1,01,B01
200600020808,0,07,000,00,9,2,01,A01
200600020808,0,05,000,00,2,1,01,B01
200600020809,1,07,000,00,1,2,05,A01
200600020810,0,02,000,00,0,0,16,A01
200600020811,0,10,000,00,2,3,01,B01
200600020811,0,01,000,00,2,1,01,A01
200600020812,0,32,000,14,0,1,01,A01
200600020813,0,33,000,00,2,7,01,B01
200600020813,0,30,000,00,2,1,01,A01
200600020814,0,07,000,00,2,2,01,A01
200600020814,0,07,000,00,2,3,01,B01
200600020815,0,07,000,00,2,2,15,B01
200600020815,0,02,000,00,2,1,01,A01
200600020816,0,07,000,02,0,1,14,A01
200600020817,0,07,000,08,0,7,13,A01
200600020818,0,07,000,00,2,8,13,A01
200600020818,0,33,000,02,2,7,17,B01
200600020819,0,07,000,00,2,3,15,A01
200600020819,0,30,000,00,2,1,01,B01
200600020820,0,07,000,00,2,1,17,A01
200600020820,0,07,000,00,2,3,15,B01
200600020821,0,07,000,00,9,1,01,A01
200600020821,0,01,000,00,2,8,15,B01
200600020822,0,07,000,14,0,1,01,A01
200600020823,0,07,000,03,0,1,01,A01
200600020824,0,07,000,00,2,3,01,A01
200600020824,0,33,000,00,2,8,01,B01
200600020825,0,07,000,00,2,1,01,A01
200600020825,0,07,000,00,2,4,23,B01
200600020825,0,07,000,00,2,4,23,C01
200600020826,0,01,000,00,0,0,01,A01
200600020827,0,07,000,16,2,1,01,A01
200600020827,0,07,000,00,0,4,23,B01
200600020828,0,07,000,00,2,1,01,B01
200600020828,0,07,000,00,2,6,15,A01
200600020829,0,02,000,00,2,1,01,A01
200600020829,0,07,000,00,2,4,23,B01
200600020830,0,33,000,01,0,1,01,A01
200600020831,0,07,000,00,0,2,23,C01
200600020831,0,07,000,00,2,5,01,B01
200600020831,1,07,000,00,2,7,19,A01
200600020832,0,30,000,00,2,1,01,B01
200600020832,0,07,000,00,2,2,15,A01
200600020833,0,07,000,01,0,1,13,A01
200600020834,0,07,000,00,1,1,17,A01
200600020835,0,07,000,00,1,2,01,A01
200600020836,0,07,000,00,1,1,01,A01
200600020837,0,07,000,00,2,2,00,A01
200600020838,0,07,001,00,2,1,01,A01
200600020838,0,07,000,00,2,2,01,B01
200600020838,0,07,000,00,2,7,01,C01
200600020839,0,07,000,00,2,1,02,A01
200600020839,0,07,000,00,2,4,02,B01
200600020840,0,07,000,00,2,1,00,A01
200600020840,0,07,000,00,2,4,01,B01
200600020841,0,02,000,00,2,7,01,B01
200600020841,1,07,000,00,2,0,00,A01
200600020842,0,07,000,00,2,1,01,A01
200600020842,0,07,000,00,2,4,23,B01
200600020842,0,07,000,00,2,4,23,C01
200600020843,0,02,000,00,0,1,01,A01
200600020843,0,02,000,00,2,1,01,B01
200600020844,0,07,000,00,1,5,01,A01
200600020845,0,07,000,00,2,1,13,A01
200600020845,0,07,000,00,2,8,01,B01
200600020846,0,07,000,00,1,1,01,A01
200600020847,0,02,000,00,2,1,01,B01
200600020847,0,07,000,00,2,3,01,A01
200600020848,0,33,000,12,0,8,01,B01
200600020848,0,10,000,00,0,0,23,A01
200600020849,0,33,000,00,2,1,17,A01
200600020849,0,07,000,00,2,8,15,B01
200600020850,0,07,000,00,2,7,16,A01
200600020850,0,07,000,00,2,3,01,B01
200600020851,0,07,000,00,1,3,16,A01
200600020852,0,07,000,00,2,2,15,A01
200600020852,0,02,000,00,2,1,01,B01
200600020853,0,07,000,00,2,1,01,A01
200600020853,0,07,000,00,2,4,23,B01
200600020854,0,02,000,00,2,1,01,A01
200600020854,0,01,000,00,2,1,01,B01
200600020855,0,07,000,00,2,3,15,A01
200600020855,0,18,000,00,2,2,01,B01
200600020856,0,07,000,00,2,2,15,A01
200600020856,0,32,000,00,2,8,01,B01
200600020857,0,07,000,00,2,1,01,A01
200600020857,0,07,000,00,2,4,23,B01
200600020857,0,10,000,00,2,4,23,C01
200600020858,0,07,000,00,2,1,02,A01
200600020858,0,07,000,00,2,4,02,B01
200600020858,0,07,000,00,2,4,02,C01
200600020859,0,07,000,00,2,4,20,A01
200600020860,0,07,000,00,2,1,01,A01
200600020860,0,07,000,00,2,4,01,B01
200600020861,0,07,000,00,2,4,04,A01
200600020861,0,31,000,00,2,2,01,B01
200600020862,0,07,000,00,2,1,15,A01
200600020862,0,01,000,00,2,1,01,B01
200600020863,0,30,000,00,2,1,01,A01
200600020863,0,07,000,00,2,3,15,B01
200600020864,0,07,000,00,2,1,01,A01
200600020864,0,30,000,00,2,1,01,B01
200600020865,0,07,000,00,2,1,01,A01
200600020865,0,07,000,00,2,1,01,B01
200600020866,0,03,000,01,0,1,01,A01
200600020867,0,07,000,00,2,2,01,A01
200600020867,0,07,000,00,2,4,01,B01
200600020868,0,07,000,00,2,1,15,A01
200600020868,0,31,000,00,2,8,01,B01
200600020869,0,07,000,00,2,1,01,B01
200600020869,0,07,000,00,2,8,15,A01
200600020870,0,07,000,00,2,1,01,A01
200600020870,0,07,000,00,2,1,01,B01
200600020871,0,07,000,00,1,3,01,A01
200600020872,0,07,000,00,2,3,01,A01
200600020872,0,05,000,00,2,1,01,B01
200600020873,0,07,000,00,0,4,01,B01
200600020873,0,07,000,00,2,1,01,A01
200600020874,0,02,000,00,2,2,17,A01
200600020874,0,07,000,00,0,8,15,B01
200600020875,0,33,000,00,2,1,01,B01
200600020875,0,07,000,00,2,3,09,A01
200600020876,0,07,000,00,2,2,01,A01
200600020876,0,07,000,00,2,1,01,B01
200600020877,0,30,000,00,2,1,01,A01
200600020877,0,07,000,00,2,4,01,B01
200600020878,0,07,000,00,2,3,13,A01
200600020878,0,14,000,00,2,3,01,B01
200600020879,0,07,000,00,1,1,15,A01
200600020880,0,02,000,00,2,1,01,B01
200600020880,0,07,000,00,2,5,15,A01
200600020881,0,07,000,00,2,6,09,B01
200600020881,0,33,000,00,2,1,09,A01
200600020882,0,07,000,00,2,3,14,A01
200600020882,0,01,000,00,2,4,01,B01
200600020882,0,01,000,00,2,4,01,C01
200600020883,0,02,000,00,2,1,01,A01
200600020883,0,07,000,00,2,1,15,B01
200600020884,0,07,000,13,0,1,13,A01
200600020885,0,30,000,00,2,1,02,A01
200600020885,0,30,000,00,2,3,23,B01
200600020886,0,02,000,00,2,7,01,A01
200600020886,0,07,000,00,2,8,01,B01
200600020887,0,03,000,00,2,1,02,A01
200600020888,0,02,000,12,0,1,01,A01
200600020889,0,31,000,00,2,1,01,B01
200600020889,0,07,000,00,2,2,01,A01
200600020890,0,02,000,00,0,7,01,A01
200600020891,0,07,000,00,2,8,09,A01
200600020891,0,02,000,00,2,8,01,B01
200600020892,0,02,000,00,2,8,13,A01
200600020892,0,07,000,00,2,7,17,B01
200600020893,0,07,000,00,2,3,01,B01
200600020893,0,07,000,00,2,3,05,A01
200600020894,0,02,000,00,2,1,01,B01
200600020894,0,07,000,00,2,6,09,A01
200600020895,0,02,000,00,2,1,02,A01
200600020895,0,07,000,00,2,4,02,B01
200600020896,0,07,000,00,2,3,13,A01
200600020896,0,07,000,06,2,3,01,B01
200600020897,0,07,000,00,2,3,01,B01
200600020897,0,07,000,00,2,1,15,A01
200600020898,0,07,000,00,2,1,02,A01
200600020898,0,07,000,00,2,4,02,B01
200600020899,0,02,000,15,0,1,00,A01
200600020900,0,30,000,00,2,0,01,B01
200600020900,0,07,000,00,2,0,09,A01
200600020901,0,07,000,00,9,1,09,A01
200600020902,0,07,000,00,0,0,01,A01
200600020903,0,02,000,00,1,1,01,A01
200600020904,0,07,000,00,2,2,01,A01
200600020904,0,02,000,00,2,1,01,B01
200600020905,0,02,000,00,2,1,02,A01
200600020905,0,07,000,00,0,4,02,B01
200600020906,0,07,000,00,2,1,02,A01
200600020906,0,07,000,00,0,4,02,B01
200600020907,0,07,000,00,9,3,15,A01
200600020907,0,02,000,00,2,1,01,B01
200600020908,0,02,000,00,1,1,10,A01
200600020909,0,02,000,00,9,1,02,A01
200600020909,0,02,000,00,9,4,02,B01
200600020910,0,02,000,00,0,6,01,A01
200600020911,0,31,000,00,2,1,01,B01
200600020911,0,07,000,00,2,7,01,A01
200600020912,0,07,000,00,2,2,01,A01
200600020912,0,07,000,00,2,1,01,B01
200600020913,0,02,000,00,2,1,18,B01
200600020913,0,07,000,00,2,1,15,A01
200600020914,0,30,000,00,2,1,01,A01
200600020914,0,07,000,00,2,3,15,B01
200600020915,0,07,000,00,2,8,01,A01
200600020915,0,07,000,00,2,1,01,B01
200600020916,0,02,000,00,2,1,01,B01
200600020916,0,07,000,00,2,3,15,A01
200600020917,0,07,000,01,2,3,01,B01
200600020917,0,02,000,00,2,1,13,A01
200600020918,0,07,000,00,2,4,02,B01
200600020918,0,02,000,00,2,1,02,A01
200600020919,0,07,000,00,2,1,05,B01
200600020919,0,07,000,00,2,2,15,A01
200600020920,0,07,000,00,2,1,00,A01
200600020920,0,30,000,00,2,8,01,B01
200600020921,0,07,000,06,0,1,01,A01
200600020922,0,01,000,00,2,1,01,B01
200600020922,0,07,000,00,2,0,15,A01
200600020923,0,07,000,00,1,2,01,A01
200600020924,0,31,000,00,2,1,15,A01
200600020924,0,07,000,00,2,3,15,B01
200600020925,0,01,000,00,2,1,01,A01
200600020926,0,01,000,00,2,7,19,A01
200600020926,0,07,000,00,2,1,01,B01
200600020927,0,07,000,00,2,1,01,A01
200600020927,0,07,000,00,2,1,01,B01
200600020928,0,07,000,00,2,4,02,B01
200600020928,0,07,000,00,2,1,02,A01
200600020929,0,07,000,01,2,1,01,B01
200600020929,0,07,000,00,0,2,23,C01
200600020929,0,10,000,00,2,1,01,A01
200600020930,0,07,000,00,2,7,16,B01
200600020930,0,02,000,00,2,1,02,A01
200600020931,0,07,000,00,2,5,15,A01
200600020931,0,07,000,00,2,1,01,B01
200600020932,0,33,000,00,2,7,09,A01
200600020932,0,07,000,00,2,3,01,B01
200600020933,0,10,000,00,2,4,24,A01
200600020933,0,07,000,00,2,2,01,B01
200600020934,0,01,000,00,2,1,01,A01
200600020934,0,07,000,00,2,8,20,B01
200600020935,0,07,000,00,1,1,02,A01
200600020935,0,07,000,00,2,4,23,B01
200600020936,0,30,000,00,2,1,02,A01
200600020936,0,07,000,00,2,4,23,B01
200600020937,0,02,000,00,2,1,02,A01
200600020937,0,07,000,00,2,4,01,B01
200600020938,0,02,000,13,0,1,18,A01
200600020939,0,07,000,00,2,2,15,A01
200600020939,0,02,000,00,2,1,01,B01
200600020940,0,07,000,00,2,1,02,A01
200600020940,0,07,000,00,1,4,23,B01
200600020940,0,07,000,00,2,4,23,C01
200600020941,0,07,000,00,2,4,16,A01
200600020941,0,02,000,00,2,1,01,B01
200600020942,0,02,000,00,2,1,01,B01
200600020942,0,07,000,00,2,3,15,A01
200600020943,0,07,000,00,2,1,02,A01
200600020943,0,07,000,00,2,4,02,B01
200600020944,0,07,000,00,2,1,14,A01
200600020944,0,30,000,00,2,1,15,B01
200600020945,0,30,000,00,2,1,16,A01
200600020945,0,07,000,00,2,8,10,B01
200600020946,0,33,000,00,2,1,13,A01
200600020946,0,07,000,00,2,8,01,B01
200600020947,0,07,000,00,2,2,15,A01
200600020947,0,02,000,00,2,1,01,B01
200600020948,0,07,000,00,2,6,10,A01
200600020948,0,07,000,00,2,1,01,B01
200600020949,0,07,000,04,0,3,13,A01
200600020950,0,07,000,00,2,7,16,A01
200600020950,0,02,000,00,2,1,02,B01
200600020951,0,07,000,00,1,1,01,A01
200600020952,0,07,000,00,0,3,15,A01
200600020952,0,30,000,00,0,3,16,B01
200600020953,0,40,000,00,1,3,00,A01
200600020954,0,07,000,00,2,1,02,A01
200600020954,0,07,000,00,0,4,16,B01
200600020955,0,01,000,00,2,7,19,A01
200600020955,0,07,000,00,2,1,01,B01
200600020956,0,07,000,00,2,1,16,A01
200600020956,0,38,005,00,2,3,09,B01
200600020957,0,07,000,00,2,1,02,A01
200600020957,0,07,000,00,0,4,02,B01
200600020958,0,07,000,00,0,7,15,A01
200600020958,0,07,000,00,2,2,01,B01
200600020958,0,07,000,00,0,1,23,C01
200600020959,0,07,000,00,2,1,01,A01
200600020959,0,01,000,00,0,4,15,B01
200600020960,0,07,000,00,2,2,15,A01
200600020960,0,33,000,00,2,1,01,B01
200600020961,0,07,000,15,2,3,15,A01
200600020961,0,07,000,00,2,1,01,B01
200600020962,0,07,000,00,2,1,01,B01
200600020962,0,07,000,00,2,2,01,A01
200600020963,0,02,000,00,2,1,01,A01
200600020963,0,07,000,00,2,6,23,B01
200600020964,0,02,000,00,2,1,01,A01
200600020964,0,07,000,00,0,7,15,B01
200600020965,0,07,000,00,0,7,17,A01
200600020965,0,01,000,00,2,6,13,B01
200600020966,0,10,000,00,2,1,02,A01
200600020966,0,07,000,00,2,4,02,B01
200600020966,0,07,000,00,0,4,02,C01
200600020967,0,02,000,00,2,1,01,A01
200600020967,0,07,000,00,0,8,15,B01
200600020968,0,02,000,00,2,1,02,A01
200600020968,0,07,000,00,0,4,01,B01
200600020969,0,30,000,00,2,7,01,B01
200600020969,0,07,000,00,2,1,15,A01
200600020970,0,07,000,00,1,2,01,A01
200600020971,0,38,001,00,1,1,01,A01
200600020972,0,07,000,06,2,5,13,A01
200600020972,0,33,000,00,2,1,01,B01
200600020973,0,07,000,00,1,2,01,A01
200600020974,0,07,000,00,2,7,01,B01
200600020974,2,07,000,00,2,8,13,A01
200600020975,0,07,000,00,2,8,10,A01
200600020975,0,07,000,00,2,1,01,B01
200600020976,0,07,000,00,1,7,01,A01
200600020977,0,30,000,00,2,2,15,A01
200600020977,0,07,000,00,2,3,01,B01
200600020978,0,07,000,01,0,1,01,A01
200600020978,0,07,000,00,0,6,24,B01
200600020979,1,99,000,00,2,2,01,A01
200600020979,0,01,000,00,2,4,01,B01
200600020980,0,07,000,00,0,2,01,A01
200600020980,0,02,000,00,2,1,01,B01
200600020981,0,07,000,02,0,1,01,A01
200600020982,0,07,000,00,2,1,15,B01
200600020982,0,07,000,00,2,1,01,A01
200600020983,0,30,000,00,2,1,01,A01
200600020983,0,07,000,00,2,4,01,B01
200600020984,0,07,000,00,1,3,00,A01
200600020985,0,07,000,00,2,1,15,A01
200600020985,0,07,000,00,2,1,01,B01
200600020986,0,07,000,00,2,5,17,A01
200600020986,0,01,000,00,2,1,01,B01
200600020987,0,07,000,00,2,2,01,A01
200600020987,0,01,000,00,2,1,01,B01
200600020988,0,07,000,00,2,7,01,A01
200600020988,0,07,000,00,2,1,01,B01
200600020989,0,07,000,00,2,2,16,A01
200600020989,0,33,000,00,2,8,01,B01
200600020990,0,07,000,00,2,1,01,A01
200600020990,0,07,000,00,2,8,01,B01
200600020991,0,02,000,00,2,7,01,B01
200600020991,0,07,000,00,2,0,01,C01
200600020991,0,07,000,00,2,1,01,A01
200600020992,0,07,000,00,2,1,01,A01
200600020992,0,07,000,00,2,4,01,B01
200600020992,0,07,000,00,2,4,01,C01
200600020993,0,01,000,01,0,1,14,A01
200600020994,0,07,000,00,2,7,01,A01
200600020994,0,07,000,00,2,1,01,B01
200600020995,0,07,000,00,2,1,01,B01
200600020995,0,02,000,00,2,7,01,A01
200600020996,0,02,000,11,0,1,01,A01
200600020997,0,07,000,00,1,1,15,A01
200600020998,0,07,000,00,2,2,15,A01
200600020998,0,07,000,00,2,1,01,B01
200600020999,0,07,000,03,1,2,01,A01
200600021000,0,07,000,00,2,1,13,A01
200600021000,0,07,000,00,2,1,01,B01
200600021001,0,07,000,00,2,1,15,A01
200600021001,0,02,000,00,2,1,01,B01
200600021002,0,07,000,00,2,1,19,A01
200600021002,0,07,000,01,2,3,01,B01
200600021003,0,07,000,00,2,2,15,A01
200600021003,0,32,000,00,2,1,01,B01
200600021004,0,33,000,00,2,1,01,B01
200600021004,0,07,000,00,2,2,01,A01
200600021005,2,10,000,00,2,3,01,A01
200600021005,0,07,000,00,2,4,01,B01
200600021005,0,07,000,00,2,4,01,C01
200600021005,0,07,000,00,2,4,01,D01
200600021006,0,33,000,12,0,7,01,A01
200600021007,0,07,000,00,2,1,15,A01
200600021007,0,07,000,00,2,3,01,B01
200600021008,0,01,000,00,2,8,19,A01
200600021008,0,07,000,00,2,2,01,B01
200600021009,1,01,000,00,1,1,00,A01
200600021010,0,07,000,00,1,1,01,A01
200600021011,0,01,000,00,2,8,13,A01
200600021011,0,07,000,00,2,2,01,B01
200600021012,0,10,000,08,0,1,01,A01
200600021013,0,07,000,00,1,2,01,A01
200600021014,0,01,000,00,1,1,01,A01
200600021015,0,07,000,00,2,5,16,A01
200600021015,0,30,000,00,2,3,16,B01
200600021016,0,07,000,00,1,3,01,A01
200600021017,0,30,000,00,2,1,17,A01
200600021017,0,07,000,00,2,8,15,B01
200600021018,0,02,000,00,2,1,01,A01
200600021018,0,07,000,00,2,2,16,B01
200600021019,0,33,000,00,2,1,02,A01
200600021019,0,07,000,00,2,6,02,B01
200600021020,0,07,000,02,0,1,01,A01
200600021021,0,07,000,00,2,1,01,A01
200600021021,0,07,000,00,2,1,15,B01
200600021022,0,07,000,00,2,1,13,A01
200600021022,0,07,000,00,2,1,01,B01
200600021023,0,07,000,00,2,1,14,A01
200600021023,0,38,005,00,2,6,23,B01
200600021024,1,10,000,00,0,0,14,A01
200600021024,0,02,000,00,0,7,21,B01
200600021025,1,07,000,00,2,3,01,A01
200600021025,0,02,000,00,2,8,01,B01
200600021026,0,07,000,00,2,3,22,A01
200600021026,0,01,000,00,2,1,01,B01
200600021027,0,02,000,00,1,1,01,A01
200600021028,0,07,000,00,1,3,01,A01
200600021029,1,02,000,00,2,1,05,A01
200600021029,0,01,000,00,2,6,01,B01
200600021030,0,30,000,00,2,8,01,B01
200600021030,0,07,000,00,2,2,15,A01
200600021031,0,07,000,00,1,2,01,A01
200600021032,0,07,000,00,2,3,06,A01
200600021032,0,02,000,00,0,3,01,B01
200600021033,0,07,000,00,2,2,01,B01
200600021033,0,02,000,00,2,1,01,A01
200600021034,0,07,000,00,0,3,02,A01
200600021034,0,07,000,00,0,0,00,B01
200600021035,0,07,000,00,2,5,02,B01
200600021035,0,30,000,00,2,1,01,A01
200600021036,1,07,000,00,2,2,17,A01
200600021036,0,07,000,00,2,3,01,B01
200600021036,0,30,000,00,2,1,01,C01
200600021037,0,07,000,00,2,3,10,A01
200600021037,1,07,000,00,2,0,01,B01
200600021038,0,07,000,00,2,1,01,A01
200600021038,0,07,000,00,2,1,01,B01
200600021039,0,07,000,00,1,1,01,A01
200600021040,0,02,000,00,2,5,15,A01
200600021040,0,38,001,00,2,3,16,B01
200600021041,0,38,001,00,1,8,01,A01
200600021042,0,07,000,00,1,2,01,A01
200600021043,0,07,000,00,1,1,01,A01
200600021044,0,15,000,00,2,1,01,A01
200600021044,0,07,000,00,2,1,01,B01
200600021045,0,07,000,00,2,7,15,A01
200600021045,0,33,000,00,2,1,01,B01
200600021046,0,02,000,00,2,8,16,A01
200600021046,0,07,000,00,9,1,01,B01
200600021047,0,07,000,00,1,2,19,A01
200600021048,0,07,000,00,2,1,09,A01
200600021048,0,07,000,11,2,7,01,B01
200600021049,0,07,000,15,2,2,19,A01
200600021049,0,18,021,00,2,1,00,B01
200600021050,0,07,000,00,2,1,17,A01
200600021050,0,07,000,00,2,6,01,B01
200600021051,0,07,000,00,1,4,04,A01
200600021052,0,07,000,15,2,3,15,A01
200600021052,0,07,000,15,2,1,01,B01
200600021053,0,07,000,00,1,1,15,A01
200600021054,0,18,027,00,2,1,01,A01
200600021054,0,07,000,00,2,4,01,B01
200600021055,0,07,000,00,2,5,02,A01
200600021055,0,07,000,08,2,5,02,B01
200600021056,0,07,000,01,0,2,15,A01
200600021056,0,07,000,00,2,6,24,B01
200600021057,0,07,000,00,2,2,02,A01
200600021057,0,07,000,00,2,3,10,B01
200600021058,0,07,000,00,2,1,02,A01
200600021058,0,07,000,00,2,1,02,B01
200600021058,0,07,000,00,2,4,02,C01
200600021059,0,07,000,00,2,3,01,A01
200600021059,0,02,000,00,2,8,01,B01
200600021060,0,07,000,00,1,2,01,A01
200600021061,0,07,000,00,0,4,02,A01
200600021061,0,02,000,00,2,1,02,B01
200600021062,0,07,000,00,2,1,09,A01
200600021062,0,05,000,00,2,6,01,B01
200600021063,0,07,000,00,2,3,15,A01
200600021063,0,05,000,00,2,2,17,B01
200600021064,0,07,000,00,1,1,01,A01
200600021065,0,18,035,00,1,2,01,A01
200600021066,0,07,000,00,2,3,02,A01
200600021066,0,05,000,00,2,1,01,B01
200600021067,0,07,000,00,2,1,01,A01
200600021067,0,01,000,00,2,8,05,B01
200600021068,0,07,000,00,2,3,01,A01
200600021068,0,07,000,00,2,1,01,B01
200600021069,0,07,000,00,1,1,01,A01
200600021070,0,07,000,00,2,3,01,A01
200600021070,0,07,000,00,2,1,02,B01
200600021071,0,07,000,00,1,8,18,A01
200600021072,0,07,000,00,2,4,15,B01
200600021072,0,07,000,00,2,1,01,A01
200600021073,0,07,000,00,2,8,15,A01
200600021073,0,07,000,00,0,1,01,B01
200600021074,0,07,000,06,2,9,01,A01
200600021075,0,07,000,00,2,2,15,A01
200600021075,0,07,000,00,2,1,01,B01
200600021076,0,07,000,00,2,1,01,A01
200600021076,0,07,000,00,2,4,23,B01
200600021077,0,07,000,00,2,7,15,A01
200600021077,0,33,000,00,2,1,01,B01
200600021078,0,07,000,00,1,1,01,A01
200600021079,0,02,000,00,9,8,01,B01
200600021079,1,02,000,00,9,7,17,A01
200600021080,0,07,000,00,1,1,15,A01
200600021081,0,30,000,00,2,1,18,A01
200600021081,0,07,000,00,2,2,15,B01
200600021082,0,07,000,00,0,8,01,B01
200600021082,0,07,000,00,0,1,15,A01
200600021083,0,33,000,06,1,1,01,A01
200600021084,0,07,001,00,1,1,16,A01
200600021085,0,33,000,00,2,1,09,A01
200600021085,0,07,000,00,2,3,01,B01
200600021086,0,10,000,00,0,7,15,A01
200600021086,0,30,000,00,2,1,01,B01
200600021087,0,07,000,00,2,1,01,B01
200600021087,0,07,000,00,2,2,01,A01
200600021088,0,07,000,00,0,7,15,A01
200600021088,0,05,000,00,2,1,01,B01
200600021089,0,05,000,00,2,1,17,A01
200600021089,0,07,000,00,0,8,15,B01
200600021090,0,32,000,00,2,1,01,A01
200600021090,0,07,000,00,2,4,12,B01
200600021091,0,07,000,00,1,1,01,A01
200600021092,0,07,000,00,2,6,15,B01
200600021092,0,02,000,00,2,1,12,A01
200600021093,0,33,000,00,2,1,01,B01
200600021093,0,07,000,00,2,7,01,A01
200600021094,0,07,000,00,1,1,01,A01
200600021095,0,07,000,08,0,1,01,A01
200600021096,0,07,000,02,0,9,01,A01
200600021097,0,07,000,13,2,8,01,A01
200600021097,0,16,000,00,2,8,01,B01
200600021098,0,07,000,01,2,1,01,B01
200600021098,0,07,000,00,2,7,16,A01
200600021099,0,07,000,00,2,8,09,A01
200600021099,0,02,000,00,2,2,01,B01
200600021100,0,07,000,09,0,1,01,A01
200600021101,0,02,000,00,2,1,01,A01
200600021101,0,07,000,00,0,4,23,B01
200600021102,0,33,000,09,0,1,01,A01
200600021103,0,07,000,00,2,1,03,A01
200600021103,0,01,000,00,0,1,01,B01
200600021104,0,07,000,00,2,1,01,A01
200600021104,0,07,000,00,0,3,15,B01
200600021105,0,07,000,00,1,2,01,A01
200600021106,0,07,000,00,1,1,16,A01
200600021107,0,07,000,00,0,4,04,A01
200600021107,0,07,000,00,2,2,01,B01
200600021108,0,07,000,00,1,1,16,A01
200600021109,0,05,000,09,0,1,01,A01
200600021110,0,07,000,00,2,3,09,A01
200600021110,0,07,000,00,0,1,01,B01
200600021111,0,07,000,00,2,3,09,A01
200600021111,0,05,000,00,0,1,01,B01
200600021112,0,02,000,00,5,1,01,B01
200600021113,0,07,000,00,2,1,01,A01
200600021113,0,07,000,00,0,4,01,B01
200600021114,0,07,000,00,2,1,09,A01
200600021114,0,07,000,00,0,1,01,B01
200600021115,0,07,000,09,0,9,01,A01
200600021116,0,02,000,16,0,7,01,A01
200600021117,0,07,000,00,2,1,01,A01
200600021117,0,07,000,00,2,1,01,B01
200600021117,0,07,000,00,0,4,01,C01
200600021118,0,07,000,00,2,1,01,A01
200600021118,0,07,000,00,0,4,23,B01
200600021119,0,05,000,01,0,1,01,A01
200600021120,0,01,000,00,2,1,01,A01
200600021120,0,07,000,00,0,3,15,B01
200600021121,0,07,000,00,2,1,01,A01
200600021121,0,07,000,00,2,4,01,B01
200600021121,0,07,000,00,0,4,01,C01
200600021122,0,07,000,00,1,3,01,A01
200600021123,0,07,000,00,0,2,01,B01
200600021123,0,07,000,00,2,3,16,A01
200600021124,1,07,000,00,2,7,01,A01
200600021124,0,02,000,00,0,1,01,B01
200600021125,0,05,000,16,0,7,01,A01
200600021126,0,07,000,00,1,1,01,A01
200600021127,0,02,000,00,2,7,01,A01
200600021127,0,01,000,00,0,1,01,B01
200600021128,0,07,000,00,2,1,01,A01
200600021128,0,07,000,00,2,1,15,B01
200600021128,0,07,000,00,0,4,01,C01
200600021129,0,02,000,00,1,1,01,A01
200600021130,0,07,000,00,2,8,10,A01
200600021130,0,05,000,00,0,8,01,B01
200600021131,0,01,000,00,1,1,01,A01
200600021132,0,07,000,00,1,1,01,A01
200600021133,0,05,000,00,0,7,01,A01
200600021134,0,33,000,01,0,1,01,A01
200600021135,0,05,000,16,0,7,01,A01
200600021136,0,02,000,00,2,1,15,A01
200600021136,0,07,000,00,0,2,01,B01
200600021137,0,02,000,00,2,1,01,A01
200600021137,0,37,001,00,0,2,01,B01
200600021138,0,02,000,00,2,1,01,A01
200600021138,0,07,000,00,0,4,16,B01
200600021139,0,07,000,00,1,3,01,A01
200600021140,0,02,000,12,0,1,01,A01
200600021141,0,07,000,00,1,2,01,A01
200600021142,0,37,001,00,1,3,15,A01
200600021143,0,33,000,00,2,1,05,A01
200600021143,0,07,000,00,2,1,15,B01
200600021144,0,07,000,00,1,8,01,A01
200600021145,0,07,000,00,0,4,23,B01
200600021145,0,02,000,00,2,1,02,A01
200600021146,0,01,000,00,2,1,19,A01
200600021146,0,07,000,00,2,2,01,B01
200600021147,0,07,000,00,2,1,01,A01
200600021147,0,01,000,00,0,1,01,B01
200600021148,0,07,000,00,2,1,15,A01
200600021148,0,02,000,00,0,1,01,B01
200600021149,0,37,000,00,2,8,12,A01
200600021149,0,07,000,08,0,1,01,B01
200600021150,0,33,000,00,2,1,17,A01
200600021150,0,07,000,00,0,3,15,B01
200600021151,0,07,000,00,2,8,10,A01
200600021151,0,33,000,00,2,1,01,B01
200600021152,0,02,000,00,2,1,07,A01
200600021152,0,01,000,00,0,1,07,B01
200600021153,0,07,000,00,2,1,15,A01
200600021153,0,07,000,00,0,6,00,B01
200600021154,0,33,000,00,2,1,17,A01
200600021154,0,07,000,00,2,8,15,B01
200600021155,1,07,000,00,1,3,01,A01
200600021156,0,04,000,12,2,2,17,A01
200600021156,0,07,000,00,2,8,01,B01
200600021157,0,07,000,00,2,1,01,B01
200600021157,0,07,000,00,2,7,01,A01
200600021158,0,07,000,01,2,1,05,A01
200600021158,0,07,000,00,2,1,01,B01
200600021159,0,05,000,00,2,1,01,B01