Num_Acc,senc,catv,occutc,obs,obsm,choc,manv,num_veh
200600021159,0,01,000,00,2,3,05,A01
200600021160,1,04,000,00,2,1,00,A01
200600021161,0,04,000,00,1,1,01,A01
200600021162,0,18,000,00,1,2,01,A01
200600021163,0,07,000,00,2,1,01,B01
200600021163,0,07,000,00,2,8,01,A01
200600021164,0,02,000,00,2,1,01,A01
200600021164,0,05,000,00,2,4,01,B01
200600021165,0,05,000,00,0,0,21,A01
200600021166,0,14,000,00,1,8,01,A01
200600021167,1,02,000,00,2,5,00,A01
200600021167,0,04,000,00,2,3,01,B01
200600021168,0,05,000,00,2,2,17,A01
200600021168,0,07,000,00,2,8,01,B01
200600021169,0,04,000,00,0,0,21,A01
200600021170,0,04,000,00,2,1,01,A01
200600021170,0,04,000,00,2,4,23,B01
200600021171,0,07,000,15,2,2,01,A01
200600021171,0,07,000,15,2,1,01,B01
200600021172,0,04,000,00,2,1,17,A01
200600021172,0,07,000,00,2,3,09,B01
200600021173,0,05,000,00,2,1,01,A01
200600021173,0,07,000,00,2,2,01,B01
200600021174,0,18,000,00,1,7,07,A01
200600021175,0,05,000,00,2,1,01,A01
200600021175,0,07,000,00,2,4,23,B01
200600021176,0,99,000,00,2,3,19,A01
200600021176,0,10,000,00,2,1,01,B01
200600021177,0,07,000,00,2,3,10,A01
200600021177,0,05,000,00,2,2,01,B01
200600021178,0,07,000,00,2,1,01,B01
200600021178,0,07,000,00,2,3,05,A01
200600021179,0,07,000,00,2,8,17,A01
200600021179,0,05,000,01,2,2,05,B01
200600021180,0,05,000,00,2,1,01,A01
200600021180,0,07,000,00,2,4,15,B01
200600021181,0,05,000,11,0,2,01,A01
200600021182,0,10,000,00,1,1,16,A01
200600021183,0,07,000,00,1,1,01,A01
200600021184,0,18,000,00,2,8,10,A01
200600021184,0,01,000,00,2,2,01,B01
200600021184,0,01,000,00,2,2,01,C01
200600021185,1,04,000,00,1,1,00,A01
200600021186,0,07,000,02,0,8,01,A01
200600021187,0,17,000,00,2,2,01,A01
200600021187,0,07,000,05,2,7,21,C01
200600021187,0,07,000,00,2,1,01,B01
200600021188,0,07,000,00,1,4,04,A01
200600021189,0,10,000,00,2,1,01,A01
200600021189,0,07,000,00,2,4,15,B01
200600021190,0,07,000,00,2,3,10,A01
200600021190,0,05,000,00,2,1,01,B01
200600021191,0,07,000,00,2,1,01,A01
200600021191,0,05,000,00,2,4,01,B01
200600021192,0,07,000,00,1,1,01,A01
200600021193,0,07,000,00,2,1,07,A01
200600021193,0,07,000,00,2,4,24,B01
200600021194,0,07,000,00,2,2,15,A01
200600021194,0,05,000,00,2,1,01,B01
200600021195,0,05,000,15,0,6,09,A01
200600021196,1,04,000,00,1,1,00,A01
200600021197,0,07,000,00,2,1,01,B01
200600021197,0,02,000,00,2,2,01,A01
200600021198,0,05,000,01,0,1,21,A01
200600021199,0,14,000,00,1,4,04,A01
200600021200,0,05,000,00,0,0,01,A01
200600021201,0,07,000,00,1,4,04,A01
200600021202,0,02,000,00,1,1,07,A01
200600021203,0,07,000,00,1,1,04,A01
200600021204,0,07,000,00,2,7,09,A01
200600021204,0,04,000,00,2,3,01,B01
200600021205,1,07,000,00,2,1,00,A01
200600021205,0,02,000,00,2,4,01,B01
200600021206,0,07,000,00,2,4,01,A01
200600021206,0,05,000,00,2,1,01,B01
200600021207,0,07,000,00,1,1,01,A01
200600021208,0,07,000,00,2,8,21,A01
200600021208,0,04,000,00,2,2,01,B01
200600021209,0,05,000,12,2,1,01,A01
200600021209,0,07,000,00,2,4,01,B01
200600021210,0,07,000,00,1,1,01,A01
200600021211,0,07,000,00,2,1,01,A01
200600021211,0,07,000,00,2,4,23,B01
200600021212,0,07,000,00,1,1,07,A01
200600021213,0,02,000,15,0,2,12,A01
200600021214,0,10,000,00,1,1,01,A01
200600021214,0,02,000,00,2,1,01,B01
200600021215,0,07,000,00,2,8,11,A01
200600021215,0,04,000,00,2,2,01,B01
200600021216,0,02,000,00,2,3,01,A01
200600021216,0,07,000,00,2,1,01,B01
200600021217,0,05,000,00,1,1,16,A01
200600021218,0,07,000,00,2,5,15,A01
200600021218,0,05,000,00,2,2,01,B01
200600021219,0,07,000,00,2,1,01,A01
200600021219,0,07,000,00,2,4,23,B01
200600021220,0,05,000,12,0,2,14,A01
200600021221,0,07,000,00,2,3,01,A01
200600021221,0,02,000,00,2,1,01,B01
200600021222,0,05,000,00,0,0,01,A01
200600021223,0,07,000,11,0,2,14,A01
200600021224,0,20,000,00,1,4,04,A01
200600021225,0,01,000,00,2,1,05,A01
200600021225,0,04,000,00,2,1,01,B01
200600021226,0,02,000,00,2,2,17,A01
200600021226,0,07,000,00,2,8,15,B01
200600021227,0,07,000,00,2,2,09,A01
200600021227,0,07,000,00,2,1,01,B01
200600021228,0,07,000,00,1,1,01,A01
200600021229,0,04,000,00,2,1,01,A01
200600021229,0,07,000,00,2,2,01,B01
200600021230,0,10,000,00,1,4,04,A01
200600021231,0,07,000,00,2,1,01,A01
200600021231,0,02,000,00,2,4,01,B01
200600021232,1,07,000,00,1,1,00,A01
200600021233,0,04,000,00,2,2,07,A01
200600021233,0,07,000,00,2,8,15,B01
200600021234,0,01,000,00,1,1,05,A01
200600021235,0,07,000,00,1,1,01,A01
200600021236,0,18,000,00,1,1,07,A01
200600021237,0,07,000,00,2,3,11,A01
200600021237,0,02,000,00,2,2,01,B01
200600021238,0,05,000,00,2,3,18,A01
200600021238,0,07,000,00,2,2,16,B01
200600021239,0,07,000,00,1,1,01,A01
200600021240,0,07,000,00,1,4,04,A01
200600021241,0,05,000,00,2,3,07,A01
200600021241,0,07,000,00,2,2,16,B01
200600021242,0,05,000,12,0,2,01,A01
200600021243,0,07,000,00,1,1,01,A01
200600021244,0,10,000,00,2,1,21,A01
200600021244,0,07,000,00,2,4,01,B01
200600021244,0,07,000,00,2,7,01,C01
200600021244,0,07,000,00,2,1,01,D01
200600021245,0,02,000,12,0,2,07,A01
200600021246,0,05,000,00,2,3,18,A01
200600021246,0,02,000,00,2,5,01,B01
200600021246,0,07,000,00,2,4,23,C01
200600021247,0,02,000,00,2,2,17,A01
200600021247,0,07,000,00,2,3,15,B01
200600021248,0,04,000,00,2,2,17,A01
200600021248,0,07,000,00,2,8,15,B01
200600021249,0,07,000,00,1,1,07,A01
200600021250,0,07,000,00,2,1,02,A01
200600021250,0,05,000,00,2,4,02,B01
200600021250,0,07,000,00,2,4,02,C01
200600021251,0,01,000,00,1,1,01,A01
200600021252,0,07,000,00,2,2,16,A01
200600021252,0,01,000,00,2,3,01,B01
200600021253,0,05,000,00,2,1,02,A01
200600021253,0,07,000,00,2,4,02,B01
200600021254,0,04,000,00,2,3,07,A01
200600021254,0,07,000,00,2,2,16,B01
200600021255,0,07,000,00,2,8,10,A01
200600021255,0,05,000,00,2,2,01,B01
200600021256,0,05,000,15,0,2,18,A01
200600021257,0,02,000,00,0,0,16,A01
200600021258,0,07,000,00,2,2,10,A01
200600021258,0,05,000,00,2,1,01,B01
200600021259,0,04,000,00,1,1,01,A01
200600021260,0,07,000,00,2,5,09,A01
200600021260,0,04,000,00,2,1,01,B01
200600021261,0,05,000,14,0,1,16,A01
200600021262,0,07,000,00,2,1,02,A01
200600021262,0,07,000,00,2,4,23,B01
200600021262,0,07,000,00,2,4,23,C01
200600021263,0,07,000,00,2,1,02,A01
200600021263,0,07,000,00,2,4,02,B01
200600021263,0,07,000,00,2,4,02,C01
200600021263,0,07,000,00,2,1,02,D01
200600021264,0,07,000,00,2,1,02,A01
200600021264,0,07,000,00,2,4,02,B01
200600021264,0,07,000,00,2,4,02,C01
200600021265,0,07,000,04,0,1,01,A01
200600021266,0,02,000,00,2,1,01,A01
200600021267,0,18,000,00,0,0,21,A01
200600021268,0,07,000,00,2,8,22,A01
200600021268,0,07,000,00,2,2,01,B01
200600021269,0,07,000,00,2,8,10,A01
200600021269,0,05,000,00,2,2,01,B01
200600021270,0,01,000,00,1,1,01,A01
200600021271,0,02,000,00,2,3,07,A01
200600021271,0,10,000,00,2,2,16,B01
200600021272,0,01,000,00,0,0,21,A01
200600021273,0,07,000,01,0,2,05,A01
200600021274,0,04,000,00,2,3,18,A01
200600021274,0,04,000,00,2,2,16,B01
200600021275,0,07,000,00,2,1,15,A01
200600021275,0,10,000,00,2,4,23,B01
200600021276,0,07,000,00,2,1,02,A01
200600021276,0,01,000,00,2,4,02,B01
200600021277,0,07,000,00,1,1,01,A01
200600021278,0,07,000,00,2,1,01,A01
200600021278,0,01,000,00,2,2,01,B01
200600021279,0,05,000,00,0,0,01,A01
200600021280,0,07,000,00,2,2,15,A01
200600021280,0,05,000,00,2,1,07,B01
200600021281,0,07,000,00,2,2,01,A01
200600021281,0,05,000,00,2,1,01,B01
200600021282,0,07,000,01,2,1,01,A01
200600021282,0,07,000,06,2,3,01,B01
200600021283,0,07,000,00,2,1,01,A01
200600021283,0,05,000,00,2,4,01,B01
200600021284,0,05,000,00,2,1,21,A01
200600021284,0,07,000,00,2,4,23,B01
200600021285,0,01,000,00,1,1,05,A01
200600021286,0,07,000,00,2,2,15,A01
200600021286,0,05,000,00,2,1,01,B01
200600021287,0,04,000,00,1,1,01,A01
200600021288,0,07,000,00,1,1,01,A01
200600021289,0,04,000,12,0,1,21,A01
200600021290,0,04,000,12,0,1,01,A01
200600021291,0,01,000,00,1,1,01,A01
200600021292,0,05,000,00,2,1,01,A01
200600021292,0,07,000,00,2,4,01,B01
200600021293,0,07,000,00,1,1,01,A01
200600021294,0,07,000,00,2,2,12,A01
200600021294,0,04,000,00,2,3,01,B01
200600021295,0,18,000,00,1,1,07,A01
200600021296,0,18,000,00,0,0,01,A01
200600021297,0,07,000,00,1,1,15,A01
200600021298,0,07,000,00,2,1,01,A01
200600021298,0,07,000,00,2,4,01,B01
200600021299,0,01,000,00,2,2,01,A01
200600021299,0,18,000,00,2,8,01,B01
200600021300,0,07,000,00,1,1,01,A01
200600021301,0,07,000,00,2,2,01,A01
200600021301,0,02,000,00,2,1,01,B01
200600021302,0,04,000,00,2,5,12,A01
200600021302,0,07,000,00,2,3,01,B01
200600021303,0,02,000,00,2,2,17,A01
200600021303,0,02,000,00,2,6,15,B01
200600021304,0,02,000,00,1,1,01,A01
200600021305,0,07,000,00,2,1,08,A01
200600021306,0,07,000,00,1,1,01,A01
200600021307,0,05,000,00,2,1,01,A01
200600021307,0,07,000,00,2,4,01,B01
200600021308,0,07,000,00,2,3,18,A01
200600021308,0,05,000,00,2,5,23,B01
200600021309,0,02,000,00,2,2,15,A01
200600021309,0,07,000,00,2,1,08,B01
200600021310,0,02,000,00,2,1,01,A01
200600021310,0,07,000,00,2,4,23,B01
200600021311,0,01,000,00,0,0,21,A01
200600021312,0,07,000,00,2,3,09,A01
200600021312,0,05,000,00,2,2,01,B01
200600021313,0,04,000,00,2,2,17,A01
200600021313,0,07,000,00,2,3,15,B01
200600021314,0,04,000,00,2,1,01,B01
200600021314,0,07,000,00,2,3,01,A01
200600021315,0,07,000,00,2,2,10,A01
200600021315,0,02,000,00,2,1,01,B01
200600021316,2,07,000,00,1,1,15,A01
200600021317,0,05,000,00,2,1,01,A01
200600021317,0,07,000,00,2,4,23,B01
200600021318,0,07,000,00,1,1,01,A01
200600021319,0,07,000,11,0,1,01,A01
200600021320,0,07,000,00,2,1,01,A01
200600021320,0,07,000,00,2,4,02,B01
200600021321,0,07,000,00,2,8,11,A01
200600021321,0,05,000,00,2,2,01,B01
200600021322,0,02,000,00,0,0,01,A01
200600021323,0,07,000,00,2,1,01,A01
200600021323,0,05,000,00,2,4,01,B01
200600021324,0,02,000,00,2,3,11,A01
200600021324,0,07,000,00,2,2,07,B01
200600021325,0,07,000,11,0,1,01,A01
200600021326,0,07,000,00,2,2,01,A01
200600021326,0,04,000,00,2,1,01,B01
200600021327,0,10,000,00,2,3,05,A01
200600021327,0,07,000,00,2,3,01,B01
200600021327,0,07,000,00,2,1,01,C01
200600021328,0,05,000,00,0,0,01,A01
200600021329,0,05,000,00,2,3,18,A01
200600021329,0,17,000,00,2,2,16,B01
200600021330,1,07,000,00,2,1,00,A01
200600021330,0,02,000,00,2,4,01,B01
200600021331,0,01,000,00,1,1,01,A01
200600021332,0,07,000,07,0,1,01,A01
200600021333,0,10,000,00,1,5,04,A01
200600021334,1,07,000,00,2,6,00,A01
200600021334,0,04,000,00,2,2,01,B01
200600021335,1,07,000,00,2,1,00,A01
200600021335,0,07,000,00,2,3,07,B01
200600021336,0,07,000,00,1,1,01,A01
200600021337,0,07,000,02,1,1,01,A01
200600021338,0,04,000,00,2,3,18,A01
200600021338,0,07,000,00,2,5,01,B01
200600021339,0,02,000,00,2,3,18,A01
200600021339,0,07,000,00,2,2,16,B01
200600021340,0,02,000,00,1,1,17,A01
200600021341,0,07,000,00,2,8,15,A01
200600021341,0,05,000,00,2,1,01,B01
200600021342,0,07,000,00,2,8,10,A01
200600021342,0,04,000,00,2,2,01,B01
200600021343,0,07,000,00,1,1,15,A01
200600021344,0,07,000,00,2,1,01,A01
200600021344,0,14,000,00,2,8,15,B01
200600021345,0,04,000,00,1,1,01,A01
200600021346,0,07,000,01,2,2,01,A01
200600021346,0,07,000,00,2,1,01,B01
200600021347,0,07,000,00,2,3,15,A01
200600021347,0,02,000,00,2,1,17,B01
200600021348,0,04,000,00,2,2,16,A01
200600021348,0,07,000,00,2,3,01,B01
200600021349,0,07,000,00,2,8,10,A01
200600021349,0,05,000,00,2,1,01,B01
200600021350,0,07,000,00,2,2,16,A01
200600021350,0,02,000,00,2,1,01,B01
200600021351,0,07,000,00,2,1,01,B01
200600021351,0,02,000,00,2,2,01,A01
200600021352,0,07,000,00,2,8,09,A01
200600021352,0,04,000,00,2,1,01,B01
200600021353,0,07,000,00,2,2,12,A01
200600021353,0,07,000,00,2,8,01,B01
200600021353,0,07,000,00,2,8,01,C01
200600021354,0,07,000,00,1,1,01,A01
200600021355,0,10,000,00,1,7,01,A01
200600021356,0,07,000,00,1,1,01,A01
200600021357,0,04,000,00,2,2,01,A01
200600021357,0,04,000,00,2,1,01,B01
200600021358,0,04,000,00,2,2,17,A01
200600021358,0,07,000,00,2,3,15,B01
200600021359,0,07,000,00,2,1,01,B01
200600021359,0,07,000,00,2,2,01,A01
200600021360,0,02,000,00,2,1,01,A01
200600021360,0,07,000,00,2,4,23,B01
200600021361,0,05,000,00,2,3,07,A01
200600021361,0,07,000,00,2,5,16,B01
200600021362,0,05,000,00,0,0,01,A01
200600021363,0,10,000,00,2,1,01,A01
200600021363,0,05,000,00,2,4,23,B01
200600021364,0,02,000,00,0,0,01,A01
200600021365,0,02,000,00,2,2,01,A01
200600021365,0,07,000,00,2,1,01,B01
200600021366,0,18,000,00,2,2,12,A01
200600021366,0,05,000,01,2,3,01,B01
200600021367,0,02,000,00,1,1,01,A01
200600021368,0,02,000,00,0,0,01,A01
200600021369,0,02,000,11,0,1,01,A01
200600021370,0,07,000,11,0,1,21,A01
200600021371,0,07,000,00,2,2,15,A01
200600021371,0,05,000,00,2,1,01,B01
200600021372,0,07,000,00,1,8,01,A01
200600021373,0,07,000,00,1,1,01,A01
200600021374,0,02,000,14,0,1,21,A01
200600021375,1,07,000,00,2,4,00,A01
200600021375,0,05,000,00,2,1,01,B01
200600021376,0,02,000,00,1,1,01,A01
200600021377,0,14,000,00,1,1,16,A01
200600021378,0,02,000,12,0,1,01,A01
200600021379,0,05,000,00,2,1,01,A01
200600021379,0,07,000,00,2,3,15,B01
200600021380,0,07,000,00,2,3,10,A01
200600021380,0,02,000,00,2,2,01,B01
200600021381,0,10,000,00,1,1,01,A01
200600021382,0,07,000,00,1,1,07,A01
200600021383,1,07,000,00,2,7,00,A01
200600021383,0,05,000,00,2,3,07,B01
200600021384,0,05,000,00,1,1,01,A01
200600021385,0,05,000,00,2,3,01,B01
200600021385,0,10,000,00,2,1,01,A01
200600021386,0,07,000,00,2,2,16,A01
200600021386,0,07,000,00,2,8,07,B01
200600021387,0,07,000,00,1,1,01,A01
200600021388,0,04,000,00,1,1,01,A01
200600021389,0,17,000,06,2,1,01,A01
200600021389,0,07,000,00,2,1,02,B01
200600021389,0,07,000,00,2,1,02,C01
200600021390,1,07,000,00,2,1,00,A01
200600021390,0,05,000,01,2,4,01,B01
200600021391,0,02,000,11,0,3,15,A01
200600021392,0,07,000,00,2,2,15,A01
200600021392,0,05,000,00,2,1,01,B01
200600021393,0,07,000,00,2,1,02,A01
200600021393,0,14,000,00,2,4,23,B01
200600021394,0,05,000,00,2,1,15,B01
200600021394,0,07,000,00,2,8,01,A01
200600021395,0,07,000,00,2,8,22,A01
200600021395,0,01,000,00,2,2,01,B01
200600021396,1,02,000,00,1,1,00,A01
200600021397,0,07,000,00,2,1,01,A01
200600021397,0,07,000,00,2,8,01,B01
200600021398,0,01,000,00,0,0,01,A01
200600021399,0,07,000,00,2,1,02,A01
200600021399,0,07,000,00,2,4,02,B01
200600021399,0,07,000,00,2,4,02,C01
200600021400,0,04,000,00,2,2,17,A01
200600021400,0,07,000,00,2,3,15,B01
200600021401,0,04,000,00,2,2,17,A01
200600021401,0,02,000,00,2,3,15,B01
200600021402,0,10,000,00,2,2,15,A01
200600021402,0,05,000,00,2,1,01,B01
200600021403,0,10,000,00,2,3,15,B01
200600021403,0,05,000,01,2,1,01,A01
200600021404,0,07,000,00,2,1,01,A01
200600021404,0,07,000,00,2,3,16,B01
200600021405,0,10,000,00,2,3,10,A01
200600021405,0,07,000,00,2,2,01,B01
200600021406,0,02,000,00,0,0,17,A01
200600021407,0,05,000,00,2,1,01,A01
200600021407,0,07,000,00,2,4,01,B01
200600021408,0,17,000,00,2,1,01,A01
200600021408,0,07,000,00,2,4,01,B01
200600021408,0,07,000,00,2,4,01,C01
200600021409,0,07,000,00,2,1,02,A01
200600021409,0,07,000,00,2,4,02,B01
200600021410,0,02,000,00,2,1,07,A01
200600021410,0,10,000,00,2,5,16,B01
200600021411,0,02,000,01,0,1,01,A01
200600021412,0,10,000,00,1,4,04,A01
200600021413,0,07,000,00,2,8,09,A01
200600021413,0,05,000,00,2,2,01,B01
200600021414,0,02,000,00,1,1,01,A01
200600021415,0,07,000,00,2,1,02,A01
200600021415,0,10,000,00,2,4,02,B01
200600021416,0,07,000,00,2,5,12,A01
200600021416,0,17,000,00,2,3,01,B01
200600021417,0,07,000,00,1,4,04,A01
200600021418,0,07,000,00,2,5,01,A01
200600021418,0,05,000,00,2,1,16,B01
200600021419,0,02,000,00,2,2,12,A01
200600021419,0,18,000,00,2,8,07,B01
200600021420,0,05,000,00,1,2,01,A01
200600021421,0,07,000,00,2,5,15,A01
200600021421,0,02,000,00,2,1,01,B01
200600021422,0,01,000,00,2,6,11,A01
200600021422,0,18,000,00,2,2,17,B01
200600021423,0,07,000,00,2,8,15,A01
200600021423,0,02,000,00,2,2,01,B01
200600021424,0,07,000,12,0,1,01,A01
200600021425,0,04,000,00,2,1,01,B01
200600021425,0,07,000,00,2,3,01,A01
200600021426,0,07,000,00,2,1,01,B01
200600021426,0,07,000,00,2,2,01,A01
200600021427,0,04,000,00,0,0,21,A01
200600021428,0,04,000,00,2,3,07,A01
200600021428,0,10,000,00,2,7,16,B01
200600021429,0,07,000,00,2,1,02,A01
200600021429,0,07,000,00,2,4,02,B01
200600021429,0,07,000,00,2,4,02,C01
200600021430,0,07,000,00,2,1,13,A01
200600021430,0,07,000,00,2,1,01,B01
200600021431,0,01,000,00,2,3,19,A01
200600021431,0,10,000,07,2,1,01,B01
200600021431,0,02,000,00,2,1,01,C01
200600021431,0,07,000,00,2,8,23,D01
200600021432,1,07,000,00,2,2,00,A01
200600021432,0,04,000,11,2,3,01,B01
200600021433,0,18,000,00,2,7,07,A01
200600021433,0,01,000,00,2,3,07,B01
200600021434,0,07,000,00,2,8,09,A01
200600021434,0,02,000,00,2,1,01,B01
200600021435,0,07,000,00,1,1,01,A01
200600021436,0,10,000,01,2,5,01,A01
200600021436,0,05,000,00,2,1,01,B01
200600021437,0,07,000,00,2,1,01,A01
200600021437,0,02,000,00,2,3,07,B01
200600021438,0,04,000,00,1,1,01,A01
200600021439,0,04,000,12,0,2,14,A01
200600021440,0,10,000,00,2,2,12,A01
200600021440,0,05,000,00,2,3,01,B01
200600021441,0,02,000,00,1,1,01,A01
200600021442,0,18,000,00,1,1,07,A01
200600021443,0,07,000,00,2,2,15,A01
200600021443,0,04,000,00,2,1,01,B01
200600021444,0,18,000,00,1,7,07,A01
200600021445,1,07,000,00,2,6,00,A01
200600021445,0,02,000,00,2,2,17,B01
200600021446,0,02,000,01,2,3,18,A01
200600021446,0,07,000,00,2,5,01,B01
200600021447,0,07,000,00,2,1,01,A01
200600021447,0,05,000,00,2,4,01,B01
200600021448,0,05,000,00,0,0,01,A01
200600021448,0,05,000,00,0,0,01,B01
200600021449,0,07,000,00,2,2,16,A01
200600021449,0,04,000,00,2,3,01,B01
200600021450,0,04,000,00,0,0,21,A01
200600021451,0,18,000,00,2,1,01,A01
200600021451,0,07,000,00,2,3,01,B01
200600021452,0,07,000,00,1,1,07,A01
200600021453,0,02,000,01,0,1,16,A01
200600021454,0,04,000,00,0,0,01,A01
200600021455,0,10,000,00,2,1,01,B01
200600021455,0,07,000,00,2,5,01,A01
200600021456,0,04,000,00,2,2,05,A01
200600021456,0,07,000,00,2,8,15,B01
200600021457,0,02,000,00,2,1,01,B01
200600021457,0,07,000,00,2,7,01,A01
200600021458,1,07,000,00,1,1,00,A01
200600021459,0,07,000,00,1,1,01,A01
200600021460,0,01,000,00,1,1,01,A01
200600021461,0,04,000,00,2,1,05,A01
200600021461,0,07,000,00,2,1,01,B01
200600021462,0,03,000,00,2,2,01,B01
200600021462,0,04,000,00,2,1,05,A01
200600021463,0,07,000,11,0,1,01,A01
200600021464,0,07,000,00,2,2,01,B01
200600021464,0,05,000,00,2,6,11,A01
200600021465,1,07,000,00,2,8,00,A01
200600021465,0,01,000,00,2,2,01,B01
200600021466,0,07,000,01,2,1,01,B01
200600021466,0,07,000,01,2,2,01,A01
200600021467,0,07,000,00,2,1,02,A01
200600021467,0,07,000,00,2,4,23,B01
200600021468,0,05,000,00,0,0,01,A01
200600021469,0,01,000,00,2,6,15,A01
200600021469,0,01,000,00,2,2,01,B01
200600021470,0,07,000,00,2,1,02,A01
200600021470,0,07,000,00,2,4,23,B01
200600021471,0,18,000,00,2,1,01,A01
200600021471,0,07,000,00,2,4,16,B01
200600021472,0,07,000,00,2,2,10,A01
200600021472,0,05,000,00,2,1,01,B01
200600021473,0,10,000,00,2,1,02,A01
200600021473,0,07,000,00,2,4,23,B01
200600021474,0,01,000,00,1,1,01,A01
200600021475,0,07,000,00,2,1,01,B01
200600021475,0,04,000,00,1,2,01,A01
200600021476,0,07,000,00,2,1,01,A01
200600021476,0,07,000,00,2,6,15,B01
200600021477,0,07,000,00,2,3,10,A01
200600021477,0,05,000,00,2,2,01,B01
200600021478,0,04,000,00,5,3,01,A01
200600021479,0,05,000,00,2,1,02,A01
200600021479,0,07,000,00,2,4,02,B01
200600021480,0,07,000,00,1,4,04,A01
200600021481,0,02,000,00,0,0,07,A01
200600021482,0,07,000,00,2,2,01,A01
200600021482,0,02,000,00,2,1,01,B01
200600021483,0,02,000,00,2,2,05,A01
200600021483,0,10,000,00,2,3,15,B01
200600021484,0,10,000,00,2,8,15,A01
200600021484,0,05,000,00,2,2,17,B01
200600021485,0,04,000,00,1,1,01,A01
200600021486,0,02,000,00,0,0,21,A01
200600021487,1,07,000,00,1,1,00,A01
200600021488,0,04,000,00,0,0,01,A01
200600021489,0,01,000,00,0,0,01,A01
200600021490,0,07,000,00,1,1,01,A01
200600021491,0,07,000,00,1,2,01,A01
200600021492,0,04,000,14,0,1,21,A01
200600021493,0,07,000,00,1,2,01,A01
200600021494,0,02,000,00,0,0,01,A01
200600021495,0,07,000,00,1,1,01,A01
200600021496,0,07,000,00,2,2,15,A01
200600021496,0,05,000,00,2,1,01,B01
200600021497,0,05,000,00,2,2,15,A01
200600021497,0,02,000,00,2,1,01,B01
200600021498,0,05,000,00,2,3,01,A01
200600021498,0,10,000,00,2,2,16,B01
200600021499,0,04,000,00,2,1,01,A01
200600021499,0,07,000,00,2,4,01,B01
200600021500,0,07,000,00,2,8,15,A01
200600021500,0,04,000,00,2,2,17,B01
200600021501,0,07,000,00,2,2,16,A01
200600021501,0,05,000,00,2,3,01,B01
200600021502,0,02,000,14,0,3,01,A01
200600021503,0,07,000,00,2,1,01,A01
200600021503,0,07,000,00,2,5,01,B01
200600021504,0,05,000,00,1,3,01,A01
200600021505,0,05,000,00,0,0,07,A01
200600021506,0,05,000,00,0,0,21,A01
200600021507,0,05,000,00,2,1,05,A01
200600021507,0,02,000,00,2,1,01,B01
200600021507,0,07,000,00,2,8,01,C01
200600021508,0,05,000,00,2,2,05,A01
200600021508,0,07,000,00,2,3,15,B01
200600021509,0,05,000,00,2,2,15,A01
200600021509,0,05,000,00,2,1,01,B01
200600021510,0,04,000,00,2,5,16,A01
200600021510,0,07,000,00,2,3,01,B01
200600021511,0,18,000,00,2,3,15,A01
200600021511,0,05,000,00,2,2,23,B01
200600021512,1,07,000,00,2,1,00,A01
200600021512,0,02,000,00,2,1,01,B01
200600021513,0,07,000,00,1,1,01,A01
200600021514,0,10,000,00,2,1,15,A01
200600021515,0,07,000,00,1,2,01,A01
200600021516,0,07,000,00,2,8,09,A01
200600021516,0,04,000,00,2,2,01,B01
200600021517,0,02,000,00,2,3,09,A01
200600021517,0,07,000,00,2,1,01,B01
200600021518,0,07,000,00,2,1,01,A01
200600021518,0,05,000,00,2,4,01,B01
200600021519,0,02,000,00,2,2,17,A01
200600021519,0,07,000,00,2,8,15,B01
200600021520,0,07,000,00,1,1,01,A01
200600021521,0,07,000,00,2,1,01,A01
200600021521,0,07,000,00,2,4,23,B01
200600021522,0,04,000,00,1,1,01,A01
200600021523,0,07,000,00,1,4,04,A01
200600021524,0,07,000,00,2,8,09,A01
200600021524,0,05,000,00,2,2,01,B01
200600021525,0,02,000,00,2,1,01,A01
200600021525,0,07,000,00,2,4,01,B01
200600021526,1,02,000,00,2,1,00,A01
200600021526,0,02,000,00,2,4,01,B01
200600021527,0,02,000,00,2,2,17,A01
200600021527,0,04,000,00,2,3,15,B01
200600021528,0,02,000,00,2,3,09,A01
200600021528,0,04,000,00,2,1,01,B01
200600021529,0,07,000,00,1,1,01,A01
200600021530,0,07,000,00,2,3,15,A01
200600021530,0,02,000,00,2,2,01,B01
200600021531,0,07,000,11,2,7,01,A01
200600021531,0,07,000,00,2,1,15,B01
200600021532,0,05,000,00,0,0,01,A01
200600021533,0,07,000,00,1,1,01,A01
200600021534,0,07,000,00,2,7,12,A01
200600021534,0,01,000,00,2,3,01,B01
200600021535,0,10,000,06,0,1,01,A01
200600021536,0,04,000,00,0,0,01,A01
200600021537,0,07,000,00,2,2,16,A01
200600021537,0,02,000,00,2,3,16,B01
200600021538,0,07,000,00,2,7,01,A01
200600021538,0,04,000,00,2,1,01,B01
200600021539,0,02,000,00,2,2,17,A01
200600021539,0,07,000,00,2,8,15,B01
200600021540,0,07,000,00,1,1,01,A01
200600021541,0,07,000,00,2,2,12,A01
200600021541,0,10,000,00,2,6,01,B01
200600021542,0,05,000,14,0,1,21,A01
200600021543,0,07,000,00,2,1,01,A01
200600021543,0,07,000,00,2,4,01,B01
200600021543,0,07,000,00,2,1,01,C01
200600021543,0,07,000,00,2,1,01,D01
200600021544,0,05,000,00,0,0,01,A01
200600021545,0,07,000,00,2,1,02,A01
200600021545,0,07,000,00,2,4,02,B01
200600021546,0,05,000,00,2,3,18,A01
200600021546,0,07,000,00,2,2,12,B01
200600021547,0,07,000,00,1,1,01,A01