Num_Acc,senc,catv,occutc,obs,obsm,choc,manv,num_veh
200600021548,1,07,000,00,2,2,00,A01
200600021548,0,05,000,00,2,3,01,B01
200600021549,0,07,000,00,2,2,10,A01
200600021549,0,01,000,00,2,1,01,B01
200600021550,0,05,000,00,2,2,17,A01
200600021550,0,07,000,00,2,6,15,B01
200600021551,0,07,000,00,2,3,11,A01
200600021551,0,05,000,00,2,2,01,B01
200600021552,0,07,000,00,1,4,04,A01
200600021553,0,07,000,00,1,1,01,A01
200600021554,0,01,000,15,0,1,01,A01
200600021555,0,02,000,01,0,2,01,A01
200600021556,0,10,000,00,2,7,12,A01
200600021556,0,02,000,00,2,3,03,B01
200600021557,0,07,000,00,2,2,10,A01
200600021557,0,05,000,00,2,1,01,B01
200600021558,0,02,000,00,2,1,01,A01
200600021558,0,04,000,00,2,4,01,B01
200600021559,0,07,000,00,2,8,10,A01
200600021559,0,04,000,00,2,2,01,B01
200600021560,0,07,000,00,2,2,16,A01
200600021560,0,07,000,00,2,3,07,B01
200600021561,2,07,000,00,2,1,01,A01
200600021561,0,07,000,00,2,2,01,B01
200600021562,0,07,000,00,1,1,01,A01
200600021563,0,10,000,00,2,1,16,A01
200600021563,0,07,000,00,2,4,16,B01
200600021563,0,07,000,00,2,4,23,C01
200600021564,0,07,000,00,2,1,01,A01
200600021564,0,02,000,00,2,4,23,B01
200600021565,1,07,000,00,1,1,00,A01
200600021566,0,02,000,00,0,0,21,A01
200600021567,0,02,000,00,2,1,07,A01
200600021567,0,07,000,00,2,4,04,B01
200600021568,0,07,000,00,2,2,15,A01
200600021568,0,07,000,00,2,1,01,B01
200600021569,0,01,000,01,0,1,14,A01
200600021570,0,07,000,00,2,2,15,A01
200600021570,0,07,000,00,2,1,01,B01
200600021571,0,07,000,00,2,8,10,A01
200600021571,0,04,000,00,2,2,01,B01
200600021572,0,01,000,00,2,1,18,B01
200600021572,0,07,000,00,2,5,22,A01
200600021573,0,04,000,00,2,3,18,A01
200600021573,0,07,000,00,2,2,01,B01
200600021574,0,04,000,00,2,3,01,A01
200600021574,0,10,000,00,2,7,16,B01
200600021575,0,07,000,00,2,6,04,A01
200600021575,0,02,000,00,2,1,01,B01
200600021576,0,02,000,00,2,1,01,A01
200600021576,0,07,000,00,2,2,23,B01
200600021577,0,07,000,00,2,7,01,B01
200600021577,0,01,000,00,2,1,01,A01
200600021578,0,07,000,00,2,8,11,A01
200600021578,0,04,000,00,2,2,01,B01
200600021579,0,02,000,00,2,3,15,A01
200600021579,0,05,000,00,2,2,01,B01
200600021580,1,07,000,00,2,1,00,A01
200600021580,0,05,000,00,2,4,01,B01
200600021581,0,07,000,00,1,8,21,A01
200600021582,0,07,000,00,2,8,18,A01
200600021582,0,01,000,00,2,2,07,B01
200600021583,0,05,000,00,2,2,17,A01
200600021583,0,07,000,00,2,6,15,B01
200600021584,0,04,000,00,0,0,21,A01
200600021585,0,04,000,00,0,0,21,A01
200600021586,0,07,000,00,1,1,01,A01
200600021587,0,10,000,00,2,8,11,A01
200600021587,0,05,000,00,2,2,01,B01
200600021587,0,07,000,00,2,1,01,C01
200600021588,0,01,000,00,2,3,18,A01
200600021588,0,18,000,00,2,2,07,B01
200600021589,0,07,000,00,1,1,01,A01
200600021590,0,07,000,00,2,5,16,A01
200600021590,0,01,000,00,2,3,01,B01
200600021591,0,05,000,00,0,0,21,A01
200600021592,0,07,000,00,2,1,01,A01
200600021592,0,07,000,00,2,4,23,B01
200600021593,1,07,000,00,2,1,00,A01
200600021593,0,05,000,00,2,3,01,B01
200600021594,0,18,000,00,1,1,07,A01
200600021595,0,07,000,00,2,2,15,A01
200600021595,0,02,000,00,2,1,01,B01
200600021596,1,04,000,00,1,1,00,A01
200600021597,0,07,000,00,2,8,09,A01
200600021597,0,07,000,00,2,2,01,B01
200600021598,0,07,000,00,1,1,15,A01
200600021599,0,07,000,00,2,1,01,A01
200600021599,0,10,000,00,2,7,01,B01
200600021600,0,10,000,00,1,1,01,A01
200600021601,0,07,000,00,2,2,01,A01
200600021601,0,02,000,00,2,1,01,B01
200600021602,0,07,000,00,1,1,16,A01
200600021603,0,05,000,00,5,1,01,A01
200600021604,0,07,000,00,1,1,01,A01
200600021605,0,04,000,00,1,1,01,A01
200600021606,0,07,000,00,1,1,01,A01
200600021607,0,07,000,00,2,4,23,A01
200600021607,0,02,000,00,2,1,01,B01
200600021608,0,07,000,00,1,1,15,A01
200600021609,0,05,000,00,0,0,21,A01
200600021610,0,07,000,00,2,5,04,A01
200600021610,0,02,000,00,2,1,01,B01
200600021611,0,07,000,00,2,1,01,B01
200600021611,0,04,000,00,2,2,01,A01
200600021612,0,05,000,00,0,0,16,A01
200600021613,0,07,000,00,1,1,07,A01
200600021614,0,02,000,00,0,0,01,A01
200600021615,0,07,000,00,2,3,01,B01
200600021615,0,02,000,00,2,1,01,A01
200600021616,0,04,000,00,0,0,21,A01
200600021617,0,02,000,00,2,1,13,A01
200600021617,0,07,000,00,2,6,01,B01
200600021618,0,04,000,00,1,1,01,A01
200600021619,0,07,000,00,2,1,01,A01
200600021619,0,07,000,00,2,4,01,B01
200600021620,0,05,000,00,1,1,01,A01
200600021621,1,17,000,00,2,5,00,A01
200600021621,0,05,000,00,2,3,23,B01
200600021622,0,02,000,00,2,1,01,A01
200600021622,0,10,000,00,2,1,23,B01
200600021623,0,14,000,00,2,1,15,B01
200600021623,0,05,000,00,2,2,01,A01
200600021624,0,07,000,00,2,2,15,A01
200600021624,0,05,000,00,2,1,01,B01
200600021625,0,07,000,00,2,3,01,B01
200600021625,0,04,000,00,2,1,01,A01
200600021626,0,07,000,00,1,1,01,A01
200600021627,0,01,000,00,2,2,17,A01
200600021628,0,07,000,00,1,1,01,A01
200600021629,0,05,000,00,1,1,21,A01
200600021630,0,07,000,00,2,3,15,B01
200600021630,0,04,000,00,2,1,17,A01
200600021631,1,02,000,00,1,1,00,A01
200600021632,2,10,000,01,1,4,04,A01
200600021633,0,07,000,00,1,1,17,A01
200600021634,0,07,000,00,2,3,15,A01
200600021634,0,07,000,01,2,2,17,B01
200600021635,0,04,000,00,2,3,18,A01
200600021635,0,14,000,00,2,7,01,B01
200600021636,0,04,000,00,0,0,01,A01
200600021637,0,04,000,00,2,2,18,A01
200600021637,0,07,000,00,2,8,22,B01
200600021637,0,07,000,00,2,4,24,C01
200600021638,0,07,000,00,1,1,07,A01
200600021639,0,02,000,00,1,1,01,A01
200600021640,0,04,000,00,2,1,01,A01
200600021640,0,10,000,00,2,3,15,B01
200600021641,0,10,000,00,2,1,15,B01
200600021641,0,01,000,00,2,3,19,A01
200600021642,0,07,000,00,1,1,01,A01
200600021643,0,07,000,00,2,2,15,A01
200600021643,0,04,000,00,2,1,01,B01
200600021644,1,10,000,00,1,1,00,A01
200600021645,0,02,000,00,2,2,16,A01
200600021645,0,07,000,00,2,3,07,B01
200600021646,0,01,000,00,2,3,11,A01
200600021646,0,18,002,00,2,5,17,B01
200600021647,0,10,000,00,2,8,10,A01
200600021647,0,05,000,00,2,2,01,B01
200600021648,0,07,000,00,2,1,01,A01
200600021648,0,05,000,00,2,4,01,B01
200600021649,0,04,000,00,2,6,15,A01
200600021649,0,04,000,00,2,2,01,B01
200600021650,0,10,000,00,2,5,04,A01
200600021650,0,02,000,00,2,1,16,B01
200600021651,0,02,000,00,1,1,01,A01
200600021652,0,04,000,00,1,1,07,A01
200600021653,0,07,000,00,1,1,01,A01
200600021654,0,07,000,00,1,4,20,A01
200600021655,0,05,000,00,2,2,08,A01
200600021655,0,07,000,00,2,3,15,B01
200600021656,0,07,000,00,2,3,20,A01
200600021656,0,01,000,00,2,5,01,B01
200600021657,0,07,000,00,1,1,16,A01
200600021658,0,07,000,00,2,4,23,B01
200600021658,0,07,000,00,2,1,02,A01
200600021659,0,05,000,00,0,0,21,A01
200600021660,0,14,000,00,2,2,16,A01
200600021660,0,05,000,00,2,3,01,B01
200600021661,1,07,000,00,2,2,00,A01
200600021661,0,05,000,00,2,3,01,B01
200600021662,0,07,000,00,1,1,07,A01
200600021663,0,04,000,00,1,1,07,A01
200600021664,0,07,000,00,2,5,22,A01
200600021664,0,01,000,00,2,3,01,B01
200600021665,0,07,000,00,2,1,16,B01
200600021665,0,02,000,00,2,5,01,A01
200600021666,0,07,000,00,2,3,11,A01
200600021666,0,05,000,00,2,2,01,B01
200600021667,0,14,000,00,2,5,12,A01
200600021667,0,05,000,00,2,3,01,B01
200600021668,0,07,000,00,2,3,09,A01
200600021668,0,02,000,00,2,1,01,B01
200600021669,0,07,000,00,1,1,01,A01
200600021670,0,04,000,00,1,1,01,A01
200600021671,0,05,000,01,2,2,17,A01
200600021671,0,07,000,00,2,3,15,B01
200600021672,0,07,000,01,2,1,01,B01
200600021672,0,07,000,00,2,2,01,A01
200600021673,0,07,000,00,1,4,04,A01
200600021674,0,07,000,00,2,8,10,A01
200600021674,0,07,000,00,2,2,01,B01
200600021675,0,07,000,00,2,8,10,A01
200600021675,0,05,000,00,2,2,01,B01
200600021676,0,02,000,00,2,1,05,A01
200600021676,0,10,000,00,2,1,01,B01
200600021677,0,07,000,00,1,1,01,A01
200600021678,0,07,000,00,1,1,01,A01
200600021679,0,02,000,00,2,1,01,B01
200600021679,1,07,000,00,2,2,00,A01
200600021680,0,07,000,00,2,2,15,A01
200600021680,0,05,000,00,2,1,01,B01
200600021681,1,07,000,00,2,1,00,A01
200600021681,0,02,000,00,2,4,23,B01
200600021682,0,02,000,00,2,3,07,A01
200600021682,0,07,000,00,2,2,16,B01
200600021683,0,07,000,00,2,3,09,A01
200600021683,0,02,000,00,2,2,01,B01
200600021684,0,07,000,00,2,1,17,A01
200600021684,0,04,000,00,2,1,01,B01
200600021685,0,07,000,00,1,2,17,A01
200600021686,0,05,000,00,1,1,01,A01
200600021687,0,02,000,00,1,1,01,A01
200600021688,0,04,000,00,1,1,01,A01
200600021689,0,02,000,00,1,1,15,A01
200600021690,0,18,000,00,1,1,16,A01
200600021691,0,05,000,00,0,0,11,A01
200600021692,0,05,000,00,0,0,15,A01
200600021693,0,05,000,00,2,3,18,A01
200600021693,0,07,000,00,2,2,16,B01
200600021694,0,05,000,00,0,0,21,A01
200600021695,0,07,000,00,2,1,02,A01
200600021695,0,07,000,00,2,4,02,B01
200600021696,0,02,000,00,2,2,17,A01
200600021696,0,07,000,00,2,8,15,B01
200600021697,0,07,000,00,2,4,02,B01
200600021697,0,07,000,00,2,1,02,A01
200600021698,0,07,000,00,1,1,01,A01
200600021699,0,07,000,00,2,1,01,A01
200600021699,0,07,000,00,2,4,23,B01
200600021699,0,07,000,00,2,2,23,C01
200600021700,0,02,000,00,1,1,01,A01
200600021701,0,07,000,00,1,1,01,A01
200600021702,1,07,000,00,2,1,00,A01
200600021702,0,05,000,00,2,6,15,B01
200600021703,1,07,000,00,2,8,00,A01
200600021703,0,02,000,00,2,5,01,B01
200600021704,0,07,000,00,2,2,01,B01
200600021704,0,02,000,00,2,1,01,A01
200600021705,0,04,000,00,2,1,01,B01
200600021705,2,07,000,00,2,2,01,A01
200600021706,0,07,000,00,1,4,04,A01
200600021707,0,10,000,00,2,6,10,A01
200600021707,0,04,000,00,2,1,01,B01
200600021708,1,07,000,00,2,6,00,A01
200600021708,0,05,000,00,2,2,01,B01
200600021709,0,05,000,00,0,0,21,A01
200600021710,0,05,000,00,2,3,18,A01
200600021710,0,07,000,00,2,2,12,B01
200600021711,0,05,000,00,0,0,01,A01
200600021712,0,05,000,00,2,1,18,A01
200600021712,0,10,000,00,2,4,12,B01
200600021713,0,05,000,00,0,0,03,A01
200600021714,0,05,000,00,2,3,21,A01
200600021714,0,07,000,00,2,5,01,B01
200600021714,0,07,000,00,2,4,01,C01
200600021714,0,07,000,00,2,2,01,D01
200600021715,0,10,000,00,2,1,02,A01
200600021715,0,07,000,00,2,4,02,B01
200600021716,0,14,000,00,2,3,11,A01
200600021716,0,07,000,00,2,5,01,B01
200600021717,1,14,000,00,2,2,00,A01
200600021717,0,07,000,00,2,6,01,B01
200600021718,0,04,000,10,0,1,01,A01
200600021719,0,07,000,00,2,1,02,A01
200600021719,0,07,000,00,2,4,02,B01
200600021719,0,07,000,00,2,4,02,C01
200600021719,0,07,000,00,2,4,02,D01
200600021720,0,07,000,00,2,1,02,A01
200600021720,0,07,000,00,2,4,02,B01
200600021720,0,07,000,00,2,4,02,C01
200600021721,0,05,000,00,0,0,21,A01
200600021722,1,07,000,00,1,1,00,A01
200600021723,0,07,000,00,2,3,01,A01
200600021723,0,02,000,00,2,1,01,B01
200600021724,0,07,000,00,2,6,10,A01
200600021724,0,07,000,00,2,1,01,B01
200600021725,0,05,000,00,2,1,18,A01
200600021725,0,07,000,00,2,2,12,B01
200600021726,1,07,000,00,2,2,00,A01
200600021726,0,05,000,00,2,3,03,B01
200600021727,0,10,000,00,2,7,12,A01
200600021727,0,05,000,00,2,3,01,B01
200600021728,0,10,000,00,2,1,02,A01
200600021728,0,07,000,00,2,4,02,B01
200600021729,0,07,000,00,2,1,02,A01
200600021729,0,07,000,00,2,4,02,B01
200600021729,0,10,000,00,2,4,02,C01
200600021729,0,07,000,00,2,4,02,D01
200600021730,0,05,000,00,0,0,01,A01
200600021731,0,05,000,00,2,1,02,A01
200600021731,0,07,000,00,2,4,02,B01
200600021732,0,07,000,00,2,1,09,A01
200600021732,0,07,000,05,2,4,01,B01
200600021732,0,07,000,00,2,4,01,C01
200600021733,0,10,000,00,2,1,02,A01
200600021733,0,10,000,00,2,4,23,B01
200600021734,0,07,000,00,2,6,11,A01
200600021734,0,05,000,00,2,1,03,B01
200600021734,0,07,000,00,2,6,23,C01
200600021734,0,07,000,00,2,1,02,D01
200600021735,0,07,000,00,2,6,11,A01
200600021735,0,05,000,00,2,2,01,B01
200600021736,0,02,000,00,2,1,05,A01
200600021736,0,05,000,00,2,1,01,B01
200600021737,0,17,000,00,2,2,12,A01
200600021737,0,07,000,05,2,6,01,B01
200600021737,0,10,000,00,2,1,01,C01
200600021737,0,10,000,00,2,1,01,D01
200600021737,0,07,000,00,2,4,01,E01
200600021738,0,07,000,00,2,6,11,A01
200600021738,0,05,000,00,2,2,01,B01
200600021739,0,07,000,00,2,8,11,A01
200600021739,0,05,000,00,2,2,01,B01
200600021740,0,10,000,00,2,1,02,A01
200600021740,0,07,000,00,2,4,02,B01
200600021740,0,07,000,00,2,4,02,C01
200600021741,0,07,000,00,2,8,21,A01
200600021741,0,05,000,00,2,2,01,B01
200600021742,0,07,000,00,2,1,02,A01
200600021742,0,07,000,00,2,4,02,B01
200600021742,0,07,000,00,2,1,02,C01
200600021742,0,07,000,00,2,1,02,D01
200600021743,0,05,000,00,1,1,01,A01
200600021744,0,07,000,00,2,2,10,A01
200600021744,0,07,000,00,2,1,01,B01
200600021745,0,07,000,00,2,2,15,A01
200600021745,0,05,000,00,2,1,01,B01
200600021746,0,17,000,00,2,2,12,A01
200600021746,0,07,000,00,2,6,01,B01
200600021746,0,07,000,00,2,7,01,C01
200600021747,0,05,000,00,0,0,21,A01
200600021748,0,07,000,00,2,6,11,A01
200600021748,0,07,000,05,2,2,01,B01
200600021749,0,05,000,00,2,3,18,A01
200600021749,0,07,000,00,2,2,12,B01
200600021750,0,05,000,00,2,3,18,A01
200600021750,0,07,000,00,2,2,12,B01
200600021751,0,07,000,12,0,2,14,A01
200600021752,0,17,000,00,2,1,02,A01
200600021752,0,10,000,00,2,4,02,B01
200600021752,0,10,000,00,2,4,02,C01
200600021753,0,05,000,00,2,1,11,A01
200600021753,0,14,000,00,2,4,01,B01
200600021754,0,07,000,00,2,5,12,A01
200600021754,0,05,000,00,2,3,03,B01
200600021755,0,10,000,00,2,1,02,A01
200600021755,0,07,000,00,2,4,02,B01
200600021755,0,10,000,00,2,4,02,C01
200600021755,0,07,000,00,2,4,02,D01
200600021755,0,07,000,00,2,4,02,E01
200600021756,0,07,000,00,2,5,12,A01
200600021756,0,05,000,00,2,3,01,B01
200600021757,0,07,000,00,2,6,11,A01
200600021757,0,05,000,00,2,2,01,B01
200600021758,0,07,000,00,2,2,12,A01
200600021758,0,05,000,00,2,3,01,B01
200600021759,0,05,000,00,2,1,21,A01
200600021759,0,07,000,00,2,4,01,B01
200600021760,0,05,000,00,2,3,18,A01
200600021760,0,07,000,00,2,2,16,B01
200600021761,0,05,000,05,0,3,21,A01
200600021762,0,10,000,00,2,2,12,A01
200600021762,0,07,000,00,2,6,01,B01
200600021762,0,10,000,00,2,1,01,C01
200600021763,0,07,000,00,2,4,23,A01
200600021763,0,05,000,00,2,1,01,B01
200600021764,0,02,000,04,0,2,01,A01
200600021765,0,07,000,00,1,1,01,A01
200600021766,0,07,000,00,1,1,01,A01
200600021767,0,30,000,00,2,8,11,A01
200600021767,0,05,000,00,9,1,17,B01
200600021768,0,07,000,00,1,1,01,A01
200600021769,0,07,000,00,2,1,01,A01
200600021769,0,31,000,00,2,8,01,B01
200600021770,0,07,000,00,2,3,01,A01
200600021770,0,38,001,00,2,1,15,B01
200600021771,0,07,000,00,2,8,01,A01
200600021771,0,05,000,00,2,3,01,B01
200600021772,0,07,000,15,0,2,01,A01
200600021773,0,07,000,03,2,5,01,A01
200600021773,0,07,000,00,2,1,01,B01
200600021774,0,07,003,00,2,1,01,A01
200600021774,0,07,001,00,2,1,01,B01
200600021775,0,07,000,00,1,2,15,A01
200600021776,0,07,000,00,1,2,01,A01
200600021777,0,05,000,00,2,7,19,A01
200600021777,0,07,000,00,2,3,19,B01
200600021778,0,07,000,00,2,2,12,A01
200600021778,0,05,000,00,2,3,02,B01
200600021779,0,05,000,00,2,8,02,A01
200600021779,0,07,000,00,2,3,01,B01
200600021780,0,32,000,00,2,7,15,A01
200600021780,0,07,000,00,2,4,15,B01
200600021781,0,05,000,00,2,3,02,A01
200600021781,0,13,000,00,2,0,15,B01
200600021782,1,07,000,00,2,2,00,A01
200600021782,0,07,000,00,2,7,00,B01
200600021783,0,01,000,00,0,1,01,A01
200600021784,0,33,000,00,2,1,01,B01
200600021784,0,07,000,00,2,2,15,A01
200600021785,0,18,000,00,4,0,00,A01
200600021785,0,99,000,00,2,1,01,B02
200600021785,0,07,000,00,2,3,00,C02
200600021786,0,02,000,00,2,1,17,A01
200600021786,0,07,000,00,2,2,15,B01
200600021787,0,07,000,00,2,7,01,B01
200600021787,0,15,000,00,2,3,15,A01
200600021788,0,07,000,00,2,2,15,A01
200600021788,0,02,000,00,2,1,01,B01
200600021789,0,07,000,06,0,1,14,A01
200600021790,0,02,000,00,1,1,00,A01
200600021791,0,07,000,03,0,3,00,A01
200600021792,0,07,000,00,2,6,02,A01
200600021792,0,33,000,00,2,4,01,B01
200600021792,0,07,000,00,2,1,01,C01
200600021793,0,32,000,00,2,1,02,A01
200600021793,0,07,000,00,2,4,02,B01
200600021794,1,07,000,00,2,0,00,A01
200600021794,0,07,000,00,2,1,00,B01
200600021795,0,07,000,06,0,3,11,A01
200600021796,1,07,000,00,0,0,00,A01
200600021797,0,07,000,00,2,1,13,A01
200600021797,0,07,000,00,2,1,01,B01
200600021798,0,02,000,00,2,7,19,A01
200600021798,0,07,000,00,2,6,02,B01
200600021799,1,07,000,00,1,0,00,A01
200600021800,0,07,000,00,2,1,13,A01
200600021801,0,05,000,00,1,0,00,A01
200600021802,0,07,000,00,1,0,00,A01
200600021803,0,07,000,00,2,2,15,A01
200600021803,0,05,000,00,2,1,01,B01
200600021804,0,05,000,00,2,8,01,A01
200600021804,0,07,000,00,2,8,15,B01
200600021805,0,07,000,00,2,2,00,A01
200600021805,0,07,000,00,2,1,00,B01
200600021806,0,07,000,00,1,2,01,A01
200600021807,0,01,000,00,2,5,19,B01
200600021807,0,07,000,00,9,3,19,A01
200600021808,0,07,000,00,2,1,01,A01
200600021808,0,10,000,00,0,4,15,B01
200600021809,0,07,000,00,2,1,02,A01
200600021809,0,07,000,08,0,4,02,B01
200600021810,0,07,000,00,1,7,01,A01
200600021811,0,07,000,00,2,4,02,A01
200600021811,0,07,000,00,0,4,15,B01
200600021812,0,05,000,00,2,1,01,B01
200600021812,0,07,000,00,0,8,10,A01
200600021813,0,07,000,00,2,3,01,B01
200600021813,0,07,000,00,2,2,19,A01
200600021813,0,07,000,00,2,8,23,C01
200600021814,0,07,000,13,0,9,00,A01
200600021815,0,07,000,00,2,3,01,A01
200600021815,0,07,000,00,0,2,15,B01
200600021816,0,07,000,00,1,7,01,A01
200600021817,0,05,000,00,2,1,01,B01
200600021817,0,07,000,00,2,3,15,A01
200600021818,0,07,000,08,0,7,01,A01
200600021819,0,07,000,00,1,3,01,A01
200600021820,0,07,000,00,2,1,02,A01
200600021820,0,03,000,00,0,4,01,B01
200600021821,0,07,000,00,2,8,11,A01
200600021821,0,05,000,00,2,1,17,B01
200600021822,0,99,000,01,0,1,01,A01
200600021823,0,07,000,13,0,7,01,A01
200600021824,0,07,000,00,2,2,17,A01
200600021824,0,02,000,00,0,8,15,B01
200600021825,0,07,000,00,2,8,15,A01
200600021825,0,07,000,00,2,1,01,B01
200600021826,0,07,000,00,2,6,09,A01
200600021826,0,05,000,00,2,1,01,B01
200600021827,0,07,000,11,0,3,01,A01
200600021828,0,02,000,00,2,1,01,A01
200600021828,0,07,000,00,2,3,01,B01
200600021829,0,15,000,00,1,2,20,A01
200600021830,0,05,000,00,0,0,02,A01
200600021830,1,07,000,00,0,0,00,B01
200600021830,0,38,001,00,0,0,00,C01
200600021831,0,14,000,00,2,2,15,A01
200600021831,0,07,000,00,2,1,01,B01
200600021832,0,07,000,00,0,7,00,A01
200600021832,0,07,000,00,0,1,00,B01
200600021833,0,07,000,00,2,1,21,B01
200600021833,0,07,000,00,2,8,20,A01
200600021834,0,07,000,00,2,1,05,A01
200600021834,0,07,000,00,2,1,01,B01
200600021834,1,07,000,00,0,0,19,C01
200600021835,0,07,000,00,2,9,11,A01
200600021836,0,07,000,00,2,1,01,B01
200600021836,0,30,000,00,2,1,13,A01
200600021837,0,07,000,14,2,4,02,B01
200600021837,0,17,000,14,0,1,02,A01
200600021837,0,07,000,14,0,4,23,C01
200600021838,0,07,000,00,1,3,01,A01
200600021839,0,07,000,00,2,6,15,A01
200600021839,0,07,000,15,2,1,21,B01
200600021840,0,07,000,01,2,7,02,B01
200600021840,0,07,000,01,0,1,16,A01
200600021841,0,07,000,00,2,3,15,A01
200600021841,0,33,000,00,2,8,01,B01
200600021842,0,02,000,00,0,1,02,A01
200600021842,0,07,000,00,1,4,23,B01
200600021843,0,07,000,00,0,3,15,A01
200600021843,0,31,000,00,2,8,02,B01
200600021844,0,07,000,01,0,8,01,A01
200600021844,0,15,000,00,2,4,24,B01
200600021845,0,33,000,14,0,1,21,A01
200600021845,0,07,000,00,2,5,23,B01
200600021846,0,07,000,00,0,5,02,B01
200600021846,0,33,000,00,2,1,02,A01
200600021847,0,07,000,00,0,8,15,A01
200600021847,0,02,000,00,0,1,01,B01
200600021848,0,07,000,00,2,1,01,B01
200600021848,0,07,000,00,2,2,01,A01
200600021849,0,05,000,00,2,1,01,A01
200600021849,0,07,000,00,2,3,15,B01
200600021850,0,05,000,04,0,0,00,A01
200600021851,0,07,000,00,1,4,04,A01
200600021852,0,07,000,06,0,2,14,A01
200600021853,0,14,000,00,2,1,16,A01
200600021853,0,05,000,00,2,4,00,B01
200600021854,0,10,000,00,2,1,02,A01
200600021854,0,07,000,00,2,4,02,B01
200600021855,0,05,000,00,0,0,01,A01
200600021856,0,02,000,00,0,0,01,A01
200600021857,1,07,000,00,1,1,01,A01
200600021858,0,07,000,00,1,2,01,A01
200600021859,0,07,000,00,2,2,01,B01
200600021859,0,07,000,00,2,3,01,A01
200600021860,0,07,000,00,2,1,16,A01
200600021860,0,10,000,00,2,8,01,B01
200600021861,0,10,000,00,1,1,01,A01
200600021862,0,07,000,00,2,7,17,A01
200600021862,0,02,000,00,2,1,01,B01
200600021863,0,01,000,00,2,1,01,A01
200600021863,0,10,000,00,2,2,15,B01
200600021864,0,07,000,00,2,1,02,A01
200600021864,0,10,000,00,2,4,02,B01
200600021864,0,07,000,00,2,4,01,C01
200600021865,0,07,000,00,2,1,02,A01
200600021865,0,07,000,00,2,4,01,B01
200600021866,0,07,000,00,2,7,15,A01
200600021866,0,07,000,00,2,1,01,B01
200600021867,0,07,000,00,2,1,01,A01
200600021867,0,07,000,00,0,4,01,B01
200600021868,0,07,000,00,2,5,20,A01
200600021868,0,07,000,00,2,2,01,B01
200600021869,0,07,000,15,0,1,00,A01
200600021870,0,07,000,00,2,1,05,A01
200600021870,0,07,000,00,2,1,05,B01
200600021871,0,07,000,00,1,6,16,A01
200600021872,0,07,000,00,2,7,00,A01
200600021872,0,04,000,00,2,1,00,B01
200600021873,0,07,000,00,2,1,00,A01
200600021873,0,07,000,00,0,4,02,B01
200600021874,0,07,000,00,9,7,00,A01
200600021875,0,07,000,00,1,2,01,B01
200600021876,0,07,000,06,0,9,13,A01
200600021877,0,05,000,00,0,8,00,B01
200600021877,0,07,000,00,0,1,19,A01
200600021878,0,07,000,00,2,1,15,A01
200600021878,0,07,000,00,2,1,01,B01
200600021879,0,07,000,00,2,8,15,A01
200600021879,0,02,000,00,2,7,17,B01
200600021880,0,07,000,00,9,1,09,A01
200600021880,0,01,000,00,2,7,01,B01
200600021881,0,07,000,15,0,1,01,A01
200600021882,0,07,000,00,2,3,15,A01
200600021882,0,05,000,00,2,1,01,B01
200600021883,0,07,000,00,1,1,01,A01
200600021884,0,05,000,00,2,1,06,A01
200600021884,0,07,000,00,2,6,09,B01
200600021885,0,07,000,15,1,4,04,A01
200600021886,0,10,000,00,2,1,02,A01
200600021886,0,07,000,00,0,4,02,B01
200600021887,0,07,000,00,9,1,01,A01
200600021887,0,01,000,00,2,1,19,B01
200600021888,0,07,000,07,0,1,01,A01
200600021889,0,07,000,07,0,9,01,A01
200600021890,0,07,000,06,0,1,01,A01
200600021891,0,07,000,00,1,7,15,A01
200600021892,0,05,000,00,0,1,02,A01
200600021893,0,07,000,00,2,1,02,A01
200600021893,0,07,000,00,2,3,02,B01
200600021894,0,07,000,00,2,1,02,A01
200600021894,0,07,000,00,0,4,02,B01
200600021895,0,07,000,06,0,1,02,A01
200600021896,0,04,000,00,1,1,01,A01
200600021897,0,07,000,14,0,0,01,A01
200600021898,0,07,000,00,2,0,00,B01
200600021898,0,07,000,00,2,3,15,A01
200600021899,0,07,000,00,2,3,09,A01
200600021899,0,05,000,00,2,1,01,B01
200600021900,0,07,000,00,2,1,01,B01
200600021900,0,07,000,00,2,1,15,A01
200600021901,0,07,000,00,2,3,15,A01
200600021901,0,01,000,00,2,1,01,B01
200600021902,0,07,000,00,2,1,02,A01
200600021902,0,05,000,00,2,4,02,B01
200600021903,0,05,000,00,2,1,02,B01
200600021903,0,02,000,00,2,8,09,A01
200600021904,0,07,000,00,2,3,00,A01
200600021904,0,18,003,00,2,3,01,B01
200600021905,0,05,000,00,2,0,01,A01
200600021905,0,01,000,00,2,0,01,B01
200600021906,0,07,000,01,0,8,01,A01
200600021907,0,07,000,03,0,1,02,A01
200600021907,0,07,000,00,0,0,02,B01
200600021908,0,07,000,00,2,1,01,A01
200600021908,0,07,000,00,2,1,01,B01
200600021908,0,07,000,00,2,1,01,C01
200600021909,0,05,000,00,1,1,17,A01
200600021910,0,02,000,00,1,1,17,A01
200600021911,0,07,000,08,0,1,01,A01
200600021912,0,02,000,12,0,1,01,A01
200600021913,0,02,000,00,2,1,17,A01
200600021913,0,07,000,00,2,8,15,B01
200600021914,2,05,000,00,1,1,01,A01
200600021915,0,07,000,00,2,5,15,A01
200600021915,0,01,000,00,2,1,01,B01
200600021916,0,07,000,00,1,2,01,A01