Num_Acc,senc,catv,occutc,obs,obsm,choc,manv,num_veh
200600022287,0,05,000,00,2,1,01,A01
200600022288,0,05,000,00,9,1,01,A01
200600022289,0,07,000,00,2,7,12,A01
200600022289,0,05,000,00,2,1,03,B01
200600022290,0,07,000,00,1,2,01,A01
200600022291,0,05,000,00,2,1,01,A01
200600022291,0,07,000,00,2,5,15,B01
200600022292,0,07,000,00,1,1,10,A01
200600022293,0,10,000,00,2,1,01,A01
200600022293,0,07,000,00,2,4,00,B01
200600022294,0,05,000,00,2,1,01,B01
200600022294,0,07,000,00,2,0,15,A01
200600022295,0,07,000,00,1,3,01,A01
200600022296,0,07,000,00,1,2,16,A01
200600022297,0,07,000,00,2,1,01,A01
200600022297,0,02,000,00,2,2,01,B01
200600022298,0,07,000,00,1,1,01,A01
200600022299,0,07,000,00,2,5,15,A01
200600022299,0,04,000,00,2,7,01,B01
200600022300,0,05,000,00,1,1,02,A01
200600022301,0,07,000,00,1,7,01,A01
200600022302,0,07,000,00,2,1,01,B01
200600022302,0,07,000,15,2,7,01,A01
200600022303,0,07,000,00,2,2,01,B01
200600022303,0,07,000,00,2,8,01,A01
200600022304,0,07,000,00,2,1,15,A01
200600022304,0,05,000,00,2,7,13,B01
200600022305,0,07,000,01,0,1,01,A01
200600022306,0,07,000,00,0,3,01,A01
200600022307,0,07,000,00,0,1,01,B01
200600022307,0,07,000,00,0,3,10,A01
200600022308,0,10,000,00,2,1,02,A01
200600022308,0,07,000,00,2,6,02,B01
200600022308,0,07,000,00,2,4,23,C01
200600022309,0,07,000,00,2,1,00,A01
200600022309,0,34,000,00,2,7,00,B01
200600022310,0,07,000,00,2,7,00,A01
200600022310,0,07,000,00,2,1,00,B01
200600022311,0,07,000,00,2,1,15,A01
200600022311,0,32,000,00,2,1,00,B01
200600022312,0,07,000,00,2,1,02,A01
200600022312,0,07,000,03,2,4,00,B01
200600022313,0,07,000,00,2,1,00,A01
200600022313,0,07,000,00,2,4,00,B01
200600022314,0,10,000,00,1,3,01,A01
200600022315,0,05,000,00,2,8,21,A01
200600022315,0,10,000,00,0,6,14,B01
200600022316,0,07,000,00,2,6,04,A01
200600022316,0,05,000,15,2,3,01,B01
200600022317,0,05,000,00,0,7,24,A01
200600022317,0,07,000,01,0,5,20,B01
200600022318,0,07,000,00,2,8,02,B01
200600022318,0,05,000,00,2,1,02,A01
200600022319,0,05,000,00,2,1,01,A01
200600022319,0,07,000,00,2,0,00,B01
200600022320,0,05,000,00,2,1,00,A01
200600022320,0,07,000,00,2,4,01,B01
200600022320,0,07,000,00,2,4,23,C01
200600022321,0,07,000,00,2,1,20,A01
200600022321,0,05,000,00,2,1,01,B01
200600022322,0,05,000,00,2,2,00,A01
200600022322,0,07,000,00,2,3,00,B01
200600022323,0,04,000,00,0,7,01,A01
200600022323,0,07,000,00,2,1,15,B01
200600022324,0,07,000,00,9,1,02,A01
200600022324,0,04,000,00,2,4,23,B01
200600022325,0,05,000,00,2,7,17,A01
200600022325,0,01,000,00,2,8,21,B01
200600022326,0,07,000,00,2,2,15,A01
200600022326,0,07,000,00,2,6,01,B01
200600022327,0,10,000,01,0,7,13,A01
200600022328,0,02,000,00,2,1,16,A01
200600022328,0,07,000,00,9,3,01,B01
200600022329,0,07,000,00,2,1,01,A01
200600022329,0,07,000,00,2,2,15,B01
200600022330,0,07,000,00,9,5,10,A01
200600022330,0,02,000,00,2,1,01,B01
200600022331,0,07,000,00,2,7,15,A01
200600022331,0,05,000,00,2,1,01,B01
200600022332,0,07,000,15,0,1,19,A01
200600022332,0,04,000,00,2,0,23,B01
200600022333,0,07,000,00,2,2,15,A01
200600022333,0,33,000,00,2,3,01,B01
200600022334,0,02,000,00,2,2,01,A01
200600022334,0,07,000,00,2,3,15,B01
200600022335,0,37,001,00,2,4,16,B01
200600022335,0,33,000,00,2,1,07,A01
200600022336,0,07,000,00,2,5,15,A01
200600022336,0,07,000,00,2,3,01,B01
200600022337,0,30,000,00,1,1,01,A01
200600022338,0,07,000,01,0,2,14,A01
200600022339,0,10,000,06,0,1,14,A01
200600022340,1,07,000,00,1,2,01,A01
200600022341,0,07,000,00,2,2,10,A01
200600022341,0,33,000,00,2,1,01,B01
200600022342,0,07,000,00,2,8,20,A01
200600022342,0,02,000,00,2,1,01,B01
200600022343,0,05,000,00,2,1,01,B01
200600022343,0,07,000,00,2,2,10,A01
200600022344,0,30,000,00,1,1,09,A01
200600022345,0,07,000,00,2,4,02,A01
200600022345,0,07,000,00,2,4,02,B01
200600022345,0,07,000,00,2,1,02,C01
200600022346,0,07,000,00,2,7,02,A01
200600022346,0,10,000,00,2,3,11,B01
200600022347,0,07,000,14,0,1,01,A01
200600022348,0,30,000,00,2,3,01,A01
200600022348,0,07,000,00,2,2,09,B01
200600022349,0,07,000,00,2,3,02,A01
200600022349,0,02,000,00,2,1,15,B01
200600022350,0,07,000,00,0,2,23,B01
200600022350,0,05,000,01,0,1,16,A01
200600022351,0,07,000,00,1,1,02,A01
200600022352,0,07,000,00,2,2,22,A01
200600022352,0,07,000,00,2,8,02,C01
200600022352,0,02,000,01,2,1,02,B01
200600022353,0,07,000,00,1,2,01,A01
200600022354,0,07,000,00,2,3,09,B01
200600022354,0,33,000,00,2,0,17,A01
200600022355,0,15,000,12,0,8,00,A01
200600022356,0,10,000,00,2,3,01,A01
200600022356,0,30,000,00,1,2,01,B01
200600022357,0,07,000,00,2,3,01,B01
200600022357,0,07,000,00,2,5,15,A01
200600022358,0,07,000,00,2,3,13,A01
200600022358,0,07,000,00,2,2,01,B01
200600022359,0,07,001,00,2,6,02,A01
200600022359,0,30,000,00,2,1,02,B01
200600022360,0,07,000,00,1,1,15,A01
200600022361,0,05,000,14,0,1,01,A01
200600022362,0,07,000,08,0,1,01,A01
200600022363,0,07,000,00,2,1,01,A01
200600022363,0,34,000,00,2,4,23,B01
200600022364,0,05,000,00,2,1,01,A01
200600022364,0,07,000,00,2,2,15,B01
200600022365,0,07,000,00,2,2,01,B01
200600022365,0,07,000,00,2,1,01,A01
200600022366,0,32,000,04,0,0,01,A01
200600022367,0,30,000,00,1,8,01,A01
200600022368,0,05,000,14,0,1,01,A01
200600022368,0,07,000,00,0,0,01,B01
200600022369,0,07,000,00,1,1,01,A01
200600022370,0,07,000,08,0,2,01,A01
200600022371,1,30,000,00,0,0,00,A01
200600022372,0,07,000,00,2,4,01,A01
200600022372,0,07,000,00,2,1,01,B01
200600022373,0,30,000,00,2,1,02,A01
200600022373,0,07,000,00,2,4,15,B01
200600022374,0,07,000,00,2,2,15,A01
200600022374,0,30,000,00,2,1,01,B01
200600022375,0,05,000,00,2,1,02,A01
200600022375,0,07,000,00,2,4,09,B01
200600022376,0,07,000,00,2,1,02,A01
200600022376,0,31,000,00,2,4,02,B01
200600022377,0,30,000,00,2,1,02,A01
200600022377,0,07,000,00,2,4,11,B01
200600022378,0,07,000,00,2,6,23,A01
200600022378,0,32,000,01,0,1,02,B01
200600022379,0,33,000,00,2,2,02,A01
200600022379,0,07,000,00,2,1,11,B01
200600022380,0,32,000,00,2,0,03,A01
200600022380,0,07,000,00,2,2,01,B01
200600022380,0,07,000,00,2,3,01,C01
200600022381,0,07,000,00,2,1,13,A01
200600022381,0,34,000,00,2,7,17,B01
200600022382,0,07,000,00,1,1,01,A01
200600022383,0,07,000,00,1,1,01,A01
200600022384,0,07,000,00,2,0,09,A01
200600022384,0,33,000,01,2,7,01,B01
200600022385,0,07,000,00,2,6,21,A01
200600022385,0,05,000,00,2,7,21,B01
200600022386,0,02,000,00,2,4,21,A01
200600022386,0,07,000,00,2,4,21,B01
200600022387,0,01,000,00,2,7,15,B01
200600022387,0,18,000,00,9,1,01,A01
200600022388,0,02,000,00,1,1,13,A01
200600022389,0,02,000,00,2,3,01,A01
200600022389,0,07,000,00,2,2,16,B01
200600022390,0,07,000,00,2,2,10,A01
200600022390,0,05,000,00,2,3,01,B01
200600022391,0,07,000,06,9,2,02,A01
200600022392,0,07,000,00,2,1,01,A01
200600022392,0,02,000,00,0,4,23,B01
200600022393,0,05,000,00,2,1,01,A01
200600022393,0,07,000,00,2,2,15,B01
200600022394,0,07,000,02,0,2,14,A01
200600022395,0,02,000,01,0,1,13,A01
200600022396,0,02,000,00,1,1,01,A01
200600022397,0,05,000,00,2,1,01,A01
200600022397,0,07,000,00,2,4,16,B01
200600022398,0,05,000,00,2,1,02,A01
200600022398,0,07,000,00,2,5,15,B01
200600022399,0,04,000,00,2,2,02,A01
200600022399,0,07,000,00,2,3,15,B01
200600022400,0,07,000,00,2,3,15,A01
200600022400,0,07,000,00,2,1,01,B01
200600022401,0,07,000,00,1,3,01,A01
200600022402,0,07,000,00,2,4,02,B01
200600022402,0,10,000,00,2,1,01,A01
200600022403,0,01,000,00,1,1,01,A01
200600022404,0,10,000,00,2,8,15,A01
200600022404,0,02,000,00,2,1,17,B01
200600022405,0,07,000,06,2,1,01,A01
200600022405,0,07,000,00,2,6,01,B01
200600022406,0,07,000,00,1,1,01,A01
200600022407,0,07,000,00,2,6,23,A01
200600022407,0,01,000,01,0,1,01,B01
200600022408,0,05,000,00,2,1,17,A01
200600022408,0,07,000,00,2,3,15,B01
200600022409,1,07,000,00,0,8,01,A01
200600022410,0,05,000,01,0,1,03,A01
200600022410,0,07,000,00,0,5,23,B01
200600022411,0,07,000,00,2,4,23,A01
200600022411,0,02,000,00,2,1,01,B01
200600022412,0,05,000,12,0,7,21,A01
200600022413,0,07,000,00,2,3,01,A01
200600022413,0,05,000,00,0,4,01,B01
200600022414,0,05,000,00,0,0,01,A01
200600022415,0,07,000,00,1,4,04,A01
200600022416,0,07,000,00,2,3,16,A01
200600022416,0,01,000,00,2,1,14,B01
200600022417,0,07,000,00,1,1,01,A01
200600022418,0,05,000,00,1,1,01,A01
200600022419,0,07,000,00,2,2,23,C01
200600022419,0,07,000,00,2,5,00,A01
200600022419,0,07,000,00,2,3,01,B01
200600022420,1,07,000,00,1,0,00,A01
200600022421,0,07,002,00,9,8,01,A01
200600022421,0,02,000,00,2,1,01,B01
200600022422,0,07,002,15,1,2,01,A01
200600022423,0,33,000,00,2,7,01,B01
200600022423,0,07,000,00,2,6,01,A01
200600022424,0,32,000,14,0,1,01,A01
200600022425,0,07,000,00,2,1,01,A01
200600022425,0,07,000,00,2,4,01,B01
200600022425,0,07,000,00,2,4,01,C01
200600022425,0,07,000,00,2,4,01,D01
200600022426,0,10,000,00,2,4,04,A01
200600022426,0,07,000,00,2,1,01,B01
200600022427,0,07,000,04,0,3,02,A01
200600022428,0,07,000,00,2,3,11,A01
200600022428,0,38,001,00,0,5,23,B01
200600022429,0,07,000,00,2,1,01,B01
200600022429,0,07,000,09,2,9,00,A01
200600022430,0,33,000,00,2,1,01,A01
200600022430,0,07,000,14,2,2,01,B01
200600022431,0,05,000,00,2,3,05,A01
200600022431,0,07,005,00,2,7,00,B01
200600022432,0,07,000,00,2,7,12,A01
200600022432,0,18,000,00,2,3,01,B01
200600022433,0,30,000,00,2,9,17,A01
200600022433,0,07,000,00,0,6,15,B01
200600022434,0,07,000,00,1,2,02,A01
200600022435,0,05,000,00,2,1,02,A01
200600022435,0,07,000,00,0,8,02,B01
200600022436,0,07,001,00,0,0,02,A01
200600022436,0,99,000,00,2,1,00,B01
200600022437,0,10,000,00,1,1,20,A01
200600022438,0,18,000,00,0,2,00,A01
200600022439,0,07,000,00,2,3,01,A01
200600022439,0,07,000,00,2,7,15,B01
200600022440,0,07,000,00,0,4,00,A01
200600022440,0,07,000,00,2,1,00,B01
200600022441,0,32,000,09,2,1,21,A01
200600022441,0,07,000,00,0,0,12,B01
200600022442,0,07,000,00,1,1,00,A01
200600022443,0,07,001,00,1,1,00,A01
200600022444,0,07,000,00,0,7,00,B01
200600022444,0,07,000,00,0,1,01,A01
200600022445,0,07,000,06,1,2,05,A01
200600022446,0,30,000,00,2,1,02,A01
200600022446,0,99,000,00,9,5,02,B01
200600022447,0,07,000,00,1,2,23,A01
200600022448,0,07,000,00,1,1,01,A01
200600022449,0,07,000,00,0,1,02,A01
200600022449,0,07,000,00,0,4,02,B01
200600022450,0,07,000,00,1,7,01,A01
200600022451,0,07,000,00,2,7,01,A01
200600022451,0,07,000,00,2,1,01,B01
200600022452,0,07,000,00,2,3,00,B01
200600022452,0,38,029,00,2,2,00,A01
200600022453,0,07,000,00,0,1,13,A01
200600022453,0,07,000,00,0,1,02,C01
200600022454,0,14,000,00,2,2,01,A01
200600022454,0,07,000,00,2,6,11,B01
200600022454,0,07,000,00,2,5,01,C01
200600022455,0,07,000,00,1,3,15,A01
200600022456,0,07,000,00,9,1,01,A01
200600022456,0,01,000,00,2,8,06,B01
200600022457,1,07,000,00,0,0,00,A01
200600022458,0,17,000,00,9,1,02,A01
200600022458,0,02,000,00,2,4,02,B01
200600022459,0,07,000,00,0,3,01,A01
200600022459,0,07,000,00,0,5,01,B01
200600022460,0,07,000,00,1,1,01,A01
200600022460,0,10,000,00,2,1,01,B01
200600022461,0,05,000,00,2,4,23,B01
200600022461,1,07,000,00,2,2,02,A01
200600022462,0,07,000,00,2,5,02,B01
200600022462,0,04,000,14,0,1,16,A01
200600022463,0,05,000,00,2,8,02,A01
200600022463,0,10,000,00,0,5,02,B01
200600022464,0,07,000,00,1,1,01,A01
200600022465,0,07,000,00,2,2,19,A01
200600022465,0,02,000,00,2,8,19,B01
200600022466,0,07,000,00,9,7,01,A01
200600022466,0,04,000,00,2,8,11,B01
200600022466,0,07,000,00,0,0,11,C01
200600022467,0,04,000,00,0,1,00,B01
200600022467,0,07,000,16,0,8,00,A01
200600022468,0,07,000,00,1,8,00,A01
200600022469,1,07,000,00,2,8,11,A01
200600022469,0,05,000,00,2,7,01,B01
200600022470,0,07,000,00,2,3,09,A01
200600022470,0,05,000,00,2,1,01,B01
200600022471,0,01,000,00,0,1,21,B01
200600022471,0,07,000,00,0,3,01,A01
200600022472,0,07,000,00,0,1,15,A01
200600022472,0,07,000,00,2,3,01,B01
200600022473,0,07,000,15,2,9,00,A01
200600022473,0,07,000,00,2,7,01,B01
200600022474,0,01,000,00,2,1,01,A01
200600022474,0,07,000,00,2,1,17,B01
200600022475,0,07,000,00,2,1,01,B01
200600022475,0,07,000,01,2,2,15,C01
200600022475,1,07,000,00,0,0,00,A01
200600022475,0,07,000,00,0,6,23,D01
200600022476,0,04,000,00,2,1,01,A01
200600022476,0,10,000,00,0,4,01,B01
200600022477,0,10,000,00,1,1,01,A01
200600022478,0,02,000,00,2,7,01,A01
200600022478,0,07,000,00,2,3,01,B01
200600022479,0,07,000,00,1,2,01,A01
200600022480,0,07,000,00,0,3,01,A01
200600022480,0,18,000,00,0,1,01,B01
200600022481,0,15,000,00,2,1,02,A01
200600022481,0,07,000,00,2,4,02,B01
200600022482,0,07,005,00,0,4,02,A01
200600022482,0,07,000,00,0,1,02,B01
200600022483,1,99,000,00,0,0,00,A01
200600022484,0,07,000,00,0,2,01,A01
200600022485,0,07,000,00,0,3,15,B01
200600022485,0,07,000,00,0,3,01,A01
200600022486,0,07,000,00,0,1,10,A01
200600022486,0,07,000,01,0,1,00,B01
200600022486,0,10,000,01,0,8,00,C01
200600022487,0,07,000,00,0,6,00,A01
200600022487,0,05,000,00,0,1,00,B01
200600022488,0,07,000,00,2,3,16,A01
200600022488,0,30,000,00,2,1,02,B01
200600022489,0,07,000,00,0,1,00,A01
200600022489,0,32,000,00,0,1,00,B01
200600022490,0,07,000,00,2,1,02,A01
200600022490,0,07,000,00,2,4,02,B01
200600022490,0,07,000,00,2,4,02,C01
200600022491,0,02,000,00,0,3,11,A01
200600022491,0,07,000,00,0,5,01,B01
200600022492,0,07,002,09,0,9,00,A01
200600022493,0,07,000,00,1,7,00,A01
200600022494,0,04,000,00,2,3,01,A01
200600022494,0,07,000,00,2,3,15,B01
200600022495,0,07,000,00,2,3,00,A01
200600022496,0,02,000,00,2,2,09,A01
200600022496,0,07,000,00,9,2,00,B01
200600022497,0,07,000,00,2,7,00,A01
200600022497,0,02,000,00,2,1,00,B01
200600022498,0,07,000,00,1,4,04,A01
200600022499,0,02,000,00,1,8,00,A01
200600022500,0,07,000,02,0,9,01,A01
200600022501,0,07,000,00,9,2,09,A01
200600022501,0,01,000,00,2,8,00,B01
200600022502,0,07,000,00,2,2,13,A01
200600022502,0,07,000,00,2,1,01,B01
200600022503,0,07,000,00,2,1,01,A01
200600022503,0,18,000,00,2,3,01,B01
200600022504,0,07,000,00,2,3,15,A01
200600022504,0,01,000,00,2,1,13,B01
200600022505,0,01,000,00,2,3,05,A01
200600022505,0,10,000,00,9,3,01,B01
200600022506,0,07,000,00,2,5,01,B01
200600022506,0,07,000,00,2,1,01,A01
200600022507,0,02,000,00,2,2,01,B01
200600022507,0,07,000,00,2,2,01,A01
200600022508,0,18,000,00,2,3,01,B01
200600022508,0,07,000,00,2,1,01,A01
200600022509,0,02,000,00,2,1,01,A01
200600022509,0,07,000,00,0,4,01,B01
200600022510,0,07,000,06,0,3,01,A01
200600022511,0,07,000,01,0,8,13,A01
200600022512,0,04,000,00,2,1,01,B01
200600022512,0,10,000,00,2,8,09,A01
200600022513,0,07,000,00,2,1,02,A01
200600022513,0,07,000,00,2,0,00,C01
200600022513,0,07,000,00,2,4,00,B01
200600022514,0,07,000,00,2,1,00,A01
200600022514,0,07,000,00,2,1,00,B01
200600022515,0,05,000,00,1,2,17,A01
200600022516,0,02,000,00,0,1,02,A01
200600022516,0,07,000,00,0,4,02,B01
200600022517,0,07,000,00,9,2,02,A01
200600022517,0,99,000,00,2,4,15,B01
200600022518,0,07,000,00,2,5,09,A01
200600022518,0,05,000,00,2,1,01,B01
200600022519,0,07,000,08,0,9,02,A01
200600022520,0,07,000,00,2,6,15,A01
200600022520,0,02,000,00,2,1,00,B01
200600022521,0,02,000,00,2,1,02,A01
200600022521,0,07,000,15,1,4,02,B01
200600022522,0,07,000,01,0,3,16,A01
200600022522,0,07,000,01,0,6,24,B01
200600022523,0,05,000,00,1,3,02,A01
200600022524,0,07,000,00,2,2,02,A01
200600022524,0,07,000,00,0,4,01,B01
200600022525,0,07,000,00,9,3,10,A01
200600022525,0,02,000,00,0,1,00,B01
200600022526,0,07,000,09,2,0,02,A01
200600022526,0,05,000,00,0,8,02,B01
200600022527,0,07,000,00,9,2,02,B01
200600022527,0,04,000,00,2,7,02,A01
200600022528,0,07,000,00,2,3,11,B01
200600022528,0,07,000,00,2,1,01,A01
200600022529,0,07,000,00,1,7,01,A01
200600022530,0,02,000,00,2,8,01,A01
200600022530,0,07,000,00,2,1,13,B01
200600022531,0,07,000,00,2,2,12,A01
200600022531,0,02,000,00,2,6,02,B01
200600022532,0,07,000,00,0,4,15,A01
200600022532,0,07,000,00,2,1,01,B01
200600022533,0,07,000,00,0,5,19,A01
200600022533,0,07,000,00,0,1,01,B01
200600022534,0,07,000,00,9,2,01,A01
200600022535,0,07,000,00,2,1,02,A01
200600022535,0,07,000,00,2,4,02,B01
200600022535,0,04,000,00,2,4,02,C01
200600022536,0,07,000,00,0,1,01,A01
200600022536,0,02,000,00,0,4,23,B01
200600022537,0,07,000,00,0,1,01,B01
200600022537,0,07,000,00,0,3,19,A01
200600022538,0,07,000,00,0,2,01,A01
200600022538,0,07,000,00,0,1,01,B01
200600022539,0,07,000,06,1,8,01,A01
200600022540,0,07,000,00,1,7,01,A01
200600022541,0,07,000,00,1,3,01,A01
200600022542,0,02,000,12,0,8,20,A01
200600022543,0,07,000,02,2,4,04,A01
200600022543,0,07,000,02,2,1,24,B01
200600022544,2,07,000,00,2,7,02,A01
200600022544,0,31,000,00,2,1,01,B01
200600022545,0,07,000,00,2,1,01,A01
200600022545,0,07,000,00,2,4,02,B01
200600022545,0,07,000,00,2,4,02,C01
200600022546,0,07,000,00,1,1,16,A01
200600022547,0,07,000,14,0,1,00,A01
200600022548,0,04,000,00,2,1,00,A01
200600022548,0,07,000,00,2,8,00,B01
200600022549,0,07,000,00,2,1,02,B01
200600022549,0,07,000,00,2,3,11,A01
200600022550,0,07,000,00,1,1,11,A01
200600022551,1,07,000,00,1,0,00,A01
200600022552,0,07,000,00,9,8,00,A01
200600022552,0,01,000,00,2,3,00,B01
200600022552,0,18,001,00,0,0,00,C01
200600022553,0,07,000,00,0,0,00,A01
200600022553,0,04,000,00,0,8,00,B01
200600022554,0,07,000,00,1,8,02,A01
200600022555,0,01,000,00,0,3,02,A01
200600022555,0,07,000,00,0,2,00,B01
200600022556,0,07,000,00,2,3,11,A01
200600022556,0,07,000,00,2,1,02,B01
200600022557,0,04,000,00,0,1,17,A01
200600022557,0,07,000,00,0,6,15,B01
200600022558,0,04,000,00,2,7,02,A01
200600022558,0,07,000,00,2,1,02,B01
200600022559,0,07,000,00,9,2,01,A01
200600022559,0,01,000,00,2,0,00,C01
200600022559,0,07,000,00,2,2,01,B01
200600022560,0,05,000,00,2,4,17,A01
200600022560,0,04,000,00,2,3,02,B01
200600022561,0,99,000,00,2,1,00,A01
200600022561,0,99,000,00,2,1,00,B01
200600022562,0,07,000,09,0,9,02,A01
200600022563,0,07,000,09,0,1,13,A01
200600022563,0,01,000,00,0,6,09,B01
200600022564,1,99,000,00,0,0,00,A01
200600022564,0,05,000,00,0,0,00,B01
200600022565,0,01,000,00,2,0,09,A01
200600022565,0,07,000,00,9,4,09,B01
200600022566,0,05,000,00,2,2,02,A01
200600022567,0,07,000,00,2,3,15,B01
200600022567,0,05,000,01,2,9,02,A01
200600022567,0,07,000,00,2,3,24,C01
200600022568,0,07,000,00,2,1,00,B01
200600022568,0,07,000,00,2,7,00,A01
200600022569,0,07,000,00,0,2,00,A01
200600022570,0,05,000,00,2,1,02,A01
200600022570,0,07,000,00,2,3,09,B01
200600022571,0,07,000,00,2,3,01,A01
200600022572,0,07,000,01,1,2,13,A01
200600022573,0,18,000,00,1,6,07,A01
200600022574,0,07,000,00,2,3,20,B01
200600022574,0,05,000,00,2,1,01,A01
200600022575,0,32,000,00,0,8,09,A01
200600022575,0,07,000,00,0,5,02,B01
200600022576,0,32,000,00,0,4,00,B01
200600022576,0,07,000,00,0,4,00,A01
200600022577,0,32,000,08,0,1,00,A01
200600022578,0,02,000,00,2,2,17,A01
200600022578,0,07,000,00,2,3,15,B01
200600022579,0,07,000,00,2,7,15,A01
200600022579,0,07,000,00,2,8,01,B01
200600022580,0,07,000,00,2,4,02,B01
200600022580,0,07,000,00,2,1,02,A01
200600022581,0,07,000,00,0,4,20,A01
200600022581,0,02,000,00,2,1,01,B01
200600022581,0,07,000,00,2,8,01,C01
200600022582,0,04,000,00,2,1,02,B01
200600022582,1,07,000,00,9,0,19,A01
200600022583,0,07,000,00,2,2,09,A01
200600022583,0,33,000,00,2,7,09,B01
200600022584,0,99,000,00,0,0,00,A01
200600022585,0,07,000,02,0,1,00,A01
200600022586,0,02,000,00,0,8,00,A01
200600022587,0,15,000,00,2,1,02,A01
200600022587,0,07,000,00,2,4,01,B01
200600022588,0,07,000,00,0,1,02,A01
200600022588,0,99,000,00,0,8,19,B01
200600022589,0,07,000,00,2,1,01,A01
200600022589,0,07,000,00,2,3,01,B01
200600022590,0,30,000,00,0,1,02,A01
200600022590,0,07,000,00,0,2,11,B01
200600022591,0,07,000,00,1,2,01,A01
200600022592,0,07,000,00,1,1,15,A01
200600022593,0,07,000,00,2,6,15,A01
200600022593,0,02,000,00,2,1,17,B01
200600022594,0,07,000,00,2,1,01,A01
200600022594,0,07,000,00,2,4,23,B01
200600022595,0,02,000,00,2,1,02,A01
200600022595,0,07,000,00,0,4,02,B01
200600022596,2,07,000,00,2,8,01,A01
200600022596,0,05,000,00,2,2,02,B01
200600022597,0,07,000,00,2,2,01,B01
200600022597,0,07,000,00,2,3,09,A01
200600022598,0,07,000,02,0,3,00,A01
200600022599,0,07,000,00,1,2,01,A01
200600022600,0,07,000,15,0,8,01,B01
200600022600,0,07,000,00,2,1,01,A01
200600022601,0,05,000,00,2,1,01,B01
200600022601,0,01,000,00,0,2,01,A01
200600022602,0,07,000,00,2,2,15,A01
200600022602,0,02,000,00,2,1,02,B01
200600022603,0,05,000,00,2,1,02,A01
200600022603,0,07,000,00,2,4,02,B01
200600022604,0,07,000,00,2,1,09,A01
200600022604,0,01,000,00,2,1,05,B01
200600022605,0,02,000,00,2,1,15,A01
200600022605,0,18,020,00,2,1,15,B01
200600022606,0,07,000,00,0,3,15,A01
200600022606,0,04,000,00,2,8,01,B01
200600022607,0,07,000,00,2,1,02,A01
200600022607,0,07,000,00,2,4,02,B01
200600022607,0,07,000,00,2,4,02,C01
200600022607,0,07,000,00,0,4,02,D01
200600022608,0,07,000,00,2,2,17,A01
200600022608,0,01,000,00,2,6,13,B01
200600022609,0,07,000,00,9,3,16,A01
200600022609,0,01,000,00,2,1,00,B01
200600022610,0,07,000,00,2,1,02,A01
200600022610,0,07,000,00,2,4,02,B01
200600022611,0,07,000,00,1,3,01,A01
200600022612,0,07,000,00,0,1,02,A01
200600022613,0,07,000,00,0,8,11,A01
200600022613,0,05,000,00,0,7,02,B01
200600022614,0,02,000,00,0,2,02,A01
200600022614,0,07,000,00,0,3,15,B01
200600022615,0,07,000,00,1,1,02,A01
200600022616,0,07,000,00,2,3,15,A01
200600022616,0,05,000,00,2,7,17,B01
200600022617,0,05,000,00,0,1,13,A01
200600022617,0,07,000,00,0,8,15,B01
200600022618,0,07,000,00,2,3,00,B01
200600022618,0,07,000,00,0,0,00,C01
200600022618,2,07,000,08,0,2,00,A01
200600022619,0,05,000,00,1,1,02,A01
200600022620,0,07,000,00,2,1,02,A01
200600022620,0,07,000,00,2,7,02,B01
200600022621,0,07,000,00,2,1,20,A01
200600022621,0,07,000,00,2,3,21,B01
200600022622,0,07,000,00,1,1,01,A01
200600022623,0,20,000,00,2,7,00,A01
200600022624,0,07,000,00,2,1,00,A01
200600022624,0,07,000,00,2,3,00,B01
200600022625,0,07,000,00,1,2,02,A01
200600022626,0,07,000,00,1,1,01,A01
200600022627,0,07,000,03,0,0,00,A01
200600022628,0,04,000,00,2,1,00,A01
200600022628,0,99,000,00,2,2,01,B01
200600022629,0,07,000,00,1,1,01,A01
200600022630,0,07,000,00,2,1,02,A01
200600022630,0,07,000,00,0,4,02,B01
200600022631,0,07,000,00,1,1,02,A01
200600022632,1,99,000,00,1,0,01,A01
200600022633,0,07,000,00,2,2,10,A01
200600022633,0,07,000,00,2,3,01,B01
200600022634,0,05,000,00,2,1,01,A01
200600022634,0,07,000,00,0,6,15,B01
200600022635,0,07,000,00,2,3,00,A01
200600022636,0,01,000,00,2,4,07,A01
200600022636,0,18,011,00,0,2,02,B01
200600022637,0,07,000,00,2,5,16,A01
200600022637,0,18,010,00,0,3,01,B01
200600022638,0,02,000,00,2,1,01,A01
200600022638,0,07,000,00,0,3,15,B01
200600022639,0,05,000,00,2,5,02,A01
200600022639,0,05,000,00,2,8,02,B01
200600022640,0,05,000,00,0,1,02,A01
200600022641,0,07,000,00,2,1,00,A01
200600022641,0,07,000,00,2,1,00,B01
200600022642,0,07,000,00,1,1,00,A01
200600022643,0,07,000,00,2,1,23,B01
200600022643,0,07,000,00,2,1,23,C01
200600022643,0,07,000,00,0,4,23,D01
200600022643,0,07,000,00,2,1,02,A01
200600022644,0,04,000,00,0,0,00,A01
200600022645,0,07,000,00,2,1,02,A01
200600022645,0,03,000,00,0,4,02,B01
200600022646,2,07,000,00,2,1,05,A01
200600022646,0,07,000,00,2,1,01,B01
200600022647,0,02,000,00,2,1,02,A01
200600022647,0,07,000,00,0,6,02,B01
200600022648,0,10,000,00,1,4,04,A01
200600022649,0,07,000,00,1,1,01,A01
200600022650,0,07,000,01,0,1,01,A01