Num_Acc,senc,catv,occutc,obs,obsm,choc,manv,num_veh
200600022651,0,07,000,00,2,2,15,A01
200600022651,0,07,000,00,2,3,01,B01
200600022652,0,02,000,00,2,7,01,B01
200600022652,1,07,000,00,2,8,15,A01
200600022653,0,07,000,00,2,1,01,A01
200600022654,0,07,000,00,2,2,01,A01
200600022654,0,07,000,00,2,6,01,B01
200600022655,0,05,000,00,2,1,01,B01
200600022655,0,07,000,00,2,7,20,A01
200600022656,0,07,000,00,1,1,01,A01
200600022657,0,07,000,00,2,6,10,B01
200600022657,0,05,000,00,0,1,01,A01
200600022658,0,07,000,00,2,1,02,B01
200600022658,0,07,000,00,2,4,23,A01
200600022659,0,07,000,00,2,1,01,A01
200600022659,0,07,000,00,2,7,01,B01
200600022660,0,07,000,00,1,2,02,A01
200600022661,0,01,000,00,9,0,01,A01
200600022661,0,01,000,00,9,0,01,B01
200600022662,0,07,000,14,2,3,13,A01
200600022662,0,07,000,00,2,8,01,B01
200600022663,0,20,000,00,2,3,05,B01
200600022663,0,07,000,00,2,1,02,A01
200600022664,0,07,000,00,1,0,02,A01
200600022665,0,01,000,00,1,8,00,A01
200600022666,0,07,000,00,2,9,01,A01
200600022666,0,07,000,00,2,2,01,B01
200600022667,0,07,000,00,1,3,01,A01
200600022668,0,07,000,00,1,1,01,A01
200600022669,0,07,000,00,1,2,02,A01
200600022670,0,07,000,01,0,8,00,A01
200600022671,0,07,000,00,1,1,01,A01
200600022671,0,07,000,00,2,4,01,B01
200600022672,0,05,000,00,0,0,21,A01
200600022673,0,07,000,01,0,1,13,A01
200600022674,0,07,000,00,1,2,01,A01
200600022675,0,10,000,00,1,1,11,A01
200600022676,0,07,000,00,2,2,01,B01
200600022676,0,02,000,00,0,1,15,A01
200600022677,0,07,000,00,2,6,02,A01
200600022677,0,07,000,00,2,2,02,B01
200600022678,0,02,000,00,2,1,03,A01
200600022678,0,01,000,00,2,1,19,B01
200600022679,0,07,000,00,1,1,15,A01
200600022680,0,05,000,14,0,1,02,A01
200600022680,0,07,000,00,9,4,02,B01
200600022681,0,02,000,00,2,1,02,A01
200600022681,0,07,000,00,2,4,02,B01
200600022682,0,07,000,00,2,1,16,A01
200600022682,0,04,000,00,2,1,01,B01
200600022683,0,07,000,00,1,1,01,A01
200600022684,0,07,000,00,1,1,01,A01
200600022685,0,07,000,00,2,1,01,A01
200600022685,0,05,000,00,2,8,01,B01
200600022685,0,02,000,00,2,8,01,C01
200600022686,0,07,000,00,1,7,01,A01
200600022687,0,07,000,00,1,1,23,A01
200600022688,0,10,000,00,2,7,01,A01
200600022688,0,02,000,00,2,0,01,B01
200600022689,0,07,000,00,1,1,02,A01
200600022690,0,07,000,00,2,1,01,B01
200600022690,0,07,000,08,2,8,01,A01
200600022691,0,04,000,00,2,1,01,A01
200600022691,0,07,000,00,0,8,15,B01
200600022692,0,07,000,00,2,6,23,A01
200600022692,0,07,000,00,2,2,01,B01
200600022693,0,07,000,00,2,3,00,A01
200600022693,0,07,000,00,0,1,01,B01
200600022694,0,07,000,02,0,1,01,A01
200600022695,0,02,000,00,2,1,01,B01
200600022695,0,07,000,00,9,2,01,A01
200600022696,0,13,000,00,1,1,01,A01
200600022697,0,07,000,00,2,3,22,A01
200600022697,0,01,000,01,0,1,01,B01
200600022698,0,10,000,00,2,3,01,A01
200600022698,0,15,000,00,2,3,01,B01
200600022698,0,07,000,00,2,1,01,C01
200600022698,0,07,000,14,0,1,01,D01
200600022698,0,07,000,14,0,1,01,E01
200600022699,0,10,000,00,2,8,10,A01
200600022699,0,05,000,00,2,1,01,B01
200600022700,0,05,000,00,2,2,01,A01
200600022700,0,07,000,00,2,1,16,B01
200600022701,0,07,000,00,1,1,01,A01
200600022702,0,07,000,01,0,2,17,A01
200600022703,0,19,000,00,2,1,01,B01
200600022703,0,07,000,00,4,1,01,A01
200600022704,0,07,000,00,1,3,01,A01
200600022705,0,99,000,00,0,0,10,A01
200600022706,0,07,000,11,2,1,01,A01
200600022706,0,07,000,00,0,1,01,B01
200600022707,0,02,000,01,2,3,13,A01
200600022707,0,05,000,00,0,1,01,B01
200600022708,0,10,000,00,2,1,02,A01
200600022708,0,07,000,00,2,4,01,B01
200600022708,0,07,000,00,0,4,02,C01
200600022709,0,07,000,00,2,2,15,A01
200600022709,0,05,000,00,2,1,01,B01
200600022710,0,07,000,00,0,5,15,A01
200600022710,0,05,000,00,2,2,01,B01
200600022711,0,07,000,00,1,4,04,A01
200600022712,0,10,000,00,2,1,01,A01
200600022712,0,07,000,00,0,4,23,B01
200600022713,0,07,000,00,1,4,04,A01
200600022714,1,07,000,00,2,0,17,A01
200600022714,0,01,000,00,0,0,01,B01
200600022715,0,07,000,00,1,2,01,A01
200600022716,0,07,000,00,2,7,12,A01
200600022716,0,07,000,00,2,8,01,B01
200600022716,0,10,000,00,2,5,01,C01
200600022717,0,07,000,00,2,1,09,A01
200600022717,0,05,000,00,2,1,01,B01
200600022718,1,07,000,00,2,0,00,A01
200600022718,0,05,000,00,2,0,01,B01
200600022719,0,07,000,00,1,2,01,A01
200600022720,1,07,000,00,1,0,01,A01
200600022721,0,07,000,00,2,3,15,B01
200600022721,0,04,000,00,2,1,13,A01
200600022722,0,07,000,00,2,4,04,A01
200600022722,0,02,000,00,2,1,01,B01
200600022722,0,07,000,00,2,1,01,C01
200600022723,1,07,000,00,2,1,01,A01
200600022723,0,33,000,00,2,4,01,B01
200600022724,0,07,000,00,2,5,01,A01
200600022724,0,01,000,00,2,1,00,B01
200600022725,0,30,000,00,2,1,01,A01
200600022725,0,07,000,00,2,8,15,B01
200600022726,0,07,000,00,1,3,01,A01
200600022727,0,07,000,00,2,1,00,A01
200600022727,0,07,000,00,2,4,23,B01
200600022728,0,07,000,00,2,3,13,A01
200600022728,0,07,000,00,2,3,01,B01
200600022729,0,01,000,12,0,1,14,A01
200600022730,0,07,000,00,2,1,01,A01
200600022730,0,07,000,00,2,4,01,B01
200600022731,0,07,000,04,0,9,13,A01
200600022732,0,07,000,00,2,1,01,A01
200600022732,0,07,000,00,2,4,01,B01
200600022733,0,07,000,00,2,1,01,A01
200600022733,0,07,000,00,2,7,00,B01
200600022734,0,07,000,00,2,1,01,A01
200600022734,0,07,000,00,2,4,01,B01
200600022735,0,07,000,00,1,3,01,A01
200600022736,0,07,000,00,0,9,01,A01
200600022737,0,07,000,00,2,3,09,A01
200600022737,0,32,000,00,2,1,01,B01
200600022738,0,02,000,00,0,0,01,A01
200600022739,0,02,000,00,2,8,17,A01
200600022739,0,07,000,00,2,3,15,B01
200600022740,0,07,000,06,2,2,01,A01
200600022740,0,07,000,00,2,1,01,B01
200600022741,0,10,000,00,2,3,01,A01
200600022741,0,07,000,00,2,4,01,B01
200600022742,0,07,000,00,1,3,01,A01
200600022743,0,02,000,16,0,0,01,A01
200600022744,0,07,000,06,0,1,16,A01
200600022745,0,07,000,00,2,1,13,A01
200600022745,0,07,000,00,2,2,01,B01
200600022746,0,07,000,04,0,1,14,A01
200600022747,0,10,000,00,2,3,01,A01
200600022747,0,10,000,00,2,6,00,B01
200600022748,0,07,000,00,2,1,01,A01
200600022748,0,07,000,00,2,4,02,B01
200600022749,0,10,000,00,2,1,01,A01
200600022749,0,07,000,00,2,4,02,B01
200600022750,0,07,000,00,0,0,17,A01
200600022750,0,30,000,16,0,8,01,B01
200600022751,0,07,000,00,1,2,01,A01
200600022752,0,02,000,04,0,8,14,A01
200600022753,0,33,000,00,2,8,01,A01
200600022753,0,07,000,00,0,5,15,B01
200600022754,0,02,000,14,0,2,17,A01
200600022754,0,07,000,00,0,3,15,B01
200600022755,0,07,000,00,2,2,03,A01
200600022755,0,07,000,00,0,6,11,B01
200600022756,0,33,000,00,0,7,01,A01
200600022757,0,07,000,00,2,1,05,A01
200600022757,0,33,000,00,2,7,01,B01
200600022758,1,07,000,00,1,0,01,A01
200600022759,0,07,000,00,0,3,01,A01
200600022759,0,01,000,00,2,0,19,B01
200600022760,0,10,000,00,2,4,01,A01
200600022760,0,07,000,00,0,4,23,B01
200600022760,0,07,000,00,0,4,23,C01
200600022760,0,07,000,00,0,4,23,D01
200600022761,0,07,000,00,1,2,01,A01
200600022761,0,07,000,00,1,1,01,B01
200600022762,1,07,000,01,1,2,01,A01
200600022762,0,07,000,00,2,8,23,B01
200600022763,0,33,000,00,2,2,02,B01
200600022763,0,07,000,00,2,2,09,A01
200600022764,0,07,000,00,2,1,01,A01
200600022764,2,07,000,00,2,1,00,B01
200600022765,0,07,000,00,2,1,01,A01
200600022765,0,07,000,00,2,0,01,B01
200600022766,0,33,000,12,2,1,02,A01
200600022766,0,07,000,00,2,8,02,B01
200600022767,0,30,000,00,2,2,13,A01
200600022767,0,07,000,00,2,6,15,B01
200600022768,0,07,000,00,2,3,02,A01
200600022768,0,07,000,00,2,4,02,B01
200600022769,0,07,000,00,2,1,02,A01
200600022769,0,07,000,00,2,4,02,B01
200600022770,0,07,000,00,1,4,04,A01
200600022771,0,30,000,00,2,5,15,A01
200600022771,0,07,000,00,2,2,01,B01
200600022771,0,07,000,00,2,8,23,C01
200600022772,0,07,000,00,2,3,15,A01
200600022772,0,33,000,00,2,2,15,B01
200600022773,0,07,000,00,1,1,01,A01
200600022774,0,33,000,00,2,1,01,A01
200600022774,0,07,000,15,2,3,15,B01
200600022775,0,07,000,00,2,4,04,A01
200600022776,0,07,000,08,0,1,01,A01
200600022777,0,02,000,01,2,1,21,A01
200600022778,0,07,000,00,0,4,02,A01
200600022778,0,07,000,00,2,1,02,B01
200600022779,0,07,000,00,1,1,01,A01
200600022780,0,07,000,00,1,2,01,A01
200600022781,0,07,000,00,2,3,15,A01
200600022781,0,33,000,00,2,1,01,B01
200600022782,0,33,000,00,2,1,17,A01
200600022782,0,07,000,00,2,1,01,B01
200600022783,0,30,000,00,2,4,15,B01
200600022783,0,07,000,00,2,0,01,A01
200600022784,0,07,000,00,2,6,15,A01
200600022784,0,33,000,00,2,1,21,B01
200600022785,0,03,000,02,0,1,01,A01
200600022786,0,07,000,06,0,1,01,A01
200600022787,0,07,000,00,2,7,19,A01
200600022787,0,07,000,00,2,1,01,B01
200600022788,0,33,000,00,2,1,01,A01
200600022788,0,07,000,00,2,4,21,B01
200600022789,0,07,000,00,1,1,15,A01
200600022790,0,07,000,00,1,1,01,A01
200600022791,0,21,000,00,2,1,15,B01
200600022791,0,07,000,00,2,1,01,A01
200600022792,0,07,000,00,2,1,01,A01
200600022792,0,07,000,00,2,7,01,B01
200600022793,0,07,000,00,2,4,15,B01
200600022793,0,33,000,00,2,1,01,A01
200600022794,0,01,000,00,2,0,15,B01
200600022794,0,37,001,00,2,7,01,A01
200600022795,0,07,000,00,2,3,01,B01
200600022795,0,01,000,00,2,4,15,A01
200600022796,0,07,000,00,0,0,00,A01
200600022796,0,07,000,00,2,4,00,B01
200600022797,0,07,000,00,2,1,02,A01
200600022797,0,07,000,00,2,4,02,B01
200600022798,0,34,000,00,2,2,17,A01
200600022798,0,07,000,00,2,8,15,B01
200600022799,0,07,000,00,2,8,23,A01
200600022799,0,33,000,00,2,2,17,B01
200600022800,0,07,000,00,2,1,02,A01
200600022800,0,07,000,00,0,4,01,B01
200600022801,0,07,000,00,2,1,02,A01
200600022801,0,07,000,00,2,4,02,B01
200600022802,0,07,000,00,2,1,02,A01
200600022802,0,07,000,00,2,4,23,B01
200600022803,0,07,000,01,0,2,14,A01
200600022804,0,07,000,00,0,0,12,A01
200600022804,0,33,000,00,0,1,01,B01
200600022805,0,07,000,00,2,1,15,A01
200600022805,0,01,000,00,2,8,01,B01
200600022806,0,07,000,00,2,1,01,A01
200600022806,0,07,000,00,2,1,01,B01
200600022807,0,33,000,00,1,1,18,A01
200600022808,0,07,000,00,2,1,02,A01
200600022808,0,07,000,00,2,4,02,B01
200600022809,0,07,000,00,2,1,01,A01
200600022809,0,30,000,00,2,3,15,B01
200600022810,1,07,000,00,1,0,00,A01
200600022811,0,07,000,00,2,1,02,A01
200600022811,0,07,000,00,2,4,23,B01
200600022812,0,07,000,00,2,2,01,B01
200600022812,0,02,000,00,2,1,00,A01
200600022813,0,07,000,00,0,0,00,A01
200600022813,0,01,000,00,0,1,00,B01
200600022814,0,05,000,00,0,0,01,A01
200600022815,0,17,000,06,0,2,02,A01
200600022816,0,07,000,00,2,6,00,B01
200600022816,0,07,000,00,2,4,24,A01
200600022817,0,07,000,00,0,7,01,A01
200600022817,0,05,000,00,2,2,03,B01
200600022818,0,31,000,00,2,1,02,A01
200600022818,0,07,000,00,0,5,02,B01
200600022819,0,07,000,04,2,8,09,A01
200600022819,0,15,000,00,2,2,01,B01
200600022820,0,07,000,00,2,1,21,A01
200600022820,0,07,000,00,2,8,01,B01
200600022821,0,17,000,00,0,4,23,A01
200600022821,0,17,000,14,0,4,23,B01
200600022821,0,14,001,14,0,1,02,C01
200600022822,0,07,000,04,0,1,13,A01
200600022823,0,07,000,00,2,5,12,A01
200600022823,0,05,000,00,2,1,03,B01
200600022824,0,07,000,00,2,4,02,A01
200600022824,0,07,000,00,2,2,02,B01
200600022824,1,07,000,00,0,4,02,C01
200600022825,0,07,000,00,0,4,02,A01
200600022825,0,07,000,00,2,1,02,B01
200600022825,0,07,000,00,2,1,02,C01
200600022826,0,05,000,14,0,1,03,A01
200600022826,0,17,000,14,0,2,12,B01
200600022827,0,07,000,00,0,4,02,A01
200600022827,0,07,000,00,2,1,02,B01
200600022828,0,07,000,04,0,6,01,A01
200600022828,0,17,000,00,2,2,12,B01
200600022829,0,05,000,00,0,7,02,A01
200600022829,1,07,000,00,0,3,11,B01
200600022830,0,07,000,00,0,9,02,A01
200600022831,0,16,000,00,2,4,01,A01
200600022831,0,05,000,00,2,1,12,B01
200600022832,0,15,000,00,2,3,02,B01
200600022832,0,15,000,00,2,5,02,A01
200600022833,0,07,000,04,2,6,00,A01
200600022833,0,14,000,00,2,1,01,B01
200600022833,0,07,000,00,2,2,01,C01
200600022834,0,07,000,16,0,9,01,A01
200600022835,0,05,000,00,2,8,01,A01
200600022835,0,07,000,00,2,7,03,B01
200600022836,0,05,000,00,0,4,03,A01
200600022836,0,05,000,00,2,1,03,B01
200600022837,0,07,000,00,0,4,02,A01
200600022837,0,07,000,00,2,2,02,B01
200600022838,0,07,000,00,2,4,23,A01
200600022838,0,07,000,00,2,4,23,B01
200600022838,0,07,000,00,2,4,23,C01
200600022838,0,07,000,00,0,1,02,D01
200600022839,0,07,000,00,2,2,12,A01
200600022839,0,05,000,00,2,3,03,B01
200600022840,0,07,000,00,0,4,02,A01
200600022840,0,07,000,00,2,4,02,B01
200600022841,0,10,000,00,2,1,02,A01
200600022841,0,10,000,00,0,4,02,B01
200600022842,0,05,000,00,2,1,01,A01
200600022843,0,07,000,00,2,6,09,A01
200600022843,0,05,000,00,2,2,01,B01
200600022844,0,07,000,00,0,4,02,A01
200600022844,0,07,000,14,0,1,02,B01
200600022845,0,07,000,00,2,2,12,A01
200600022845,0,05,000,00,2,3,03,B01
200600022846,0,07,000,00,2,8,11,A01
200600022846,0,04,000,00,2,7,18,B01
200600022847,0,05,000,00,2,3,06,A01
200600022847,0,10,000,00,2,2,12,B01
200600022847,0,07,000,00,2,6,01,C01
200600022848,0,07,000,04,2,3,09,A01
200600022848,0,18,000,00,2,2,01,B01
200600022848,0,07,000,00,9,1,01,C01
200600022849,0,07,000,07,0,2,01,A01
200600022850,0,07,000,04,0,9,00,A01
200600022851,0,10,000,00,0,1,01,A01
200600022852,0,07,000,04,0,3,01,A01
200600022853,0,07,000,04,0,1,00,A01
200600022854,0,07,000,04,2,4,02,A01
200600022854,1,99,000,00,0,0,00,B01
200600022855,0,07,000,00,0,0,00,A01
200600022856,0,07,000,04,0,6,01,A01
200600022856,0,17,000,00,2,2,12,B01
200600022857,0,07,000,03,0,4,02,A01
200600022857,1,99,000,00,0,0,01,B01
200600022858,0,07,000,13,0,1,16,A01
200600022859,0,05,000,00,2,0,02,A01
200600022860,0,05,000,00,1,1,01,B01
200600022860,0,07,000,00,0,4,01,A01
200600022861,0,07,000,00,2,5,12,A01
200600022861,0,17,000,00,2,3,01,B01
200600022862,0,07,000,00,2,1,11,A01
200600022862,0,07,000,00,2,1,11,C01
200600022862,0,17,000,00,0,4,01,B01
200600022863,0,07,000,00,2,2,02,A01
200600022863,0,17,000,00,2,2,02,B01
200600022863,0,07,000,04,2,3,11,C01
200600022864,0,07,000,00,2,1,01,A01
200600022864,0,15,000,00,2,1,01,B01
200600022864,0,07,000,00,0,4,01,C01
200600022865,0,05,000,00,2,3,00,B01
200600022865,0,07,000,00,2,7,12,A01
200600022866,0,05,000,00,2,2,03,A01
200600022866,0,07,000,00,0,3,11,B01
200600022867,0,17,000,00,0,4,02,A01
200600022867,0,14,000,00,2,1,02,B01
200600022868,0,07,000,00,2,2,12,A01
200600022868,0,05,000,00,2,3,01,B01
200600022869,0,05,000,00,0,8,01,A01
200600022870,0,07,000,00,2,7,12,A01
200600022870,0,05,000,00,2,3,18,B01
200600022871,0,07,000,00,0,4,01,B01
200600022871,0,05,000,00,2,1,01,A01
200600022872,0,07,000,04,0,3,13,A01
200600022873,0,07,000,00,0,4,23,A01
200600022873,0,07,000,00,2,1,02,B01
200600022874,0,07,000,04,0,1,01,A01
200600022875,0,07,000,04,2,2,21,A01
200600022875,0,07,000,00,0,3,01,B01
200600022876,0,07,000,00,2,6,04,A01
200600022876,0,07,000,00,2,2,21,B01
200600022876,0,07,000,00,2,3,21,C01
200600022877,0,17,000,00,2,8,01,A01
200600022877,0,05,000,00,2,2,01,B01
200600022877,0,05,000,00,2,6,02,C01
200600022878,0,07,000,00,0,7,02,A01
200600022879,0,07,000,00,2,5,12,A01
200600022879,0,05,000,00,2,8,01,B01
200600022879,0,05,000,00,2,1,02,C01
200600022880,0,07,000,03,0,1,00,A01
200600022881,0,07,000,00,0,4,02,A01
200600022881,0,07,000,00,2,1,02,B01
200600022881,0,07,000,14,0,1,02,C01
200600022882,0,07,000,00,0,0,01,A01
200600022883,0,14,000,00,2,2,09,A01
200600022883,0,07,000,00,2,2,02,B01
200600022883,0,07,000,00,2,8,02,C01
200600022884,0,07,000,00,0,4,01,A01
200600022884,0,05,000,00,2,1,02,B01
200600022885,0,07,000,00,0,3,01,A01
200600022886,0,07,000,00,0,1,01,A01
200600022887,0,07,000,04,2,2,12,A01
200600022887,0,07,000,00,2,3,02,B01
200600022888,0,07,000,00,2,1,01,B01
200600022888,0,07,000,00,0,4,01,A01
200600022889,0,10,000,00,0,1,01,A01
200600022890,0,10,000,04,2,0,21,A01
200600022891,0,07,000,00,0,3,01,B01
200600022891,0,07,000,00,2,1,01,A01
200600022892,0,17,000,00,2,1,01,B01
200600022892,0,07,000,00,0,4,00,A01
200600022893,0,07,000,00,2,1,02,A01
200600022893,0,07,000,00,0,4,23,B01
200600022894,0,17,000,00,0,0,00,B01
200600022894,0,07,000,00,0,0,00,A01
200600022895,0,07,000,04,2,7,01,A01
200600022895,1,99,000,00,0,8,11,B01
200600022896,0,10,000,00,2,1,00,A01
200600022896,0,07,000,00,2,4,00,B01
200600022896,0,07,000,00,2,4,00,C01
200600022897,0,07,000,00,0,0,00,B01
200600022897,0,07,000,00,0,0,00,C01
200600022897,0,07,000,00,0,0,00,A01
200600022898,0,05,000,00,0,1,01,A01
200600022899,0,07,000,00,0,1,01,A01
200600022900,0,07,000,04,2,3,13,A01
200600022901,0,07,000,03,0,1,01,A01
200600022902,0,05,000,00,0,0,01,A01
200600022903,0,07,000,00,0,0,00,C01
200600022903,0,07,000,00,0,4,01,B01
200600022903,0,07,000,00,2,1,01,A01
200600022904,0,07,000,04,0,9,01,A01
200600022905,0,07,000,00,0,4,01,A01
200600022905,0,07,000,01,0,1,02,B01
200600022905,0,07,000,01,0,1,01,C01
200600022906,0,07,000,00,2,5,02,A01
200600022906,1,99,000,00,0,0,00,B01
200600022907,0,07,000,04,0,1,02,A01
200600022907,0,07,000,04,0,4,02,B01
200600022908,0,07,000,03,0,7,14,A01
200600022909,0,07,000,04,0,9,01,A01
200600022910,0,07,000,00,0,1,00,A01
200600022911,0,07,000,00,0,4,02,A01
200600022911,0,07,000,00,2,1,02,B01
200600022912,0,07,000,03,0,2,01,A01
200600022913,0,07,000,00,0,0,00,A01
200600022914,0,07,000,00,0,0,01,A01
200600022915,0,07,000,00,0,6,01,A01
200600022915,0,07,000,00,2,2,12,B01
200600022916,0,07,000,00,0,7,01,A01
200600022916,0,17,001,00,0,2,01,B01
200600022916,0,07,000,00,2,6,09,C01
200600022917,0,10,000,00,0,4,00,A01
200600022917,0,07,000,00,2,1,01,B01
200600022918,0,07,000,04,0,6,00,A01
200600022918,1,99,000,00,0,0,00,B01
200600022919,0,07,000,06,0,9,01,A01
200600022920,0,07,000,00,2,1,02,A01
200600022920,0,07,000,00,0,8,03,B01
200600022921,0,07,000,00,0,4,01,B01
200600022921,0,07,000,00,2,1,17,A01
200600022922,0,14,000,00,2,1,00,B01
200600022922,0,07,000,00,0,4,01,A01
200600022923,0,07,000,00,2,1,00,B01
200600022923,0,07,000,00,0,0,01,A01
200600022923,0,14,000,00,2,1,00,C01
200600022924,0,07,000,00,2,1,00,B01
200600022924,0,07,000,00,0,1,00,A01
200600022925,0,07,000,00,0,4,01,B01
200600022925,0,07,000,00,2,1,01,A01
200600022926,0,07,000,00,2,1,01,C01
200600022926,0,07,000,00,0,4,01,D01
200600022926,0,07,000,00,2,1,00,B01
200600022926,0,07,000,00,2,1,01,A01
200600022927,0,07,000,00,0,4,00,B01
200600022927,0,07,000,00,0,0,00,A01
200600022928,0,07,000,00,2,7,12,A01
200600022928,0,05,000,00,0,8,01,B01
200600022929,0,07,000,00,2,4,01,A01
200600022929,0,07,000,00,2,4,01,B01
200600022930,0,07,000,00,2,1,01,A01
200600022930,0,07,000,00,0,4,01,C01
200600022930,0,07,000,00,1,1,01,B01
200600022931,0,05,000,00,0,0,00,A01
200600022931,0,07,000,00,0,0,01,B01
200600022932,0,07,000,00,0,0,00,A01
200600022932,0,05,000,00,0,0,00,B01
200600022933,0,07,000,00,0,6,01,B01
200600022933,0,10,000,00,2,2,01,A01
200600022934,0,07,000,00,2,1,14,B01
200600022934,0,05,000,00,0,4,01,A01
200600022935,0,07,000,00,0,0,01,A01
200600022936,0,07,000,08,0,1,01,A01
200600022937,0,07,000,00,0,0,01,A01
200600022938,0,07,000,00,0,1,01,A01
200600022939,0,07,000,00,0,1,01,A01
200600022940,0,07,000,04,0,2,00,A01
200600022941,0,17,000,00,2,1,02,B01
200600022941,0,07,000,00,1,4,02,A01
200600022942,0,10,000,03,0,1,02,A01
200600022942,0,07,000,00,2,1,02,B01
200600022942,0,07,000,00,2,4,02,C01
200600022943,0,05,000,00,2,2,03,A01
200600022943,0,07,000,00,9,6,11,B01
200600022944,0,05,000,04,0,1,00,A01
200600022945,0,07,000,03,2,6,11,A01
200600022945,0,10,000,03,2,2,01,B01
200600022946,0,07,000,00,2,1,01,A01
200600022946,0,07,000,00,2,4,01,B01
200600022947,0,33,000,00,0,3,01,A01
200600022948,0,07,000,04,2,1,09,A01
200600022948,0,07,000,00,2,1,01,B01
200600022949,0,07,000,14,0,1,01,A01
200600022950,0,07,000,00,2,1,02,A01
200600022950,0,07,000,00,2,4,02,B01
200600022950,0,07,000,00,2,4,02,C01
200600022950,0,07,000,00,2,4,02,D01
200600022950,0,10,000,00,0,4,02,E01
200600022951,0,17,000,00,2,5,11,A01
200600022951,0,07,000,00,2,3,01,B01
200600022952,0,05,000,00,2,1,02,A01
200600022952,0,04,000,00,2,4,02,B01
200600022953,0,05,000,00,2,1,03,A01
200600022953,0,07,000,00,0,6,01,B01
200600022953,0,07,000,00,0,8,01,C01
200600022953,0,10,000,00,0,7,01,D01
200600022954,0,07,000,00,9,1,01,A01
200600022955,0,15,000,00,2,1,01,A01
200600022955,0,07,000,14,9,2,02,B01
200600022956,0,07,000,00,0,6,01,A01
200600022956,0,15,000,00,2,2,11,B01
200600022957,0,07,000,00,2,1,00,A01
200600022957,0,07,000,00,2,4,00,B01
200600022957,0,07,000,00,2,8,00,C01
200600022958,0,07,000,04,0,2,01,A01
200600022959,0,07,000,00,0,6,12,A01
200600022959,0,05,000,00,0,1,17,B01
200600022960,0,07,000,00,0,9,01,A01
200600022961,0,05,000,00,2,3,03,B01
200600022961,0,07,000,00,0,4,02,A01
200600022962,0,07,000,00,2,1,02,A01
200600022962,0,07,000,00,2,4,02,B01
200600022962,0,07,000,00,2,4,02,C01
200600022962,0,10,000,00,2,4,02,D01
200600022963,0,10,000,00,2,3,11,A01
200600022963,0,07,000,00,2,2,01,B01
200600022963,0,07,000,00,2,1,02,C01
200600022963,0,17,000,00,2,2,01,D01
200600022964,0,07,000,00,0,0,13,A01
200600022965,0,07,000,14,0,9,01,A01
200600022966,0,07,000,00,2,7,00,A01
200600022966,0,07,000,04,2,3,00,B01
200600022967,0,07,000,03,0,3,01,A01
200600022968,0,07,000,04,0,2,14,A01
200600022969,0,07,000,04,0,3,13,A01
200600022970,0,07,000,00,0,9,02,A01
200600022971,0,05,000,00,0,1,00,A01
200600022972,0,33,000,00,0,0,01,A01
200600022973,0,15,000,00,2,1,01,A01
200600022973,0,07,000,00,2,1,00,B01
200600022974,0,33,000,00,2,1,03,A01
200600022974,0,07,000,00,2,5,00,B01
200600022975,0,07,000,00,2,3,02,A01
200600022975,0,07,000,00,0,1,02,B01
200600022975,0,07,000,00,2,1,02,C01
200600022975,0,07,000,00,2,4,02,D01
200600022976,0,07,000,04,2,4,02,A01
200600022976,0,07,000,00,2,1,02,B01
200600022977,0,05,000,00,0,0,01,A01
200600022978,0,15,000,00,0,6,01,A01
200600022978,0,10,000,00,2,2,12,B01
200600022979,0,05,000,00,0,0,03,A01
200600022980,0,15,000,03,0,1,01,A01
200600022981,0,07,000,00,0,5,01,A01
200600022981,0,07,000,00,2,3,02,B01
200600022982,0,07,000,00,2,3,13,A01
200600022982,0,07,000,00,2,3,01,B01
200600022983,0,07,000,00,0,1,02,A01
200600022984,0,05,000,00,0,4,01,A01
200600022984,0,07,000,00,2,1,02,B01
200600022985,0,07,000,04,0,3,00,A01
200600022986,0,05,000,00,2,0,01,A01
200600022986,0,07,000,00,0,2,01,B01
200600022987,0,07,000,00,1,1,01,A01
200600022988,0,13,000,00,2,1,01,A01
200600022988,0,07,000,01,0,1,24,B01
200600022989,0,04,000,09,0,0,01,A01
200600022990,0,07,000,00,2,1,01,A01
200600022990,0,18,001,00,2,0,01,B01
200600022991,0,05,000,00,2,1,01,A01
200600022991,0,07,000,00,0,4,01,B01
200600022992,0,07,000,00,2,0,01,B01
200600022992,0,07,000,00,2,0,00,A01
200600022993,0,07,000,00,9,1,01,A01
200600022993,0,05,000,00,2,7,01,B01
200600022994,0,07,000,00,2,1,01,A01
200600022994,0,07,000,00,0,4,02,B01
200600022994,0,07,000,00,2,1,02,C01
200600022995,1,99,000,00,0,0,00,A01
200600022995,0,07,000,00,2,0,01,B01
200600022995,0,07,000,00,2,0,02,C01
200600022996,0,07,000,00,2,1,01,A01
200600022996,0,07,000,00,2,4,02,B01
200600022996,0,07,000,00,0,0,15,C01
200600022997,0,07,000,00,9,8,01,A01
200600022997,0,05,000,00,2,4,01,B01
200600022998,0,07,000,00,2,1,01,A01
200600022998,0,07,000,00,2,4,02,B01
200600022999,0,07,000,00,2,1,13,A01
200600022999,0,07,000,00,2,1,01,B01
200600023000,0,05,000,00,0,0,09,A01
200600023001,0,07,000,08,2,1,18,A01
200600023001,0,07,000,00,2,1,01,B01
200600023002,0,05,000,00,2,1,01,A01
200600023002,0,07,000,00,0,4,01,B01
200600023003,0,07,000,00,2,1,13,A01