Num_Acc,senc,catv,occutc,obs,obsm,choc,manv,num_veh
200600023747,0,02,000,00,2,8,16,B02
200600023748,0,07,000,00,2,1,13,A01
200600023748,0,07,000,00,2,1,01,B02
200600023749,0,07,000,06,0,1,01,A01
200600023750,0,07,000,00,2,3,19,A01
200600023750,0,02,000,00,2,1,01,B02
200600023751,0,99,000,00,2,1,15,A01
200600023751,0,17,000,00,2,1,01,B02
200600023752,0,31,000,00,0,1,01,A01
200600023753,0,07,000,02,0,8,01,A01
200600023754,0,07,000,00,2,3,01,A01
200600023754,0,30,000,00,2,1,01,B02
200600023755,0,07,000,00,2,2,13,A01
200600023755,0,07,000,00,2,1,01,B02
200600023756,0,07,000,00,2,8,19,A01
200600023756,0,07,000,00,2,1,01,B02
200600023757,0,07,000,08,0,3,14,A01
200600023758,0,33,000,00,2,1,13,A01
200600023758,0,07,000,00,0,0,00,B02
200600023759,0,07,000,02,0,2,01,A01
200600023760,0,07,000,02,0,7,01,A01
200600023761,0,99,000,13,0,1,01,A01
200600023762,0,07,000,16,0,2,01,A01
200600023763,0,07,000,00,2,3,01,A01
200600023763,0,07,000,00,2,3,01,B02
200600023764,0,33,000,00,0,7,01,A01
200600023765,0,07,000,00,1,3,01,A01
200600023765,0,01,000,00,2,0,00,B02
200600023766,0,07,000,00,2,6,01,A01
200600023766,0,07,000,00,2,2,01,B02
200600023766,0,07,000,00,2,6,01,C03
200600023766,0,07,000,00,0,2,21,D04
200600023767,0,07,000,08,0,8,01,A01
200600023768,0,02,000,00,2,8,00,A01
200600023768,0,14,000,00,2,8,01,B02
200600023769,0,07,000,08,0,1,01,A01
200600023770,1,07,000,00,1,7,01,A01
200600023771,0,10,000,00,2,3,19,B02
200600023771,0,10,000,00,2,2,01,A01
200600023772,0,30,000,00,2,2,13,A01
200600023772,0,21,000,00,2,6,16,B02
200600023772,0,07,000,00,1,1,05,C03
200600023773,0,10,000,00,0,8,19,A01
200600023773,0,30,000,00,2,1,00,B02
200600023774,0,15,000,00,2,1,21,A01
200600023774,0,07,000,00,2,1,01,B02
200600023775,0,36,000,00,0,0,14,A01
200600023776,0,07,000,00,2,3,15,A01
200600023776,0,33,000,00,2,1,01,B02
200600023777,0,07,000,00,2,3,17,A01
200600023777,0,10,000,00,2,3,01,B02
200600023777,0,07,000,00,2,1,01,C03
200600023777,0,07,000,00,2,1,01,D04
200600023778,0,02,000,00,2,1,01,A01
200600023778,0,07,000,00,2,6,00,B02
200600023779,0,33,000,00,1,1,01,A01
200600023780,0,07,000,00,2,8,09,A01
200600023780,0,33,000,00,2,1,01,B02
200600023781,0,14,000,00,9,1,01,A01
200600023781,0,01,000,00,2,1,13,B02
200600023782,0,07,000,00,2,1,15,A01
200600023782,0,33,000,00,2,1,01,B02
200600023783,0,30,000,07,0,8,01,A01
200600023784,0,07,000,00,1,2,03,A01
200600023785,0,07,000,00,5,1,19,A01
200600023786,0,05,000,05,0,1,01,A01
200600023787,0,07,000,00,2,4,15,A01
200600023787,0,07,000,00,2,1,01,B02
200600023788,0,07,000,00,2,5,23,A01
200600023788,0,07,000,00,2,3,02,B02
200600023789,0,07,000,06,0,3,01,A01
200600023790,0,14,000,00,2,3,01,A01
200600023790,0,07,000,00,2,2,19,B02
200600023791,0,31,000,00,0,1,01,A01
200600023792,0,07,000,00,1,6,04,A01
200600023793,0,07,000,00,2,1,13,A01
200600023793,0,01,000,00,2,1,01,B02
200600023794,0,07,000,00,2,1,01,B02
200600023794,0,14,000,00,2,8,15,A01
200600023795,0,07,000,06,0,3,13,A01
200600023796,0,33,000,00,2,1,13,A01
200600023796,0,07,000,00,2,2,01,B02
200600023797,0,07,000,00,1,2,01,A01
200600023798,0,14,000,01,0,2,02,A01
200600023798,0,07,000,01,2,6,02,B02
200600023799,0,38,000,00,0,0,00,A01
200600023799,0,07,000,00,2,8,15,B02
200600023800,0,07,000,00,2,1,01,A01
200600023801,0,07,000,00,2,3,01,A01
200600023801,0,07,000,00,0,2,19,B02
200600023802,0,07,000,00,2,3,15,A01
200600023802,0,33,000,00,0,3,01,B02
200600023803,0,14,000,02,0,3,01,A01
200600023804,0,01,000,00,2,1,01,B02
200600023804,0,07,000,00,0,8,19,A01
200600023805,0,33,000,00,2,8,13,A01
200600023805,0,31,000,00,2,1,01,B02
200600023806,0,07,000,00,2,3,01,A01
200600023806,0,07,000,00,2,3,01,B02
200600023807,0,07,000,06,2,0,17,A01
200600023807,0,17,000,00,0,0,02,B02
200600023807,0,17,000,00,0,0,13,C03
200600023808,0,17,000,00,2,2,01,A01
200600023808,0,07,000,00,2,1,01,B02
200600023809,0,33,000,10,0,1,01,A01
200600023810,0,07,000,00,0,3,00,A01
200600023810,0,33,000,00,2,0,01,B02
200600023811,0,10,000,13,0,1,13,A01
200600023812,0,07,000,00,2,2,17,A01
200600023812,0,07,000,00,2,3,15,B02
200600023813,0,07,000,00,2,1,02,A01
200600023813,0,07,000,00,0,4,23,B02
200600023814,0,07,000,13,0,1,15,A01
200600023815,0,07,000,13,0,9,01,A01
200600023816,0,07,000,00,2,3,01,A01
200600023816,0,07,000,00,2,2,15,B02
200600023817,0,10,000,02,2,6,13,A01
200600023817,0,17,000,00,2,2,01,B02
200600023818,0,07,000,00,2,1,01,A01
200600023818,0,30,000,00,2,1,05,B02
200600023819,0,07,000,00,2,2,15,A01
200600023819,0,02,000,00,2,1,01,B02
200600023820,0,14,000,00,4,2,01,A01
200600023820,0,39,000,00,4,1,01,B02
200600023821,0,02,000,13,2,8,21,A01
200600023822,0,07,000,13,0,3,01,A01
200600023823,0,07,000,06,0,1,02,A01
200600023824,0,33,000,00,2,2,01,A01
200600023824,0,07,000,00,2,8,15,B02
200600023825,0,07,000,00,1,2,01,A01
200600023826,0,07,000,00,2,1,01,A01
200600023826,0,07,000,00,2,8,16,B02
200600023827,0,07,000,08,0,8,01,A01
200600023828,0,07,000,00,2,7,15,A01
200600023828,0,10,000,00,2,1,01,B02
200600023828,0,14,000,00,2,7,15,C03
200600023829,0,07,000,02,0,8,01,A01
200600023830,0,07,000,00,9,7,01,A01
200600023830,0,02,000,00,2,1,00,B02
200600023831,0,07,000,00,2,3,01,A01
200600023831,0,02,000,00,2,3,01,B02
200600023832,0,07,000,02,0,2,01,A01
200600023833,0,10,000,00,2,1,05,A01
200600023833,0,10,000,00,2,1,01,B02
200600023834,0,07,000,00,9,4,04,A01
200600023834,0,01,000,00,2,6,01,B02
200600023835,0,07,000,07,0,9,02,A01
200600023836,0,07,000,13,0,1,01,A01
200600023837,0,07,000,00,0,0,01,A01
200600023838,0,07,000,00,2,3,19,A01
200600023838,0,10,000,00,0,2,01,B02
200600023838,0,07,000,00,2,3,19,C03
200600023839,0,07,000,00,2,8,16,A01
200600023839,0,07,000,00,2,1,01,B02
200600023840,0,07,000,00,2,3,15,A01
200600023840,0,10,000,00,2,1,01,B02
200600023841,0,07,000,00,2,3,01,A01
200600023841,0,07,000,00,2,1,01,B02
200600023842,0,07,000,06,0,2,01,A01
200600023843,0,07,000,00,0,3,01,A01
200600023843,0,07,000,00,0,3,01,B02
200600023844,0,07,000,13,0,9,14,A01
200600023845,0,10,000,00,1,2,16,A01
200600023846,0,07,000,00,2,2,01,A01
200600023846,0,07,000,00,2,3,01,B02
200600023847,0,21,000,00,0,5,23,A01
200600023847,0,31,000,01,0,1,01,B02
200600023848,0,07,000,00,2,2,01,A01
200600023848,0,02,000,00,2,1,19,B02
200600023849,0,02,000,00,2,1,01,A01
200600023849,0,10,000,00,2,3,15,B02
200600023850,0,07,000,00,2,1,01,A01
200600023850,0,07,000,00,2,8,15,B02
200600023851,0,07,000,13,0,2,01,A01
200600023852,0,07,000,02,0,1,01,A01
200600023853,0,02,000,08,0,0,01,A01
200600023854,0,02,000,00,2,1,01,A01
200600023854,0,99,000,00,2,3,01,B02
200600023855,0,01,000,00,2,1,19,A01
200600023855,0,07,000,00,2,7,01,B02
200600023856,0,33,000,00,2,1,01,A01
200600023856,0,38,000,00,2,2,19,B02
200600023857,0,15,000,00,2,3,01,A01
200600023857,0,07,000,00,2,4,15,B02
200600023857,0,07,000,00,2,3,01,C03
200600023858,0,33,000,00,2,1,17,A01
200600023858,0,10,000,00,0,8,15,B02
200600023859,0,07,000,00,0,3,01,A01
200600023859,0,02,000,00,5,3,21,B02
200600023860,0,33,000,00,6,1,01,A01
200600023861,0,02,000,08,0,1,01,A01
200600023862,0,07,000,00,2,6,15,A01
200600023862,0,02,000,00,2,1,01,B02
200600023863,0,07,000,00,2,3,13,A01
200600023863,0,14,000,00,2,8,01,B02
200600023863,0,14,000,00,2,3,01,C03
200600023864,0,07,000,00,2,1,13,A01
200600023864,0,10,000,00,2,1,01,B02
200600023865,0,07,000,15,0,9,13,A01
200600023866,0,33,000,00,0,7,01,A01
200600023867,0,33,000,00,2,1,13,A01
200600023867,0,07,000,00,2,3,01,B02
200600023868,0,07,000,00,2,1,15,A01
200600023868,0,07,000,00,2,1,00,B02
200600023869,0,07,000,00,1,1,21,A01
200600023870,0,07,000,00,0,8,01,A01
200600023870,0,07,000,00,0,0,00,B02
200600023871,0,10,000,00,0,1,00,A01
200600023872,0,07,000,08,0,3,13,A01
200600023873,0,10,000,00,2,1,01,A01
200600023873,0,07,000,00,2,7,01,B02
200600023874,0,07,000,07,0,1,19,A01
200600023875,0,31,000,00,0,8,01,A01
200600023876,0,31,000,00,2,1,01,A01
200600023876,0,07,000,00,2,6,19,B02
200600023877,0,07,000,16,0,2,00,A01
200600023878,0,07,000,13,0,0,14,A01
200600023879,0,07,000,13,0,2,13,A01
200600023880,0,30,000,00,0,1,01,A01
200600023881,0,07,000,00,2,2,13,A01
200600023881,0,07,000,00,2,1,01,B02
200600023882,0,20,000,00,1,7,02,A01
200600023883,0,07,000,00,0,9,01,A01
200600023884,0,07,000,08,0,8,01,A01
200600023885,0,07,000,03,0,1,01,A01
200600023885,0,07,000,03,0,1,01,B02
200600023886,0,07,000,00,2,3,13,A01
200600023886,0,07,000,00,2,3,01,B02
200600023887,0,07,000,13,0,2,01,A01
200600023888,0,07,000,00,1,5,04,A01
200600023889,0,17,000,03,0,2,01,A01
200600023890,0,07,000,06,0,2,01,A01
200600023891,0,07,000,00,2,2,01,A01
200600023891,0,07,000,00,2,1,15,B02
200600023892,0,07,000,16,0,0,01,A01
200600023893,0,07,000,00,2,1,17,A01
200600023893,0,14,000,00,2,1,01,B02
200600023894,0,10,000,06,0,1,01,A01
200600023895,0,07,000,02,0,1,01,A01
200600023896,0,07,000,00,2,1,02,A01
200600023896,0,21,000,00,0,6,02,B02
200600023897,0,33,000,00,2,1,16,A01
200600023897,0,07,000,00,0,4,16,B02
200600023898,0,07,000,00,2,7,15,A01
200600023898,0,07,000,00,2,1,01,B02
200600023899,0,33,000,00,2,1,01,A01
200600023899,0,10,000,00,0,1,15,B02
200600023900,0,07,000,00,2,2,15,A01
200600023900,0,34,000,00,2,1,01,B02
200600023901,0,07,000,00,2,2,01,A01
200600023901,0,07,000,12,2,9,01,B02
200600023902,0,07,000,03,2,3,13,A01
200600023902,0,07,000,03,2,3,01,B02
200600023903,0,03,000,00,2,1,16,A01
200600023903,0,07,000,00,2,3,00,B02
200600023904,0,07,000,02,0,1,01,A01
200600023905,0,07,000,00,0,3,19,B02
200600023905,0,05,000,00,2,1,01,A01
200600023906,0,07,000,00,2,3,15,A01
200600023906,0,05,000,00,2,1,01,B02
200600023907,0,02,000,00,2,1,01,A01
200600023907,0,07,000,00,9,1,01,B02
200600023908,0,07,000,02,0,1,19,A01
200600023909,0,07,000,02,0,6,14,A01
200600023910,0,07,000,00,2,2,17,A01
200600023911,0,02,000,13,0,1,14,A01
200600023912,0,10,000,06,0,3,01,A01
200600023913,0,07,000,00,2,1,01,B02
200600023913,0,07,000,00,2,2,15,A01
200600023914,0,30,000,13,0,1,01,A01
200600023915,0,07,000,06,0,1,01,A01
200600023916,0,10,000,00,2,2,17,A01
200600023916,0,07,000,00,2,3,15,B02
200600023917,0,07,000,00,2,1,19,A01
200600023917,0,07,000,00,2,8,01,B02
200600023918,0,07,000,00,2,1,01,A01
200600023918,0,07,000,00,0,7,19,B02
200600023919,0,07,000,00,1,0,15,A01
200600023920,0,07,000,00,2,2,15,A01
200600023920,0,07,000,00,2,1,01,B02
200600023921,0,33,000,02,0,8,01,A01
200600023922,0,07,000,13,0,1,13,A01
200600023923,0,07,000,00,2,7,13,A01
200600023923,0,02,000,00,2,1,14,B02
200600023924,0,07,000,00,2,1,13,A01
200600023924,0,07,000,00,0,1,01,B02
200600023925,0,07,000,00,2,1,01,A01
200600023925,0,07,000,00,2,1,13,B02
200600023926,0,07,000,03,0,1,14,A01
200600023927,0,07,000,00,9,1,13,A01
200600023927,0,02,000,00,2,1,16,B02
200600023928,0,02,000,00,0,1,01,A01
200600023929,0,07,000,13,0,7,14,A01
200600023930,0,07,000,00,1,2,01,A01
200600023931,0,07,000,16,0,1,01,A01
200600023932,0,07,000,00,2,1,01,A01
200600023932,0,07,000,00,2,1,01,B02
200600023933,0,33,000,06,0,1,01,A01
200600023934,0,07,000,00,1,5,04,A01
200600023935,0,07,000,08,2,9,17,A01
200600023936,0,07,000,04,0,3,01,A01
200600023937,0,07,000,02,0,1,19,A01
200600023938,0,33,000,16,0,9,01,A01
200600023939,0,33,000,03,0,1,02,A01
200600023940,0,33,000,14,0,8,15,A01
200600023941,0,21,000,00,2,2,11,A01
200600023941,0,07,000,00,0,1,01,B02
200600023942,0,31,000,00,2,8,19,A01
200600023942,0,07,000,00,2,3,01,B02
200600023943,0,21,000,00,0,0,00,A01
200600023943,0,07,000,00,9,0,01,B02
200600023944,0,07,000,00,1,1,01,A01
200600023945,0,07,000,00,2,8,00,A01
200600023945,0,07,000,00,2,3,17,B02
200600023946,0,02,000,13,0,7,01,A01
200600023947,0,07,000,00,0,1,01,A01
200600023948,0,07,000,13,0,9,14,A01
200600023949,0,07,000,00,2,3,01,A01
200600023949,0,07,000,00,2,3,01,B02
200600023950,0,07,000,02,0,8,01,A01
200600023951,0,07,000,00,2,1,17,A01
200600023951,0,07,000,00,2,1,01,B02
200600023951,0,14,000,00,0,0,00,C03
200600023952,0,14,000,00,2,1,01,B02
200600023953,0,07,000,00,2,2,01,A01
200600023953,0,07,000,00,0,0,00,B02
200600023954,0,33,000,13,0,3,16,A01
200600023955,0,30,000,00,0,1,01,A01
200600023956,0,07,000,00,0,0,00,A01
200600023956,0,07,000,00,0,0,00,B02
200600023956,0,07,000,00,2,2,13,C03
200600023957,0,30,000,00,0,7,00,A01
200600023958,0,07,000,05,0,7,01,A01
200600023959,0,07,000,01,0,3,01,A01
200600023960,0,21,000,00,2,3,01,A01
200600023960,0,10,000,00,2,3,01,B02
200600023961,0,07,000,00,2,1,13,A01
200600023961,0,07,000,00,2,1,01,B02
200600023962,0,07,000,00,0,3,01,A01
200600023962,0,14,000,00,0,3,01,B02
200600023963,0,07,000,00,2,3,01,A01
200600023963,0,07,000,00,2,3,14,B02
200600023964,0,07,000,00,2,1,01,A01
200600023964,0,17,000,00,0,8,15,B02
200600023965,0,07,000,00,2,3,13,A01
200600023965,0,07,000,00,2,3,02,B02
200600023966,0,07,000,00,2,2,13,A01
200600023966,0,13,000,00,2,3,01,B02
200600023967,0,10,000,08,0,9,01,A01
200600023968,0,33,000,00,0,1,01,A01
200600023968,0,33,000,06,0,1,01,B02
200600023968,0,33,000,06,0,1,01,C03
200600023969,0,07,000,13,0,9,01,A01
200600023970,0,07,000,00,0,0,01,A01
200600023971,0,07,000,02,0,8,01,A01
200600023972,0,33,000,00,2,3,01,A01
200600023972,0,17,000,00,2,3,15,B02
200600023973,0,07,000,00,2,1,13,A01
200600023973,0,07,000,00,2,1,01,B02
200600023973,0,07,000,00,2,1,01,C03
200600023974,0,07,000,00,9,8,23,A01
200600023974,0,01,000,00,2,1,01,B02
200600023975,0,07,000,00,2,3,13,A01
200600023975,0,07,000,00,2,8,01,B02
200600023976,0,07,000,06,0,7,01,A01
200600023977,0,07,000,00,0,1,01,A01
200600023977,0,10,000,00,2,1,01,B02
200600023978,0,14,000,00,2,7,17,A01
200600023978,0,14,000,00,2,6,01,B02
200600023979,0,07,000,00,2,7,01,A01
200600023979,0,07,000,00,2,1,01,B02
200600023980,0,07,000,02,0,8,01,A01
200600023981,0,07,000,00,2,6,15,A01
200600023981,0,02,000,00,2,1,02,B02
200600023982,0,07,000,00,0,8,10,A01
200600023982,0,33,000,00,2,7,01,B02
200600023983,0,07,000,00,2,2,17,A01
200600023983,0,01,000,00,2,1,13,B02
200600023984,0,07,000,00,2,1,13,A01
200600023984,0,10,000,00,2,1,01,B02
200600023985,0,07,000,00,2,1,02,A01
200600023985,0,07,000,00,2,4,00,B02
200600023986,0,07,000,02,0,3,13,A01
200600023987,0,10,000,00,0,1,01,A01
200600023988,0,31,000,00,0,7,01,A01
200600023989,0,07,000,00,0,0,00,A01
200600023989,0,30,000,00,2,2,01,B02
200600023990,0,21,000,00,2,1,01,A01
200600023990,0,02,000,00,2,1,01,B02
200600023991,0,07,000,02,0,6,01,A01
200600023992,0,07,000,01,0,1,01,A01
200600023993,0,07,000,00,2,3,01,A01
200600023993,0,07,000,00,2,3,01,B02
200600023994,0,33,000,00,2,1,17,A01
200600023994,0,07,000,00,2,6,15,B02
200600023995,0,07,000,00,2,3,01,A01
200600023995,0,33,000,00,2,1,16,B02
200600023996,0,07,000,00,2,3,15,A01
200600023996,0,07,000,00,2,2,17,B02
200600023997,0,07,000,06,0,1,01,A01
200600023998,0,07,000,00,2,2,01,A01
200600023998,0,02,000,00,0,8,19,B02
200600023999,0,07,000,00,2,8,15,A01
200600023999,0,07,000,00,2,7,17,B02
200600024000,0,33,000,00,2,1,01,A01
200600024000,0,07,000,00,2,7,19,B02
200600024000,0,07,000,00,2,3,23,C03
200600024001,0,07,000,06,0,1,01,A01
200600024002,0,07,000,08,0,9,01,A01
200600024003,0,07,000,00,2,1,01,A01
200600024003,0,07,000,00,2,1,15,B02
200600024004,0,07,000,08,0,7,01,A01
200600024004,0,14,000,08,0,2,01,B02
200600024005,0,31,000,00,2,1,01,A01
200600024005,0,07,000,00,2,3,19,B02
200600024006,0,33,000,00,2,8,18,A01
200600024006,0,14,000,00,0,2,14,B02
200600024007,0,07,000,01,0,8,15,A01
200600024007,0,33,000,00,2,1,21,B02
200600024007,0,07,000,01,0,3,00,C03
200600024008,0,07,000,15,2,7,22,A01
200600024008,0,33,000,15,2,8,18,B02
200600024009,0,07,000,00,2,4,23,A01
200600024009,0,02,000,14,0,1,01,B02
200600024010,0,07,000,00,0,1,21,A01
200600024010,0,01,000,00,0,8,15,B02
200600024011,0,31,000,00,0,8,00,A01
200600024012,0,07,000,00,2,4,23,A01
200600024012,0,07,000,01,0,1,02,B02
200600024012,0,07,000,00,2,1,23,C03
200600024013,0,07,000,00,2,3,05,A01
200600024013,0,07,000,00,2,3,01,B02
200600024014,0,33,000,00,0,8,01,A01
200600024015,0,33,000,00,2,1,17,A01
200600024015,0,07,000,00,2,3,16,B02
200600024016,0,07,000,06,0,1,13,A01
200600024017,0,07,000,00,0,4,15,A01
200600024017,0,07,000,00,0,1,02,B02
200600024018,0,07,000,00,1,1,01,A01
200600024019,0,30,000,00,0,1,14,A01
200600024019,1,07,000,00,0,0,00,B02
200600024020,0,07,000,00,2,1,19,A01
200600024020,0,30,000,00,2,8,01,B02
200600024021,0,07,000,00,2,0,01,A01
200600024021,0,02,000,00,2,0,01,B02
200600024022,0,33,000,08,0,1,00,A01
200600024023,0,07,000,00,2,7,15,A01
200600024023,0,33,000,00,2,1,01,B02
200600024024,0,14,000,00,0,7,01,A01
200600024025,0,07,000,00,0,1,02,A01
200600024026,0,02,000,00,0,1,01,A01
200600024027,0,07,000,00,2,1,15,A01
200600024027,0,07,000,00,2,1,01,B02
200600024028,0,30,000,00,0,7,00,A01
200600024029,0,07,000,00,2,1,01,A01
200600024029,0,21,000,00,0,4,00,B02
200600024030,0,33,000,00,2,1,02,A01
200600024030,0,07,000,00,0,4,00,B02
200600024031,0,31,000,13,0,1,01,A01
200600024032,0,07,000,00,2,2,01,B02
200600024032,0,07,000,00,2,8,15,A01
200600024033,0,21,000,00,0,5,02,A01
200600024033,0,01,000,00,0,8,02,B02
200600024034,0,07,000,00,2,8,15,A01
200600024034,0,07,000,00,2,1,01,B02
200600024035,0,07,000,00,2,1,01,A01
200600024035,0,01,000,00,2,8,15,B02
200600024036,0,07,000,00,2,3,13,A01
200600024036,0,07,000,00,2,1,01,B02
200600024037,0,07,000,00,2,8,01,A01
200600024037,0,07,000,02,2,9,17,B02
200600024038,0,07,000,02,0,3,01,A01
200600024039,0,10,000,00,0,1,01,A01
200600024039,0,10,000,00,2,8,16,B02
200600024040,0,07,000,00,2,2,19,A01
200600024040,0,31,000,00,2,2,02,B02
200600024040,0,07,000,00,2,3,23,C03
200600024041,0,10,000,00,2,3,15,A01
200600024041,0,07,000,00,2,3,01,B02
200600024042,0,30,000,06,0,1,01,A01
200600024043,0,07,000,00,2,3,01,A01
200600024043,0,30,000,00,2,3,19,B02
200600024044,0,02,000,00,2,1,13,A01
200600024044,0,31,000,00,2,1,01,B02
200600024045,0,07,000,00,2,1,01,A01
200600024045,0,07,000,00,2,1,01,B02
200600024046,0,07,000,00,6,3,01,A01
200600024046,0,07,000,00,2,2,01,B02
200600024047,0,07,000,00,2,1,13,A01
200600024047,0,14,000,00,2,2,01,B02
200600024048,0,07,000,02,0,1,01,A01
200600024049,0,33,000,03,0,0,00,A01
200600024050,0,07,000,00,2,2,01,A01
200600024050,0,07,000,00,2,1,01,B02
200600024051,0,07,000,00,0,7,15,A01
200600024051,0,02,000,00,2,1,00,B02
200600024052,0,07,000,00,1,1,01,A01
200600024053,0,02,000,00,0,7,01,A01
200600024054,0,33,000,00,2,1,02,A01
200600024054,0,07,000,00,0,8,10,B02
200600024055,0,07,000,00,2,3,01,A01
200600024055,0,07,000,00,0,5,15,B02
200600024055,0,10,000,00,2,3,01,C03
200600024055,0,07,000,00,2,6,24,D04
200600024056,2,07,000,00,2,5,05,A01
200600024056,0,07,000,00,2,1,01,B02
200600024057,0,07,000,00,2,2,19,A01
200600024057,0,07,000,00,2,1,00,B02
200600024058,0,07,000,00,2,8,01,A01
200600024058,0,07,000,00,2,1,01,B02
200600024059,0,33,000,00,2,3,01,A01
200600024059,0,07,000,00,2,3,13,B02
200600024060,0,31,000,00,2,7,19,A01
200600024061,0,02,000,00,2,1,15,A01
200600024061,0,07,000,00,2,1,15,B02
200600024062,0,31,000,00,2,2,13,A01
200600024062,0,07,000,00,2,2,01,B02
200600024063,0,07,000,00,2,6,17,A01
200600024063,0,07,000,00,2,3,01,B02
200600024064,0,07,000,00,2,1,01,A01
200600024064,0,10,000,00,2,1,15,B02
200600024065,0,10,000,00,1,3,15,A01
200600024066,0,33,000,00,2,8,17,A01
200600024066,0,07,000,00,2,8,01,B02
200600024066,0,07,000,00,2,3,01,C03
200600024067,0,07,000,02,0,2,14,A01
200600024068,0,07,000,00,2,1,01,A01
200600024068,0,07,000,00,2,6,01,B02
200600024068,0,07,000,00,2,1,01,C03
200600024069,0,33,000,00,1,7,01,A01
200600024070,0,02,000,00,0,4,13,A01
200600024070,0,07,000,00,0,2,11,B02
200600024071,0,33,000,12,1,1,01,A01
200600024071,0,07,000,00,0,5,01,B02
200600024072,0,07,000,00,0,3,01,A01
200600024072,0,07,000,00,0,3,13,B02
200600024073,0,01,000,00,2,1,02,A01
200600024073,0,01,000,00,2,4,02,B02
200600024074,0,07,000,00,2,3,13,A01
200600024074,0,07,000,00,2,8,01,B02
200600024075,0,01,000,00,2,1,06,A01
200600024076,0,07,000,13,0,3,21,A01
200600024077,0,07,000,00,0,2,13,A01
200600024078,0,02,000,02,0,3,00,A01
200600024079,0,07,000,00,2,3,15,A01
200600024079,0,07,000,00,2,1,01,B02
200600024080,0,07,000,00,2,1,00,A01
200600024080,0,07,000,00,2,1,00,B02
200600024081,0,07,000,02,0,1,01,B02
200600024082,0,01,000,00,2,7,01,A01
200600024082,0,10,000,00,9,2,19,B02
200600024083,0,07,000,00,1,2,01,A01
200600024084,0,10,000,00,2,3,15,A01
200600024084,0,33,000,00,2,8,15,B02
200600024085,0,07,000,00,9,2,01,A01
200600024085,0,01,000,00,2,3,19,B02
200600024086,0,07,000,00,0,3,19,A01
200600024086,0,31,000,00,2,1,01,B02
200600024087,0,33,000,00,6,3,01,A01
200600024088,0,07,000,03,0,3,13,A01
200600024089,0,10,000,00,0,0,01,A01
200600024090,0,07,000,00,0,0,14,A01
200600024091,0,07,000,00,2,3,15,A01
200600024091,0,33,000,00,2,1,01,B02
200600024092,0,14,000,00,2,5,01,A01
200600024092,0,30,000,00,2,1,19,B02
200600024093,0,07,000,10,0,3,01,A01
200600024094,0,07,000,00,2,5,19,A01
200600024094,0,07,000,00,2,1,01,B02
200600024095,0,30,000,00,0,7,01,A01
200600024096,0,33,000,00,2,1,01,A01
200600024096,0,07,000,00,2,8,15,B02
200600024097,0,07,000,00,1,1,00,A01
200600024098,0,07,000,16,0,9,02,A01
200600024099,0,01,000,00,2,2,13,A01
200600024099,0,07,000,00,2,6,01,B02
200600024100,0,07,000,00,2,7,01,A01
200600024100,0,20,000,00,2,1,19,B02
200600024101,0,07,000,00,2,8,19,A01
200600024101,0,14,000,00,2,1,15,B02
200600024102,0,07,000,00,2,6,10,A01
200600024102,0,07,000,00,2,1,01,B02
200600024103,0,07,000,00,2,6,19,A01
200600024103,0,07,000,00,2,6,01,B02
200600024104,0,10,000,00,0,1,01,A01
200600024105,0,02,000,00,0,8,01,A01
200600024105,0,02,000,00,0,2,14,B02
200600024106,0,07,000,02,0,0,14,A01
200600024107,0,36,000,16,0,9,01,A01
200600024108,0,31,000,00,2,7,15,A01
200600024108,0,07,000,00,2,3,01,B02
200600024109,0,07,000,02,0,0,13,A01
200600024110,0,07,000,00,1,2,02,A01
200600024111,0,07,000,00,2,3,01,A01
200600024111,0,30,000,00,2,1,13,B02
200600024112,0,02,000,06,0,1,01,A01
200600024113,0,30,000,06,0,1,05,A01
200600024114,0,02,000,11,0,1,01,A01
200600024115,0,07,000,00,2,3,13,A01
200600024115,0,07,000,00,2,8,00,B02
200600024116,0,31,000,00,0,2,01,A01
200600024116,0,32,000,00,0,2,15,B02
200600024117,0,07,000,00,2,1,01,A01
200600024117,0,13,000,00,0,0,00,B02
200600024118,0,07,000,00,2,1,13,A01
200600024118,0,07,000,00,2,1,01,B02
200600024119,0,07,000,00,2,1,15,A01
200600024119,0,33,000,00,2,1,01,B02
200600024120,0,02,000,00,2,3,13,A01
200600024120,0,07,000,00,2,3,01,B02
200600024121,0,33,000,00,0,2,21,A01
200600024122,0,07,000,00,2,3,01,A01
200600024122,0,33,000,00,2,1,01,B02
200600024123,0,07,000,00,1,1,01,A01
200600024124,0,33,000,00,0,0,00,A01
200600024125,0,07,000,01,0,1,00,A01
200600024125,0,14,000,00,2,3,24,B02
200600024126,0,33,000,00,2,2,01,A01
200600024126,0,07,000,00,2,1,15,B02
200600024127,0,33,000,02,0,1,01,A01
200600024128,0,10,000,00,2,1,01,A01
200600024128,0,07,000,00,0,5,23,B02
200600024129,0,07,000,00,0,3,15,A01
200600024129,0,02,000,00,0,2,17,B02
200600024130,0,07,000,00,1,3,01,A01
200600024131,0,07,000,00,2,3,13,A01
200600024131,0,17,000,00,2,8,01,B02
200600024132,0,07,000,00,2,2,00,A01
200600024132,0,07,000,00,2,8,19,B02
200600024133,0,07,000,00,1,2,02,A01
200600024134,0,07,000,00,0,7,01,A01
200600024134,0,07,000,00,2,1,01,B02
200600024135,0,33,000,10,0,2,01,A01