Num_Acc,senc,catv,occutc,obs,obsm,choc,manv,num_veh
200600024539,0,07,000,08,0,1,01,A01
200600024540,0,07,000,00,2,8,19,A01
200600024540,0,33,000,00,2,1,01,B02
200600024541,0,07,000,00,2,3,15,A01
200600024541,0,07,000,00,2,3,01,B02
200600024541,0,14,000,01,2,3,23,C03
200600024542,0,07,000,00,2,6,15,A01
200600024542,0,14,000,00,2,1,01,B02
200600024543,0,07,000,00,2,3,13,A01
200600024543,0,07,000,00,2,3,01,B02
200600024544,0,10,000,00,2,1,00,A01
200600024544,0,14,000,00,2,4,16,B02
200600024544,0,14,000,00,2,6,16,C03
200600024545,0,33,000,00,2,1,13,A01
200600024545,0,07,000,00,2,3,01,B02
200600024546,0,07,000,00,0,0,14,A01
200600024547,0,07,000,00,2,1,13,A01
200600024547,0,07,000,00,2,8,01,B02
200600024548,0,07,000,00,0,0,13,A01
200600024549,0,07,000,13,0,5,13,A01
200600024550,0,07,000,00,2,7,15,A01
200600024550,0,01,000,00,2,1,01,B02
200600024551,0,07,000,00,2,1,09,A01
200600024551,0,07,000,00,2,7,01,B02
200600024552,0,07,000,02,0,1,01,A01
200600024553,0,02,000,00,2,2,17,A01
200600024553,0,01,000,00,2,8,01,B02
200600024554,0,10,000,00,2,2,19,A01
200600024554,0,33,000,00,0,8,01,B02
200600024555,0,02,000,00,2,1,13,A01
200600024555,0,07,000,00,2,3,01,B02
200600024556,0,14,000,00,2,1,13,A01
200600024556,0,14,000,00,2,1,01,B02
200600024556,0,07,000,00,2,1,01,C03
200600024557,0,07,000,00,2,8,19,A01
200600024557,0,33,000,00,2,1,01,B02
200600024558,0,33,000,07,0,9,01,A01
200600024559,0,14,000,00,0,3,16,A01
200600024559,0,07,000,00,2,7,01,B02
200600024560,0,33,000,13,0,0,14,A01
200600024561,0,33,000,02,0,2,14,A01
200600024562,0,10,000,00,2,3,01,A01
200600024562,0,01,000,00,2,1,13,B02
200600024563,0,07,000,00,2,7,01,B02
200600024563,0,10,000,00,2,3,19,A01
200600024564,0,07,000,13,0,9,01,A01
200600024565,0,30,000,13,0,1,15,A01
200600024566,0,07,000,00,2,7,01,B02
200600024566,0,07,000,00,2,1,19,A01
200600024567,0,07,000,13,0,9,01,A01
200600024568,0,07,000,00,9,3,09,A01
200600024568,0,01,000,00,2,9,01,B02
200600024569,0,10,000,00,2,1,01,A01
200600024569,0,10,000,00,2,8,15,B02
200600024570,0,07,000,00,2,1,05,A01
200600024570,0,33,000,00,2,1,05,B02
200600024571,0,10,000,00,2,1,01,A01
200600024571,0,07,000,00,2,1,01,B02
200600024572,0,33,000,14,0,1,01,A01
200600024573,0,07,000,00,2,6,15,A01
200600024573,0,31,000,00,2,1,17,B02
200600024573,0,07,000,00,2,6,01,C03
200600024574,0,07,000,00,2,1,02,A01
200600024574,0,07,000,00,2,4,02,B02
200600024575,0,07,000,00,0,1,13,A01
200600024575,0,07,000,00,0,3,00,B02
200600024575,0,02,000,00,0,1,00,C03
200600024576,0,07,000,00,0,3,15,A01
200600024576,0,07,000,00,0,1,01,B02
200600024577,0,07,000,00,2,8,02,A01
200600024577,0,33,000,00,2,1,02,B02
200600024578,0,02,000,00,2,3,01,A01
200600024578,0,07,000,00,0,5,15,B02
200600024579,0,07,000,00,9,1,15,A01
200600024579,0,01,000,00,2,3,01,B02
200600024580,0,07,000,00,2,8,15,A01
200600024580,0,33,000,00,2,2,13,B02
200600024581,0,07,000,00,2,1,01,A01
200600024581,0,30,000,00,2,1,13,B02
200600024582,0,07,000,00,0,3,23,A01
200600024583,0,07,000,01,0,4,01,A01
200600024583,0,17,000,00,2,4,24,B02
200600024584,0,33,000,13,0,1,01,A01
200600024584,0,33,000,00,0,0,01,B02
200600024585,0,14,000,00,0,0,01,A01
200600024586,0,02,000,13,0,1,01,B02
200600024587,0,14,000,00,0,8,01,A01
200600024588,0,02,000,00,2,2,17,A01
200600024588,0,07,000,00,2,3,15,B02
200600024589,0,33,000,08,0,1,01,A01
200600024590,0,07,000,02,0,1,01,A01
200600024591,0,32,000,00,1,1,00,A01
200600024592,0,07,000,00,2,1,05,A01
200600024592,0,07,000,00,2,1,01,B02
200600024592,0,07,000,00,2,1,01,C03
200600024593,0,07,000,00,1,1,13,A01
200600024594,0,07,000,02,0,8,14,A01
200600024595,0,07,000,00,1,2,01,A01
200600024596,0,10,000,00,2,2,15,A01
200600024596,0,33,000,00,2,8,01,B02
200600024597,0,14,000,00,2,2,01,A01
200600024597,0,01,000,00,2,1,13,B02
200600024598,0,07,000,13,0,4,01,A01
200600024599,0,10,000,00,1,6,04,A01
200600024600,0,33,000,00,2,1,17,A01
200600024600,0,07,000,00,0,6,15,B02
200600024601,0,07,000,03,0,1,01,A01
200600024602,0,07,000,02,0,2,00,A01
200600024603,0,07,000,00,1,2,00,A01
200600024604,0,07,000,13,0,1,13,A01
200600024605,0,07,000,00,2,3,01,A01
200600024605,0,02,000,00,2,1,13,B02
200600024606,0,01,000,00,2,8,15,C03
200600024606,0,07,000,00,2,2,19,A01
200600024606,0,07,000,00,2,2,19,B02
200600024607,0,07,000,00,2,7,01,B02
200600024607,0,13,000,00,2,3,09,A01
200600024608,0,07,000,00,0,0,17,A01
200600024608,0,14,000,00,0,0,00,B02
200600024609,0,07,000,00,2,1,01,A01
200600024609,0,01,000,00,2,1,13,B02
200600024610,0,07,000,08,0,1,15,A01
200600024611,0,31,000,00,2,1,11,A01
200600024611,0,13,000,00,2,3,01,B02
200600024611,0,07,000,00,2,5,15,C03
200600024612,0,07,000,00,1,2,01,A01
200600024613,0,33,000,00,2,1,03,A01
200600024613,0,07,000,00,2,3,15,B02
200600024614,0,10,000,00,2,1,05,A01
200600024614,0,07,000,00,2,1,01,B02
200600024615,0,31,000,06,0,1,14,A01
200600024616,0,02,000,00,0,7,00,A01
200600024617,0,02,000,00,0,2,01,A01
200600024618,0,01,000,00,0,0,14,A01
200600024619,0,30,000,00,2,1,17,A01
200600024619,0,07,000,00,2,8,15,B02
200600024620,0,07,000,00,1,1,01,A01
200600024621,0,32,000,00,2,3,02,A01
200600024621,0,07,000,00,2,8,09,B02
200600024622,0,07,000,00,2,3,15,A01
200600024622,0,34,000,00,2,1,01,B02
200600024623,0,07,000,00,1,2,01,A01
200600024624,0,30,000,11,0,0,17,A01
200600024624,0,37,000,00,9,6,01,B02
200600024625,0,07,000,00,2,7,00,A01
200600024625,0,30,000,00,0,1,00,B02
200600024626,0,07,000,00,2,3,17,A01
200600024626,0,33,000,00,2,1,01,B02
200600024626,0,33,000,00,2,1,01,C03
200600024627,0,33,000,00,2,3,13,A01
200600024627,0,02,000,00,2,3,01,B02
200600024628,0,07,000,00,0,5,16,A01
200600024628,0,01,000,00,2,1,01,B02
200600024629,0,07,000,06,0,2,14,A01
200600024630,0,30,000,08,2,8,09,A01
200600024630,0,10,000,00,2,8,01,B02
200600024631,0,07,000,00,2,3,13,A01
200600024631,0,07,000,00,2,3,01,B02
200600024632,0,14,000,00,2,8,14,A01
200600024632,0,07,000,00,2,8,13,B02
200600024632,0,07,000,00,0,0,14,C03
200600024632,0,07,000,00,0,0,00,D04
200600024633,0,07,000,00,2,4,16,A01
200600024633,0,07,000,00,2,4,01,B02
200600024633,2,07,000,00,2,1,01,C03
200600024634,0,37,000,00,2,3,19,A01
200600024634,0,33,000,00,2,1,01,B02
200600024635,0,07,000,00,2,8,13,A01
200600024635,0,33,000,00,2,3,01,B02
200600024636,0,07,000,00,2,3,13,A01
200600024636,0,07,000,00,2,3,01,B02
200600024637,0,07,000,00,2,2,01,A01
200600024637,0,01,000,00,2,4,01,B02
200600024638,1,07,000,00,2,1,09,A01
200600024638,0,07,000,00,2,7,00,B02
200600024639,0,02,000,00,0,8,21,A01
200600024640,0,07,000,00,2,5,15,A01
200600024640,0,07,000,00,2,3,01,B02
200600024641,0,07,000,00,2,3,13,A01
200600024641,0,07,000,00,0,3,01,B02
200600024641,0,07,000,00,2,1,01,C03
200600024642,0,10,000,00,2,3,01,A01
200600024642,0,10,000,00,2,3,01,B02
200600024643,0,07,000,02,0,1,14,A01
200600024644,0,07,000,00,1,1,01,A01
200600024644,0,31,000,00,0,3,19,B02
200600024645,0,07,000,08,0,1,13,A01
200600024646,0,07,000,00,2,8,15,A01
200600024646,0,07,000,00,2,1,01,B02
200600024647,0,30,000,00,0,6,01,A01
200600024647,0,07,000,00,2,2,02,B02
200600024648,0,33,000,00,9,1,01,A01
200600024648,0,20,000,00,2,2,15,C03
200600024649,0,10,000,00,2,3,15,A01
200600024649,0,07,000,00,2,3,01,B02
200600024650,0,07,000,00,2,2,01,A01
200600024650,0,07,000,00,2,7,15,B02
200600024651,0,30,000,01,0,1,00,A01
200600024652,0,07,000,00,1,1,15,A01
200600024653,0,07,000,13,0,1,13,B02
200600024654,0,33,000,13,0,1,13,A01
200600024655,0,07,000,00,2,8,01,A01
200600024655,0,07,000,00,2,1,01,B02
200600024656,0,07,000,13,0,0,01,A01
200600024657,0,32,000,00,2,2,16,A01
200600024657,0,07,000,00,9,3,15,B02
200600024658,0,07,000,00,9,1,01,A01
200600024659,0,10,000,06,0,9,13,A01
200600024660,0,01,000,00,2,0,02,A01
200600024660,0,10,000,00,0,0,02,B02
200600024661,0,07,000,00,2,2,15,A01
200600024661,0,31,000,00,2,1,17,B02
200600024662,0,07,000,00,0,0,00,A01
200600024663,0,31,000,00,2,1,01,A01
200600024663,0,07,000,00,0,2,00,B02
200600024664,0,07,000,02,0,1,01,A01
200600024664,0,14,000,00,0,0,00,B02
200600024665,0,07,000,00,2,7,13,A01
200600024665,0,07,000,00,0,3,01,B02
200600024666,0,33,000,00,0,7,00,A01
200600024667,0,07,000,00,0,1,01,A01
200600024668,0,07,000,06,0,3,13,A01
200600024669,0,07,000,00,2,3,01,A01
200600024669,0,07,000,00,2,3,01,B02
200600024670,0,36,000,12,0,2,01,A01
200600024671,0,07,000,00,2,1,19,A01
200600024671,0,07,000,00,2,8,01,B02
200600024672,0,05,000,00,0,0,00,A01
200600024672,0,07,000,00,0,0,00,B02
200600024673,0,07,000,00,0,8,20,A01
200600024673,0,02,000,00,2,1,01,B02
200600024674,0,17,000,00,2,1,01,A01
200600024674,0,07,000,00,2,3,01,B02
200600024675,0,07,000,00,2,4,15,A01
200600024675,0,07,000,00,2,1,01,B02
200600024676,0,07,000,06,0,1,01,A01
200600024677,0,07,000,01,0,1,01,A01
200600024677,0,07,000,00,1,4,23,B02
200600024678,0,15,000,13,0,3,01,A01
200600024679,0,07,000,00,0,1,00,A01
200600024679,0,07,000,00,0,1,23,B02
200600024680,0,07,000,10,0,3,01,A01
200600024681,0,07,000,00,0,3,01,A01
200600024682,0,07,000,01,0,3,13,A01
200600024682,0,21,000,00,0,8,24,B02
200600024683,0,07,000,13,0,1,21,A01
200600024684,0,07,000,16,0,2,06,A01
200600024685,0,07,000,00,2,1,15,A01
200600024685,0,31,000,00,2,1,01,B02
200600024686,0,01,000,00,0,4,02,A01
200600024687,0,33,000,00,0,9,01,A01
200600024688,0,07,000,02,0,0,00,A01
200600024689,0,31,000,00,0,1,01,A01
200600024690,0,33,000,00,0,7,16,A01
200600024691,0,07,000,02,0,8,13,A01
200600024691,0,07,000,02,0,3,00,B02
200600024692,0,07,000,00,2,3,01,A01
200600024693,0,07,000,00,2,1,01,A01
200600024693,0,07,000,00,2,2,15,B02
200600024694,0,07,000,00,0,2,15,A01
200600024694,0,33,000,00,0,1,01,B02
200600024695,0,07,000,00,2,3,13,A01
200600024695,0,07,000,00,2,3,00,B02
200600024696,0,32,000,00,2,2,01,A01
200600024696,0,14,000,00,2,1,01,B02
200600024696,0,07,000,00,2,2,19,C03
200600024697,0,07,000,00,9,2,01,B02
200600024697,0,01,000,00,2,3,19,A01
200600024698,0,07,000,00,0,4,10,A01
200600024698,0,32,000,00,2,1,01,B02
200600024699,0,07,000,13,0,2,14,A01
200600024700,0,07,000,00,2,2,01,B02
200600024700,0,01,000,00,2,1,15,A01
200600024701,0,07,000,00,2,3,13,A01
200600024701,0,17,000,00,2,3,01,B02
200600024702,0,14,000,02,0,2,13,A01
200600024703,0,07,000,00,2,1,01,A01
200600024703,0,07,000,00,2,3,01,B02
200600024704,0,07,000,00,9,3,15,A01
200600024704,0,30,000,00,2,1,17,B02
200600024705,0,07,000,06,0,1,01,A01
200600024706,0,07,000,00,2,3,01,A01
200600024706,0,07,000,00,2,3,01,B02
200600024707,0,07,000,00,9,3,01,A01
200600024707,0,01,000,00,2,1,15,B02
200600024708,0,07,000,13,0,3,01,A01
200600024708,0,13,000,00,0,3,19,B02
200600024709,0,07,000,13,0,9,21,A01
200600024710,0,20,000,00,2,1,19,A01
200600024710,0,07,000,00,2,1,01,B02
200600024711,0,01,000,01,0,1,02,A01
200600024711,0,14,000,00,0,4,23,B02
200600024712,0,07,000,00,2,3,01,A01
200600024712,0,07,000,00,2,2,01,B02
200600024713,0,07,000,16,0,9,01,A01
200600024714,0,07,000,02,0,1,00,A01
200600024715,0,30,000,00,2,1,13,A01
200600024715,0,07,000,00,2,3,01,B02
200600024716,0,07,000,00,2,1,13,A01
200600024716,0,07,000,00,2,1,01,B02
200600024717,0,07,000,00,2,8,15,A01
200600024717,0,33,000,00,2,8,01,B02
200600024718,0,38,000,00,0,1,17,A01
200600024718,0,07,000,00,0,1,17,B02
200600024719,0,07,000,02,2,1,17,A01
200600024719,0,07,000,02,2,1,01,B02
200600024720,0,07,000,13,0,1,01,A01
200600024721,0,07,000,00,2,2,01,A01
200600024721,0,31,000,00,2,1,05,B02
200600024722,0,33,000,02,0,8,13,A01
200600024723,0,07,000,04,0,1,21,A01
200600024724,0,14,000,00,0,0,00,A01
200600024725,0,07,000,00,2,0,00,B02
200600024725,0,07,000,00,2,2,19,A01
200600024726,0,07,000,00,0,3,01,A01
200600024727,0,14,000,13,0,1,01,A01
200600024728,0,07,000,13,2,7,13,A01
200600024728,0,07,000,00,2,1,01,B02
200600024729,0,07,000,00,2,2,15,A01
200600024729,0,07,000,00,2,1,01,B02
200600024729,0,07,000,00,0,1,23,C03
200600024730,0,07,000,10,0,2,01,A01
200600024731,0,07,000,02,0,9,01,A01
200600024732,0,02,000,00,2,1,00,A01
200600024732,0,07,000,00,0,4,00,B02
200600024733,0,33,000,00,2,1,00,A01
200600024733,0,07,000,00,0,5,19,B02
200600024734,0,07,000,00,2,1,05,A01
200600024734,0,31,000,00,2,1,01,B02
200600024735,0,07,000,00,2,3,13,A01
200600024735,0,07,000,00,2,3,01,B02
200600024736,0,17,000,06,0,0,14,A01
200600024737,0,07,000,02,0,0,01,A01
200600024738,0,33,000,00,2,1,13,A01
200600024738,0,07,000,00,2,1,01,B02
200600024739,0,33,000,02,0,7,01,A01
200600024740,0,33,000,05,0,8,01,A01
200600024741,0,07,000,00,0,9,01,A01
200600024742,0,07,000,00,0,7,15,A01
200600024742,0,33,000,00,2,1,01,B02
200600024742,0,07,000,00,0,1,23,C03
200600024743,0,14,000,00,2,3,01,A01
200600024743,0,30,000,00,2,1,13,B02
200600024744,0,33,000,00,0,8,01,A01
200600024745,0,02,000,00,6,1,01,A01
200600024746,0,07,000,00,0,3,05,A01
200600024747,0,07,000,00,2,3,13,A01
200600024747,0,02,000,00,2,7,01,B02
200600024748,0,10,000,00,2,3,13,A01
200600024748,0,10,000,00,2,3,01,B02
200600024749,0,07,000,00,9,7,16,A01
200600024749,0,01,000,00,2,1,01,B02
200600024750,0,34,000,03,0,1,14,A01
200600024751,0,33,000,00,2,1,01,A01
200600024751,0,07,000,00,2,8,01,B02
200600024752,0,33,000,00,0,7,01,A01
200600024753,0,33,000,00,2,4,02,A01
200600024753,0,33,000,00,2,4,02,B02
200600024754,0,07,000,13,0,3,01,A01
200600024755,0,07,000,00,2,3,01,A01
200600024755,0,07,000,00,2,1,13,B02
200600024756,0,10,000,00,2,1,13,A01
200600024756,0,07,000,00,2,1,01,B02
200600024757,0,33,000,00,2,1,01,B02
200600024757,0,07,000,00,2,2,15,A01
200600024758,0,33,000,00,2,1,02,A01
200600024758,0,07,000,00,0,5,23,B02
200600024759,0,07,000,03,2,1,01,A01
200600024759,0,07,000,00,2,1,17,B02
200600024760,0,33,000,00,2,1,14,A01
200600024760,0,10,000,00,2,8,01,B02
200600024761,0,07,000,00,2,3,01,A01
200600024761,0,07,000,00,2,8,01,B02
200600024762,0,33,000,13,0,0,01,A01
200600024763,0,15,000,00,0,7,00,A01
200600024764,0,07,000,00,2,3,17,A01
200600024764,0,07,000,00,2,3,01,B02
200600024765,0,02,000,00,0,3,13,A01
200600024765,0,07,000,00,0,8,01,B02
200600024766,0,07,000,08,0,1,01,A01
200600024767,0,07,000,00,0,3,15,A01
200600024767,0,07,000,00,0,2,17,B02
200600024768,0,07,000,00,2,7,01,A01
200600024768,0,07,000,06,2,1,01,B02
200600024768,0,07,000,00,2,2,01,C03
200600024769,0,07,000,00,2,1,16,A01
200600024769,0,02,000,00,2,1,13,B02
200600024770,0,07,000,06,9,2,21,A01
200600024771,0,07,000,05,0,0,01,A01
200600024772,0,07,000,00,2,1,13,A01
200600024772,0,10,000,00,2,3,01,B02
200600024773,0,07,000,13,0,1,01,A01
200600024774,0,33,000,00,2,1,01,A01
200600024774,0,10,000,00,2,1,01,B02
200600024774,0,07,000,00,2,9,01,C03
200600024774,0,14,000,00,2,2,01,D04
200600024775,0,10,000,00,2,1,01,A01
200600024775,0,10,000,00,2,4,01,B02
200600024775,0,10,000,00,2,8,15,C03
200600024775,0,14,000,00,2,1,01,D04
200600024776,0,07,000,00,2,8,19,A01
200600024776,0,33,000,00,2,1,00,B02
200600024777,0,07,000,00,2,2,02,A01
200600024777,0,07,000,00,2,5,16,B02
200600024778,0,07,000,08,0,1,00,A01
200600024779,0,07,000,00,2,3,01,A01
200600024779,0,31,000,00,2,1,17,B02
200600024780,0,33,000,00,2,3,05,A01
200600024780,0,33,000,00,2,3,01,B02
200600024781,0,21,000,00,2,3,15,A01
200600024781,0,33,000,00,2,1,17,B02
200600024782,0,07,000,00,2,3,01,A01
200600024782,0,07,000,00,2,3,01,B02
200600024783,0,07,000,02,0,2,01,A01
200600024784,0,07,000,00,1,1,01,A01
200600024785,0,07,000,00,1,2,01,A01
200600024786,0,07,000,01,0,1,19,A01
200600024787,0,07,000,00,1,2,01,A01
200600024788,0,01,000,00,0,0,01,A01
200600024789,0,30,000,08,0,0,01,A01
200600024790,0,07,000,00,2,2,15,A01
200600024790,0,07,000,00,2,3,01,B02
200600024791,0,07,000,00,2,1,01,B02
200600024791,0,17,000,00,2,8,19,A01
200600024792,0,30,000,12,0,0,01,A01
200600024793,0,07,000,00,2,2,01,A01
200600024793,0,02,000,00,2,1,01,B02
200600024794,0,10,000,00,2,3,11,A01
200600024794,0,33,000,00,2,3,01,B02
200600024795,0,07,000,13,0,9,13,A01
200600024796,0,17,000,02,2,3,01,A01
200600024796,0,07,000,00,2,1,05,B02
200600024797,0,38,000,00,2,2,16,A01
200600024797,0,14,000,00,2,2,16,B02
200600024797,0,38,000,00,2,3,01,C03
200600024797,0,38,000,00,2,1,15,D04
200600024798,0,31,000,00,1,1,01,A01
200600024799,0,02,000,00,2,1,13,A01
200600024799,0,07,000,00,2,3,01,B02
200600024800,0,03,000,05,0,1,01,A01
200600024801,0,07,000,00,2,2,15,A01
200600024801,0,07,000,00,2,1,01,B02
200600024802,0,34,000,00,2,1,01,A01
200600024802,0,07,000,00,2,2,15,B02
200600024803,0,07,000,00,1,0,17,A01
200600024804,1,07,000,00,1,0,02,A01
200600024805,0,33,000,00,1,1,17,A01
200600024806,0,07,000,00,0,6,02,A01
200600024806,0,34,000,00,0,1,02,B02
200600024807,0,07,000,00,0,6,01,A01
200600024807,0,33,000,00,2,1,01,B02
200600024808,0,33,000,07,0,3,13,A01
200600024809,0,33,000,00,0,7,01,A01
200600024810,0,14,000,00,2,8,01,A01
200600024810,0,07,000,00,0,8,21,B02
200600024810,0,07,000,00,1,2,21,C03
200600024810,0,01,000,00,2,6,01,D04
200600024811,0,07,000,02,0,3,01,A01
200600024812,0,07,000,00,2,3,15,A01
200600024812,0,07,000,00,2,1,01,B02
200600024813,0,10,000,00,2,2,00,A01
200600024813,0,14,000,00,2,5,00,B02
200600024814,0,17,000,00,2,6,16,A01
200600024814,0,07,000,00,2,8,01,B02
200600024815,0,17,000,00,2,3,01,A01
200600024815,0,07,000,00,2,3,01,B02
200600024815,0,14,000,00,0,0,00,C03
200600024816,0,07,000,02,0,2,00,A01
200600024817,0,33,000,00,2,1,02,A01
200600024817,0,07,000,00,0,8,10,B02
200600024818,0,07,000,00,2,6,01,A01
200600024818,0,07,000,00,2,1,01,B02
200600024819,0,07,000,00,2,1,13,A01
200600024819,0,07,000,00,2,1,01,B02
200600024820,0,07,000,00,0,6,15,A01
200600024820,0,05,000,00,2,1,17,B02
200600024821,0,02,000,00,2,1,13,A01
200600024821,0,07,000,00,2,1,01,B02
200600024822,0,07,000,00,2,1,01,A01
200600024822,0,07,000,00,2,1,00,B02
200600024823,0,30,000,00,0,5,13,A01
200600024823,0,33,000,00,2,3,01,B02
200600024823,0,33,000,00,2,1,01,C03
200600024824,0,07,000,00,2,1,15,A01
200600024824,0,07,000,00,2,1,01,B02
200600024825,0,07,000,06,0,3,01,A01
200600024826,0,07,000,00,1,8,02,A01
200600024827,0,07,000,00,0,9,01,A01
200600024828,0,07,000,00,2,1,01,A01
200600024828,0,07,000,00,2,7,19,B02
200600024828,0,07,000,00,2,1,23,C03
200600024829,0,17,000,00,9,7,01,A01
200600024829,0,01,000,00,9,8,00,B02
200600024829,0,01,000,00,2,0,13,C03
200600024830,0,07,000,06,0,1,01,A01
200600024831,0,33,000,00,2,8,01,A01
200600024831,0,07,000,00,0,1,19,B02
200600024832,0,07,000,00,2,5,19,B02
200600024832,0,07,000,00,2,1,01,A01
200600024833,0,33,000,00,6,8,19,A01
200600024834,0,07,000,00,2,3,18,A01
200600024834,0,02,000,00,2,7,16,B02
200600024835,0,07,000,00,0,3,00,A01
200600024835,0,33,000,00,2,1,00,B02
200600024836,0,07,000,00,9,1,01,A01
200600024836,0,33,000,00,2,1,01,B02
200600024837,0,33,000,12,0,1,17,A01
200600024838,0,07,000,00,2,1,13,A01
200600024838,0,10,000,00,2,1,01,B02
200600024839,0,07,000,00,0,3,00,A01
200600024839,0,07,000,00,0,5,00,B02
200600024840,0,07,000,00,0,8,15,A01
200600024840,0,02,000,00,2,1,21,B02
200600024841,0,07,000,00,9,3,01,A01
200600024842,0,07,000,00,2,2,15,A01
200600024842,0,33,000,00,2,1,01,B02
200600024843,0,07,000,02,0,1,01,A01
200600024844,0,33,000,02,0,1,01,A01
200600024845,0,07,000,08,0,7,01,A01
200600024846,0,07,000,08,0,1,14,A01
200600024847,0,07,000,13,0,1,02,A01
200600024848,0,07,000,00,1,2,09,A01
200600024849,0,07,000,13,0,3,13,A01
200600024850,0,07,000,00,0,8,16,A01
200600024850,0,07,000,00,2,1,01,B02
200600024851,0,07,000,00,2,0,13,A01
200600024851,0,07,000,13,2,3,21,B02
200600024852,0,07,000,00,2,3,15,A01
200600024852,0,07,000,00,2,1,01,B02
200600024853,0,33,000,00,2,1,17,A01
200600024853,0,07,000,00,0,6,15,B02
200600024854,0,02,000,00,0,0,13,A01
200600024855,0,07,000,00,0,3,13,A01
200600024855,0,07,000,00,0,3,00,B02
200600024856,0,07,000,00,2,1,19,A01
200600024856,0,31,000,00,2,1,01,B02
200600024856,0,07,000,00,2,1,23,C03
200600024857,0,33,000,13,0,8,17,A01
200600024858,0,36,000,00,2,2,19,A01
200600024858,0,07,000,00,2,7,01,B02
200600024859,0,07,000,02,0,2,13,A01
200600024860,0,07,000,00,2,1,01,A01
200600024860,0,02,000,00,2,1,13,B02
200600024861,0,07,000,00,2,2,17,A01
200600024861,0,31,000,00,2,8,15,B02
200600024862,0,07,000,02,0,1,01,A01
200600024863,0,07,000,00,0,4,23,A01
200600024863,0,02,000,01,0,1,01,B02
200600024864,0,07,000,00,2,3,01,A01
200600024864,0,02,000,00,2,0,13,B02
200600024865,0,07,000,00,2,1,09,A01
200600024865,0,33,000,00,2,2,09,B02
200600024866,0,07,000,16,0,9,01,A01
200600024867,0,07,000,13,0,0,01,A01
200600024868,0,10,000,00,2,0,01,A01
200600024868,0,07,000,00,2,3,01,C03
200600024868,0,07,000,00,2,1,13,D04
200600024869,0,07,000,00,1,1,01,A01
200600024870,0,07,000,13,0,1,01,A01
200600024871,0,07,000,13,0,1,13,A01
200600024872,0,17,000,00,2,3,21,A01
200600024872,0,07,000,00,2,3,21,B02
200600024873,0,07,000,16,6,1,01,A01
200600024874,0,31,000,00,6,1,01,A01
200600024875,0,07,000,02,2,1,01,A01
200600024875,0,07,000,00,2,1,13,B02
200600024876,0,07,000,00,2,8,19,A01
200600024876,0,07,000,00,2,1,00,B02
200600024877,0,07,000,00,0,3,01,A01
200600024877,0,07,000,00,2,1,19,B02
200600024878,0,07,000,00,2,2,02,A01
200600024879,0,07,000,02,0,1,14,A01
200600024880,0,07,000,00,2,3,13,A01
200600024880,0,07,000,00,2,3,01,B02
200600024881,0,07,000,00,2,1,13,A01
200600024881,0,17,000,00,2,3,01,B02
200600024882,0,07,000,00,2,3,01,A01
200600024882,0,31,000,00,2,1,15,B02
200600024883,0,07,000,00,2,8,01,A01
200600024883,0,07,000,00,2,2,01,B02
200600024884,0,30,000,13,0,1,01,A01
200600024885,0,10,000,00,0,7,19,A01
200600024885,0,07,000,00,2,1,00,B02
200600024886,0,33,000,00,2,4,15,A01
200600024886,0,07,000,00,2,3,01,B02
200600024887,0,07,000,00,2,1,01,B02
200600024887,0,16,000,00,2,2,19,A01
200600024888,0,07,000,00,0,9,01,A01
200600024889,0,07,000,00,2,3,05,A01
200600024889,0,07,000,03,2,8,21,B02
200600024889,0,07,000,03,2,3,21,C03
200600024890,0,33,000,13,0,1,01,A01
200600024891,1,31,000,00,2,1,01,A01
200600024891,0,31,000,00,0,8,01,B02
200600024892,0,07,000,02,0,1,14,A01
200600024893,0,02,000,00,2,1,02,A01
200600024893,0,07,000,00,0,3,02,B02
200600024894,0,07,000,13,0,8,01,A01
200600024895,0,07,000,00,0,5,15,A01
200600024895,0,33,000,00,2,1,01,B02
200600024896,0,07,000,00,2,3,17,A01
200600024896,0,07,000,00,0,3,15,B02
200600024897,0,07,000,00,2,3,01,B02
200600024897,0,07,000,00,2,2,19,A01
200600024898,0,33,000,00,0,0,01,A01
200600024899,0,33,000,00,0,0,00,A01
200600024900,0,33,000,00,0,0,01,A01
200600024901,0,33,000,00,2,2,01,B02
200600024901,0,07,000,00,2,1,15,A01
200600024902,0,14,000,00,1,3,01,A01
200600024903,0,07,000,00,2,1,15,A01
200600024903,0,02,000,00,2,1,01,B02
200600024904,0,07,000,00,0,0,01,A01
200600024905,0,07,000,13,0,1,13,A01
200600024906,0,07,000,00,9,7,10,A01
200600024906,0,33,000,00,2,0,01,B02
200600024907,0,07,000,06,0,3,01,A01
200600024908,0,07,000,00,2,2,01,A01
200600024908,0,02,000,00,2,1,01,B02
200600024909,0,14,000,06,0,3,01,A01
200600024910,0,07,000,00,2,1,01,A01
200600024910,0,07,000,00,2,5,13,B02
200600024911,0,10,000,00,1,4,04,A01
200600024912,0,33,000,06,0,7,01,A01
200600024913,0,07,000,00,2,1,01,A01
200600024913,0,07,000,00,2,1,00,B02
200600024914,0,07,000,00,2,3,13,A01
200600024914,0,07,000,00,2,3,01,B02
200600024915,0,07,000,00,1,1,01,A01
200600024916,0,07,000,00,2,3,15,A01
200600024916,0,33,000,00,2,1,01,B02
200600024917,0,31,000,06,0,1,01,A01
200600024918,0,07,000,00,1,4,04,A01