Num_Acc,senc,catv,occutc,obs,obsm,choc,manv,num_veh
200600025296,0,07,000,00,2,7,00,A01
200600025296,0,07,000,00,2,1,00,B01
200600025297,0,33,000,00,2,1,02,A01
200600025297,0,07,000,00,2,4,02,B01
200600025298,0,33,000,00,2,7,17,A01
200600025298,0,07,000,00,2,8,15,B01
200600025299,0,07,000,00,2,1,09,A01
200600025299,0,32,000,00,2,1,01,B01
200600025300,0,07,000,00,1,1,01,A01
200600025301,0,07,000,00,2,1,01,A01
200600025301,0,07,000,00,2,4,01,B01
200600025301,0,01,000,00,2,4,00,C01
200600025302,0,33,000,00,1,1,01,A01
200600025303,0,10,000,00,2,3,15,A01
200600025303,0,02,000,00,2,1,17,B01
200600025304,0,07,000,00,2,1,01,B01
200600025304,0,02,000,00,2,1,01,A01
200600025305,0,34,000,00,2,3,01,A01
200600025305,1,07,000,00,2,2,15,B01
200600025306,0,10,000,00,9,0,05,A01
200600025306,0,33,000,00,0,8,01,B01
200600025307,0,07,000,00,2,6,10,A01
200600025307,0,33,000,00,2,1,17,B01
200600025308,0,30,000,00,1,1,01,A01
200600025309,0,07,000,01,2,1,01,A01
200600025310,0,07,000,00,2,1,01,A01
200600025310,0,07,000,00,2,3,01,B01
200600025311,0,02,000,00,0,0,00,A01
200600025312,0,07,000,00,2,7,15,A01
200600025312,0,02,000,00,2,1,01,B01
200600025313,0,33,000,06,0,1,01,A01
200600025314,0,07,000,00,2,8,15,A01
200600025314,0,33,000,00,2,1,01,B01
200600025315,0,02,000,00,2,1,01,A01
200600025315,0,07,000,00,2,1,01,B01
200600025316,0,10,000,07,2,2,02,A01
200600025316,0,07,000,07,2,7,02,B01
200600025317,0,07,000,00,1,1,01,A01
200600025318,0,30,000,00,2,8,11,A01
200600025318,0,07,000,00,2,7,17,B01
200600025319,0,07,000,00,2,6,01,C01
200600025319,0,07,000,00,2,7,12,B01
200600025319,0,02,000,00,2,8,17,A01
200600025320,0,07,000,00,2,1,17,A01
200600025320,0,02,000,00,0,4,17,B01
200600025321,0,07,000,00,2,1,02,A01
200600025321,0,07,000,00,2,4,02,B01
200600025322,0,10,000,00,2,8,01,B01
200600025322,0,30,000,00,2,1,01,A01
200600025323,0,07,000,08,0,1,01,A01
200600025324,0,07,000,12,2,1,01,A01
200600025324,0,10,000,00,2,3,01,B01
200600025325,0,07,000,06,1,1,00,A01
200600025326,0,07,000,00,2,0,15,A01
200600025326,0,33,000,00,2,0,17,B01
200600025327,0,07,000,00,2,1,01,A01
200600025327,0,07,000,00,2,4,02,B01
200600025328,0,07,000,00,2,8,09,A01
200600025328,0,30,000,00,2,2,01,B01
200600025329,0,07,000,00,2,1,00,A01
200600025329,0,32,000,00,2,1,01,B01
200600025330,0,07,000,01,2,1,05,A01
200600025330,0,07,000,00,2,1,01,B01
200600025330,0,07,000,00,2,1,01,D01
200600025331,0,07,000,00,2,8,15,A01
200600025331,0,02,000,00,2,1,17,B01
200600025332,0,07,000,00,2,7,01,A01
200600025332,0,31,000,00,2,1,01,B01
200600025333,0,30,000,00,1,1,01,A01
200600025334,0,07,000,00,2,1,05,A01
200600025334,0,33,000,00,2,1,01,B01
200600025335,0,07,000,00,2,3,15,A01
200600025335,0,31,000,00,2,1,17,B01
200600025336,0,07,000,00,2,1,01,A01
200600025336,0,32,000,00,2,7,01,B01
200600025336,0,07,000,00,2,1,01,C01
200600025337,0,07,000,00,2,3,15,A01
200600025337,0,02,000,00,2,1,01,B01
200600025338,0,30,000,00,1,1,01,A01
200600025339,0,30,000,00,2,1,01,B01
200600025339,0,07,000,00,0,1,00,A01
200600025340,0,07,000,00,2,8,10,A01
200600025340,0,33,000,00,2,1,01,B01
200600025341,0,07,000,00,2,1,15,A01
200600025341,0,32,000,00,2,1,01,B01
200600025342,0,07,000,00,2,2,15,A01
200600025343,0,30,000,00,1,1,01,A01
200600025344,0,07,000,00,2,7,15,A01
200600025344,0,31,000,00,2,1,01,B01
200600025345,0,99,000,00,2,1,00,A01
200600025345,0,07,000,00,2,2,01,B01
200600025346,0,33,000,00,2,1,01,A01
200600025346,0,07,000,00,2,1,01,B01
200600025347,0,30,000,00,2,3,01,B01
200600025347,1,99,000,00,0,0,17,A01
200600025348,0,07,000,00,1,7,01,A01
200600025349,0,07,000,01,2,1,01,A01
200600025350,0,32,000,00,2,8,15,A01
200600025350,0,02,000,00,2,2,17,B01
200600025351,0,10,000,00,0,0,15,A01
200600025351,0,30,000,00,2,1,01,B01
200600025352,0,32,000,00,2,1,01,A01
200600025352,0,32,000,09,2,4,01,B01
200600025353,0,07,000,00,1,1,01,A01
200600025354,0,32,000,00,2,2,01,A01
200600025354,0,07,000,00,2,2,15,B01
200600025355,0,30,000,00,2,8,15,A01
200600025355,0,33,000,00,2,1,01,B01
200600025356,0,07,000,00,1,1,01,A01
200600025357,0,32,000,00,2,1,17,A01
200600025357,0,07,000,00,2,6,01,B01
200600025357,0,38,055,00,2,3,01,C01
200600025358,0,07,000,00,2,1,02,A01
200600025358,0,07,000,00,2,1,02,B01
200600025358,0,07,000,00,0,4,02,C01
200600025359,0,07,000,00,2,2,01,B01
200600025359,0,30,000,00,2,7,05,A01
200600025360,0,02,000,00,2,8,15,A01
200600025360,0,33,000,00,2,1,01,B01
200600025361,0,07,000,00,2,1,02,A01
200600025361,0,30,000,00,0,4,02,B01
200600025362,0,31,000,00,2,1,01,B01
200600025362,0,10,000,00,2,8,15,A01
200600025363,0,07,000,00,2,1,01,A01
200600025363,0,30,000,00,2,1,01,B01
200600025364,0,07,000,00,2,8,15,A01
200600025364,0,02,000,00,2,1,01,B01
200600025365,0,07,000,00,2,3,01,A01
200600025365,0,07,000,00,2,6,01,B01
200600025366,0,30,000,00,2,2,15,A01
200600025366,0,33,000,00,2,1,01,B01
200600025367,0,07,000,00,2,1,01,A01
200600025367,0,07,000,00,2,4,01,B01
200600025368,0,30,000,00,2,1,01,B01
200600025368,0,07,000,00,2,2,15,A01
200600025369,0,30,000,00,2,1,01,A01
200600025369,0,07,000,00,2,1,01,B01
200600025370,0,07,000,00,1,0,13,A01
200600025371,0,02,000,00,2,1,17,A01
200600025371,0,07,000,00,2,8,09,B01
200600025372,0,07,000,00,2,4,01,B01
200600025372,0,07,000,00,2,1,01,A01
200600025373,0,02,000,00,2,1,01,A01
200600025373,0,07,000,00,2,8,09,B01
200600025374,0,07,000,05,0,7,01,A01
200600025375,0,30,000,01,0,1,01,A01
200600025376,0,07,000,00,2,3,01,A01
200600025376,0,07,000,00,2,3,15,B01
200600025377,0,07,000,01,2,1,01,A01
200600025377,0,02,000,01,0,4,23,B01
200600025377,0,02,000,00,0,4,23,C01
200600025378,0,31,000,00,2,8,17,B01
200600025378,0,10,000,00,2,7,15,A01
200600025379,0,07,000,00,1,1,01,A01
200600025380,0,07,000,00,2,8,15,A01
200600025380,0,33,000,00,2,1,01,B01
200600025381,0,33,000,00,1,1,01,A01
200600025382,0,07,000,00,1,1,01,A01
200600025383,0,07,000,00,0,8,15,A01
200600025383,0,31,000,00,2,7,17,B01
200600025384,0,07,000,00,1,3,01,A01
200600025385,0,32,000,00,0,8,01,A01
200600025385,0,07,000,00,0,0,20,B01
200600025386,0,07,000,00,2,8,15,A01
200600025386,0,33,000,00,2,7,01,B01
200600025387,0,02,000,00,2,1,05,A01
200600025387,0,07,000,00,2,1,09,B01
200600025388,1,30,000,00,2,1,01,B01
200600025388,0,30,000,00,2,7,01,A01
200600025389,0,07,000,00,2,3,01,A01
200600025389,0,05,000,00,2,8,01,B01
200600025390,0,07,000,00,1,1,01,A01
200600025391,0,07,000,00,0,0,15,A01
200600025391,0,02,000,00,0,0,01,B01
200600025392,0,18,008,00,2,3,02,B01
200600025392,0,07,000,00,2,3,02,A01
200600025393,0,07,000,00,2,1,15,A01
200600025393,0,07,000,00,2,1,01,B01
200600025394,0,07,000,00,2,5,19,A01
200600025394,0,07,000,00,2,3,02,B01
200600025395,0,10,000,00,2,3,01,A01
200600025395,1,07,000,00,2,0,01,B01
200600025396,0,02,000,00,2,1,01,A01
200600025396,0,07,000,00,2,4,15,B01
200600025397,0,02,000,00,2,1,01,A01
200600025397,0,07,000,00,0,1,15,B01
200600025398,0,07,000,00,2,7,01,A01
200600025398,0,32,000,00,2,1,01,B01
200600025399,0,07,000,00,2,0,15,A01
200600025399,0,34,000,00,2,1,01,B01
200600025400,0,02,000,00,1,1,01,A01
200600025400,0,07,000,00,2,4,15,B01
200600025401,0,14,000,00,0,0,01,A01
200600025401,0,10,000,00,2,4,01,B01
200600025402,0,07,000,00,2,0,00,A01
200600025402,0,07,000,00,2,3,01,B01
200600025403,0,07,000,00,1,1,01,A01
200600025404,0,07,000,00,2,1,16,B01
200600025404,0,05,000,00,2,3,01,A01
200600025405,0,07,000,00,2,6,13,A01
200600025405,0,02,000,00,2,1,02,B01
200600025406,0,04,000,00,2,7,14,A01
200600025406,0,07,000,00,0,0,01,B01
200600025407,0,07,000,00,1,1,15,A01
200600025408,0,30,000,00,2,1,02,B01
200600025408,0,07,000,00,2,3,02,A01
200600025409,0,07,000,00,1,1,01,A01
200600025410,0,05,000,00,2,1,01,A01
200600025410,0,07,000,00,2,3,09,B01
200600025411,0,04,000,00,2,8,01,A01
200600025411,0,07,000,00,2,1,23,B01
200600025412,0,07,000,00,2,5,15,A01
200600025412,0,02,000,00,2,1,01,B01
200600025413,0,05,000,00,2,1,17,A01
200600025413,0,07,000,00,2,3,15,B01
200600025414,0,07,000,00,2,1,15,A01
200600025414,0,05,000,00,2,1,01,B01
200600025415,0,07,000,00,2,1,15,A01
200600025415,0,05,000,06,2,1,17,B01
200600025416,0,07,000,00,1,4,04,A01
200600025417,0,07,000,00,2,2,15,A01
200600025417,0,02,000,00,2,9,01,B01
200600025418,0,07,000,00,2,2,15,A01
200600025418,0,01,000,00,2,1,01,B01
200600025419,0,05,000,08,2,0,21,A01
200600025419,1,07,000,00,2,0,18,B01
200600025420,0,07,000,00,2,2,15,A01
200600025420,0,05,000,00,2,1,01,B01
200600025421,0,07,000,00,2,4,09,A01
200600025421,0,07,000,00,2,2,01,B01
200600025421,0,07,000,00,2,1,01,C01
200600025422,0,07,000,00,0,2,00,A01
200600025423,0,02,000,01,0,1,01,A01
200600025423,0,07,000,00,2,3,22,B01
200600025424,0,07,000,01,0,1,13,A01
200600025425,0,02,000,01,0,1,00,A01
200600025426,0,07,000,00,2,3,01,A01
200600025426,0,07,000,00,2,1,01,B01
200600025427,0,13,000,08,0,0,01,A01
200600025427,0,07,000,00,0,1,01,B01
200600025427,0,07,000,00,0,1,01,C01
200600025428,0,13,000,00,2,8,11,A01
200600025428,0,33,000,00,2,7,01,B01
200600025429,0,07,000,00,2,1,15,A01
200600025429,0,02,000,00,2,1,01,B01
200600025430,0,02,000,01,0,1,01,A01
200600025430,0,10,000,00,2,4,23,B01
200600025431,0,07,000,00,1,3,15,A01
200600025431,0,18,002,00,2,5,07,B01
200600025432,0,02,000,00,1,1,01,A01
200600025433,0,02,000,00,1,0,01,A01
200600025434,0,33,000,00,2,2,01,A01
200600025434,0,07,000,00,2,3,01,B01
200600025435,0,10,000,00,2,4,00,A01
200600025435,0,33,000,00,2,1,01,B01
200600025436,0,01,000,00,2,0,02,A01
200600025436,1,02,000,00,2,0,00,B01
200600025437,0,07,000,00,1,1,01,A01
200600025438,0,07,000,00,2,3,09,A01
200600025438,0,99,000,00,2,1,02,B01
200600025439,0,02,000,00,2,1,01,A01
200600025439,0,10,000,00,2,6,01,B01
200600025440,0,05,000,00,2,1,01,B01
200600025440,0,07,000,00,2,2,15,A01
200600025441,0,07,000,09,2,1,05,A01
200600025441,0,07,000,00,2,2,24,B01
200600025442,0,07,000,00,2,3,09,A01
200600025442,0,05,000,00,2,1,01,B01
200600025443,0,07,000,00,2,2,12,A01
200600025443,0,30,000,00,2,1,01,B01
200600025444,0,07,000,00,2,8,02,B01
200600025444,0,07,000,00,2,2,02,A01
200600025445,0,07,000,00,1,1,01,A01
200600025446,0,07,000,00,1,1,01,A01
200600025447,0,02,000,00,2,7,01,A01
200600025447,0,07,000,00,2,8,20,B01
200600025448,0,05,000,00,2,1,01,A01
200600025448,0,07,000,00,2,5,01,B01
200600025449,0,07,000,00,2,1,15,A01
200600025449,0,02,000,00,2,7,02,B01
200600025450,2,05,000,00,2,0,00,A01
200600025450,0,05,000,00,2,1,02,B01
200600025451,0,07,000,00,2,3,01,A01
200600025451,0,07,000,00,2,3,13,B01
200600025452,0,07,000,00,0,1,11,A01
200600025453,0,18,001,00,1,3,02,A01
200600025454,0,13,000,00,2,2,00,A01
200600025454,0,07,000,00,2,6,00,B01
200600025455,0,07,000,00,2,2,10,A01
200600025455,0,02,000,00,2,1,00,B01
200600025456,0,07,000,00,2,1,15,A01
200600025456,0,32,000,00,2,7,01,B01
200600025457,0,07,000,00,2,1,01,A01
200600025457,0,07,000,01,0,4,20,B01
200600025458,0,33,000,00,2,8,00,A01
200600025458,0,07,000,00,2,3,02,B01
200600025459,0,07,000,00,2,5,10,A01
200600025459,0,33,000,00,2,1,01,B01
200600025460,0,05,000,00,0,0,01,A01
200600025460,0,14,000,00,0,0,04,B01
200600025461,0,99,000,00,1,1,02,A01
200600025462,0,07,000,08,0,1,14,A01
200600025463,0,02,000,00,2,2,15,A01
200600025463,0,07,000,00,2,8,01,B01
200600025464,0,07,000,00,2,1,00,B01
200600025464,0,07,000,00,2,1,00,A01
200600025465,2,07,000,00,2,1,01,A01
200600025465,0,10,000,00,2,1,00,B01
200600025466,0,01,000,00,2,1,01,A01
200600025466,0,07,000,00,0,8,01,B01
200600025467,0,01,000,00,2,1,02,A01
200600025467,0,07,000,00,2,7,02,B01
200600025468,0,07,000,00,2,8,00,A01
200600025468,0,10,000,00,2,8,00,B01
200600025469,0,10,000,00,2,3,09,A01
200600025469,0,02,000,00,2,1,03,B01
200600025470,0,02,000,00,2,0,13,A01
200600025470,0,32,000,00,2,7,17,B01
200600025471,0,10,000,00,2,7,01,A01
200600025471,0,32,000,00,2,1,01,B01
200600025472,0,07,000,00,2,8,01,A01
200600025472,0,02,000,00,2,1,01,B01
200600025473,0,07,000,00,2,2,01,B01
200600025473,0,32,000,00,2,1,01,A01
200600025474,0,02,000,00,0,0,02,A01
200600025474,1,02,000,00,0,0,02,B01
200600025475,0,07,000,00,2,3,15,A01
200600025475,0,33,000,00,2,1,02,B01
200600025476,0,02,000,00,1,0,00,A01
200600025477,0,07,000,00,2,1,10,A01
200600025477,0,33,000,00,2,0,01,B01
200600025477,0,07,000,00,2,0,01,C01
200600025478,0,02,000,00,2,1,16,A01
200600025478,0,07,000,00,2,2,16,B01
200600025479,0,07,000,00,2,1,01,A01
200600025479,0,31,000,00,2,3,01,B01
200600025479,0,07,000,00,2,4,23,C01
200600025480,0,07,000,00,2,2,00,A01
200600025480,0,37,025,00,2,3,01,B01
200600025481,0,07,000,00,2,1,13,A01
200600025481,0,07,000,00,2,1,02,B01
200600025482,0,05,000,00,2,1,17,A01
200600025482,0,05,000,00,2,4,00,B01
200600025483,0,32,000,00,2,1,01,A01
200600025483,0,32,000,00,2,1,01,B01
200600025483,0,07,000,00,2,4,01,C01
200600025484,0,07,000,00,1,0,01,A01
200600025485,0,02,000,00,2,1,01,A01
200600025485,0,02,000,00,2,2,01,B01
200600025486,0,07,000,00,1,1,01,A01
200600025487,0,07,000,00,2,3,15,A01
200600025487,0,31,000,00,2,7,01,B01
200600025488,0,31,000,00,2,2,16,A01
200600025488,0,10,000,00,2,3,07,B01
200600025489,0,07,000,00,2,2,01,B01
200600025489,0,07,000,00,2,2,01,A01
200600025490,0,30,000,01,0,1,14,A01
200600025491,0,33,000,00,2,1,01,A01
200600025491,0,07,000,00,2,3,01,B01
200600025492,0,07,000,14,0,1,02,A01
200600025492,0,07,000,00,0,4,02,B01
200600025493,0,33,000,00,2,2,02,A01
200600025493,0,07,000,00,2,6,23,B01
200600025494,0,07,000,00,2,1,15,A01
200600025494,0,32,000,00,2,2,01,B01
200600025495,0,07,000,00,2,2,01,B01
200600025495,0,02,000,00,2,1,01,A01
200600025496,0,02,000,00,2,5,19,A01
200600025496,0,37,005,00,2,2,01,B01
200600025497,0,33,000,01,2,1,02,B01
200600025497,0,07,000,00,2,1,09,A01
200600025498,0,32,000,00,2,1,17,A01
200600025498,0,07,000,00,2,1,01,B01
200600025499,0,07,000,00,2,3,11,A01
200600025499,0,33,000,02,2,1,01,B01
200600025500,0,07,000,14,0,1,02,A01
200600025500,0,07,000,00,0,4,02,B01
200600025501,0,07,000,00,2,3,02,B01
200600025501,0,07,000,00,2,1,09,A01
200600025502,0,02,000,00,2,0,00,A01
200600025502,0,07,000,00,2,5,01,B01
200600025503,0,07,000,00,2,2,14,A01
200600025503,0,01,000,00,2,0,01,B01
200600025504,0,30,000,08,0,8,01,A01
200600025505,0,07,000,00,1,1,01,A01
200600025506,0,32,000,00,2,1,01,A01
200600025506,0,07,000,00,2,3,15,B01
200600025507,0,32,000,00,2,1,02,A01
200600025507,0,07,000,00,2,4,23,B01
200600025508,0,10,000,03,0,8,01,A01
200600025509,0,07,000,00,1,1,01,A01
200600025510,0,07,000,00,1,0,01,A01
200600025511,0,32,000,00,2,1,02,A01
200600025511,0,07,000,00,2,6,02,B01
200600025512,2,07,000,00,2,0,16,A01
200600025513,0,07,000,08,0,1,01,A01
200600025513,0,07,000,00,2,8,05,B01
200600025514,0,07,000,01,0,1,09,A01
200600025515,0,07,000,00,2,3,15,A01
200600025515,0,02,000,00,2,1,19,B01
200600025516,0,07,000,00,1,3,01,A01
200600025517,0,33,000,00,1,2,01,A01
200600025518,0,01,000,00,2,1,09,A01
200600025518,0,01,000,00,2,0,02,B01
200600025519,0,07,000,00,2,1,01,A01
200600025519,0,07,000,00,2,4,01,B01
200600025520,0,02,000,00,2,1,02,A01
200600025520,0,07,000,00,2,4,23,B01
200600025521,0,31,000,01,2,1,01,A01
200600025521,0,07,000,00,2,4,11,B01
200600025522,0,07,000,00,2,1,15,A01
200600025522,0,02,000,00,2,1,01,B01
200600025523,0,07,000,00,1,1,01,A01
200600025524,0,32,000,00,2,1,01,A01
200600025524,0,10,000,00,0,0,00,B01
200600025525,0,01,000,00,2,4,11,A01
200600025525,0,07,000,00,2,1,02,B01
200600025526,0,02,000,00,2,1,01,A01
200600025526,0,07,000,00,2,3,01,B01
200600025527,0,07,000,01,2,2,02,A01
200600025527,0,07,000,00,2,2,20,B01
200600025528,0,07,000,00,2,3,01,B01
200600025528,0,02,000,00,2,0,01,A01
200600025529,0,07,000,00,2,8,01,A01
200600025529,0,07,000,00,2,7,14,B01
200600025530,0,07,000,00,2,3,15,A01
200600025530,0,33,000,00,2,1,17,B01
200600025531,0,10,000,01,2,1,05,A01
200600025531,0,07,000,00,2,1,02,B01
200600025532,0,07,000,00,2,5,09,A01
200600025532,0,33,000,00,2,8,09,B01
200600025533,0,07,000,00,1,5,04,A01
200600025534,0,07,000,00,2,1,15,A01
200600025534,0,05,000,00,2,1,02,B01
200600025535,0,32,000,00,2,1,01,A01
200600025535,0,07,000,00,2,3,23,C01
200600025535,0,07,000,00,2,1,09,B01
200600025536,0,30,000,00,0,0,00,A01
200600025537,0,02,000,00,0,0,00,A01
200600025538,0,34,000,00,0,2,00,A01
200600025539,0,07,000,00,2,3,15,B01
200600025539,0,02,000,00,2,1,01,A01
200600025540,0,07,000,00,2,1,01,A01
200600025540,0,07,000,00,2,4,02,B01
200600025540,0,07,000,00,2,4,01,C01
200600025541,0,07,000,00,2,7,12,A01
200600025541,0,02,000,00,2,8,03,B01
200600025542,0,07,000,00,1,3,01,A01
200600025543,0,07,000,00,1,4,04,A01
200600025544,0,07,000,13,2,7,13,A01
200600025544,0,07,000,00,2,3,01,B01
200600025545,2,07,000,02,0,7,01,A01
200600025546,0,07,000,00,9,1,15,A01
200600025546,0,30,000,00,2,1,01,B01
200600025547,0,07,000,00,1,7,01,A01
200600025548,0,07,000,00,1,1,01,A01
200600025549,0,17,000,00,0,0,01,A01
200600025549,0,30,000,00,9,1,01,B01
200600025550,0,07,000,12,0,3,15,A01
200600025551,0,07,000,00,0,5,15,B01
200600025551,0,31,000,00,2,3,01,A01
200600025552,0,02,000,00,2,1,01,B01
200600025552,0,07,000,00,0,3,01,A01
200600025553,0,01,000,00,0,4,01,B01
200600025553,0,31,000,00,2,8,01,A01
200600025554,0,10,000,00,2,4,04,A01
200600025554,0,33,000,00,0,1,23,B01
200600025555,0,33,000,00,5,1,01,A01
200600025556,0,01,000,00,2,1,01,A01
200600025556,0,10,000,00,0,0,01,B01
200600025557,0,07,000,00,0,3,01,B01
200600025557,0,30,000,00,2,1,15,A01
200600025558,0,07,000,00,0,3,01,C01
200600025558,0,07,000,02,2,1,13,A01
200600025559,0,33,000,00,0,1,01,B01
200600025559,0,07,000,00,2,1,15,A01
200600025560,0,07,000,00,2,5,11,A01
200600025560,0,02,000,00,2,1,15,B01
200600025561,0,05,000,00,2,7,01,B01
200600025561,1,07,000,00,2,1,00,A01
200600025562,0,01,000,00,2,7,15,A01
200600025562,0,07,000,00,2,1,01,B01
200600025563,0,07,000,00,2,5,03,A01
200600025563,0,07,000,00,2,5,02,B01
200600025564,0,02,000,08,0,2,18,A01
200600025565,0,07,000,00,2,3,01,A01
200600025565,0,07,000,00,2,3,13,B01
200600025565,0,07,000,00,9,1,01,C01
200600025566,0,07,000,00,1,4,04,A01
200600025567,0,02,000,00,2,1,01,A01
200600025567,0,07,000,00,2,3,15,B01
200600025568,0,07,000,00,2,1,02,A01
200600025568,0,07,000,00,2,4,02,B01
200600025568,0,07,000,00,0,4,02,C01
200600025569,0,07,000,00,2,4,02,A01
200600025569,0,04,000,00,2,4,02,B01
200600025570,0,05,000,00,2,1,17,A01
200600025570,0,07,000,00,2,3,01,B01
200600025571,0,07,000,00,2,3,23,B01
200600025571,0,07,000,00,2,3,13,A01
200600025572,0,07,000,00,2,1,05,A01
200600025572,0,07,000,00,2,1,01,B01
200600025572,0,07,000,00,2,1,01,C01
200600025573,0,14,000,00,2,1,02,A01
200600025573,0,07,000,00,0,4,23,B01
200600025574,0,07,000,02,0,1,01,A01
200600025575,0,02,000,00,1,1,17,A01
200600025576,0,07,000,00,1,7,01,A01
200600025577,0,07,000,00,2,3,01,C01
200600025577,0,07,000,00,2,4,23,B01
200600025577,0,07,000,00,2,1,02,A01
200600025578,0,03,000,00,2,3,01,B01
200600025578,0,07,000,00,2,3,00,A01
200600025579,0,07,000,00,1,2,01,A01
200600025580,0,05,000,00,1,1,01,A01
200600025581,0,07,000,00,1,0,00,A01
200600025582,0,15,000,00,2,0,16,A01
200600025582,0,10,000,00,9,1,01,B01
200600025583,0,07,000,08,2,1,01,A01
200600025584,0,07,000,01,2,1,05,A01
200600025584,0,07,000,00,2,1,01,B01
200600025584,0,07,000,00,2,4,01,D01
200600025585,0,07,000,00,0,1,01,A01
200600025586,0,07,000,00,2,2,15,A01
200600025586,0,33,000,00,2,1,01,B01
200600025587,0,07,000,00,2,3,15,A01
200600025587,0,05,000,00,2,1,01,B01
200600025588,0,07,000,00,1,0,01,A01
200600025589,0,10,000,00,2,1,15,A01
200600025589,0,05,000,00,2,1,01,B01
200600025590,0,07,000,00,2,2,15,A01
200600025590,0,05,000,00,2,8,01,B01
200600025591,0,07,000,00,9,7,16,A01
200600025591,0,01,000,00,2,1,01,B01
200600025592,0,07,000,00,2,1,01,A01
200600025592,0,07,000,00,0,4,23,B01
200600025593,0,05,000,00,2,8,01,B01
200600025593,0,07,000,00,2,2,01,A01
200600025594,0,07,000,00,2,8,15,B01
200600025594,0,02,000,00,2,1,01,A01
200600025595,0,07,000,02,0,1,01,A01
200600025596,0,07,000,00,2,4,23,B01
200600025596,0,07,000,00,2,1,01,A01
200600025597,0,07,000,15,0,0,06,A01
200600025598,0,07,000,00,2,8,09,A01
200600025598,0,07,000,00,2,2,01,B01
200600025599,0,01,000,00,2,1,01,A01
200600025599,0,07,000,00,9,3,01,B01
200600025600,0,07,000,00,2,3,19,A01
200600025600,0,07,000,00,2,1,02,B01
200600025601,0,07,000,08,0,2,02,A01
200600025602,0,14,000,00,2,1,01,B01
200600025602,0,14,000,00,2,6,09,A01
200600025603,0,07,000,00,0,0,02,B01
200600025603,0,17,000,00,2,0,02,A01
200600025604,0,04,000,00,2,7,01,B01
200600025604,0,10,000,00,2,1,09,A01
200600025605,0,01,000,00,2,2,01,B01
200600025605,0,05,000,00,2,3,09,A01
200600025606,0,07,000,06,0,2,01,A01
200600025607,0,07,000,00,0,7,01,B01
200600025607,0,07,000,00,2,1,00,A01
200600025608,0,13,000,00,0,1,02,A01
200600025608,0,07,000,00,0,4,00,B01
200600025609,0,07,000,00,2,7,01,B01
200600025609,1,07,000,00,2,1,00,A01
200600025610,0,07,000,00,2,3,01,A01
200600025610,1,14,000,00,0,0,00,B01
200600025611,0,05,000,00,2,1,01,B01
200600025611,0,07,000,00,2,5,15,A01
200600025612,1,07,000,00,0,0,00,A01
200600025612,0,07,000,00,2,4,23,B01
200600025612,0,07,000,00,2,1,23,C01
200600025613,0,05,000,00,1,0,02,A01
200600025614,0,07,000,00,2,1,11,A01
200600025614,0,02,000,00,2,0,00,B01
200600025615,0,04,000,00,2,4,00,B01
200600025615,0,07,000,00,2,1,00,A01
200600025616,0,05,000,00,2,1,01,B01
200600025616,0,07,000,00,2,3,15,A01
200600025617,0,07,000,00,0,6,15,B01
200600025617,0,07,000,00,0,2,18,A01
200600025618,1,07,000,00,2,1,01,A01
200600025618,0,07,000,00,2,4,02,B01
200600025619,0,05,000,00,2,3,00,B01
200600025619,0,07,000,00,2,8,15,A01
200600025620,0,02,000,00,2,7,02,A01
200600025621,1,07,000,00,2,1,00,A01
200600025621,0,07,000,00,2,4,00,B01
200600025622,0,07,000,00,1,1,00,A01
200600025623,1,07,000,00,0,0,00,A01
200600025624,0,04,000,08,1,1,01,A01
200600025625,0,07,000,00,2,5,15,A01
200600025625,0,05,000,00,2,1,01,B01
200600025626,0,05,000,00,2,1,01,B01
200600025626,0,07,000,00,9,1,01,A01
200600025627,0,07,000,00,2,1,01,A01
200600025627,0,05,000,00,2,4,01,B01
200600025628,0,07,000,00,0,3,02,A01
200600025628,0,07,000,00,2,3,15,B01
200600025628,0,03,000,00,2,8,01,C01
200600025629,1,04,000,01,0,0,00,A01
200600025630,0,07,000,00,2,1,02,B01
200600025630,0,07,000,00,2,3,09,A01
200600025631,0,05,000,00,2,1,01,B01
200600025631,0,07,000,00,2,3,09,A01
200600025632,0,04,000,00,2,1,00,A01
200600025632,0,07,000,00,2,8,00,B01
200600025633,0,07,000,00,1,3,06,A01
200600025634,0,18,000,01,0,7,07,A01
200600025635,0,02,000,00,2,1,23,B01
200600025635,1,07,000,00,2,1,16,A01
200600025636,0,05,000,00,2,1,17,B01
200600025636,0,07,000,00,2,3,19,A01
200600025637,0,07,000,00,2,2,00,A01
200600025637,0,02,000,00,0,8,02,B01
200600025638,0,07,000,00,0,0,15,A01
200600025638,0,04,000,00,0,0,01,B01
200600025639,0,07,000,00,2,1,01,A01
200600025639,0,07,000,00,2,5,01,B01
200600025640,1,07,000,00,0,1,00,A01
200600025641,0,07,000,00,2,3,09,A01
200600025641,0,05,000,00,2,2,17,B01
200600025642,0,18,001,00,0,2,01,B01
200600025642,0,07,000,00,2,3,20,A01
200600025643,0,02,000,00,1,1,01,A01
200600025644,0,07,000,00,0,0,00,B01
200600025644,0,07,000,00,2,0,09,A01
200600025645,0,07,000,00,2,8,00,B01
200600025645,0,07,000,00,2,1,05,A01
200600025645,0,07,000,00,2,3,01,C01
200600025646,1,07,000,00,2,0,10,A01
200600025646,0,04,000,00,2,3,01,B01