Num_Acc,senc,catv,occutc,obs,obsm,choc,manv,num_veh
200600025647,0,04,000,00,0,0,00,A01
200600025648,0,05,000,00,0,8,01,A01
200600025649,0,07,000,00,0,1,02,B01
200600025649,0,07,000,00,0,4,23,A01
200600025650,0,07,000,00,2,1,01,A01
200600025650,0,07,000,00,2,4,02,B01
200600025651,0,07,000,13,0,1,14,A01
200600025652,0,07,000,00,2,7,15,A01
200600025652,0,02,000,00,2,1,01,B01
200600025653,0,07,000,00,1,1,15,A01
200600025654,0,07,000,00,2,2,01,A01
200600025654,0,07,000,00,2,3,02,B01
200600025655,0,07,000,00,0,1,00,A01
200600025655,0,04,000,00,2,1,00,B01
200600025656,0,05,000,00,0,7,01,A01
200600025657,0,07,000,01,2,4,00,B01
200600025657,0,07,000,01,2,4,00,C01
200600025657,0,04,000,00,2,1,00,D01
200600025658,0,07,000,08,0,1,02,A01
200600025659,0,07,000,00,2,2,00,A01
200600025659,0,04,000,00,2,8,00,B01
200600025660,0,07,000,00,2,1,02,A01
200600025660,0,07,000,00,2,4,02,B01
200600025661,0,07,000,00,2,1,16,A01
200600025661,0,07,000,00,2,1,01,B01
200600025662,0,07,000,00,2,2,00,B01
200600025662,0,13,000,00,2,0,00,C01
200600025662,0,04,000,00,2,1,03,A01
200600025663,0,04,000,00,0,5,02,A01
200600025663,0,07,000,00,0,5,01,B01
200600025664,0,04,000,00,2,0,15,B01
200600025664,0,07,000,00,2,3,15,A01
200600025665,0,02,000,00,2,1,17,B01
200600025665,0,07,000,00,2,3,19,A01
200600025666,0,07,000,00,2,1,02,A01
200600025666,0,07,000,00,2,4,02,B01
200600025667,0,07,000,00,2,3,01,B01
200600025667,0,07,000,00,2,3,01,A01
200600025668,0,07,000,00,2,1,01,B01
200600025668,0,07,000,00,2,3,09,A01
200600025669,1,02,000,00,1,0,00,A01
200600025670,0,07,000,00,2,1,01,A01
200600025670,0,07,000,00,2,6,15,B01
200600025671,0,07,000,00,2,3,15,B01
200600025671,0,07,000,00,2,1,00,A01
200600025672,0,07,000,00,0,0,00,A01
200600025672,0,07,000,00,0,0,00,B01
200600025673,0,05,000,00,0,7,01,A01
200600025674,0,07,000,00,2,4,02,B01
200600025674,0,07,000,00,2,1,02,A01
200600025675,1,07,000,00,0,0,00,A01
200600025675,0,07,000,00,2,4,00,B01
200600025676,0,07,000,00,2,1,15,A01
200600025676,0,05,000,00,2,1,01,B01
200600025677,0,07,000,08,0,1,01,A01
200600025678,0,02,000,00,2,1,01,B01
200600025678,0,07,000,00,2,6,10,A01
200600025679,0,05,000,00,2,8,21,B01
200600025679,0,07,000,00,2,1,20,A01
200600025680,0,05,000,00,5,1,01,A01
200600025681,0,03,000,00,2,1,01,B01
200600025681,0,07,000,00,2,2,01,A01
200600025682,0,07,000,00,2,6,24,C01
200600025682,0,07,000,01,2,5,13,B01
200600025682,0,13,000,00,2,2,01,A01
200600025683,0,07,000,00,0,3,00,B01
200600025683,0,07,000,00,0,8,00,A01
200600025684,0,07,000,01,0,2,14,B01
200600025684,0,18,001,00,2,7,16,A01
200600025684,0,07,000,00,0,3,00,C01
200600025685,0,07,000,00,1,2,01,A01
200600025686,0,07,000,00,2,3,09,B01
200600025686,0,05,000,00,2,1,01,A01
200600025687,0,07,000,00,2,2,00,A01
200600025687,0,04,000,00,2,1,00,B01
200600025688,0,07,000,08,0,1,00,A01
200600025689,1,07,000,00,0,1,00,A01
200600025690,0,07,000,00,2,1,00,A01
200600025690,0,07,000,01,2,2,00,B01
200600025691,0,07,000,15,0,1,14,A01
200600025692,0,05,000,00,2,1,21,B01
200600025692,0,07,000,00,2,6,15,A01
200600025693,0,07,000,00,2,4,02,C01
200600025693,0,07,000,00,2,4,02,B01
200600025693,0,07,000,00,2,1,02,A01
200600025694,0,02,000,00,2,1,02,B01
200600025694,0,07,000,00,2,1,17,A01
200600025695,0,04,000,00,2,1,00,B01
200600025695,0,07,000,00,2,2,00,A01
200600025696,0,07,000,00,2,1,17,A01
200600025696,0,05,000,00,2,1,01,B01
200600025697,0,07,000,00,1,1,01,A01
200600025698,0,02,000,00,2,1,02,A01
200600025698,0,07,000,00,2,4,11,B01
200600025699,0,02,000,00,2,8,17,A01
200600025699,0,07,000,00,0,7,16,B01
200600025700,0,04,000,00,2,7,01,B01
200600025700,0,07,000,00,2,1,00,A01
200600025701,0,02,000,00,2,1,01,A01
200600025701,0,07,000,00,0,6,16,B01
200600025702,0,07,000,00,2,0,01,B01
200600025702,0,07,000,00,2,0,05,A01
200600025703,0,07,000,00,2,3,01,A01
200600025703,0,07,000,00,2,3,09,B01
200600025704,0,07,000,00,1,4,04,A01
200600025705,0,05,000,01,2,1,02,B01
200600025705,0,07,000,00,2,3,09,A01
200600025706,1,07,000,00,0,0,00,A01
200600025706,0,02,000,00,2,0,01,B01
200600025707,0,07,000,00,2,4,01,B01
200600025707,0,07,000,00,2,1,01,A01
200600025708,0,01,000,00,2,1,01,B01
200600025708,0,07,000,00,2,1,01,A01
200600025709,0,07,000,00,2,1,02,C01
200600025709,0,07,000,00,2,4,02,A01
200600025709,0,07,000,01,2,4,02,B01
200600025710,0,04,000,00,0,0,02,A01
200600025711,0,04,000,00,2,1,01,B01
200600025711,0,07,000,00,2,2,00,A01
200600025712,0,07,000,00,2,7,19,A01
200600025712,0,04,000,00,2,2,01,B01
200600025713,0,07,000,00,2,3,15,A01
200600025713,0,05,000,00,0,0,01,B01
200600025714,1,07,000,00,0,1,00,A01
200600025715,0,04,000,00,2,7,01,A01
200600025715,0,07,000,00,2,1,01,B01
200600025716,0,05,000,00,2,7,17,B01
200600025716,0,07,000,00,2,1,15,A01
200600025717,0,07,000,00,2,4,23,B01
200600025717,0,07,000,00,2,1,02,A01
200600025718,1,07,000,00,0,5,02,A01
200600025718,0,07,000,00,0,5,23,B01
200600025719,0,07,000,00,2,2,01,B01
200600025719,0,07,000,00,2,8,01,C01
200600025719,0,07,000,00,2,1,01,A01
200600025720,0,05,000,00,2,1,01,B01
200600025720,0,07,000,00,2,3,09,A01
200600025721,0,07,000,00,0,4,00,B01
200600025721,0,07,000,00,2,1,00,A01
200600025722,0,04,000,00,0,1,00,B01
200600025722,0,07,000,00,0,3,00,A01
200600025723,0,07,000,00,1,1,00,A01
200600025724,0,05,000,00,2,1,17,B01
200600025724,0,07,000,00,9,3,15,A01
200600025725,0,07,000,00,1,4,04,A01
200600025726,0,07,000,02,0,1,01,A01
200600025727,0,07,000,00,1,1,01,A01
200600025728,0,07,000,00,2,2,02,B01
200600025728,0,04,000,00,2,1,02,A01
200600025729,0,04,000,01,0,0,00,B01
200600025729,0,07,000,00,0,0,22,A01
200600025730,0,07,000,00,2,1,01,B01
200600025730,0,03,000,07,2,2,15,A01
200600025731,0,07,000,00,0,3,11,A01
200600025731,0,04,000,00,0,1,01,B01
200600025732,0,07,000,08,0,4,02,A01
200600025732,0,07,000,08,0,4,02,B01
200600025733,0,07,000,00,2,2,15,B01
200600025733,0,01,000,00,2,1,01,A01
200600025734,0,04,000,00,0,4,23,B01
200600025734,0,07,000,00,9,1,02,A01
200600025735,1,07,000,00,0,0,00,A01
200600025735,0,02,000,00,2,4,02,B01
200600025736,0,04,000,00,2,3,01,B01
200600025736,0,13,000,00,2,6,15,A01
200600025737,0,07,000,00,2,2,15,A01
200600025737,0,07,000,00,2,7,01,B01
200600025738,0,07,000,00,2,2,01,B01
200600025738,0,04,000,00,2,1,05,A01
200600025739,0,05,000,00,2,1,02,B01
200600025739,0,07,000,00,2,8,15,A01
200600025740,0,18,021,00,2,2,02,A01
200600025740,0,07,000,00,2,6,02,B01
200600025741,0,02,000,00,0,0,00,A01
200600025742,0,07,000,00,0,2,01,B01
200600025742,0,07,000,00,0,3,09,A01
200600025743,0,02,000,01,0,1,14,A01
200600025743,0,07,000,00,0,8,22,B01
200600025744,0,05,000,00,2,1,01,B01
200600025744,2,07,000,00,2,2,15,A01
200600025745,0,05,000,00,0,1,00,B01
200600025745,0,07,000,00,0,2,09,A01
200600025746,0,01,000,00,2,1,19,A01
200600025746,0,07,000,00,2,3,15,B01
200600025747,0,07,000,01,0,1,01,A01
200600025748,0,05,000,08,2,1,01,A01
200600025748,0,01,000,00,2,4,01,B01
200600025749,0,07,000,00,0,6,00,B01
200600025749,0,07,000,00,2,2,00,A01
200600025750,0,07,000,00,2,1,09,A01
200600025750,0,05,000,00,2,7,01,B01
200600025751,0,04,000,00,2,1,17,B01
200600025752,0,07,000,00,2,3,01,B01
200600025752,0,07,000,00,2,2,01,A01
200600025753,0,05,000,00,2,1,01,B01
200600025753,0,07,000,00,2,3,09,A01
200600025754,0,07,000,00,2,3,15,A01
200600025754,0,04,000,00,2,1,17,B01
200600025755,0,07,000,00,1,2,01,A01
200600025756,0,13,000,00,2,6,23,B01
200600025756,0,07,000,00,2,1,01,A01
200600025757,0,02,000,00,2,1,01,A01
200600025757,0,07,000,00,2,3,19,B01
200600025758,0,05,000,00,2,1,05,A01
200600025758,0,07,000,00,9,3,15,B01
200600025759,0,05,000,00,2,8,00,B01
200600025759,0,07,000,00,2,1,00,A01
200600025760,0,05,000,00,2,6,02,B01
200600025760,0,05,000,00,2,1,13,A01
200600025761,0,05,000,16,0,8,21,A01
200600025761,0,07,000,00,0,0,15,B01
200600025762,0,07,000,00,2,2,15,A01
200600025762,0,05,000,00,2,2,01,B01
200600025763,0,07,000,01,2,8,16,A01
200600025763,0,07,000,00,2,2,01,B01
200600025764,0,07,000,00,9,8,02,B01
200600025764,0,02,000,00,2,7,02,A01
200600025765,0,02,000,00,0,0,00,B01
200600025765,0,07,000,00,0,0,00,A01
200600025766,0,07,000,00,0,0,00,A01
200600025766,0,04,000,00,2,1,05,B01
200600025767,0,07,000,00,1,4,20,A01
200600025768,0,07,000,00,2,1,06,A01
200600025768,0,07,000,00,2,1,01,B01
200600025769,0,07,000,00,2,8,00,A01
200600025769,0,05,000,00,2,8,00,B01
200600025770,0,05,000,00,0,8,00,A01
200600025771,0,04,000,00,2,1,01,A01
200600025771,0,07,000,00,9,1,15,B01
200600025772,0,02,000,00,1,2,00,A01
200600025773,1,07,000,00,0,8,13,A01
200600025773,0,04,000,00,0,7,17,B01
200600025774,0,07,000,08,0,1,00,A01
200600025775,0,02,000,12,0,7,00,A01
200600025776,0,07,000,03,0,1,01,A01
200600025777,0,07,000,00,2,1,01,A01
200600025777,0,07,000,00,2,4,02,B01
200600025778,0,07,000,00,2,3,10,A01
200600025778,0,04,000,00,2,1,17,B01
200600025779,0,07,000,00,2,1,02,A01
200600025779,0,04,000,00,2,4,23,B01
200600025780,1,07,000,00,0,0,00,A01
200600025780,0,07,000,00,0,0,00,B01
200600025781,0,07,000,00,2,2,02,A01
200600025781,0,02,000,00,2,1,02,B01
200600025782,0,07,000,00,2,5,15,A01
200600025782,0,18,000,00,2,2,01,B01
200600025783,0,07,000,00,0,7,19,A01
200600025783,0,05,000,00,2,1,01,B01
200600025784,0,18,001,00,2,7,00,B01
200600025784,0,07,000,00,2,3,09,A01
200600025785,0,07,000,00,2,6,15,B01
200600025785,0,05,000,00,2,0,17,A01
200600025786,0,07,000,00,1,0,04,A01
200600025787,0,04,000,14,0,0,00,A01
200600025788,0,07,000,00,2,1,23,C01
200600025788,0,07,000,00,2,1,17,A01
200600025788,0,07,000,01,2,3,15,B01
200600025789,0,07,000,00,2,8,10,A01
200600025789,0,05,000,00,2,1,01,B01
200600025790,0,05,000,00,2,2,02,B01
200600025790,0,07,000,00,2,3,17,A01
200600025791,0,05,000,00,2,2,00,B01
200600025791,0,07,000,00,2,3,00,A01
200600025792,0,05,000,00,0,0,01,B01
200600025792,0,07,000,00,0,0,09,A01
200600025793,0,07,000,00,1,4,04,A01
200600025794,0,07,000,00,1,2,00,A01
200600025795,1,07,000,00,0,0,00,A01
200600025796,0,07,000,00,2,4,23,B01
200600025796,0,07,000,00,2,2,23,C01
200600025796,0,07,000,00,2,4,23,D01
200600025796,0,07,000,00,2,1,02,A01
200600025797,0,07,000,00,2,8,00,B01
200600025797,0,05,000,00,2,1,00,A01
200600025798,0,07,000,00,0,1,00,A01
200600025798,0,04,000,00,2,1,00,C01
200600025798,0,04,000,00,2,1,00,B01
200600025799,0,07,000,00,0,2,01,A01
200600025799,0,05,000,00,0,3,16,B01
200600025800,0,02,000,00,0,0,02,A01
200600025801,0,07,000,00,2,3,21,B01
200600025801,0,07,000,00,2,3,21,A01
200600025802,1,06,000,00,0,0,00,A01
200600025802,0,07,000,00,2,1,01,B01
200600025803,0,04,000,00,2,1,17,B01
200600025803,0,07,000,00,0,3,15,A01
200600025804,0,07,000,00,2,7,15,A01
200600025804,0,07,000,00,2,3,01,B01
200600025805,0,10,000,00,1,4,04,A01
200600025806,0,05,000,00,2,7,01,A01
200600025806,0,07,000,00,2,2,09,B01
200600025807,0,07,000,00,2,3,00,A01
200600025807,0,07,000,00,2,3,00,B01
200600025808,0,02,000,00,2,1,01,B01
200600025808,0,07,000,00,0,3,01,A01
200600025809,0,07,000,00,2,4,02,B01
200600025809,0,07,000,00,2,1,02,A01
200600025810,0,01,000,00,0,1,19,A01
200600025810,0,07,000,00,0,2,02,B01
200600025811,0,07,000,00,2,2,14,A01
200600025811,0,04,000,00,2,1,01,B01
200600025812,0,02,000,00,2,1,02,B01
200600025812,0,07,000,00,2,8,10,A01
200600025813,0,04,000,00,2,7,02,B01
200600025813,0,07,000,00,2,3,01,A01
200600025814,0,04,000,01,0,1,01,A01
200600025815,0,07,000,00,2,5,23,B01
200600025815,0,07,000,00,2,3,00,A01
200600025816,0,10,000,00,1,5,00,A01
200600025817,0,07,000,00,9,4,01,B01
200600025817,0,04,000,00,2,1,02,A01
200600025818,0,04,000,00,2,0,17,B01
200600025818,0,07,000,00,9,3,15,A01
200600025819,0,07,000,00,2,5,16,A01
200600025819,0,05,000,00,2,1,01,B01
200600025820,0,07,000,00,2,1,02,A01
200600025820,0,01,000,00,2,4,02,B01
200600025821,0,07,000,00,0,2,00,A01
200600025822,0,07,000,00,0,0,00,B01
200600025822,0,07,000,00,0,1,00,A01
200600025823,0,07,000,00,9,3,00,B01
200600025823,0,05,000,00,2,7,02,A01
200600025824,1,07,000,00,0,0,00,A01
200600025825,0,07,000,00,2,7,01,A01
200600025825,0,07,000,00,2,1,15,B01
200600025826,0,07,000,00,1,1,21,A01
200600025827,0,07,000,00,1,1,07,A01
200600025828,0,01,000,00,2,1,00,B01
200600025828,0,07,000,00,2,2,15,A01
200600025829,0,07,000,00,2,7,16,B01
200600025829,0,04,000,00,2,1,18,A01
200600025830,0,04,000,00,2,5,02,B01
200600025830,0,07,000,00,2,2,09,A01
200600025831,0,04,000,00,5,8,00,A01
200600025832,0,07,000,00,2,1,02,A01
200600025832,0,07,000,00,2,4,23,B01
200600025833,0,07,000,00,2,4,00,B01
200600025833,0,07,000,00,2,1,02,A01
200600025833,0,07,000,00,0,4,00,C01
200600025834,0,07,000,00,2,4,23,B01
200600025834,0,02,000,00,2,1,02,A01
200600025835,0,05,000,00,2,1,17,B01
200600025835,0,07,000,00,2,3,13,A01
200600025836,0,02,000,00,2,1,01,A01
200600025836,0,07,000,00,0,4,01,B01
200600025837,0,04,000,00,2,1,01,A01
200600025837,0,07,000,00,2,4,01,B01
200600025838,0,07,000,00,1,7,00,A01
200600025839,0,07,000,00,0,1,02,A01
200600025839,0,07,000,00,0,4,01,B01
200600025840,0,18,001,00,1,7,21,A01
200600025841,0,07,000,00,1,2,01,A01
200600025842,0,18,030,00,0,0,00,A01
200600025843,0,07,000,00,2,4,02,B01
200600025843,0,07,000,00,0,0,00,C01
200600025843,0,07,000,00,0,4,02,D01
200600025843,0,07,000,00,0,0,00,A01
200600025844,0,18,000,00,1,2,01,A01
200600025845,0,07,000,00,2,1,02,B01
200600025845,0,07,000,00,2,4,02,A01
200600025846,0,07,000,01,2,2,17,A01
200600025846,0,07,000,00,2,3,15,B01
200600025847,0,04,000,00,2,1,05,A01
200600025847,0,07,000,00,2,3,01,B01
200600025848,0,07,000,00,1,1,00,A01
200600025849,0,07,000,00,2,1,15,B01
200600025849,0,05,000,00,2,7,01,A01
200600025850,0,07,000,00,2,1,01,B01
200600025850,0,07,000,00,2,8,11,A01
200600025851,0,07,000,00,0,3,15,B01
200600025851,0,04,000,00,2,1,02,A01
200600025852,0,07,000,00,2,1,01,A01
200600025852,0,07,000,00,2,4,01,B01
200600025853,0,07,000,15,2,6,01,B01
200600025853,0,07,000,00,2,1,01,A01
200600025854,0,04,000,12,0,1,17,A01
200600025855,0,07,000,08,0,5,00,A01
200600025856,0,04,000,00,2,6,02,B01
200600025856,0,07,000,00,9,2,14,A01
200600025856,0,07,000,00,2,4,02,C01
200600025857,0,15,000,00,0,0,00,B01
200600025857,0,07,000,00,0,1,00,A01
200600025858,1,07,000,00,0,0,00,A01
200600025859,0,07,000,00,2,2,01,B01
200600025859,0,07,000,00,2,3,09,A01
200600025860,0,07,000,00,2,1,02,A01
200600025860,0,07,000,00,0,4,23,B01
200600025861,0,07,000,03,0,1,01,A01
200600025862,0,07,000,00,2,4,02,B01
200600025862,0,07,000,00,2,1,02,A01
200600025863,0,07,000,00,2,1,10,A01
200600025863,0,05,000,00,2,8,02,B01
200600025864,0,04,000,14,0,1,00,A01
200600025865,0,18,000,00,1,2,00,A01
200600025866,0,07,000,00,2,4,00,B01
200600025867,0,04,000,02,2,7,01,B01
200600025867,0,07,000,00,2,7,12,A01
200600025868,0,07,000,08,2,2,01,B01
200600025868,0,07,000,00,2,3,01,A01
200600025869,0,07,000,00,2,4,02,B01
200600025869,0,07,000,00,2,1,02,A01
200600025870,0,07,000,00,2,3,10,A01
200600025871,0,02,000,01,0,1,14,A01
200600025872,1,07,000,00,1,1,00,A01
200600025873,1,07,000,00,2,4,00,A01
200600025873,0,04,000,00,0,0,00,B01
200600025874,0,04,000,00,2,1,02,B01
200600025874,0,10,000,00,9,6,04,A01
200600025875,0,07,000,00,2,1,01,C01
200600025875,0,07,000,00,2,3,01,B01
200600025875,0,20,000,00,2,6,10,A01
200600025876,0,07,000,00,2,3,01,A01
200600025876,0,07,000,00,0,5,12,B01
200600025877,0,07,000,00,2,3,21,C01
200600025877,0,07,000,00,2,2,00,B01
200600025877,0,07,000,00,2,2,09,A01
200600025878,0,13,000,00,2,1,02,A01
200600025878,0,07,000,00,2,9,02,B01
200600025878,0,07,000,00,0,4,02,C01
200600025879,0,07,000,00,2,1,01,B01
200600025879,0,07,000,00,2,8,15,A01
200600025880,0,07,000,00,2,1,01,B01
200600025880,0,07,000,00,0,5,01,A01
200600025881,0,07,000,00,1,3,01,A01
200600025882,0,05,000,00,2,4,01,B01
200600025882,0,07,000,00,2,3,02,A01
200600025883,0,07,000,00,1,2,15,A01
200600025884,0,07,000,00,1,7,01,A01
200600025885,0,07,000,00,1,7,21,A01
200600025886,0,07,000,00,2,7,15,A01
200600025886,0,07,000,00,2,3,01,B01
200600025887,0,05,000,00,2,7,02,B01
200600025887,0,07,000,00,2,8,13,A01
200600025888,0,05,000,00,2,7,16,B01
200600025888,0,02,000,00,2,8,01,A01
200600025889,0,07,000,00,0,0,00,A01
200600025889,0,15,000,00,0,0,00,B01
200600025890,0,07,000,00,2,1,01,A01
200600025890,0,02,000,00,2,4,01,B01
200600025891,0,14,000,00,2,3,00,B01
200600025891,0,07,000,00,2,8,00,A01
200600025892,0,05,000,00,1,1,01,A01
200600025893,0,07,000,00,2,1,01,B01
200600025893,0,05,000,00,2,1,01,A01
200600025894,0,07,000,00,2,1,00,A01
200600025894,0,07,000,00,0,4,00,B01
200600025895,0,01,000,00,0,7,10,A01
200600025895,0,02,000,00,9,1,01,B01
200600025896,0,07,000,00,2,1,01,B01
200600025896,0,07,000,00,0,4,10,A01
200600025897,1,07,000,00,0,0,00,A01
200600025898,0,04,000,00,0,0,10,A01
200600025899,0,05,000,00,2,1,17,B01
200600025899,0,07,000,00,2,3,15,A01
200600025900,0,07,000,00,2,1,02,A01
200600025900,0,18,017,00,2,2,02,B01
200600025901,0,02,000,00,1,1,01,A01
200600025902,0,04,000,00,2,7,01,B01
200600025902,0,03,000,00,2,1,16,A01
200600025903,0,07,000,01,2,2,01,A01
200600025903,0,07,000,00,2,3,01,B01
200600025904,0,07,000,00,1,1,01,A01
200600025905,0,04,000,00,0,8,15,A01
200600025906,0,04,000,00,0,0,00,A01
200600025907,0,07,000,00,2,5,12,A01
200600025907,0,04,000,00,2,1,01,B01
200600025908,0,07,000,00,1,3,02,A01
200600025909,0,07,000,00,2,1,02,B01
200600025909,0,07,000,00,2,8,01,A01
200600025910,0,07,000,00,2,3,11,A01
200600025910,0,02,000,00,2,1,01,B01
200600025911,0,20,000,00,0,0,00,A01
200600025911,0,02,000,12,0,0,02,B01
200600025912,0,13,000,00,0,0,04,A01
200600025912,0,02,000,00,0,0,21,B01
200600025913,0,04,000,00,0,1,18,B01
200600025913,0,07,000,00,0,7,16,A01
200600025914,0,05,000,00,2,1,02,A01
200600025914,0,07,000,00,2,3,11,B01
200600025915,0,07,000,00,2,5,10,A01
200600025915,0,05,000,00,2,3,01,B01
200600025916,0,07,000,08,0,1,01,A01
200600025917,0,07,000,00,2,1,01,A01
200600025917,0,07,000,00,2,4,01,B01
200600025918,0,07,000,00,2,7,01,A01
200600025918,0,07,000,00,2,3,13,B01
200600025919,0,07,000,00,2,1,19,A01
200600025919,0,07,000,00,2,8,01,B01
200600025919,0,04,000,00,2,3,01,C01
200600025920,0,07,000,00,2,3,10,A01
200600025920,0,05,000,00,2,2,17,B01
200600025921,0,05,000,00,2,0,00,A01
200600025921,0,07,000,00,2,1,23,B01
200600025921,0,05,000,00,0,0,00,C01
200600025922,0,07,000,00,0,0,01,A01
200600025923,0,07,000,00,2,8,15,A01
200600025923,0,07,000,00,2,3,01,B01
200600025924,0,07,000,00,2,7,01,A01
200600025924,0,30,000,00,2,1,01,B01
200600025925,0,30,000,00,2,1,02,A01
200600025925,0,07,000,00,0,4,02,B01
200600025926,0,07,000,03,0,2,14,A01
200600025927,0,14,000,03,0,2,01,A01
200600025928,0,07,000,00,0,4,02,B01
200600025928,0,07,000,01,0,1,02,A01
200600025929,0,07,000,16,0,9,00,A01
200600025930,0,07,000,01,0,7,00,A01
200600025930,0,07,000,00,2,7,24,B01
200600025931,0,01,000,00,0,8,02,B01
200600025931,1,07,000,00,0,7,02,A01
200600025932,0,07,000,00,2,1,02,A01
200600025932,0,07,000,00,2,4,02,B01
200600025932,0,07,000,00,2,6,20,C01
200600025933,0,07,000,00,2,3,11,A01
200600025933,0,07,000,00,2,3,01,B01
200600025934,2,07,000,00,0,3,15,A01
200600025934,0,02,000,00,2,7,17,B01
200600025935,0,07,000,00,2,3,01,B01
200600025935,0,07,000,00,2,3,01,A01
200600025936,0,05,000,00,2,1,01,B01
200600025936,0,07,000,01,2,0,15,A01
200600025937,0,07,000,00,2,2,01,A01
200600025937,0,07,000,00,2,4,01,B01
200600025938,0,07,000,00,2,2,01,A01
200600025938,0,07,000,01,2,5,01,B01
200600025938,0,07,000,01,2,4,01,C01
200600025939,0,07,000,01,2,2,01,A01
200600025939,0,07,000,01,2,6,13,B01
200600025940,0,07,000,00,2,1,00,A01
200600025940,0,05,000,00,2,1,00,B01
200600025941,0,07,000,00,2,1,01,A01
200600025941,0,07,000,00,2,4,01,B01
200600025941,0,07,000,00,2,4,01,C01
200600025942,0,07,000,00,1,2,00,A01
200600025943,0,07,000,00,1,1,01,A01
200600025944,0,07,000,03,2,1,09,A01
200600025944,0,07,000,03,2,1,02,B01
200600025944,0,07,000,00,2,3,02,C01
200600025944,0,07,000,00,2,3,02,E01
200600025944,0,07,000,00,2,1,02,D01
200600025945,0,33,000,00,2,1,01,A01
200600025945,0,07,000,00,0,4,01,B01
200600025946,0,02,000,00,2,1,02,A01
200600025946,0,07,000,00,0,6,02,B01
200600025947,0,07,000,00,2,7,02,A01
200600025947,0,10,000,00,2,8,02,B01
200600025948,0,07,000,01,0,2,14,A01
200600025949,0,07,000,02,0,1,14,A01
200600025950,0,07,000,00,2,7,14,A01
200600025950,0,07,000,00,0,8,01,B01
200600025951,0,07,000,00,0,8,01,B01
200600025951,0,02,000,00,2,3,16,A01
200600025952,0,07,000,00,0,5,01,A01
200600025953,0,07,000,00,2,3,09,A01
200600025953,0,07,000,00,2,1,01,B01
200600025954,0,02,000,08,0,1,01,A01
200600025955,0,07,000,00,1,2,01,A01
200600025956,0,07,000,00,1,1,02,A01
200600025957,0,07,000,00,2,3,09,A01
200600025957,0,05,000,00,2,2,01,B01
200600025958,0,07,000,00,1,2,01,A01
200600025959,0,02,000,00,2,1,01,B01
200600025959,0,07,000,00,2,0,00,A01
200600025960,0,07,000,00,2,3,09,A01
200600025960,0,30,000,00,2,1,01,B01
200600025961,0,07,000,00,2,1,11,A01
200600025961,0,05,000,00,2,1,01,B01
200600025962,0,07,000,00,0,0,00,A01
200600025963,0,02,000,00,2,1,17,A01
200600025963,0,07,000,00,2,6,01,B01
200600025964,0,07,000,00,0,0,00,B01
200600025964,0,15,000,14,2,4,02,A01
200600025965,1,07,000,00,0,0,00,A01
200600025966,0,07,000,00,2,8,09,A01
200600025966,0,02,000,00,2,1,01,B01
200600025967,0,33,000,00,2,1,17,A01
200600025967,0,07,000,00,2,3,09,B01
200600025967,0,07,000,00,2,8,01,C01
200600025968,0,01,000,00,2,7,01,B01
200600025968,0,07,000,00,2,1,01,A01
200600025969,0,02,000,00,2,1,06,A01
200600025969,0,30,000,00,2,6,15,B01
200600025970,0,07,000,13,0,9,01,A01
200600025971,0,07,000,00,2,8,01,A01
200600025971,0,01,000,00,2,2,01,B01
200600025972,0,02,000,00,2,1,17,A01
200600025972,0,07,000,00,2,8,20,B01
200600025973,0,07,000,01,0,3,01,A01
200600025974,0,02,000,00,2,1,01,A01
200600025974,0,07,000,00,2,4,01,B01
200600025975,0,33,000,00,2,1,01,B01
200600025975,0,07,000,00,2,2,01,A01
200600025976,0,02,000,00,2,1,01,A01
200600025976,0,07,000,00,2,4,01,B01
200600025977,0,07,000,00,2,3,01,A01
200600025977,0,07,000,00,0,2,01,B01
200600025978,0,31,000,00,0,7,01,A01
200600025979,0,05,000,00,2,1,18,A01
200600025979,0,07,000,00,2,5,12,B01
200600025980,0,07,000,00,2,1,01,A01
200600025980,0,01,000,00,2,4,19,B01
200600025981,0,07,000,11,0,1,13,A01
200600025982,0,30,000,00,2,1,01,A01
200600025982,0,10,000,00,2,4,23,B01
200600025983,0,07,000,00,1,1,01,A01
200600025984,0,07,000,00,2,4,04,A01
200600025984,0,07,000,00,2,1,01,B01
200600025985,0,07,000,04,0,1,01,A01
200600025986,0,07,000,00,1,7,01,A01
200600025987,0,30,000,00,2,1,19,A01
200600025987,0,07,000,00,2,7,01,B01
200600025988,0,07,000,00,1,1,01,A01
200600025989,0,30,000,00,0,1,01,A01
200600025990,0,07,000,04,0,1,01,A01
200600025991,0,30,000,00,2,1,01,B01
200600025991,0,07,000,00,2,3,15,A01
200600025992,0,07,000,00,1,1,01,A01
200600025993,1,07,000,00,1,0,01,A01
200600025994,0,07,000,14,0,1,01,A01
200600025995,0,01,000,00,2,3,05,A01
200600025995,0,07,000,00,2,1,01,B01
200600025996,0,30,000,12,0,1,01,A01
200600025997,0,07,000,00,2,3,15,A01
200600025997,0,30,000,00,2,2,17,B01
200600025998,0,14,000,06,0,1,01,A01
200600025999,0,07,000,00,9,1,01,A01
200600025999,0,01,000,00,2,2,01,B01
200600026000,0,07,000,11,0,1,00,A01
200600026001,0,30,000,01,1,1,01,A01
200600026002,0,32,000,12,0,2,14,A01
200600026003,0,07,000,00,2,6,04,A01