Num_Acc,senc,catv,occutc,obs,obsm,choc,manv,num_veh
200600026362,0,07,000,00,2,1,01,D01
200600026363,0,07,000,00,2,1,02,A01
200600026363,0,07,000,00,2,4,02,B01
200600026364,0,01,000,01,0,0,00,A01
200600026365,0,05,000,00,1,7,17,A01
200600026366,0,07,000,00,9,2,01,A01
200600026366,0,01,000,00,2,1,01,B01
200600026367,0,01,000,00,1,0,01,A01
200600026368,0,01,000,00,2,1,00,A01
200600026368,0,07,000,00,2,8,00,B01
200600026369,0,01,000,00,2,8,01,B01
200600026370,0,07,000,00,2,8,09,A01
200600026370,0,07,000,00,2,1,01,B01
200600026371,0,07,000,01,0,1,16,A01
200600026372,0,07,000,00,2,5,04,A01
200600026372,0,07,000,00,2,8,01,B01
200600026373,0,07,000,00,9,2,12,A01
200600026373,0,18,042,00,2,3,01,B01
200600026374,0,07,000,00,2,0,00,A01
200600026374,0,07,000,00,2,8,00,B01
200600026374,0,10,000,00,2,8,00,C01
200600026375,0,04,000,00,2,5,16,A01
200600026375,0,02,000,00,2,1,02,B01
200600026376,0,07,000,00,2,1,13,A01
200600026376,0,07,000,00,2,1,01,B01
200600026377,0,10,000,00,2,1,00,A01
200600026377,0,07,000,00,2,4,00,B01
200600026378,0,14,000,00,2,2,14,A01
200600026378,0,07,000,00,2,6,00,B01
200600026379,0,07,000,04,0,3,01,A01
200600026380,0,04,000,00,1,0,00,A01
200600026381,0,05,000,00,2,1,17,A01
200600026381,0,07,000,00,2,3,15,B01
200600026382,0,07,000,13,0,9,00,A01
200600026383,0,07,000,01,0,1,00,A01
200600026384,0,05,000,01,2,1,01,A01
200600026384,0,07,000,01,2,3,15,B01
200600026385,0,05,000,00,2,7,15,B01
200600026385,0,07,000,00,2,6,13,A01
200600026386,0,05,000,00,9,1,01,A01
200600026386,0,01,000,00,2,4,15,B01
200600026387,1,07,000,00,1,0,01,A01
200600026388,0,07,000,00,2,1,02,A01
200600026388,0,07,000,00,2,4,02,B01
200600026389,0,01,000,00,2,1,00,A01
200600026389,1,07,000,00,2,0,00,B01
200600026390,0,18,002,00,9,2,00,A01
200600026390,0,01,000,00,2,1,00,B01
200600026391,1,07,000,00,0,0,15,A01
200600026391,0,05,000,00,2,1,01,B01
200600026392,0,07,000,00,2,1,01,A01
200600026392,0,07,000,00,2,4,01,B01
200600026393,0,02,000,00,2,1,00,A01
200600026393,0,07,000,00,2,5,00,B01
200600026394,0,01,000,00,9,5,00,A01
200600026394,0,18,027,00,9,6,00,B01
200600026395,0,07,000,00,2,1,02,A01
200600026395,0,07,000,00,2,4,02,B01
200600026395,0,07,000,00,0,4,02,C01
200600026396,1,07,000,00,2,0,00,A01
200600026396,0,05,000,00,2,1,00,B01
200600026397,0,07,000,00,1,4,04,A01
200600026398,0,18,001,00,1,2,01,A01
200600026399,0,07,000,00,2,1,01,A01
200600026399,0,07,000,00,2,5,01,B01
200600026400,0,04,000,00,2,1,01,A01
200600026400,0,07,000,00,2,4,01,B01
200600026401,0,07,000,00,2,1,01,A01
200600026401,0,07,000,00,2,4,01,B01
200600026402,0,07,000,00,2,3,15,A01
200600026402,0,01,000,00,2,1,01,B01
200600026403,0,07,000,00,2,1,00,A01
200600026403,0,07,000,00,2,6,00,B01
200600026404,0,07,000,00,2,1,00,A01
200600026404,0,07,000,00,2,4,02,B01
200600026404,0,07,000,00,0,4,02,C01
200600026404,0,07,000,00,2,7,01,D01
200600026405,0,07,000,00,1,1,00,A01
200600026406,0,07,000,00,2,9,00,A01
200600026406,0,07,000,00,2,1,00,B01
200600026407,0,05,000,00,2,9,00,A01
200600026407,0,10,000,00,9,3,00,B01
200600026408,0,07,000,00,2,1,02,A01
200600026408,0,07,000,00,0,4,15,B01
200600026409,0,33,000,00,2,1,13,A01
200600026409,0,17,000,00,2,1,01,B01
200600026410,0,07,000,00,2,1,01,A01
200600026410,0,02,000,00,2,4,01,B01
200600026410,0,07,000,00,2,4,01,C01
200600026411,0,07,000,00,1,1,16,A01
200600026412,0,30,000,00,2,1,01,B01
200600026412,0,07,000,00,2,3,16,A01
200600026413,0,07,000,00,2,1,01,A01
200600026413,0,07,000,00,2,4,20,B01
200600026414,0,07,000,00,1,2,01,A01
200600026415,0,07,000,00,9,2,10,A01
200600026415,0,32,000,00,2,1,01,B01
200600026416,0,07,000,00,1,1,01,A01
200600026417,0,02,000,00,2,1,01,A01
200600026417,0,01,000,00,2,1,01,B01
200600026418,0,07,000,00,2,2,15,A01
200600026418,0,07,000,00,2,1,01,B01
200600026419,0,33,000,00,2,1,17,A01
200600026419,0,07,000,00,2,3,01,B01
200600026419,0,07,000,00,2,8,01,C01
200600026420,0,07,000,00,1,1,18,A01
200600026421,0,07,000,00,2,8,24,A01
200600026421,0,01,000,00,2,1,01,B01
200600026422,0,07,000,08,0,9,01,A01
200600026423,0,07,000,00,0,9,01,A01
200600026424,0,07,000,00,1,1,01,A01
200600026425,0,33,000,00,2,1,01,A01
200600026425,0,07,000,00,0,4,15,B01
200600026426,0,07,000,00,2,1,01,A01
200600026426,0,07,000,00,2,4,02,B01
200600026426,0,07,000,00,2,4,02,C01
200600026426,0,07,000,00,2,4,02,D01
200600026427,0,07,000,00,2,2,15,A01
200600026427,0,33,000,00,2,6,01,B01
200600026428,1,10,000,00,2,0,20,A01
200600026428,0,01,000,00,2,0,01,B01
200600026429,0,07,000,00,2,2,16,A01
200600026429,0,30,000,00,2,1,01,B01
200600026430,0,07,000,00,2,0,01,A01
200600026430,0,01,000,00,2,0,19,B01
200600026431,0,07,000,00,1,1,17,A01
200600026432,0,07,000,00,1,2,16,A01
200600026433,0,07,000,00,2,1,15,A01
200600026433,0,07,000,00,2,1,01,B01
200600026434,0,07,000,00,2,7,05,A01
200600026434,0,10,000,00,2,1,01,B01
200600026435,0,01,000,00,2,1,01,A01
200600026435,0,07,000,00,2,3,15,B01
200600026436,0,10,000,00,1,1,01,A01
200600026437,0,07,000,00,2,2,15,A01
200600026437,0,31,000,00,0,7,01,B01
200600026438,0,10,000,00,2,3,01,A01
200600026438,0,01,000,00,2,1,01,B01
200600026439,0,07,000,00,2,2,15,A01
200600026439,0,02,000,00,2,4,01,B01
200600026440,0,31,000,00,2,1,21,A01
200600026440,1,10,000,00,2,6,02,B01
200600026441,0,07,000,00,2,1,01,A01
200600026441,0,07,000,00,2,4,02,B01
200600026442,0,10,000,14,0,2,01,A01
200600026442,0,07,000,14,0,4,23,B01
200600026442,0,07,000,00,0,4,23,C01
200600026443,0,07,000,14,4,3,13,A01
200600026443,0,40,000,00,2,2,01,B01
200600026443,0,07,000,00,0,6,23,C01
200600026444,0,01,000,00,2,7,01,A01
200600026444,0,07,000,00,2,1,01,B01
200600026445,0,07,000,00,2,2,01,A01
200600026445,0,07,000,00,2,3,01,B01
200600026446,0,30,000,00,2,1,01,A01
200600026446,0,07,000,00,2,3,01,B01
200600026447,0,07,000,00,2,5,15,A01
200600026447,0,33,000,00,2,1,01,B01
200600026448,0,07,000,14,0,1,01,A01
200600026448,0,07,000,14,0,4,01,B01
200600026448,0,10,000,00,0,4,23,C01
200600026449,0,02,000,00,2,1,01,A01
200600026449,0,10,000,00,2,2,09,B01
200600026450,0,07,000,00,2,0,01,A01
200600026450,0,02,000,01,2,3,01,B01
200600026450,0,07,000,00,2,1,24,C01
200600026451,0,01,000,00,2,1,02,B01
200600026451,0,37,047,00,2,5,01,A01
200600026452,0,33,000,00,2,2,01,A01
200600026452,0,07,000,00,2,1,15,B01
200600026453,0,10,000,00,2,1,01,A01
200600026453,0,02,000,00,2,6,01,B01
200600026454,0,07,000,00,2,1,01,A01
200600026454,0,17,000,00,2,6,01,B01
200600026455,0,07,000,00,2,3,22,A01
200600026455,0,33,000,01,0,1,21,B01
200600026455,0,37,001,00,2,3,01,C01
200600026456,0,07,000,00,2,5,23,A01
200600026456,0,01,000,14,0,1,03,B01
200600026456,0,07,000,00,2,3,23,C01
200600026457,0,07,000,00,2,2,15,A01
200600026457,0,02,000,00,2,1,01,B01
200600026458,0,07,000,00,2,3,15,A01
200600026458,0,31,000,00,2,7,01,B01
200600026459,0,07,000,13,0,1,00,A01
200600026460,0,01,000,00,2,1,01,A01
200600026460,0,07,000,00,0,2,20,B01
200600026461,0,07,000,00,2,3,14,A01
200600026461,0,02,000,00,2,1,01,B01
200600026462,0,07,000,00,2,1,01,A01
200600026462,0,01,000,00,2,4,15,B01
200600026463,0,07,000,00,1,1,01,A01
200600026464,0,07,000,00,1,1,16,A01
200600026465,0,07,000,00,2,3,01,A01
200600026465,0,33,000,00,2,1,15,B01
200600026466,0,07,000,00,2,7,01,A01
200600026466,0,07,000,00,2,3,01,B01
200600026467,0,02,000,00,2,8,01,A01
200600026467,0,07,000,00,2,1,15,B01
200600026468,0,07,000,00,2,1,13,A01
200600026468,0,07,000,00,2,1,01,B01
200600026469,0,07,000,00,2,7,16,A01
200600026469,0,02,000,00,2,1,01,B01
200600026470,0,07,000,00,2,1,01,A01
200600026471,0,31,000,01,2,1,01,A01
200600026471,0,07,000,00,2,2,09,B01
200600026471,0,13,000,00,0,0,23,C01
200600026472,0,02,000,00,2,1,01,A01
200600026472,0,07,000,00,2,6,15,B01
200600026473,0,31,000,00,1,1,01,A01
200600026474,0,31,000,00,2,2,01,A01
200600026474,0,07,000,00,2,3,16,B01
200600026475,0,30,000,00,2,5,01,A01
200600026475,0,37,001,00,2,2,01,B01
200600026476,0,31,000,00,2,1,00,A01
200600026476,0,38,001,00,2,6,01,B01
200600026477,0,32,000,00,2,1,17,B01
200600026477,0,07,000,00,2,1,15,A01
200600026478,0,07,000,00,2,0,15,A01
200600026478,0,01,000,00,2,6,01,B01
200600026479,0,07,000,00,1,1,00,A01
200600026479,0,07,000,00,2,1,01,B01
200600026480,0,01,000,00,2,0,01,A01
200600026480,0,07,000,00,2,3,15,B01
200600026481,0,33,000,00,2,7,01,A01
200600026481,0,07,000,00,2,6,01,B01
200600026482,0,32,000,00,2,1,00,A01
200600026483,0,10,000,00,2,2,01,A01
200600026483,0,07,000,00,2,6,02,B01
200600026484,0,07,000,00,2,3,15,A01
200600026484,0,02,000,00,2,1,17,B01
200600026485,0,33,000,00,2,1,17,A01
200600026485,0,07,000,00,2,3,15,B01
200600026486,0,07,000,14,0,1,02,A01
200600026486,0,07,000,00,0,4,23,B01
200600026487,0,07,000,00,1,1,01,A01
200600026488,0,02,000,00,2,7,01,A01
200600026488,0,07,000,00,2,8,01,B01
200600026489,0,07,000,14,0,1,01,A01
200600026489,0,07,000,00,0,4,00,B01
200600026490,0,33,000,04,0,1,13,A01
200600026491,2,07,000,00,2,1,15,A01
200600026491,0,07,000,00,2,1,01,B01
200600026492,0,30,000,00,2,7,17,A01
200600026492,0,02,000,00,2,3,01,B01
200600026493,0,07,000,08,0,1,15,A01
200600026493,0,33,000,00,2,1,01,B01
200600026494,0,07,000,00,2,1,01,B01
200600026494,0,07,000,00,2,1,01,A01
200600026495,2,07,000,14,2,1,01,A01
200600026495,0,37,001,00,0,4,23,B01
200600026496,0,33,000,00,2,9,01,A01
200600026496,0,07,000,00,2,2,16,B01
200600026497,0,07,000,00,2,8,01,A01
200600026497,0,07,000,00,2,1,01,B01
200600026498,0,02,000,00,2,1,01,A01
200600026498,0,07,000,00,2,3,01,B01
200600026499,0,07,000,00,2,1,01,A01
200600026499,0,07,000,00,2,4,01,B01
200600026500,0,15,000,00,1,3,16,A01
200600026501,0,07,000,00,1,3,01,A01
200600026502,0,02,000,00,2,1,01,A01
200600026502,0,10,000,00,2,2,16,B01
200600026503,0,07,000,00,2,3,20,A01
200600026503,0,02,000,00,2,2,01,B01
200600026504,0,07,000,00,2,7,16,A01
200600026504,0,37,041,09,2,3,01,B01
200600026505,0,07,000,00,2,1,01,A01
200600026505,0,01,000,00,0,5,01,B01
200600026506,0,10,000,00,2,2,15,A01
200600026506,0,32,000,00,2,1,01,B01
200600026507,0,07,000,00,2,2,15,A01
200600026507,0,33,000,00,2,1,01,B01
200600026508,0,10,000,00,2,1,15,A01
200600026508,0,33,000,00,2,3,01,B01
200600026509,0,07,000,00,2,8,15,A01
200600026509,0,07,000,00,1,1,01,B01
200600026510,0,01,000,00,2,1,01,A01
200600026510,0,07,000,00,2,7,01,B01
200600026511,1,17,000,00,2,0,01,A01
200600026511,0,01,000,00,2,0,01,B01
200600026512,0,07,000,00,2,1,15,A01
200600026512,0,02,000,00,2,1,01,B01
200600026513,0,07,000,00,2,0,20,A01
200600026513,0,33,000,00,2,3,01,B01
200600026514,0,07,000,08,0,8,13,A01
200600026515,0,07,000,00,2,7,15,A01
200600026515,0,33,000,00,2,3,01,B01
200600026516,0,10,000,00,2,2,01,A01
200600026516,0,01,000,00,2,9,02,B01
200600026517,0,33,000,00,2,7,17,A01
200600026517,0,07,000,00,2,3,15,B01
200600026518,0,07,000,00,2,1,01,A01
200600026518,0,30,000,00,2,1,05,B01
200600026519,0,07,000,00,2,2,19,B01
200600026520,0,07,000,00,2,1,15,A01
200600026520,0,07,000,00,2,1,01,B01
200600026521,0,31,000,00,2,1,01,B01
200600026521,0,07,000,00,2,8,10,A01
200600026522,0,07,000,13,0,2,14,A01
200600026523,0,10,000,00,2,2,15,A01
200600026523,0,33,000,00,2,1,01,B01
200600026524,0,33,000,00,2,3,01,A01
200600026524,0,07,000,00,2,3,15,B01
200600026525,0,33,000,00,2,1,02,A01
200600026525,0,07,000,00,2,4,01,B01
200600026526,0,33,000,00,2,1,01,B01
200600026526,0,07,000,00,2,7,19,A01
200600026527,0,33,000,13,0,7,14,A01
200600026528,0,07,000,13,0,7,14,A01
200600026529,0,07,000,00,2,1,19,A01
200600026529,0,07,000,00,2,3,15,B01
200600026530,0,07,000,00,2,1,13,A01
200600026530,0,07,000,00,2,3,01,B01
200600026530,0,07,000,00,2,1,01,C01
200600026531,0,07,000,00,2,2,15,A01
200600026531,0,02,000,00,2,2,01,B01
200600026532,0,07,000,00,2,3,13,A01
200600026532,0,07,000,00,2,3,01,B01
200600026533,0,07,000,00,9,0,09,A01
200600026533,0,30,000,00,2,0,21,B01
200600026534,0,07,000,13,0,7,14,A01
200600026535,0,07,000,00,2,2,01,B01
200600026535,0,30,000,00,2,1,19,A01
200600026536,0,07,000,00,2,3,01,B01
200600026536,0,10,000,00,2,5,15,A01
200600026537,0,07,000,00,2,2,01,B01
200600026537,0,07,000,00,2,4,01,C01
200600026537,0,07,000,00,2,3,01,A01
200600026538,1,10,000,00,2,7,02,A01
200600026538,0,01,000,00,2,1,16,B01
200600026539,0,07,000,00,2,1,01,B01
200600026539,0,07,000,00,2,8,15,A01
200600026540,0,07,000,03,0,8,14,A01
200600026541,1,07,000,00,1,2,15,A01
200600026542,1,07,000,00,1,7,01,A01
200600026543,0,07,000,00,2,7,15,A01
200600026543,0,10,000,00,2,3,01,B01
200600026544,0,32,000,00,5,1,01,A01
200600026545,0,07,000,02,2,6,11,A01
200600026545,0,07,000,00,2,2,01,B01
200600026546,0,07,000,00,2,2,01,A01
200600026546,0,01,000,00,2,8,19,B01
200600026547,0,07,000,00,1,3,01,B01
200600026547,0,07,000,00,2,3,15,A01
200600026548,2,07,000,00,2,1,01,A01
200600026548,0,07,000,00,2,5,15,B01
200600026549,0,32,000,00,2,1,01,B01
200600026549,0,07,000,00,2,8,11,A01
200600026550,0,07,000,00,0,3,01,B01
200600026550,0,02,000,00,2,1,15,A01
200600026551,0,31,000,00,2,1,02,A01
200600026551,0,07,000,00,0,4,02,B01
200600026552,0,10,000,00,2,3,13,A01
200600026552,0,10,000,00,2,5,14,B01
200600026552,0,07,000,00,0,4,01,C01
200600026553,0,07,000,11,0,3,01,A01
200600026554,0,07,000,00,2,8,01,B01
200600026554,0,07,000,00,2,1,15,A01
200600026555,0,02,000,00,0,1,00,A01
200600026556,0,07,000,05,0,0,00,A01
200600026557,0,07,000,00,2,1,01,A01
200600026557,0,02,000,01,2,8,01,B01
200600026558,0,10,000,00,2,3,13,A01
200600026558,0,07,000,00,2,3,01,B01
200600026559,0,07,000,00,2,4,02,B01
200600026559,0,07,000,00,0,4,02,C01
200600026559,0,07,000,00,2,1,02,A01
200600026560,0,07,000,00,2,4,02,A01
200600026560,0,07,000,00,2,1,02,B01
200600026561,0,01,000,00,2,1,19,A01
200600026561,0,07,000,00,2,1,01,B01
200600026562,0,07,000,00,2,2,15,A01
200600026562,0,32,000,00,2,1,01,B01
200600026563,0,07,000,00,2,1,01,B01
200600026563,0,07,000,00,2,2,01,A01
200600026564,0,07,000,00,2,2,01,A01
200600026564,0,02,000,00,2,1,01,B01
200600026565,0,01,000,00,1,3,01,A01
200600026566,0,33,000,06,0,1,05,A01
200600026567,0,07,000,00,2,7,15,A01
200600026567,0,31,000,00,2,1,01,B01
200600026568,0,34,000,00,2,8,01,B01
200600026568,0,07,000,00,2,1,15,A01
200600026569,0,07,000,00,2,3,19,A01
200600026569,0,07,000,00,2,2,01,B01
200600026570,0,31,000,06,0,1,00,A01
200600026571,0,30,000,00,2,2,01,B01
200600026571,0,33,000,00,2,1,01,A01
200600026572,2,07,000,12,0,1,00,A01
200600026573,0,07,000,00,0,1,02,A01
200600026574,0,30,000,12,0,1,01,A01
200600026575,0,07,000,00,0,3,17,B01
200600026575,0,07,000,03,2,1,17,A01
200600026575,0,07,000,05,2,6,01,C01
200600026576,0,33,000,00,0,8,01,A01
200600026576,0,07,000,00,2,1,01,B01
200600026577,0,07,000,08,0,1,01,A01
200600026578,0,07,000,00,0,0,13,A01
200600026578,0,33,000,00,2,0,01,B01
200600026579,0,07,000,00,2,1,02,A01
200600026579,0,07,000,00,0,4,02,B01
200600026579,0,07,000,00,0,4,02,C01
200600026579,0,07,000,00,0,4,02,D01
200600026580,0,36,000,00,0,0,01,A01
200600026581,0,30,000,00,2,1,02,A01
200600026581,0,07,000,00,0,4,02,B01
200600026582,0,07,000,00,2,3,01,B01
200600026582,0,33,000,00,2,2,15,A01
200600026583,0,07,000,01,0,2,01,A01
200600026583,0,07,000,00,0,6,23,B01
200600026584,0,33,000,00,0,8,01,A01
200600026585,0,07,000,00,0,8,15,A01
200600026585,0,07,000,00,2,1,01,B01
200600026586,0,30,000,00,2,3,09,A01
200600026586,0,07,000,00,2,2,01,B01
200600026587,0,30,000,00,2,1,02,A01
200600026587,0,07,000,00,2,4,01,B01
200600026588,0,33,000,00,2,1,01,A01
200600026588,0,10,000,00,2,4,01,B01
200600026589,0,13,000,00,2,1,15,A01
200600026589,0,30,000,00,2,1,01,B01
200600026590,0,07,000,00,2,8,02,A01
200600026590,0,14,000,00,2,7,12,B01
200600026591,0,07,000,00,2,2,02,A01
200600026591,0,02,000,00,2,4,02,B01
200600026592,0,07,000,15,0,2,01,A01
200600026593,0,07,000,00,2,1,15,A01
200600026593,0,07,000,00,0,1,01,B01
200600026594,0,07,000,00,2,3,15,A01
200600026594,0,07,000,00,2,2,01,B01
200600026595,0,33,000,14,1,1,01,A01
200600026596,0,07,000,00,2,1,02,A01
200600026596,0,07,000,00,0,4,23,B01
200600026597,0,07,000,00,1,2,01,A01
200600026598,0,07,000,07,0,1,01,A01
200600026599,0,07,000,00,2,1,13,A01
200600026599,0,07,000,00,2,3,01,B01
200600026600,0,07,000,04,1,1,14,A01
200600026601,0,07,000,00,2,6,01,A01
200600026601,0,01,000,00,2,0,02,B01
200600026602,0,33,000,00,2,1,01,A01
200600026603,0,07,000,00,2,2,15,A01
200600026603,0,02,000,00,2,1,18,B01
200600026604,0,07,000,00,1,3,00,A01
200600026605,0,01,000,00,0,0,00,A01
200600026606,0,07,000,00,2,1,13,A01
200600026606,0,07,000,00,2,1,01,B01
200600026607,0,07,000,00,2,2,20,A01
200600026607,0,04,000,00,2,0,01,B01
200600026608,0,07,000,07,0,9,00,A01
200600026609,0,02,000,00,2,2,01,A01
200600026609,0,07,000,00,2,6,15,B01
200600026610,0,07,000,00,2,2,15,A01
200600026610,0,07,000,00,2,3,01,B01
200600026611,0,07,000,00,2,1,01,A01
200600026611,0,07,000,00,2,9,02,B01
200600026611,0,07,000,00,2,9,02,C01
200600026611,0,07,000,00,2,4,02,D01
200600026612,0,18,001,00,1,2,01,A01
200600026613,0,18,000,00,1,1,15,A01
200600026614,0,07,000,00,1,3,09,A01
200600026615,0,02,000,00,2,8,15,A01
200600026615,0,02,000,00,2,7,00,B01
200600026616,0,07,000,00,2,1,01,A01
200600026616,0,01,000,00,2,0,01,B01
200600026617,0,07,000,00,2,3,16,B01
200600026617,0,01,000,00,2,1,01,A01
200600026618,0,05,000,00,0,8,00,A01
200600026619,0,18,001,00,1,0,00,A01
200600026620,0,07,000,00,2,2,15,A01
200600026620,0,07,000,00,2,1,01,B01
200600026621,0,07,000,00,2,1,15,A01
200600026621,0,07,000,00,2,3,01,B01
200600026622,0,07,000,00,2,1,02,A01
200600026622,0,07,000,00,2,4,02,B01
200600026623,0,05,000,00,2,1,01,B01
200600026623,0,07,000,00,2,8,10,A01
200600026624,0,01,000,00,0,0,00,A01
200600026625,0,07,000,03,2,6,01,B01
200600026626,0,07,000,00,2,2,12,B01
200600026626,0,02,000,00,2,3,07,A01
200600026627,0,07,000,00,2,1,09,A01
200600026627,0,07,000,00,2,3,09,B01
200600026627,0,07,000,00,2,6,01,C01
200600026628,0,07,000,00,2,1,02,A01
200600026628,0,07,000,00,0,4,23,B01
200600026629,0,07,000,00,2,8,22,A01
200600026629,0,01,000,00,2,1,01,B01
200600026630,0,07,000,00,2,2,16,A01
200600026630,0,02,000,00,2,1,01,B01
200600026631,0,02,000,11,0,1,09,A01
200600026632,0,07,000,00,2,1,07,A01
200600026632,0,02,000,00,2,1,01,B01
200600026633,0,05,000,00,0,7,01,A01
200600026634,0,07,000,00,2,5,16,A01
200600026634,0,01,000,00,2,0,00,B01
200600026635,1,07,000,00,0,1,02,A01
200600026635,0,05,000,00,2,4,02,B01
200600026636,0,07,000,00,2,8,22,A01
200600026636,0,01,000,01,0,2,01,B01
200600026637,0,02,000,00,2,1,01,A01
200600026637,0,07,000,00,2,4,23,B01
200600026638,0,07,000,00,2,5,15,A01
200600026638,0,02,000,00,2,0,01,B01
200600026639,0,07,000,00,2,1,02,A01
200600026639,0,07,000,00,0,6,02,B01
200600026640,0,07,000,00,0,0,10,A01
200600026640,0,05,000,00,2,8,21,B01
200600026641,0,03,000,12,2,1,02,A01
200600026641,0,07,000,00,2,4,23,B01
200600026642,0,07,000,00,1,1,01,A01
200600026643,0,07,000,00,2,1,01,B01
200600026643,0,07,000,00,2,3,15,A01
200600026644,0,07,000,01,0,1,01,A01
200600026645,0,07,000,01,0,9,01,A01
200600026646,0,07,000,00,2,8,15,A01
200600026646,0,02,000,00,2,1,01,B01
200600026647,0,07,000,08,0,1,01,A01
200600026648,0,07,000,06,0,3,01,A01
200600026649,0,02,000,00,2,1,01,A01
200600026649,0,07,000,00,2,1,00,B01
200600026650,0,33,000,00,2,1,01,B01
200600026650,0,07,000,00,2,7,15,A01
200600026651,0,07,000,00,1,4,04,A01
200600026652,0,07,000,00,2,3,15,A01
200600026652,0,07,000,00,2,1,16,B01
200600026653,0,30,000,01,0,1,01,A01
200600026654,0,07,000,00,2,1,01,A01
200600026654,0,01,000,00,2,4,01,B01
200600026655,0,07,000,00,2,1,01,A01
200600026655,0,07,000,00,0,7,15,B01
200600026656,0,07,000,00,2,1,01,A01
200600026656,0,02,000,00,2,7,01,B01
200600026657,0,02,000,00,0,1,01,A01
200600026658,0,07,000,00,2,1,15,A01
200600026658,0,07,000,00,2,8,01,B01
200600026659,0,07,000,00,2,2,20,A01
200600026659,0,01,000,00,2,1,00,B01
200600026660,0,20,000,00,2,1,01,A01
200600026660,0,07,000,00,2,4,01,B01
200600026661,0,01,000,00,2,1,09,A01
200600026661,0,07,000,00,1,2,01,B01
200600026662,0,07,000,00,2,1,13,A01
200600026662,0,07,000,00,2,1,01,B01
200600026663,0,01,000,00,2,1,01,A01
200600026663,1,99,000,00,0,0,00,B01
200600026664,0,07,000,00,2,3,15,A01
200600026664,0,02,000,00,2,1,01,B01
200600026665,0,07,000,00,2,1,01,A01
200600026665,0,07,000,00,0,4,01,B01
200600026666,0,21,000,02,0,4,01,A01
200600026667,0,07,000,00,1,2,15,A01
200600026668,0,07,000,00,2,3,01,B01
200600026668,0,07,000,00,2,8,01,A01
200600026669,0,07,000,06,2,1,01,A01
200600026669,0,07,000,00,2,8,01,B01
200600026670,0,07,000,13,0,3,13,A01
200600026671,1,99,000,00,1,0,00,A01
200600026672,0,10,000,00,2,3,14,A01
200600026672,0,07,000,00,2,5,00,B01
200600026672,0,07,000,00,2,4,02,C01
200600026673,0,07,000,00,1,2,01,A01
200600026674,1,07,000,00,1,2,01,A01
200600026675,0,02,000,00,2,1,01,A01
200600026675,0,07,000,00,2,8,15,B01
200600026676,0,07,000,00,1,2,01,A01
200600026677,0,33,000,00,0,0,01,A01
200600026677,0,01,000,00,0,0,15,B01
200600026678,0,07,000,00,2,2,15,A01
200600026678,0,02,000,00,2,1,01,B01
200600026679,0,33,000,00,2,7,01,B01
200600026679,0,07,000,00,2,1,09,A01
200600026680,0,07,000,00,2,1,01,B01
200600026680,0,01,000,00,2,1,01,A01
200600026681,0,07,000,00,2,7,15,A01
200600026681,0,07,000,00,2,1,01,B01
200600026682,0,07,000,00,2,1,01,A01
200600026682,0,07,000,00,2,4,01,B01
200600026682,0,07,000,00,2,6,01,C01
200600026682,0,07,000,00,2,4,01,D01
200600026683,0,07,000,00,2,8,01,A01
200600026683,0,01,000,00,2,1,01,B01
200600026684,0,07,000,00,2,1,02,A01
200600026684,0,07,000,00,2,1,01,B01
200600026685,0,07,000,00,2,1,15,B01
200600026685,0,33,000,00,2,2,01,A01
200600026686,0,07,000,00,1,8,15,A01
200600026687,0,07,000,00,2,8,15,A01
200600026687,0,32,000,00,2,1,17,B01
200600026688,0,07,000,01,0,1,01,A01
200600026689,0,30,000,00,2,1,01,A01
200600026689,0,07,000,00,2,3,15,B01
200600026690,0,07,000,00,2,1,01,A01
200600026690,0,30,000,00,2,1,00,B01
200600026691,0,01,000,00,2,8,01,A01
200600026691,0,40,000,00,2,2,01,B01
200600026692,0,07,000,04,0,1,01,A01
200600026693,0,07,000,04,2,1,01,A01
200600026693,0,07,000,00,2,4,01,B01
200600026694,0,07,000,14,2,8,16,A01
200600026694,1,07,000,00,2,1,00,B01
200600026695,0,07,000,00,1,2,01,A01
200600026696,0,07,000,00,2,1,01,A01
200600026696,0,07,000,00,2,4,01,B01
200600026697,0,33,000,00,2,1,02,A01
200600026697,0,07,000,00,2,6,02,B01
200600026698,1,02,000,00,1,0,00,A01
200600026699,0,01,000,00,2,1,05,A01
200600026699,0,01,000,00,2,1,01,B01
200600026700,0,07,000,00,1,4,04,A01
200600026701,0,07,000,00,2,1,12,A01
200600026701,0,07,000,00,2,5,02,B01
200600026702,0,33,000,01,2,1,17,A01
200600026702,0,07,000,00,2,8,01,C01
200600026703,0,07,000,00,2,1,15,A01
200600026703,0,07,000,00,2,1,01,B01
200600026704,1,07,000,00,2,0,16,A01
200600026704,0,01,000,00,2,1,01,B01
200600026705,0,07,000,00,2,0,22,A01
200600026705,0,01,000,01,2,2,01,B01
200600026706,0,07,000,00,2,6,01,A01
200600026706,0,01,000,00,2,1,01,B01
200600026707,0,07,000,00,1,2,01,A01
200600026708,0,07,000,00,2,2,01,A01
200600026708,0,01,000,00,2,1,01,B01
200600026709,0,07,000,00,2,1,15,A01
200600026709,0,30,000,00,2,8,01,B01
200600026710,0,40,000,00,2,2,00,A01
200600026710,0,01,000,00,2,1,19,B01
200600026711,0,07,000,04,0,0,17,A01
200600026712,0,02,000,00,2,1,01,A01