Num_Acc,senc,catv,occutc,obs,obsm,choc,manv,num_veh
200600026712,1,33,000,00,0,0,00,B01
200600026713,0,07,000,00,2,7,01,A01
200600026713,0,07,000,00,2,1,01,B01
200600026714,0,07,000,00,2,1,02,A01
200600026714,0,07,000,00,2,4,02,B01
200600026714,0,07,000,00,2,4,02,C01
200600026715,0,01,000,00,2,1,02,A01
200600026715,0,07,000,00,2,5,02,B01
200600026716,0,07,000,00,2,1,16,A01
200600026716,0,01,000,00,0,4,02,B01
200600026717,0,07,000,00,0,9,02,A01
200600026717,0,07,000,00,0,4,02,B01
200600026717,0,14,000,00,2,1,02,C01
200600026718,0,07,000,00,2,8,10,A01
200600026718,0,07,000,00,2,1,00,B01
200600026719,0,07,000,00,2,1,05,A01
200600026719,0,17,000,00,2,1,01,B01
200600026720,0,07,000,00,9,1,09,A01
200600026720,0,02,000,00,2,1,01,B01
200600026721,0,07,000,02,0,2,01,A01
200600026722,0,07,000,00,2,6,16,B01
200600026722,0,02,000,00,2,2,02,A01
200600026723,0,07,000,00,2,1,13,A01
200600026723,0,15,000,00,2,8,01,B01
200600026723,0,07,000,00,2,1,01,C01
200600026724,0,07,000,00,2,3,15,A01
200600026724,0,33,000,00,2,1,01,B01
200600026725,0,07,000,08,0,1,01,A01
200600026726,0,07,000,00,2,8,01,B01
200600026727,0,07,000,00,2,6,01,B01
200600026728,0,07,000,00,2,2,15,A01
200600026728,0,01,000,00,2,1,01,B01
200600026729,0,13,000,00,1,1,01,A01
200600026730,0,07,000,00,2,3,15,A01
200600026730,0,02,000,00,2,1,01,B01
200600026731,0,33,000,00,1,1,17,A01
200600026732,0,14,000,00,2,2,15,A01
200600026732,0,02,000,00,2,1,01,B01
200600026733,0,07,000,00,2,3,01,A01
200600026733,0,01,000,00,2,1,00,B01
200600026734,0,02,000,00,2,1,01,B01
200600026734,0,07,000,00,2,1,15,A01
200600026735,0,07,000,00,2,1,02,A01
200600026735,0,07,000,00,2,4,01,B01
200600026736,1,02,000,00,1,1,01,A01
200600026737,0,33,000,12,0,1,13,A01
200600026738,0,07,000,00,0,3,15,A01
200600026738,0,30,000,00,2,1,17,B01
200600026739,0,07,000,01,0,1,01,A01
200600026740,0,07,000,00,2,1,15,A01
200600026740,0,02,000,00,2,1,01,B01
200600026741,0,07,000,00,2,7,01,B01
200600026741,0,07,000,00,2,1,09,A01
200600026742,0,33,000,00,2,1,02,A01
200600026742,0,07,000,00,2,4,01,B01
200600026743,0,07,000,00,2,1,02,A01
200600026743,0,02,000,00,2,4,23,B01
200600026744,0,07,000,00,2,2,15,A01
200600026744,0,02,000,00,2,8,01,B01
200600026745,0,07,000,00,2,7,01,B01
200600026745,0,02,000,00,2,1,09,A01
200600026746,0,07,000,06,0,7,01,A01
200600026747,0,33,000,00,2,1,13,A01
200600026747,0,30,000,00,2,1,01,B01
200600026748,0,07,000,02,0,1,01,A01
200600026749,0,07,000,06,0,1,01,A01
200600026750,0,07,000,06,0,1,01,A01
200600026751,0,33,000,00,2,1,17,A01
200600026751,0,07,000,00,0,8,15,B01
200600026752,0,07,000,13,0,9,01,A01
200600026753,0,07,000,00,0,4,01,B01
200600026753,0,07,000,00,2,1,01,A01
200600026754,0,30,000,12,0,7,01,A01
200600026755,0,07,001,00,2,7,01,B01
200600026755,0,07,001,00,2,2,15,A01
200600026756,0,01,000,00,2,4,01,B01
200600026756,1,07,000,00,2,4,04,A01
200600026757,0,07,000,00,2,1,01,A01
200600026757,0,07,000,00,2,1,01,B01
200600026757,0,07,000,00,2,1,01,C01
200600026758,0,05,000,00,2,1,02,B01
200600026758,0,07,000,00,2,2,15,A01
200600026759,0,07,000,00,2,3,01,B01
200600026759,0,07,000,00,2,2,16,A01
200600026760,0,07,000,00,2,3,09,A01
200600026760,0,33,000,00,2,1,01,B01
200600026761,0,02,000,00,2,0,21,A01
200600026762,0,33,000,00,1,2,01,A01
200600026763,0,07,000,13,0,9,01,A01
200600026764,0,07,000,00,1,4,20,A01
200600026765,0,02,000,00,2,1,01,A01
200600026765,0,07,000,00,2,4,02,B01
200600026766,0,07,000,00,2,7,15,A01
200600026766,0,30,000,00,2,1,01,B01
200600026767,0,07,000,00,2,1,15,A01
200600026767,0,02,000,00,2,2,01,B01
200600026768,0,07,000,00,2,6,01,A01
200600026768,0,30,000,00,2,2,17,B01
200600026769,0,07,000,00,2,8,11,A01
200600026769,0,02,000,00,2,2,01,B01
200600026770,0,07,000,06,0,7,00,A01
200600026771,0,99,000,00,2,3,01,B01
200600026771,0,34,000,00,2,8,17,A01
200600026772,1,07,000,00,2,1,02,A01
200600026772,0,30,000,00,2,4,02,B01
200600026772,0,07,000,00,2,3,20,C01
200600026773,0,07,000,06,0,1,01,A01
200600026774,0,07,000,00,2,1,01,B01
200600026774,0,07,000,00,2,2,15,A01
200600026775,0,07,000,00,1,1,13,A01
200600026776,0,07,000,00,2,2,09,A01
200600026776,0,05,000,00,2,1,01,B01
200600026777,0,07,000,00,2,1,02,A01
200600026777,0,07,000,00,2,4,02,B01
200600026778,0,07,000,00,1,7,21,A01
200600026779,0,07,000,00,2,7,15,A01
200600026779,0,99,000,00,2,1,01,B01
200600026780,0,01,000,00,2,7,01,B01
200600026780,0,07,000,00,2,1,09,A01
200600026781,0,07,000,00,1,1,00,A01
200600026782,0,07,000,00,2,3,13,A01
200600026782,0,07,000,00,2,2,16,B01
200600026783,0,05,000,00,2,1,01,B01
200600026783,0,07,000,00,2,2,01,A01
200600026784,0,07,000,00,2,2,10,A01
200600026784,0,02,000,00,2,1,01,B01
200600026785,0,30,000,00,2,1,18,A01
200600026785,0,07,000,00,2,7,16,B01
200600026786,0,02,000,00,2,1,02,A01
200600026786,0,07,000,00,2,4,23,B01
200600026787,0,07,000,00,1,1,01,A01
200600026788,0,01,000,00,2,1,02,A01
200600026788,0,07,000,00,1,4,23,B01
200600026788,0,07,000,00,2,3,01,C01
200600026789,0,07,000,00,1,1,01,A01
200600026790,0,33,000,00,0,0,01,A01
200600026791,0,07,001,00,2,1,01,B01
200600026791,0,07,001,00,2,4,23,A01
200600026791,0,07,000,00,0,4,23,C01
200600026792,0,07,000,00,2,2,15,A01
200600026792,0,07,000,00,2,1,01,B01
200600026793,0,07,000,00,2,8,01,A01
200600026793,0,07,000,00,2,1,01,B01
200600026794,0,07,000,00,2,5,01,B01
200600026794,0,07,000,00,0,1,01,C01
200600026794,0,07,000,00,2,1,09,A01
200600026795,0,07,000,00,2,1,01,A01
200600026795,0,07,000,00,2,4,01,B01
200600026796,0,07,000,00,2,8,01,B01
200600026796,0,30,000,00,2,1,01,A01
200600026797,0,07,000,00,0,6,10,A01
200600026797,0,07,000,00,2,1,01,B01
200600026798,0,02,000,00,2,1,17,A01
200600026798,0,07,000,00,2,3,15,B01
200600026799,0,07,000,00,2,3,01,A01
200600026799,0,07,000,00,2,2,01,B01
200600026800,0,07,000,01,2,1,02,A01
200600026800,0,07,000,00,0,4,23,C01
200600026801,0,07,000,00,2,2,01,A01
200600026801,0,07,000,00,2,3,16,B01
200600026802,0,07,001,00,1,2,01,A01
200600026803,0,07,000,00,1,1,01,A01
200600026804,0,07,000,00,2,2,01,A01
200600026804,0,07,000,00,2,3,01,B01
200600026805,0,30,000,00,2,1,01,A01
200600026805,0,07,000,00,0,4,23,B01
200600026806,0,07,000,01,0,1,14,A01
200600026807,0,07,000,00,0,7,01,A01
200600026808,0,07,000,00,2,1,01,A01
200600026809,0,10,000,00,1,4,04,A01
200600026810,0,07,000,00,2,1,01,B01
200600026810,0,01,000,00,2,1,00,A01
200600026811,0,02,000,01,0,1,14,A01
200600026812,0,30,000,00,2,1,05,A01
200600026812,0,07,000,00,2,8,15,B01
200600026813,0,30,000,00,2,1,01,A01
200600026813,0,01,000,00,2,4,01,B01
200600026814,0,32,000,00,2,1,13,A01
200600026814,0,07,000,00,2,2,01,B01
200600026815,0,07,000,00,2,1,02,A01
200600026815,0,07,000,00,2,4,02,B01
200600026816,0,07,000,00,2,0,00,A01
200600026816,0,01,000,00,2,0,00,B01
200600026817,0,33,000,00,2,1,01,A01
200600026817,0,14,000,00,0,0,15,B01
200600026818,0,07,000,00,2,3,15,A01
200600026818,0,07,000,00,2,6,01,B01
200600026819,0,02,000,00,1,1,01,A01
200600026819,0,07,000,00,2,5,23,B01
200600026820,0,02,000,00,2,3,15,A01
200600026820,0,07,000,00,2,7,01,B01
200600026821,0,07,000,00,1,4,04,A01
200600026822,0,02,000,00,1,1,01,A01
200600026823,1,10,000,00,1,0,01,A01
200600026824,0,07,000,00,2,5,15,A01
200600026824,0,40,000,00,2,2,02,B01
200600026825,0,07,000,00,2,1,13,A01
200600026825,0,07,000,00,2,1,01,B01
200600026825,0,07,000,00,2,1,01,C01
200600026826,0,07,000,00,2,1,02,A01
200600026826,0,07,000,00,2,8,02,B01
200600026827,1,07,000,00,2,0,00,A01
200600026827,0,30,000,00,2,0,00,B01
200600026828,0,07,000,00,2,1,15,A01
200600026828,0,02,000,01,0,9,01,B01
200600026828,0,07,000,00,0,3,00,C01
200600026829,0,07,000,00,2,4,01,A01
200600026829,0,07,000,00,2,4,01,B01
200600026829,0,07,000,00,2,4,16,C01
200600026830,0,10,000,00,2,1,01,A01
200600026830,0,07,000,00,0,7,16,B01
200600026831,0,07,000,00,2,1,02,A01
200600026831,0,07,000,00,2,4,02,B01
200600026832,0,07,000,01,0,2,01,A01
200600026833,0,30,000,00,0,0,00,A01
200600026834,0,07,000,00,2,3,01,A01
200600026834,0,01,000,00,2,8,09,B01
200600026835,0,33,000,00,2,8,01,A01
200600026835,0,07,000,00,2,7,15,B01
200600026836,0,07,000,00,1,2,01,A01
200600026837,0,33,000,00,2,1,01,B01
200600026837,0,10,000,00,2,7,15,A01
200600026838,0,07,000,00,2,3,01,A01
200600026838,0,07,000,08,2,1,01,B01
200600026839,0,07,000,00,1,2,01,A01
200600026840,0,07,000,00,2,5,15,A01
200600026840,0,02,000,00,2,1,01,B01
200600026841,1,07,000,00,1,1,01,A01
200600026842,0,07,000,00,2,3,15,A01
200600026842,0,33,000,00,2,1,01,B01
200600026843,0,01,000,01,0,1,16,A01
200600026844,1,07,000,00,1,1,01,A01
200600026845,0,07,000,00,1,1,01,A01
200600026846,0,07,000,00,2,1,01,A01
200600026846,0,07,000,00,2,6,01,B01
200600026847,0,30,000,00,2,8,01,A01
200600026847,0,07,000,00,2,1,01,B01
200600026848,0,10,000,00,2,1,01,A01
200600026848,0,07,000,00,2,4,23,B01
200600026849,0,07,000,00,2,7,01,B01
200600026849,0,01,000,00,2,2,19,A01
200600026850,0,07,000,00,2,1,09,A01
200600026850,0,07,000,00,2,7,01,B01
200600026851,0,07,000,00,2,2,09,A01
200600026851,0,07,000,00,2,1,01,B01
200600026852,1,07,000,00,1,3,01,A01
200600026853,0,30,000,00,4,3,15,A01
200600026853,0,40,000,00,2,2,01,B01
200600026854,0,35,000,02,0,1,00,A01
200600026855,0,37,001,00,2,7,21,B01
200600026855,0,01,000,00,2,1,09,A01
200600026856,0,30,000,00,0,0,00,A01
200600026856,1,07,000,00,0,0,19,B01
200600026857,1,10,000,00,1,1,01,A01
200600026858,0,07,000,00,1,1,00,A01
200600026859,0,07,000,00,1,1,01,A01
200600026860,0,13,000,00,1,1,15,A01
200600026861,0,33,000,01,0,1,01,A01
200600026862,0,17,000,00,2,1,01,A01
200600026862,0,07,000,00,2,1,01,B01
200600026862,0,07,000,00,2,4,01,C01
200600026863,0,07,000,08,0,1,01,A01
200600026864,1,07,000,00,2,0,00,A01
200600026865,0,14,000,00,2,1,01,A01
200600026865,0,07,000,00,2,1,15,B01
200600026866,0,07,000,03,0,3,01,A01
200600026867,0,01,000,00,2,1,01,A01
200600026867,0,07,000,00,2,8,01,B01
200600026868,0,07,000,00,2,3,09,A01
200600026868,0,01,000,00,2,7,01,B01
200600026869,0,01,000,00,2,4,15,B01
200600026869,1,07,000,00,2,1,01,A01
200600026870,0,07,000,00,2,7,01,A01
200600026870,0,07,000,00,2,3,01,B01
200600026871,0,07,000,00,2,6,01,A01
200600026871,0,01,000,00,2,1,01,B01
200600026872,0,07,000,08,0,1,14,A01
200600026873,0,07,000,06,0,1,14,A01
200600026874,0,10,000,14,0,1,01,A01
200600026875,0,18,007,00,1,5,02,A01
200600026876,0,07,000,00,1,4,04,A01
200600026877,0,07,000,15,0,9,01,A01
200600026878,0,07,000,00,2,3,09,A01
200600026878,0,01,000,00,2,5,01,B01
200600026879,0,07,000,00,2,8,13,C01
200600026879,0,07,000,00,2,1,02,F01
200600026879,0,17,000,00,2,3,02,E01
200600026879,0,17,000,00,2,5,02,B01
200600026879,0,07,000,00,2,8,02,A01
200600026879,0,07,000,00,2,8,02,D01
200600026880,0,07,000,00,2,3,05,A01
200600026880,0,07,000,00,2,3,05,B01
200600026881,0,30,000,00,0,7,02,B01
200600026881,1,07,000,00,0,0,00,A01
200600026882,0,02,000,00,2,1,01,B01
200600026882,0,07,000,00,2,3,15,A01
200600026883,0,07,000,02,0,1,14,A01
200600026884,0,17,000,00,2,1,02,A01
200600026884,0,07,000,00,0,4,01,B01
200600026885,0,01,000,14,0,1,02,A01
200600026885,0,07,000,00,9,4,00,B01
200600026886,0,07,000,00,1,1,04,A01
200600026887,0,07,000,00,1,1,01,A01
200600026888,0,33,000,00,2,1,15,A01
200600026888,0,07,000,00,0,3,01,B01
200600026889,0,02,000,00,2,1,17,A01
200600026889,0,07,000,00,0,3,15,B01
200600026890,0,07,000,00,2,2,01,A01
200600026890,0,30,000,00,0,4,02,B01
200600026891,0,17,000,00,2,4,04,A01
200600026891,0,01,000,00,0,1,01,B01
200600026892,0,17,000,00,2,1,01,A01
200600026892,0,07,000,00,0,4,01,B01
200600026893,0,10,000,00,2,1,01,A01
200600026893,0,07,000,00,0,0,01,B01
200600026893,0,07,000,00,0,0,01,C01
200600026894,0,33,000,12,0,1,20,A01
200600026895,0,07,000,00,2,8,15,A01
200600026895,0,14,000,00,0,1,01,B01
200600026896,0,02,000,01,2,1,17,A01
200600026897,0,02,000,01,2,1,07,A01
200600026897,0,07,000,00,0,2,24,B01
200600026897,0,07,000,00,0,4,24,C01
200600026898,0,07,000,06,0,1,14,A01
200600026899,0,07,000,00,2,8,10,A01
200600026899,0,30,000,00,2,1,13,B01
200600026900,0,30,000,00,2,1,09,A01
200600026900,0,07,000,00,0,2,01,B01
200600026901,0,07,000,00,1,1,01,A01
200600026902,0,33,000,12,0,1,01,A01
200600026903,0,02,000,00,2,1,13,A01
200600026903,0,07,000,00,0,2,01,B01
200600026904,0,07,000,00,1,3,01,A01
200600026905,1,07,000,00,2,2,01,A01
200600026905,0,32,000,00,2,8,16,B01
200600026906,0,02,000,00,2,1,01,A01
200600026906,0,10,000,00,0,3,01,B01
200600026907,0,07,000,00,0,2,01,B01
200600026907,0,07,000,00,2,1,16,A01
200600026908,0,07,000,00,1,3,01,A01
200600026909,0,07,000,00,2,3,15,B01
200600026909,0,10,000,00,2,1,01,A01
200600026910,0,07,000,00,2,3,01,A01
200600026910,0,33,000,00,0,3,01,B01
200600026911,0,37,000,00,1,2,00,A01
200600026912,0,07,000,00,2,1,01,A01
200600026912,0,07,000,00,0,4,15,B01
200600026913,0,33,000,00,0,7,01,B01
200600026913,0,01,000,00,2,1,15,A01
200600026914,0,07,000,00,2,4,01,B01
200600026914,0,07,000,00,2,1,01,A01
200600026915,0,07,000,00,2,1,01,A01
200600026915,0,07,000,00,2,3,15,B01
200600026916,0,07,000,00,9,7,16,A01
200600026916,0,02,000,00,2,1,01,B01
200600026917,0,10,000,00,9,3,16,B01
200600026917,0,02,000,00,2,1,01,A01
200600026918,0,30,000,00,2,7,01,B01
200600026918,1,07,000,00,2,3,15,A01
200600026919,0,07,000,00,1,8,01,A01
200600026920,0,07,000,00,2,8,15,B01
200600026920,0,02,000,00,2,1,17,A01
200600026921,0,07,000,00,2,3,01,B01
200600026921,0,07,000,00,2,2,15,A01
200600026922,0,07,000,00,2,1,01,B01
200600026922,0,07,000,00,2,2,15,A01
200600026923,0,33,000,00,2,1,01,B01
200600026923,0,07,000,00,2,3,01,A01
200600026924,0,07,000,08,2,6,01,B01
200600026924,0,07,000,00,2,1,15,A01
200600026925,0,07,000,00,2,8,15,A01
200600026925,0,10,000,00,2,2,02,B01
200600026926,0,07,000,00,2,4,02,B01
200600026926,0,07,000,00,2,4,23,E01
200600026926,0,07,000,00,2,3,02,D01
200600026926,0,07,000,00,2,1,02,A01
200600026926,0,07,000,00,2,4,23,C01
200600026927,0,02,000,00,1,1,01,A01
200600026928,0,07,000,00,2,8,01,A01
200600026928,0,07,000,00,2,1,01,B01
200600026929,0,05,000,00,2,7,21,B01
200600026930,0,10,000,00,2,1,21,B01
200600026930,0,07,000,13,0,3,19,A01
200600026931,0,30,000,00,2,1,01,A01
200600026931,0,07,000,00,2,1,01,B01
200600026932,0,02,000,00,1,1,17,A01
200600026933,0,02,000,00,0,4,02,A01
200600026933,0,02,000,06,2,1,02,B01
200600026934,0,07,000,00,2,1,01,A01
200600026934,0,01,000,00,2,1,01,B01
200600026935,0,07,000,00,2,1,15,A01
200600026935,0,02,000,00,2,1,01,B01
200600026936,0,02,000,00,2,1,17,A01
200600026936,0,07,000,00,2,3,17,B01
200600026937,0,07,000,00,1,1,01,A01
200600026938,0,07,000,00,0,0,01,A01
200600026939,0,01,000,00,2,8,09,A01
200600026939,0,07,000,00,2,2,01,B01
200600026940,0,01,000,00,0,1,00,A01
200600026941,1,10,000,00,2,0,00,A01
200600026941,0,01,000,00,2,0,01,B01
200600026942,0,07,000,00,2,1,01,A01
200600026942,0,07,000,00,2,4,01,B01
200600026943,0,17,000,00,2,0,00,A01
200600026943,0,07,000,00,2,0,00,B01
200600026944,0,07,000,00,2,2,15,A01
200600026944,0,02,000,00,2,1,01,B01
200600026945,0,07,000,00,2,2,15,A01
200600026945,0,07,000,00,2,1,01,B01
200600026946,0,07,000,00,2,2,01,A01
200600026946,0,02,000,00,2,1,18,B01
200600026947,0,07,000,00,1,1,01,A01
200600026948,0,10,000,00,2,5,00,A01
200600026948,0,10,000,00,2,1,00,B01
200600026949,0,07,000,00,2,1,15,A01
200600026949,0,33,000,01,2,1,01,B01
200600026950,0,02,000,00,2,1,01,B01
200600026950,0,07,000,00,2,3,15,A01
200600026951,0,07,000,00,2,3,16,A01
200600026951,0,02,000,00,2,1,01,B01
200600026952,0,07,000,00,2,1,15,A01
200600026952,0,02,000,00,2,1,01,B01
200600026953,0,01,000,00,2,1,19,A01
200600026953,0,07,000,00,2,1,01,B01
200600026954,0,07,000,00,2,2,16,A01
200600026954,0,37,000,00,2,1,01,B01
200600026955,0,07,000,00,2,2,15,A01
200600026955,0,02,000,00,2,1,01,B01
200600026956,0,10,000,14,0,0,01,A01
200600026957,0,07,000,03,0,7,00,A01
200600026958,0,07,000,02,0,9,00,A01
200600026959,0,02,000,00,2,3,01,A01
200600026959,0,07,000,00,2,1,01,B01
200600026960,0,07,000,00,2,1,15,A01
200600026960,0,07,000,00,2,1,01,B01
200600026961,0,07,000,08,2,0,01,A01
200600026961,0,07,000,00,2,7,01,B01
200600026962,0,07,000,00,0,2,15,A01
200600026962,0,07,000,00,2,1,01,B01
200600026963,0,01,000,00,2,2,19,A01
200600026963,0,07,000,00,2,1,01,B01
200600026964,0,07,000,12,0,3,01,A01
200600026965,0,07,000,13,0,1,01,A01
200600026966,0,38,000,00,0,4,24,B01
200600026966,0,07,000,01,0,1,01,A01
200600026967,0,02,000,12,0,0,01,A01
200600026968,0,07,000,00,1,1,16,A01
200600026969,0,07,000,00,1,3,02,A01
200600026970,1,30,000,00,2,3,17,A01
200600026970,0,30,000,00,2,3,15,B01
200600026971,0,10,000,00,2,0,00,A01
200600026971,0,01,000,00,2,0,01,B01
200600026972,0,07,000,00,2,1,00,A01
200600026972,0,07,000,00,2,4,00,B01
200600026973,0,07,000,00,2,1,09,A01
200600026973,0,30,000,00,2,1,00,B01
200600026974,0,33,000,00,0,0,00,A01
200600026975,0,07,000,00,2,3,01,A01
200600026975,0,07,000,00,2,7,12,B01
200600026976,0,33,000,00,2,9,00,A01
200600026976,0,07,000,00,2,8,00,B01
200600026977,0,30,000,01,0,7,00,A01
200600026978,0,02,000,00,1,1,01,A01
200600026979,0,07,000,00,2,1,16,A01
200600026979,0,07,000,00,2,3,02,B01
200600026980,0,05,000,11,0,1,02,A01
200600026981,0,07,000,00,2,7,17,A01
200600026981,0,07,000,00,2,7,02,C01
200600026981,0,17,000,00,2,3,02,B01
200600026982,0,02,000,03,0,8,02,A01
200600026983,0,02,000,00,2,1,02,A01
200600026983,0,07,000,00,2,3,02,B01
200600026984,0,02,000,00,0,1,02,A01
200600026985,0,07,000,00,2,2,02,A01
200600026985,0,02,000,00,2,1,02,B01
200600026986,0,07,000,00,2,2,01,A01
200600026986,0,30,000,00,2,8,01,B01
200600026987,0,07,000,00,2,2,16,B01
200600026987,0,02,000,00,2,8,01,A01
200600026988,0,02,000,01,0,1,01,A01
200600026989,1,10,000,00,2,1,01,A01
200600026989,0,07,000,00,2,2,01,B01
200600026990,0,07,000,00,2,1,13,A01
200600026990,0,07,000,00,2,3,01,B01
200600026991,0,33,000,00,2,1,02,A01
200600026991,0,07,000,00,2,4,02,B01
200600026992,0,01,000,00,2,3,15,A01
200600026992,0,07,000,00,2,1,17,B01
200600026993,0,02,000,00,2,1,18,A01
200600026993,0,14,000,00,2,2,16,B01
200600026994,0,07,000,00,2,1,15,A01
200600026994,0,07,000,00,2,1,01,B01
200600026995,0,10,000,00,2,5,17,A01
200600026995,0,31,000,00,2,3,01,B01
200600026996,0,02,000,00,2,1,17,A01
200600026996,0,30,000,00,2,1,01,B01
200600026997,0,33,000,00,2,1,17,A01
200600026997,0,07,000,00,2,3,15,B01
200600026998,0,02,000,14,0,0,01,A01
200600026999,0,02,000,00,2,1,15,A01
200600026999,0,07,000,00,2,1,01,B01
200600027000,0,07,000,09,0,1,00,A01
200600027001,0,02,000,00,2,1,01,A01
200600027001,0,37,000,00,2,8,15,B01
200600027002,0,07,000,01,0,1,14,A01
200600027003,0,02,000,00,2,1,01,A01
200600027003,0,07,000,00,2,6,15,B01
200600027004,0,02,000,11,0,1,13,A01
200600027005,0,01,000,00,2,8,01,A01
200600027005,0,07,000,00,2,8,01,B01
200600027006,0,07,000,00,2,1,01,A01
200600027006,0,02,000,00,2,4,15,B01
200600027007,0,07,000,00,2,1,01,A01
200600027007,0,07,000,00,2,4,01,B01
200600027008,0,07,000,00,2,8,09,A01
200600027008,0,02,000,00,2,1,01,B01
200600027008,0,02,000,00,2,1,01,C01
200600027009,0,07,000,00,1,3,09,A01
200600027010,0,02,000,00,2,1,00,A01
200600027010,0,07,000,00,2,3,00,B01
200600027011,0,07,000,00,1,1,00,A01
200600027012,0,07,000,08,0,1,00,A01
200600027013,0,07,000,00,2,3,13,A01
200600027013,0,07,000,00,2,3,01,B01
200600027014,1,07,000,00,2,1,01,A01
200600027014,0,07,000,00,2,4,02,B01
200600027015,0,15,000,00,0,6,01,C01
200600027015,0,07,000,00,2,1,02,B01
200600027015,0,10,000,00,2,1,02,A01
200600027016,0,07,000,02,0,1,01,A01
200600027017,0,17,000,00,0,6,00,B01
200600027017,0,07,000,11,2,1,02,A01
200600027018,0,07,000,00,1,1,01,A01
200600027019,0,07,000,00,2,1,02,A01
200600027019,0,07,000,00,2,4,02,B01
200600027019,0,07,000,00,2,4,02,C01
200600027019,0,07,000,00,2,4,02,D01
200600027020,0,02,000,00,2,1,17,A01
200600027020,0,07,000,00,2,8,15,B01
200600027021,0,30,000,00,2,1,05,A01
200600027021,0,10,000,00,2,1,01,B01
200600027022,0,07,000,00,2,7,21,A01
200600027022,0,01,000,00,2,8,01,B01
200600027023,1,07,000,00,1,1,01,A01
200600027024,0,07,000,00,1,2,01,A01
200600027025,0,07,000,00,1,1,01,A01
200600027026,0,07,000,00,1,3,01,A01
200600027027,0,01,000,00,1,0,00,A01
200600027028,0,30,000,00,5,1,01,A01
200600027029,0,02,000,00,2,1,17,B01
200600027029,0,07,000,00,2,1,09,A01
200600027030,0,07,000,00,1,0,01,A01
200600027031,0,07,000,00,2,1,02,A01
200600027031,0,07,000,00,2,4,02,B01
200600027032,0,02,000,00,2,1,02,A01
200600027032,0,07,000,00,2,4,02,B01
200600027033,0,33,000,00,2,4,10,A01
200600027033,0,02,000,00,0,4,01,B01
200600027034,0,30,000,00,2,1,17,A01
200600027034,0,07,000,00,0,3,15,B01
200600027035,0,07,000,15,0,3,13,A01
200600027036,0,07,000,13,0,9,01,A01
200600027037,0,07,000,00,1,2,01,A01
200600027038,0,02,000,08,0,1,01,A01
200600027039,0,30,000,00,2,1,01,A01
200600027040,0,30,000,00,2,8,15,A01
200600027040,0,02,000,06,2,1,01,B01
200600027041,0,02,000,00,2,3,01,A01
200600027041,0,10,000,00,9,1,09,B01
200600027042,0,07,000,00,2,3,01,B01
200600027042,0,02,000,00,2,1,01,A01
200600027043,1,07,000,00,0,0,00,A01
200600027044,0,01,000,00,1,1,01,A01
200600027045,0,07,000,00,2,1,01,A01
200600027045,0,07,000,00,2,1,15,B01
200600027046,1,07,000,00,0,0,00,A01
200600027047,0,07,000,00,2,8,15,A01
200600027047,0,40,000,00,2,1,07,B01
200600027048,0,07,000,02,2,5,17,A01
200600027048,0,10,000,00,2,3,15,B01
200600027049,0,02,000,00,1,1,01,A01
200600027050,0,07,000,00,2,3,15,A01
200600027050,0,31,000,00,2,1,16,B01
200600027051,0,07,000,00,1,3,01,A01
200600027052,0,07,000,00,2,3,01,B01
200600027052,0,01,000,00,2,1,19,A01
200600027053,0,33,000,01,0,1,01,A01
200600027053,0,07,000,00,2,1,00,B01
200600027054,0,02,000,00,2,7,01,A01
200600027054,0,07,000,00,2,1,01,B01
200600027055,0,33,000,00,2,1,01,B01
200600027055,0,07,000,00,2,6,09,A01
200600027056,0,07,000,00,2,7,01,A01
200600027056,0,01,000,00,2,8,01,B01
200600027057,0,07,000,00,2,1,02,A01
200600027057,0,32,000,00,2,4,02,B01
200600027058,0,07,000,00,2,1,15,A01
200600027058,0,07,000,00,2,1,01,B01
200600027059,0,07,000,00,2,4,02,A01
200600027059,0,10,000,00,2,1,01,B01
200600027060,0,07,000,06,0,1,00,A01
200600027061,0,07,000,08,0,1,14,A01
200600027062,0,07,000,00,2,1,15,A01
200600027062,0,33,000,00,2,8,01,B01
200600027063,0,17,000,00,2,1,01,B01
200600027063,0,07,000,00,2,8,01,A01
200600027064,0,32,000,00,2,1,01,A01
200600027064,0,07,000,00,2,4,23,B01
200600027065,0,07,000,00,1,1,01,A01
200600027066,0,07,000,00,1,3,01,A01
200600027067,0,07,000,00,2,1,01,A01
200600027067,0,07,000,00,2,7,01,B01
200600027068,0,07,000,00,2,7,15,A01
200600027068,0,33,000,00,2,7,01,B01
200600027069,0,07,000,00,2,0,02,A01
200600027069,0,02,000,12,0,1,14,B01
200600027070,0,03,000,00,2,9,01,B01
200600027070,0,07,000,00,2,2,15,A01
200600027071,0,07,000,00,2,3,01,B01
200600027071,0,07,000,00,2,2,01,A01
200600027072,0,07,000,01,2,6,10,A01
200600027072,0,07,000,00,2,1,01,B01
200600027073,0,07,000,00,2,1,01,A01
200600027073,0,07,000,00,2,1,01,B01
200600027074,1,30,000,00,2,0,00,A01
200600027074,0,01,000,00,2,8,01,B01
200600027075,1,07,000,00,2,1,01,A01
200600027075,0,07,000,00,2,4,23,B01
200600027076,0,07,000,00,2,1,01,A01
200600027076,0,03,000,00,2,8,01,B01
200600027077,0,02,000,00,2,1,01,A01
200600027077,0,07,000,00,2,5,16,B01