Num_Acc,senc,catv,occutc,obs,obsm,choc,manv,num_veh
200600028199,0,07,000,01,2,1,01,A01
200600028200,0,05,000,00,2,4,09,A01
200600028200,0,07,000,00,2,1,01,B01
200600028201,0,07,000,00,2,8,22,A01
200600028201,0,05,000,00,2,3,01,B01
200600028202,0,07,000,00,1,1,01,A01
200600028203,0,07,000,00,2,1,14,A01
200600028203,0,14,000,00,2,4,23,B01
200600028204,0,01,000,00,2,3,19,A01
200600028204,0,05,000,00,2,1,01,B01
200600028205,0,05,000,00,0,0,21,A01
200600028206,0,02,000,11,0,3,01,A01
200600028207,0,07,000,00,2,4,15,A01
200600028207,0,02,000,00,2,1,01,B01
200600028208,0,07,000,00,2,2,15,A01
200600028208,0,05,000,00,2,1,01,B01
200600028209,0,02,000,00,2,1,01,A01
200600028209,0,07,000,00,2,4,01,B01
200600028210,0,07,000,00,2,1,01,A01
200600028211,0,07,000,00,1,4,04,A01
200600028212,0,07,000,00,2,1,15,A01
200600028213,0,02,000,00,2,1,01,B01
200600028213,0,07,000,00,2,2,01,A01
200600028214,0,07,000,00,2,3,09,A01
200600028214,0,04,000,01,2,1,01,B01
200600028215,0,07,000,14,2,7,01,B01
200600028215,0,10,000,00,2,1,01,A01
200600028216,1,02,000,00,1,1,00,A01
200600028217,0,07,000,00,2,1,15,B01
200600028217,0,07,000,00,2,2,01,A01
200600028218,0,05,000,00,0,0,16,A01
200600028219,0,04,000,01,0,1,01,A01
200600028220,0,01,000,00,2,2,19,A01
200600028220,0,07,000,00,2,1,01,B01
200600028221,0,07,000,00,2,3,15,A01
200600028221,0,05,000,00,2,2,01,B01
200600028222,0,07,000,00,2,8,09,A01
200600028222,0,10,000,00,2,1,01,B01
200600028222,0,07,000,00,2,1,01,C01
200600028223,0,05,000,00,2,1,01,A01
200600028224,0,07,000,00,2,1,01,A01
200600028224,0,07,000,00,2,4,23,B01
200600028225,0,07,000,00,2,1,01,A01
200600028225,0,02,000,00,2,4,23,B01
200600028226,0,02,000,00,2,5,12,A01
200600028226,0,07,000,00,2,3,01,B01
200600028227,0,07,000,00,2,8,22,A01
200600028227,0,01,000,00,2,2,01,B01
200600028227,0,07,000,00,2,2,01,C01
200600028228,1,07,000,00,2,8,00,A01
200600028228,0,02,000,00,2,2,01,B01
200600028229,0,04,000,00,1,1,01,A01
200600028230,0,04,000,00,2,2,17,A01
200600028230,0,07,000,00,2,8,15,B01
200600028231,0,07,000,00,2,1,05,A01
200600028231,0,04,000,00,2,1,01,B01
200600028231,0,10,000,00,2,1,01,C01
200600028232,1,04,000,00,1,1,00,A01
200600028233,0,02,000,00,2,1,01,A01
200600028233,0,07,000,00,2,8,01,B01
200600028234,0,07,000,00,1,4,04,A01
200600028235,0,04,000,00,0,0,21,A01
200600028236,0,07,000,00,2,3,09,A01
200600028236,0,04,000,00,2,2,21,B01
200600028237,0,01,000,00,2,2,16,B01
200600028237,0,07,000,00,2,8,22,A01
200600028238,0,07,000,00,2,8,22,A01
200600028238,0,04,000,00,2,2,01,B01
200600028239,0,07,000,00,2,3,09,A01
200600028239,0,05,000,00,2,1,01,B01
200600028240,0,10,000,00,2,8,22,A01
200600028240,0,05,000,01,2,2,01,B01
200600028241,0,07,000,00,2,7,01,A01
200600028241,0,07,000,00,2,1,01,B01
200600028242,0,02,000,00,2,2,17,A01
200600028242,0,07,000,00,2,8,15,B01
200600028243,0,07,000,00,2,1,01,A01
200600028243,0,05,000,00,2,4,23,B01
200600028244,0,02,000,00,2,2,17,A01
200600028244,0,02,000,00,2,3,01,B01
200600028245,0,07,000,00,1,1,15,A01
200600028246,0,18,000,00,1,1,01,A01
200600028247,0,10,000,00,1,1,01,A01
200600028248,0,07,000,00,2,8,10,A01
200600028248,0,04,000,00,2,2,01,B01
200600028249,0,07,000,00,2,8,01,B01
200600028249,0,02,000,00,2,1,01,A01
200600028250,0,02,000,00,5,1,01,A01
200600028251,0,07,000,00,1,7,01,A01
200600028252,0,04,000,00,2,1,01,A01
200600028252,0,07,000,00,2,8,01,B01
200600028253,0,07,000,00,1,4,04,A01
200600028254,0,05,000,00,2,1,01,A01
200600028254,0,04,000,00,2,5,01,B01
200600028255,0,02,000,01,0,1,01,A01
200600028256,0,05,000,00,0,0,01,A01
200600028257,0,02,000,12,0,1,14,A01
200600028258,0,10,000,00,2,1,02,A01
200600028258,0,07,000,00,2,4,02,B01
200600028258,0,07,000,00,2,4,02,C01
200600028259,0,07,000,00,2,2,12,A01
200600028259,0,04,000,00,2,6,01,B01
200600028260,0,05,000,00,2,1,01,A01
200600028260,0,07,000,00,2,4,01,B01
200600028261,0,05,000,00,0,1,01,A01
200600028262,0,17,000,00,2,1,01,A01
200600028262,0,07,000,00,2,4,01,B01
200600028262,0,07,000,00,2,4,01,C01
200600028262,0,07,000,00,2,2,01,D01
200600028263,0,05,000,00,0,0,01,A01
200600028264,0,05,000,00,0,0,01,A01
200600028265,0,07,000,00,2,2,12,A01
200600028265,0,05,000,00,2,1,03,B01
200600028266,0,01,000,00,2,6,15,A01
200600028266,0,07,000,00,2,2,01,B01
200600028267,0,05,000,00,1,1,01,A01
200600028268,0,07,000,00,1,1,01,A01
200600028269,0,07,000,00,2,7,01,A01
200600028269,0,07,000,00,2,1,01,B01
200600028270,0,07,000,00,1,1,01,A01
200600028271,0,02,000,00,0,0,13,A01
200600028272,0,05,000,00,0,1,01,A01
200600028273,0,04,000,00,0,0,01,A01
200600028274,0,07,000,00,2,2,10,A01
200600028274,0,05,000,00,2,1,01,B01
200600028275,0,05,000,00,0,3,01,A01
200600028276,0,02,000,00,2,1,17,A01
200600028276,0,07,000,00,2,8,15,B01
200600028277,0,07,000,00,1,1,01,A01
200600028278,0,05,000,00,2,1,02,A01
200600028278,0,10,000,00,2,4,23,B01
200600028279,0,14,000,00,2,2,12,A01
200600028279,0,05,000,00,2,3,01,B01
200600028280,0,04,000,00,1,1,01,A01
200600028281,0,05,000,00,1,1,07,A01
200600028282,0,01,000,00,1,1,01,A01
200600028283,0,04,000,00,0,0,21,A01
200600028284,0,02,000,00,2,1,05,A01
200600028284,0,07,000,00,2,1,01,B01
200600028285,0,07,000,00,1,1,01,A01
200600028286,0,07,000,00,2,1,01,A01
200600028286,0,07,000,00,2,7,01,B01
200600028287,0,07,000,00,2,3,09,A01
200600028287,0,02,000,00,2,1,01,B01
200600028288,0,07,000,00,2,2,16,A01
200600028288,0,01,000,00,2,1,01,B01
200600028289,0,07,000,00,2,1,02,A01
200600028289,0,07,000,00,2,4,02,B01
200600028290,0,10,000,00,2,8,22,A01
200600028290,0,01,000,00,2,2,01,B01
200600028291,1,07,000,00,2,8,00,A01
200600028291,0,05,000,00,2,2,01,B01
200600028292,0,07,000,00,2,1,02,A01
200600028292,0,07,000,00,2,4,02,B01
200600028293,0,10,000,00,1,1,01,A01
200600028294,0,07,000,00,2,1,02,A01
200600028294,0,07,000,00,2,4,23,B01
200600028295,0,04,000,00,0,0,01,A01
200600028296,0,05,000,00,2,2,17,A01
200600028296,0,18,000,00,2,3,15,B01
200600028297,0,07,000,00,2,1,02,A01
200600028297,0,07,000,00,2,4,23,B01
200600028298,0,04,000,00,0,0,16,A01
200600028299,0,05,000,00,2,1,01,A01
200600028299,0,05,000,00,2,2,15,B01
200600028300,0,07,000,00,2,8,22,A01
200600028300,0,01,000,00,2,2,01,B01
200600028301,0,04,000,00,2,6,11,A01
200600028301,0,10,000,00,2,2,01,B01
200600028302,0,07,000,00,1,1,01,A01
200600028303,0,07,000,00,2,8,10,A01
200600028303,0,02,000,00,2,2,01,B01
200600028304,0,07,000,00,1,1,01,A01
200600028305,0,07,000,00,2,1,01,A01
200600028305,0,04,000,00,2,6,01,B01
200600028306,0,02,000,00,2,1,02,A01
200600028306,0,10,000,00,2,4,23,B01
200600028307,0,10,000,00,2,1,02,A01
200600028307,0,05,000,00,2,4,23,B01
200600028308,0,07,000,08,0,1,07,A01
200600028309,0,07,000,00,1,1,01,A01
200600028310,0,07,000,00,2,1,02,A01
200600028310,0,07,000,00,2,1,02,B01
200600028310,0,07,000,00,2,4,02,C01
200600028311,0,10,000,00,2,5,12,A01
200600028311,0,05,000,00,2,1,03,B01
200600028312,0,07,000,00,2,3,22,A01
200600028312,0,05,000,00,2,1,03,B01
200600028313,0,07,000,00,2,7,12,A01
200600028313,0,05,000,00,2,1,03,B01
200600028314,0,05,000,00,0,0,01,A01
200600028315,0,07,000,00,2,1,02,A01
200600028315,0,07,000,00,2,4,02,B01
200600028315,0,07,000,00,2,4,02,C01
200600028316,0,05,000,15,0,1,12,A01
200600028317,0,02,000,00,1,1,01,A01
200600028318,0,05,000,00,0,0,21,A01
200600028319,0,04,000,00,2,1,02,A01
200600028319,0,10,000,00,2,4,02,B01
200600028320,0,02,000,00,2,3,18,A01
200600028320,0,18,000,00,2,7,01,B01
200600028320,0,18,000,00,2,3,01,C01
200600028321,0,07,000,00,2,1,02,A01
200600028321,0,07,000,00,2,4,02,B01
200600028322,0,05,000,00,0,0,01,A01
200600028323,0,07,000,00,2,8,11,A01
200600028323,0,05,000,00,2,2,03,B01
200600028324,0,05,000,00,2,2,01,A01
200600028324,0,05,000,00,2,1,01,B01
200600028325,0,07,000,00,2,5,22,A01
200600028325,0,05,000,00,2,3,18,B01
200600028326,0,05,000,00,2,6,15,A01
200600028326,0,05,000,00,2,2,01,B01
200600028327,0,07,000,00,1,1,01,A01
200600028328,0,05,000,00,1,1,01,A01
200600028329,0,05,000,00,2,1,02,A01
200600028329,0,07,000,00,2,4,02,B01
200600028330,0,07,000,12,2,2,14,A01
200600028330,0,18,000,00,2,3,01,B01
200600028331,0,07,000,00,2,1,02,A01
200600028331,0,07,000,00,2,4,23,B01
200600028331,0,07,000,00,2,4,23,C01
200600028331,0,07,000,00,2,4,23,D01
200600028332,0,02,000,00,1,1,01,A01
200600028333,0,02,000,00,1,1,01,A01
200600028334,0,18,000,00,1,1,01,A01
200600028335,0,04,000,00,2,3,13,A01
200600028335,0,10,000,00,2,7,01,B01
200600028336,0,07,000,11,0,1,10,A01
200600028337,0,01,000,00,2,2,05,A01
200600028337,0,07,000,00,2,1,01,B01
200600028338,0,14,000,00,2,2,15,A01
200600028338,0,05,000,00,2,1,01,B01
200600028339,0,01,000,00,2,2,01,A01
200600028339,0,05,000,00,2,1,01,B01
200600028340,0,07,000,00,2,2,15,A01
200600028340,0,02,000,00,2,1,01,B01
200600028341,0,02,000,00,2,2,01,A01
200600028341,0,07,000,00,2,1,15,B01
200600028342,0,02,000,00,2,3,07,A01
200600028342,0,07,000,00,2,2,16,B01
200600028343,0,02,000,00,0,0,01,A01
200600028344,0,07,000,00,1,1,01,A01
200600028345,0,04,000,00,0,1,21,A01
200600028346,0,04,000,00,0,0,21,A01
200600028347,0,05,000,07,0,1,17,A01
200600028348,0,07,000,00,2,4,15,A01
200600028348,0,05,000,00,2,1,01,B01
200600028349,0,07,000,00,2,1,02,A01
200600028349,0,07,000,00,2,4,02,B01
200600028350,0,07,000,00,2,2,16,A01
200600028350,0,01,000,00,2,3,01,B01
200600028351,0,05,000,00,0,0,01,A01
200600028352,0,07,000,00,1,1,01,A01
200600028353,0,05,000,00,2,2,01,A01
200600028353,0,07,000,00,2,1,16,B01
200600028354,0,02,000,00,1,1,17,A01
200600028355,0,07,000,00,1,1,01,A01
200600028356,0,07,000,00,2,3,11,A01
200600028356,0,04,000,00,2,2,17,B01
200600028357,0,07,000,00,2,2,16,A01
200600028357,0,07,000,01,2,3,01,B01
200600028358,0,10,000,00,2,2,01,A01
200600028358,0,04,000,00,2,1,01,B01
200600028359,0,02,000,00,0,0,01,A01
200600028360,0,02,000,00,2,3,01,B01
200600028360,0,02,000,00,2,1,01,A01
200600028361,0,01,000,00,1,1,01,A01
200600028362,0,07,000,00,2,1,05,A01
200600028362,0,07,000,00,2,1,01,B01
200600028363,0,02,000,00,0,0,01,A01
200600028364,0,07,000,00,2,6,15,A01
200600028364,0,04,000,00,2,2,01,B01
200600028364,0,07,000,00,2,1,23,C01
200600028365,1,07,000,00,1,1,00,A01
200600028366,0,02,000,00,1,1,01,A01
200600028367,0,07,000,00,2,1,15,A01
200600028368,0,02,000,00,2,6,15,A01
200600028368,0,04,000,00,2,2,01,B01
200600028369,0,05,000,00,2,0,01,A01
200600028370,0,07,000,00,1,4,04,A01
200600028371,0,02,000,00,0,0,01,A01
200600028372,1,10,000,00,1,1,00,A01
200600028373,0,07,000,00,2,3,01,B01
200600028373,0,02,000,00,2,1,01,A01
200600028374,0,02,000,00,2,2,09,A01
200600028374,0,07,000,00,2,1,01,B01
200600028375,1,05,000,00,2,6,00,A01
200600028375,0,05,000,00,2,2,01,B01
200600028376,0,02,000,00,2,3,01,B01
200600028376,0,02,000,00,2,1,01,A01
200600028377,0,07,000,00,1,1,01,A01
200600028378,0,07,000,04,0,1,15,A01
200600028379,0,05,000,00,2,1,02,A01
200600028379,0,10,000,00,2,4,23,B01
200600028380,0,04,000,00,2,2,17,A01
200600028380,0,10,000,00,2,8,15,B01
200600028381,0,07,000,00,2,1,01,B01
200600028381,0,07,000,00,2,2,15,A01
200600028382,1,07,000,00,2,2,00,A01
200600028382,0,04,000,00,2,6,01,B01
200600028382,0,07,000,00,2,2,01,C01
200600028383,0,07,000,00,2,3,11,A01
200600028383,0,05,000,00,2,2,03,B01
200600028383,0,07,000,00,2,7,01,C01
200600028384,0,05,000,00,2,1,02,A01
200600028384,0,07,000,00,2,4,02,B01
200600028385,0,07,000,00,2,6,11,A01
200600028385,0,05,000,00,2,2,01,B01
200600028386,0,10,000,00,2,1,02,A01
200600028386,0,07,000,00,2,4,02,B01
200600028387,0,07,000,01,0,1,01,A01
200600028388,0,10,000,00,2,1,01,B01
200600028388,0,04,000,00,2,2,01,A01
200600028389,0,07,000,07,0,1,01,A01
200600028390,0,07,000,00,1,4,04,A01
200600028391,0,07,000,00,1,1,01,A01
200600028392,0,07,000,00,1,1,07,A01
200600028393,0,04,000,00,1,1,01,A01
200600028394,0,05,000,00,2,1,01,B01
200600028394,0,02,000,00,2,2,01,A01
200600028395,0,07,000,09,0,8,10,A01
200600028396,0,07,000,00,2,2,12,A01
200600028396,0,07,000,00,2,6,01,B01
200600028397,0,07,000,00,2,3,09,A01
200600028397,0,05,000,00,2,1,01,B01
200600028398,1,99,000,00,9,0,00,A01
200600028398,0,02,000,00,2,8,01,B01
200600028399,0,07,000,13,0,9,01,A01
200600028399,0,07,000,13,0,9,01,B01
200600028400,0,07,000,00,2,1,01,B01
200600028400,0,07,000,00,2,8,15,A01
200600028401,0,07,000,00,2,3,15,A01
200600028401,0,99,000,00,2,2,01,B01
200600028402,0,07,000,00,2,2,15,B01
200600028402,0,02,000,00,2,1,01,A01
200600028403,0,39,000,00,1,2,16,A01
200600028404,0,32,000,00,2,1,01,A01
200600028404,0,07,000,00,2,4,23,B01
200600028405,0,07,000,00,1,8,01,A01
200600028406,1,07,000,00,2,0,00,A01
200600028406,0,05,000,00,2,5,00,B01
200600028407,0,07,000,06,2,2,01,A01
200600028408,0,07,000,00,0,7,11,A01
200600028408,0,07,000,00,0,1,01,B01
200600028409,0,07,000,00,0,0,00,A01
200600028409,0,30,000,00,0,0,00,B01
200600028410,0,07,000,00,2,1,05,A01
200600028410,0,07,000,00,2,1,01,B01
200600028411,0,07,000,00,2,7,19,A01
200600028411,0,07,000,00,2,1,01,B01
200600028412,0,07,000,00,2,3,11,A01
200600028412,0,07,000,00,2,1,01,B01
200600028413,0,07,000,11,0,1,01,A01
200600028414,0,07,000,00,2,5,15,A01
200600028414,0,33,000,00,2,1,01,B01
200600028415,0,33,000,11,0,1,00,A01
200600028416,0,07,000,00,2,3,01,A01
200600028416,0,07,000,00,2,2,02,B01
200600028417,0,07,000,00,1,0,00,A01
200600028418,0,31,000,00,2,1,01,A01
200600028418,0,07,000,00,2,3,21,B01
200600028419,0,16,000,00,2,2,01,A01
200600028419,0,07,000,00,2,3,01,B01
200600028419,0,07,000,00,2,3,01,C01
200600028420,0,33,000,00,2,9,17,A01
200600028420,0,17,000,00,2,8,15,B01
200600028421,0,33,000,12,0,8,11,A01
200600028422,0,07,000,00,2,1,02,A01
200600028422,0,07,000,00,2,4,02,B01
200600028423,0,07,000,00,2,1,01,A01
200600028423,0,07,000,00,2,1,16,B01
200600028424,0,07,000,04,0,9,00,A01
200600028425,0,07,000,00,1,2,01,A01
200600028426,0,30,000,00,2,7,01,A01
200600028426,0,15,000,00,2,3,01,B01
200600028427,0,07,000,00,1,3,01,A01
200600028428,0,37,001,00,2,1,13,A01
200600028428,0,01,000,00,0,0,15,B01
200600028429,0,07,000,00,2,7,13,A01
200600028429,0,07,000,00,2,3,00,B01
200600028430,0,07,000,00,2,7,19,A01
200600028430,0,30,000,00,2,1,02,B01
200600028431,0,40,000,00,1,7,01,A01
200600028432,0,02,000,08,0,1,01,A01
200600028433,0,30,000,13,0,0,13,A01
200600028434,0,07,000,04,0,1,00,A01
200600028435,0,30,000,00,2,1,01,A01
200600028435,0,07,000,00,2,5,01,B01
200600028436,0,01,000,12,0,7,01,A01
200600028437,0,07,000,00,2,1,01,A01
200600028437,0,07,000,00,2,4,02,B01
200600028438,0,02,000,00,2,8,13,A01
200600028438,0,05,000,00,2,7,17,B01
200600028439,0,02,000,13,0,1,13,A01
200600028440,0,07,000,00,1,2,15,A01
200600028441,0,07,000,00,1,5,04,A01
200600028442,0,02,000,00,2,4,02,A01
200600028442,0,33,000,00,2,1,02,B01
200600028443,0,07,000,00,2,2,15,A01
200600028443,0,02,000,00,2,1,01,B01
200600028444,0,07,000,00,2,2,15,A01
200600028444,0,07,000,00,2,1,01,B01
200600028445,0,02,000,00,2,1,02,A01
200600028445,0,07,000,00,2,4,01,B01
200600028446,1,07,000,00,0,0,00,A01
200600028447,0,16,000,00,2,2,10,A01
200600028447,0,07,000,00,2,3,15,B01
200600028448,0,07,000,00,2,8,09,A01
200600028448,0,30,000,00,2,1,01,B01
200600028449,0,07,000,08,0,1,01,A01
200600028450,0,02,000,00,2,1,00,A01
200600028450,0,07,000,00,2,4,23,B01
200600028451,0,10,000,00,0,4,23,B01
200600028451,0,02,000,00,2,1,01,A01
200600028452,0,07,000,00,2,1,01,B01
200600028452,0,07,000,15,2,8,01,A01
200600028453,0,02,000,00,2,1,15,A01
200600028453,0,07,000,00,2,3,01,B01
200600028454,0,07,000,00,0,1,01,A01
200600028454,0,07,000,00,2,3,01,B01
200600028455,0,07,000,00,2,8,01,A01
200600028455,0,07,000,00,2,8,01,B01
200600028456,0,07,000,13,0,3,01,A01
200600028457,0,07,000,00,2,1,02,A01
200600028457,0,07,000,00,2,4,02,B01
200600028457,0,07,000,00,2,4,02,C01
200600028457,0,07,000,00,0,4,15,D01
200600028458,0,07,000,00,2,3,02,B01
200600028458,0,33,000,00,2,7,17,A01
200600028459,0,07,000,00,1,3,21,A01
200600028460,0,38,002,13,0,9,01,A01
200600028461,0,07,000,00,2,2,00,A01
200600028461,0,07,000,00,2,8,00,B01
200600028462,0,07,000,00,2,1,00,A01
200600028462,0,07,000,00,2,3,09,B01
200600028463,0,07,000,13,6,0,00,A01
200600028463,0,07,000,00,1,0,00,B01
200600028464,0,07,000,00,2,3,10,A01
200600028464,0,30,000,00,2,0,00,B01
200600028465,0,07,000,00,2,1,01,A01
200600028465,0,02,000,00,0,8,01,B01
200600028466,0,10,000,00,2,2,02,A01
200600028466,0,17,000,00,2,3,01,B01
200600028467,0,07,000,00,2,8,11,A01
200600028467,0,02,000,00,2,1,01,B01
200600028468,0,03,000,00,2,0,02,A01
200600028468,0,07,000,00,0,4,23,B01
200600028469,0,02,000,00,2,1,02,A01
200600028469,0,07,000,00,0,5,16,B01
200600028470,0,07,000,00,2,2,02,A01
200600028470,0,02,000,00,0,4,23,B01
200600028471,0,07,000,00,1,4,04,A01
200600028472,0,07,000,00,1,1,02,A01
200600028473,0,10,000,00,2,1,16,A01
200600028473,0,05,000,00,2,3,02,B01
200600028474,0,07,000,08,1,2,15,A01
200600028475,0,02,000,00,2,1,17,A01
200600028475,0,07,000,00,2,6,01,B01
200600028475,0,08,000,00,2,8,01,C01
200600028476,0,07,000,00,2,1,01,A01
200600028476,0,07,000,00,2,4,23,B01
200600028477,0,07,000,00,1,1,02,A01
200600028478,0,07,000,00,1,1,02,A01
200600028479,0,07,000,13,0,1,01,A01
200600028480,0,07,000,00,1,1,01,A01
200600028481,0,07,000,00,0,0,00,A01
200600028481,0,10,000,00,0,0,00,B01
200600028482,0,31,000,00,0,0,00,A01
200600028482,0,07,000,00,0,0,00,B01
200600028483,2,07,000,00,2,2,05,A01
200600028483,0,17,000,00,2,2,01,B01
200600028483,0,07,000,00,0,0,00,C01
200600028484,0,13,000,00,0,0,15,A01
200600028484,0,13,000,00,0,3,00,B01
200600028485,0,07,000,00,0,0,00,A01
200600028485,0,07,000,00,0,0,00,B01
200600028486,0,10,000,00,0,0,00,A01
200600028486,0,07,001,00,0,0,00,B01
200600028487,0,07,000,00,1,2,01,A01
200600028488,0,07,000,00,0,3,00,A01
200600028488,0,33,000,00,0,7,01,B01
200600028488,0,07,000,00,2,1,24,C01
200600028489,0,07,000,00,0,3,01,A01
200600028489,0,07,000,00,2,3,01,B01
200600028490,0,33,000,12,0,7,01,A01
200600028491,0,07,000,00,2,9,21,B01
200600028491,0,07,000,00,2,7,15,A01
200600028492,0,07,000,00,2,1,00,A01
200600028492,0,07,000,00,2,3,01,B01
200600028493,0,07,000,15,0,8,11,A01
200600028494,0,38,050,00,0,3,11,A01
200600028495,0,33,000,00,2,1,01,B01
200600028495,0,07,000,00,2,3,01,A01
200600028496,0,07,000,00,2,1,19,A01
200600028496,0,07,000,00,2,2,01,B01
200600028497,0,07,000,00,0,1,00,A01
200600028498,0,07,000,13,0,0,00,A01
200600028498,1,07,000,00,0,0,00,B01
200600028499,0,07,000,00,2,2,01,B01
200600028499,0,07,000,00,2,3,19,A01
200600028500,0,02,000,00,2,3,15,A01
200600028500,0,02,000,00,2,1,01,B01
200600028501,0,02,000,00,2,1,01,A01
200600028501,0,07,000,01,2,2,15,B01
200600028502,0,16,000,00,9,1,01,A01
200600028502,0,01,000,00,2,1,14,B01
200600028503,0,07,000,00,2,7,21,B01
200600028503,0,07,000,00,2,1,01,C01
200600028504,0,07,000,00,2,1,01,B01
200600028504,0,07,000,00,2,2,01,A01
200600028505,0,07,000,00,2,1,02,A01
200600028505,0,07,000,00,1,1,01,B01
200600028506,0,07,000,00,2,3,16,A01
200600028506,0,10,000,00,2,1,01,B01
200600028507,0,07,000,00,2,3,15,A01
200600028507,0,01,000,00,2,1,05,B01
200600028508,0,30,000,00,0,0,21,A01
200600028509,0,33,000,00,2,1,02,A01
200600028509,0,07,000,00,2,4,02,B01
200600028510,0,01,000,00,2,1,01,A01
200600028510,0,07,000,00,2,7,19,B01
200600028511,0,07,000,00,2,1,02,A01
200600028511,0,07,000,00,2,4,23,B01
200600028512,0,07,000,00,2,8,13,A01
200600028512,0,07,000,00,2,8,01,B01
200600028513,0,07,000,00,2,1,02,A01
200600028513,0,07,000,00,2,4,01,B01
200600028514,0,01,000,00,2,1,01,A01
200600028514,1,07,000,00,2,5,17,B01
200600028515,0,07,000,00,2,2,15,A01
200600028515,0,33,000,00,2,1,01,B01
200600028516,0,02,000,00,2,1,01,B01
200600028516,0,07,000,00,2,8,01,A01
200600028517,0,07,000,08,0,4,00,A01
200600028518,0,07,000,00,2,5,15,A01
200600028518,0,05,000,00,2,8,01,B01
200600028519,0,30,000,00,0,0,01,A01
200600028520,0,33,000,08,0,1,14,A01
200600028521,0,02,000,00,2,1,16,A01
200600028521,0,07,000,00,0,5,16,B01
200600028522,0,07,000,06,1,4,20,A01
200600028523,0,07,000,00,1,1,01,A01
200600028524,0,07,000,00,2,1,15,A01
200600028524,0,32,000,00,2,8,21,B01
200600028525,0,33,000,00,0,0,21,A01
200600028525,0,07,000,00,0,0,15,B01
200600028526,0,38,001,00,1,1,01,A01
200600028527,0,07,000,00,2,1,02,A01
200600028527,0,07,000,00,2,1,02,B01
200600028527,0,07,000,00,2,4,02,C01
200600028527,0,07,000,00,2,4,02,D01
200600028528,0,33,000,00,2,1,02,A01
200600028528,0,07,000,00,2,3,15,B01
200600028529,0,07,000,02,0,2,02,A01
200600028530,0,07,000,00,2,7,02,A01
200600028530,0,01,000,00,2,6,02,B01
200600028531,0,05,000,00,0,1,01,A01
200600028532,1,30,000,00,1,1,00,A01
200600028533,0,07,000,06,2,1,02,A01
200600028533,0,07,000,00,0,4,02,B01
200600028534,0,05,000,00,2,1,01,A01
200600028534,0,07,000,00,0,4,23,B01
200600028535,0,07,000,00,2,1,02,A01
200600028535,0,07,000,02,2,4,16,B01
200600028536,0,07,000,00,2,1,15,A01
200600028536,0,05,000,00,2,1,21,B01
200600028537,0,07,000,00,2,1,02,A01
200600028537,0,07,000,00,2,1,01,C01
200600028537,0,07,000,00,2,2,01,B01
200600028538,0,07,000,00,1,1,15,A01
200600028539,0,07,000,00,1,2,01,A01
200600028540,0,07,000,00,2,3,10,A01
200600028540,0,05,000,00,2,1,01,B01
200600028541,0,05,000,00,0,0,02,A01
200600028542,0,07,000,00,2,8,11,A01
200600028542,0,31,000,00,2,7,03,B01
200600028543,0,07,000,00,1,2,01,A01
200600028544,0,07,000,00,2,2,00,A01
200600028544,0,05,000,00,2,1,01,B01
200600028545,0,07,000,00,9,1,00,A01
200600028545,0,01,000,00,2,9,01,B01
200600028546,0,07,000,00,2,1,01,A01
200600028546,0,07,000,00,2,4,23,B01
200600028546,0,07,000,00,2,1,01,C01
200600028547,0,07,000,00,2,7,01,B01
200600028547,2,07,000,00,2,0,00,A01
200600028548,0,07,000,01,0,2,14,A01
200600028549,1,33,000,00,1,0,00,A01
200600028550,0,07,000,00,2,4,04,A01
200600028550,0,01,000,00,2,1,01,B01
200600028551,0,07,000,00,2,3,11,A01
200600028552,0,07,000,00,9,2,01,A01
200600028552,0,01,000,00,2,3,15,B01
200600028553,0,07,000,00,0,8,15,A01
200600028553,0,02,000,00,0,1,02,B01
200600028554,0,07,000,00,2,1,01,A01
200600028554,0,07,000,00,2,4,01,B01
200600028555,0,07,000,00,2,2,15,A01
200600028555,0,01,000,00,2,1,01,B01
200600028556,0,30,000,00,2,1,15,A01
200600028556,0,07,000,00,2,5,15,B01
200600028557,0,07,000,00,1,4,04,A01
200600028558,0,07,000,00,2,5,01,A01
200600028558,0,07,000,00,2,1,01,B01
200600028559,0,07,000,00,0,0,01,B01
200600028559,0,07,000,08,0,1,01,A01
200600028560,0,07,000,00,2,2,09,A01
200600028560,0,05,000,00,2,1,01,B01
200600028561,0,07,000,00,2,2,01,A01
200600028561,0,30,000,00,2,6,01,B01
200600028562,0,07,000,00,2,1,09,A01
200600028562,0,02,000,00,2,7,01,B01
200600028563,0,07,000,00,1,1,01,A01
200600028564,0,01,000,00,1,1,01,A01
200600028565,0,01,000,00,2,1,01,A01
200600028565,0,07,000,00,2,2,23,B01
200600028566,0,07,000,00,2,1,05,A01
200600028566,0,07,000,00,2,1,05,B01
200600028567,0,10,000,00,2,1,02,A01
200600028567,0,07,000,00,2,4,23,B01
200600028568,0,05,000,00,2,1,01,B01
200600028568,0,07,000,00,2,1,19,A01
200600028569,0,07,000,00,1,4,04,A01
200600028570,0,07,000,00,1,2,01,A01
200600028571,0,07,000,00,1,7,00,A01
200600028572,0,07,000,00,0,9,01,A01
200600028573,0,07,000,00,1,1,01,A01
200600028574,0,07,000,00,2,1,02,A01
200600028574,0,07,000,00,2,4,23,B01
200600028575,0,07,000,01,2,8,11,A01
200600028575,0,07,000,00,2,1,01,B01