Num_Acc,senc,catv,occutc,obs,obsm,choc,manv,num_veh
200600028576,0,07,000,00,1,8,01,A01
200600028577,0,07,000,08,0,1,01,A01
200600028578,0,01,000,00,2,8,12,A01
200600028578,0,07,000,00,9,6,09,B01
200600028579,0,07,000,00,2,8,01,A01
200600028579,0,07,000,00,2,1,03,B01
200600028580,0,07,000,00,2,2,15,A01
200600028580,0,07,000,00,2,6,21,B01
200600028581,0,05,000,00,2,1,01,A01
200600028581,0,07,000,00,2,3,09,B01
200600028582,0,07,000,00,2,4,04,A01
200600028582,0,05,000,00,2,1,01,B01
200600028583,0,07,000,00,2,1,10,A01
200600028583,0,02,000,00,2,3,01,B01
200600028584,0,07,000,00,2,1,01,B01
200600028584,0,07,000,00,2,1,01,A01
200600028585,0,05,000,00,2,8,17,A01
200600028585,0,07,000,00,2,8,15,B01
200600028586,0,05,000,00,1,1,01,A01
200600028587,0,07,000,00,2,1,01,A01
200600028587,0,07,000,00,2,4,01,B01
200600028588,0,18,020,00,9,7,16,B01
200600028588,0,01,000,00,2,1,19,A01
200600028589,0,07,000,00,2,5,15,A01
200600028589,0,02,000,00,2,1,01,B01
200600028590,0,07,000,00,1,1,15,A01
200600028591,0,07,000,00,1,1,15,A01
200600028592,0,07,000,00,2,7,16,A01
200600028592,0,18,050,00,2,1,01,B01
200600028593,0,07,000,00,2,2,01,A01
200600028593,0,05,000,00,2,8,01,B01
200600028594,0,07,000,00,1,1,01,A01
200600028595,0,07,000,00,1,8,01,A01
200600028596,0,07,000,00,2,7,10,A01
200600028596,0,05,000,00,2,1,01,B01
200600028597,0,07,000,00,2,1,01,A01
200600028597,0,07,000,00,2,4,01,B01
200600028597,0,07,000,00,2,4,01,C01
200600028597,0,07,000,00,2,4,16,D01
200600028598,0,07,000,00,1,1,01,A01
200600028599,0,07,000,09,0,1,01,A01
200600028600,0,07,000,00,1,2,14,A01
200600028601,0,07,000,02,0,1,14,A01
200600028602,0,30,000,00,2,6,02,A01
200600028602,1,07,000,00,2,2,02,C01
200600028602,0,30,000,00,0,4,02,B01
200600028603,0,02,000,00,2,1,05,A01
200600028603,0,07,000,00,2,8,01,B01
200600028604,0,33,000,00,2,1,01,B01
200600028604,0,07,000,00,2,2,09,A01
200600028605,0,07,000,00,2,8,15,A01
200600028605,0,14,000,00,2,1,00,B01
200600028606,0,16,000,00,2,8,15,A01
200600028606,0,30,000,00,2,1,01,B01
200600028607,0,07,000,09,0,1,01,A01
200600028608,0,07,000,00,2,3,15,A01
200600028608,0,01,000,00,1,1,17,B01
200600028609,0,02,000,00,2,1,01,A01
200600028609,0,07,000,00,2,4,01,B01
200600028610,0,07,000,00,2,3,01,A01
200600028610,0,07,000,00,2,2,01,B01
200600028611,0,07,000,00,1,2,01,A01
200600028612,0,38,001,00,0,0,01,A01
200600028612,0,01,000,00,0,0,01,B01
200600028613,1,07,000,00,2,1,01,A01
200600028613,0,07,000,00,2,6,01,B01
200600028614,0,33,000,00,2,7,01,A01
200600028614,0,33,000,00,2,8,01,B01
200600028614,0,33,000,00,2,7,01,C01
200600028615,0,33,000,16,0,7,01,A01
200600028616,0,07,000,00,1,2,01,A01
200600028617,0,10,000,00,1,2,01,A01
200600028618,0,10,000,00,1,2,01,A01
200600028619,0,07,000,00,1,1,01,A01
200600028620,0,07,000,00,2,2,01,A01
200600028620,0,07,000,00,2,1,15,B01
200600028621,0,02,000,00,2,2,01,A01
200600028621,0,07,000,00,2,3,01,B01
200600028622,0,07,000,09,0,1,01,A01
200600028623,0,07,000,00,2,1,01,A01
200600028624,0,07,000,00,1,2,01,A01
200600028625,0,02,000,00,2,1,01,A01
200600028625,0,07,000,00,2,5,15,B01
200600028626,0,01,000,00,1,1,15,A01
200600028627,0,33,000,14,0,8,01,A01
200600028628,1,07,000,00,1,1,01,A01
200600028629,0,07,000,00,2,7,01,A01
200600028629,0,10,000,00,2,1,01,B01
200600028630,0,07,000,00,2,8,01,B01
200600028630,0,07,000,00,2,3,01,A01
200600028631,0,07,000,00,2,1,01,A01
200600028631,0,07,000,00,2,4,01,B01
200600028632,0,07,000,00,2,1,01,A01
200600028632,0,07,000,00,2,1,01,B01
200600028633,0,33,000,00,2,1,01,A01
200600028633,0,10,000,00,2,3,01,B01
200600028634,0,02,000,00,0,0,16,A01
200600028635,0,30,000,00,2,1,01,A01
200600028635,0,07,000,00,2,5,15,B01
200600028636,0,30,000,00,2,1,01,A01
200600028636,0,07,000,00,2,3,01,B01
200600028637,0,07,000,00,2,3,15,A01
200600028637,0,33,000,00,2,8,01,B01
200600028638,0,07,000,00,1,1,01,A01
200600028639,0,07,000,00,2,2,17,A01
200600028639,0,10,000,00,2,8,15,B01
200600028640,0,33,000,00,2,1,17,A01
200600028640,0,07,000,00,2,3,20,B01
200600028641,0,07,000,00,2,8,09,A01
200600028641,0,07,000,00,2,1,02,B01
200600028642,0,33,000,13,0,8,01,A01
200600028643,0,33,000,00,2,1,01,B01
200600028643,0,07,000,00,2,6,19,A01
200600028644,0,07,000,00,2,8,01,A01
200600028644,0,07,000,00,2,3,01,B01
200600028645,0,33,000,00,2,7,00,A01
200600028645,0,07,000,00,2,8,19,B01
200600028646,0,07,000,06,0,1,01,A01
200600028647,0,07,000,00,2,1,01,B01
200600028647,0,07,000,00,2,7,19,A01
200600028648,0,33,000,00,2,1,01,A01
200600028648,0,01,000,00,2,5,09,B01
200600028649,0,31,000,00,2,8,19,A01
200600028649,0,07,000,00,2,1,01,B01
200600028650,0,07,000,00,2,1,15,A01
200600028650,0,02,000,00,2,1,01,B01
200600028651,0,01,000,00,2,1,19,A01
200600028651,0,01,000,00,2,0,19,B01
200600028652,0,07,000,00,2,3,01,A01
200600028652,0,07,000,00,2,4,15,B01
200600028653,0,07,000,00,1,3,01,A01
200600028654,0,07,000,00,2,3,15,A01
200600028654,0,02,000,00,2,2,17,B01
200600028655,0,07,000,00,1,6,04,A01
200600028656,0,02,000,00,1,1,03,A01
200600028657,0,07,000,00,0,9,01,A01
200600028658,0,07,000,00,2,1,13,A01
200600028658,0,07,000,00,2,1,01,B01
200600028659,0,02,000,00,2,1,13,A01
200600028659,0,07,000,00,2,1,01,B01
200600028660,0,07,000,00,1,5,04,A01
200600028661,0,07,000,00,2,1,13,A01
200600028661,0,07,000,00,2,1,01,B01
200600028662,0,05,000,12,0,7,00,A01
200600028663,0,07,000,00,2,1,02,A01
200600028663,0,07,000,00,2,4,23,B01
200600028664,0,02,000,06,0,1,01,A01
200600028665,0,33,000,00,2,6,23,B01
200600028665,0,07,000,01,0,1,13,A01
200600028666,0,07,000,00,2,1,05,A01
200600028666,0,05,000,00,2,1,01,B01
200600028667,0,05,000,00,2,1,15,A01
200600028667,0,02,000,00,2,1,01,B01
200600028668,0,30,000,00,2,2,17,A01
200600028668,0,07,000,00,2,6,15,B01
200600028669,0,07,000,00,2,5,15,A01
200600028669,0,02,000,00,2,1,21,B01
200600028670,0,02,000,14,0,1,02,A01
200600028670,0,07,000,00,0,4,23,B01
200600028671,0,30,000,00,2,1,01,A01
200600028671,0,07,000,00,2,1,01,B01
200600028672,0,32,000,01,2,1,17,B01
200600028672,0,07,000,00,2,3,15,A01
200600028673,0,07,000,00,2,2,01,A01
200600028673,0,01,000,00,2,5,15,B01
200600028674,0,07,000,00,0,4,23,C01
200600028674,0,07,000,00,2,4,23,B01
200600028674,0,07,000,00,2,1,01,A01
200600028675,0,07,000,00,9,1,01,A01
200600028675,0,01,000,00,2,8,00,B01
200600028676,0,07,000,00,1,3,02,A01
200600028677,0,02,000,00,1,1,01,A01
200600028678,0,07,000,00,2,1,15,A01
200600028678,0,34,000,00,2,1,01,B01
200600028679,0,33,000,00,2,2,21,A01
200600028679,0,07,000,00,2,2,15,B01
200600028680,0,07,000,00,1,1,01,A01
200600028681,0,33,000,00,2,7,00,B01
200600028681,0,07,000,00,9,1,15,A01
200600028682,0,07,000,00,2,1,01,A01
200600028682,0,01,000,00,2,8,01,B01
200600028683,0,07,000,00,0,7,01,B01
200600028683,0,07,000,00,2,1,09,A01
200600028684,0,07,000,00,0,0,00,A01
200600028684,0,02,000,00,0,0,00,B01
200600028685,0,07,000,00,2,1,05,A01
200600028685,0,07,000,00,2,1,02,B01
200600028686,0,07,000,00,2,3,11,A01
200600028686,0,30,000,00,2,1,17,B01
200600028687,0,07,000,00,1,4,04,A01
200600028688,0,07,000,00,2,4,02,A01
200600028688,0,07,000,00,2,1,02,B01
200600028689,0,31,000,00,5,1,01,B01
200600028690,0,01,000,00,1,7,01,A01
200600028691,0,02,000,00,2,1,00,A01
200600028691,0,07,000,00,2,8,01,B01
200600028692,0,32,000,00,2,1,01,B01
200600028692,0,07,000,00,2,1,01,A01
200600028693,0,07,000,00,1,2,01,A01
200600028694,0,38,015,00,1,1,01,A01
200600028695,0,07,000,05,0,9,00,A01
200600028696,0,07,000,00,1,2,00,A01
200600028697,0,33,000,14,2,1,01,A01
200600028697,0,07,000,00,2,3,01,B01
200600028698,0,33,000,12,0,1,00,A01
200600028699,0,07,000,00,2,1,15,A01
200600028699,0,30,000,00,2,1,15,B01
200600028700,0,33,000,00,2,2,15,B01
200600028700,0,07,000,00,2,8,15,A01
200600028701,0,07,000,00,2,3,22,A01
200600028701,0,32,000,00,2,2,21,B01
200600028702,0,07,000,00,1,3,01,A01
200600028703,0,07,000,00,9,2,00,A01
200600028703,0,01,000,00,2,0,01,B01
200600028704,0,30,000,00,2,1,01,A01
200600028704,0,07,000,00,9,1,01,B01
200600028705,0,34,000,00,2,4,23,A01
200600028705,0,07,000,00,2,3,23,B01
200600028705,1,33,000,00,2,8,03,C01
200600028706,1,07,000,00,1,1,01,A01
200600028707,0,10,000,00,2,5,15,A01
200600028707,0,31,000,00,2,1,01,B01
200600028708,0,32,000,00,2,1,13,A01
200600028708,0,07,000,00,2,1,01,B01
200600028709,0,07,000,00,2,3,15,A01
200600028709,0,01,000,00,2,1,01,B01
200600028710,0,07,000,00,2,2,16,A01
200600028710,0,30,000,00,2,8,01,B01
200600028711,0,07,000,00,2,7,01,A01
200600028711,0,01,000,00,2,1,01,B01
200600028712,0,10,000,00,1,4,04,A01
200600028713,0,07,000,00,2,1,01,A01
200600028713,0,07,000,00,2,4,01,B01
200600028713,0,07,000,00,2,4,01,C01
200600028714,0,17,000,00,2,7,12,A01
200600028714,0,10,000,00,2,8,01,B01
200600028714,0,07,000,00,2,3,01,D01
200600028714,0,15,000,00,2,4,01,C01
200600028714,0,10,000,00,2,1,01,E01
200600028715,0,07,000,00,1,4,04,A01
200600028716,0,07,000,00,2,2,00,A01
200600028716,0,07,000,00,2,1,00,B01
200600028717,0,02,000,00,2,1,01,B01
200600028717,0,07,000,00,2,3,19,A01
200600028718,0,07,000,00,1,7,01,A01
200600028719,0,17,000,00,2,1,01,A01
200600028719,0,07,000,00,2,4,02,B01
200600028720,0,07,000,00,2,1,01,A01
200600028720,0,07,000,00,2,4,01,B01
200600028720,0,07,000,00,2,4,01,C01
200600028721,0,07,000,00,2,2,15,A01
200600028721,0,07,000,00,2,3,01,B01
200600028722,0,07,000,00,2,3,11,A01
200600028722,0,10,000,00,2,2,01,B01
200600028723,0,07,000,00,2,2,15,A01
200600028723,0,30,000,00,2,1,18,B01
200600028724,0,07,000,00,2,3,09,A01
200600028724,0,33,000,00,2,1,01,B01
200600028725,0,07,000,00,2,1,02,A01
200600028725,0,07,000,00,2,4,01,B01
200600028726,0,07,000,00,2,1,02,A01
200600028726,0,07,000,00,2,4,02,B01
200600028727,0,07,000,00,2,1,15,A01
200600028727,0,33,000,00,2,8,01,B01
200600028728,0,07,000,00,2,1,02,A01
200600028728,0,07,000,00,2,4,02,B01
200600028728,0,07,000,00,2,4,02,C01
200600028728,0,07,000,00,2,4,02,D01
200600028729,0,07,000,00,2,1,02,A01
200600028729,0,33,000,00,2,4,02,B01
200600028729,0,07,000,00,2,4,02,C01
200600028730,0,07,000,00,2,1,01,A01
200600028730,0,07,000,00,2,4,01,B01
200600028731,0,32,000,00,1,1,01,A01
200600028732,0,07,000,00,2,1,02,A01
200600028732,0,07,000,00,2,4,23,B01
200600028733,0,33,000,14,0,1,01,A01
200600028734,0,07,000,00,2,1,13,A01
200600028734,0,07,000,00,2,1,01,B01
200600028735,0,07,000,00,1,2,01,B01
200600028735,0,07,000,00,2,1,15,A01
200600028736,1,10,000,00,2,1,05,A01
200600028736,0,31,000,00,2,1,01,B01
200600028737,0,07,000,00,2,1,01,B01
200600028737,0,07,000,00,2,8,01,A01
200600028738,0,07,000,00,2,1,01,B01
200600028738,0,02,000,00,2,3,01,A01
200600028739,0,30,000,00,2,1,18,A01
200600028739,0,10,000,00,2,2,16,B01
200600028740,0,13,000,00,2,2,15,A01
200600028740,0,07,000,00,2,2,01,B01
200600028741,0,30,000,00,2,1,01,A01
200600028741,0,07,000,00,2,4,01,B01
200600028742,0,07,000,00,0,0,01,A01
200600028742,0,33,000,00,0,8,01,B01
200600028743,0,07,000,00,2,1,01,A01
200600028743,0,07,000,00,2,4,15,B01
200600028744,0,07,000,00,2,7,10,A01
200600028744,0,07,000,00,2,1,01,B01
200600028745,1,10,000,00,0,0,01,A01
200600028745,0,10,000,14,0,0,01,B01
200600028746,0,15,000,00,2,7,17,A01
200600028746,0,01,000,00,2,8,01,B01
200600028747,0,33,000,00,2,1,17,A01
200600028747,0,07,000,00,2,7,15,B01
200600028748,0,07,000,00,2,7,15,A01
200600028748,0,33,000,00,2,1,01,B01
200600028749,0,13,000,00,2,1,02,A01
200600028749,0,07,000,00,2,4,01,B01
200600028750,0,02,000,12,0,2,01,A01
200600028751,0,07,000,00,1,2,01,A01
200600028752,0,33,000,00,0,0,01,A01
200600028753,0,07,000,02,0,1,01,A01
200600028754,0,07,000,00,2,1,01,A01
200600028754,0,07,000,00,2,4,01,B01
200600028755,0,07,000,00,2,4,09,A01
200600028755,0,15,000,00,2,1,01,B01
200600028755,0,07,000,00,0,1,01,C01
200600028756,0,07,000,00,1,1,15,A01
200600028757,0,07,000,00,1,1,01,A01
200600028758,0,02,000,00,2,8,01,A01
200600028758,0,07,000,00,2,1,01,B01
200600028759,0,07,000,00,2,1,13,A01
200600028759,0,07,000,00,2,1,01,B01
200600028760,0,02,000,00,2,1,01,A01
200600028760,0,07,000,00,2,4,01,B01
200600028761,0,15,000,00,2,1,02,B01
200600028761,0,07,000,00,2,8,09,A01
200600028762,0,07,000,00,1,1,02,A01
200600028763,0,30,000,00,2,8,21,B01
200600028763,0,07,000,00,2,3,19,A01
200600028764,0,07,000,00,2,6,15,A01
200600028764,0,07,000,00,2,1,01,B01
200600028765,0,30,000,00,2,1,02,A01
200600028765,0,07,000,00,2,4,02,B01
200600028766,0,07,000,00,2,2,15,A01
200600028766,0,07,000,00,2,1,01,B01
200600028767,0,10,000,00,1,7,01,A01
200600028768,0,30,000,00,2,1,01,A01
200600028768,0,07,000,00,2,2,16,B01
200600028769,0,02,000,01,0,1,01,A01
200600028770,0,02,000,00,2,1,12,A01
200600028770,0,07,000,00,2,2,16,B01
200600028771,0,07,000,00,2,1,02,A01
200600028771,0,07,000,00,2,4,02,B01
200600028772,0,07,000,09,0,7,13,A01
200600028773,0,07,000,01,2,1,13,A01
200600028773,0,07,000,00,2,3,01,B01
200600028774,0,30,000,00,1,1,01,A01
200600028775,0,02,000,00,1,1,01,A01
200600028776,0,30,000,00,2,1,05,A01
200600028776,0,07,000,00,2,2,01,B01
200600028777,0,07,000,00,1,2,01,A01
200600028778,0,01,000,00,2,8,13,A01
200600028778,0,30,000,00,2,7,02,B01
200600028779,0,02,000,01,0,1,01,A01
200600028779,0,07,000,00,2,8,22,B01
200600028780,0,07,000,00,2,1,01,A01
200600028780,0,07,000,00,2,2,01,B01
200600028781,0,07,000,00,2,1,05,A01
200600028781,0,02,000,00,2,1,01,B01
200600028782,0,07,000,00,1,3,01,A01
200600028783,0,30,000,00,1,1,01,A01
200600028784,0,01,000,00,2,1,02,A01
200600028784,0,07,000,00,2,4,02,B01
200600028785,0,17,000,00,2,2,12,A01
200600028785,0,07,000,03,2,8,01,B01
200600028786,0,07,000,00,2,1,02,A01
200600028786,0,07,000,00,2,4,01,B01
200600028787,0,07,000,08,0,1,01,A01
200600028788,1,07,000,00,2,1,01,A01
200600028788,0,07,000,00,2,4,01,B01
200600028789,0,07,000,00,2,2,09,A01
200600028789,0,07,000,00,2,3,01,B01
200600028790,0,07,000,00,2,8,09,A01
200600028790,0,07,000,00,2,1,01,B01
200600028791,0,30,000,00,2,1,13,A01
200600028791,0,07,000,00,2,8,01,B01
200600028792,0,07,000,00,2,7,16,A01
200600028792,0,01,000,00,2,1,01,B01
200600028793,0,07,000,13,0,1,14,A01
200600028794,0,07,000,00,2,2,15,A01
200600028794,0,07,000,00,2,1,01,B01
200600028795,0,07,000,00,2,3,18,A01
200600028795,0,07,000,00,2,2,23,B01
200600028796,0,07,000,00,2,1,09,A01
200600028796,0,07,000,00,2,8,01,B01
200600028797,0,07,000,00,2,8,09,A01
200600028797,0,33,000,00,2,1,01,B01
200600028798,0,03,000,00,1,4,04,A01
200600028799,0,31,000,16,0,7,01,A01
200600028800,0,07,000,01,0,9,01,A01
200600028801,0,10,000,00,2,1,09,A01
200600028801,0,07,000,00,2,4,00,B01
200600028802,0,07,000,00,2,2,01,B01
200600028802,0,30,000,00,2,1,01,A01
200600028803,0,15,000,00,2,7,15,A01
200600028803,0,07,000,00,2,1,01,B01
200600028804,0,07,000,06,0,1,01,A01
200600028805,0,07,000,11,0,1,01,A01
200600028806,0,07,000,13,0,1,13,A01
200600028807,0,07,000,00,2,2,13,A01
200600028807,0,07,000,00,2,3,01,B01
200600028808,0,07,000,14,0,1,14,A01
200600028809,0,07,000,00,2,2,12,A01
200600028809,0,07,000,00,2,6,01,B01
200600028810,0,07,000,00,2,1,01,A01
200600028810,0,07,000,00,2,3,01,B01
200600028811,0,10,000,00,1,8,01,A01
200600028812,0,33,000,00,2,1,00,A01
200600028812,0,07,000,00,2,1,01,B01
200600028813,0,07,000,00,2,1,01,A01
200600028813,0,07,000,00,2,4,23,B01
200600028814,0,07,000,00,0,0,20,A01
200600028814,0,02,000,16,0,8,21,B01
200600028815,0,07,000,00,2,7,17,A01
200600028815,0,07,000,00,2,8,15,B01
200600028816,0,07,000,00,2,3,13,A01
200600028816,0,10,000,00,2,3,01,B01
200600028817,0,38,052,00,2,3,05,A01
200600028817,0,07,000,00,2,1,01,B01
200600028818,0,30,000,16,2,7,01,A01
200600028819,0,07,000,00,2,8,09,A01
200600028819,0,02,000,01,2,1,01,B01
200600028820,0,07,000,00,2,8,09,A01
200600028820,0,32,000,00,2,1,01,B01
200600028821,0,33,000,12,0,1,21,A01
200600028821,0,07,000,00,0,0,01,B01
200600028822,0,10,000,00,2,3,15,A01
200600028822,0,33,000,00,2,1,01,B01
200600028823,0,30,000,16,0,7,09,A01
200600028824,0,07,000,11,0,1,01,A01
200600028825,0,07,000,00,2,2,20,A01
200600028825,0,33,000,00,2,1,01,B01
200600028826,0,07,000,00,2,1,01,A01
200600028826,0,07,000,00,2,4,23,B01
200600028827,0,33,000,00,2,1,01,A01
200600028827,0,07,000,00,2,8,09,B01
200600028828,0,02,000,00,2,1,01,A01
200600028828,0,07,000,00,2,4,01,B01
200600028829,0,07,000,01,0,2,01,A01
200600028830,0,07,000,00,1,7,01,A01
200600028831,0,33,000,01,0,1,13,A01
200600028832,0,05,000,00,2,7,01,A01
200600028832,0,07,000,00,2,8,01,B01
200600028833,0,07,000,00,1,1,01,A01
200600028834,0,99,000,00,2,1,19,A01
200600028834,0,01,000,00,2,8,01,B01
200600028835,0,07,000,00,2,0,15,A01
200600028835,0,02,000,00,2,1,01,B01
200600028836,0,02,000,00,2,8,01,A01
200600028836,0,07,000,00,2,4,23,B01
200600028837,0,07,000,00,1,4,04,A01
200600028838,0,02,000,00,2,1,01,A01
200600028838,0,07,000,00,2,3,15,B01
200600028839,0,07,000,00,2,8,15,A01
200600028839,0,33,000,00,2,1,17,B01
200600028840,0,33,000,00,2,2,01,B01
200600028840,0,07,000,00,2,2,15,A01
200600028841,0,07,000,00,1,1,01,A01
200600028842,0,07,000,00,2,3,01,B01
200600028842,0,02,000,00,2,1,01,A01
200600028843,0,07,000,00,2,1,01,A01
200600028843,0,07,000,00,2,4,15,B01
200600028843,0,07,000,00,2,1,01,C01
200600028844,0,07,000,00,1,2,01,A01
200600028845,0,07,000,00,1,1,01,B01
200600028846,0,07,000,00,2,8,01,B01
200600028846,0,07,000,00,2,1,01,A01
200600028847,0,07,000,00,9,6,01,B01
200600028847,0,01,000,00,2,1,01,A01
200600028848,0,07,000,00,1,7,01,A01
200600028849,0,07,000,00,1,4,04,A01
200600028850,0,07,000,00,2,1,01,B01
200600028850,0,30,000,00,0,2,15,A01
200600028851,0,07,000,06,0,1,01,A01
200600028852,0,02,000,00,2,1,01,A01
200600028852,0,07,000,00,2,8,01,B01
200600028853,0,10,000,00,1,2,01,A01
200600028854,0,07,000,00,9,5,16,A01
200600028854,0,01,000,00,2,1,09,B01
200600028855,0,07,000,00,0,2,12,A01
200600028855,0,33,000,00,2,1,01,B01
200600028856,0,02,000,00,2,1,01,A01
200600028856,0,07,000,00,0,3,01,B01
200600028857,0,07,000,00,2,1,01,A01
200600028857,0,07,000,00,2,4,01,B01
200600028858,0,07,000,00,2,1,01,A01
200600028858,0,07,000,00,2,1,01,B01
200600028859,0,07,000,00,2,1,02,A01
200600028859,0,07,000,00,0,4,02,B01
200600028859,0,07,000,00,0,1,02,C01
200600028859,0,07,000,00,9,0,02,D01
200600028860,0,07,000,00,1,1,02,A01
200600028861,0,07,000,14,0,0,02,A01
200600028861,0,05,000,00,0,4,23,B01
200600028862,0,07,000,00,2,3,15,A01
200600028862,0,33,000,00,2,1,17,B01
200600028863,0,07,000,02,0,1,01,A01
200600028864,0,07,000,00,2,1,01,B01
200600028864,0,07,000,00,2,3,01,A01
200600028865,0,07,000,00,2,5,01,A01
200600028865,0,07,000,00,2,1,01,B01
200600028866,0,07,000,00,2,4,02,A01
200600028866,1,07,000,00,2,1,02,B01
200600028867,0,07,000,00,2,1,00,A01
200600028867,0,07,000,00,2,7,00,B01
200600028868,0,07,000,00,2,1,02,A01
200600028868,0,05,000,00,2,1,02,B01
200600028869,0,07,000,08,0,1,02,A01
200600028870,0,07,000,00,1,2,01,A01
200600028871,0,07,000,06,2,1,01,B01
200600028871,0,07,000,00,2,2,01,A01
200600028872,0,07,000,00,2,6,00,A01
200600028872,0,02,000,00,2,1,01,B01
200600028873,0,07,000,00,2,1,02,A01
200600028873,0,07,000,00,2,4,02,B01
200600028873,0,07,000,00,2,4,02,C01
200600028874,0,07,000,00,2,8,01,B01
200600028874,0,10,000,00,2,4,20,A01
200600028875,0,01,000,00,2,1,00,A01
200600028875,0,07,000,00,2,1,01,B01
200600028876,0,30,000,00,2,7,01,B01
200600028876,0,07,000,00,9,1,09,A01
200600028877,0,07,000,00,2,3,01,A01
200600028877,0,30,000,00,2,1,15,B01
200600028878,0,07,000,00,1,4,04,A01
200600028879,0,07,000,00,0,2,11,A01
200600028880,0,07,000,00,1,2,17,A01
200600028881,0,07,000,00,1,2,01,A01
200600028882,0,20,000,00,1,2,01,A01
200600028883,0,02,000,08,0,1,01,A01
200600028884,0,02,000,00,2,1,21,A01
200600028884,0,07,000,00,0,1,01,B01
200600028885,0,32,000,00,2,4,01,B01
200600028885,0,07,000,00,2,1,01,A01
200600028886,0,07,000,00,0,4,01,B01
200600028886,0,07,000,00,2,1,01,A01
200600028887,0,01,000,00,2,1,01,B01
200600028887,0,07,000,00,2,5,17,A01
200600028888,0,02,000,00,2,1,01,A01
200600028888,0,07,000,00,2,3,15,B01
200600028889,0,15,000,00,0,3,02,A01
200600028889,0,01,000,00,0,4,02,B01
200600028890,0,30,000,00,0,1,00,B01
200600028890,0,07,000,00,0,6,19,A01
200600028891,0,07,000,00,1,1,01,A01
200600028892,0,07,000,00,1,5,04,A01
200600028893,0,30,000,00,2,1,01,A01
200600028893,0,07,000,00,0,6,09,B01
200600028894,0,07,000,00,2,2,15,A01
200600028894,0,33,000,00,2,1,01,B01
200600028895,0,31,000,00,1,1,01,A01
200600028896,0,02,000,00,2,1,01,B01
200600028896,0,07,000,00,2,5,15,A01
200600028897,0,99,000,00,1,4,04,A01
200600028898,0,07,000,00,2,4,01,A01
200600028898,0,07,000,00,2,1,02,B01
200600028899,0,33,000,00,2,5,17,B01
200600028899,0,07,000,00,0,3,09,A01
200600028900,0,07,000,00,9,5,16,A01
200600028900,0,01,000,00,2,1,01,B01
200600028901,0,07,000,00,0,5,01,B01
200600028901,0,30,000,00,2,1,05,A01
200600028902,0,01,000,00,2,8,15,A01
200600028902,0,33,000,00,2,7,17,B01
200600028903,0,33,000,00,0,7,17,A01
200600028903,1,07,000,00,2,8,09,B01
200600028904,0,07,000,00,0,8,15,A01
200600028904,0,32,000,00,0,1,01,B01
200600028905,0,07,000,00,2,1,01,A01
200600028905,0,07,000,00,0,4,23,B01
200600028906,0,07,000,00,1,2,17,A01
200600028907,0,07,000,00,2,6,15,A01
200600028907,0,30,000,00,2,1,17,B01
200600028908,0,31,000,00,2,1,01,B01
200600028908,0,07,000,00,2,1,15,A01
200600028909,0,07,000,00,2,1,02,A01
200600028909,0,07,000,00,2,4,01,B01
200600028910,0,07,000,06,2,1,15,A01
200600028910,0,07,000,00,2,2,02,B01
200600028911,0,07,000,00,1,2,01,A01
200600028912,0,14,000,00,2,1,01,A01
200600028912,0,07,000,00,2,4,20,B01
200600028913,0,07,000,00,2,1,01,A01
200600028913,0,07,000,00,2,4,23,B01
200600028913,0,07,000,00,0,4,23,C01
200600028914,0,07,000,00,0,4,23,B01
200600028914,0,07,000,00,2,1,01,A01
200600028915,0,07,000,00,1,1,01,A01
200600028915,0,14,000,00,0,5,23,C01
200600028915,0,07,000,00,2,4,23,B01
200600028916,0,07,000,00,2,2,23,A01
200600028916,0,32,000,00,2,5,00,B01
200600028917,0,07,000,00,1,1,01,A01
200600028918,0,07,000,00,1,1,01,A01
200600028919,0,07,000,00,2,5,04,A01
200600028919,0,34,000,00,2,1,01,B01
200600028920,0,07,000,00,2,3,09,A01
200600028920,0,05,000,00,2,2,01,B01
200600028921,0,18,017,00,1,5,09,A01
200600028922,0,10,000,01,0,1,00,A01
200600028923,0,07,000,00,1,2,00,A01
200600028924,0,07,000,00,1,1,00,A01
200600028925,0,05,000,00,2,2,21,B01
200600028925,0,07,000,00,2,1,00,A01
200600028926,0,07,000,00,2,7,09,A01
200600028926,0,05,000,00,2,1,00,B01
200600028927,0,07,000,00,2,1,00,A01
200600028927,0,20,000,00,2,1,17,B01
200600028928,0,07,000,00,1,2,21,A01
200600028929,0,07,000,00,2,2,00,A01
200600028929,0,33,000,00,2,1,00,B01
200600028930,0,07,000,00,1,1,01,A01
200600028931,0,30,000,00,2,3,16,B01
200600028931,0,07,000,00,2,2,01,A01
200600028932,0,07,000,00,2,8,15,A01
200600028932,0,32,000,00,2,1,17,B01
200600028933,0,07,000,00,2,4,23,B01
200600028933,0,32,000,00,2,1,01,A01
200600028934,0,07,000,00,2,5,01,B01
200600028934,0,10,000,00,2,3,16,A01
200600028935,0,07,000,00,1,1,01,A01
200600028936,0,07,000,00,2,3,01,A01
200600028936,0,10,000,00,2,2,15,B01
200600028937,0,31,000,00,2,1,02,A01
200600028937,0,10,000,00,2,3,15,B01
200600028938,0,15,000,00,1,1,15,A01
200600028939,0,07,000,00,0,0,01,A01
200600028939,0,05,000,00,0,8,01,B01
200600028940,0,07,000,00,1,1,01,A01
200600028941,0,10,000,00,2,1,01,A01
200600028941,0,14,000,00,2,4,01,B01