Num_Acc,senc,catv,occutc,obs,obsm,choc,manv,num_veh
200600028942,0,05,000,00,2,1,01,B01
200600028942,0,05,000,00,2,4,09,A01
200600028943,0,02,000,00,2,3,01,A01
200600028943,0,05,000,00,2,1,00,B01
200600028944,0,07,000,09,2,4,01,B01
200600028944,0,07,000,00,2,1,11,A01
200600028945,0,07,000,00,1,1,15,A01
200600028946,0,07,000,00,2,7,00,A01
200600028946,0,33,000,00,2,2,16,B01
200600028947,0,07,000,00,1,4,04,A01
200600028948,0,07,000,00,2,1,01,A01
200600028948,0,07,000,00,2,3,01,B01
200600028949,0,07,000,00,2,7,01,B01
200600028949,0,07,000,00,2,1,01,A01
200600028950,0,07,000,00,0,3,01,B01
200600028950,0,07,000,00,0,3,01,A01
200600028951,0,07,000,00,2,3,01,A01
200600028951,0,01,000,00,0,7,19,B01
200600028952,0,31,000,00,2,7,17,A01
200600028952,0,07,000,00,2,3,15,B01
200600028952,0,07,000,00,2,2,23,C01
200600028952,0,07,000,00,2,3,23,D01
200600028953,0,07,000,00,0,6,04,A01
200600028954,0,07,000,00,0,3,01,A01
200600028955,0,07,000,00,1,1,00,A01
200600028956,0,07,000,00,1,1,00,A01
200600028957,0,07,000,00,2,1,09,A01
200600028957,0,33,000,00,2,8,01,B01
200600028958,0,10,000,00,2,1,02,A01
200600028958,0,07,000,00,2,4,02,B01
200600028959,0,07,000,00,1,2,01,A01
200600028960,0,07,000,00,1,1,17,A01
200600028961,0,10,000,00,2,1,01,A01
200600028961,0,07,000,00,2,4,01,B01
200600028962,0,07,000,00,2,3,15,B01
200600028962,0,32,000,00,2,7,17,A01
200600028963,0,13,000,00,2,1,02,A01
200600028963,0,01,000,00,2,4,01,B01
200600028964,0,10,000,00,2,3,22,A01
200600028964,0,01,000,00,2,1,01,B01
200600028965,0,30,000,01,1,1,01,A01
200600028966,0,07,000,00,2,2,01,A01
200600028966,0,30,000,00,2,3,01,B01
200600028967,0,07,000,00,2,1,06,A01
200600028967,0,10,000,00,0,1,01,B01
200600028968,0,07,000,00,1,1,00,A01
200600028969,0,07,000,00,0,3,15,A01
200600028969,0,31,000,00,2,7,01,B01
200600028970,0,07,000,00,1,2,01,A01
200600028971,0,07,000,00,9,3,15,A01
200600028971,0,05,000,00,2,1,01,B01
200600028972,0,05,000,00,2,1,10,A01
200600028972,0,07,000,00,9,6,01,B01
200600028973,0,07,000,00,1,2,01,A01
200600028974,0,01,000,00,2,4,02,A01
200600028974,0,32,000,00,2,1,17,B01
200600028975,0,07,000,00,2,6,04,A01
200600028975,0,07,000,00,2,3,01,B01
200600028976,0,07,000,03,2,7,16,A01
200600028976,0,37,000,00,2,1,07,B01
200600028977,0,10,000,00,2,1,15,A01
200600028977,0,07,000,00,2,3,01,B01
200600028978,0,34,000,00,1,1,12,A01
200600028979,0,07,000,00,1,3,01,A01
200600028980,0,07,000,00,1,2,01,A01
200600028980,0,01,000,00,2,8,09,B01
200600028981,0,07,000,00,2,2,15,A01
200600028981,0,07,000,00,2,1,01,B01
200600028982,0,07,000,00,2,3,11,A01
200600028982,0,32,000,00,2,1,01,B01
200600028983,0,02,000,00,2,8,00,A01
200600028983,0,37,009,00,9,3,01,B01
200600028984,0,07,000,00,2,1,01,A01
200600028984,0,32,000,00,2,4,23,B01
200600028985,0,07,000,00,2,2,10,A01
200600028985,0,07,000,00,2,1,01,B01
200600028986,0,01,000,00,1,1,01,A01
200600028987,0,32,000,00,0,0,01,A01
200600028988,0,33,000,00,2,1,00,A01
200600028988,0,07,000,00,2,8,15,B01
200600028989,0,07,000,00,2,7,15,A01
200600028989,0,31,000,00,2,1,01,B01
200600028990,0,31,000,00,2,1,01,B01
200600028990,0,10,000,00,2,2,16,A01
200600028991,0,07,000,00,1,7,15,A01
200600028992,0,31,000,00,2,9,01,A01
200600028992,0,07,000,00,1,7,15,B01
200600028993,0,07,000,00,2,1,01,A01
200600028993,0,07,000,00,2,0,01,B01
200600028993,0,07,000,00,2,4,01,C01
200600028994,0,07,000,00,1,2,01,A01
200600028995,0,07,000,00,2,8,01,B01
200600028995,0,07,000,00,2,1,01,A01
200600028996,0,07,000,00,2,0,09,A01
200600028996,0,31,000,01,2,0,01,B01
200600028997,0,07,000,00,1,2,01,A01
200600028998,0,07,000,00,0,8,15,A01
200600028998,0,32,000,00,2,1,02,B01
200600028999,0,07,000,00,2,8,20,A01
200600028999,0,30,000,00,2,1,01,B01
200600029000,0,07,000,00,2,1,01,A01
200600029000,0,14,000,00,2,8,15,B01
200600029001,0,07,000,00,2,8,22,A01
200600029001,0,02,000,01,0,7,01,B01
200600029002,0,37,004,00,2,2,01,A01
200600029002,0,07,000,00,2,3,09,B01
200600029003,0,07,000,00,1,2,01,A01
200600029004,0,07,000,00,2,3,01,A01
200600029004,0,01,000,00,2,1,05,B01
200600029005,0,07,000,00,2,1,01,A01
200600029005,0,07,000,00,2,8,01,B01
200600029006,0,07,000,00,1,2,15,A01
200600029007,0,07,000,00,2,8,13,A01
200600029007,0,32,000,00,2,7,17,B01
200600029008,0,02,000,00,1,2,01,A01
200600029009,0,07,000,00,2,3,01,A01
200600029009,0,07,000,00,2,6,23,B01
200600029009,0,07,000,00,2,3,23,C01
200600029010,1,07,000,00,1,5,09,A01
200600029011,0,07,000,00,2,1,01,A01
200600029011,0,07,000,00,2,6,09,B01
200600029012,0,33,000,00,2,8,00,A01
200600029012,0,07,000,00,2,8,02,B01
200600029013,0,07,000,00,2,1,00,A01
200600029013,0,31,000,00,2,0,01,B01
200600029014,0,02,000,00,2,1,00,A01
200600029014,0,30,000,00,2,6,01,B01
200600029015,0,07,000,00,2,3,02,A01
200600029015,0,31,000,00,2,2,17,B01
200600029016,0,07,000,00,2,1,00,B01
200600029016,0,07,000,01,0,7,00,A01
200600029017,1,07,000,00,2,8,15,A01
200600029017,0,33,000,00,2,7,01,B01
200600029018,0,07,000,00,2,1,01,A01
200600029018,0,07,000,01,2,9,01,B01
200600029019,0,07,000,00,2,4,04,A01
200600029019,0,07,000,00,2,3,01,B01
200600029020,0,07,000,00,2,3,13,A01
200600029020,0,33,000,00,2,2,17,B01
200600029020,0,07,000,00,0,6,23,C01
200600029021,0,07,000,00,0,3,15,A01
200600029021,0,30,000,00,2,2,16,B01
200600029022,0,30,000,12,0,1,01,A01
200600029023,0,07,000,00,1,2,15,A01
200600029024,0,07,000,00,2,2,01,A01
200600029024,0,07,000,00,2,3,01,B01
200600029025,0,07,000,00,1,2,01,A01
200600029026,0,31,000,00,2,3,01,A01
200600029026,0,07,000,00,2,2,01,B01
200600029027,0,07,000,00,2,6,15,A01
200600029027,0,02,000,00,2,1,01,B01
200600029028,0,33,000,00,2,1,01,A01
200600029028,0,07,000,00,2,1,11,B01
200600029029,0,34,000,00,2,2,17,A01
200600029029,0,07,000,00,2,3,15,B01
200600029030,0,33,000,01,0,2,21,A01
200600029031,0,10,000,00,2,2,16,A01
200600029031,0,34,000,00,2,1,01,B01
200600029032,0,10,000,00,2,4,15,A01
200600029032,0,33,000,00,2,3,01,B01
200600029033,0,33,000,00,2,1,01,A01
200600029033,0,07,000,00,2,7,16,B01
200600029034,0,07,000,00,1,2,16,A01
200600029035,0,34,000,00,1,2,01,A01
200600029036,0,37,005,00,1,1,01,A01
200600029036,0,01,000,00,2,1,19,B01
200600029037,0,07,000,00,1,3,01,A01
200600029038,0,07,000,00,2,3,16,A01
200600029038,0,01,000,00,2,1,01,B01
200600029039,0,33,000,00,2,8,16,A01
200600029039,0,10,000,00,2,7,01,B01
200600029040,0,14,000,00,2,2,15,A01
200600029040,0,07,000,00,0,8,01,B01
200600029041,0,07,000,00,1,2,01,A01
200600029042,0,10,000,00,2,1,01,B01
200600029042,0,07,000,00,2,7,01,A01
200600029043,0,02,000,00,2,1,00,A01
200600029043,0,07,000,00,2,7,01,B01
200600029044,0,13,000,01,0,2,01,A01
200600029044,0,07,000,00,2,3,22,B01
200600029045,0,07,000,00,2,1,01,A01
200600029045,0,07,000,00,2,1,01,B01
200600029046,0,30,000,00,1,1,02,B01
200600029047,0,07,000,00,1,0,02,A01
200600029048,0,10,000,00,2,1,02,A01
200600029048,0,37,000,00,2,6,02,B01
200600029049,0,07,000,04,0,1,01,A01
200600029050,0,07,000,00,1,1,01,A01
200600029051,0,33,000,00,2,1,01,B01
200600029051,0,07,000,00,2,4,04,A01
200600029052,0,07,000,00,2,2,02,A01
200600029052,0,07,000,00,2,3,11,B01
200600029053,0,07,000,00,2,2,16,A01
200600029053,0,33,000,00,2,1,16,B01
200600029054,0,07,000,00,2,3,00,A01
200600029054,0,30,000,00,2,8,00,B01
200600029055,0,01,000,00,2,6,15,A01
200600029055,0,02,000,00,2,1,17,B01
200600029056,0,07,000,00,2,4,02,B01
200600029056,0,02,000,00,2,1,02,A01
200600029057,0,05,000,15,0,7,00,A01
200600029058,0,02,000,00,2,7,00,A01
200600029058,0,07,000,00,2,8,00,B01
200600029059,0,02,000,00,9,1,01,A01
200600029060,0,07,000,00,2,1,09,A01
200600029060,0,07,000,00,2,8,15,B01
200600029061,0,05,000,00,2,1,01,A01
200600029061,0,07,000,00,2,5,15,B01
200600029062,0,10,000,00,2,1,17,A01
200600029062,0,07,000,00,2,4,20,B01
200600029063,0,07,000,01,0,1,14,A01
200600029064,0,33,000,00,0,0,01,A01
200600029064,0,01,000,00,0,0,01,B01
200600029065,0,07,000,00,2,4,23,C01
200600029065,0,07,000,00,2,4,23,B01
200600029065,0,07,000,00,2,1,01,A01
200600029065,0,07,000,00,2,4,23,D01
200600029066,0,07,000,15,0,1,13,A01
200600029067,0,32,000,00,2,1,10,A01
200600029067,0,33,000,00,2,8,01,B01
200600029068,0,31,000,00,2,7,17,A01
200600029068,0,07,000,00,2,8,01,B01
200600029069,0,33,000,00,2,1,01,A01
200600029069,0,20,000,00,2,2,15,B01
200600029070,0,30,000,12,0,1,01,A01
200600029071,0,31,000,00,2,3,15,A01
200600029071,0,07,000,00,2,2,17,B01
200600029072,0,07,000,00,2,0,01,B01
200600029072,0,07,000,00,2,3,01,A01
200600029073,0,07,000,00,1,2,01,A01
200600029074,0,07,000,00,2,3,13,A01
200600029074,0,37,000,00,2,2,01,B01
200600029075,0,07,000,00,2,1,15,A01
200600029075,0,33,000,00,2,1,01,B01
200600029076,0,07,000,00,2,5,04,A01
200600029076,0,33,000,00,2,1,01,B01
200600029077,0,07,000,01,2,2,01,A01
200600029077,0,07,000,00,2,3,16,B01
200600029078,0,02,000,00,2,1,01,A01
200600029078,0,07,000,00,2,3,01,B01
200600029079,0,30,000,00,2,1,17,A01
200600029079,0,03,000,00,2,3,15,B01
200600029080,0,33,000,00,2,1,01,A01
200600029080,0,07,000,00,2,4,01,B01
200600029081,0,10,000,00,2,0,22,A01
200600029081,0,01,000,01,0,1,07,B01
200600029082,0,37,009,00,2,4,07,B01
200600029082,0,10,000,00,2,1,02,A01
200600029083,0,37,001,00,2,3,01,B01
200600029083,0,07,000,00,2,1,15,A01
200600029084,0,07,000,00,2,7,01,A01
200600029084,0,33,000,00,2,3,01,B01
200600029085,0,14,000,00,1,5,16,A01
200600029086,0,33,000,00,0,0,14,A01
200600029087,0,32,000,00,2,2,03,A01
200600029087,0,07,000,00,2,1,15,B01
200600029088,0,30,000,00,2,1,05,A01
200600029088,0,07,000,00,2,2,01,B01
200600029089,0,07,000,00,1,3,01,A01
200600029090,0,07,000,00,1,3,01,A01
200600029091,0,33,000,00,2,1,01,A01
200600029091,0,07,000,00,2,3,09,B01
200600029092,0,07,000,00,2,1,13,A01
200600029092,0,04,000,00,2,1,01,B01
200600029093,0,07,000,02,0,1,14,A01
200600029094,0,07,000,00,2,3,01,B01
200600029094,0,07,000,00,2,1,01,A01
200600029095,0,07,000,15,0,3,21,A01
200600029096,0,30,000,00,1,1,17,A01
200600029097,0,30,000,00,2,1,01,A01
200600029097,0,07,000,00,2,2,01,B01
200600029098,1,99,000,00,1,7,00,A01
200600029099,0,05,000,00,1,3,01,A01
200600029100,0,31,000,01,1,1,07,A01
200600029101,0,02,000,00,0,0,02,A01
200600029102,0,07,000,00,0,4,23,A01
200600029102,0,07,000,00,2,1,02,B01
200600029102,0,07,000,00,2,1,02,C01
200600029103,0,07,000,00,0,6,00,A01
200600029103,0,05,000,00,2,2,21,B01
200600029104,0,18,000,00,1,1,02,A01
200600029105,0,07,000,00,0,6,10,A01
200600029105,0,05,000,00,2,2,02,B01
200600029106,0,02,000,00,2,0,01,B01
200600029106,0,07,000,00,2,2,15,A01
200600029107,0,07,000,00,2,2,01,A01
200600029107,0,01,000,00,2,3,19,B01
200600029108,0,07,000,01,2,3,12,A01
200600029109,0,07,000,00,1,1,01,A01
200600029110,0,07,000,00,2,1,02,A01
200600029110,0,07,000,00,2,1,00,B01
200600029110,0,07,000,00,0,4,23,C01
200600029111,0,30,000,00,0,3,01,A01
200600029111,0,07,000,00,0,3,02,B01
200600029112,0,07,000,00,2,1,02,A01
200600029112,0,07,000,00,0,4,23,B01
200600029113,0,07,000,00,1,2,00,A01
200600029114,0,07,000,00,2,1,02,A01
200600029114,0,07,000,00,0,4,02,B01
200600029115,0,02,000,00,2,1,00,B01
200600029115,0,07,002,00,2,2,00,A01
200600029116,0,05,000,00,1,0,00,A01
200600029117,0,07,000,00,1,1,02,A01
200600029118,0,07,000,00,1,7,01,A01
200600029119,0,07,000,00,1,7,02,A01
200600029120,0,07,000,00,9,3,02,B01
200600029120,2,07,000,00,2,1,02,A01
200600029121,0,07,000,00,1,3,01,A01
200600029122,0,07,000,00,2,1,09,A01
200600029122,0,07,000,00,2,6,01,B01
200600029123,0,07,000,00,1,7,17,A01
200600029124,0,10,000,00,1,2,02,A01
200600029125,0,07,000,00,1,2,01,A01
200600029126,0,07,000,00,1,2,02,A01
200600029127,0,32,000,00,1,3,01,A01
200600029128,0,05,000,01,0,1,11,A01
200600029128,0,15,000,00,0,4,07,B01
200600029129,0,07,000,00,1,2,01,A01
200600029130,0,07,000,00,1,3,01,A01
200600029131,0,07,000,00,2,6,02,B01
200600029131,0,07,000,00,2,2,02,A01
200600029132,0,07,000,00,1,3,21,A01
200600029133,0,05,000,00,0,1,02,A01
200600029134,0,07,000,00,1,2,01,A01
200600029135,0,07,000,14,2,1,01,A01
200600029135,0,04,000,14,2,4,15,B01
200600029136,1,10,000,00,2,0,00,A01
200600029136,0,07,000,00,2,0,00,B01
200600029137,0,07,000,00,2,3,01,B01
200600029137,0,07,000,00,2,1,01,A01
200600029138,0,07,000,00,1,1,02,A01
200600029139,0,04,000,00,1,0,00,A01
200600029140,0,01,000,00,0,8,00,A01
200600029140,0,15,000,00,9,7,00,B01
200600029141,0,04,000,00,0,1,00,A01
200600029141,0,07,000,00,0,7,00,B01
200600029142,2,07,000,00,2,5,12,A01
200600029142,0,05,000,00,2,1,02,B01
200600029142,0,07,000,00,0,5,02,C01
200600029142,0,07,000,00,0,6,02,D01
200600029143,0,07,000,00,1,3,01,A01
200600029144,1,05,000,00,0,0,00,A01
200600029145,0,07,000,00,0,4,04,A01
200600029145,0,99,000,00,0,4,24,B01
200600029146,0,07,000,00,2,1,01,A01
200600029146,0,07,000,00,2,7,10,B01
200600029147,0,07,000,00,1,2,01,A01
200600029148,0,07,000,14,2,2,12,A01
200600029148,0,05,000,00,2,8,18,B01
200600029149,0,07,000,00,2,2,02,A01
200600029149,0,07,000,00,2,6,02,B01
200600029150,0,07,000,00,2,6,02,B01
200600029150,0,07,000,00,2,3,02,C01
200600029150,0,07,000,00,2,1,01,A01
200600029151,0,07,000,00,1,1,02,A01
200600029152,0,07,000,00,1,1,01,A01
200600029153,0,18,000,00,1,7,00,A01
200600029154,0,07,000,00,2,1,02,A01
200600029154,0,07,000,00,2,2,15,B01
200600029155,0,07,000,00,1,8,00,A01
200600029156,0,30,000,00,2,2,10,A01
200600029156,0,07,000,00,9,2,01,B01
200600029157,0,07,000,00,1,1,00,A01
200600029158,0,07,000,00,2,6,00,A01
200600029158,0,07,000,00,0,3,01,B01
200600029159,0,07,000,00,2,2,15,A01
200600029159,0,07,000,00,2,1,02,B01
200600029160,0,01,000,00,2,7,09,A01
200600029160,0,07,000,00,9,3,00,B01
200600029161,0,07,000,00,2,5,15,B01
200600029161,0,05,000,00,0,9,01,A01
200600029162,0,07,000,00,2,2,01,A01
200600029162,0,07,002,00,2,3,01,B01
200600029163,0,07,000,00,2,8,01,B01
200600029163,0,07,000,00,2,1,01,A01
200600029164,0,07,000,00,2,6,02,A01
200600029164,0,07,000,01,2,6,02,B01
200600029165,0,07,000,15,0,2,01,A01
200600029166,0,07,000,00,2,3,11,A01
200600029166,0,07,000,09,2,9,02,B01
200600029167,0,01,000,11,0,1,02,A01
200600029167,0,07,000,00,0,0,00,B01
200600029168,0,07,000,00,2,0,15,B01
200600029168,0,07,000,13,0,0,21,A01
200600029169,0,07,000,00,2,3,01,A01
200600029169,0,18,003,00,0,7,01,B01
200600029170,0,07,002,00,2,1,01,A01
200600029170,0,07,000,00,0,4,01,B01
200600029171,0,07,000,00,2,2,00,A01
200600029171,0,01,000,00,2,1,19,B01
200600029172,0,07,000,00,2,7,01,A01
200600029172,0,05,000,00,2,6,00,B01
200600029173,0,18,000,00,1,0,00,A01
200600029174,0,07,000,00,0,2,01,A01
200600029175,0,02,000,00,2,3,13,A01
200600029175,0,07,000,00,2,3,01,B01
200600029176,0,07,000,00,1,7,01,A01
200600029177,0,07,000,01,0,6,04,A01
200600029178,0,07,000,12,0,1,00,A01
200600029179,1,07,000,01,0,1,02,A01
200600029180,0,07,000,00,0,8,17,A01
200600029180,0,01,000,00,0,2,17,B01
200600029181,0,07,000,00,1,8,02,A01
200600029182,0,07,000,00,1,2,14,A01
200600029183,0,07,000,00,2,1,13,A01
200600029183,0,18,002,00,0,3,23,B01
200600029184,0,07,000,00,2,8,15,B01
200600029184,0,05,000,00,2,9,00,A01
200600029185,0,07,000,00,0,3,00,A01
200600029186,0,07,000,00,0,3,00,A01
200600029187,0,13,000,00,0,4,24,A01
200600029187,0,01,000,01,0,1,00,B01
200600029188,0,07,000,00,2,2,10,A01
200600029188,0,05,000,00,2,1,01,B01
200600029189,0,99,000,00,2,6,15,A01
200600029189,0,02,000,00,2,1,17,B01
200600029190,0,07,000,00,0,4,01,B01
200600029190,0,05,000,00,2,1,02,A01
200600029191,0,07,000,00,0,3,19,B01
200600029191,0,32,000,00,0,1,19,A01
200600029192,0,07,000,00,1,3,01,A01
200600029193,0,07,000,00,2,8,01,B01
200600029193,0,02,000,00,2,2,17,A01
200600029194,0,07,000,00,2,1,01,A01
200600029194,0,07,000,01,2,8,01,B01
200600029195,0,18,000,00,2,1,00,B01
200600029195,0,07,000,00,2,5,00,A01
200600029196,0,10,000,00,1,2,01,A01
200600029197,0,02,000,00,2,1,02,A01
200600029198,0,07,000,00,1,1,00,A01
200600029199,0,07,000,00,0,2,01,B01
200600029199,0,02,000,00,0,7,01,A01
200600029200,0,07,000,01,0,2,09,A01
200600029200,0,02,000,01,2,3,00,B01
200600029201,0,05,000,01,1,9,21,A01
200600029202,1,07,000,00,1,1,01,A01
200600029203,0,07,000,00,9,6,00,A01
200600029203,0,02,000,00,2,1,00,B01
200600029204,0,18,000,00,0,8,01,B01
200600029204,0,07,000,00,0,1,01,A01
200600029205,0,07,000,00,0,1,01,A01
200600029205,0,07,000,00,0,4,01,B01
200600029206,0,07,000,00,1,7,19,A01
200600029207,0,07,000,00,2,3,01,A01
200600029207,0,07,000,00,2,3,00,B01
200600029208,0,07,000,00,1,6,04,A01
200600029209,0,07,000,00,2,3,01,A01
200600029209,0,02,000,00,2,1,01,B01
200600029210,0,07,000,15,0,7,15,A01
200600029210,0,07,000,00,2,1,00,B01
200600029211,0,01,000,00,2,1,00,A01
200600029211,0,07,000,00,2,3,02,B01
200600029212,0,02,000,00,1,1,00,A01
200600029213,0,07,000,00,1,2,20,A01
200600029214,0,02,000,00,1,1,05,A01
200600029215,0,07,000,00,2,3,15,B01
200600029215,0,05,000,00,2,7,17,A01
200600029216,0,07,000,00,1,2,00,A01
200600029217,0,07,000,00,2,1,02,A01
200600029217,0,07,000,00,0,4,02,B01
200600029218,0,32,000,00,2,2,09,A01
200600029218,0,07,000,00,2,8,01,B01
200600029219,0,07,000,01,0,2,01,A01
200600029220,0,07,000,00,1,1,01,A01
200600029221,2,07,000,00,1,2,15,A01
200600029222,0,07,000,00,1,1,01,A01
200600029223,0,07,000,00,2,2,01,A01
200600029223,0,30,000,00,2,1,01,B01
200600029224,0,05,000,00,2,2,00,A01
200600029225,0,07,000,00,0,6,23,A01
200600029225,0,05,000,00,0,1,13,B01
200600029226,0,02,000,00,0,0,00,A01
200600029226,0,07,000,00,9,3,19,B01
200600029227,0,02,000,00,1,1,01,A01
200600029228,0,07,000,00,1,3,01,A01
200600029229,0,04,000,00,2,6,03,A01
200600029229,0,07,000,00,9,2,01,B01
200600029230,0,07,000,06,0,1,24,A01
200600029231,0,07,000,00,2,3,01,A01
200600029231,0,32,000,00,2,1,01,B01
200600029232,0,33,000,00,2,3,02,B01
200600029232,0,07,000,00,0,2,09,A01
200600029233,0,07,000,00,0,8,00,A01
200600029233,0,30,000,00,0,1,00,B01
200600029234,0,07,000,00,1,6,04,A01
200600029235,0,07,000,08,2,8,19,B01
200600029235,0,07,000,00,2,1,19,A01
200600029236,0,03,000,00,2,1,02,A01
200600029236,0,07,000,00,2,4,02,B01
200600029237,0,30,000,00,2,2,17,A01
200600029237,0,07,000,00,2,4,02,B01
200600029238,0,37,050,00,0,3,02,A01
200600029238,0,07,000,00,0,1,13,B01
200600029239,0,07,000,00,2,7,15,A01
200600029239,0,31,000,00,2,2,01,B01
200600029240,0,02,000,00,2,1,01,A01
200600029240,0,07,000,00,2,2,01,B01
200600029241,0,31,000,00,2,1,01,A01
200600029241,0,07,000,00,2,4,23,B01
200600029242,0,07,000,00,2,1,01,A01
200600029242,0,07,000,00,2,4,23,B01
200600029243,0,01,000,00,2,1,15,B01
200600029243,0,07,000,00,2,2,01,A01
200600029244,0,16,000,00,2,7,16,A01
200600029244,0,33,000,00,2,0,09,B01
200600029245,0,07,000,00,1,4,20,A01
200600029246,0,18,000,00,2,1,01,A01
200600029246,0,07,000,00,2,8,01,B01
200600029247,1,05,000,00,1,8,00,A01
200600029248,0,07,000,11,0,1,02,A01
200600029249,1,02,000,00,1,0,00,A01
200600029250,0,04,000,00,2,7,03,A01
200600029250,0,07,000,00,2,8,11,B01
200600029251,2,07,000,00,2,1,00,B01
200600029251,0,07,000,08,2,7,00,A01
200600029252,0,07,000,06,2,8,01,A01
200600029252,0,07,000,00,2,1,01,B01
200600029253,0,07,000,00,0,4,00,A01
200600029254,0,07,000,00,2,3,02,A01
200600029254,0,07,000,00,0,5,02,B01
200600029255,0,07,000,00,2,4,02,A01
200600029255,0,07,000,00,2,2,02,B01
200600029256,0,07,000,11,0,1,01,A01
200600029257,0,07,000,00,9,1,00,A01
200600029258,0,07,000,00,2,1,02,A01
200600029258,0,07,000,00,0,4,02,B01
200600029259,0,20,000,00,0,0,00,A01
200600029260,0,07,000,00,2,8,19,A01
200600029260,0,07,000,00,2,3,00,B01
200600029261,0,07,000,06,0,4,00,A01
200600029262,0,07,000,00,0,0,00,A01
200600029262,0,07,000,00,0,0,00,B01
200600029263,0,07,000,00,1,1,00,A01
200600029264,0,07,000,00,0,0,00,B01
200600029264,0,07,000,00,0,2,01,A01
200600029265,0,30,000,00,2,2,24,A01
200600029265,0,17,000,00,0,3,02,B01
200600029266,0,37,010,01,1,1,00,A01
200600029267,0,07,000,00,0,8,15,A01
200600029267,0,02,000,00,2,2,17,B01
200600029268,0,07,000,00,0,8,10,A01
200600029268,0,10,001,00,2,2,01,B01
200600029269,0,07,000,00,1,1,16,A01
200600029270,0,05,000,00,2,3,11,A01
200600029270,0,07,000,00,0,3,10,B01
200600029271,0,07,000,00,1,3,00,A01
200600029272,1,34,000,00,0,4,00,A01
200600029273,0,02,000,00,2,1,17,B01
200600029273,0,07,000,00,0,2,00,A01
200600029274,0,07,000,00,1,1,00,A01
200600029275,1,99,001,00,0,0,00,A01
200600029275,0,32,000,00,2,1,01,B01
200600029276,0,07,000,00,0,1,01,A01
200600029277,0,07,000,00,2,1,01,A01
200600029277,0,07,000,00,2,7,15,B01
200600029278,0,07,000,00,9,2,01,A01
200600029278,0,01,000,00,2,1,01,B01
200600029279,0,07,000,00,1,2,02,A01
200600029280,1,07,000,00,2,1,00,C01
200600029280,0,34,000,00,2,3,00,A01
200600029280,0,07,000,00,2,5,01,B01
200600029281,0,33,000,00,2,2,02,A01
200600029281,0,07,000,00,2,3,02,B01
200600029282,0,07,000,00,2,3,10,A01
200600029282,0,07,000,00,2,2,01,B01
200600029283,0,07,000,00,2,4,01,B01
200600029283,0,07,000,00,2,1,02,A01
200600029284,0,07,000,00,2,8,02,A01
200600029284,0,02,000,00,2,7,02,B01
200600029285,0,07,000,00,2,8,10,A01
200600029285,0,37,050,00,2,2,01,B01
200600029286,0,33,000,00,2,8,12,A01
200600029286,0,07,000,00,2,6,01,B01
200600029287,0,31,000,00,2,1,01,B01
200600029287,1,07,000,00,2,0,00,A01
200600029288,0,07,000,00,2,1,01,A01
200600029288,0,07,000,00,2,1,01,B01
200600029289,0,31,000,00,2,1,02,A01
200600029289,0,07,000,00,2,4,02,B01
200600029290,0,10,000,00,2,1,02,A01
200600029290,0,07,000,00,0,4,02,B01
200600029291,0,07,000,00,2,6,02,B01
200600029291,0,02,000,00,2,1,02,A01
200600029292,0,07,000,15,0,1,00,A01
200600029293,0,07,000,00,2,7,19,A01
200600029293,0,07,000,00,2,1,02,B01
200600029294,0,07,000,00,9,1,01,A01
200600029295,0,13,000,00,1,1,01,A01
200600029296,0,07,000,00,2,5,04,A01
200600029296,0,02,000,00,2,1,01,B01
200600029297,0,07,000,14,2,1,01,A01
200600029297,0,07,000,00,2,1,15,B01
200600029298,0,07,000,01,0,1,01,A01
200600029299,0,33,000,00,1,2,01,A01
200600029300,0,07,000,00,2,2,01,A01
200600029300,0,07,000,00,2,7,15,B01
200600029301,0,07,000,00,1,1,16,A01
200600029302,0,31,000,00,2,3,01,A01
200600029302,0,07,000,00,2,2,01,B01
200600029303,0,07,000,00,2,8,24,A01
200600029303,0,01,000,01,0,1,01,B01
200600029304,0,33,000,00,2,2,01,A01
200600029304,0,07,000,00,2,3,16,B01
200600029305,1,33,000,00,1,1,00,A01
200600029306,0,07,000,00,2,1,01,A01
200600029306,0,07,000,00,2,3,15,B01
200600029307,0,07,000,14,0,1,00,A01
200600029308,0,30,000,00,2,1,13,A01
200600029308,0,02,000,00,2,1,01,B01
200600029309,0,33,000,00,2,7,02,A01
200600029309,0,07,000,00,2,8,02,B01
200600029310,0,07,000,00,2,1,02,A01
200600029310,0,07,000,00,2,4,02,B01
200600029310,0,07,000,00,0,4,23,C01
200600029311,0,07,000,00,1,7,01,A01
200600029312,0,07,000,00,0,4,23,A01
200600029312,0,07,000,00,2,1,02,B01
200600029313,0,07,000,00,2,1,01,A01
200600029313,0,07,000,00,2,8,16,B01
200600029314,0,07,000,00,2,1,01,A01
200600029314,0,07,000,00,2,8,01,B01
200600029315,0,07,000,00,2,2,00,A01
200600029315,0,10,000,00,2,1,00,B01
200600029316,0,07,000,00,1,3,02,A01
200600029317,0,07,000,00,2,3,15,A01
200600029317,0,33,000,00,2,9,01,B01
200600029318,0,07,000,00,0,3,01,B01
200600029319,0,07,000,00,2,3,22,A01
200600029319,0,30,000,01,2,1,02,B01
200600029320,0,33,000,00,2,1,01,B01
200600029320,0,10,000,00,0,3,10,A01
200600029321,0,07,000,00,2,0,02,A01