Num_Acc,senc,catv,occutc,obs,obsm,choc,manv,num_veh
200600029321,0,07,000,00,0,4,23,B01
200600029322,0,07,000,14,0,2,02,A01
200600029323,0,10,000,00,2,1,01,A01
200600029323,0,02,000,00,2,4,23,B01
200600029324,0,02,000,00,2,1,01,A01
200600029324,0,07,000,00,2,7,09,B01
200600029325,0,10,000,00,2,2,15,A01
200600029325,0,07,000,00,2,1,01,B01
200600029326,0,04,000,01,0,9,03,A01
200600029327,0,07,000,00,2,1,13,A01
200600029327,0,07,000,00,2,8,01,B01
200600029328,0,30,000,16,2,0,06,A01
200600029328,0,07,000,00,2,1,00,B01
200600029329,0,07,000,00,9,1,00,B01
200600029329,0,01,000,00,2,1,00,A01
200600029330,0,07,000,00,1,3,01,A01
200600029331,0,07,000,00,2,4,00,A01
200600029331,0,07,000,00,2,4,00,B01
200600029332,0,07,000,00,2,1,09,A01
200600029332,0,02,000,00,0,0,00,B01
200600029333,0,07,000,00,2,3,15,A01
200600029333,0,07,000,00,2,1,01,B01
200600029334,0,07,000,00,1,2,00,A01
200600029335,0,13,000,00,2,1,02,A01
200600029335,0,07,000,00,2,4,02,B01
200600029336,0,07,000,00,2,3,01,A01
200600029336,0,07,000,00,2,2,01,B01
200600029337,0,07,000,00,2,3,01,B01
200600029337,0,07,000,00,2,1,09,A01
200600029338,0,05,000,00,2,1,02,A01
200600029338,0,07,000,00,2,4,00,B01
200600029339,0,07,000,00,2,8,15,A01
200600029339,0,05,000,00,2,1,17,B01
200600029340,0,02,000,00,0,7,01,A01
200600029341,0,07,000,00,2,1,01,A01
200600029341,0,07,000,00,2,4,01,B01
200600029341,0,07,000,00,2,1,09,C01
200600029342,0,07,000,00,2,1,00,A01
200600029342,0,07,000,00,2,4,00,B01
200600029343,0,18,001,00,1,1,01,A01
200600029344,0,07,000,00,2,1,02,A01
200600029344,0,07,000,00,0,4,02,B01
200600029345,0,07,000,00,0,9,00,A01
200600029346,0,07,000,00,2,3,02,A01
200600029346,0,07,000,02,0,1,07,B01
200600029347,0,07,000,00,1,1,00,A01
200600029348,0,07,000,00,2,0,00,A01
200600029348,0,07,000,00,2,1,00,B01
200600029349,0,07,000,01,0,3,24,A01
200600029349,0,01,000,01,0,1,01,B01
200600029350,0,02,000,01,0,0,02,A01
200600029351,0,07,000,00,1,1,02,A01
200600029352,0,05,000,00,0,0,01,A01
200600029353,0,07,000,01,0,2,02,A01
200600029353,0,07,000,00,0,4,00,B01
200600029354,0,07,000,00,1,2,00,A01
200600029355,0,07,000,00,2,2,00,A01
200600029355,0,07,000,00,2,1,00,B01
200600029356,0,10,000,00,2,1,02,A01
200600029356,0,07,000,00,0,4,01,B01
200600029357,0,05,000,00,2,1,02,A01
200600029357,0,07,000,00,2,4,02,B01
200600029358,0,07,000,00,2,1,00,A01
200600029358,0,07,000,00,2,3,00,B01
200600029359,0,07,000,00,2,1,00,A01
200600029359,0,07,000,00,2,6,00,B01
200600029360,0,07,000,00,2,1,00,A01
200600029360,0,07,000,00,2,4,00,B01
200600029361,0,02,000,00,2,1,00,A01
200600029361,0,07,000,00,2,5,00,B01
200600029362,0,07,000,00,1,3,01,A01
200600029363,0,07,000,00,1,1,02,A01
200600029364,0,07,000,00,0,5,15,A01
200600029364,0,01,000,00,2,1,02,B01
200600029365,0,07,000,00,2,1,02,A01
200600029365,0,07,000,00,0,4,23,B01
200600029366,0,30,000,00,1,1,15,A01
200600029367,0,07,000,00,2,4,23,C01
200600029367,0,07,000,00,2,4,23,B01
200600029367,0,07,000,00,2,1,01,A01
200600029368,0,07,000,00,2,7,10,A01
200600029368,0,07,000,00,2,1,01,B01
200600029369,0,07,000,00,1,1,01,A01
200600029370,0,07,000,00,1,7,01,A01
200600029371,0,07,000,00,2,2,01,B01
200600029371,0,07,000,01,2,6,15,A01
200600029372,0,07,000,02,0,1,01,A01
200600029373,0,07,000,00,1,1,01,A01
200600029374,0,07,000,00,2,5,01,A01
200600029374,0,04,000,00,2,1,00,B01
200600029375,0,04,000,00,0,3,00,A01
200600029376,0,07,000,00,1,5,01,A01
200600029377,0,04,000,00,2,7,00,A01
200600029377,0,07,000,00,2,1,00,B01
200600029378,0,07,000,00,2,8,16,B01
200600029378,0,30,000,00,2,1,21,A01
200600029379,0,05,000,00,2,1,01,B01
200600029379,0,07,000,00,2,5,15,A01
200600029380,0,01,000,00,1,1,01,A01
200600029381,0,07,000,00,1,1,00,A01
200600029382,0,01,000,00,2,4,01,B01
200600029382,0,07,000,00,2,1,01,A01
200600029383,0,05,000,00,2,1,01,B01
200600029383,0,07,000,00,2,1,15,A01
200600029384,0,07,000,00,1,1,01,A01
200600029385,0,05,000,00,2,3,01,B01
200600029385,0,07,000,00,2,1,15,A01
200600029386,0,04,000,00,2,1,01,B01
200600029386,0,07,000,00,2,2,15,A01
200600029387,0,01,000,00,2,0,00,B01
200600029387,0,07,000,00,2,1,00,A01
200600029388,0,02,000,00,2,2,16,A01
200600029388,0,02,000,00,2,3,01,B01
200600029389,0,07,000,07,0,0,00,A01
200600029390,0,07,000,00,2,4,02,A01
200600029390,0,07,000,00,2,1,02,B01
200600029391,1,07,000,00,1,1,01,A01
200600029392,0,07,000,12,0,1,01,A01
200600029393,0,01,000,00,9,0,01,A01
200600029393,0,01,000,00,9,0,01,B01
200600029393,0,01,000,00,9,0,01,C01
200600029394,0,07,000,10,0,1,01,A01
200600029395,0,33,000,00,0,8,00,A01
200600029396,0,37,000,00,0,5,09,A01
200600029397,0,07,000,00,2,7,01,B01
200600029397,0,30,000,00,2,8,07,A01
200600029398,0,07,000,02,2,9,01,A01
200600029398,0,07,000,00,0,0,01,B01
200600029399,0,07,000,00,1,2,01,A01
200600029400,0,07,000,00,1,1,01,A01
200600029401,0,07,000,00,2,1,02,A01
200600029401,0,07,000,00,0,4,02,B01
200600029402,0,34,000,00,0,2,00,A01
200600029403,0,33,000,00,0,0,02,A01
200600029403,1,07,000,00,2,0,00,B01
200600029404,0,07,000,00,0,7,09,A01
200600029404,0,33,000,00,2,1,02,B01
200600029405,0,07,000,00,1,2,00,A01
200600029406,0,07,000,00,1,2,05,A01
200600029407,0,02,000,00,2,1,01,A01
200600029407,0,07,000,00,0,4,02,B01
200600029408,0,07,000,00,2,1,21,B01
200600029408,0,33,000,00,2,7,15,A01
200600029409,0,07,000,00,1,1,01,A01
200600029410,0,07,000,00,9,3,10,A01
200600029410,0,02,000,00,2,9,02,B01
200600029410,0,07,000,00,2,3,02,C01
200600029410,0,07,000,00,9,3,02,D01
200600029411,0,02,000,00,2,0,02,A01
200600029411,0,07,000,00,2,0,02,B01
200600029412,0,07,000,06,0,1,01,A01
200600029413,1,30,000,00,1,1,01,A01
200600029414,0,07,000,00,2,8,11,A01
200600029414,0,31,000,00,2,7,01,B01
200600029415,0,07,000,00,2,2,15,A01
200600029415,0,31,000,00,2,1,02,B01
200600029416,0,33,000,00,2,1,01,A01
200600029416,0,37,000,00,2,6,16,B01
200600029417,0,18,000,00,2,1,00,A01
200600029417,0,07,000,00,2,1,01,B01
200600029418,0,07,000,00,1,6,04,A01
200600029419,0,07,000,00,2,3,09,A01
200600029419,0,31,000,00,2,7,12,B01
200600029420,0,30,000,00,2,1,01,A01
200600029420,0,07,000,00,0,6,16,B01
200600029421,0,07,000,00,2,5,15,A01
200600029421,0,30,000,00,2,1,01,B01
200600029422,0,13,000,01,0,0,01,A01
200600029423,0,02,000,00,2,1,01,A01
200600029423,0,07,000,00,0,3,01,B01
200600029424,0,07,000,00,1,1,17,A01
200600029424,0,07,000,00,2,1,17,B01
200600029425,0,07,000,00,1,3,01,A01
200600029426,0,07,000,00,2,3,15,A01
200600029426,0,30,000,00,2,3,01,B01
200600029427,0,20,000,08,0,7,01,A01
200600029428,0,07,000,00,1,3,01,A01
200600029429,0,07,000,00,1,2,02,A01
200600029430,0,07,000,00,2,3,16,A01
200600029430,0,07,000,00,2,3,01,B01
200600029431,0,02,000,00,2,1,02,A01
200600029431,0,07,000,00,0,4,01,B01
200600029432,0,33,000,00,1,1,01,A01
200600029433,0,07,000,00,0,1,15,A01
200600029434,0,07,000,00,2,1,01,A01
200600029434,0,33,000,00,2,1,01,B01
200600029435,0,33,000,00,2,1,17,A01
200600029435,0,07,000,00,0,3,15,B01
200600029436,0,10,000,00,2,3,01,A01
200600029436,1,99,000,00,0,0,00,B01
200600029437,0,33,000,00,2,8,01,A01
200600029437,0,07,000,00,0,6,13,B01
200600029438,0,07,000,00,2,1,02,A01
200600029438,0,07,000,00,0,4,23,B01
200600029439,0,07,000,00,1,1,01,A01
200600029440,0,10,000,00,1,2,01,A01
200600029441,0,07,000,00,2,1,01,A01
200600029441,0,07,000,00,2,1,01,B01
200600029442,0,07,000,00,1,1,01,A01
200600029443,0,07,000,00,1,2,01,A01
200600029444,0,07,000,00,1,1,01,A01
200600029445,0,02,000,00,1,1,01,A01
200600029446,0,07,000,00,2,2,15,A01
200600029446,0,34,000,00,2,1,01,B01
200600029447,0,01,000,00,1,0,01,A01
200600029448,0,31,000,00,2,7,01,A01
200600029448,0,10,000,00,0,6,01,B01
200600029449,0,01,000,00,2,1,01,A01
200600029449,0,31,000,00,2,8,01,B01
200600029450,0,33,000,00,1,7,01,A01
200600029451,0,30,000,00,1,0,10,A01
200600029452,0,10,000,00,1,3,01,A01
200600029453,0,07,000,00,2,3,01,B01
200600029453,0,30,000,00,2,1,15,A01
200600029454,0,30,000,00,2,8,11,A01
200600029454,0,07,000,00,2,2,13,B01
200600029455,0,07,000,00,2,0,01,A01
200600029455,0,01,000,00,2,1,19,B01
200600029456,0,07,000,00,1,1,01,A01
200600029457,0,10,000,00,1,1,01,A01
200600029458,0,10,000,00,1,1,01,A01
200600029459,1,10,000,00,0,6,00,A01
200600029459,0,31,000,00,2,1,01,B01
200600029460,0,10,000,00,1,1,01,A01
200600029461,0,30,000,00,2,1,01,A01
200600029461,0,15,000,00,2,3,15,B01
200600029462,0,10,000,09,2,6,01,A01
200600029462,0,33,000,00,2,1,01,B01
200600029463,0,07,000,00,2,1,01,A01
200600029463,0,07,000,00,2,7,01,B01
200600029464,0,10,000,00,1,2,01,A01
200600029465,0,32,000,00,2,1,01,B01
200600029465,0,07,000,15,2,1,01,A01
200600029466,0,07,000,00,2,8,01,A01
200600029466,0,07,000,00,2,4,15,B01
200600029467,0,02,000,00,2,1,01,B01
200600029467,1,07,000,00,2,0,15,A01
200600029468,0,07,000,00,1,2,01,A01
200600029469,0,07,000,01,1,3,13,A01
200600029469,0,07,000,00,2,5,24,B01
200600029470,0,10,000,00,1,3,01,A01
200600029471,0,02,000,00,1,1,01,A01
200600029472,0,07,000,00,1,3,15,A01
200600029473,0,01,000,01,0,1,01,A01
200600029474,0,07,000,00,0,0,09,A01
200600029474,0,33,000,16,0,8,01,B01
200600029475,0,07,000,00,1,1,01,A01
200600029476,0,07,000,00,2,1,01,A01
200600029476,0,33,000,00,2,4,01,B01
200600029477,0,33,000,00,2,1,17,A01
200600029477,0,07,000,00,2,6,23,B01
200600029478,0,07,000,00,2,2,14,A01
200600029478,0,01,000,00,2,4,01,B01
200600029479,0,07,000,00,0,0,09,A01
200600029479,0,37,000,00,0,0,01,B01
200600029480,0,01,000,00,0,0,01,A01
200600029481,0,07,000,00,2,1,01,A01
200600029481,0,07,000,01,2,6,01,B01
200600029482,0,07,000,00,1,4,04,A01
200600029483,0,07,000,00,2,5,12,A01
200600029483,0,33,000,00,2,8,01,B01
200600029484,1,07,000,00,2,1,01,A01
200600029484,0,07,000,00,2,6,01,B01
200600029485,0,07,000,00,2,1,01,B01
200600029485,0,07,000,00,2,2,15,A01
200600029486,0,07,000,00,1,3,01,A01
200600029487,0,07,000,00,2,1,01,A01
200600029487,0,07,000,00,2,4,01,B01
200600029487,0,07,000,00,2,4,02,C01
200600029487,0,07,000,00,2,4,02,D01
200600029488,0,02,000,00,0,1,20,A01
200600029489,0,07,000,00,2,1,01,A01
200600029489,0,07,000,00,2,4,01,B01
200600029490,0,07,000,06,0,1,16,A01
200600029491,0,07,000,00,2,1,01,A01
200600029491,0,07,000,00,2,4,15,B01
200600029492,0,02,000,00,2,1,17,A01
200600029492,0,07,000,00,2,6,15,B01
200600029493,0,07,000,00,2,6,10,A01
200600029493,0,33,000,00,2,1,01,B01
200600029494,0,01,000,01,0,1,01,A01
200600029494,0,07,000,00,2,6,23,B01
200600029495,0,07,000,00,2,2,15,A01
200600029495,0,07,000,00,2,1,01,B01
200600029496,0,33,000,00,2,2,15,A01
200600029496,0,07,000,00,0,3,15,B01
200600029497,0,07,000,00,2,8,19,A01
200600029497,0,33,000,00,2,2,01,B01
200600029498,0,33,000,00,2,1,05,A01
200600029498,0,07,000,00,2,2,01,B01
200600029499,0,07,000,00,1,7,01,A01
200600029500,0,37,001,00,1,3,13,A01
200600029501,0,07,000,00,2,3,01,B01
200600029501,0,30,000,00,2,1,01,A01
200600029502,0,07,000,00,2,5,15,A01
200600029502,0,32,000,00,2,1,01,B01
200600029503,0,07,000,00,2,3,15,B01
200600029503,0,07,000,00,2,1,01,A01
200600029504,0,02,000,00,2,1,02,A01
200600029504,0,07,000,00,9,3,02,B01
200600029505,0,07,000,00,2,4,02,A01
200600029505,0,07,000,00,2,4,02,B01
200600029505,0,07,000,00,0,4,02,C01
200600029506,0,02,000,00,2,1,17,A01
200600029506,0,07,000,00,2,8,15,B01
200600029507,0,07,000,00,2,3,01,A01
200600029507,0,02,000,00,2,2,01,B01
200600029508,0,07,000,00,2,8,15,A01
200600029508,0,14,000,00,2,1,01,B01
200600029509,0,07,000,00,2,5,15,A01
200600029509,1,33,000,00,2,1,01,B01
200600029510,0,07,000,12,0,1,01,A01
200600029511,0,07,000,00,1,6,04,A01
200600029512,0,30,000,00,1,1,01,A01
200600029513,0,07,000,00,1,2,01,A01
200600029514,0,07,000,00,2,2,01,A01
200600029514,0,07,000,00,2,1,01,B01
200600029515,0,07,000,00,2,2,09,A01
200600029515,0,30,000,00,2,8,01,B01
200600029516,0,03,000,00,2,1,09,A01
200600029516,0,07,000,00,2,7,02,B01
200600029517,0,07,000,00,2,2,16,A01
200600029517,0,30,000,00,2,1,01,B01
200600029518,0,07,000,00,2,2,16,A01
200600029518,0,07,000,00,2,3,01,B01
200600029519,0,07,000,00,2,1,09,A01
200600029519,0,01,000,00,2,7,02,B01
200600029520,0,30,000,00,0,1,01,A01
200600029521,0,33,000,00,1,1,02,A01
200600029522,1,99,000,00,1,1,01,A01
200600029523,0,02,000,00,2,1,17,A01
200600029523,0,07,000,00,2,1,01,B01
200600029524,0,01,000,15,0,1,01,A01
200600029525,0,07,000,00,2,3,01,B01
200600029525,0,02,000,00,2,7,01,A01
200600029526,0,07,000,00,2,2,15,A01
200600029526,0,02,000,00,2,1,01,B01
200600029527,0,33,000,00,0,7,01,A01
200600029528,0,07,000,00,2,1,01,A01
200600029528,0,07,000,00,2,1,01,B01
200600029529,0,07,000,00,2,6,01,B01
200600029529,0,32,000,00,2,8,01,A01
200600029530,0,15,000,00,9,8,01,A01
200600029530,0,39,000,00,2,1,01,B01
200600029531,0,07,000,00,1,1,01,A01
200600029532,0,07,000,00,1,4,04,A01
200600029533,0,33,000,00,2,8,01,A01
200600029533,0,07,000,00,2,0,01,B01
200600029534,0,07,000,00,2,1,01,B01
200600029534,0,07,000,00,2,1,15,A01
200600029535,0,07,000,00,1,1,01,A01
200600029536,0,07,000,00,1,1,01,A01
200600029537,0,07,000,00,2,7,01,A01
200600029537,1,14,000,00,2,3,18,B01
200600029538,0,07,000,00,1,1,01,A01
200600029539,0,07,000,00,1,1,01,A01
200600029540,0,07,000,00,1,1,01,A01
200600029541,0,07,000,00,2,4,23,B01
200600029541,0,07,000,00,2,1,01,A01
200600029542,0,07,000,00,2,4,20,B01
200600029542,0,07,000,00,2,1,01,A01
200600029543,0,07,000,00,2,1,02,A01
200600029543,0,07,000,00,2,4,23,B01
200600029544,0,07,000,00,2,5,01,B01
200600029544,0,07,000,00,2,1,15,A01
200600029545,0,32,000,00,2,1,17,A01
200600029545,0,07,000,00,2,3,15,B01
200600029546,0,07,000,14,0,1,00,A01
200600029547,0,07,000,00,2,3,01,A01
200600029547,0,07,000,00,2,6,01,B01
200600029548,0,02,000,00,2,2,03,A01
200600029548,0,07,000,00,2,3,15,B01
200600029549,0,07,000,00,2,3,02,A01
200600029549,0,30,000,00,2,4,02,B01
200600029550,0,07,000,00,2,1,16,A01
200600029550,0,07,000,00,2,8,14,B01
200600029551,0,07,000,00,2,1,02,A01
200600029551,0,07,000,00,2,4,02,B01
200600029551,0,10,000,00,0,4,02,C01
200600029552,0,34,000,00,2,7,00,A01
200600029552,0,02,000,00,2,8,15,B01
200600029553,0,33,000,00,2,9,01,A01
200600029553,0,07,000,00,2,1,15,B01
200600029554,0,07,000,06,2,1,15,A01
200600029554,0,02,000,00,2,7,17,B01
200600029555,0,07,000,00,1,2,01,A01
200600029556,0,07,000,00,2,1,01,A01
200600029556,0,07,000,00,2,1,01,B01
200600029557,0,33,000,00,1,1,01,A01
200600029558,0,07,000,00,2,3,09,A01
200600029558,0,07,000,00,2,2,01,B01
200600029559,0,02,000,00,2,2,17,A01
200600029559,0,07,000,00,2,3,01,B01
200600029560,0,07,000,00,2,1,16,A01
200600029561,0,07,000,00,2,3,10,A01
200600029562,0,07,000,00,2,1,01,A01
200600029562,0,07,000,07,0,7,01,B01
200600029563,0,07,000,00,1,6,04,A01
200600029564,0,07,000,00,1,1,00,A01
200600029565,0,07,000,00,1,0,01,A01
200600029566,0,07,000,00,1,1,01,A01
200600029567,0,07,000,00,2,2,16,A01
200600029567,0,07,000,00,2,3,01,B01
200600029568,0,34,000,00,2,8,09,A01
200600029568,0,07,000,00,2,5,01,B01
200600029569,0,07,000,00,1,5,04,A01
200600029570,0,02,000,00,2,1,01,A01
200600029570,0,07,000,00,2,1,09,B01
200600029571,0,33,000,00,1,2,00,A01
200600029572,0,33,000,00,2,3,01,A01
200600029572,0,07,000,00,2,3,15,B01
200600029573,0,02,000,00,2,8,01,A01
200600029573,0,34,000,00,2,5,16,B01
200600029574,0,07,000,00,2,7,01,A01
200600029574,0,07,000,00,2,3,13,B01
200600029575,0,07,000,00,2,1,00,A01
200600029575,0,07,000,00,0,4,00,B01
200600029576,0,07,000,00,2,7,12,A01
200600029576,0,05,000,00,0,3,02,B01
200600029577,0,07,000,00,2,8,12,A01
200600029577,0,05,000,00,0,8,18,B01
200600029578,0,10,000,03,0,2,14,A01
200600029578,0,07,000,00,0,1,01,B01
200600029579,0,07,000,00,2,7,12,A01
200600029579,0,05,000,00,2,8,03,B01
200600029580,0,05,000,03,0,1,00,A01
200600029581,0,07,000,00,2,4,02,A01
200600029581,0,07,000,00,2,1,02,B01
200600029581,0,07,000,00,2,4,02,C01
200600029581,0,07,000,00,2,1,02,D01
200600029581,0,07,000,00,2,1,02,E01
200600029582,0,07,000,03,0,8,12,A01
200600029583,0,07,000,04,0,1,00,A01
200600029584,0,05,000,04,0,1,01,A01
200600029585,0,07,000,00,0,0,00,A01
200600029585,0,07,000,00,0,0,00,B01
200600029586,0,17,000,00,2,2,02,A01
200600029586,0,15,000,00,2,6,01,B01
200600029586,0,07,000,11,0,6,02,C01
200600029587,0,07,000,12,0,1,02,A01
200600029588,0,13,000,00,0,6,02,A01
200600029588,0,07,000,00,2,1,02,B01
200600029589,0,07,000,03,0,7,02,A01
200600029590,0,05,000,00,2,8,18,A01
200600029590,0,07,000,00,2,7,14,B01
200600029591,0,07,000,06,0,3,02,A01
200600029592,0,13,000,13,0,1,00,A01
200600029593,0,07,000,04,2,7,01,A01
200600029593,1,07,000,00,0,3,11,B01
200600029594,0,07,000,00,2,1,02,A01
200600029594,0,07,000,00,0,4,02,B01
200600029595,0,07,000,00,2,3,11,A01
200600029595,0,05,000,00,0,7,01,B01
200600029596,0,15,000,00,0,5,01,A01
200600029596,0,07,000,00,2,3,09,B01
200600029596,0,07,000,00,2,3,02,C01
200600029597,0,07,000,04,2,8,01,A01
200600029597,0,05,000,00,2,3,01,B01
200600029597,0,17,000,00,2,1,01,C01
200600029598,0,07,000,00,2,4,01,A01
200600029598,0,15,000,00,2,1,02,B01
200600029598,0,15,000,00,0,4,02,C01
200600029599,0,05,000,00,2,7,02,A01
200600029599,0,07,000,00,2,8,11,B01
200600029600,0,07,000,00,2,2,12,A01
200600029600,0,05,000,00,0,3,00,B01
200600029601,0,07,000,00,2,1,02,A01
200600029601,0,07,000,00,2,4,02,B01
200600029601,0,07,000,00,0,4,02,C01
200600029602,0,07,000,06,0,1,02,A01
200600029603,0,07,000,04,0,1,12,A01
200600029604,0,10,000,00,0,5,02,A01
200600029605,0,07,000,00,2,4,11,A01
200600029605,0,05,000,00,2,1,03,B01
200600029606,0,04,000,00,2,1,01,A01
200600029606,0,07,000,00,0,4,12,B01
200600029607,0,05,000,00,2,1,03,B01
200600029607,0,07,000,00,0,6,11,A01
200600029608,0,07,000,04,0,1,00,A01
200600029609,0,07,000,04,0,1,00,A01
200600029610,0,07,000,04,0,1,01,A01
200600029611,0,33,000,00,0,7,01,B01
200600029611,0,07,000,00,2,8,11,A01
200600029612,0,10,000,00,2,8,13,B01
200600029612,0,31,000,00,2,7,03,A01
200600029613,0,07,000,00,2,2,09,A01
200600029613,0,33,000,00,2,8,01,B01
200600029614,0,07,000,00,2,6,12,A01
200600029614,0,15,000,00,2,0,12,B01
200600029615,0,07,000,00,0,2,18,B01
200600029615,0,13,000,00,2,3,00,A01
200600029616,0,33,000,00,0,7,01,A01
200600029617,0,13,000,04,0,1,00,A01
200600029618,0,07,000,00,2,7,01,B01
200600029618,0,33,000,00,2,8,03,A01
200600029619,0,07,000,03,2,1,00,A01
200600029619,0,13,000,00,0,0,00,B01
200600029620,0,33,000,00,1,1,01,A01
200600029621,0,07,000,00,0,4,02,B01
200600029621,0,07,000,00,2,1,02,A01
200600029622,0,33,000,00,0,1,00,A01
200600029623,0,07,000,00,2,4,02,C01
200600029623,0,07,000,00,2,4,02,B01
200600029623,0,10,000,00,2,1,02,A01
200600029624,0,07,000,04,2,1,11,B01
200600029624,0,10,000,00,2,3,21,A01
200600029625,0,33,000,00,2,7,18,B01
200600029625,0,10,000,00,2,8,11,A01
200600029625,0,07,000,00,2,5,01,C01
200600029626,0,07,000,00,0,0,00,C01
200600029626,0,07,000,00,0,4,00,B01
200600029626,0,07,000,00,2,1,00,A01
200600029627,0,07,000,04,0,3,01,A01
200600029628,0,17,000,00,2,2,12,B01
200600029628,0,07,000,04,2,6,02,A01
200600029628,0,10,000,04,2,1,21,C01
200600029629,0,33,000,00,2,2,02,B01
200600029629,0,33,000,00,2,2,01,C01
200600029629,0,10,000,00,2,8,02,A01
200600029630,0,33,000,00,9,1,02,A01
200600029631,0,14,000,00,0,0,01,C01
200600029631,0,33,000,00,2,1,18,B01
200600029631,0,07,000,00,0,5,12,A01
200600029632,0,07,000,00,2,1,01,B01
200600029632,0,07,000,00,0,4,01,C01
200600029632,0,07,000,00,4,1,01,A01
200600029633,0,10,000,03,0,3,01,A01
200600029634,0,07,000,00,0,0,00,A01
200600029635,0,07,000,04,0,3,02,A01
200600029636,0,32,000,00,0,0,01,A01
200600029637,0,07,000,04,0,3,11,A01
200600029638,0,05,000,00,0,0,00,A01
200600029639,0,07,000,00,0,0,00,D01
200600029639,0,07,000,00,0,0,00,C01
200600029639,0,07,000,00,0,0,00,B01
200600029639,0,07,000,00,0,0,00,A01
200600029640,0,13,000,00,2,1,02,A01
200600029640,0,37,001,00,0,4,02,B01
200600029641,0,07,000,00,2,2,17,A01
200600029641,0,07,000,00,0,6,01,B01
200600029642,0,07,000,00,0,7,19,B01
200600029642,0,15,000,00,2,3,01,A01
200600029643,0,17,000,00,2,2,12,A01
200600029643,0,07,000,00,2,6,01,B01
200600029643,0,07,000,00,2,1,01,C01
200600029644,0,33,000,00,2,1,02,A01
200600029644,0,07,000,00,0,4,01,B01
200600029645,0,07,000,00,2,2,14,A01
200600029645,0,07,000,00,0,6,02,B01
200600029646,0,07,000,13,0,8,16,A01
200600029647,0,33,000,03,0,1,00,A01
200600029648,0,32,000,06,0,2,02,A01
200600029649,0,33,000,00,2,3,09,A01
200600029649,0,15,000,00,0,7,01,B01
200600029650,1,14,000,00,1,0,11,A01
200600029650,0,32,000,00,0,6,01,B01
200600029651,0,07,000,00,2,3,01,A01
200600029652,0,07,000,00,2,3,02,A01
200600029652,0,07,000,00,2,5,02,B01
200600029652,0,07,000,00,0,1,02,C01
200600029653,0,33,000,00,2,3,01,A01
200600029653,0,07,000,00,2,7,09,B01
200600029654,0,10,000,00,0,0,00,A01
200600029654,0,33,000,00,0,0,00,B01
200600029655,0,07,000,03,0,1,01,A01
200600029656,0,07,000,03,0,1,01,A01
200600029657,0,07,000,00,0,0,00,A01
200600029657,0,07,000,00,0,0,00,B01
200600029658,0,07,000,14,0,1,00,B01
200600029658,0,07,000,00,0,4,00,A01
200600029659,0,07,000,00,0,4,01,A01
200600029659,0,07,000,00,2,1,01,B01
200600029660,0,34,000,00,2,3,11,A01
200600029660,0,10,000,00,0,5,01,B01
200600029661,0,07,000,00,0,6,01,A01
200600029661,1,15,000,00,2,2,12,B01
200600029662,0,07,000,00,0,4,01,A01
200600029662,0,07,000,00,2,1,01,B01
200600029663,0,07,000,00,0,6,01,A01
200600029663,0,07,000,00,2,1,01,F01
200600029663,0,07,000,00,2,4,01,B01
200600029663,0,07,000,00,0,4,01,C01
200600029663,0,07,000,00,2,4,01,D01
200600029663,0,07,000,00,2,4,01,E01
200600029664,0,07,000,00,0,6,00,A01
200600029664,0,07,000,00,2,2,02,B01
200600029665,0,07,000,08,0,1,00,A01
200600029666,0,07,000,02,0,1,17,A01
200600029667,0,07,000,00,0,5,12,A01
200600029667,0,33,000,00,2,3,03,B01
200600029668,0,33,000,00,0,0,01,A01
200600029669,0,07,000,00,0,2,14,A01
200600029669,0,14,000,00,0,3,02,B01
200600029670,0,07,000,00,2,3,11,A01
200600029670,0,10,000,00,2,2,02,B01
200600029671,0,33,000,00,0,7,01,A01
200600029672,0,10,000,00,0,5,01,A01
200600029672,0,07,000,00,2,3,00,B01
200600029673,0,07,000,00,2,8,11,A01
200600029673,0,33,000,00,2,7,03,B01
200600029674,0,33,000,00,0,3,01,A01
200600029675,0,33,000,00,0,0,00,A01
200600029676,0,10,000,06,0,3,01,A01
200600029677,0,07,000,04,0,1,01,A01
200600029678,0,07,000,04,2,6,00,A01
200600029678,0,07,000,00,2,2,01,B01
200600029679,0,07,000,00,0,8,00,A01
200600029679,0,07,000,00,0,1,00,B01
200600029679,0,07,000,00,0,1,00,C01
200600029680,0,07,000,15,9,1,01,A01
200600029681,0,07,000,00,2,8,19,A01
200600029681,0,32,000,00,2,1,02,B01
200600029682,0,07,000,00,0,1,02,A01
200600029682,0,07,000,00,0,4,02,B01
200600029683,0,33,000,15,0,1,01,A01
200600029683,0,07,000,00,2,6,01,B01
200600029683,0,07,000,00,2,1,01,C01
200600029683,0,07,000,00,2,3,01,D01
200600029684,0,33,000,00,0,7,01,A01
200600029685,0,07,000,00,2,6,11,A01
200600029685,0,17,000,00,2,2,17,B01
200600029686,0,33,000,00,0,8,01,A01
200600029687,0,07,000,00,0,5,12,A01
200600029687,0,33,000,00,2,3,03,B01
200600029688,0,15,000,00,0,4,02,A01
200600029688,0,07,000,00,0,1,02,B01
200600029689,0,07,000,00,2,2,13,A01
200600029689,0,07,000,00,0,6,01,B01
200600029689,0,07,000,00,2,2,01,C01
200600029690,0,33,000,00,0,7,01,A01
200600029691,0,33,000,00,0,7,01,A01
200600029692,0,07,000,00,2,6,11,A01
200600029692,0,07,000,00,2,2,01,B01