Num_Acc,senc,catv,occutc,obs,obsm,choc,manv,num_veh
200600030053,0,38,000,00,1,1,15,A01
200600030054,0,07,000,00,2,2,15,A01
200600030054,0,02,000,00,2,1,01,B02
200600030055,0,07,000,00,2,1,01,A01
200600030055,0,07,000,00,2,1,01,B02
200600030056,0,07,000,00,2,1,02,A01
200600030056,0,01,000,00,2,6,02,B02
200600030057,0,07,000,00,2,2,01,A01
200600030057,0,07,000,00,0,0,00,B02
200600030057,0,01,000,00,2,1,16,C03
200600030058,0,36,000,16,0,2,00,A01
200600030059,0,14,000,00,2,1,01,A01
200600030059,0,02,000,00,2,1,13,B02
200600030060,0,07,000,00,2,1,19,A01
200600030060,0,02,000,00,2,1,21,B02
200600030061,1,14,000,00,0,0,00,A01
200600030062,0,07,000,00,2,3,15,A01
200600030062,0,07,000,00,2,1,01,B02
200600030063,0,07,000,00,5,7,01,A01
200600030063,0,99,000,00,2,0,00,B02
200600030063,0,99,000,00,2,1,01,C03
200600030064,0,31,000,06,0,7,14,A01
200600030065,0,07,000,02,0,2,01,A01
200600030066,0,30,000,00,2,1,13,A01
200600030067,0,07,000,00,9,2,11,A01
200600030067,0,02,000,00,2,1,01,B02
200600030068,0,07,000,00,2,1,01,A01
200600030068,0,07,000,00,2,1,01,B02
200600030069,0,07,000,00,2,3,16,A01
200600030069,0,07,000,00,2,2,01,B02
200600030070,0,07,000,00,2,8,15,A01
200600030070,0,17,000,00,2,2,01,B02
200600030071,0,02,000,00,2,1,01,A01
200600030071,0,01,000,00,2,2,01,B02
200600030072,0,07,000,02,0,2,01,A01
200600030073,0,21,000,00,2,1,01,A01
200600030073,0,02,000,00,2,1,01,B02
200600030074,0,07,000,02,0,3,01,A01
200600030075,0,07,000,00,0,3,19,A01
200600030075,0,31,000,00,2,1,01,B02
200600030076,0,07,000,00,2,1,01,B02
200600030076,0,07,000,00,2,7,01,A01
200600030077,0,07,000,00,2,3,19,A01
200600030077,0,07,000,00,2,1,01,B02
200600030078,0,07,000,00,0,2,19,A01
200600030078,0,02,000,00,0,3,01,B02
200600030079,0,36,000,06,0,1,01,A01
200600030080,0,07,000,00,1,2,01,A01
200600030081,0,30,000,15,0,1,01,A01
200600030082,0,07,000,00,0,7,16,A01
200600030082,0,02,000,00,2,1,17,B02
200600030083,0,07,000,00,2,6,01,A01
200600030083,0,02,000,00,2,1,05,B02
200600030084,0,07,000,00,0,0,00,A01
200600030084,0,14,000,00,2,1,02,D04
200600030084,0,07,000,00,2,1,02,E05
200600030085,0,32,000,00,2,3,01,A01
200600030085,0,07,000,00,2,2,21,B02
200600030086,0,07,000,00,2,3,15,A01
200600030086,0,07,000,00,2,2,17,B02
200600030087,0,02,000,06,2,3,13,A01
200600030087,0,07,000,00,2,8,01,B02
200600030088,0,30,000,00,2,3,01,A01
200600030088,0,07,000,00,2,6,19,B02
200600030089,0,30,000,00,0,0,02,A01
200600030090,0,07,000,02,0,5,15,A01
200600030091,0,07,000,00,2,1,00,A01
200600030091,0,31,000,00,2,1,00,B02
200600030092,0,31,000,00,2,1,02,A01
200600030092,0,07,000,00,2,6,02,B02
200600030093,0,07,000,00,2,1,02,A01
200600030093,0,07,000,00,2,8,11,B02
200600030094,0,07,000,00,0,8,19,A01
200600030094,0,07,000,00,0,1,01,B02
200600030095,0,30,000,00,0,1,13,A01
200600030095,0,07,000,00,0,2,01,B02
200600030095,0,07,000,00,2,2,01,C03
200600030096,0,07,000,00,2,3,15,A01
200600030096,0,02,000,00,2,1,01,B02
200600030097,0,07,000,00,2,2,01,A01
200600030097,0,07,000,00,2,3,15,B02
200600030098,0,33,000,00,9,1,01,A01
200600030098,0,02,000,00,0,0,00,B02
200600030099,0,07,000,13,0,7,13,A01
200600030100,0,33,000,00,2,1,00,B02
200600030100,0,07,000,00,9,8,19,A01
200600030101,0,07,000,06,0,1,15,A01
200600030102,0,30,000,00,0,1,17,A01
200600030102,0,07,000,00,2,2,01,B02
200600030103,1,14,000,00,1,0,01,A01
200600030104,0,02,000,00,0,4,00,A01
200600030105,0,02,000,08,0,1,00,A01
200600030106,0,07,000,00,2,8,19,A01
200600030106,0,17,000,00,2,1,01,B02
200600030107,0,07,000,00,0,0,01,A01
200600030107,0,33,000,00,2,1,14,B02
200600030108,0,32,000,00,2,1,13,A01
200600030108,0,07,000,00,2,1,01,B02
200600030109,0,07,000,00,2,2,01,A01
200600030109,0,02,000,00,2,1,01,B02
200600030110,0,02,000,00,2,1,01,A01
200600030110,0,07,000,00,2,5,01,B02
200600030111,0,33,000,00,2,8,01,A01
200600030111,0,07,000,00,2,6,01,B02
200600030112,0,07,000,00,2,3,13,A01
200600030112,0,07,000,00,2,3,01,B02
200600030113,0,07,000,00,2,6,13,A01
200600030113,0,07,000,00,2,2,01,B02
200600030114,0,07,000,00,0,6,23,A01
200600030114,0,02,000,01,0,1,01,B02
200600030115,1,07,000,00,1,3,14,A01
200600030116,0,33,000,00,2,1,17,A01
200600030116,0,10,000,00,0,3,15,B02
200600030117,0,07,000,00,2,7,00,A01
200600030117,0,07,000,16,2,3,01,B02
200600030117,0,14,000,00,2,3,00,C03
200600030118,0,07,000,00,2,1,13,A01
200600030118,0,07,000,00,2,8,01,B02
200600030118,0,10,000,00,2,1,01,C03
200600030119,0,33,000,00,2,1,01,A01
200600030119,0,07,000,00,2,7,19,B02
200600030120,0,07,000,00,2,2,01,A01
200600030120,0,07,000,00,2,1,16,B02
200600030121,0,07,000,16,0,1,01,A01
200600030122,0,07,000,02,0,1,01,A01
200600030123,0,07,000,00,2,2,15,A01
200600030123,0,02,000,00,2,1,01,B02
200600030124,0,02,000,01,0,1,01,A01
200600030124,0,07,000,00,0,5,00,B02
200600030125,0,07,000,00,0,6,23,A01
200600030125,0,07,000,01,0,2,01,B02
200600030126,0,07,000,00,2,5,19,A01
200600030126,0,07,000,00,2,1,01,B02
200600030127,0,31,000,00,2,1,01,B02
200600030127,0,07,000,00,2,3,09,A01
200600030128,0,07,000,00,2,1,13,A01
200600030128,0,31,000,00,2,1,01,B02
200600030129,0,07,000,00,2,1,02,A01
200600030129,0,07,000,00,2,4,02,B02
200600030130,0,07,000,00,2,1,01,A01
200600030131,0,01,000,00,2,1,02,A01
200600030131,0,07,000,00,9,4,02,B02
200600030132,0,36,000,08,0,2,01,A01
200600030133,0,07,000,00,2,3,17,A01
200600030133,0,02,000,00,2,1,01,B02
200600030134,0,07,000,00,2,1,01,A01
200600030134,0,07,000,00,2,6,01,B02
200600030134,0,07,000,00,2,1,17,C03
200600030135,0,07,000,00,2,1,01,A01
200600030135,2,07,000,00,2,8,19,B02
200600030136,0,07,000,00,2,3,13,A01
200600030136,0,07,000,00,2,3,05,B02
200600030136,0,07,000,00,0,0,00,C03
200600030137,0,07,000,00,2,2,01,A01
200600030137,0,07,000,00,2,1,01,B02
200600030138,0,07,000,00,2,3,13,A01
200600030138,0,07,000,00,2,3,00,B02
200600030139,0,07,000,13,0,0,14,A01
200600030140,0,07,000,00,0,9,01,A01
200600030141,0,07,000,00,2,2,15,A01
200600030141,0,07,000,00,2,1,01,B02
200600030142,0,31,000,00,0,8,17,A01
200600030143,0,33,000,00,0,8,01,A01
200600030143,0,07,000,00,0,1,01,B02
200600030144,0,07,000,00,0,8,06,A01
200600030144,0,07,000,00,2,1,01,B02
200600030145,0,33,000,00,2,1,01,A01
200600030145,0,07,000,00,2,4,17,B02
200600030146,0,30,000,00,2,1,01,A01
200600030146,0,10,000,00,2,6,01,B02
200600030147,0,02,000,00,2,1,18,A01
200600030147,0,07,000,00,9,2,15,B02
200600030148,0,30,000,00,2,1,01,A01
200600030148,0,07,000,00,2,3,15,B02
200600030149,0,07,000,12,0,9,01,A01
200600030150,0,07,000,00,9,3,01,A01
200600030150,0,01,000,00,2,1,13,B02
200600030150,0,01,000,00,2,1,13,C03
200600030150,0,01,000,00,2,1,13,D04
200600030150,0,01,000,00,2,1,13,E05
200600030151,0,07,000,13,0,3,13,A01
200600030152,0,07,000,00,2,3,13,A01
200600030152,0,33,000,00,2,1,13,B02
200600030153,0,07,000,00,2,1,01,A01
200600030153,0,30,000,00,0,8,00,B02
200600030154,0,07,000,00,2,3,14,A01
200600030154,0,33,000,00,2,8,01,B02
200600030155,0,15,000,00,2,3,01,A01
200600030155,0,07,000,00,2,8,15,B02
200600030156,0,07,000,00,2,7,13,A01
200600030156,0,07,000,00,2,1,01,B02
200600030157,0,30,000,00,2,1,17,A01
200600030157,0,07,000,00,0,6,15,B02
200600030158,0,15,000,00,0,6,02,A01
200600030158,0,15,000,00,2,2,02,B02
200600030158,0,07,000,00,9,1,01,C03
200600030159,0,07,000,08,9,7,01,A01
200600030160,0,07,000,00,2,3,17,A01
200600030160,0,33,000,00,2,1,17,B02
200600030161,0,07,000,00,2,1,17,A01
200600030162,0,07,000,09,0,1,13,A01
200600030163,0,30,000,00,2,1,19,A01
200600030163,0,07,000,00,2,3,19,B02
200600030164,0,07,000,00,2,1,01,A01
200600030164,0,01,000,00,2,8,15,B02
200600030165,0,07,000,00,2,0,17,A01
200600030165,0,17,000,00,2,0,15,B02
200600030166,0,14,000,00,1,7,01,A01
200600030167,0,21,000,00,0,7,15,A01
200600030167,0,05,000,00,2,1,01,B02
200600030168,0,05,000,00,6,1,01,A01
200600030169,0,07,000,00,1,7,00,A01
200600030170,0,02,000,01,0,1,01,A01
200600030170,0,07,000,00,0,2,24,B02
200600030171,0,07,000,06,0,1,14,A01
200600030172,0,07,000,02,0,1,14,A01
200600030173,0,14,000,00,2,6,01,A01
200600030173,0,32,000,00,2,1,19,B02
200600030174,0,07,000,00,2,2,15,A01
200600030174,0,07,000,00,2,1,01,B02
200600030175,0,14,000,00,2,3,01,A01
200600030175,0,07,000,00,2,3,13,B02
200600030176,0,07,000,00,2,8,15,A01
200600030176,0,33,000,00,2,1,01,B02
200600030177,0,07,000,00,2,8,01,A01
200600030177,0,07,000,00,2,1,01,B02
200600030178,0,02,000,00,2,1,17,A01
200600030178,0,07,000,00,9,3,15,B02
200600030179,0,07,000,00,1,2,01,A01
200600030180,0,02,000,00,2,1,01,A01
200600030180,0,07,000,00,9,2,01,B02
200600030181,0,07,000,00,2,1,13,A01
200600030181,0,10,000,00,0,1,01,B02
200600030182,0,36,000,00,0,0,00,A01
200600030183,0,07,000,00,1,1,01,A01
200600030184,0,07,000,08,0,7,01,A01
200600030185,0,07,000,00,2,7,15,A01
200600030185,0,07,000,00,2,1,01,B02
200600030186,0,21,000,00,0,8,16,A01
200600030186,0,07,000,00,0,1,01,B02
200600030187,0,02,000,00,2,1,01,A01
200600030187,0,07,000,00,2,3,10,B02
200600030188,0,07,000,12,2,1,13,A01
200600030188,0,07,000,00,2,1,23,B02
200600030188,0,07,000,00,2,1,23,C03
200600030189,0,07,000,00,2,2,01,A01
200600030189,0,02,000,00,1,1,01,B02
200600030190,0,07,000,00,0,1,01,A01
200600030191,0,07,000,00,2,1,02,A01
200600030191,0,07,000,00,0,4,15,B02
200600030192,0,07,000,00,2,1,01,A01
200600030192,0,02,000,00,2,2,19,B02
200600030193,0,30,000,00,0,1,05,A01
200600030194,0,07,000,00,6,1,01,A01
200600030194,0,07,000,00,6,1,01,B02
200600030195,0,33,000,00,2,0,02,A01
200600030196,0,07,000,00,9,3,01,A01
200600030196,0,01,000,00,2,1,10,B02
200600030197,0,10,000,00,2,1,00,A01
200600030197,0,31,000,00,2,1,13,B02
200600030198,0,31,000,00,2,2,17,A01
200600030198,0,07,000,00,2,3,10,B02
200600030199,0,07,000,00,2,3,01,A01
200600030199,0,21,000,00,2,6,01,B02
200600030200,0,10,000,00,2,2,01,B02
200600030200,0,03,000,00,2,1,15,A01
200600030201,0,14,000,00,1,3,01,A01
200600030202,0,07,000,00,2,3,17,A01
200600030202,0,07,000,00,2,3,01,B02
200600030203,0,99,000,00,2,1,01,A01
200600030203,0,31,000,00,0,2,11,B02
200600030204,0,07,000,00,0,6,16,A01
200600030204,0,33,000,00,2,1,01,B02
200600030205,0,07,000,00,2,3,15,A01
200600030205,0,31,000,00,2,1,17,B02
200600030206,0,33,000,06,0,0,01,A01
200600030207,0,07,000,06,0,1,01,A01
200600030208,0,07,000,13,0,3,01,A01
200600030209,0,07,000,01,0,3,01,A01
200600030210,0,07,000,02,0,7,01,A01
200600030211,0,10,000,00,2,3,01,A01
200600030211,0,15,000,00,2,3,21,B02
200600030211,0,15,000,00,2,3,21,C03
200600030212,0,33,000,12,0,1,16,A01
200600030213,0,07,000,00,2,3,19,A01
200600030213,0,33,000,00,2,1,01,B02
200600030214,0,33,000,00,2,2,17,A01
200600030214,0,07,000,00,0,3,15,B02
200600030215,2,07,000,08,0,5,01,A01
200600030216,0,07,000,01,1,4,24,A01
200600030217,0,07,000,00,9,3,17,A01
200600030217,0,01,000,00,0,4,15,B02
200600030218,0,02,000,00,2,1,13,A01
200600030218,0,07,000,00,2,1,01,B02
200600030219,0,33,000,13,0,1,01,A01
200600030220,0,07,000,02,0,1,00,A01
200600030221,0,10,000,00,2,2,02,A01
200600030221,0,02,000,00,2,4,02,B02
200600030222,0,07,000,00,0,0,00,A01
200600030223,0,07,000,16,0,2,01,A01
200600030224,0,30,000,00,2,1,05,A01
200600030224,0,07,000,00,2,2,16,B02
200600030225,0,33,000,00,2,1,01,B02
200600030225,0,07,000,00,2,2,15,A01
200600030226,0,02,000,00,2,1,01,A01
200600030227,0,07,000,06,0,1,01,A01
200600030228,0,07,000,00,1,8,01,A01
200600030229,0,07,000,13,0,7,13,A01
200600030230,0,07,000,00,2,1,01,A01
200600030230,0,07,000,00,2,8,23,B02
200600030230,0,33,000,00,2,8,01,C03
200600030231,0,10,000,13,2,2,01,A01
200600030231,0,30,000,00,2,6,15,B02
200600030232,0,07,000,00,1,3,01,A01
200600030233,0,07,000,00,0,3,13,A01
200600030233,0,32,000,00,2,8,01,B02
200600030234,0,07,000,00,2,3,15,A01
200600030234,0,02,000,00,0,8,01,B02
200600030235,0,07,000,00,0,8,22,A01
200600030235,0,07,000,01,1,7,21,B02
200600030236,0,07,000,00,2,3,13,A01
200600030236,0,21,000,00,2,3,01,B02
200600030237,0,07,000,01,1,2,13,A01
200600030237,0,07,000,00,0,0,24,B02
200600030238,0,07,000,00,2,1,01,A01
200600030239,0,33,000,00,2,2,13,A01
200600030239,0,07,000,00,2,3,10,B02
200600030240,0,07,000,00,2,1,19,A01
200600030240,0,31,000,00,2,8,01,B02
200600030241,0,07,000,00,2,1,12,A01
200600030241,0,17,000,00,2,4,01,B02
200600030242,0,07,000,00,2,1,01,A01
200600030242,0,07,000,00,2,1,13,B02
200600030243,0,07,000,13,0,3,13,A01
200600030244,0,10,000,00,0,0,01,A01
200600030244,0,07,000,00,9,1,01,B02
200600030245,0,07,000,00,2,1,01,A01
200600030245,0,07,000,00,2,4,01,B02
200600030246,0,01,000,00,0,1,01,A01
200600030247,0,07,000,13,0,1,01,A01
200600030248,0,07,000,00,2,1,05,A01
200600030248,0,14,000,00,2,1,01,B02
200600030249,0,01,000,01,0,8,13,A01
200600030249,0,07,000,00,0,4,00,B02
200600030250,0,10,000,00,2,1,01,B02
200600030250,0,07,000,00,2,8,19,A01
200600030251,0,07,000,00,2,1,17,A01
200600030251,0,02,000,00,2,6,15,B02
200600030252,0,07,000,00,2,2,01,A01
200600030252,0,02,000,00,2,4,15,B02
200600030253,0,07,000,00,2,3,01,A01
200600030253,0,07,000,00,2,2,19,B02
200600030254,0,02,000,00,2,1,01,A01
200600030254,0,07,000,00,2,3,01,B02
200600030255,0,07,000,00,9,3,01,A01
200600030255,0,02,000,00,2,8,21,B02
200600030256,0,02,000,00,2,3,02,A01
200600030256,0,07,000,00,0,3,13,B02
200600030257,0,10,000,00,2,3,01,A01
200600030257,0,02,000,00,2,1,15,B02
200600030258,0,07,000,00,2,7,17,A01
200600030258,0,01,000,00,0,3,01,B02
200600030259,0,33,000,00,0,9,01,A01
200600030260,0,33,000,00,2,8,01,B02
200600030260,0,07,000,00,2,1,09,A01
200600030261,0,31,000,00,2,2,17,A01
200600030261,0,02,000,00,2,3,15,B02
200600030261,0,02,000,00,2,3,15,C03
200600030262,0,10,000,02,0,1,13,A01
200600030263,0,07,000,00,2,8,15,A01
200600030263,0,33,000,00,2,1,01,B02
200600030264,0,07,000,00,2,7,16,A01
200600030264,0,02,000,00,2,3,01,B02
200600030265,0,07,000,00,9,3,01,A01
200600030265,0,30,000,00,2,1,13,B02
200600030266,0,07,000,00,1,3,01,A01
200600030267,0,07,000,01,0,2,14,A01
200600030267,0,07,000,00,2,4,24,B02
200600030267,0,07,000,00,2,3,23,C03
200600030268,0,30,000,00,2,8,10,A01
200600030268,0,10,000,00,2,1,13,B02
200600030269,0,07,000,00,2,1,13,A01
200600030269,0,07,000,00,2,1,01,B02
200600030270,0,07,000,00,2,3,13,A01
200600030270,0,21,000,00,2,3,01,B02
200600030271,0,33,000,13,0,1,01,A01
200600030272,0,07,000,00,2,4,01,A01
200600030272,0,07,000,00,2,1,01,B02
200600030273,0,07,000,00,2,1,01,A01
200600030273,0,07,000,00,2,1,15,B02
200600030274,0,30,000,00,2,2,01,B02
200600030274,0,30,000,00,2,1,13,A01
200600030275,0,07,000,00,2,1,15,A01
200600030275,0,30,000,00,2,7,01,B02
200600030276,0,07,000,00,1,3,01,A01
200600030277,0,30,000,00,2,1,13,A01
200600030277,0,02,000,00,2,1,01,B02
200600030278,0,30,000,06,0,7,01,A01
200600030279,0,07,000,00,2,8,15,A01
200600030279,0,07,000,00,2,1,01,B02
200600030280,0,02,000,00,2,8,05,A01
200600030280,0,02,000,00,2,8,01,B02
200600030281,0,07,000,00,2,1,13,A01
200600030281,0,07,000,00,2,1,00,B02
200600030282,0,07,000,00,2,1,13,A01
200600030282,0,07,000,00,2,1,01,B02
200600030283,0,07,000,00,1,2,01,A01
200600030284,0,07,000,00,2,1,01,A01
200600030284,0,07,000,00,0,8,19,B02
200600030285,0,07,000,00,2,2,19,A01
200600030285,0,33,000,00,0,1,01,B02
200600030286,0,07,000,00,2,4,01,A01
200600030286,0,07,000,00,2,1,14,B02
200600030287,0,33,000,03,0,1,13,A01
200600030288,1,07,000,00,2,6,11,A01
200600030288,0,33,000,00,2,2,01,B02
200600030289,0,30,000,00,0,1,01,A01
200600030290,0,07,000,00,2,1,02,A01
200600030290,0,07,000,00,2,4,21,B02
200600030291,0,33,000,00,2,1,01,A01
200600030291,0,10,000,00,2,4,19,B02
200600030292,0,07,000,00,2,7,17,A01
200600030292,0,01,000,00,2,8,01,B02
200600030293,0,07,000,00,2,6,23,A01
200600030293,0,30,000,00,2,1,02,B02
200600030294,0,07,000,00,1,1,01,A01
200600030295,0,07,000,00,2,3,01,A01
200600030295,0,07,000,00,2,3,21,B02
200600030296,0,07,000,00,2,2,19,A01
200600030296,0,01,000,00,2,1,01,B02
200600030297,0,07,000,00,2,5,15,A01
200600030297,0,31,000,00,2,1,01,B02
200600030298,0,07,000,00,2,2,14,A01
200600030298,0,07,000,00,2,4,01,B02
200600030299,0,07,000,02,0,1,13,A01
200600030300,0,07,000,00,2,8,15,A01
200600030300,0,33,000,00,2,1,17,B02
200600030301,0,07,000,13,0,1,01,A01
200600030302,0,07,000,00,2,1,02,A01
200600030302,0,03,000,00,2,4,02,B02
200600030303,0,14,000,00,2,3,13,A01
200600030303,0,10,000,00,2,3,01,B02
200600030304,0,07,000,03,0,3,13,A01
200600030305,0,07,000,00,0,3,01,A01
200600030306,0,07,000,02,0,3,01,A01
200600030307,0,33,000,02,0,1,01,A01
200600030308,0,07,000,00,2,3,01,A01
200600030308,0,07,000,00,2,3,01,B02
200600030308,0,07,000,00,0,0,00,C03
200600030309,0,07,000,13,0,9,01,A01
200600030310,0,02,000,00,2,1,01,A01
200600030310,0,07,000,00,2,8,05,B02
200600030311,0,33,000,07,0,1,01,A01
200600030312,1,17,000,00,0,0,01,A01
200600030312,0,07,000,13,0,1,21,B02
200600030313,0,07,000,01,1,3,01,A01
200600030314,0,07,000,00,2,1,17,A01
200600030314,0,07,000,00,2,4,23,B02
200600030315,0,07,000,00,0,0,00,A01
200600030315,0,07,000,00,2,2,01,B02
200600030316,0,33,000,00,5,1,01,A01
200600030317,0,10,000,00,2,3,15,A01
200600030317,0,33,000,00,2,1,01,B02
200600030318,0,14,000,00,1,2,01,A01
200600030319,0,01,000,00,0,8,01,A01
200600030319,0,07,000,00,2,1,01,B02
200600030320,0,33,000,00,0,4,01,A01
200600030321,0,07,000,00,2,3,13,A01
200600030321,0,07,000,00,2,3,01,B02
200600030322,0,02,000,00,2,1,13,A01
200600030322,0,07,000,00,2,5,01,B02
200600030323,0,14,000,00,2,1,01,A01
200600030323,0,02,000,00,2,1,01,B02
200600030324,0,33,000,00,0,7,17,A01
200600030325,0,33,000,00,2,8,17,A01
200600030325,0,33,000,00,2,8,17,B02
200600030326,0,33,000,13,0,0,21,A01
200600030326,1,07,000,00,0,0,13,B02
200600030327,0,10,000,00,9,2,01,A01
200600030327,0,01,000,00,2,4,01,B02
200600030328,0,17,000,00,2,2,02,A01
200600030328,0,17,000,00,0,6,02,B02
200600030329,0,07,000,00,2,1,13,A01
200600030329,0,07,000,00,2,3,01,B02
200600030330,0,02,000,00,2,1,13,A01
200600030330,0,07,000,00,2,3,01,B02
200600030331,0,33,000,00,2,1,01,A01
200600030331,0,10,000,00,2,4,01,B02
200600030332,0,07,000,00,0,2,02,A01
200600030333,0,07,000,02,0,1,01,A01
200600030334,0,07,000,00,2,1,17,A01
200600030334,0,21,000,00,2,8,15,B02
200600030335,0,07,000,00,1,3,01,A01
200600030336,0,07,000,13,0,9,01,A01
200600030337,0,07,000,00,9,7,17,A01
200600030337,0,30,000,00,2,8,15,B02
200600030338,0,03,000,13,0,2,13,A01
200600030339,0,01,000,00,2,1,01,A01
200600030339,0,21,000,00,2,7,01,B02
200600030340,0,15,000,00,1,5,15,A01
200600030341,0,07,000,06,0,1,13,A01
200600030342,0,07,000,00,1,6,04,A01
200600030343,0,07,000,00,2,3,15,A01
200600030344,0,01,000,00,2,1,01,A01
200600030344,0,15,000,00,2,4,01,B02
200600030345,0,07,000,13,0,1,01,A01
200600030346,0,07,000,13,0,2,00,A01
200600030347,0,07,000,00,2,2,01,A01
200600030347,0,30,000,00,2,8,19,B02
200600030348,0,07,000,00,2,1,01,A01
200600030348,0,07,000,00,0,8,01,B02
200600030349,0,02,000,00,2,1,02,A01
200600030349,0,17,000,00,0,4,15,B02
200600030350,0,21,000,13,0,3,01,A01
200600030351,0,02,000,00,1,1,17,A01
200600030352,0,33,000,00,2,1,01,B02
200600030352,0,07,000,00,2,3,01,A01
200600030353,0,31,000,00,2,8,01,A01
200600030353,0,07,000,00,2,1,19,B02
200600030354,0,07,000,13,0,1,01,A01
200600030355,0,07,000,00,2,8,01,A01
200600030355,0,07,000,00,2,3,15,B02
200600030356,0,07,000,00,0,1,01,A01
200600030357,0,07,000,00,2,3,13,A01
200600030357,0,07,000,00,2,3,00,B02
200600030358,0,07,000,00,0,2,17,A01
200600030358,0,01,000,00,0,8,02,B02
200600030359,0,07,000,13,0,1,01,A01
200600030360,0,01,000,00,2,4,19,A01
200600030360,0,07,000,00,9,3,01,B02
200600030361,0,07,000,00,0,0,01,A01
200600030362,0,07,000,00,0,1,01,A01
200600030363,0,07,000,00,2,3,17,A01
200600030363,0,14,000,00,2,3,01,B02
200600030364,0,33,000,00,2,1,01,A01
200600030364,0,07,000,00,2,3,10,B02
200600030365,0,31,000,13,0,1,13,A01
200600030366,0,07,000,13,0,3,01,A01
200600030367,0,07,000,00,2,3,13,A01
200600030367,0,07,000,00,2,1,01,B02
200600030367,0,14,000,00,2,8,01,C03
200600030368,0,07,000,00,2,3,01,B02
200600030368,0,07,000,00,2,3,15,A01
200600030369,0,02,000,00,2,1,15,A01
200600030369,0,07,000,00,2,1,01,B02
200600030370,0,33,000,00,2,1,13,A01
200600030370,0,07,000,00,2,3,01,B02
200600030371,0,07,000,00,0,4,15,A01
200600030371,0,33,000,00,2,1,01,B02
200600030372,0,07,000,00,1,2,01,A01
200600030373,0,07,000,01,1,4,24,A01
200600030373,0,07,000,01,0,9,24,B02
200600030373,0,07,000,01,0,1,24,C03
200600030374,0,07,000,00,2,1,05,A01
200600030374,0,07,000,00,2,1,01,B02
200600030375,0,07,000,00,0,3,01,A01
200600030375,0,33,000,00,2,7,02,B02
200600030376,0,07,000,00,2,3,19,A01
200600030376,0,33,000,00,2,1,01,B02
200600030377,0,10,000,00,2,3,15,A01
200600030377,0,10,000,00,2,2,05,B02
200600030378,0,33,000,00,0,7,01,A01
200600030378,0,33,000,00,0,7,00,B02
200600030379,0,02,000,00,0,7,13,A01
200600030379,0,10,000,00,0,3,15,B02
200600030380,0,02,000,13,0,1,01,A01
200600030381,0,01,000,00,2,1,02,A01
200600030381,0,07,000,00,2,5,02,B02
200600030382,0,30,000,00,2,1,01,A01
200600030382,0,07,000,00,2,3,15,B02
200600030383,0,10,000,00,2,3,16,A01
200600030383,0,30,000,00,2,0,01,B02
200600030384,0,30,000,15,0,0,21,A01
200600030384,0,07,000,00,2,7,23,B02
200600030385,0,07,000,00,0,3,01,A01
200600030385,0,30,000,00,0,2,01,B02
200600030386,0,03,000,00,2,2,21,A01
200600030386,0,02,000,00,2,1,15,B02
200600030387,0,07,000,00,2,8,19,A01
200600030387,0,33,000,00,2,1,01,B02
200600030388,0,10,000,00,2,2,01,A01
200600030388,0,10,000,00,2,3,01,B02
200600030389,0,07,000,00,9,3,01,A01
200600030389,0,01,000,00,2,1,01,B02
200600030390,0,07,000,00,0,8,00,A01
200600030390,0,07,000,00,2,2,17,B02
200600030391,0,10,000,00,0,7,01,A01
200600030392,0,14,000,00,0,0,00,A01
200600030392,0,07,000,00,0,3,11,B02
200600030393,0,14,000,00,2,3,01,A01
200600030393,0,07,000,00,2,3,13,B02
200600030394,0,07,000,00,2,1,15,A01
200600030394,0,30,000,00,2,8,01,B02
200600030395,0,01,000,00,2,7,19,A01
200600030395,0,07,000,00,2,2,02,B02
200600030396,0,31,000,13,0,1,01,A01
200600030397,0,31,000,00,2,9,15,A01
200600030397,0,07,000,00,2,1,01,B02
200600030398,0,07,000,00,2,3,01,A01
200600030398,0,07,000,00,2,3,13,B02
200600030399,0,02,000,12,0,1,06,A01
200600030400,0,07,000,00,2,5,01,A01
200600030400,0,30,000,00,2,1,01,B02
200600030401,0,07,000,00,2,3,14,A01
200600030401,0,02,000,00,2,3,13,B02
200600030402,0,02,000,01,2,1,05,A01
200600030402,0,07,000,00,2,3,01,B02
200600030402,0,07,000,00,0,3,00,C03
200600030403,0,07,000,00,9,2,16,A01
200600030403,0,01,000,00,2,1,01,B02
200600030404,0,07,000,00,2,8,16,A01
200600030404,0,17,000,00,2,2,01,B02
200600030405,0,07,000,00,2,2,01,A01
200600030405,0,02,000,00,2,8,01,B02
200600030406,0,07,000,00,2,1,01,A01
200600030406,0,07,000,00,0,4,02,B02
200600030407,0,02,000,00,1,1,01,A01
200600030408,0,07,000,00,0,8,00,A01
200600030409,0,07,000,00,2,3,19,A01
200600030409,0,07,000,00,0,0,00,B02
200600030410,0,07,000,13,0,7,01,A01
200600030411,0,07,000,00,9,3,01,A01
200600030411,0,30,000,00,2,3,13,B02
200600030412,0,07,000,06,0,1,01,A01
200600030413,0,07,000,00,0,7,19,A01
200600030413,0,33,000,00,2,1,01,B02
200600030414,0,10,000,00,2,1,00,A01
200600030414,0,02,000,00,2,1,00,B02
200600030415,0,07,000,00,2,1,01,A01
200600030415,0,01,000,00,2,8,09,B02
200600030416,0,07,000,00,2,7,01,A01
200600030416,0,07,000,00,2,1,01,B02