Num_Acc,senc,catv,occutc,obs,obsm,choc,manv,num_veh
200600030798,0,07,000,13,0,1,01,A01
200600030799,0,07,000,00,9,8,01,A01
200600030799,0,30,000,00,2,2,19,B02
200600030800,0,10,000,06,0,1,01,A01
200600030801,0,07,000,00,2,1,15,A01
200600030801,0,33,000,00,0,1,01,B02
200600030802,0,07,000,02,0,1,00,A01
200600030803,0,07,000,00,2,3,01,A01
200600030803,0,05,000,00,2,1,13,B02
200600030804,0,31,000,00,2,1,01,A01
200600030804,0,31,000,00,2,1,01,B02
200600030805,0,07,000,00,0,0,01,A01
200600030806,0,02,000,00,2,1,01,A01
200600030806,0,38,000,00,2,3,00,B02
200600030807,0,07,000,00,2,7,01,A01
200600030807,0,02,000,00,0,1,01,B02
200600030808,0,21,000,00,2,2,01,A01
200600030808,0,07,000,00,2,2,13,B02
200600030809,0,07,000,00,0,3,15,A01
200600030809,0,99,000,00,0,3,15,B02
200600030810,0,07,000,02,0,2,13,A01
200600030811,0,07,000,00,2,2,02,A01
200600030811,0,01,000,00,2,4,02,B02
200600030812,0,10,000,00,2,2,13,A01
200600030812,0,17,000,00,2,3,01,B02
200600030812,0,07,000,00,2,1,01,C03
200600030813,0,07,000,13,0,1,01,A01
200600030814,0,13,000,00,0,6,23,A01
200600030814,0,02,000,01,0,1,01,B02
200600030815,0,33,000,13,0,2,01,A01
200600030816,0,33,000,16,0,0,01,A01
200600030817,0,33,000,00,0,1,14,A01
200600030818,0,33,000,03,0,1,02,A01
200600030819,0,07,000,13,0,9,01,A01
200600030820,0,07,000,02,0,1,00,A01
200600030821,0,07,000,08,0,1,14,A01
200600030822,0,02,000,03,0,1,13,A01
200600030823,0,33,000,00,0,0,14,A01
200600030824,0,07,000,00,2,3,17,A01
200600030824,0,07,000,00,2,3,01,B02
200600030825,0,07,000,13,0,1,01,A01
200600030826,0,03,000,01,1,1,00,A01
200600030827,0,07,000,00,2,2,15,A01
200600030827,0,07,000,00,2,1,01,B02
200600030828,0,07,000,00,9,1,01,A01
200600030828,0,99,000,00,2,8,19,B02
200600030829,0,07,000,00,2,1,13,A01
200600030829,0,07,000,00,2,1,01,B02
200600030830,0,14,000,00,2,3,01,A01
200600030830,0,07,000,00,2,1,01,B02
200600030831,0,07,000,13,0,9,14,A01
200600030832,0,07,000,00,0,1,01,A01
200600030833,0,07,000,00,1,3,01,A01
200600030834,0,07,000,00,2,3,15,A01
200600030834,0,07,000,00,2,1,01,B02
200600030835,0,07,000,00,2,7,15,A01
200600030835,0,02,000,00,2,1,01,B02
200600030836,0,07,000,16,0,0,14,A01
200600030837,0,07,000,00,2,1,13,A01
200600030837,0,07,000,00,2,1,01,B02
200600030837,0,15,000,00,2,1,01,C03
200600030838,0,07,000,02,0,1,01,A01
200600030839,0,30,000,16,0,8,01,A01
200600030840,0,07,000,00,2,7,17,A01
200600030840,0,01,000,00,2,8,01,B02
200600030841,0,32,000,00,0,0,02,A01
200600030842,0,07,000,01,0,2,01,A01
200600030842,0,07,000,00,2,4,23,B02
200600030843,0,07,000,13,0,3,01,A01
200600030844,0,07,000,00,2,3,13,A01
200600030844,0,07,000,00,2,1,01,B02
200600030845,0,07,000,00,2,1,01,A01
200600030845,0,07,000,00,2,1,13,B02
200600030846,0,07,000,02,0,1,01,A01
200600030847,0,07,000,02,0,3,01,A01
200600030848,0,07,000,13,0,3,13,A01
200600030849,0,07,000,00,2,7,17,A01
200600030849,0,02,000,00,2,8,01,B02
200600030850,0,07,000,00,2,1,01,A01
200600030850,0,07,000,00,2,1,13,B02
200600030851,0,07,000,00,2,3,01,A01
200600030851,0,07,000,00,2,3,01,B02
200600030852,0,07,000,00,1,2,01,A01
200600030853,0,07,000,00,2,3,13,A01
200600030853,0,17,000,00,2,3,01,B02
200600030854,0,07,000,13,0,9,13,A01
200600030855,0,01,000,00,2,1,13,A01
200600030855,0,10,000,00,9,3,01,B02
200600030856,0,07,000,00,1,2,01,A01
200600030857,0,10,000,02,0,3,01,A01
200600030858,0,07,000,08,0,2,14,A01
200600030859,0,07,000,00,2,2,15,A01
200600030859,0,10,000,00,2,3,01,B02
200600030860,0,07,000,00,2,1,00,A01
200600030860,0,07,000,00,2,0,01,B02
200600030861,0,07,000,00,2,1,01,A01
200600030861,0,10,000,00,2,3,01,B02
200600030862,0,02,000,00,2,8,15,B02
200600030862,0,15,000,00,2,3,21,A01
200600030863,0,07,000,00,2,3,01,A01
200600030863,0,07,000,00,2,3,01,B02
200600030864,0,07,000,00,2,1,13,A01
200600030864,0,14,000,00,2,1,01,B02
200600030865,0,07,000,08,0,1,01,A01
200600030866,0,02,000,00,2,1,13,A01
200600030866,0,14,000,00,2,2,01,B02
200600030867,0,07,000,00,2,3,01,A01
200600030867,0,07,000,00,2,2,13,B02
200600030868,0,07,000,00,0,2,15,A01
200600030868,0,01,000,00,0,0,01,B02
200600030869,0,07,000,06,0,3,01,A01
200600030870,0,14,000,00,2,1,01,A01
200600030870,0,10,000,00,2,1,01,B02
200600030871,0,33,000,01,0,7,06,A01
200600030872,0,07,000,06,0,1,13,A01
200600030873,0,07,000,10,0,2,01,A01
200600030874,0,07,000,00,2,3,01,A01
200600030874,0,07,000,00,2,3,01,B02
200600030875,0,07,000,02,0,1,01,A01
200600030876,0,02,000,00,0,7,01,A01
200600030877,0,07,000,00,9,1,01,A01
200600030877,0,01,000,00,2,8,01,B02
200600030878,0,07,000,06,0,3,13,A01
200600030879,0,33,000,02,0,1,01,A01
200600030880,0,07,000,13,0,1,13,A01
200600030881,0,07,000,00,2,3,01,A01
200600030881,0,02,000,00,2,1,01,B02
200600030882,0,07,000,00,2,3,13,A01
200600030882,0,07,000,00,2,3,01,B02
200600030883,0,17,000,00,1,1,23,A01
200600030884,0,30,000,14,0,2,01,A01
200600030885,0,31,000,13,0,0,01,A01
200600030886,0,07,000,00,1,3,01,A01
200600030887,0,07,000,00,2,1,00,A01
200600030887,0,33,000,00,2,1,00,B02
200600030888,0,07,000,00,2,2,15,A01
200600030888,0,02,000,00,2,1,01,B02
200600030889,0,07,000,08,0,8,01,A01
200600030890,0,30,000,00,1,3,01,A01
200600030891,0,14,000,00,1,1,00,A01
200600030892,0,07,000,00,0,6,01,A01
200600030892,0,30,000,00,0,1,01,B02
200600030893,0,32,000,01,1,1,15,A01
200600030894,0,31,000,00,2,8,19,A01
200600030894,0,33,000,00,2,1,00,B02
200600030895,0,33,000,00,0,0,00,B02
200600030895,0,14,000,00,0,0,00,A01
200600030896,0,07,000,00,2,1,05,A01
200600030896,0,33,000,00,2,1,01,B02
200600030897,0,14,000,00,0,5,16,A01
200600030897,0,33,000,00,2,1,02,B02
200600030898,0,33,000,00,2,1,17,A01
200600030898,0,07,000,00,2,8,15,B02
200600030899,0,07,000,00,2,3,01,A01
200600030899,0,07,000,00,2,4,23,B02
200600030899,0,07,000,00,2,1,02,C03
200600030899,0,07,000,00,2,1,00,D04
200600030900,0,07,000,00,2,3,01,A01
200600030900,0,38,000,00,2,3,01,B02
200600030901,0,33,000,00,2,2,17,A01
200600030901,0,07,000,00,2,8,02,B02
200600030902,0,07,000,00,2,3,01,A01
200600030902,0,31,000,00,2,8,00,B02
200600030903,0,02,000,00,2,1,13,A01
200600030903,0,13,000,00,2,3,01,B02
200600030904,0,07,000,00,1,4,04,A01
200600030905,0,07,000,13,0,1,01,A01
200600030905,0,07,000,12,0,3,01,B02
200600030906,0,33,000,00,0,4,23,A01
200600030906,0,01,000,00,2,1,02,B02
200600030907,0,07,000,00,2,1,15,A01
200600030907,0,02,000,00,2,1,01,B02
200600030907,0,30,000,00,2,7,01,C03
200600030908,0,33,000,13,0,1,13,A01
200600030908,0,07,000,00,0,0,15,B02
200600030909,0,07,000,00,2,1,01,A01
200600030909,0,32,000,00,2,3,15,B02
200600030910,0,07,000,00,2,8,01,A01
200600030910,0,30,000,00,2,1,01,B02
200600030911,0,33,000,00,2,8,15,A01
200600030912,0,14,000,14,0,1,01,A01
200600030913,0,07,000,00,1,2,17,A01
200600030914,0,07,000,00,2,8,19,A01
200600030914,0,02,000,00,2,1,01,B02
200600030915,0,33,000,02,0,1,13,A01
200600030916,0,07,000,00,0,3,05,A01
200600030916,0,07,000,00,0,3,01,B02
200600030917,0,07,000,00,2,3,13,A01
200600030917,0,07,000,00,2,2,01,B02
200600030918,0,07,000,00,2,1,00,B02
200600030918,0,07,000,00,2,8,00,A01
200600030919,0,07,000,00,1,2,01,A01
200600030920,0,07,000,00,2,7,24,A01
200600030920,0,02,000,01,0,1,01,B02
200600030921,0,07,000,06,0,3,21,A01
200600030922,0,07,000,01,2,1,15,A01
200600030922,0,02,000,01,2,1,01,B02
200600030923,0,07,000,00,0,0,15,B02
200600030923,0,07,000,00,2,1,21,A01
200600030924,0,07,000,00,1,2,19,A01
200600030925,0,33,000,00,2,2,17,A01
200600030925,0,99,000,00,2,3,15,B02
200600030926,0,07,000,02,0,8,14,A01
200600030927,0,07,000,00,2,1,01,A01
200600030927,0,07,000,00,0,8,19,B02
200600030928,0,07,000,13,0,1,01,A01
200600030929,0,10,000,00,2,2,19,A01
200600030929,0,07,000,00,2,1,01,B02
200600030930,0,07,000,00,0,0,00,A01
200600030931,0,07,000,05,0,1,01,A01
200600030932,0,02,000,00,2,1,17,A01
200600030932,0,07,000,00,2,8,15,B02
200600030933,0,07,000,00,1,2,02,A01
200600030934,0,07,000,00,1,3,01,A01
200600030935,0,07,000,08,0,7,01,A01
200600030936,0,07,000,02,0,1,14,A01
200600030937,0,07,000,00,2,6,13,A01
200600030937,0,33,000,00,2,2,17,B02
200600030938,0,07,000,00,9,8,19,A01
200600030938,0,01,000,00,2,1,01,B02
200600030939,0,07,000,00,2,7,19,A01
200600030939,0,07,000,00,2,1,01,B02
200600030939,0,07,000,00,0,0,00,C03
200600030940,0,02,000,14,0,1,02,A01
200600030940,0,07,000,14,0,0,02,B02
200600030941,0,07,000,00,0,3,15,A01
200600030941,0,33,000,00,2,1,17,B02
200600030942,0,02,000,08,2,0,02,A01
200600030943,0,07,000,00,0,6,09,A01
200600030943,0,33,000,00,0,1,01,B02
200600030944,0,07,000,00,2,2,01,A01
200600030944,0,01,000,00,2,4,00,B02
200600030945,0,07,000,00,2,6,17,A01
200600030945,0,31,000,00,2,7,17,B02
200600030946,0,07,000,00,2,8,10,A01
200600030946,0,07,000,00,2,1,01,B02
200600030947,0,07,000,00,5,4,01,A01
200600030947,0,02,000,00,2,1,01,B02
200600030948,0,02,000,00,2,1,01,A01
200600030948,0,07,000,00,2,3,17,B02
200600030948,0,07,000,00,0,0,01,C03
200600030949,0,33,000,14,0,1,01,A01
200600030950,0,07,000,00,2,3,13,A01
200600030950,0,07,000,00,2,3,00,B02
200600030951,0,33,000,02,0,3,02,A01
200600030952,0,07,000,00,2,3,13,A01
200600030952,0,07,000,00,2,3,01,B02
200600030953,0,07,000,00,2,2,00,A01
200600030953,0,02,000,00,0,8,19,B02
200600030954,0,07,000,00,0,0,01,A01
200600030955,0,07,000,00,2,2,19,A01
200600030955,0,07,000,00,2,7,01,B02
200600030956,0,07,000,00,2,4,02,A01
200600030956,0,07,000,00,2,1,02,B02
200600030957,0,07,000,00,2,1,19,A01
200600030957,0,31,000,00,2,1,02,B02
200600030958,0,07,000,06,0,1,00,A01
200600030959,0,33,000,10,0,7,02,A01
200600030960,0,07,000,00,2,8,19,A01
200600030960,0,33,000,00,2,1,01,B02
200600030961,0,07,000,00,1,2,00,A01
200600030962,0,07,000,00,1,4,24,A01
200600030963,0,07,000,16,0,0,01,A01
200600030964,0,07,000,00,0,7,01,A01
200600030964,0,01,000,00,2,1,01,B02
200600030965,0,07,000,00,2,1,01,A01
200600030965,0,07,000,00,2,1,01,B02
200600030966,0,07,000,02,0,1,13,A01
200600030967,0,02,000,00,2,1,01,A01
200600030968,0,21,000,00,0,9,01,A01
200600030969,0,07,000,13,0,2,01,A01
200600030970,0,07,000,00,0,1,01,A01
200600030970,0,07,000,00,0,1,13,B02
200600030971,0,33,000,00,0,8,14,A01
200600030972,0,07,000,00,2,1,01,A01
200600030972,0,01,000,00,2,8,15,B02
200600030973,0,07,000,00,2,2,01,A01
200600030973,0,02,000,00,2,1,01,B02
200600030974,0,07,000,00,2,2,01,A01
200600030974,0,07,000,00,2,3,01,B02
200600030975,0,07,000,00,2,4,01,A01
200600030975,0,07,000,00,2,1,13,B02
200600030976,0,07,000,02,0,3,00,A01
200600030977,0,07,000,00,2,1,17,A01
200600030977,0,07,000,00,2,1,01,B02
200600030977,0,07,000,00,2,4,01,C03
200600030978,0,07,000,04,0,1,01,A01
200600030979,0,07,000,00,2,3,01,A01
200600030979,0,07,000,00,2,3,01,B02
200600030980,0,07,000,13,0,1,01,A01
200600030981,0,07,000,13,0,1,01,A01
200600030982,0,07,000,03,2,1,01,A01
200600030982,0,07,000,00,2,3,09,B02
200600030983,0,31,000,00,9,1,13,A01
200600030983,0,01,000,00,2,1,01,B02
200600030983,0,01,000,00,2,1,01,C03
200600030983,0,01,000,00,0,0,01,D04
200600030984,0,07,000,02,2,1,01,A01
200600030984,0,07,000,00,2,8,19,B02
200600030985,0,07,000,00,9,2,01,A01
200600030985,0,02,000,00,2,1,01,B02
200600030986,0,07,000,13,0,1,00,A01
200600030987,0,07,000,00,2,1,13,A01
200600030987,0,30,000,00,2,8,15,B02
200600030988,0,07,000,10,0,1,01,A01
200600030989,0,07,000,00,2,8,15,A01
200600030989,0,02,000,00,2,1,17,B02
200600030990,0,07,000,00,1,2,01,A01
200600030991,0,07,000,00,2,2,15,A01
200600030991,0,07,000,00,2,1,01,B02
200600030992,0,30,000,00,0,7,19,A01
200600030992,0,07,000,00,0,1,01,B02
200600030993,0,01,000,00,0,7,01,A01
200600030994,0,07,000,00,2,2,15,A01
200600030994,0,33,000,00,2,1,01,B02
200600030995,0,07,000,00,2,3,17,A01
200600030995,0,01,000,00,2,4,01,B02
200600030996,0,07,000,00,2,6,00,A01
200600030996,0,07,000,01,0,2,01,B02
200600030997,0,07,000,00,2,1,00,A01
200600030997,0,02,000,00,2,8,05,B02
200600030998,0,30,000,00,2,1,01,A01
200600030998,0,07,000,00,2,1,01,B02
200600030999,0,30,000,00,2,2,01,A01
200600030999,0,07,000,00,2,3,15,B02
200600031000,0,07,000,00,2,5,20,A01
200600031000,0,02,000,00,2,1,01,B02
200600031001,0,07,000,00,2,7,01,A01
200600031001,0,17,000,00,2,5,13,B02
200600031001,0,07,000,00,2,2,13,C03
200600031002,0,07,000,00,2,3,15,A01
200600031002,0,33,000,00,2,6,00,B02
200600031003,0,07,000,00,2,1,13,A01
200600031003,0,07,000,00,2,3,01,B02
200600031004,0,07,000,06,2,6,15,A01
200600031004,0,33,000,00,2,1,17,B02
200600031005,0,07,000,00,2,8,13,A01
200600031005,0,07,000,00,2,1,01,B02
200600031006,0,07,000,00,9,2,19,A01
200600031006,0,01,000,00,2,1,01,B02
200600031007,0,07,000,00,2,8,01,A01
200600031007,0,15,000,00,2,8,01,B02
200600031008,0,33,000,00,2,1,01,A01
200600031008,0,07,000,00,2,1,15,B02
200600031009,0,07,000,06,0,3,13,A01
200600031010,0,30,000,00,2,1,13,A01
200600031010,0,07,000,00,2,1,01,B02
200600031011,0,07,000,00,2,3,17,A01
200600031011,0,07,000,00,2,3,01,B02
200600031012,0,07,000,02,0,8,13,A01
200600031013,0,33,000,00,2,1,01,A01
200600031013,0,07,000,00,2,1,15,B02
200600031014,0,07,000,00,2,8,19,A01
200600031014,0,33,000,00,2,3,01,B02
200600031015,0,07,000,11,1,2,01,A01
200600031016,0,07,000,00,2,3,19,A01
200600031016,0,33,000,00,2,8,01,B02
200600031017,0,07,000,00,2,3,10,A01
200600031017,0,33,000,00,2,1,17,B02
200600031018,0,30,000,00,2,7,17,A01
200600031018,0,07,000,00,2,3,02,B02
200600031019,0,07,000,00,2,3,01,A01
200600031019,0,07,000,00,2,2,01,B02
200600031020,0,07,000,00,9,2,01,A01
200600031020,0,01,000,14,2,8,01,B02
200600031021,0,07,000,00,0,9,14,A01
200600031022,0,07,000,00,2,4,02,A01
200600031022,0,07,000,00,2,1,02,B02
200600031022,0,07,000,00,2,4,23,C03
200600031022,0,07,000,00,2,4,01,D04
200600031023,0,07,000,00,2,3,01,A01
200600031023,0,07,000,00,2,2,15,B02
200600031024,0,07,000,00,1,2,01,A01
200600031025,0,07,000,00,1,2,01,A01
200600031026,0,33,000,00,2,2,17,A01
200600031026,0,07,000,00,2,7,10,B02
200600031027,0,07,000,00,2,1,13,A01
200600031027,0,38,000,00,2,1,01,B02
200600031028,0,31,000,00,0,0,00,A01
200600031029,0,07,000,00,2,3,17,A01
200600031029,0,07,000,00,2,3,01,B02
200600031030,0,07,000,00,2,7,13,A01
200600031030,0,07,000,00,2,1,01,B02
200600031031,0,07,000,00,2,6,01,A01
200600031031,0,07,000,11,2,1,13,B02
200600031032,0,07,000,00,2,8,19,A01
200600031032,0,07,000,00,2,1,01,B02
200600031033,0,07,000,00,2,3,15,A01
200600031033,0,31,000,00,2,1,01,B02
200600031034,0,07,000,00,1,1,01,A01
200600031035,0,02,000,00,0,1,00,A01
200600031035,0,31,000,00,0,1,00,B02
200600031036,0,07,000,00,2,5,19,A01
200600031036,0,33,000,00,2,1,01,B02
200600031037,0,07,000,10,2,1,01,A01
200600031037,0,02,000,10,2,1,01,B02
200600031038,0,20,000,00,0,3,06,A01
200600031038,0,14,000,00,0,3,00,B02
200600031039,0,33,000,13,0,1,01,A01
200600031040,0,30,000,00,1,1,01,A01
200600031041,0,07,000,00,2,7,19,A01
200600031041,0,07,000,00,2,1,01,B02
200600031042,0,07,000,00,2,8,01,B02
200600031042,0,07,000,13,0,2,01,A01
200600031043,0,33,000,01,0,1,02,A01
200600031044,0,07,000,06,0,2,01,A01
200600031045,1,07,000,00,1,2,01,A01
200600031046,0,07,000,00,2,1,01,A01
200600031047,0,07,000,00,9,2,01,A01
200600031047,0,01,000,00,2,0,13,B02
200600031048,0,07,000,00,2,6,10,A01
200600031048,0,33,000,00,2,1,02,B02
200600031049,0,07,000,00,2,3,00,A01
200600031049,0,30,000,00,2,1,00,B02
200600031050,0,02,000,00,2,8,01,A01
200600031050,0,07,000,00,2,1,01,B02
200600031051,0,33,000,00,2,1,01,A01
200600031051,0,07,000,00,0,4,15,B02
200600031052,0,14,000,09,0,8,16,A01
200600031053,0,30,000,00,2,4,01,A01
200600031053,0,30,000,00,2,1,02,B02
200600031054,0,07,000,00,2,1,19,A01
200600031054,0,07,000,00,2,8,01,B02
200600031055,0,13,000,16,0,7,01,A01
200600031056,0,07,000,00,0,4,01,A01
200600031056,0,14,000,00,0,1,02,B02
200600031057,0,32,000,00,2,7,02,A01
200600031057,0,07,000,00,2,3,02,B02
200600031058,0,07,000,00,0,2,00,A01
200600031058,0,10,000,00,2,1,01,B02
200600031059,0,14,000,03,2,1,01,A01
200600031059,0,07,000,00,2,1,01,B02
200600031060,0,07,000,00,2,1,15,A01
200600031060,0,02,000,00,2,1,13,B02
200600031061,0,07,000,00,2,8,13,A01
200600031061,0,33,000,08,2,7,17,B02
200600031062,0,14,000,00,9,1,01,A01
200600031062,0,01,000,00,2,1,14,B02
200600031063,0,07,000,00,9,1,13,A01
200600031063,0,01,000,00,2,2,01,B02
200600031064,0,07,000,00,2,5,17,A01
200600031064,0,14,000,00,2,2,01,B02
200600031065,0,02,000,00,2,8,13,A01
200600031065,0,07,000,00,2,8,01,B02
200600031066,0,02,000,00,0,7,16,A01
200600031067,0,33,000,00,1,7,01,A01
200600031068,0,07,000,00,2,3,15,A01
200600031068,0,33,000,00,2,1,01,B02
200600031069,0,07,000,00,2,2,13,A01
200600031069,0,14,000,00,2,2,00,B02
200600031070,0,33,000,00,2,1,01,A01
200600031070,0,10,000,00,2,3,19,B02
200600031071,0,07,000,00,0,9,01,A01
200600031072,0,33,000,00,2,1,13,A01
200600031072,0,10,000,00,2,3,01,B02
200600031073,0,07,000,00,2,1,15,A01
200600031073,0,07,000,00,2,3,01,B02
200600031073,0,07,000,00,2,3,01,C03
200600031074,0,07,000,00,2,3,01,A01
200600031074,0,02,000,00,2,4,15,B02
200600031075,0,07,000,12,0,2,00,A01
200600031076,0,07,000,00,2,7,01,A01
200600031076,0,33,000,00,2,8,09,B02
200600031077,0,33,000,16,0,1,01,A01
200600031078,0,07,000,09,0,1,01,A01
200600031079,0,33,000,16,0,7,01,A01
200600031080,0,10,000,00,2,1,05,A01
200600031080,0,02,000,00,2,1,01,B02
200600031081,0,07,000,00,1,2,01,A01
200600031082,0,33,000,14,0,1,01,A01
200600031082,0,10,000,00,2,4,23,B02
200600031083,0,07,000,06,0,1,21,A01
200600031084,0,07,000,00,2,1,15,A01
200600031084,0,07,000,00,1,1,14,B02
200600031084,0,07,000,00,2,3,01,C03
200600031085,0,33,000,00,2,1,01,A01
200600031085,0,33,000,00,2,1,15,B02
200600031086,0,14,000,00,1,1,15,A01
200600031087,0,07,000,00,2,1,13,A01
200600031087,0,07,000,00,2,1,01,B02
200600031088,0,33,000,00,2,1,01,A01
200600031088,0,07,000,00,0,4,15,B02
200600031089,0,07,000,00,1,3,01,A01
200600031090,0,07,000,01,2,1,16,A01
200600031090,0,02,000,01,2,1,13,B02
200600031091,0,07,000,00,1,4,23,A01
200600031091,0,07,000,14,0,1,21,B02
200600031092,0,10,000,00,2,1,13,A01
200600031092,0,07,000,00,2,2,01,B02
200600031093,0,07,000,00,0,2,15,A01
200600031093,0,33,000,00,0,7,01,B02
200600031094,0,07,000,02,0,0,13,A01
200600031095,0,07,000,00,2,1,17,A01
200600031095,0,07,000,00,2,1,01,B02
200600031096,0,10,000,00,1,6,15,A01
200600031097,0,30,000,00,9,5,02,A01
200600031097,0,99,000,00,0,6,02,B02
200600031098,0,10,000,00,2,1,01,A01
200600031098,0,07,000,00,2,1,17,B02
200600031099,0,07,000,00,2,3,15,A01
200600031099,0,33,000,00,2,1,01,B02
200600031100,0,07,000,02,0,9,17,A01
200600031101,0,07,000,00,2,7,15,A01
200600031101,0,07,000,00,2,1,01,B02
200600031102,0,07,000,13,0,2,01,A01
200600031103,0,07,000,13,0,1,00,A01
200600031104,0,02,000,00,2,3,13,A01
200600031104,0,07,000,00,2,8,23,B02
200600031105,0,30,000,00,0,0,01,A01
200600031106,0,33,000,08,0,1,00,A01
200600031107,0,07,000,00,0,9,13,A01
200600031107,0,07,000,03,0,9,01,B02
200600031108,0,07,000,00,2,1,01,A01
200600031108,0,07,000,00,2,1,15,B02
200600031109,0,07,000,00,2,1,05,A01
200600031109,0,07,000,00,2,1,01,B02
200600031110,0,07,000,00,2,3,10,A01
200600031110,0,33,000,00,2,1,01,B02
200600031111,0,02,000,00,1,2,02,A01
200600031112,0,07,000,00,2,3,15,A01
200600031112,0,33,000,00,2,7,01,B02
200600031113,0,02,000,00,2,1,01,A01
200600031113,0,14,000,00,2,3,19,B02
200600031114,0,02,000,00,0,7,13,A01
200600031115,0,14,000,13,0,1,17,A01
200600031116,0,14,000,13,0,7,01,A01
200600031117,0,07,000,08,0,1,01,A01
200600031118,0,21,000,02,0,1,14,A01
200600031119,0,07,000,00,0,0,00,A01
200600031119,0,07,000,00,0,0,00,B02
200600031120,0,07,000,00,2,2,01,A01
200600031120,0,02,000,00,2,7,15,B02
200600031121,0,07,000,00,2,3,13,A01
200600031121,0,21,000,00,2,3,01,B02
200600031122,0,07,000,00,0,8,15,A01
200600031122,0,07,000,00,2,1,17,B02
200600031123,0,07,000,00,0,6,15,A01
200600031123,0,10,000,00,0,2,02,B02
200600031124,0,07,000,00,2,3,01,A01
200600031124,0,07,000,00,2,1,01,B02
200600031125,0,33,000,00,0,0,01,A01
200600031126,0,07,000,00,2,8,01,A01
200600031126,0,07,000,00,2,1,19,B02
200600031127,0,16,000,02,0,1,01,A01
200600031128,0,30,000,00,2,1,01,A01
200600031128,0,07,000,00,2,3,01,B02
200600031129,0,30,000,13,0,1,01,A01
200600031130,0,07,000,00,2,3,13,A01
200600031130,0,10,000,00,2,8,21,B02
200600031130,0,07,000,00,2,7,21,C03
200600031131,0,02,000,13,0,1,01,A01
200600031132,0,07,000,00,2,1,01,A01
200600031132,0,07,000,00,2,1,01,B02
200600031133,0,07,000,00,2,1,13,A01
200600031133,0,15,000,03,2,3,01,B02
200600031133,0,15,000,00,0,0,01,C03
200600031134,0,33,000,00,0,7,01,A01
200600031135,0,02,000,13,0,0,01,A01
200600031136,0,07,000,00,9,2,13,A01
200600031136,0,01,000,00,2,1,01,B02
200600031136,0,01,000,00,2,8,01,C03
200600031137,0,07,000,00,2,8,00,A01
200600031137,0,33,000,00,2,1,16,B02
200600031138,0,07,000,16,0,3,13,A01
200600031139,2,07,000,08,0,1,01,A01
200600031140,0,07,000,00,2,1,01,B02
200600031140,0,07,000,00,2,7,19,A01
200600031141,0,07,000,00,2,5,01,A01
200600031141,0,01,000,00,2,1,15,B02
200600031142,0,10,000,00,0,0,00,A01
200600031142,0,07,000,01,0,3,13,C03
200600031143,0,07,000,00,0,3,17,A01
200600031144,0,07,000,00,2,3,13,A01
200600031144,0,07,000,00,2,3,01,B02
200600031145,0,31,000,06,0,1,01,A01
200600031146,0,34,000,00,0,8,01,A01
200600031147,0,07,000,00,2,3,19,A01
200600031147,0,33,000,00,2,6,01,B02
200600031148,0,02,000,00,2,1,17,A01
200600031148,0,07,000,00,2,2,01,B02
200600031149,0,07,000,13,0,3,13,A01
200600031150,0,33,000,00,6,1,01,A01
200600031151,0,07,000,00,0,5,23,A01
200600031151,0,10,000,00,2,3,02,B02
200600031152,2,07,000,00,2,2,15,A01
200600031152,0,02,000,00,2,8,01,B02
200600031153,0,07,000,00,2,1,13,A01
200600031153,0,14,000,00,2,3,00,B02
200600031154,0,07,000,00,2,3,01,A01
200600031154,0,02,000,00,2,4,16,B02
200600031155,0,14,000,06,0,9,14,A01
200600031156,0,99,000,00,0,1,01,A01
200600031157,0,07,000,08,0,1,01,A01
200600031158,0,03,000,06,0,2,14,A01
200600031159,0,07,000,00,2,2,15,A01
200600031159,0,02,000,00,2,2,01,B02
200600031160,0,07,000,13,0,9,00,A01
200600031161,0,07,000,01,0,1,13,A01
200600031162,0,07,000,00,2,1,13,A01
200600031162,0,07,000,00,2,1,01,B02
200600031162,0,07,000,00,2,3,01,C03
200600031163,0,02,000,00,2,8,13,A01
200600031163,0,33,000,00,2,8,01,B02
200600031164,0,07,000,00,2,3,13,A01
200600031164,0,07,000,00,2,3,01,B02
200600031165,0,07,000,00,2,3,01,A01
200600031165,0,14,000,00,2,3,01,B02
200600031165,0,07,000,00,2,3,01,C03
200600031166,0,07,000,00,1,1,01,A01
200600031167,0,07,000,16,0,1,01,A01
200600031168,0,07,000,00,2,1,13,A01
200600031168,0,14,000,00,2,1,01,B02
200600031168,0,10,000,00,2,3,01,C03
200600031169,0,07,000,00,2,2,01,A01
200600031169,0,10,000,00,2,5,01,B02
200600031170,0,07,000,00,2,8,19,A01
200600031170,0,14,000,00,2,2,01,B02
200600031171,0,07,000,06,0,1,14,A01
200600031172,0,32,000,00,2,1,18,A01
200600031172,0,07,000,00,2,5,16,B02
200600031173,0,07,000,16,0,1,01,A01
200600031174,0,02,000,01,0,1,02,A01
200600031174,0,10,000,00,0,6,23,B02
200600031175,0,10,000,00,1,4,04,A01
200600031176,0,33,000,00,2,2,21,A01
200600031176,0,07,000,00,2,6,23,B02
200600031177,0,33,000,03,0,8,01,A01
200600031178,0,07,000,14,0,3,14,A01
200600031179,0,10,000,04,0,2,01,A01
200600031180,0,33,000,00,2,6,17,A01
200600031180,0,14,000,00,2,3,01,B02
200600031180,0,01,000,00,0,7,02,C03