Num_Acc,senc,catv,occutc,obs,obsm,choc,manv,num_veh
200600031181,0,07,000,00,2,1,01,A01
200600031181,0,02,000,00,2,8,01,B02
200600031181,0,14,000,00,0,0,00,C03
200600031182,0,07,000,00,1,3,01,A01
200600031183,0,07,000,02,0,3,00,A01
200600031184,0,07,000,00,2,3,15,A01
200600031184,0,14,000,00,2,5,01,B02
200600031185,0,07,000,00,2,1,01,A01
200600031185,0,07,000,00,2,1,16,B02
200600031185,0,07,000,00,2,1,00,C03
200600031186,0,07,000,00,2,1,05,A01
200600031186,0,10,000,00,2,1,01,B02
200600031187,0,07,000,00,2,7,13,A01
200600031187,0,07,000,00,2,1,01,B02
200600031188,0,07,000,00,2,1,17,A01
200600031188,0,17,000,00,2,3,01,B02
200600031188,0,07,000,00,2,1,01,C03
200600031189,0,07,000,00,2,2,01,A01
200600031189,0,07,000,00,2,3,01,B02
200600031190,0,10,000,02,2,3,13,A01
200600031190,0,07,000,00,2,8,01,B02
200600031191,0,07,000,02,0,7,01,A01
200600031191,0,07,000,02,0,1,00,B02
200600031192,0,07,000,13,0,1,01,A01
200600031193,0,07,000,13,0,1,01,A01
200600031194,0,10,000,03,0,9,13,A01
200600031195,0,07,000,16,0,9,01,A01
200600031196,0,07,000,00,2,1,13,A01
200600031196,0,14,000,00,2,1,01,B02
200600031197,0,07,000,00,9,2,00,A01
200600031197,0,01,000,00,0,8,00,B02
200600031198,0,07,000,00,2,2,15,A01
200600031198,0,33,000,00,2,1,01,B02
200600031199,0,03,000,00,0,1,17,A01
200600031199,0,07,000,00,0,1,01,B02
200600031199,0,07,000,00,0,6,15,C03
200600031200,0,33,000,00,9,1,01,A01
200600031200,0,02,000,00,9,1,01,B02
200600031201,0,07,000,00,2,1,01,A01
200600031201,0,30,000,00,2,0,19,B02
200600031202,0,02,000,00,2,3,02,A01
200600031202,0,07,000,00,0,5,02,B02
200600031203,0,33,000,16,0,0,01,A01
200600031204,0,10,000,00,0,1,00,A01
200600031204,0,33,000,00,0,1,00,B02
200600031204,0,01,000,00,0,1,11,C03
200600031205,0,01,000,01,0,1,01,A01
200600031206,0,07,000,00,2,3,19,A01
200600031206,0,07,000,00,2,1,01,B02
200600031207,0,01,000,00,0,1,00,A01
200600031207,0,07,000,00,0,6,15,B02
200600031208,0,33,000,00,2,1,13,A01
200600031208,0,07,000,00,2,1,01,B02
200600031209,0,36,000,00,9,1,01,A01
200600031210,0,07,000,00,2,2,15,A01
200600031210,0,33,000,00,2,1,05,B02
200600031211,0,33,000,00,2,7,15,A01
200600031211,0,33,000,00,2,8,01,B02
200600031212,0,07,000,02,0,7,01,A01
200600031213,0,07,000,00,1,3,01,A01
200600031213,0,07,000,00,1,3,01,B02
200600031214,0,31,000,00,0,7,01,A01
200600031215,0,07,000,00,2,7,11,A01
200600031215,0,07,000,00,2,1,01,B02
200600031216,0,02,000,00,2,1,01,A01
200600031216,0,07,000,00,2,7,01,B02
200600031217,0,30,000,00,1,1,01,A01
200600031218,0,07,000,00,2,1,13,A01
200600031218,0,07,000,00,2,1,01,B02
200600031219,0,33,000,16,0,1,01,A01
200600031220,0,10,000,00,1,1,19,A01
200600031221,0,07,000,00,2,3,15,A01
200600031221,0,07,000,00,2,3,01,B02
200600031222,0,07,000,02,0,1,13,A01
200600031222,0,07,000,13,0,2,14,B02
200600031223,0,30,000,00,2,1,01,A01
200600031223,0,07,000,00,2,3,01,B02
200600031224,0,07,000,00,2,3,13,A01
200600031224,0,33,000,00,2,1,01,B02
200600031225,0,07,000,00,2,1,15,A01
200600031225,0,14,000,00,2,3,01,B02
200600031226,0,07,000,00,1,2,21,A01
200600031227,0,07,000,13,0,9,13,A01
200600031228,0,07,000,00,2,3,01,A01
200600031228,0,07,000,00,2,8,01,B02
200600031229,0,07,000,00,0,7,01,A01
200600031229,0,07,000,00,0,1,15,B02
200600031230,0,07,000,00,2,3,01,A01
200600031230,0,30,000,00,2,3,13,B02
200600031231,0,07,000,00,2,4,23,A01
200600031231,0,07,000,14,0,1,02,B02
200600031231,0,07,000,00,2,1,05,C03
200600031232,0,33,000,00,2,1,01,A01
200600031232,0,07,000,00,2,3,15,B02
200600031233,0,33,000,08,0,1,01,A01
200600031234,0,07,000,02,0,3,01,A01
200600031235,0,07,000,00,2,1,13,A01
200600031235,0,07,000,00,2,1,01,B02
200600031236,0,07,000,02,0,7,02,A01
200600031237,0,07,000,00,2,4,19,A01
200600031237,0,10,000,00,2,1,01,B02
200600031238,0,10,000,00,1,1,01,A01
200600031239,0,07,000,06,0,3,13,A01
200600031240,0,33,000,00,6,1,21,A01
200600031241,0,31,000,00,6,1,01,A01
200600031242,0,07,000,02,0,1,01,A01
200600031243,0,07,000,00,1,6,04,A01
200600031244,0,07,000,00,1,6,01,A01
200600031245,0,10,000,00,2,8,15,C03
200600031245,0,01,000,00,2,1,01,A01
200600031245,0,01,000,00,2,1,01,B02
200600031246,0,07,000,00,0,2,15,A01
200600031246,0,02,000,00,2,3,01,B02
200600031247,0,07,000,00,2,1,01,A01
200600031247,0,07,000,00,2,1,01,B02
200600031247,0,07,000,00,2,8,01,C03
200600031248,0,07,000,08,0,3,01,A01
200600031249,0,01,000,00,2,7,19,A01
200600031249,0,07,000,00,2,1,01,B02
200600031250,0,07,000,16,0,2,01,A01
200600031251,0,07,000,00,2,1,15,A01
200600031251,0,02,000,00,2,1,01,B02
200600031252,0,33,000,00,0,3,13,A01
200600031253,0,02,000,00,2,1,01,A01
200600031253,0,07,000,00,2,3,01,B02
200600031254,0,07,000,00,2,7,17,A01
200600031254,0,01,000,00,2,8,11,B02
200600031255,0,02,000,16,0,1,01,A01
200600031256,0,33,000,00,2,1,01,A01
200600031256,0,33,000,00,2,8,10,B02
200600031257,0,17,000,00,2,8,01,A01
200600031257,0,33,000,00,2,8,13,B02
200600031258,0,07,000,00,0,2,15,A01
200600031258,0,01,000,00,2,1,01,B02
200600031259,0,07,000,02,0,1,01,A01
200600031260,0,33,000,00,0,1,00,A01
200600031261,0,14,000,00,0,6,20,A01
200600031261,0,07,000,00,2,1,02,B02
200600031262,0,14,000,00,0,0,00,E05
200600031262,0,07,000,01,0,1,01,A01
200600031262,0,07,000,01,0,8,00,B02
200600031262,0,07,000,01,0,4,00,C03
200600031262,0,07,000,01,0,4,00,D04
200600031263,0,07,000,03,0,1,01,A01
200600031264,0,07,000,00,0,4,00,A01
200600031264,0,07,000,00,2,1,02,B02
200600031265,0,07,000,00,0,0,03,A01
200600031265,0,14,000,00,0,0,01,B02
200600031265,0,10,000,00,0,0,01,C03
200600031266,0,33,000,00,2,1,18,A01
200600031266,0,07,000,00,2,2,16,B02
200600031267,0,07,000,02,0,1,01,A01
200600031268,0,07,000,00,0,1,01,A01
200600031268,0,13,000,00,0,1,00,B02
200600031269,0,07,000,00,2,2,13,A01
200600031269,0,30,000,00,2,1,01,B02
200600031270,0,31,000,00,2,7,02,A01
200600031270,0,07,000,00,2,5,24,B02
200600031271,0,07,000,00,2,3,13,A01
200600031271,0,14,000,00,2,2,01,B02
200600031272,1,07,000,00,2,1,19,A01
200600031272,0,33,000,00,2,8,01,B02
200600031273,0,31,000,00,2,8,13,A01
200600031273,0,07,000,00,2,8,01,B02
200600031274,0,03,000,00,2,2,00,A01
200600031274,0,07,000,00,2,1,01,B02
200600031274,0,07,000,00,2,3,01,C03
200600031275,0,14,000,00,2,3,01,A01
200600031275,0,33,000,03,0,1,18,B02
200600031276,0,07,000,00,2,3,01,A01
200600031276,0,17,000,00,2,8,01,B02
200600031277,0,07,000,00,2,2,00,A01
200600031277,0,07,000,00,2,1,00,B02
200600031278,0,07,000,00,1,2,00,A01
200600031279,0,07,000,00,1,3,01,A01
200600031280,0,07,000,02,0,1,01,A01
200600031281,0,07,000,00,2,3,15,A01
200600031281,0,02,000,00,2,5,17,B02
200600031282,0,07,000,00,2,1,15,A01
200600031282,0,30,000,00,2,1,00,B02
200600031283,0,07,000,16,0,1,14,A01
200600031284,0,05,000,00,0,7,01,A01
200600031285,0,02,000,00,0,7,00,A01
200600031286,0,02,000,13,0,7,01,A01
200600031287,0,07,000,02,0,1,14,A01
200600031288,0,07,000,00,2,1,15,A01
200600031288,0,07,000,00,2,3,01,B02
200600031289,0,33,000,00,2,3,02,A01
200600031289,0,07,000,00,0,5,23,B02
200600031290,0,07,000,00,2,1,01,A01
200600031290,0,07,000,09,2,4,01,B02
200600031290,0,07,000,00,0,4,01,C03
200600031291,0,33,000,00,2,1,17,A01
200600031291,0,14,000,00,0,5,15,B02
200600031292,0,14,000,01,0,5,01,A01
200600031292,0,07,000,06,1,8,00,B02
200600031293,0,07,000,00,1,1,01,A01
200600031294,0,07,000,00,2,3,02,A01
200600031294,0,33,000,00,2,4,23,B02
200600031295,0,07,000,00,2,1,01,A01
200600031295,0,21,000,00,2,8,19,B02
200600031296,0,07,000,00,2,3,01,A01
200600031296,0,07,000,00,2,1,13,B02
200600031297,0,30,000,06,0,1,01,A01
200600031298,0,07,000,01,0,7,00,A01
200600031299,0,07,000,00,2,3,20,A01
200600031299,0,33,000,00,2,1,01,B02
200600031300,0,02,000,00,0,0,17,A01
200600031301,0,15,000,00,2,3,01,A01
200600031301,0,02,000,00,2,1,13,B02
200600031302,0,07,000,00,0,0,24,A01
200600031302,0,02,000,00,2,1,01,B02
200600031303,0,07,000,02,0,7,00,A01
200600031304,0,10,000,00,0,7,19,A01
200600031304,0,02,000,00,2,1,01,B02
200600031305,0,07,000,16,0,0,13,A01
200600031306,0,32,000,01,0,1,01,A01
200600031307,0,07,000,00,2,8,01,A01
200600031307,0,07,000,00,2,8,01,B02
200600031308,0,07,000,00,2,2,01,A01
200600031308,0,01,000,00,2,8,15,B02
200600031309,0,30,000,00,2,7,19,A01
200600031309,0,07,000,00,2,1,01,B02
200600031310,0,07,000,00,0,2,15,A01
200600031310,0,32,000,00,0,1,01,B02
200600031311,0,07,000,02,0,3,01,A01
200600031312,0,07,000,00,0,2,01,A01
200600031312,0,07,000,00,0,8,15,B02
200600031313,0,07,000,00,0,0,12,A01
200600031313,0,07,000,00,2,2,13,B02
200600031313,0,07,000,00,2,3,01,C03
200600031314,0,33,000,00,2,1,17,A01
200600031314,0,07,000,00,2,1,01,B02
200600031315,0,10,000,00,2,1,01,B02
200600031315,0,07,000,00,2,2,19,A01
200600031316,0,07,000,00,2,3,13,A01
200600031316,0,07,000,00,2,3,01,B02
200600031317,0,10,000,00,2,7,17,A01
200600031317,0,07,000,00,2,2,02,B02
200600031318,0,02,000,00,2,8,01,A01
200600031318,0,07,000,00,2,7,01,B02
200600031319,0,14,000,00,2,2,02,A01
200600031319,0,30,000,00,2,4,02,B02
200600031320,0,07,000,13,2,9,17,A01
200600031320,0,07,000,00,2,2,01,B02
200600031321,0,02,000,00,2,8,19,A01
200600031321,0,07,000,00,2,1,01,B02
200600031322,0,07,000,00,2,2,01,A01
200600031322,0,02,000,00,2,6,11,B02
200600031323,0,31,000,00,1,2,17,A01
200600031324,0,14,000,02,0,0,00,A01
200600031325,0,33,000,00,9,1,00,A01
200600031325,0,33,000,00,9,1,21,B02
200600031326,0,33,000,00,2,3,21,A01
200600031326,0,07,000,00,0,5,15,B02
200600031327,0,14,000,00,2,1,00,B02
200600031327,0,07,000,00,2,1,01,A01
200600031328,0,33,000,00,2,1,01,A01
200600031328,0,07,000,00,0,6,01,B02
200600031329,0,17,000,00,2,2,21,A01
200600031329,0,07,000,00,2,2,19,B02
200600031330,0,14,000,02,0,1,13,A01
200600031331,0,10,000,02,0,3,01,A01
200600031332,0,13,000,00,9,3,01,A01
200600031333,0,07,000,00,2,8,13,A01
200600031333,0,07,000,00,2,3,21,B02
200600031334,0,07,000,00,0,9,01,A01
200600031335,0,07,000,00,2,0,19,A01
200600031335,0,33,000,00,2,1,01,B02
200600031336,0,07,000,13,0,3,01,A01
200600031337,0,37,000,00,2,1,01,A01
200600031337,0,07,000,03,2,1,01,B02
200600031337,0,07,000,03,2,2,19,C03
200600031337,0,07,000,03,2,1,01,E05
200600031338,0,02,000,00,2,1,01,A01
200600031338,0,16,000,00,2,6,01,B02
200600031339,0,17,000,06,0,1,01,D04
200600031339,0,07,000,00,2,1,00,A01
200600031339,0,14,000,06,2,2,02,B02
200600031339,0,07,000,06,2,1,00,C03
200600031340,0,33,000,08,0,1,15,A01
200600031341,0,07,000,00,1,4,04,A01
200600031342,0,07,000,15,0,1,13,A01
200600031343,0,07,000,00,2,7,00,A01
200600031343,0,07,000,00,2,1,01,B02
200600031344,0,33,000,00,2,1,01,A01
200600031344,0,07,000,00,2,1,01,B02
200600031345,0,31,000,00,0,0,01,A01
200600031346,0,07,000,00,0,1,01,A01
200600031346,0,07,000,00,0,8,19,B02
200600031347,0,01,000,00,0,1,01,A01
200600031347,0,07,000,00,0,3,01,B02
200600031348,0,33,000,00,2,1,13,A01
200600031348,0,07,000,00,2,3,01,B02
200600031349,0,07,000,16,0,1,13,A01
200600031350,0,07,000,00,0,1,13,A01
200600031351,0,07,000,13,0,9,01,A01
200600031352,0,07,000,13,0,8,01,A01
200600031353,0,99,000,00,2,1,13,A01
200600031353,0,07,000,00,0,3,01,B02
200600031354,0,07,000,00,2,3,01,A01
200600031354,0,31,000,00,2,1,01,B02
200600031355,1,07,000,00,9,2,17,A01
200600031356,0,31,000,03,0,0,01,A01
200600031357,0,07,000,00,2,0,15,A01
200600031357,0,07,000,00,2,1,01,B02
200600031357,0,07,000,00,2,2,00,C03
200600031358,0,07,000,06,0,2,01,A01
200600031359,0,07,000,00,1,1,01,A01
200600031360,0,07,000,00,2,2,15,A01
200600031360,0,07,000,00,2,3,00,B02
200600031361,0,15,000,00,2,6,17,A01
200600031361,0,32,000,00,2,1,02,B02
200600031362,0,07,000,00,2,1,10,A01
200600031362,0,33,000,00,2,7,01,B02
200600031363,0,07,000,00,2,1,01,A01
200600031363,0,07,000,00,2,1,01,B02
200600031364,0,07,000,00,2,1,13,A01
200600031364,0,07,000,00,2,1,01,B02
200600031365,0,17,000,12,0,7,15,A01
200600031366,0,07,000,00,9,1,01,A01
200600031366,0,01,000,00,2,8,19,B02
200600031367,0,07,000,13,0,2,14,A01
200600031368,0,07,000,00,2,3,13,A01
200600031368,0,07,000,00,2,3,01,B02
200600031369,0,33,000,00,0,1,01,A01
200600031369,0,07,000,00,0,3,15,B02
200600031370,0,10,000,00,1,4,04,A01
200600031371,0,30,000,00,2,8,01,B02
200600031371,0,07,000,00,2,3,16,A01
200600031372,0,36,000,00,0,0,13,A01
200600031373,0,30,000,00,0,1,13,A01
200600031373,0,07,000,00,0,3,01,B02
200600031374,0,07,000,00,2,2,17,A01
200600031374,0,07,000,00,2,2,21,B02
200600031375,0,10,000,00,2,1,21,A01
200600031375,0,01,000,00,2,8,15,B02
200600031376,0,13,000,00,2,3,15,A01
200600031377,0,33,000,00,0,0,00,A01
200600031378,0,07,000,13,0,3,01,A01
200600031379,0,14,000,00,2,1,21,A01
200600031379,0,14,000,00,0,6,19,B02
200600031380,0,07,000,00,2,7,21,A01
200600031380,0,07,000,00,2,1,19,B02
200600031381,0,31,000,00,2,1,01,A01
200600031381,0,02,000,00,0,4,23,B02
200600031382,0,10,000,02,0,3,01,A01
200600031383,0,07,000,06,0,1,01,A01
200600031384,0,07,000,00,0,3,13,A01
200600031385,0,15,000,01,0,1,02,A01
200600031386,0,07,000,00,1,1,01,A01
200600031387,0,07,000,00,0,3,01,A01
200600031388,0,07,000,02,0,9,01,A01
200600031389,0,07,000,00,2,2,01,A01
200600031389,0,07,000,00,2,2,13,B02
200600031390,0,15,000,00,2,3,01,A01
200600031390,0,10,000,00,2,4,00,B02
200600031390,0,07,000,00,2,8,01,C03
200600031390,0,07,000,00,2,8,01,D04
200600031391,0,17,000,01,0,1,01,A01
200600031391,0,07,000,00,2,6,24,B02
200600031392,0,07,000,16,0,9,01,A01
200600031393,0,07,000,00,2,1,01,A01
200600031393,0,01,000,00,2,1,01,B02
200600031394,0,07,000,00,2,2,15,A01
200600031394,0,02,000,00,2,1,01,B02
200600031395,0,33,000,08,9,7,21,A01
200600031395,1,14,000,00,0,0,12,B02
200600031396,0,07,000,00,2,1,00,A01
200600031396,0,07,000,00,2,7,00,B02
200600031397,0,33,000,03,2,7,21,A01
200600031397,0,33,000,00,9,7,01,B02
200600031398,0,10,000,00,2,1,19,A01
200600031398,0,07,000,00,2,6,01,B02
200600031399,0,33,000,00,2,1,17,A01
200600031399,0,10,000,00,0,8,15,B02
200600031400,0,02,000,00,2,1,01,A01
200600031400,0,07,000,00,2,3,01,B02
200600031401,0,07,000,00,2,3,15,A01
200600031402,0,33,000,16,0,8,01,A01
200600031403,0,02,000,00,2,8,19,A01
200600031403,0,07,000,00,2,2,01,B02
200600031403,0,30,000,00,2,8,19,C03
200600031404,0,07,000,00,9,1,15,A01
200600031404,0,01,000,00,0,1,01,B02
200600031405,0,07,000,00,0,2,17,A01
200600031405,0,01,000,00,2,0,13,B02
200600031406,0,07,000,02,0,1,01,A01
200600031407,0,07,000,08,0,1,13,A01
200600031408,0,07,000,02,0,6,01,A01
200600031409,0,10,000,00,2,3,15,A01
200600031409,0,33,000,00,2,7,17,B02
200600031410,0,02,000,00,2,1,02,A01
200600031410,0,02,000,00,2,1,02,B02
200600031411,0,31,000,00,0,1,00,A01
200600031412,0,07,000,02,0,1,01,A01
200600031413,0,07,000,08,0,3,01,A01
200600031414,0,07,000,00,2,3,01,A01
200600031414,0,02,000,00,2,1,19,B02
200600031415,0,07,000,00,2,8,01,A01
200600031415,0,07,000,00,2,2,00,B02
200600031416,0,33,000,00,2,2,17,A01
200600031416,0,21,000,00,2,8,15,B02
200600031417,0,02,000,00,2,6,15,A01
200600031417,0,07,000,00,2,3,01,B02
200600031418,0,07,000,00,2,3,09,A01
200600031418,0,07,000,00,2,1,01,B02
200600031419,0,07,000,00,2,7,13,A01
200600031419,0,21,000,00,2,1,01,B02
200600031420,0,07,000,08,0,3,01,A01
200600031421,0,07,000,00,0,2,01,A01
200600031422,0,07,000,00,0,3,01,A01
200600031422,0,32,000,00,0,3,00,B02
200600031423,0,07,000,00,2,3,13,A01
200600031423,0,07,000,00,2,3,01,B02
200600031424,0,07,000,00,2,2,01,A01
200600031424,0,07,000,00,2,3,05,B02
200600031425,0,07,000,00,2,3,13,A01
200600031425,0,07,000,00,2,3,01,B02
200600031426,0,07,000,02,0,7,01,A01
200600031427,0,07,000,00,2,1,05,A01
200600031427,0,17,000,00,2,1,01,B02
200600031428,0,33,000,00,0,0,01,A01
200600031429,0,02,000,00,2,7,19,A01
200600031429,0,07,000,00,2,1,01,B02
200600031430,0,02,000,00,2,1,13,A01
200600031430,0,07,000,00,2,3,01,B02
200600031431,0,07,000,00,2,8,15,A01
200600031431,0,02,000,00,2,1,17,B02
200600031432,0,07,000,00,2,1,01,C03
200600031432,0,07,000,00,2,7,19,A01
200600031432,0,07,000,00,2,1,23,B02
200600031433,0,07,000,00,2,3,01,A01
200600031433,0,02,000,00,2,1,16,B02
200600031434,0,05,000,00,2,1,01,A01
200600031434,0,10,000,00,2,1,01,B02
200600031434,0,30,000,00,0,0,00,C03
200600031435,0,33,000,00,2,1,01,A01
200600031435,0,07,000,00,2,1,01,B02
200600031436,0,07,000,03,0,9,14,A01
200600031437,0,17,000,00,2,8,13,A01
200600031437,0,10,000,00,0,8,01,B02
200600031437,0,07,000,00,2,3,01,C03
200600031438,0,07,000,00,2,1,01,A01
200600031438,0,07,000,00,2,1,01,B02
200600031439,0,30,000,00,2,1,18,A01
200600031439,0,07,000,00,9,7,15,B02
200600031440,0,07,000,00,2,2,01,A01
200600031440,0,30,000,00,0,4,01,B02
200600031441,0,07,000,00,9,2,01,A01
200600031441,0,33,000,00,2,1,01,B02
200600031441,0,07,000,00,2,8,00,C03
200600031441,0,07,000,00,2,6,16,D04
200600031442,0,33,000,00,0,8,01,A01
200600031443,0,33,000,00,0,8,00,A01
200600031444,0,07,000,13,0,1,02,A01
200600031445,0,33,000,13,0,7,00,A01
200600031446,0,33,000,13,0,7,01,A01
200600031447,0,07,000,08,0,2,14,A01
200600031448,0,07,000,00,2,1,15,A01
200600031448,0,02,000,00,2,8,15,B02
200600031449,0,07,000,00,2,3,13,A01
200600031449,0,07,000,00,2,3,01,B02
200600031450,0,33,000,15,0,5,01,A01
200600031451,0,07,000,02,0,1,13,A01
200600031452,0,03,000,00,0,1,00,A01
200600031453,0,07,000,00,2,2,15,A01
200600031453,0,07,000,00,2,2,01,B02
200600031454,0,07,000,02,0,1,01,A01
200600031455,0,07,000,00,0,5,01,A01
200600031455,0,33,000,00,2,1,01,B02
200600031456,0,07,000,00,2,1,01,A01
200600031456,0,07,000,00,0,7,01,B02
200600031457,0,07,000,02,0,1,01,A01
200600031458,0,07,000,02,0,7,13,A01
200600031458,0,07,000,00,0,6,24,B02
200600031458,0,07,000,00,9,8,24,C03
200600031459,0,36,000,13,0,2,01,A01
200600031460,0,07,000,08,0,3,00,A01
200600031461,0,31,000,00,2,8,13,A01
200600031461,0,14,000,00,0,8,01,B02
200600031462,0,31,000,00,0,7,00,A01
200600031463,0,07,000,00,2,1,15,A01
200600031463,0,07,000,00,2,3,01,B02
200600031464,0,10,000,00,9,2,01,A01
200600031464,0,02,000,00,2,1,13,B02
200600031465,0,31,000,12,0,0,01,A01
200600031466,0,02,000,00,0,1,00,A01
200600031467,0,31,000,00,0,2,15,A01
200600031468,0,07,000,02,0,1,02,A01
200600031469,0,07,000,00,2,1,02,A01
200600031469,0,21,000,00,0,4,01,B02
200600031470,0,02,000,01,0,1,01,A01
200600031470,0,07,000,01,0,6,00,B02
200600031471,0,33,000,00,2,3,17,A01
200600031471,0,07,000,00,2,3,01,B02
200600031471,0,07,000,13,0,0,01,C03
200600031471,0,07,000,13,0,0,00,D04
200600031471,0,07,000,00,2,8,01,E05
200600031472,0,07,000,00,2,3,13,A01
200600031472,0,07,000,00,0,3,01,B02
200600031473,0,07,000,02,0,1,01,A01
200600031474,0,07,000,13,0,2,01,A01
200600031475,0,07,000,00,2,3,01,A01
200600031475,0,33,000,00,2,1,13,B02
200600031476,0,07,000,00,2,3,15,A01
200600031476,0,31,000,00,2,1,01,B02
200600031477,0,07,000,00,2,1,01,A01
200600031477,0,07,000,00,2,8,15,B02
200600031478,0,07,000,00,2,2,02,A01
200600031478,0,10,000,00,2,5,23,B02
200600031479,0,07,000,00,2,1,01,A01
200600031479,0,02,000,00,2,1,13,B02
200600031480,0,07,000,00,1,2,21,A01
200600031481,0,07,000,06,0,2,01,A01
200600031482,0,07,000,00,9,4,04,A01
200600031482,0,01,000,00,2,8,23,B02
200600031483,0,07,000,00,2,3,02,A01
200600031483,0,33,000,00,0,4,16,B02
200600031484,0,07,000,00,1,4,04,A01
200600031485,0,33,000,00,2,1,01,A01
200600031485,0,30,000,00,2,7,19,B02
200600031486,0,07,000,00,2,3,01,A01
200600031486,0,33,000,03,2,3,13,B02
200600031487,0,07,000,16,0,1,14,A01
200600031488,0,33,000,00,2,1,17,A01
200600031488,0,07,000,00,2,5,15,B02
200600031489,0,07,000,00,2,8,09,A01
200600031489,0,02,000,00,2,1,01,B02
200600031490,0,07,000,00,9,7,01,A01
200600031490,0,01,000,00,2,4,13,B02
200600031491,0,07,000,00,2,3,13,A01
200600031491,0,30,000,00,2,1,05,B02
200600031492,0,30,000,00,1,2,01,A01
200600031493,0,33,000,16,0,0,14,A01
200600031494,0,07,000,00,0,8,13,A01
200600031495,0,07,000,00,2,2,01,A01
200600031495,0,02,000,00,2,1,15,B02
200600031496,0,07,000,00,2,1,17,A01
200600031496,0,07,000,00,2,1,01,B02
200600031496,0,17,000,00,2,8,01,C03
200600031497,0,07,000,00,2,7,19,A01
200600031497,0,02,000,00,2,1,01,B02
200600031498,0,07,000,00,2,1,13,A01
200600031498,0,38,000,00,2,1,01,B02
200600031499,0,07,000,00,0,1,00,A01
200600031500,0,15,000,01,0,7,01,A01
200600031500,0,07,000,00,0,1,24,C03
200600031501,0,07,000,00,1,1,01,A01
200600031502,0,07,000,00,2,3,15,A01
200600031502,0,02,000,00,2,1,01,B02
200600031503,0,07,000,00,2,2,01,A01
200600031503,0,07,000,00,2,3,19,B02
200600031504,0,07,000,00,2,3,01,A01
200600031504,0,30,000,00,2,8,13,B02
200600031505,0,07,000,00,9,2,01,A01
200600031505,0,01,000,00,2,8,19,B02
200600031506,0,07,000,13,0,3,01,A01
200600031506,0,07,000,00,2,1,01,B02
200600031507,0,07,000,00,2,8,09,A01
200600031507,0,33,000,00,2,7,01,B02
200600031508,0,07,000,00,2,3,15,A01
200600031508,0,30,000,00,0,3,01,B02
200600031509,0,07,000,00,0,5,15,A01
200600031509,0,33,000,00,2,1,02,B02
200600031510,0,07,000,03,2,2,01,A01
200600031510,0,07,000,00,0,6,01,B02
200600031511,0,10,000,00,2,2,14,A01
200600031511,0,10,000,00,2,8,01,B02
200600031512,0,17,000,04,0,2,01,A01
200600031513,0,07,000,00,0,1,01,A01
200600031514,0,07,000,02,0,4,01,A01
200600031514,0,10,000,00,2,1,02,B02
200600031514,0,17,000,00,2,7,02,C03
200600031515,0,07,000,16,0,9,01,A01
200600031516,0,07,000,00,2,7,13,A01
200600031516,0,07,000,00,2,1,01,B02
200600031517,0,07,000,00,2,5,15,A01
200600031517,0,32,000,00,2,1,01,B02
200600031518,0,07,000,00,0,9,01,A01
200600031519,0,31,000,00,2,2,17,A01
200600031519,0,07,000,00,2,3,09,B02
200600031520,0,07,000,13,0,1,01,A01
200600031521,0,07,000,00,0,4,15,A01
200600031521,0,07,000,00,0,1,17,B02
200600031522,0,07,000,00,2,1,01,A01
200600031522,0,10,000,00,2,7,19,B02
200600031523,0,33,000,00,2,1,01,A01
200600031524,0,07,000,00,2,1,01,A01
200600031524,0,07,000,00,2,5,01,B02
200600031524,0,07,000,00,2,1,01,C03
200600031525,0,07,000,00,2,3,11,A01
200600031525,0,07,000,00,0,1,01,B02
200600031526,0,33,000,00,2,1,01,A01
200600031526,0,07,000,00,2,2,15,B02
200600031527,0,07,000,02,0,1,01,A01
200600031528,0,07,000,13,2,1,15,A01
200600031528,0,07,000,00,2,3,01,B02
200600031529,0,07,000,06,0,1,01,A01
200600031530,0,07,000,00,0,5,02,A01
200600031530,0,33,000,00,2,1,02,B02
200600031531,0,07,000,00,9,1,13,A01
200600031531,0,32,000,00,2,1,01,B02
200600031532,0,07,000,00,2,1,01,A01
200600031532,0,07,000,00,2,1,15,B02
200600031533,0,07,000,00,2,3,13,A01
200600031533,0,07,000,00,2,3,01,B02
200600031534,0,33,000,04,0,8,01,A01
200600031535,0,07,000,00,1,1,01,A01
200600031536,0,07,000,00,0,1,01,A01
200600031537,0,10,000,00,0,0,01,A01
200600031538,0,07,000,00,1,1,01,A01
200600031539,0,02,000,00,2,1,01,A01
200600031539,0,10,000,00,2,3,15,B02
200600031540,0,10,000,00,2,3,01,A01
200600031540,0,33,000,00,2,1,01,B02
200600031541,0,33,000,05,0,1,01,A01
200600031542,0,07,000,00,1,1,01,A01
200600031543,0,07,000,02,0,1,14,A01
200600031544,0,33,000,00,0,0,01,A01
200600031545,0,02,000,00,2,8,19,A01
200600031545,0,07,000,00,2,1,01,B02
200600031546,0,07,000,00,2,0,01,A01
200600031546,0,33,000,00,2,8,21,B02
200600031547,0,07,000,00,0,1,01,A01
200600031547,0,33,000,00,0,7,01,B02
200600031548,0,07,000,00,2,3,15,A01
200600031548,0,33,000,00,2,2,17,B02
200600031549,0,14,000,00,2,3,01,A01
200600031549,0,02,000,00,2,1,17,B02
200600031550,0,07,000,00,0,9,00,A01
200600031551,0,07,000,00,1,2,01,A01
200600031552,0,30,000,06,0,1,14,A01