Num_Acc,senc,catv,occutc,obs,obsm,choc,manv,num_veh
200600033395,0,07,000,00,0,5,01,B01
200600033396,0,07,000,06,0,8,01,A01
200600033397,0,01,000,00,4,8,00,A01
200600033397,0,39,000,00,9,1,01,B01
200600033398,0,07,000,00,2,3,01,A01
200600033398,0,30,000,00,2,1,01,B01
200600033399,0,07,000,00,1,2,01,A01
200600033400,0,07,000,00,9,1,06,A01
200600033400,0,02,000,00,2,7,01,B01
200600033401,2,07,000,00,9,3,00,A01
200600033401,0,01,000,00,2,0,00,B01
200600033402,0,02,000,00,2,8,00,A01
200600033402,0,07,000,00,9,2,00,B01
200600033403,0,01,000,00,9,1,01,A01
200600033403,0,18,001,00,9,5,01,B01
200600033404,0,01,000,00,2,1,15,A01
200600033404,0,07,000,00,2,3,01,B01
200600033405,0,05,000,00,9,1,00,B01
200600033405,0,01,000,00,2,7,00,A01
200600033406,0,07,000,00,2,1,00,A01
200600033406,0,07,000,00,2,9,00,B01
200600033406,0,07,000,00,2,1,00,C01
200600033407,0,07,000,00,2,1,00,A01
200600033407,0,10,000,00,2,3,00,B01
200600033408,0,31,000,00,2,8,16,A01
200600033408,0,07,000,00,2,7,16,B01
200600033409,0,07,000,00,1,3,00,A01
200600033410,0,07,000,00,0,8,00,A01
200600033411,0,01,000,14,2,0,00,A01
200600033411,0,07,000,00,9,0,00,B01
200600033412,0,33,000,00,0,8,00,A01
200600033413,0,07,000,00,9,7,16,A01
200600033413,0,01,000,00,2,8,00,B01
200600033414,0,07,000,00,1,3,17,A01
200600033415,0,07,000,00,9,7,15,A01
200600033415,0,01,000,00,2,1,06,B01
200600033416,0,07,000,00,1,1,00,A01
200600033417,0,07,000,00,2,5,00,A01
200600033417,0,33,000,00,2,9,00,B01
200600033418,0,01,000,00,2,4,00,A01
200600033418,0,07,000,00,9,1,00,B01
200600033419,0,14,000,00,2,1,01,A01
200600033419,0,10,000,00,2,1,23,B01
200600033419,0,07,000,00,2,1,23,C01
200600033419,0,07,000,00,2,1,23,D01
200600033419,0,07,000,00,0,4,23,E01
200600033420,0,30,000,00,2,8,00,A01
200600033420,0,07,000,00,2,2,00,B01
200600033421,0,07,000,00,2,4,09,A01
200600033421,0,07,000,00,2,7,00,B01
200600033422,0,07,000,00,1,1,00,A01
200600033423,0,10,000,00,2,3,15,A01
200600033423,0,33,000,00,2,8,00,B01
200600033424,0,07,000,00,2,1,01,A01
200600033424,0,07,000,00,2,4,01,B01
200600033425,0,07,000,00,0,8,10,A01
200600033425,0,33,000,00,2,1,17,B01
200600033426,0,31,000,00,2,2,17,A01
200600033426,0,07,000,00,2,8,15,B01
200600033427,0,31,000,00,2,1,01,A01
200600033427,0,07,000,00,2,4,01,B01
200600033428,0,07,000,00,2,1,01,B01
200600033428,0,01,000,00,2,7,01,A01
200600033429,2,07,000,00,1,1,01,A01
200600033430,0,33,000,00,2,1,00,A01
200600033430,0,07,000,00,2,4,00,B01
200600033431,0,07,000,00,2,8,00,A01
200600033431,0,07,000,00,2,1,00,B01
200600033431,0,07,000,00,2,3,00,C01
200600033432,0,07,000,00,2,3,09,A01
200600033432,0,33,000,00,2,1,01,B01
200600033433,0,07,000,00,2,7,00,A01
200600033433,0,07,000,00,2,2,00,B01
200600033434,1,07,000,00,1,1,00,A01
200600033435,0,07,000,07,0,1,13,A01
200600033436,0,02,000,00,2,1,00,A01
200600033436,0,07,000,00,2,5,00,B01
200600033437,0,07,000,00,2,2,00,A01
200600033437,0,02,000,00,2,1,00,B01
200600033438,0,15,000,00,0,0,00,A01
200600033438,0,07,000,00,2,6,01,B01
200600033439,0,10,000,00,2,8,22,A01
200600033439,0,30,000,00,2,1,01,B01
200600033440,0,07,000,00,1,4,01,A01
200600033440,0,07,000,00,2,1,01,B01
200600033441,0,07,000,00,2,1,15,A01
200600033441,0,02,000,00,2,1,01,B01
200600033442,0,07,000,00,1,8,01,A01
200600033443,0,07,000,00,1,1,16,A01
200600033444,0,07,000,00,2,2,12,A01
200600033444,0,07,000,00,2,3,01,B01
200600033445,0,07,000,00,2,1,13,A01
200600033445,0,18,004,00,2,1,01,B01
200600033446,0,10,000,00,1,0,15,A01
200600033447,0,07,000,00,1,2,01,A01
200600033448,1,07,000,00,1,0,00,A01
200600033449,0,07,000,00,1,1,00,A01
200600033450,0,07,000,00,2,1,02,A01
200600033450,0,07,000,00,2,4,02,B01
200600033450,0,07,000,00,2,4,02,C01
200600033450,0,07,000,00,2,4,02,D01
200600033451,0,07,000,04,0,3,00,A01
200600033452,0,07,000,00,2,2,15,A01
200600033452,0,33,000,00,2,1,00,B01
200600033453,0,30,000,00,1,3,00,A01
200600033454,0,30,000,00,0,7,00,A01
200600033455,0,07,000,00,0,8,10,A01
200600033455,0,02,000,00,2,7,01,B01
200600033456,0,30,000,00,2,4,00,A01
200600033456,0,07,000,00,2,8,00,B01
200600033457,0,07,000,00,1,2,00,A01
200600033458,0,30,000,00,2,3,00,A01
200600033458,0,07,000,00,2,3,00,B01
200600033458,0,07,000,00,2,1,00,C01
200600033459,0,02,000,14,0,1,00,A01
200600033460,0,30,000,01,0,1,01,A01
200600033461,0,07,000,00,0,9,00,A01
200600033462,0,07,000,00,2,8,00,A01
200600033462,0,30,000,00,2,1,00,B01
200600033463,0,07,000,00,1,2,00,A01
200600033464,0,07,000,00,2,8,00,A01
200600033464,0,15,000,00,2,3,00,B01
200600033465,0,34,000,00,2,1,02,A01
200600033465,0,07,000,00,2,4,02,B01
200600033466,0,07,000,00,1,2,01,A01
200600033467,0,07,000,00,0,3,20,A01
200600033467,0,34,000,00,2,7,01,B01
200600033468,0,07,000,00,0,2,15,A01
200600033468,0,07,000,00,2,1,01,B01
200600033469,0,07,000,05,0,9,01,A01
200600033470,0,07,000,00,2,2,01,A01
200600033471,0,31,000,00,0,7,01,A01
200600033472,0,07,000,00,2,8,13,A01
200600033472,0,07,000,00,2,2,01,B01
200600033473,0,07,000,00,2,3,13,A01
200600033473,0,07,000,00,2,8,01,B01
200600033474,0,02,000,00,2,0,01,A01
200600033474,0,07,000,00,2,7,01,B01
200600033475,0,07,000,00,2,1,15,A01
200600033475,0,33,000,00,2,1,01,B01
200600033476,0,15,000,04,0,9,13,A01
200600033477,0,07,000,00,2,2,15,A01
200600033477,0,01,000,00,2,1,01,B01
200600033478,0,31,000,00,2,2,17,A01
200600033478,0,07,000,00,2,3,15,B01
200600033479,0,31,000,00,2,1,13,A01
200600033479,0,07,000,00,2,3,01,B01
200600033480,0,32,000,00,1,2,01,A01
200600033481,0,01,000,00,2,8,01,A01
200600033481,0,07,000,00,2,5,01,B01
200600033482,0,07,000,00,2,1,01,A01
200600033482,0,07,000,00,2,4,01,B01
200600033483,0,07,000,00,2,1,00,A01
200600033483,0,30,000,00,2,1,00,B01
200600033484,0,02,000,00,2,2,00,A01
200600033484,0,07,000,00,2,2,00,B01
200600033485,0,07,000,00,2,3,00,A01
200600033485,0,10,000,00,2,3,00,B01
200600033486,0,07,000,00,2,8,00,A01
200600033486,0,07,000,00,2,1,00,B01
200600033486,0,07,000,00,1,1,00,C01
200600033487,0,07,000,00,2,2,00,A01
200600033488,0,07,000,00,2,1,00,A01
200600033488,0,07,000,00,2,1,00,B01
200600033489,0,33,000,00,2,1,00,A01
200600033489,0,07,000,00,2,8,00,B01
200600033490,0,10,000,00,2,1,00,A01
200600033490,0,07,000,00,2,4,00,B01
200600033490,0,07,000,00,2,4,00,C01
200600033490,0,07,000,00,2,4,00,D01
200600033491,0,32,000,00,2,7,00,A01
200600033491,0,07,000,00,2,8,00,B01
200600033492,0,07,000,00,2,1,00,A01
200600033492,0,07,000,00,2,5,00,B01
200600033493,0,07,000,00,2,3,15,A01
200600033493,0,07,000,00,2,3,01,B01
200600033494,0,01,000,00,2,1,02,A01
200600033494,0,07,000,00,9,5,02,B01
200600033495,0,07,000,00,2,3,09,A01
200600033495,0,32,000,00,2,1,01,B01
200600033496,0,02,000,00,2,2,02,A01
200600033496,0,07,000,00,2,6,13,B01
200600033497,0,07,000,00,2,0,15,A01
200600033497,0,33,000,00,2,7,00,B01
200600033498,0,07,000,00,2,6,11,A01
200600033498,0,05,000,00,2,8,01,B01
200600033499,0,07,000,00,2,7,15,A01
200600033499,0,07,000,00,2,1,01,B01
200600033500,0,33,000,00,0,9,01,A01
200600033501,0,07,000,00,2,1,01,A01
200600033501,0,01,000,00,0,4,01,B01
200600033501,0,01,000,00,0,4,01,C01
200600033502,0,02,000,00,2,8,01,A01
200600033503,0,18,000,00,1,1,01,A01
200600033504,0,05,000,00,0,8,01,A01
200600033505,0,07,000,00,2,5,15,A01
200600033505,0,05,000,00,2,1,01,B01
200600033506,0,07,000,00,2,1,01,A01
200600033506,0,07,000,00,2,4,01,B01
200600033507,0,30,000,00,2,1,01,B01
200600033507,0,07,000,00,0,1,09,A01
200600033508,0,07,000,00,2,6,22,A01
200600033508,0,05,000,00,2,1,01,B01
200600033509,0,07,000,00,2,1,12,A01
200600033509,0,07,000,00,2,8,01,B01
200600033510,0,33,000,00,2,1,17,A01
200600033510,0,37,040,00,2,3,13,B01
200600033511,0,07,000,00,2,1,01,A01
200600033511,0,07,000,00,2,4,01,B01
200600033511,0,07,000,00,2,4,01,C01
200600033512,0,07,000,00,2,2,15,A01
200600033512,0,07,000,00,2,3,01,B01
200600033513,0,07,000,12,0,2,01,A01
200600033513,0,01,000,14,0,8,02,B01
200600033514,0,30,000,00,2,7,01,A01
200600033514,0,07,000,00,2,6,01,B01
200600033515,0,07,000,02,0,1,01,A01
200600033516,0,07,000,00,0,6,23,B01
200600033516,0,10,000,00,2,2,16,A01
200600033517,0,07,000,00,2,1,01,A01
200600033517,0,07,000,00,2,4,02,B01
200600033517,0,07,000,00,2,4,20,C01
200600033518,0,01,000,00,2,1,18,A01
200600033518,0,07,000,00,2,6,15,B01
200600033519,0,07,000,00,1,4,23,B01
200600033519,0,07,000,00,2,1,15,A01
200600033520,0,07,000,09,2,6,01,B01
200600033520,0,07,000,00,2,2,15,A01
200600033521,0,07,000,00,2,3,10,A01
200600033521,0,33,000,00,2,1,17,B01
200600033522,0,07,000,16,0,1,01,A01
200600033523,0,07,000,00,2,1,01,A01
200600033523,0,30,000,00,2,4,15,B01
200600033524,0,07,000,00,2,2,01,A01
200600033524,0,02,000,00,2,1,01,B01
200600033525,0,07,000,00,1,1,01,A01
200600033526,0,07,000,01,0,2,14,A01
200600033527,0,07,000,00,2,1,14,A01
200600033527,0,07,000,01,0,2,01,B01
200600033528,0,07,000,01,0,0,14,A01
200600033529,0,07,000,00,1,1,01,A01
200600033530,0,07,000,00,2,3,10,A01
200600033530,0,33,000,00,2,1,01,B01
200600033531,0,07,000,00,2,1,15,A01
200600033531,0,33,000,00,2,2,01,B01
200600033532,0,07,000,00,2,1,01,A01
200600033532,0,07,000,00,2,4,02,B01
200600033533,0,07,000,00,2,8,15,A01
200600033533,0,33,000,00,2,2,01,B01
200600033534,0,07,000,00,2,1,01,A01
200600033534,0,10,000,00,2,4,02,B01
200600033535,0,07,000,14,0,2,01,A01
200600033535,0,07,000,01,1,8,23,B01
200600033536,0,07,000,00,2,1,01,A01
200600033536,0,32,000,00,2,7,20,B01
200600033537,0,10,000,00,2,1,15,A01
200600033537,0,01,000,00,2,3,15,B01
200600033538,0,17,000,00,2,3,01,A01
200600033538,0,30,000,00,2,1,01,B01
200600033539,0,07,000,00,1,2,01,A01
200600033540,0,07,000,00,2,2,16,A01
200600033540,0,01,000,00,2,1,01,B01
200600033541,0,02,000,00,2,1,01,A01
200600033541,0,07,000,00,2,1,15,B01
200600033542,0,07,000,00,2,2,16,A01
200600033542,0,10,000,00,2,3,01,B01
200600033543,0,07,000,00,0,9,00,A01
200600033544,0,07,000,00,2,1,15,A01
200600033544,0,33,000,00,2,2,01,B01
200600033545,0,07,000,00,1,2,15,A01
200600033545,0,01,000,00,0,1,01,B01
200600033546,0,07,000,01,2,1,01,A01
200600033546,0,07,000,00,2,1,01,B01
200600033547,0,07,000,01,1,3,01,A01
200600033548,0,07,000,00,2,3,15,A01
200600033548,0,31,000,00,2,3,01,B01
200600033549,0,30,000,00,2,2,01,A01
200600033549,0,07,000,00,2,6,01,B01
200600033550,0,02,000,00,2,1,01,A01
200600033550,0,07,000,00,2,5,01,B01
200600033551,0,07,000,00,2,3,14,A01
200600033551,0,30,000,00,0,1,01,B01
200600033552,0,07,000,06,2,3,01,A01
200600033552,0,10,000,00,2,1,01,B01
200600033553,0,07,000,00,2,1,01,B01
200600033553,0,07,000,00,2,6,01,A01
200600033554,0,07,000,00,2,2,01,A01
200600033554,0,07,000,00,2,3,01,B01
200600033555,0,07,000,00,2,8,22,A01
200600033555,0,01,000,01,0,3,01,B01
200600033556,0,07,000,00,2,6,01,A01
200600033556,0,07,000,00,2,1,01,B01
200600033557,0,07,000,00,2,1,01,A01
200600033557,0,07,000,00,2,7,16,B01
200600033558,0,07,000,07,0,1,01,A01
200600033559,0,07,000,00,2,3,13,A01
200600033559,0,07,000,00,2,1,01,B01
200600033560,0,07,000,00,1,3,15,A01
200600033561,0,07,000,00,2,1,01,A01
200600033561,0,07,000,00,2,7,01,B01
200600033562,0,07,000,00,2,2,01,A01
200600033562,0,01,000,00,2,0,02,B01
200600033563,0,14,000,00,2,2,02,A01
200600033563,0,07,000,00,2,4,09,B01
200600033564,0,02,000,00,2,8,01,A01
200600033564,0,38,001,00,2,1,15,B01
200600033565,0,07,000,00,2,1,09,A01
200600033565,0,07,000,00,2,4,23,B01
200600033566,0,40,000,00,1,1,01,A01
200600033567,0,07,000,00,2,1,01,A01
200600033567,0,07,000,00,2,1,02,B01
200600033568,0,10,000,00,1,3,13,A01
200600033569,0,33,000,00,2,1,17,A01
200600033569,0,07,000,00,2,6,15,B01
200600033570,0,31,000,14,0,1,01,A01
200600033571,0,07,000,00,2,2,16,A01
200600033571,0,02,000,00,2,1,16,B01
200600033572,0,01,000,01,1,1,00,A01
200600033573,0,07,000,00,0,8,16,A01
200600033573,0,37,001,00,0,2,01,B01
200600033574,0,07,000,00,2,1,16,A01
200600033574,0,01,000,00,2,1,01,B01
200600033575,0,33,000,00,2,2,01,A01
200600033575,0,07,000,00,2,1,01,B01
200600033576,0,02,000,00,2,1,13,A01
200600033576,0,07,000,00,2,3,01,B01
200600033577,0,07,000,00,2,4,16,A01
200600033577,0,02,000,00,2,0,01,B01
200600033578,0,07,000,00,2,1,01,A01
200600033578,0,07,000,00,2,4,02,B01
200600033578,0,03,000,00,0,4,02,C01
200600033579,0,02,000,00,2,1,01,A01
200600033579,0,15,000,00,0,5,16,B01
200600033580,0,07,000,00,1,0,01,A01
200600033581,0,01,000,00,1,1,01,A01
200600033582,0,30,000,00,2,1,01,A01
200600033582,0,07,000,00,2,2,01,B01
200600033583,1,07,000,00,2,0,01,A01
200600033583,0,02,000,00,2,5,15,B01
200600033584,0,07,000,14,0,1,01,A01
200600033584,0,33,000,00,0,4,23,B01
200600033585,0,07,000,13,6,1,01,A01
200600033586,0,07,000,00,1,4,04,A01
200600033587,0,07,000,00,2,1,15,A01
200600033587,0,01,000,00,2,1,01,B01
200600033588,0,07,000,00,2,9,01,A01
200600033588,0,07,000,00,2,1,01,B01
200600033589,0,33,000,08,0,1,01,A01
200600033590,0,07,000,00,2,1,15,A01
200600033590,0,02,000,00,2,7,01,B01
200600033591,0,33,000,00,1,1,15,A01
200600033592,0,07,000,00,2,7,16,A01
200600033592,0,33,000,01,2,8,16,B01
200600033593,0,31,000,00,2,2,01,A01
200600033593,0,07,000,00,2,2,15,B01
200600033594,0,07,000,00,2,5,01,A01
200600033595,0,02,000,01,0,1,01,A01
200600033596,0,07,000,00,2,6,04,A01
200600033596,0,31,000,00,2,1,01,B01
200600033597,0,38,001,00,2,1,01,A01
200600033597,0,07,000,00,2,4,02,B01
200600033598,0,07,000,00,2,1,01,A01
200600033598,0,07,000,00,2,9,02,B01
200600033598,0,07,000,00,2,9,02,C01
200600033598,1,10,000,00,2,4,02,D01
200600033599,0,07,000,00,2,4,23,B01
200600033599,0,07,000,00,2,1,02,A01
200600033600,0,01,000,00,2,3,01,A01
200600033600,0,07,000,00,2,4,23,B01
200600033601,0,07,000,00,2,2,15,A01
200600033601,0,31,000,00,2,1,01,B01
200600033602,0,07,000,00,2,3,15,A01
200600033602,0,31,000,00,2,3,01,B01
200600033603,0,07,000,00,2,1,16,A01
200600033603,0,07,000,00,2,7,01,B01
200600033604,0,07,000,00,2,3,01,A01
200600033604,0,33,000,00,2,6,15,B01
200600033605,0,02,000,00,2,2,01,A01
200600033605,0,07,000,00,2,5,01,B01
200600033605,0,07,000,00,2,1,01,C01
200600033606,0,01,000,00,2,1,01,A01
200600033606,0,07,000,00,2,2,01,B01
200600033607,0,31,000,00,2,1,16,A01
200600033607,0,07,000,00,2,2,16,B01
200600033608,0,10,000,00,1,0,15,A01
200600033609,0,07,000,00,2,2,15,A01
200600033610,0,02,000,00,2,7,01,A01
200600033610,0,07,000,00,2,3,15,B01
200600033610,0,07,000,00,2,1,01,C01
200600033611,0,31,000,03,2,8,01,A01
200600033611,1,07,000,00,2,0,15,B01
200600033612,0,07,000,00,2,7,01,A01
200600033612,0,07,000,00,2,1,01,B01
200600033613,0,07,000,00,1,1,01,A01
200600033614,0,07,000,00,1,1,01,A01
200600033615,0,07,000,00,2,6,10,A01
200600033615,0,33,000,00,2,1,01,B01
200600033616,0,07,000,00,1,1,01,A01
200600033617,0,07,000,00,1,3,15,A01
200600033618,0,02,000,00,2,3,01,A01
200600033618,0,07,000,00,2,8,01,B01
200600033619,0,10,000,00,2,1,02,A01
200600033619,0,01,000,00,0,8,02,B01
200600033620,0,01,000,00,2,1,19,A01
200600033620,0,10,000,00,2,2,16,B01
200600033621,0,33,000,01,0,1,01,A01
200600033622,0,07,000,00,2,1,02,B01
200600033622,0,02,000,00,2,1,15,A01
200600033623,0,10,000,16,0,1,00,A01
200600033624,0,34,000,00,0,8,15,A01
200600033625,0,30,000,00,0,0,15,A01
200600033626,0,07,000,00,1,1,00,A01
200600033627,0,07,000,02,0,6,02,A01
200600033628,0,31,000,12,0,1,13,A01
200600033628,0,07,000,00,0,0,15,B01
200600033629,0,07,000,00,2,2,15,A01
200600033629,0,30,000,00,2,1,17,B01
200600033630,0,07,000,00,1,1,16,A01
200600033631,0,30,000,02,0,3,13,A01
200600033632,0,07,000,16,0,0,17,A01
200600033633,0,07,000,00,2,4,04,A01
200600033633,0,02,000,00,2,1,01,B01
200600033634,0,07,000,00,2,1,15,A01
200600033634,0,07,000,00,2,1,01,B01
200600033635,0,07,000,00,9,3,01,B01
200600033635,0,01,000,00,2,0,01,A01
200600033636,0,10,000,00,2,3,10,A01
200600033636,0,02,000,00,2,1,01,B01
200600033637,0,07,000,00,1,1,01,A01
200600033638,0,07,000,00,9,2,00,A01
200600033638,0,33,000,00,2,0,01,B01
200600033639,0,07,000,00,9,7,01,A01
200600033639,0,01,000,00,2,1,01,B01
200600033640,0,07,000,00,2,0,00,A01
200600033640,0,07,000,00,0,0,00,B01
200600033641,0,02,000,00,0,0,01,A01
200600033642,0,07,000,00,2,2,01,B01
200600033642,0,07,000,00,2,1,01,A01
200600033643,1,07,000,00,1,1,01,A01
200600033644,0,30,000,00,2,1,01,B01
200600033644,0,07,000,00,9,1,15,A01
200600033645,0,02,000,00,2,3,01,A01
200600033645,0,20,000,00,9,8,15,B01
200600033646,0,07,000,06,0,0,01,A01
200600033647,1,07,000,00,9,0,01,A01
200600033647,0,30,000,00,2,1,01,B01
200600033648,0,07,000,00,2,2,15,A01
200600033648,0,02,000,00,2,1,01,B01
200600033649,0,33,000,00,1,7,21,A01
200600033650,0,07,000,00,2,1,13,A01
200600033650,0,07,000,00,2,1,01,B01
200600033651,0,32,000,00,2,1,01,B01
200600033651,0,07,000,00,0,5,15,A01
200600033652,0,07,000,00,0,2,16,A01
200600033652,0,01,000,00,2,1,01,B01
200600033653,2,07,000,00,2,3,01,A01
200600033653,0,07,000,00,2,3,15,B01
200600033654,0,38,008,05,0,2,02,A01
200600033655,0,07,000,00,2,8,01,A01
200600033655,0,07,000,00,2,8,01,B01
200600033656,0,07,000,00,0,9,01,A01
200600033657,0,07,000,02,0,1,01,A01
200600033658,0,33,000,06,2,1,17,A01
200600033658,0,20,000,00,2,8,15,B01
200600033659,0,07,000,00,2,4,04,A01
200600033659,0,01,000,00,2,1,11,B01
200600033660,0,07,000,00,2,8,16,B01
200600033660,0,30,000,00,2,1,05,A01
200600033661,0,07,000,00,0,2,15,A01
200600033661,0,31,000,01,2,1,01,B01
200600033662,0,01,000,00,2,8,05,A01
200600033662,0,07,000,00,9,3,09,B01
200600033663,0,07,000,14,0,3,16,A01
200600033664,0,07,000,04,0,1,01,A01
200600033665,0,07,000,00,1,3,01,B01
200600033666,0,07,000,00,2,1,02,A01
200600033666,0,07,000,00,2,4,23,B01
200600033666,0,07,000,00,0,4,23,C01
200600033667,0,30,000,01,0,1,14,A01
200600033667,0,14,000,00,2,6,23,B01
200600033668,0,07,000,00,2,3,09,A01
200600033668,0,01,000,00,2,2,01,B01
200600033669,0,30,000,00,2,1,01,B01
200600033669,0,07,000,00,2,3,15,A01
200600033670,0,07,000,13,0,9,02,A01
200600033671,0,33,000,01,0,1,02,A01
200600033671,0,07,000,00,0,0,02,B01
200600033672,0,33,000,00,2,2,13,A01
200600033672,0,07,000,00,2,1,15,B01
200600033673,0,33,000,00,2,5,16,A01
200600033673,0,07,000,00,2,8,01,B01
200600033674,0,02,000,00,2,3,11,A01
200600033674,0,07,000,00,2,5,01,B01
200600033675,0,07,000,02,0,3,01,A01
200600033676,0,31,000,00,2,1,01,A01
200600033676,0,07,000,00,2,5,01,B01
200600033677,0,07,000,03,0,8,01,A01
200600033678,0,02,000,00,2,1,17,A01
200600033678,0,07,000,00,0,6,15,B01
200600033679,0,30,000,00,1,1,01,A01
200600033680,0,07,000,00,2,3,13,A01
200600033680,0,07,000,00,2,3,01,B01
200600033680,0,10,000,00,2,8,01,C01
200600033681,0,33,000,00,1,1,08,A01
200600033682,0,13,000,00,0,3,01,A01
200600033683,0,07,000,00,2,8,19,A01
200600033683,0,07,000,00,2,1,01,B01
200600033684,0,32,000,00,2,1,01,A01
200600033684,0,07,000,00,0,4,18,B01
200600033685,2,07,000,00,2,2,01,A01
200600033685,0,33,000,00,2,1,01,B01
200600033686,0,07,000,00,2,1,02,A01
200600033686,0,07,000,00,2,4,09,B01
200600033687,0,07,000,00,1,4,04,A01
200600033688,0,07,000,00,1,2,01,A01
200600033689,0,07,000,00,2,2,02,A01
200600033689,0,34,000,15,2,4,14,B01
200600033690,0,07,000,00,1,1,01,A01
200600033691,0,07,000,00,2,0,11,A01
200600033691,0,07,000,00,2,1,21,B01
200600033691,0,07,000,00,2,1,01,C01
200600033692,0,07,000,00,2,2,16,A01
200600033692,0,02,000,00,2,3,01,B01
200600033693,0,30,000,00,2,2,17,A01
200600033693,0,07,000,00,0,8,15,B01
200600033694,0,13,000,00,1,4,04,A01
200600033695,0,07,000,00,2,8,11,A01
200600033695,0,31,000,00,2,7,01,B01
200600033696,0,31,000,00,2,1,17,A01
200600033696,0,07,000,00,2,6,15,B01
200600033697,0,32,000,00,2,2,02,B01
200600033698,0,07,000,00,2,1,05,A01
200600033698,0,07,000,00,2,1,01,B01
200600033699,0,31,000,00,2,1,20,A01
200600033699,0,07,000,00,0,3,15,B01
200600033700,0,07,000,00,2,3,16,A01
200600033700,0,31,000,00,2,1,01,B01
200600033701,0,02,000,01,2,1,17,A01
200600033701,0,07,000,00,2,3,15,B01
200600033702,0,07,000,00,2,3,10,A01
200600033702,0,07,000,00,2,1,01,B01
200600033703,0,02,000,00,2,8,17,A01
200600033703,0,07,000,00,2,3,15,B01
200600033704,0,07,000,00,2,3,13,A01
200600033704,0,07,000,00,2,3,01,B01
200600033705,0,02,000,01,0,1,13,A01
200600033706,0,07,000,00,0,1,01,A01
200600033707,0,10,000,00,2,1,01,A01
200600033707,0,02,000,00,2,7,15,B01
200600033708,0,05,000,01,0,8,18,A01
200600033708,0,07,000,00,2,7,22,B01
200600033709,0,01,000,12,0,1,01,A01
200600033710,0,17,000,00,2,2,12,A01
200600033710,0,07,000,00,2,6,01,B01
200600033711,0,02,000,00,1,1,16,A01
200600033712,2,07,000,01,2,5,15,A01
200600033712,0,07,000,00,2,3,01,B01
200600033713,0,04,000,00,2,8,18,A01
200600033713,0,13,000,00,2,7,04,B01
200600033714,0,01,000,00,2,5,01,A01
200600033714,0,07,000,00,2,1,00,B01
200600033715,0,07,000,00,1,1,00,A01
200600033716,0,07,000,00,2,3,13,A01
200600033716,0,07,000,04,2,9,01,B01
200600033717,0,02,000,00,2,8,00,A01
200600033717,0,07,000,00,2,7,23,B01
200600033718,0,17,000,00,0,7,09,A01
200600033719,0,07,000,00,1,1,01,A01
200600033720,0,05,000,00,2,2,01,A01
200600033720,0,07,000,00,2,8,15,B01
200600033721,0,07,000,00,2,1,15,A01
200600033721,0,02,000,00,2,1,01,B01
200600033722,0,07,000,00,1,1,01,A01
200600033723,0,07,000,00,1,7,01,A01
200600033724,0,07,000,00,1,1,15,A01
200600033725,0,02,000,01,2,1,02,A01
200600033725,0,07,000,00,2,4,00,B01
200600033726,0,02,000,00,2,1,02,A01
200600033726,0,07,000,00,2,4,15,B01
200600033727,0,02,000,00,2,8,13,A01
200600033727,0,07,000,00,2,8,23,B01
200600033728,0,07,000,00,2,2,01,A01
200600033728,0,07,000,00,2,1,01,B01
200600033729,0,07,000,00,2,2,15,A01
200600033729,0,05,000,00,2,8,01,B01
200600033730,0,02,000,01,0,1,01,A01
200600033731,0,13,000,00,2,8,15,A01
200600033731,0,05,000,00,2,1,01,B01
200600033732,0,07,000,00,2,1,02,A01
200600033732,0,02,000,00,2,4,23,B01
200600033733,0,07,000,15,1,1,01,A01
200600033734,0,07,000,12,0,1,09,A01
200600033735,0,10,000,00,2,1,15,A01
200600033735,0,18,000,00,2,3,01,B01
200600033736,0,07,000,00,2,8,01,A01
200600033736,0,05,000,00,2,1,01,B01
200600033737,0,07,000,00,1,1,00,A01
200600033738,0,07,000,00,2,8,15,A01
200600033738,0,07,000,00,2,1,01,B01
200600033739,0,05,000,00,2,7,00,A01
200600033740,0,07,000,00,2,2,02,A01
200600033740,0,07,000,00,2,4,23,B01
200600033741,1,07,000,00,2,0,00,A01
200600033741,0,18,000,00,2,2,21,B01
200600033742,0,07,000,00,2,7,09,A01
200600033742,0,01,000,00,2,1,01,B01
200600033743,0,10,000,00,1,1,15,A01
200600033744,0,07,000,00,1,7,04,A01
200600033745,1,10,000,00,1,7,00,A01
200600033746,0,01,000,00,2,5,01,B01
200600033746,0,07,000,00,2,1,01,A01
200600033747,0,07,000,00,2,3,15,A01
200600033747,0,05,000,00,2,1,01,B01
200600033748,0,07,000,00,2,1,01,A01
200600033748,0,07,000,00,2,4,11,B01
200600033749,0,05,000,00,2,1,01,B01
200600033749,0,07,000,00,2,8,19,A01
200600033750,0,04,000,00,2,1,01,A01
200600033750,0,07,000,00,0,4,00,B01
200600033751,0,07,000,00,2,3,01,A01
200600033751,0,07,000,00,2,7,15,B01
200600033752,0,33,000,00,0,1,01,A01
200600033753,0,07,000,00,2,3,09,A01
200600033753,0,07,000,00,0,5,01,B01
200600033754,0,01,000,00,2,1,01,B01
200600033754,0,01,000,00,2,1,01,C01
200600033754,0,02,000,00,2,1,16,A01
200600033755,0,01,000,00,0,0,20,A01
200600033756,0,07,000,00,2,1,05,A01
200600033756,0,07,000,00,2,1,01,B01
200600033757,0,02,000,00,0,0,01,A01
200600033758,0,07,000,09,0,1,01,A01