Num_Acc,senc,catv,occutc,obs,obsm,choc,manv,num_veh
200600034127,0,37,001,00,1,5,07,A01
200600034128,0,07,000,00,1,2,01,A01
200600034129,0,14,000,00,2,2,00,A01
200600034129,0,07,000,00,2,6,01,B01
200600034130,0,07,000,00,1,1,01,A01
200600034131,0,01,000,00,2,7,01,B01
200600034131,0,07,000,00,2,1,01,A01
200600034132,0,07,000,00,2,1,13,A01
200600034132,0,10,000,00,2,1,01,B01
200600034133,0,07,000,00,2,3,01,B01
200600034133,0,02,000,00,2,1,13,A01
200600034134,0,37,001,01,2,5,00,A01
200600034134,0,01,000,01,0,0,00,B01
200600034135,0,07,000,00,2,1,01,B01
200600034135,0,02,000,00,2,1,05,A01
200600034136,0,07,000,00,2,2,20,A01
200600034136,0,02,000,00,2,1,01,B01
200600034137,0,07,000,00,1,2,01,A01
200600034138,0,30,000,00,2,7,01,A01
200600034138,0,07,000,00,2,0,01,B01
200600034139,0,07,000,00,1,2,01,A01
200600034140,0,07,000,00,2,6,10,A01
200600034140,0,02,000,00,2,2,13,B01
200600034141,0,07,000,00,0,4,23,A01
200600034141,0,10,000,00,2,1,02,B01
200600034142,0,02,000,16,0,4,01,A01
200600034143,0,07,000,00,1,7,01,A01
200600034144,0,33,000,00,2,7,21,B01
200600034144,0,07,000,00,2,1,01,C01
200600034144,0,07,000,00,2,1,15,A01
200600034145,0,10,000,00,2,8,13,A01
200600034145,0,17,000,00,2,8,01,B01
200600034145,0,07,000,03,2,3,21,C01
200600034146,0,15,000,00,2,1,01,B01
200600034146,0,07,000,00,2,3,15,A01
200600034147,0,17,000,00,0,9,01,A01
200600034148,0,01,000,00,2,1,01,A01
200600034148,0,07,000,00,9,3,01,B01
200600034149,0,02,000,00,2,1,02,A01
200600034149,0,07,000,00,0,4,15,B01
200600034150,0,07,000,00,2,1,16,A01
200600034150,0,01,000,00,2,7,19,B01
200600034151,0,07,000,02,0,1,21,A01
200600034152,0,14,000,00,2,1,02,A01
200600034152,0,07,000,00,2,4,01,B01
200600034153,0,01,000,00,2,3,09,A01
200600034153,0,07,000,00,9,1,01,B01
200600034154,0,07,000,00,2,2,01,A01
200600034154,0,01,000,00,2,3,19,B01
200600034155,0,07,000,00,2,1,01,A01
200600034155,0,07,000,00,2,1,01,B01
200600034156,0,02,000,00,2,1,01,A01
200600034156,0,07,000,00,2,1,16,B01
200600034157,0,07,000,00,2,2,15,A01
200600034157,0,02,000,00,2,1,01,B01
200600034158,0,07,000,13,0,8,01,A01
200600034159,0,07,000,00,2,8,01,C01
200600034159,0,34,000,00,2,2,21,B01
200600034159,0,07,000,00,2,2,15,A01
200600034160,0,07,000,13,0,6,13,A01
200600034161,0,07,000,00,2,6,15,A01
200600034161,0,02,000,00,2,1,21,B01
200600034162,0,07,000,00,2,1,02,A01
200600034162,0,02,000,00,2,4,02,B01
200600034162,0,07,000,00,2,4,02,C01
200600034162,0,10,000,00,2,4,23,D01
200600034163,1,02,000,00,1,1,17,A01
200600034163,0,07,000,00,0,0,23,X01
200600034164,0,07,000,00,1,1,01,A01
200600034165,0,07,000,00,2,2,10,A01
200600034165,0,33,000,00,2,1,01,B01
200600034166,0,07,000,01,0,8,22,A01
200600034166,0,01,000,01,0,7,21,B01
200600034167,0,07,000,00,1,1,01,A01
200600034168,0,32,000,00,2,7,01,B01
200600034168,0,07,000,00,2,1,15,A01
200600034169,0,07,000,00,2,2,01,A01
200600034169,0,02,000,00,2,4,02,B01
200600034170,0,33,000,01,0,1,01,B01
200600034170,0,01,000,00,0,0,15,A01
200600034171,0,07,000,00,1,7,01,A01
200600034172,0,03,000,00,2,1,01,A01
200600034172,0,07,000,00,2,4,23,B01
200600034173,0,33,000,00,2,1,17,A01
200600034173,0,07,000,00,2,6,15,B01
200600034174,1,07,000,00,1,0,00,A01
200600034175,0,07,000,00,1,2,01,A01
200600034176,0,14,000,00,2,1,01,A01
200600034176,0,07,000,00,2,4,23,B01
200600034176,0,10,000,00,2,4,23,C01
200600034176,0,10,000,00,2,4,23,D01
200600034177,0,07,000,00,2,1,13,A01
200600034177,0,10,000,00,2,1,01,B01
200600034178,0,14,000,00,2,8,15,A01
200600034178,0,40,000,00,2,3,01,B01
200600034179,0,07,000,00,1,4,04,A01
200600034180,0,07,000,00,2,1,01,A01
200600034180,0,07,000,00,2,4,02,B01
200600034180,0,07,000,00,2,4,02,C01
200600034181,0,07,000,00,2,1,01,A01
200600034181,0,02,000,00,2,8,01,B01
200600034182,0,31,000,00,2,1,01,A01
200600034182,0,07,000,00,2,8,01,B01
200600034183,0,31,000,00,2,7,17,A01
200600034183,0,01,000,00,2,8,14,B01
200600034184,0,10,000,00,2,1,13,A01
200600034184,0,07,000,00,2,3,01,B01
200600034185,0,07,000,00,2,2,01,A01
200600034185,0,30,000,00,2,1,01,B01
200600034186,0,07,000,00,2,4,23,B01
200600034186,0,13,000,00,2,5,01,C01
200600034187,0,07,000,00,2,1,01,A01
200600034187,0,07,000,00,2,8,01,B01
200600034187,0,07,000,00,2,1,01,C01
200600034188,0,07,000,00,2,6,15,A01
200600034188,0,02,000,00,2,1,01,B01
200600034189,0,07,000,00,2,2,01,A01
200600034189,0,07,000,00,2,3,01,B01
200600034190,0,10,000,00,2,5,01,A01
200600034190,0,33,000,00,2,1,01,B01
200600034191,0,07,000,00,2,1,15,A01
200600034191,0,32,000,00,2,1,01,B01
200600034192,0,07,000,00,1,8,17,A01
200600034193,0,07,000,00,2,1,01,A01
200600034193,0,07,000,00,2,4,23,C01
200600034193,0,02,000,00,2,4,23,B01
200600034194,0,07,000,00,2,3,01,B01
200600034194,0,30,000,00,2,2,01,A01
200600034195,0,07,000,08,0,1,13,A01
200600034196,0,10,000,00,2,3,01,A01
200600034196,0,07,000,00,2,2,01,B01
200600034197,0,07,000,00,1,3,15,A01
200600034198,0,01,000,00,1,1,01,A01
200600034199,0,30,000,00,2,1,01,A01
200600034199,0,07,000,00,2,8,01,B01
200600034200,0,33,000,00,2,2,17,A01
200600034200,0,07,000,00,2,3,15,B01
200600034201,0,07,000,00,1,7,01,B01
200600034201,0,01,000,00,2,1,01,A01
200600034202,0,07,000,00,2,1,01,A01
200600034202,0,07,000,00,2,4,23,B01
200600034202,0,07,000,00,2,4,23,C01
200600034203,0,07,000,00,2,8,01,A01
200600034203,0,30,000,00,2,7,01,B01
200600034204,0,07,000,00,1,1,20,A01
200600034205,0,02,000,00,2,1,01,A01
200600034205,0,07,000,00,2,4,23,B01
200600034206,0,07,000,00,2,1,02,A01
200600034206,0,07,000,00,2,4,23,B01
200600034207,0,07,000,00,2,1,01,A01
200600034207,0,10,000,00,2,4,23,B01
200600034208,0,07,000,00,1,3,15,A01
200600034209,1,07,000,00,2,5,16,A01
200600034209,0,30,000,00,2,1,01,B01
200600034210,0,07,000,00,2,6,01,B01
200600034210,0,33,000,00,2,1,01,A01
200600034211,0,02,000,00,2,1,01,A01
200600034211,0,07,000,00,2,2,01,B01
200600034212,0,07,000,00,2,3,01,A01
200600034212,0,01,000,00,2,1,09,B01
200600034213,0,07,000,00,1,1,15,A01
200600034214,0,07,000,00,1,1,01,A01
200600034215,0,02,000,00,9,1,01,A01
200600034215,0,07,000,00,2,5,15,B01
200600034216,0,07,000,00,1,7,01,A01
200600034217,0,07,000,00,0,3,19,A01
200600034217,0,30,000,00,2,1,01,B01
200600034218,0,02,000,00,0,6,13,A01
200600034218,0,02,000,00,2,2,17,B01
200600034219,0,07,000,00,2,3,15,B01
200600034219,0,33,000,00,2,1,15,A01
200600034219,0,33,000,00,0,0,21,C01
200600034220,0,07,000,12,0,1,00,A01
200600034221,0,10,000,00,2,1,00,A01
200600034221,0,07,000,00,2,4,00,B01
200600034221,0,07,000,00,0,4,00,C01
200600034222,0,07,000,00,2,3,09,A01
200600034222,0,07,000,00,2,2,01,B01
200600034223,0,07,000,00,2,1,17,A01
200600034223,0,07,000,00,2,6,15,B01
200600034224,0,36,000,06,0,2,19,A01
200600034225,0,33,000,00,2,1,01,B01
200600034225,0,07,000,00,2,7,15,A01
200600034226,0,33,000,00,1,2,01,A01
200600034227,0,02,000,00,2,7,17,A01
200600034227,0,02,000,00,2,8,01,B01
200600034228,0,07,000,13,0,3,13,A01
200600034229,0,07,000,00,2,1,02,A01
200600034229,0,07,000,00,0,4,23,B01
200600034230,0,02,000,00,2,1,01,A01
200600034231,0,07,000,00,2,1,01,A01
200600034231,0,07,000,00,1,4,23,B01
200600034231,0,07,000,00,0,4,23,C01
200600034232,0,02,000,00,2,1,01,A01
200600034232,0,07,000,00,2,3,01,B01
200600034233,0,07,000,00,2,2,05,A01
200600034233,0,30,000,00,2,1,01,B01
200600034234,0,07,000,00,2,1,13,A01
200600034234,0,33,000,00,2,1,23,B01
200600034235,0,07,000,00,1,3,01,A01
200600034236,0,07,000,00,1,1,01,A01
200600034237,0,10,000,00,1,4,04,A01
200600034238,0,02,000,00,1,1,01,A01
200600034239,0,07,000,00,2,5,15,A01
200600034239,0,30,000,00,2,1,01,B01
200600034240,0,02,000,00,2,8,15,A01
200600034240,0,33,000,01,2,1,17,B01
200600034241,0,33,000,00,2,8,17,A01
200600034241,0,07,000,00,2,8,01,B01
200600034242,0,02,000,00,0,8,01,A01
200600034243,0,07,000,00,2,1,01,B01
200600034243,0,07,000,00,2,7,01,A01
200600034244,0,30,000,00,2,1,18,A01
200600034244,0,07,000,00,2,7,16,B01
200600034245,0,07,000,00,2,1,01,A01
200600034245,0,07,000,00,2,1,01,B01
200600034246,0,07,000,00,2,3,15,A01
200600034246,0,37,000,00,2,2,01,B01
200600034247,0,07,000,00,2,1,01,B01
200600034247,0,01,000,00,2,7,01,A01
200600034248,0,30,000,01,0,3,01,A01
200600034249,0,02,000,00,0,0,01,A01
200600034250,0,01,000,12,0,1,01,A01
200600034251,1,07,000,00,2,7,01,A01
200600034251,0,01,000,00,2,8,01,B01
200600034252,0,02,000,00,2,1,01,A01
200600034252,0,07,000,00,2,4,01,B01
200600034253,0,07,000,00,2,5,04,A01
200600034253,0,02,000,00,2,1,01,B01
200600034254,0,37,000,00,2,2,01,B01
200600034254,0,07,000,00,2,5,01,A01
200600034255,0,07,000,00,2,7,10,A01
200600034255,0,02,000,00,2,1,01,B01
200600034256,0,07,000,00,2,1,01,A01
200600034256,0,07,000,00,2,1,01,B01
200600034256,0,07,000,00,2,1,01,C01
200600034256,0,07,000,00,2,1,01,D01
200600034256,0,07,000,00,2,4,01,E01
200600034257,0,07,000,00,1,1,01,A01
200600034258,0,07,000,00,1,1,01,A01
200600034259,0,30,000,00,0,7,01,A01
200600034260,0,07,000,00,2,1,15,A01
200600034260,0,30,000,00,2,8,01,B01
200600034261,0,33,000,00,2,1,01,A01
200600034261,0,07,000,00,2,1,23,B01
200600034262,0,07,000,00,2,7,01,B01
200600034262,0,07,000,00,2,1,01,A01
200600034263,0,30,000,00,2,1,15,A01
200600034263,0,07,000,00,2,3,01,B01
200600034264,0,07,000,01,2,8,01,B01
200600034264,0,14,000,00,2,1,01,A01
200600034265,0,10,000,00,2,1,01,B01
200600034265,0,07,000,00,2,1,05,A01
200600034266,0,05,000,06,0,1,01,A01
200600034267,0,31,000,00,2,9,17,A01
200600034267,0,10,000,00,2,6,01,B01
200600034267,0,07,000,00,2,1,01,C01
200600034268,0,07,000,00,1,1,15,A01
200600034269,0,33,000,14,0,8,01,A01
200600034270,0,33,000,00,0,0,01,A01
200600034271,0,07,000,00,2,4,02,A01
200600034271,0,07,000,00,2,1,02,B01
200600034272,0,07,000,00,2,1,05,A01
200600034272,0,07,000,00,2,1,01,B01
200600034273,0,07,000,00,2,7,16,B01
200600034273,0,02,000,00,2,1,18,A01
200600034274,0,07,000,00,1,1,01,A01
200600034275,0,07,000,00,2,3,01,B01
200600034275,0,07,000,00,2,1,19,A01
200600034276,0,07,000,00,2,1,15,A01
200600034276,0,02,000,00,2,1,01,B01
200600034277,0,02,000,00,2,1,01,A01
200600034277,1,07,000,00,0,4,01,B01
200600034278,0,05,000,00,0,0,16,A01
200600034279,0,02,000,00,2,1,01,A01
200600034279,0,07,000,00,2,8,15,B01
200600034280,0,10,000,00,2,8,01,B01
200600034280,0,10,000,00,2,5,15,A01
200600034281,0,07,000,00,2,1,01,B01
200600034281,0,07,000,00,2,8,09,A01
200600034282,0,15,000,12,0,7,15,A01
200600034283,0,07,000,14,0,3,13,A01
200600034284,0,07,000,00,1,1,01,A01
200600034285,0,37,001,00,2,3,01,B01
200600034285,0,02,000,00,2,1,01,A01
200600034286,0,01,000,00,2,7,19,A01
200600034286,0,07,000,00,2,1,00,B01
200600034287,0,30,000,01,0,7,00,A01
200600034288,0,99,000,00,2,0,18,A01
200600034288,0,07,000,00,2,3,15,B01
200600034289,0,07,000,00,2,2,15,A01
200600034289,0,31,000,00,2,1,01,B01
200600034290,0,07,000,00,2,1,01,A01
200600034291,0,07,000,00,1,1,01,A01
200600034292,0,31,000,00,2,7,17,A01
200600034292,0,07,000,00,2,3,15,B01
200600034293,0,02,000,00,2,3,00,A01
200600034293,0,07,000,00,2,0,01,B01
200600034294,0,33,000,12,0,2,01,A01
200600034295,0,07,000,00,1,1,15,A01
200600034296,0,07,000,00,1,2,01,A01
200600034297,0,02,000,00,2,1,01,A01
200600034297,0,07,000,00,2,8,01,B01
200600034298,0,07,000,00,1,2,15,A01
200600034299,0,07,000,00,2,5,15,A01
200600034299,0,01,000,00,2,1,01,B01
200600034300,0,07,000,00,2,2,02,A01
200600034300,0,07,000,00,2,6,02,B01
200600034301,0,07,000,00,1,1,01,A01
200600034302,0,07,000,08,0,2,01,A01
200600034303,0,33,000,00,2,1,17,A01
200600034303,0,07,000,00,2,3,15,B01
200600034304,0,07,000,00,1,1,15,A01
200600034305,0,07,000,08,0,2,00,A01
200600034306,0,07,000,00,2,8,01,B01
200600034306,0,07,000,00,2,8,09,A01
200600034307,0,33,000,02,0,0,00,A01
200600034308,0,07,000,00,1,3,00,A01
200600034309,0,02,000,00,2,1,09,A01
200600034309,0,07,000,00,9,3,15,B01
200600034310,0,07,000,00,2,7,01,B01
200600034310,0,07,000,00,2,1,01,A01
200600034311,0,07,000,00,1,2,01,A01
200600034312,0,30,000,00,2,1,01,A01
200600034313,0,07,000,00,2,1,13,A01
200600034313,0,07,000,00,2,1,01,B01
200600034314,0,07,000,01,2,0,15,A01
200600034314,0,31,000,00,2,7,01,B01
200600034315,0,31,000,00,2,2,01,A01
200600034315,0,07,000,00,2,3,15,B01
200600034316,0,01,000,00,0,0,00,A01
200600034317,0,01,000,00,0,0,00,A01
200600034318,1,07,000,00,2,0,00,A01
200600034318,0,01,000,00,2,8,01,B01
200600034319,0,02,000,12,0,8,15,A01
200600034320,0,02,000,00,2,1,01,A01
200600034320,0,07,000,00,0,4,01,B01
200600034321,0,02,000,00,2,1,01,A01
200600034321,0,10,000,00,2,2,16,B01
200600034322,0,02,000,01,0,1,00,A01
200600034322,0,07,000,00,0,7,24,B01
200600034323,0,07,000,00,2,3,15,A01
200600034323,0,33,000,00,2,1,01,B01
200600034324,0,02,000,00,2,7,01,A01
200600034324,0,07,000,00,2,3,01,B01
200600034325,0,30,000,06,0,0,17,A01
200600034326,0,02,000,00,2,3,01,A01
200600034326,0,07,000,00,2,7,01,B01
200600034327,0,02,000,00,2,1,02,A01
200600034327,0,07,000,00,0,4,02,B01
200600034328,0,07,000,00,2,1,15,A01
200600034328,0,07,000,00,2,2,01,B01
200600034329,0,07,000,00,2,2,15,A01
200600034329,0,02,000,00,2,1,21,B01
200600034330,0,07,000,00,2,3,09,A01
200600034330,0,01,000,00,2,1,01,B01
200600034331,0,07,000,01,0,3,11,A01
200600034331,0,07,000,00,2,7,23,B01
200600034332,0,02,000,00,2,1,01,B01
200600034332,0,07,000,00,2,6,15,A01
200600034333,0,07,000,00,2,3,01,B01
200600034333,0,17,000,00,2,2,01,A01
200600034334,0,07,000,12,0,9,01,A01
200600034335,0,07,000,00,2,2,23,B01
200600034335,0,02,000,14,0,1,13,A01
200600034336,0,07,000,00,1,4,04,A01
200600034337,0,07,000,00,2,2,15,A01
200600034337,0,01,000,00,2,1,01,B01
200600034338,0,07,000,00,9,3,11,A01
200600034338,0,01,000,00,2,1,01,B01
200600034339,0,33,000,00,2,1,01,A01
200600034339,0,07,000,00,2,7,11,B01
200600034340,0,07,000,00,1,2,01,A01
200600034341,0,02,000,00,1,1,00,A01
200600034342,0,02,000,00,2,1,01,B01
200600034342,0,07,000,00,0,8,00,A01
200600034343,0,30,000,00,2,1,01,B01
200600034343,0,07,000,00,1,3,15,A01
200600034344,0,07,000,00,2,1,01,A01
200600034344,0,30,000,00,2,1,01,B01
200600034345,0,07,000,06,0,1,01,A01
200600034346,1,07,000,00,2,0,15,A01
200600034346,0,30,000,00,2,0,01,B01
200600034347,0,07,000,00,2,3,22,A01
200600034347,0,01,000,01,0,1,01,B01
200600034348,0,30,000,00,0,7,01,A01
200600034349,0,07,000,00,1,2,01,A01
200600034350,0,07,000,00,2,8,09,A01
200600034350,0,07,000,00,2,1,01,B01
200600034351,0,07,000,00,1,1,01,A01
200600034352,1,07,000,00,2,1,02,A01
200600034352,0,02,000,00,2,4,01,B01
200600034353,0,07,000,00,2,1,01,A01
200600034353,0,07,000,00,2,8,01,B01
200600034354,0,07,000,00,2,4,04,A01
200600034354,0,31,000,00,2,1,01,B01
200600034355,1,07,000,00,2,0,01,B01
200600034355,0,30,000,00,2,0,15,A01
200600034356,0,30,000,00,2,1,01,A01
200600034356,0,07,000,00,2,3,01,B01
200600034357,0,07,000,00,2,3,01,A01
200600034357,0,30,000,00,2,1,01,B01
200600034358,0,07,000,00,2,3,01,A01
200600034358,0,01,000,00,2,4,19,B01
200600034359,0,07,000,00,2,1,01,A01
200600034359,0,02,000,00,2,1,00,B01
200600034360,0,37,005,00,0,8,01,B01
200600034360,0,30,000,00,2,1,01,A01
200600034361,0,07,000,00,2,8,01,B01
200600034361,0,31,000,00,2,1,19,A01
200600034362,1,33,000,00,2,1,17,C01
200600034362,0,30,000,00,0,6,21,A01
200600034362,0,07,000,00,2,8,00,B01
200600034363,0,07,000,00,1,1,01,A01
200600034364,0,07,000,00,2,3,10,A01
200600034364,0,07,000,00,2,2,01,B01
200600034365,0,07,000,02,0,1,16,A01
200600034366,0,07,000,00,9,3,22,A01
200600034366,0,01,000,01,0,1,01,B01
200600034367,0,07,000,00,2,3,01,B01
200600034367,0,07,000,00,2,2,19,A01
200600034368,0,07,000,00,2,5,16,A01
200600034368,0,05,000,00,2,1,01,B01
200600034369,0,07,000,00,1,1,01,A01
200600034370,0,07,000,00,2,1,05,A01
200600034370,0,07,000,00,2,1,01,B01
200600034371,0,02,000,00,2,1,00,A01
200600034371,0,07,000,00,2,2,02,B01
200600034372,0,07,000,00,2,1,01,A01
200600034372,0,02,000,00,2,8,01,B01
200600034373,0,07,000,00,2,2,15,A01
200600034373,0,07,000,00,2,3,01,B01
200600034374,0,07,000,00,1,1,01,A01
200600034375,0,07,000,00,2,3,11,A01
200600034375,0,07,000,00,2,3,01,B01
200600034375,0,07,000,01,0,2,24,C01
200600034376,0,07,000,00,1,1,00,A01
200600034377,0,10,000,00,2,1,01,A01
200600034377,0,10,000,00,2,4,23,B01
200600034378,0,07,000,00,1,1,01,A01
200600034379,0,07,000,00,2,2,15,A01
200600034379,0,02,000,00,2,1,02,B01
200600034380,0,07,000,00,1,1,01,A01
200600034381,0,07,000,00,1,1,01,A01
200600034382,0,07,000,00,2,9,01,B01
200600034382,0,10,000,00,2,3,15,A01
200600034383,0,02,000,00,2,1,17,A01
200600034383,0,07,000,00,2,6,01,B01
200600034384,0,07,000,00,2,8,01,A01
200600034384,0,07,000,00,2,1,01,B01
200600034385,0,01,000,00,2,1,02,A01
200600034385,0,07,000,00,2,3,02,B01
200600034386,0,05,000,00,2,1,01,A01
200600034386,0,01,000,00,2,7,19,B01
200600034387,0,10,000,00,2,1,01,A01
200600034387,0,10,000,00,2,4,01,B01
200600034388,0,01,000,00,2,1,19,A01
200600034388,0,07,000,00,2,7,01,B01
200600034389,0,07,000,00,1,2,01,B01
200600034390,0,07,000,06,0,1,01,A01
200600034391,0,05,000,00,2,1,00,A01
200600034391,0,05,000,00,2,0,23,B01
200600034391,0,07,000,00,2,2,23,C01
200600034392,0,05,000,08,0,1,01,A01
200600034393,0,02,000,00,1,1,17,A01
200600034394,0,07,000,00,2,1,15,A01
200600034394,0,02,000,00,2,2,01,B01
200600034395,0,07,000,00,2,1,02,A01
200600034395,0,07,000,00,2,1,02,B01
200600034395,0,07,000,00,2,4,23,C01
200600034396,1,07,000,00,1,0,00,A01
200600034397,0,07,000,00,2,1,01,B01
200600034397,0,07,000,00,2,8,01,A01
200600034398,0,05,000,00,1,1,01,A01
200600034399,0,07,000,00,2,2,02,A01
200600034399,0,02,000,00,2,8,02,B01
200600034400,0,14,000,00,2,7,16,A01
200600034400,0,01,000,00,2,1,16,B01
200600034401,0,07,000,00,2,1,01,A01
200600034401,0,07,000,00,2,6,01,B01
200600034402,0,07,000,00,2,1,01,A01
200600034402,0,05,000,00,2,1,01,B01
200600034403,0,07,000,00,2,1,02,A01
200600034403,0,07,000,00,2,8,02,B01
200600034404,0,07,000,00,2,3,01,B01
200600034404,0,07,000,00,2,1,01,A01
200600034405,0,07,000,00,2,2,01,B01
200600034405,0,01,000,00,2,4,15,A01
200600034406,0,05,000,00,2,1,01,B01
200600034406,0,07,000,00,2,3,15,A01
200600034407,0,01,000,00,2,1,11,A01
200600034407,0,04,000,00,2,1,01,B01
200600034408,0,07,000,00,2,5,15,A01
200600034408,0,02,000,00,2,1,02,B01
200600034409,0,07,000,00,2,3,16,A01
200600034409,0,01,000,00,2,7,02,B01
200600034410,0,07,000,00,2,2,01,A01
200600034410,0,07,000,00,2,1,01,B01
200600034411,0,10,000,01,0,2,02,A01
200600034412,0,07,000,00,2,7,15,A01
200600034412,0,02,000,00,2,1,01,B01
200600034413,0,07,000,00,2,2,17,A01
200600034413,0,02,000,00,2,7,01,B01
200600034414,0,07,000,00,1,1,02,A01
200600034415,0,02,000,00,1,1,01,A01
200600034416,0,07,000,00,1,1,17,B01
200600034417,0,03,000,00,0,9,01,A01
200600034418,0,07,000,06,0,1,01,A01
200600034419,0,07,000,00,2,3,24,A01
200600034419,0,01,000,01,0,1,01,B01
200600034420,0,07,000,00,1,1,01,A01
200600034421,1,07,000,00,2,1,15,A01
200600034421,0,30,000,00,2,3,01,B01
200600034422,0,07,000,00,2,5,01,B01
200600034422,0,01,000,00,2,2,15,A01
200600034423,0,07,000,00,0,5,15,B01
200600034423,0,02,000,00,2,1,02,A01
200600034424,0,01,000,00,2,0,01,B01
200600034424,1,07,000,00,2,0,00,A01
200600034425,0,01,000,00,1,0,01,A01
200600034426,0,07,000,00,1,1,01,A01
200600034427,0,01,000,00,2,0,01,B01
200600034427,0,07,000,00,9,1,15,A01
200600034428,0,07,000,00,2,0,01,A01
200600034428,0,02,000,00,2,9,01,B01
200600034429,0,07,000,00,2,1,15,A01
200600034429,0,07,000,00,2,1,01,B01
200600034430,0,07,000,00,1,0,01,A01
200600034431,0,07,000,00,2,1,15,A01
200600034431,0,02,000,00,2,1,01,B01
200600034432,0,07,000,00,2,2,01,A01
200600034432,0,01,000,00,2,1,15,B01
200600034433,0,07,000,00,2,1,15,A01
200600034433,0,07,000,00,2,3,01,B01
200600034434,0,07,000,00,2,1,16,A01
200600034434,0,07,000,00,2,9,01,B01
200600034435,0,07,000,00,2,1,01,A01
200600034435,0,07,000,00,2,1,10,B01
200600034436,0,07,000,00,2,3,01,B01
200600034436,0,07,000,00,2,1,01,A01
200600034437,0,02,000,00,9,1,01,A01
200600034437,0,01,000,00,2,0,01,B01
200600034438,0,07,000,00,1,0,01,A01
200600034439,0,07,000,00,2,1,01,B01
200600034439,0,07,000,00,2,3,15,A01
200600034440,0,01,000,00,2,0,19,B01
200600034440,0,07,000,00,9,0,01,A01
200600034441,0,07,000,00,1,0,16,A01
200600034442,0,02,000,01,0,0,00,A01
200600034443,0,10,000,00,1,1,15,A01
200600034444,0,02,000,00,2,1,01,B01
200600034444,0,07,000,00,2,5,15,A01
200600034445,0,02,000,00,1,0,01,A01
200600034446,0,07,000,00,2,1,01,A01
200600034446,0,07,000,00,2,4,02,C01
200600034446,0,07,000,00,2,9,02,B01
200600034447,0,07,000,00,1,1,01,A01
200600034448,0,07,000,00,2,1,10,A01
200600034448,0,07,000,00,2,7,01,B01
200600034449,1,07,000,00,2,0,15,A01
200600034449,0,02,000,00,2,0,16,B01
200600034450,0,07,000,00,2,1,01,B01
200600034450,1,07,000,00,0,0,01,A01
200600034451,1,07,000,00,1,0,00,A01
200600034452,0,07,000,00,2,9,01,A01
200600034452,0,07,000,00,2,3,01,B01
200600034453,0,07,000,00,2,3,01,A01
200600034454,0,02,000,00,2,8,01,B01
200600034454,0,07,000,00,2,7,01,A01
200600034455,0,33,000,00,2,1,01,B01
200600034455,0,01,000,00,2,1,01,A01
200600034456,1,07,000,00,0,0,01,A01
200600034456,0,01,000,00,0,0,01,B01
200600034457,0,07,000,00,2,1,01,B01
200600034457,0,07,000,00,2,3,16,A01
200600034458,0,07,000,00,2,5,01,B01
200600034458,0,02,000,00,2,1,15,A01
200600034459,0,37,000,00,0,0,01,B01
200600034459,0,33,000,00,2,7,01,A01
200600034460,0,07,000,00,2,2,01,A01
200600034460,0,07,000,00,2,1,15,B01
200600034460,0,02,000,00,2,1,17,C01
200600034461,0,07,000,00,1,2,01,A01
200600034462,0,07,000,03,2,6,01,A01
200600034462,0,07,000,00,2,5,15,B01
200600034463,0,07,000,00,9,1,02,A01
200600034463,0,01,000,00,0,4,02,B01
200600034464,0,10,000,00,2,7,17,A01
200600034464,0,01,000,00,2,8,01,B01
200600034465,0,02,000,00,2,1,01,A01
200600034465,0,07,000,00,2,3,01,B01
200600034466,0,01,000,00,2,1,01,B01
200600034466,0,07,000,00,2,2,01,A01
200600034467,0,02,000,00,2,1,01,B01
200600034467,0,07,000,00,9,3,15,A01
200600034468,0,07,000,00,9,1,01,A01
200600034468,0,01,000,00,2,1,01,B01
200600034469,0,07,000,00,2,1,15,A01
200600034469,0,02,000,00,2,1,02,B01
200600034470,0,13,000,00,1,6,04,A01
200600034471,0,07,000,00,1,2,01,A01
200600034472,0,07,000,00,1,2,01,A01
200600034473,0,33,000,00,0,1,01,A01
200600034473,0,07,000,00,0,6,00,B01
200600034474,0,20,000,00,0,6,15,B01
200600034474,0,30,000,00,2,1,17,A01
200600034475,0,02,000,00,2,0,01,B01
200600034475,0,07,000,00,2,7,15,A01
200600034476,0,07,000,00,0,0,00,A01
200600034477,0,07,000,00,0,8,01,A01
200600034477,0,01,000,00,2,1,00,B01
200600034478,0,07,000,00,0,3,01,A01
200600034478,0,07,000,00,0,2,01,B01
200600034479,0,30,000,00,2,1,01,B01
200600034479,1,07,000,00,2,3,09,A01
200600034480,0,07,000,00,0,3,00,A01
200600034480,0,02,000,00,0,1,02,B01
200600034481,0,07,000,00,0,3,01,B01
200600034481,0,30,000,00,0,0,05,A01
200600034482,0,07,000,00,2,8,01,A01
200600034482,0,30,000,00,2,1,01,B01
200600034483,0,02,000,14,0,1,02,A01
200600034484,0,30,000,00,2,7,02,B01
200600034484,0,07,000,00,2,1,00,A01
200600034485,0,07,000,00,2,1,01,A01
200600034485,0,01,000,00,2,8,19,B01
200600034486,0,07,000,01,0,2,01,A01
200600034487,0,07,000,00,2,1,01,A01
200600034487,0,07,000,00,2,7,01,B01
200600034488,0,40,000,00,2,1,01,B01
200600034488,0,10,000,00,4,2,01,A01
200600034489,1,07,000,00,1,1,01,A01