Num_Acc,senc,catv,occutc,obs,obsm,choc,manv,num_veh
200600034490,0,07,000,14,0,7,15,A01
200600034491,0,01,000,00,2,1,15,A01
200600034491,0,07,000,00,2,1,01,B01
200600034492,0,07,000,00,2,1,17,A01
200600034492,0,07,000,00,2,6,01,B01
200600034493,0,07,000,02,0,1,01,A01
200600034494,0,07,000,00,1,1,16,A01
200600034495,0,07,000,00,2,1,01,A01
200600034495,0,07,000,00,2,4,01,B01
200600034495,0,07,000,00,2,4,01,C01
200600034496,0,07,000,00,2,3,11,A01
200600034496,0,02,000,01,2,0,09,B01
200600034497,0,38,001,00,1,0,01,A01
200600034498,0,10,000,00,2,3,10,A01
200600034498,0,17,000,00,2,2,01,B01
200600034499,0,07,000,00,2,1,01,B01
200600034499,0,01,000,00,2,1,14,A01
200600034500,0,07,000,00,2,3,22,A01
200600034500,0,02,000,01,0,1,01,B01
200600034501,1,99,000,00,2,1,00,A01
200600034501,0,07,000,00,2,6,01,B01
200600034502,0,01,000,00,2,1,09,A01
200600034502,0,30,000,00,2,2,01,B01
200600034503,0,37,001,00,2,1,01,B01
200600034503,0,07,000,00,2,8,15,A01
200600034504,0,07,000,00,1,3,01,A01
200600034505,0,01,000,00,2,1,15,A01
200600034505,0,10,000,00,2,3,15,B01
200600034506,0,07,000,00,1,1,01,A01
200600034507,0,33,000,00,0,0,01,A01
200600034507,0,07,000,00,0,0,09,B01
200600034508,0,07,000,00,2,1,01,A01
200600034508,0,01,000,00,2,1,19,B01
200600034509,0,33,000,01,0,9,01,A01
200600034510,0,07,000,00,1,1,01,A01
200600034511,0,33,000,00,2,1,17,A01
200600034511,0,07,000,00,2,0,01,B01
200600034512,0,07,000,00,2,2,19,A01
200600034512,0,02,000,00,2,3,09,B01
200600034513,0,07,000,00,2,1,01,A01
200600034513,0,02,000,00,2,8,01,B01
200600034514,0,07,000,00,2,2,00,A01
200600034514,0,02,000,00,2,0,00,B01
200600034515,0,07,000,00,2,8,00,A01
200600034515,0,15,000,00,2,1,02,B01
200600034516,0,05,000,00,2,1,02,A01
200600034516,0,07,000,00,2,5,01,B01
200600034517,0,01,000,00,2,0,00,B01
200600034517,1,18,000,00,9,0,00,A01
200600034518,0,07,000,00,2,5,01,B01
200600034518,0,01,000,00,2,1,19,A01
200600034519,0,07,000,00,1,1,15,A01
200600034520,0,01,000,00,2,7,01,A01
200600034521,0,07,000,00,2,1,01,A01
200600034521,0,33,000,00,2,1,02,B01
200600034522,0,17,000,00,1,7,02,A01
200600034523,0,07,000,00,0,3,15,B01
200600034523,0,02,000,00,2,1,17,A01
200600034524,0,07,000,00,1,4,04,A01
200600034525,0,07,000,00,2,1,13,A01
200600034525,0,07,000,00,2,1,01,B01
200600034526,0,07,000,00,1,1,01,A01
200600034527,0,07,000,00,0,3,01,B01
200600034527,0,07,000,00,2,2,01,A01
200600034528,0,99,000,00,0,0,00,A01
200600034529,0,02,000,00,2,1,01,B01
200600034529,0,07,000,00,2,6,13,A01
200600034530,0,07,000,00,2,2,10,A01
200600034530,0,05,000,00,2,1,01,B01
200600034531,0,07,000,00,2,3,01,B01
200600034531,0,02,000,00,2,1,15,A01
200600034532,0,07,000,00,2,7,00,A01
200600034532,0,02,000,06,1,1,00,B01
200600034533,0,07,000,00,2,1,01,A01
200600034533,0,36,000,00,2,7,19,B01
200600034534,0,07,000,00,2,3,15,A01
200600034534,0,02,000,00,2,1,01,B01
200600034535,1,07,000,00,1,3,00,A01
200600034536,1,30,000,01,1,1,02,A01
200600034537,0,99,000,00,1,8,01,A01
200600034538,0,07,000,00,2,6,01,B01
200600034538,0,30,000,00,2,1,16,A01
200600034539,0,07,000,00,9,2,01,A01
200600034539,0,01,000,00,2,8,00,B01
200600034540,2,07,000,00,0,2,11,A01
200600034540,0,33,000,00,9,1,05,B01
200600034541,0,07,000,00,1,4,05,A01
200600034542,0,07,000,13,0,1,01,A01
200600034543,0,02,000,00,1,1,01,A01
200600034544,0,07,000,00,2,1,01,A01
200600034544,0,07,000,00,2,4,02,B01
200600034545,0,14,000,00,1,0,01,A01
200600034546,0,37,006,00,0,3,01,B01
200600034546,0,33,000,00,0,1,01,A01
200600034547,0,33,000,00,1,0,01,A01
200600034548,0,30,000,01,0,2,01,A01
200600034549,0,02,000,00,2,0,01,B01
200600034549,0,07,000,00,2,3,01,A01
200600034550,0,07,000,00,2,3,01,B01
200600034550,0,02,000,00,2,1,01,A01
200600034551,0,07,000,00,1,3,01,A01
200600034552,0,07,000,00,2,2,20,A01
200600034552,0,02,000,00,2,1,01,B01
200600034553,1,07,000,01,0,1,02,A01
200600034553,0,07,000,00,2,4,23,B01
200600034554,0,07,000,00,2,1,01,A01
200600034554,0,01,000,00,2,2,01,B01
200600034555,0,10,000,00,2,5,11,A01
200600034555,0,07,000,00,2,6,11,B01
200600034556,0,07,000,00,2,1,01,B01
200600034556,0,17,000,00,2,8,23,C01
200600034556,0,02,000,00,2,1,19,A01
200600034557,0,07,000,00,2,1,01,B01
200600034557,0,07,000,00,2,1,15,A01
200600034558,0,30,000,00,2,3,13,A01
200600034558,0,07,000,00,2,3,01,B01
200600034559,0,07,000,00,2,8,13,A01
200600034559,0,14,000,00,2,1,01,B01
200600034560,0,05,000,00,2,1,01,A01
200600034560,0,07,000,00,0,1,23,C01
200600034560,0,07,000,00,2,8,15,B01
200600034561,0,01,000,00,2,7,09,A01
200600034561,0,07,000,00,2,7,01,B01
200600034562,0,07,000,06,2,2,15,A01
200600034562,0,07,000,00,2,1,01,B01
200600034563,0,02,000,00,2,1,01,A01
200600034563,1,07,000,00,2,1,13,B01
200600034564,0,07,000,00,1,1,01,A01
200600034565,0,33,000,00,1,0,01,A01
200600034566,0,10,000,00,9,7,15,A01
200600034566,0,33,000,00,2,0,01,B01
200600034567,0,07,000,00,1,1,01,A01
200600034568,0,33,000,00,2,1,01,B01
200600034568,0,07,000,00,9,8,15,A01
200600034569,0,07,000,00,2,1,02,A01
200600034569,0,07,000,00,2,4,23,B01
200600034569,0,10,000,00,2,1,23,C01
200600034569,0,07,000,00,9,4,23,D01
200600034570,0,07,000,00,2,2,01,A01
200600034570,0,07,000,00,2,3,16,B01
200600034571,0,30,000,00,2,3,10,A01
200600034571,0,07,000,00,9,2,01,B01
200600034572,0,07,000,00,2,3,01,A01
200600034572,0,07,000,00,2,2,17,B01
200600034573,0,07,000,00,2,1,01,A01
200600034573,0,07,000,00,2,4,23,B01
200600034574,1,07,000,00,1,2,01,A01
200600034575,0,07,000,00,1,1,00,A01
200600034576,0,07,000,00,2,7,15,A01
200600034576,0,02,000,00,2,1,01,B01
200600034577,0,02,000,00,2,1,01,A01
200600034577,0,07,000,00,2,4,01,B01
200600034578,0,31,000,02,0,1,00,A01
200600034579,0,01,000,00,2,6,15,A01
200600034579,0,07,000,00,2,1,01,B01
200600034580,0,02,000,00,1,1,01,A01
200600034581,0,02,000,00,2,1,01,A01
200600034581,0,07,000,00,2,4,01,B01
200600034582,0,32,000,12,0,1,01,A01
200600034583,0,33,000,00,0,0,00,A01
200600034584,0,30,000,00,2,1,15,A01
200600034584,0,07,000,00,2,4,15,B01
200600034585,0,07,000,00,1,1,01,A01
200600034586,0,07,000,00,2,1,15,A01
200600034586,0,07,000,00,2,8,01,B01
200600034587,0,07,000,08,0,1,14,A01
200600034588,0,07,000,00,2,1,02,A01
200600034588,0,07,000,00,2,4,02,B01
200600034589,0,07,000,00,2,7,15,A01
200600034589,0,33,000,00,2,1,01,B01
200600034590,0,07,000,00,2,1,01,A01
200600034590,0,07,000,00,2,4,23,B01
200600034591,0,33,000,00,2,1,01,A01
200600034591,0,07,000,00,2,5,01,B01
200600034592,0,31,000,00,2,1,16,A01
200600034592,0,02,000,00,2,2,17,B01
200600034593,0,10,000,00,1,1,01,A01
200600034594,0,07,000,00,2,7,00,A01
200600034595,0,14,000,00,2,2,12,A01
200600034595,0,07,000,00,2,8,01,B01
200600034595,0,07,000,00,2,8,01,C01
200600034596,0,07,000,00,2,2,15,A01
200600034596,0,30,000,00,2,1,17,B01
200600034597,0,07,000,00,2,2,15,A01
200600034597,0,07,000,00,2,1,01,C01
200600034597,0,07,000,08,2,7,15,B01
200600034598,0,07,000,00,2,2,15,A01
200600034598,0,07,000,00,2,8,01,B01
200600034599,0,33,000,12,0,1,14,A01
200600034600,0,10,000,00,2,8,04,A01
200600034600,0,33,000,00,2,1,01,B01
200600034601,0,07,000,00,2,1,01,A01
200600034601,0,07,000,00,2,4,01,B01
200600034601,0,07,000,00,2,4,23,C01
200600034602,0,07,000,00,2,2,01,A01
200600034602,0,07,000,00,2,4,01,B01
200600034603,0,01,000,00,2,8,19,A01
200600034603,0,07,000,00,2,1,01,B01
200600034604,0,31,000,00,2,8,01,A01
200600034604,0,07,000,00,2,8,20,B01
200600034605,0,37,001,00,2,7,01,A01
200600034605,0,01,000,00,2,8,01,B01
200600034606,0,07,000,00,2,2,02,A01
200600034606,0,07,000,00,2,4,02,B01
200600034607,0,07,000,15,0,1,01,A01
200600034608,0,02,000,00,2,1,16,A01
200600034608,0,07,000,00,2,3,15,B01
200600034609,0,07,000,15,1,2,01,A01
200600034610,0,07,000,06,0,1,01,A01
200600034611,0,14,000,00,2,2,00,A01
200600034611,0,07,000,00,2,6,01,B01
200600034612,0,07,000,00,2,3,15,B01
200600034612,0,07,000,00,2,1,15,A01
200600034613,0,07,000,00,2,1,01,A01
200600034613,0,07,000,00,2,4,01,B01
200600034613,0,07,000,00,2,4,01,C01
200600034614,0,07,000,00,2,3,15,A01
200600034614,0,34,000,00,2,1,17,B01
200600034615,1,07,000,00,2,2,15,A01
200600034615,0,01,000,00,2,1,01,B01
200600034616,0,30,000,00,2,1,15,A01
200600034616,0,07,000,00,2,1,01,B01
200600034617,0,07,000,00,2,2,12,A01
200600034617,0,07,000,00,2,8,01,B01
200600034618,0,07,000,00,1,1,01,A01
200600034619,0,31,000,00,2,1,01,B01
200600034619,0,07,000,00,2,3,01,A01
200600034620,0,01,000,00,2,1,01,B01
200600034620,0,07,000,00,2,3,01,A01
200600034621,0,07,000,00,2,8,11,A01
200600034621,0,33,000,00,2,7,01,B01
200600034622,0,30,000,00,2,2,00,A01
200600034622,0,07,000,00,2,3,01,B01
200600034623,0,31,000,01,0,1,01,A01
200600034624,1,07,000,00,1,1,01,A01
200600034625,0,07,000,15,0,1,00,A01
200600034626,0,07,000,00,2,7,01,A01
200600034626,0,07,000,00,2,1,16,B01
200600034627,0,10,000,00,2,1,15,A01
200600034627,0,02,000,00,2,1,01,B01
200600034628,0,07,000,00,2,2,17,A01
200600034629,0,07,000,06,0,1,01,A01
200600034630,0,07,000,00,2,2,15,A01
200600034630,0,02,000,00,2,1,01,B01
200600034631,0,07,000,00,2,3,01,B01
200600034631,0,07,000,00,2,8,13,A01
200600034632,0,10,000,00,0,1,00,A01
200600034632,0,07,000,00,0,4,00,B01
200600034633,0,40,000,00,2,1,01,A01
200600034633,0,07,000,00,0,4,01,B01
200600034633,0,10,000,00,2,4,01,C01
200600034633,0,07,000,00,2,4,01,D01
200600034634,0,07,000,00,1,1,01,A01
200600034635,0,07,000,00,2,1,01,A01
200600034635,0,07,000,00,2,3,01,B01
200600034636,0,07,000,14,0,1,01,A01
200600034637,0,07,000,13,2,1,15,A01
200600034637,0,17,000,00,2,1,01,B01
200600034638,0,07,000,00,2,1,15,A01
200600034638,0,33,000,00,2,1,01,B01
200600034639,0,07,000,00,2,3,15,A01
200600034639,0,31,000,00,2,2,17,B01
200600034640,0,10,000,00,2,1,01,A01
200600034640,0,07,000,00,2,4,01,B01
200600034640,0,07,000,00,2,4,01,C01
200600034641,0,07,000,00,2,1,01,A01
200600034641,0,07,000,00,2,4,01,B01
200600034642,0,07,000,09,0,1,02,A01
200600034643,0,01,000,00,2,1,05,A01
200600034643,0,07,000,00,2,2,01,B01
200600034644,0,02,000,12,0,1,14,A01
200600034645,0,31,000,14,0,1,01,A01
200600034646,0,33,000,00,2,1,13,A01
200600034646,0,07,000,00,2,3,01,B01
200600034647,0,31,000,12,0,7,01,A01
200600034648,0,02,000,11,0,1,01,A01
200600034649,0,07,000,00,2,5,15,A01
200600034649,0,31,000,00,2,1,16,B01
200600034650,0,07,000,00,2,1,01,A01
200600034650,0,07,000,00,0,4,01,B01
200600034651,0,07,000,00,1,2,01,A01
200600034652,0,07,000,00,2,2,01,A01
200600034652,0,07,000,00,2,1,01,B01
200600034652,0,07,000,00,0,4,01,C01
200600034653,0,02,000,00,2,1,13,A01
200600034653,0,07,000,00,9,1,01,B01
200600034654,0,07,000,00,2,7,15,A01
200600034654,0,07,000,00,2,3,01,B01
200600034655,0,02,000,00,9,1,02,A01
200600034655,0,02,000,00,9,4,02,B01
200600034656,0,02,000,00,2,1,19,A01
200600034656,0,07,000,00,9,7,01,B01
200600034657,0,07,000,01,0,1,01,A01
200600034657,0,07,000,01,0,7,24,B01
200600034657,0,07,000,01,0,6,24,C01
200600034657,0,07,000,01,0,6,24,D01
200600034657,0,07,000,01,0,6,24,E01
200600034658,0,07,000,02,0,1,00,A01
200600034659,0,07,000,00,2,4,10,A01
200600034659,0,02,000,00,2,1,00,B01
200600034660,0,34,000,00,0,0,00,A01
200600034661,0,07,000,00,0,1,00,A01
200600034662,0,99,000,00,2,0,09,A01
200600034662,0,02,000,00,2,1,17,B01
200600034663,0,30,000,00,0,8,00,A01
200600034664,0,07,000,00,2,1,01,A01
200600034664,0,07,000,00,2,4,02,B01
200600034664,0,07,000,00,0,4,01,C01
200600034665,0,31,000,00,2,7,12,A01
200600034665,0,07,000,00,9,8,15,B01
200600034666,0,01,000,00,2,1,05,A01
200600034666,0,07,000,00,9,8,15,B01
200600034667,0,07,000,06,2,6,21,B01
200600034667,0,07,000,00,2,3,13,A01
200600034668,0,30,000,00,2,1,01,B01
200600034668,0,07,000,00,2,1,15,A01
200600034669,0,07,000,08,0,1,13,A01
200600034670,0,07,000,00,2,3,15,A01
200600034670,0,30,000,00,2,8,02,B01
200600034671,0,10,000,00,2,3,01,B01
200600034671,0,01,000,00,2,1,13,A01
200600034672,0,07,000,00,2,1,01,C01
200600034672,0,07,000,00,2,1,01,B01
200600034672,0,07,000,00,2,1,13,A01
200600034673,0,07,000,00,2,4,23,B01
200600034673,0,07,000,00,2,1,01,A01
200600034674,0,07,000,00,2,7,15,A01
200600034674,0,02,000,00,2,8,01,B01
200600034675,0,02,000,00,2,8,15,A01
200600034675,0,07,000,00,2,1,01,B01
200600034676,0,31,000,00,2,1,01,A01
200600034676,0,07,000,00,2,1,01,B01
200600034677,0,07,000,00,2,2,01,B01
200600034677,0,07,000,00,2,3,15,A01
200600034678,0,07,000,00,2,1,01,A01
200600034678,0,07,000,00,2,1,01,B01
200600034679,0,33,000,00,2,1,01,B01
200600034679,0,07,000,00,2,5,15,A01
200600034680,0,07,000,00,2,2,01,A01
200600034680,0,07,000,00,2,1,01,B01
200600034681,0,07,000,00,1,1,01,A01
200600034682,0,07,000,00,2,4,02,B01
200600034682,0,07,000,00,2,4,02,C01
200600034682,0,07,000,00,2,1,01,A01
200600034683,0,07,000,08,0,1,01,A01
200600034684,0,07,000,01,0,2,01,A01
200600034684,0,07,000,00,2,3,24,B01
200600034685,0,07,000,01,0,1,01,A01
200600034686,0,07,000,07,0,1,14,A01
200600034687,0,07,000,00,2,2,10,A01
200600034687,0,33,000,00,2,1,01,B01
200600034688,0,01,000,00,2,1,01,B01
200600034688,0,07,000,00,2,2,09,A01
200600034689,0,07,000,00,2,3,24,A01
200600034689,0,01,000,01,0,1,01,B01
200600034690,0,07,000,00,2,4,15,A01
200600034690,0,02,000,00,2,1,01,B01
200600034691,0,02,000,00,2,1,00,B01
200600034691,0,07,000,00,2,3,15,A01
200600034692,0,02,000,00,2,1,18,A01
200600034692,0,07,000,00,2,1,01,B01
200600034693,1,07,000,00,1,4,04,A01
200600034694,0,07,000,00,1,2,11,A01
200600034695,0,07,000,00,1,1,01,A01
200600034696,0,33,000,00,0,1,01,A01
200600034697,0,10,000,00,0,7,15,A01
200600034697,0,01,000,00,2,1,01,B01
200600034698,0,02,000,00,2,1,01,A01
200600034698,0,07,000,00,0,4,23,B01
200600034699,0,30,000,00,2,1,01,B01
200600034699,0,07,000,00,0,7,01,A01
200600034700,0,07,000,00,1,1,15,A01
200600034701,0,07,000,11,0,1,01,A01
200600034702,0,10,000,00,2,1,15,A01
200600034702,0,07,000,00,2,1,01,B01
200600034703,0,07,000,00,0,6,01,B01
200600034703,0,02,000,00,2,1,01,A01
200600034704,0,07,000,00,0,3,15,A01
200600034704,0,02,000,00,2,1,01,B01
200600034705,0,07,000,00,2,3,22,A01
200600034705,0,01,000,00,0,1,01,B01
200600034706,0,07,000,00,2,1,15,A01
200600034706,0,07,000,00,0,6,16,B01
200600034707,0,07,000,00,2,7,14,A01
200600034707,0,07,000,00,2,8,01,B01
200600034707,0,07,000,00,2,1,17,C01
200600034708,0,07,000,00,2,8,17,A01
200600034708,0,10,000,00,2,1,01,B01
200600034709,0,07,000,00,2,8,01,B01
200600034709,0,07,000,00,2,7,01,A01
200600034710,0,10,000,00,2,1,01,A01
200600034710,0,10,000,00,0,6,15,B01
200600034711,0,02,000,00,2,1,17,A01
200600034711,0,07,000,00,0,8,15,B01
200600034712,0,02,000,00,2,1,01,A01
200600034712,0,07,000,00,2,8,15,B01
200600034713,0,07,000,00,2,2,01,A01
200600034713,0,30,000,00,2,1,01,B01
200600034714,0,07,000,00,2,6,01,D01
200600034714,0,07,000,00,2,5,01,C01
200600034714,0,07,000,00,2,4,01,B01
200600034714,0,07,000,00,2,1,01,A01
200600034715,0,07,000,00,2,1,13,A01
200600034715,0,07,000,00,2,1,01,B01
200600034716,0,33,000,00,2,1,01,A01
200600034716,0,07,000,00,2,4,01,B01
200600034717,0,07,000,00,1,2,01,A01
200600034718,0,01,000,00,1,1,01,A01
200600034719,0,07,000,16,0,0,12,A01
200600034720,0,07,000,00,2,2,01,A01
200600034720,0,01,000,00,2,6,01,B01
200600034721,0,07,000,03,0,2,13,A01
200600034721,0,07,000,03,0,1,01,B01
200600034722,0,14,000,00,2,2,16,A01
200600034722,0,01,000,00,2,1,19,B01
200600034723,0,07,000,00,2,3,13,A01
200600034723,0,07,000,00,2,3,01,B01
200600034724,0,07,000,03,0,1,13,A01
200600034725,0,07,000,00,2,1,01,A01
200600034725,0,33,000,00,2,4,23,B01
200600034725,0,07,000,00,2,6,01,C01
200600034726,0,07,000,00,2,8,15,A01
200600034726,0,34,000,00,2,8,17,B01
200600034727,0,07,000,00,2,1,01,A01
200600034727,0,07,000,00,2,6,02,B01
200600034727,0,07,000,00,2,4,02,C01
200600034728,0,07,000,00,1,3,01,A01
200600034729,2,01,000,00,1,1,01,A01
200600034730,0,07,000,00,2,1,01,B01
200600034730,0,07,000,00,2,5,19,A01
200600034731,0,01,000,00,2,1,01,A01
200600034731,0,01,000,00,2,8,15,B01
200600034732,0,07,000,01,0,1,14,A01
200600034733,0,07,000,07,0,3,15,A01
200600034734,0,07,000,00,2,1,01,A01
200600034734,0,07,000,00,2,4,01,B01
200600034735,0,01,000,00,4,8,11,A01
200600034735,0,40,000,00,2,2,01,B01
200600034736,0,40,000,00,1,3,00,A01
200600034737,0,02,000,00,2,1,02,A01
200600034737,0,07,000,00,0,3,02,B01
200600034738,0,07,000,00,2,1,15,A01
200600034738,0,10,000,00,2,1,01,B01
200600034739,0,01,000,00,2,1,19,A01
200600034739,0,07,000,00,2,2,01,B01
200600034740,0,33,000,00,2,7,01,B01
200600034740,0,07,000,00,2,1,01,A01
200600034741,0,01,000,00,2,1,01,A01
200600034741,0,01,000,00,2,1,01,B01
200600034742,0,02,000,00,1,1,01,A01
200600034743,0,07,000,00,2,2,15,A01
200600034743,0,07,000,00,2,1,01,B01
200600034744,0,40,000,00,1,7,01,A01
200600034745,0,07,000,00,2,1,01,A01
200600034745,0,07,000,00,2,1,01,B01
200600034746,0,30,000,00,2,1,01,A01
200600034746,0,07,000,00,2,1,15,B01
200600034747,0,07,000,00,2,1,01,B01
200600034747,0,01,000,00,2,7,01,A01
200600034748,1,07,000,00,1,0,14,A01
200600034749,0,07,000,00,2,8,20,A01
200600034749,0,01,000,01,0,1,01,B01
200600034750,0,07,000,00,2,1,15,A01
200600034750,0,01,000,00,2,1,01,B01
200600034751,0,07,000,00,2,1,15,A01
200600034751,0,30,000,00,2,1,01,B01
200600034752,0,33,000,00,2,7,17,A01
200600034752,0,07,000,00,2,3,13,B01
200600034753,0,01,000,00,2,1,01,B01
200600034753,0,07,000,00,2,2,16,A01
200600034754,0,07,000,00,2,2,01,A01
200600034754,0,01,000,00,2,1,19,B01
200600034755,0,07,000,00,2,1,00,A01
200600034755,0,07,000,00,2,4,01,B01
200600034756,0,37,001,00,1,2,01,A01
200600034757,0,07,000,00,2,2,15,A01
200600034757,0,07,000,00,2,1,01,B01
200600034758,0,33,000,14,0,0,01,A01
200600034759,0,02,000,00,2,1,18,A01
200600034759,0,07,000,00,2,2,16,B01
200600034760,0,07,000,00,2,8,15,A01
200600034760,0,02,000,00,2,7,17,B01
200600034761,0,01,000,00,1,1,01,A01
200600034762,0,07,000,02,0,1,13,A01
200600034763,0,07,000,00,2,3,01,A01
200600034763,0,99,000,00,2,1,01,B01
200600034764,0,07,000,00,2,1,00,A01
200600034764,0,30,000,00,2,1,01,B01
200600034765,0,02,000,00,2,1,01,A01
200600034765,0,07,000,00,2,1,01,B01
200600034766,0,02,000,00,2,0,21,A01
200600034766,0,07,000,00,2,0,15,B01
200600034767,0,07,000,00,0,1,01,A01
200600034768,1,07,000,00,2,0,17,B01
200600034768,0,02,000,01,2,8,01,A01
200600034769,0,07,000,00,2,3,01,A01
200600034769,0,33,000,00,2,1,01,B01
200600034770,0,40,000,00,2,1,01,B01
200600034770,0,30,000,00,1,0,00,A01
200600034771,0,07,000,00,2,1,13,A01
200600034771,0,07,000,00,2,3,01,B01
200600034772,0,07,000,00,2,1,15,A01
200600034772,0,01,000,00,2,1,01,B01
200600034773,1,02,000,00,1,0,00,A01
200600034774,0,07,000,00,2,8,10,A01
200600034774,0,32,000,00,2,1,01,B01
200600034775,0,07,000,00,1,3,15,A01
200600034776,0,02,000,00,0,2,21,A01
200600034777,0,07,000,00,2,2,16,A01
200600034777,0,37,021,00,2,3,01,B01
200600034778,0,07,000,00,2,7,15,A01
200600034778,0,33,000,00,2,1,01,B01
200600034779,0,10,000,00,2,1,01,A01
200600034779,0,07,000,00,2,4,01,B01
200600034780,0,07,000,00,2,3,01,A01
200600034780,0,01,000,00,2,7,15,B01
200600034781,1,02,000,00,1,1,00,A01
200600034782,0,07,000,00,2,3,01,B01
200600034782,0,07,000,00,2,1,01,A01
200600034783,1,07,000,00,2,1,15,A01
200600034783,0,01,000,00,2,1,05,B01
200600034784,0,10,000,00,9,1,09,A01
200600034784,0,01,000,00,2,1,01,B01
200600034785,0,07,000,00,2,3,01,B01
200600034785,0,01,000,00,2,1,15,A01
200600034786,0,07,000,00,2,5,14,A01
200600034786,0,37,002,00,2,2,01,B01
200600034787,0,07,000,00,2,1,15,A01
200600034787,0,01,000,00,2,8,19,B01
200600034788,0,37,040,00,2,1,01,A01
200600034788,0,01,000,00,2,3,19,B01
200600034789,0,07,000,00,2,1,01,B01
200600034789,0,10,000,00,2,3,01,A01
200600034790,0,10,000,00,1,1,01,A01
200600034791,0,07,000,00,2,1,01,A01
200600034791,0,07,000,00,2,7,01,B01
200600034792,0,01,000,00,2,3,01,B01
200600034792,1,07,000,00,2,7,01,A01
200600034793,0,07,000,00,2,6,04,A01
200600034793,0,01,000,00,2,1,01,B01
200600034794,0,07,000,00,1,1,01,A01
200600034795,0,07,000,00,1,1,01,A01
200600034796,0,02,000,08,0,1,02,A01
200600034797,0,02,000,00,2,3,13,A01
200600034797,0,14,000,00,2,3,01,B01
200600034798,0,07,000,00,1,2,01,A01
200600034799,0,07,000,00,2,1,02,A01
200600034799,0,07,000,00,0,4,02,B01
200600034800,0,07,000,00,0,0,02,A01
200600034800,0,10,000,00,2,1,02,F01
200600034800,0,07,000,00,0,4,02,B01
200600034800,0,07,000,00,2,1,02,C01
200600034800,0,07,000,00,2,4,02,D01
200600034800,0,07,000,00,2,4,02,E01
200600034801,0,07,000,00,2,8,15,A01
200600034801,0,31,000,00,2,1,01,B01
200600034802,0,07,000,00,2,1,19,A01
200600034802,0,30,000,00,2,1,13,B01
200600034803,0,33,000,00,2,1,02,A01
200600034803,0,07,000,00,2,3,00,B01
200600034804,0,07,000,00,1,3,01,A01
200600034805,0,07,000,00,2,4,01,B01
200600034805,0,33,000,00,2,1,02,A01
200600034806,0,14,000,01,0,1,02,A01
200600034806,0,10,000,01,1,4,02,B01
200600034807,0,07,000,00,1,1,19,A01
200600034808,0,15,000,01,0,2,01,A01
200600034808,0,10,000,00,0,4,00,B01
200600034809,0,07,000,00,1,1,01,B01
200600034809,0,10,000,00,1,1,01,A01
200600034810,0,07,000,00,1,4,04,A01
200600034811,0,07,000,00,1,1,01,A01
200600034812,0,07,000,00,2,1,02,A01
200600034812,0,07,000,00,2,4,02,B01
200600034813,0,07,000,00,2,1,01,B01
200600034813,0,07,000,00,2,7,01,A01
200600034814,0,05,000,00,2,1,01,B01
200600034814,1,07,000,00,2,4,02,A01
200600034815,0,07,000,00,2,1,01,A01
200600034815,0,07,000,03,2,0,01,B01
200600034815,0,07,000,00,2,1,01,C01
200600034816,0,07,000,00,2,7,09,A01
200600034816,0,01,000,00,2,2,01,B01
200600034817,0,02,000,00,2,1,11,A01
200600034817,0,07,000,00,2,8,01,B01
200600034818,0,07,000,00,2,1,01,B01
200600034818,0,07,000,00,2,6,05,A01
200600034819,0,07,000,00,2,2,15,A01
200600034819,0,02,000,00,2,1,01,B01
200600034820,0,07,000,00,0,4,23,B01
200600034820,0,07,000,00,2,1,01,A01
200600034821,1,07,000,00,2,0,16,A01
200600034821,0,33,000,00,2,1,16,B01
200600034822,0,07,000,00,2,2,00,A01
200600034822,0,07,000,00,2,3,00,B01
200600034823,0,07,000,00,2,2,15,A01
200600034823,0,07,000,00,2,1,01,B01
200600034824,0,37,032,00,2,3,13,A01
200600034824,0,07,000,00,2,5,17,B01
200600034825,0,34,000,00,2,1,01,A01
200600034825,0,07,000,00,2,3,15,B01
200600034826,0,07,000,00,2,2,17,A01
200600034826,0,07,000,00,2,8,15,B01
200600034827,0,34,000,00,2,1,01,B01
200600034827,0,07,000,00,2,3,15,A01
200600034828,0,07,000,00,2,3,01,A01
200600034828,0,07,000,00,0,5,23,B01
200600034829,0,07,000,00,1,2,16,A01
200600034830,0,02,000,02,0,8,00,A01
200600034831,0,33,000,00,2,1,01,B01
200600034831,0,07,000,00,2,6,15,A01
200600034832,0,07,000,00,2,2,15,A01
200600034832,0,33,000,00,2,1,01,B01
200600034833,0,07,000,00,2,1,02,C01
200600034833,0,01,000,00,2,1,13,A01
200600034833,0,07,000,00,2,3,01,B01
200600034834,0,07,000,00,2,5,12,A01
200600034834,0,33,000,00,2,8,02,B01
200600034835,0,07,000,15,2,7,01,B01
200600034835,0,07,000,00,2,3,01,A01
200600034836,0,07,000,00,2,7,01,A01
200600034836,0,07,000,00,2,1,01,B01
200600034837,0,07,000,00,2,3,00,A01
200600034837,0,07,000,00,2,2,11,B01
200600034838,0,07,000,00,1,3,15,A01
200600034839,0,07,000,00,2,6,01,B01
200600034839,0,07,000,00,2,3,16,A01
200600034840,0,07,000,00,2,1,01,A01
200600034840,0,07,000,00,2,3,01,B01
200600034840,0,07,000,03,2,1,02,C01
200600034841,0,07,000,00,2,1,23,A01
200600034841,0,17,000,00,2,5,23,B01
200600034841,0,07,000,00,2,8,01,C01