Num_Acc,senc,catv,occutc,obs,obsm,choc,manv,num_veh
200600035986,0,07,000,00,2,1,09,A01
200600035986,0,07,000,00,2,4,01,B01
200600035987,0,07,000,00,1,1,15,A01
200600035988,0,07,000,00,1,3,15,A01
200600035989,0,07,000,00,1,2,01,A01
200600035990,0,07,000,00,1,1,01,A01
200600035991,0,07,000,00,1,2,01,A01
200600035992,0,33,000,00,1,1,17,A01
200600035993,0,33,000,00,2,1,01,A01
200600035993,0,07,000,00,0,4,15,B01
200600035994,0,07,000,00,9,1,01,A01
200600035994,0,02,000,00,2,7,15,B01
200600035995,0,07,000,00,1,1,01,A01
200600035996,0,33,000,00,2,7,01,B01
200600035996,0,07,000,00,2,7,09,A01
200600035997,0,02,000,00,2,1,01,A01
200600035997,0,07,000,00,2,8,01,B01
200600035998,0,07,000,00,0,3,19,B01
200600035998,0,30,000,00,2,1,19,A01
200600035999,0,07,000,13,0,9,13,A01
200600036000,0,07,000,00,9,8,22,A01
200600036000,0,01,000,01,0,7,17,B01
200600036001,0,07,000,00,1,2,16,A01
200600036002,0,10,000,00,1,1,01,A01
200600036003,0,10,000,00,2,1,01,A01
200600036003,0,07,000,00,2,4,01,B01
200600036004,0,07,000,00,2,5,01,A01
200600036004,0,07,000,00,2,2,15,C01
200600036004,0,07,000,00,2,1,15,B01
200600036005,0,07,000,00,2,1,01,A01
200600036005,0,07,000,00,2,4,01,B01
200600036006,0,07,000,00,2,2,01,A01
200600036006,0,33,000,00,2,8,01,B01
200600036007,0,02,000,14,0,7,01,A01
200600036008,0,02,000,00,2,1,01,A01
200600036008,0,07,000,00,2,2,01,B01
200600036009,0,07,000,00,1,1,01,A01
200600036010,0,01,000,00,1,1,01,A01
200600036011,0,07,000,00,2,1,15,A01
200600036011,0,33,000,00,2,1,01,B01
200600036012,0,07,000,00,2,1,01,A01
200600036013,0,07,000,00,2,3,15,A01
200600036013,0,02,000,00,2,1,17,B01
200600036014,0,07,000,00,1,1,01,A01
200600036015,0,07,000,00,1,1,01,A01
200600036016,0,33,000,00,0,0,01,A01
200600036017,0,07,000,00,2,1,01,A01
200600036017,0,01,000,00,2,4,01,B01
200600036018,0,07,000,16,0,1,01,A01
200600036019,0,02,000,00,2,1,17,A01
200600036019,0,07,000,00,2,3,15,B01
200600036020,0,07,000,00,2,3,01,A01
200600036020,0,33,000,01,2,8,01,B01
200600036021,0,37,001,00,1,1,01,A01
200600036022,0,07,000,00,2,8,01,A01
200600036022,0,33,000,00,2,8,01,B01
200600036023,0,07,000,00,2,1,01,A01
200600036023,0,07,000,00,2,1,01,B01
200600036024,0,15,000,00,2,2,12,A01
200600036024,0,07,000,00,2,9,01,B01
200600036025,1,07,000,00,1,1,01,A01
200600036026,0,02,000,00,2,3,01,A01
200600036026,0,07,000,00,2,2,01,B01
200600036027,0,07,000,00,1,3,01,A01
200600036028,0,13,000,06,0,1,01,A01
200600036029,0,07,000,06,0,1,01,A01
200600036030,0,10,000,00,2,1,01,A01
200600036030,0,07,000,00,2,4,01,B01
200600036031,0,07,000,00,2,1,09,A01
200600036031,0,02,000,00,2,1,01,B01
200600036032,0,07,000,00,2,1,01,A01
200600036032,0,10,000,00,2,3,01,B01
200600036032,0,07,000,00,2,3,01,C01
200600036033,0,07,000,00,2,2,15,A01
200600036033,0,33,000,00,2,1,01,B01
200600036033,0,07,000,00,2,3,01,C01
200600036034,0,01,000,00,2,1,01,A01
200600036034,0,07,000,00,2,4,01,B01
200600036035,1,01,000,00,0,0,00,A01
200600036036,0,02,000,00,2,1,01,A01
200600036036,0,07,000,00,2,8,01,B01
200600036037,0,07,000,00,1,2,01,A01
200600036038,0,02,000,01,0,3,01,A01
200600036038,0,07,000,00,2,3,24,B01
200600036039,0,33,000,01,0,1,01,A01
200600036040,0,10,000,00,2,1,01,A01
200600036040,0,02,000,00,2,4,01,B01
200600036041,0,02,000,00,1,1,01,A01
200600036042,0,07,000,00,2,2,05,A01
200600036042,0,07,000,00,2,3,01,B01
200600036043,0,17,000,03,0,1,14,A01
200600036044,0,07,000,00,2,3,09,A01
200600036044,0,07,000,00,2,2,01,B01
200600036045,0,01,000,01,0,1,01,A01
200600036046,0,30,000,00,2,3,15,B01
200600036046,0,07,000,00,2,2,15,A01
200600036047,0,07,000,00,2,3,01,B01
200600036047,0,07,000,00,2,2,15,A01
200600036048,0,07,000,00,2,1,01,A01
200600036048,0,07,000,00,2,4,23,B01
200600036049,0,07,000,00,2,2,15,A01
200600036049,0,02,000,00,2,8,01,B01
200600036050,0,07,000,01,0,2,01,A01
200600036051,0,07,000,00,1,2,01,A01
200600036052,0,07,000,00,1,1,02,A01
200600036053,0,33,000,16,0,9,01,A01
200600036053,0,15,000,00,0,0,01,B01
200600036054,0,07,000,00,2,1,17,A01
200600036054,0,07,000,00,2,1,01,B01
200600036055,0,30,000,01,0,7,01,A01
200600036056,0,07,000,02,0,3,19,A01
200600036057,0,10,000,13,0,9,14,A01
200600036058,0,10,000,06,0,1,19,A01
200600036059,0,07,000,15,0,1,01,A01
200600036060,0,07,000,13,0,9,01,A01
200600036061,0,07,000,00,2,1,19,A01
200600036061,0,07,000,00,2,8,01,B01
200600036062,0,30,000,00,2,5,17,A01
200600036062,0,31,000,00,2,1,01,B01
200600036063,0,07,000,00,2,1,17,A01
200600036063,0,01,000,00,2,4,19,B01
200600036064,0,03,000,00,2,1,01,A01
200600036064,0,07,000,00,2,1,01,B01
200600036065,1,07,000,00,2,2,01,A01
200600036066,0,07,000,00,1,3,01,A01
200600036067,0,07,000,00,2,3,11,A01
200600036067,0,33,000,00,2,7,01,B01
200600036068,0,02,000,00,2,1,15,B01
200600036068,1,07,000,00,2,0,19,A01
200600036069,0,07,000,00,2,1,16,A01
200600036069,0,01,000,00,2,1,00,B01
200600036070,0,07,000,00,1,1,01,A01
200600036071,0,07,000,00,1,2,15,A01
200600036072,0,03,000,00,2,9,12,A01
200600036072,0,07,000,00,2,3,00,B01
200600036073,0,02,000,00,0,7,01,A01
200600036074,0,33,000,00,2,1,17,A01
200600036074,0,07,000,00,2,3,01,B01
200600036075,0,07,000,00,1,1,01,A01
200600036076,0,07,000,06,0,2,01,A01
200600036077,0,07,000,00,2,3,09,B01
200600036077,0,02,000,00,2,1,16,A01
200600036078,0,07,000,00,1,2,01,A01
200600036079,0,07,000,00,2,1,16,A01
200600036079,0,31,000,00,2,7,01,B01
200600036080,0,07,000,00,2,1,13,A01
200600036080,0,07,000,00,2,1,01,B01
200600036081,0,01,000,00,2,0,01,B01
200600036081,0,07,000,02,9,1,13,A01
200600036082,0,07,000,00,1,1,01,A01
200600036083,0,07,000,00,0,0,15,A01
200600036083,0,02,000,12,0,1,01,B01
200600036084,0,07,000,00,2,8,15,B01
200600036084,0,07,000,00,2,1,01,A01
200600036085,0,13,000,00,9,8,15,A01
200600036085,0,01,000,00,2,1,01,B01
200600036086,0,30,000,00,2,1,05,A01
200600036086,0,07,000,00,2,2,00,B01
200600036087,0,07,000,00,2,8,15,A01
200600036087,0,33,000,00,2,7,17,B01
200600036088,0,07,000,14,0,1,05,A01
200600036089,0,07,000,00,2,7,15,A01
200600036089,0,31,000,00,2,3,01,B01
200600036090,0,07,000,00,2,2,15,A01
200600036090,0,30,000,00,2,1,00,B01
200600036091,0,33,000,00,2,1,02,B01
200600036091,0,07,000,00,2,3,10,A01
200600036092,0,31,000,14,2,2,05,A01
200600036092,0,07,000,00,9,2,01,B01
200600036093,0,07,000,00,2,6,15,A01
200600036093,0,32,000,00,2,1,01,B01
200600036094,0,02,000,00,2,1,05,B01
200600036094,0,07,000,00,2,1,05,A01
200600036095,0,07,000,11,0,4,02,B01
200600036095,0,07,000,00,2,1,02,A01
200600036096,0,07,000,00,1,1,01,A01
200600036097,0,32,000,00,1,1,01,A01
200600036098,0,07,000,00,1,1,01,A01
200600036099,0,07,000,00,0,4,23,C01
200600036099,0,07,000,00,2,4,23,B01
200600036099,0,07,000,00,2,3,02,A01
200600036100,0,01,000,00,0,0,01,B01
200600036100,0,07,000,00,2,7,09,A01
200600036101,0,07,000,00,0,1,01,B01
200600036101,0,30,000,06,2,0,01,A01
200600036102,0,07,000,00,2,5,10,A01
200600036102,0,31,000,00,2,1,01,B01
200600036103,0,07,000,00,2,1,19,A01
200600036103,0,07,000,00,0,9,01,B01
200600036104,0,07,000,00,0,4,23,B01
200600036104,0,14,000,00,2,1,02,A01
200600036105,0,07,000,00,2,3,15,A01
200600036105,0,33,000,00,2,1,01,B01
200600036106,0,33,000,00,2,1,01,B01
200600036106,0,07,000,00,2,8,10,A01
200600036107,0,07,000,00,2,8,01,A01
200600036107,0,07,000,00,2,8,01,B01
200600036108,0,07,000,00,2,5,15,A01
200600036108,0,34,000,00,2,1,01,B01
200600036109,0,30,000,00,0,7,00,A01
200600036109,0,07,000,00,0,0,02,B01
200600036110,0,34,000,00,2,7,01,A01
200600036110,0,07,000,00,2,3,01,B01
200600036111,0,07,000,00,2,8,15,A01
200600036111,0,30,000,00,2,1,01,B01
200600036112,0,07,000,00,2,3,15,A01
200600036112,0,30,000,00,2,1,01,B01
200600036113,0,07,000,00,2,2,15,A01
200600036113,0,30,000,00,1,1,01,B01
200600036114,0,07,000,00,1,2,01,A01
200600036115,0,34,000,00,2,0,05,A01
200600036115,0,07,000,00,2,6,15,B01
200600036116,0,07,000,00,1,3,01,A01
200600036117,0,07,000,14,0,1,01,A01
200600036117,0,33,000,00,2,8,01,B01
200600036118,0,07,000,00,2,3,15,B01
200600036118,0,34,000,00,2,9,17,A01
200600036119,0,07,000,00,2,4,04,B01
200600036119,0,07,000,00,2,1,02,A01
200600036120,0,32,000,00,0,3,12,A01
200600036120,0,07,000,00,2,6,01,B01
200600036121,0,02,000,13,0,9,00,A01
200600036122,0,14,000,00,1,1,11,A01
200600036123,0,07,000,00,2,1,01,A01
200600036123,0,07,000,00,2,3,01,B01
200600036124,0,32,000,00,2,1,05,A01
200600036124,0,07,000,00,2,3,00,B01
200600036125,0,37,012,00,2,3,07,B01
200600036125,0,07,000,00,2,2,16,A01
200600036126,0,07,000,00,2,1,01,A01
200600036126,0,07,000,00,2,7,01,B01
200600036127,0,07,000,00,2,8,01,A01
200600036127,0,07,000,00,2,1,01,B01
200600036128,0,07,000,00,2,2,15,A01
200600036128,0,33,000,00,2,1,01,B01
200600036128,0,10,000,00,0,0,15,C01
200600036129,1,07,000,00,1,1,14,A01
200600036130,0,33,000,00,1,1,00,A01
200600036131,0,07,000,00,1,2,01,A01
200600036132,1,07,000,00,2,0,01,A01
200600036132,0,34,000,00,2,8,00,B01
200600036133,0,07,000,00,2,6,01,A01
200600036133,2,07,000,00,2,1,01,B01
200600036134,0,07,000,00,1,2,15,A01
200600036135,0,07,000,00,2,3,01,A01
200600036135,0,01,000,00,2,1,05,B01
200600036136,0,07,000,00,2,7,05,A01
200600036136,0,02,000,00,2,0,00,B01
200600036137,0,07,000,00,2,5,06,A01
200600036137,0,07,000,00,2,3,01,B01
200600036138,0,31,000,00,2,1,18,A01
200600036138,0,10,000,00,2,2,16,B01
200600036139,0,07,000,00,2,3,10,A01
200600036139,0,33,000,00,2,1,01,B01
200600036140,0,02,000,00,2,2,15,A01
200600036140,0,07,000,00,2,1,01,B01
200600036141,0,07,000,00,1,7,01,A01
200600036142,0,10,000,00,2,5,04,A01
200600036142,0,33,000,00,2,1,01,B01
200600036143,0,07,000,00,9,2,01,A01
200600036143,0,01,000,00,2,1,15,B01
200600036144,0,01,000,00,2,8,15,B01
200600036144,0,02,000,00,2,1,01,A01
200600036145,0,07,000,00,2,1,02,A01
200600036145,0,17,000,00,2,4,02,B01
200600036146,0,07,000,00,2,1,01,A01
200600036146,0,07,000,00,2,7,01,B01
200600036147,0,10,000,00,2,3,01,A01
200600036148,0,07,000,01,0,2,00,A01
200600036149,0,07,000,00,2,1,01,A01
200600036149,0,07,000,00,2,8,01,B01
200600036150,1,07,000,00,2,0,00,A01
200600036150,0,01,000,00,2,0,00,B01
200600036151,1,07,000,00,1,3,01,A01
200600036152,0,07,000,00,1,2,01,A01
200600036153,0,07,000,00,2,1,01,A01
200600036153,0,07,000,00,2,4,02,B01
200600036154,0,07,000,00,2,1,09,A01
200600036154,0,01,000,00,2,7,01,B01
200600036155,0,07,000,00,1,1,01,A01
200600036156,0,30,000,00,0,0,01,A01
200600036157,0,07,000,01,0,8,01,A01
200600036158,0,07,000,00,2,1,09,A01
200600036158,0,31,000,00,2,2,01,B01
200600036159,0,07,000,00,2,1,02,A01
200600036159,0,07,000,00,2,4,01,B01
200600036159,0,07,000,00,2,4,01,C01
200600036160,0,07,000,00,2,1,02,A01
200600036160,0,07,000,00,2,4,01,B01
200600036161,0,07,000,00,2,7,01,A01
200600036161,0,30,000,00,2,1,00,B01
200600036162,0,32,000,00,0,0,01,B01
200600036162,0,07,000,00,0,0,01,A01
200600036163,0,07,000,00,2,8,09,A01
200600036163,0,02,000,00,2,1,01,B01
200600036164,0,33,000,00,2,2,01,A01
200600036164,0,07,000,00,2,1,01,B01
200600036165,0,07,000,02,0,5,00,A01
200600036166,0,07,000,00,9,2,15,A01
200600036166,0,01,000,00,2,1,02,B01
200600036167,0,07,000,00,2,1,01,B01
200600036167,0,07,000,00,2,1,15,A01
200600036168,0,02,000,00,2,1,17,A01
200600036168,0,02,000,00,2,3,15,B01
200600036169,0,07,000,15,1,4,20,A01
200600036170,0,33,000,00,2,1,01,A01
200600036170,0,07,000,00,2,4,01,B01
200600036171,0,33,000,12,0,1,01,A01
200600036172,0,07,000,00,2,1,01,A01
200600036172,0,07,000,00,0,3,01,B01
200600036173,0,07,000,04,0,1,14,A01
200600036174,0,02,000,00,2,1,02,A01
200600036174,0,01,000,00,2,4,01,B01
200600036175,0,07,000,00,2,1,09,A01
200600036175,0,02,000,00,2,4,09,B01
200600036176,0,07,000,00,2,1,01,A01
200600036176,0,01,000,00,2,1,13,B01
200600036177,0,07,000,00,0,9,01,A01
200600036178,0,02,000,00,2,8,00,A01
200600036178,1,07,000,00,2,1,00,B01
200600036179,0,33,000,00,2,1,01,B01
200600036179,0,07,000,00,2,2,15,A01
200600036180,0,07,000,00,0,9,00,A01
200600036181,0,02,000,01,0,1,14,A01
200600036182,0,07,000,00,2,1,02,A01
200600036182,0,07,000,00,2,4,02,B01
200600036182,0,07,000,01,2,4,02,C01
200600036183,0,07,000,00,2,3,19,A01
200600036183,0,31,000,00,2,1,01,B01
200600036184,0,07,000,00,2,1,15,A01
200600036184,0,07,000,00,2,3,01,B01
200600036185,0,10,000,13,0,9,01,A01
200600036186,0,02,000,00,0,1,14,A01
200600036187,0,07,000,00,2,1,02,A01
200600036187,0,37,000,00,2,6,02,B01
200600036188,0,07,000,00,2,3,15,A01
200600036188,0,14,000,00,2,6,01,B01
200600036189,0,07,000,02,0,1,14,A01
200600036190,0,07,000,09,2,7,15,A01
200600036190,0,07,000,00,2,1,01,B01
200600036191,0,07,000,07,0,9,01,A01
200600036192,0,33,000,00,2,5,12,A01
200600036192,0,32,000,00,2,3,01,B01
200600036193,0,02,000,00,2,2,17,A01
200600036193,0,07,000,01,2,3,01,B01
200600036194,0,07,000,00,2,2,09,A01
200600036194,0,07,000,00,2,3,01,B01
200600036195,0,10,000,02,0,1,13,A01
200600036196,0,02,000,00,1,1,01,A01
200600036197,0,30,000,00,2,1,02,A01
200600036197,0,10,000,00,2,4,02,B01
200600036198,0,07,000,00,2,1,02,A01
200600036198,0,07,000,00,2,4,02,B01
200600036199,0,33,000,00,1,1,01,A01
200600036200,0,07,000,01,0,1,13,A01
200600036201,0,07,000,00,2,1,15,A01
200600036201,0,07,000,15,2,5,01,B01
200600036202,0,07,000,00,2,1,01,B01
200600036202,0,07,000,00,2,3,01,A01
200600036203,0,33,000,13,0,1,14,A01
200600036204,0,07,000,00,2,1,01,A01
200600036204,0,07,000,00,2,3,01,B01
200600036205,0,33,000,00,2,8,01,A01
200600036205,0,33,000,00,2,7,01,B01
200600036206,0,02,000,00,1,8,01,A01
200600036207,0,07,000,07,2,1,01,A01
200600036207,0,07,000,00,2,4,01,B01
200600036208,0,02,000,16,0,8,15,A01
200600036209,0,07,000,00,2,1,01,A01
200600036209,0,05,000,00,2,7,01,B01
200600036210,0,07,000,00,2,1,15,A01
200600036210,0,07,000,00,2,3,01,B01
200600036211,0,07,000,09,0,1,01,A01
200600036212,0,38,001,00,2,1,09,A01
200600036212,0,07,000,00,2,1,01,B01
200600036213,0,07,000,00,1,1,01,A01
200600036214,0,07,000,00,1,1,01,A01
200600036215,0,07,000,00,1,1,01,A01
200600036216,0,07,000,00,2,3,01,A01
200600036216,0,33,000,00,2,1,01,B01
200600036217,0,02,000,09,0,1,01,A01
200600036218,0,07,000,00,2,1,01,A01
200600036218,0,07,000,00,2,4,23,B01
200600036218,0,07,000,00,2,4,23,C01
200600036219,0,07,000,00,2,7,15,A01
200600036219,0,07,000,00,2,1,01,B01
200600036220,0,33,000,00,2,1,01,A01
200600036220,0,07,000,00,2,4,01,B01
200600036221,0,07,000,00,2,6,15,A01
200600036221,0,33,000,00,2,1,01,B01
200600036222,0,01,000,00,2,1,01,A01
200600036222,0,33,000,00,2,7,01,B01
200600036223,0,07,000,00,9,7,20,A01
200600036224,0,07,000,00,2,7,09,A01
200600036224,0,07,000,00,2,1,01,B01
200600036225,0,02,000,00,2,1,13,A01
200600036225,0,07,000,00,2,1,01,B01
200600036226,0,07,000,00,2,8,11,A01
200600036226,0,02,000,00,2,1,01,B01
200600036227,0,07,000,00,1,1,15,A01
200600036228,0,33,000,03,0,1,01,A01
200600036229,0,07,000,00,1,3,01,A01
200600036230,0,02,000,00,2,1,01,A01
200600036230,0,07,000,00,2,2,01,B01
200600036231,0,07,000,00,2,6,01,A01
200600036231,0,33,000,00,2,1,01,B01
200600036232,0,07,000,00,2,1,15,A01
200600036232,0,07,000,00,2,3,01,B01
200600036233,0,07,000,04,0,1,01,A01
200600036234,0,02,000,00,2,1,17,A01
200600036234,0,07,000,00,2,8,15,B01
200600036235,0,02,000,16,0,8,01,A01
200600036236,0,07,000,00,2,1,01,A01
200600036236,0,07,000,00,2,4,23,B01
200600036236,0,07,000,00,2,4,23,C01
200600036237,0,10,000,00,2,1,01,A01
200600036237,0,07,000,00,2,4,23,B01
200600036237,0,07,000,00,2,4,23,C01
200600036238,0,14,000,00,2,2,12,A01
200600036238,0,07,000,03,2,4,12,B01
200600036239,0,07,000,00,2,4,23,A01
200600036239,1,07,000,00,2,1,01,B01
200600036240,0,07,000,00,2,6,15,A01
200600036240,0,07,000,00,2,2,01,B01
200600036241,0,07,000,13,0,1,00,A01
200600036242,0,07,000,08,0,1,13,A01
200600036243,0,07,000,00,2,1,01,A01
200600036243,0,07,000,00,2,4,23,B01
200600036243,0,07,000,00,2,4,23,C01
200600036244,0,07,000,08,0,1,01,A01
200600036245,0,33,000,00,0,1,01,A01
200600036246,0,07,000,00,2,5,01,A01
200600036246,0,30,000,00,2,1,01,B01
200600036247,0,07,000,00,1,2,01,A01
200600036248,0,07,000,00,2,5,01,B01
200600036248,0,30,000,00,2,1,01,A01
200600036249,0,07,000,00,1,1,01,A01
200600036250,0,07,000,00,2,1,09,A01
200600036250,0,07,000,00,2,1,09,B01
200600036251,0,07,000,00,2,1,15,A01
200600036251,0,33,000,00,2,8,01,B01
200600036252,0,07,000,00,2,2,13,A01
200600036252,0,31,000,00,2,1,01,B01
200600036253,0,07,000,00,2,1,01,B01
200600036253,0,07,000,00,2,3,19,A01
200600036254,0,07,000,00,2,1,15,A01
200600036254,0,07,000,00,2,5,01,B01
200600036255,0,07,000,00,1,2,21,A01
200600036256,0,33,000,12,0,1,01,A01
200600036257,0,07,000,00,1,4,04,A01
200600036258,1,07,000,00,2,2,15,A01
200600036258,0,33,000,00,2,1,01,B01
200600036259,0,07,000,00,2,3,13,A01
200600036259,0,02,000,00,2,1,01,B01
200600036260,0,07,000,00,2,6,10,A01
200600036260,0,33,000,00,2,1,01,B01
200600036261,0,30,000,00,2,1,01,A01
200600036261,0,07,000,00,2,4,01,B01
200600036262,0,05,000,12,0,1,01,A01
200600036263,0,07,000,00,2,1,01,B01
200600036263,0,07,000,00,2,3,16,A01
200600036264,0,02,000,00,2,1,01,A01
200600036264,0,07,000,00,9,5,01,B01
200600036265,0,07,000,00,1,4,04,A01
200600036266,0,07,000,00,0,6,04,A01
200600036267,0,07,000,06,0,1,01,A01
200600036268,0,07,000,00,1,2,01,A01
200600036269,0,07,000,00,0,4,02,B01
200600036269,0,07,000,00,2,1,02,A01
200600036270,0,30,000,00,0,0,00,A01
200600036271,0,07,000,00,2,3,01,A01
200600036271,0,07,000,06,2,7,01,B01
200600036272,0,07,000,00,0,4,02,B01
200600036272,0,07,000,00,2,1,01,A01
200600036273,0,30,000,12,2,4,02,A01
200600036273,1,10,000,00,0,0,02,B01
200600036274,0,07,000,00,0,6,01,A01
200600036275,0,02,000,00,0,3,01,A01
200600036275,0,07,000,14,0,1,01,B01
200600036276,0,07,000,00,2,5,02,A01
200600036276,0,31,000,00,0,6,15,B01
200600036277,0,07,000,00,2,1,13,A01
200600036277,0,07,000,00,2,3,01,B01
200600036277,0,01,000,00,2,7,01,C01
200600036278,0,33,000,00,2,2,01,A01
200600036278,0,07,000,00,2,3,15,B01
200600036279,0,37,012,00,1,1,02,A01
200600036280,0,07,000,00,2,1,00,A01
200600036280,0,33,000,00,2,0,01,B01
200600036281,1,07,000,00,2,2,17,A01
200600036281,0,07,000,00,2,2,01,B01
200600036282,0,07,000,00,2,3,02,A01
200600036282,0,33,000,00,2,7,02,B01
200600036283,0,30,000,00,2,8,01,A01
200600036283,1,99,000,00,9,0,00,B01
200600036284,0,05,000,00,2,1,17,A01
200600036284,0,07,000,00,2,6,15,B01
200600036285,0,32,000,00,2,2,01,A01
200600036285,1,07,000,00,2,3,01,B01
200600036286,0,07,000,01,0,1,01,A01
200600036287,0,07,000,00,1,3,00,A01
200600036288,0,07,000,00,9,3,15,A01
200600036289,0,32,000,00,2,1,01,A01
200600036289,0,07,000,00,2,3,16,B01
200600036290,0,07,000,00,1,7,17,A01
200600036291,2,07,000,09,0,1,13,A01
200600036292,0,07,000,08,0,2,14,A01
200600036293,0,02,000,15,0,1,01,A01
200600036294,0,07,000,00,2,4,01,B01
200600036294,0,07,000,00,2,1,01,A01
200600036295,0,07,000,00,0,4,01,B01
200600036295,0,07,000,00,2,1,02,A01
200600036296,0,07,000,00,0,4,01,C01
200600036296,0,07,000,00,2,4,02,B01
200600036296,0,07,000,00,2,1,02,A01
200600036297,0,07,000,00,2,6,02,A01
200600036297,0,07,000,00,2,2,12,B01
200600036298,0,07,000,00,2,1,01,B01
200600036298,0,37,000,00,2,2,01,A01
200600036299,0,07,000,00,1,3,01,A01
200600036300,0,01,000,00,2,1,01,B01
200600036300,0,07,000,00,2,2,01,A01
200600036301,0,07,000,00,2,4,01,B01
200600036301,0,07,000,00,2,4,01,A01
200600036302,0,07,000,00,1,7,01,A01
200600036303,0,07,000,00,2,1,01,A01
200600036303,0,33,000,00,2,8,19,B01
200600036304,1,07,000,00,2,6,10,A01
200600036304,0,33,000,00,2,1,01,B01
200600036305,0,07,000,00,1,2,01,A01
200600036306,0,07,000,00,2,2,16,A01
200600036306,0,01,000,00,2,7,19,B01
200600036307,0,07,000,00,0,0,10,B01
200600036307,0,02,000,00,2,0,09,A01
200600036308,0,02,000,00,2,1,01,A01
200600036308,0,07,000,00,2,3,01,B01
200600036309,0,07,000,00,2,1,02,A01
200600036309,0,07,000,00,2,4,01,B01
200600036309,0,07,000,00,2,4,01,C01
200600036309,0,07,000,00,2,4,01,D01
200600036310,0,07,000,00,2,2,01,A01
200600036310,0,07,000,00,2,3,01,B01
200600036311,0,14,000,00,2,1,02,A01
200600036311,0,07,000,00,2,4,02,B01
200600036311,0,07,000,00,2,4,02,C01
200600036311,0,13,000,00,2,4,02,D01
200600036312,0,07,000,00,1,1,01,A01
200600036313,0,30,000,00,2,1,01,A01
200600036313,0,10,000,00,2,7,01,B01
200600036314,0,13,000,00,9,2,15,A01
200600036314,0,02,000,00,2,1,01,B01
200600036315,0,01,000,00,2,1,00,A01
200600036315,0,01,000,00,2,1,00,B01
200600036316,0,01,000,00,0,2,17,B01
200600036316,0,07,000,00,2,1,15,A01
200600036317,0,07,000,00,0,3,15,B01
200600036317,1,07,000,00,2,5,16,A01
200600036318,0,07,000,00,2,1,01,A01
200600036318,0,07,000,00,2,4,23,B01
200600036318,0,07,000,00,0,4,23,C01
200600036319,0,07,000,00,2,1,01,A01
200600036319,0,07,000,00,0,3,01,B01
200600036320,0,01,000,00,2,1,01,A01
200600036320,0,07,000,00,0,3,23,B01
200600036321,0,07,000,00,2,1,09,A01
200600036321,0,07,000,00,0,3,09,B01
200600036322,0,07,000,00,2,1,01,A01
200600036322,0,07,000,00,2,4,23,B01
200600036322,0,07,000,00,2,4,23,C01
200600036322,0,07,000,00,0,4,23,D01
200600036323,0,14,000,00,2,1,01,A01
200600036323,0,07,000,00,0,4,01,B01
200600036324,0,07,000,00,2,2,12,A01
200600036324,0,07,000,00,0,3,01,B01
200600036325,0,10,000,00,2,1,01,A01
200600036325,0,07,000,00,2,3,23,B01
200600036326,0,30,000,00,2,4,01,A01
200600036326,0,07,000,00,2,1,02,B01
200600036327,0,07,000,00,1,1,01,A01
200600036328,0,07,000,00,1,2,01,A01
200600036329,0,07,000,00,1,1,01,A01
200600036330,0,07,000,00,2,3,20,A01
200600036330,0,01,000,00,2,1,01,B01
200600036331,0,07,000,00,2,1,01,B01
200600036331,0,07,000,00,2,3,15,A01
200600036332,0,30,000,00,2,0,01,A01
200600036332,0,07,000,00,2,1,01,B01
200600036333,0,07,000,00,2,1,01,A01
200600036333,0,07,000,00,2,1,15,B01
200600036334,0,07,000,01,0,0,01,A01
200600036335,0,07,000,00,2,3,09,A01
200600036335,0,33,000,00,2,1,01,B01
200600036336,0,30,000,00,2,1,01,B01
200600036336,0,07,000,00,2,3,15,A01
200600036337,0,07,000,00,2,1,02,A01
200600036337,0,07,000,00,2,6,23,B01
200600036338,0,07,000,00,2,3,01,B01
200600036338,0,07,000,00,2,7,15,A01
200600036339,0,07,000,00,2,1,01,B01
200600036339,0,05,000,00,2,1,01,A01
200600036340,0,07,000,00,1,1,01,A01
200600036341,1,07,000,00,1,2,01,A01
200600036342,0,02,000,12,0,1,01,A01
200600036343,0,07,000,00,2,3,01,A01
200600036343,0,02,000,00,2,1,01,B01
200600036344,0,07,000,00,2,1,01,B01
200600036344,0,07,000,00,2,2,01,A01
200600036345,0,05,000,00,2,1,01,A01
200600036345,0,07,000,00,0,3,15,B01
200600036346,0,07,000,00,1,2,01,A01
200600036347,0,07,000,00,2,9,01,A01
200600036347,0,07,000,00,0,3,01,B01
200600036348,0,07,000,00,0,6,16,A01
200600036348,0,33,000,00,2,1,16,B01
200600036349,0,07,000,00,2,6,15,A01
200600036349,0,33,000,00,2,0,01,B01
200600036350,0,07,000,00,1,3,21,A01
200600036351,0,07,000,00,2,1,02,A01
200600036351,0,07,000,00,2,1,02,B01
200600036351,0,07,000,00,0,4,02,C01
200600036352,0,07,000,00,2,1,00,A01
200600036352,0,32,000,00,2,8,00,B01
200600036353,0,07,000,00,2,8,20,A01
200600036353,0,05,000,00,2,7,17,B01
200600036354,0,07,000,00,1,2,21,A01
200600036355,0,07,000,01,0,1,14,A01
200600036356,0,15,000,00,9,5,16,A01
200600036356,0,01,000,00,2,1,16,B01
200600036357,0,07,000,00,2,1,02,A01
200600036357,0,33,000,00,2,4,02,B01
200600036358,0,07,000,00,2,3,01,B01
200600036358,0,07,000,00,2,1,00,A01
200600036359,0,37,001,00,1,8,00,A01