Num_Acc,senc,catv,occutc,obs,obsm,choc,manv,num_veh
200600037098,0,02,000,00,0,0,00,A01
200600037099,0,07,000,00,0,0,00,A01
200600037099,0,14,000,00,0,0,00,B01
200600037100,0,07,000,03,0,3,02,A01
200600037101,0,07,000,00,2,2,12,A01
200600037101,0,05,000,00,2,3,02,B01
200600037101,0,10,000,00,2,3,02,C01
200600037102,0,99,000,00,0,0,00,A01
200600037103,0,07,000,04,0,1,21,A01
200600037104,0,07,000,00,2,4,02,A01
200600037104,0,07,000,00,2,4,02,B01
200600037104,0,07,000,00,2,1,02,C01
200600037105,0,07,000,00,2,6,00,A01
200600037105,0,07,000,00,2,1,12,B01
200600037105,0,07,000,00,2,7,00,C01
200600037106,0,07,000,00,0,4,01,A01
200600037106,0,05,000,00,0,0,01,B01
200600037107,0,07,000,00,0,0,00,A01
200600037107,0,05,000,00,0,0,00,B01
200600037108,0,07,000,15,0,1,12,A01
200600037109,0,07,000,04,0,2,00,A01
200600037109,1,07,000,00,0,0,00,B01
200600037110,0,07,000,00,0,0,00,A01
200600037111,0,07,000,00,0,0,00,A01
200600037111,0,07,000,00,0,0,00,B01
200600037111,0,13,000,00,0,0,00,C01
200600037112,0,07,000,13,0,1,01,A01
200600037113,0,05,000,00,0,0,00,A01
200600037114,0,07,000,03,0,8,21,A01
200600037115,0,07,000,00,2,6,11,A01
200600037115,0,05,000,00,2,2,01,B01
200600037116,0,07,000,00,0,0,00,A01
200600037116,0,07,000,00,0,0,00,B01
200600037117,0,05,000,00,0,0,00,A01
200600037118,0,07,000,00,2,4,02,A01
200600037118,0,07,000,00,2,4,02,B01
200600037118,0,07,000,00,2,1,01,C01
200600037119,0,07,000,00,0,0,00,A01
200600037120,0,07,000,00,0,0,00,A01
200600037121,0,07,000,00,2,3,13,A01
200600037121,0,07,000,00,2,2,01,B01
200600037122,0,07,000,00,0,0,00,A01
200600037122,0,07,000,00,0,0,00,B01
200600037122,0,07,000,00,0,0,00,C01
200600037123,0,08,000,00,0,0,00,A01
200600037124,0,07,000,00,0,0,00,A01
200600037124,0,14,000,00,0,0,00,B01
200600037125,0,05,000,00,0,0,00,A01
200600037126,0,13,000,00,0,0,00,A01
200600037126,0,13,000,00,0,0,00,B01
200600037127,0,07,000,00,0,0,00,A01
200600037127,0,07,000,00,0,0,00,B01
200600037127,0,07,000,00,0,0,00,C01
200600037127,0,07,000,00,0,0,00,D01
200600037128,0,07,000,00,2,3,02,A01
200600037128,0,07,000,00,0,6,02,B01
200600037128,0,07,000,00,2,4,02,C01
200600037128,0,07,000,00,2,1,02,D01
200600037128,0,18,004,00,2,5,02,E01
200600037129,0,07,000,04,0,1,01,A01
200600037130,0,15,000,00,0,4,23,A01
200600037130,0,14,000,14,0,4,23,B01
200600037130,0,15,000,14,0,1,02,C01
200600037131,0,05,000,00,0,3,01,A01
200600037132,0,07,000,01,0,1,12,A01
200600037132,0,07,000,00,0,4,02,B01
200600037133,0,07,000,00,2,2,01,A01
200600037133,0,10,000,00,2,6,01,B01
200600037134,0,07,000,00,0,2,01,A01
200600037134,0,07,000,00,0,8,01,B01
200600037135,0,05,000,00,0,2,02,A01
200600037136,0,05,000,00,2,7,03,A01
200600037136,0,07,000,00,2,8,11,B01
200600037137,0,10,000,01,0,1,02,A01
200600037137,0,07,000,01,0,4,02,B01
200600037137,0,07,000,00,0,4,02,C01
200600037138,0,07,000,03,0,1,01,A01
200600037138,0,07,000,03,2,7,01,B01
200600037139,0,05,000,00,2,1,00,A01
200600037139,0,07,000,00,2,2,00,B01
200600037140,0,05,000,00,2,3,03,A01
200600037140,0,07,000,00,2,3,01,B01
200600037140,0,14,000,00,0,5,01,C01
200600037141,0,05,000,00,2,2,02,A01
200600037141,1,15,000,00,0,6,02,B01
200600037142,0,05,000,00,2,7,01,A01
200600037142,0,07,000,00,2,8,11,B01
200600037143,0,07,000,00,0,0,01,A01
200600037143,0,05,000,00,2,6,03,B01
200600037143,0,07,000,00,2,5,01,C01
200600037144,0,07,000,00,2,6,23,A01
200600037144,0,05,000,00,2,1,03,B01
200600037145,0,07,000,00,4,3,00,A01
200600037145,0,07,000,00,2,2,00,B01
200600037146,0,07,000,06,0,1,00,A01
200600037147,0,07,000,04,0,1,00,A01
200600037148,0,05,000,04,0,1,01,A01
200600037149,0,07,000,00,2,3,11,A01
200600037149,0,10,000,00,2,5,01,B01
200600037150,0,05,000,04,0,8,17,A01
200600037151,0,05,000,04,0,0,00,A01
200600037152,0,10,000,00,0,7,00,A01
200600037153,0,07,000,05,0,9,01,A01
200600037154,0,07,000,00,0,4,01,A01
200600037154,0,07,000,00,2,3,01,B01
200600037154,1,07,000,00,0,0,00,C01
200600037155,0,07,000,00,2,2,01,A01
200600037155,0,07,000,00,2,4,01,B01
200600037155,0,05,000,00,2,3,18,C01
200600037156,0,07,000,00,0,2,12,A01
200600037156,0,31,000,00,2,3,03,B01
200600037157,0,07,000,00,2,6,11,A01
200600037157,0,15,000,00,2,2,01,B01
200600037157,0,05,000,00,2,1,21,C01
200600037158,0,07,000,07,0,1,14,A01
200600037159,0,07,000,00,0,0,00,A01
200600037159,0,05,000,00,0,0,00,B01
200600037160,0,05,000,03,2,1,14,A01
200600037160,0,07,000,03,0,4,01,B01
200600037161,0,10,000,00,0,0,00,A01
200600037161,0,05,000,00,0,0,00,B01
200600037162,0,31,000,00,2,8,03,A01
200600037162,0,07,000,00,2,7,12,B01
200600037163,0,05,000,00,0,1,12,A01
200600037163,0,07,000,00,0,4,01,B01
200600037164,0,07,000,00,2,1,02,A01
200600037164,0,07,000,00,2,4,02,B01
200600037164,0,07,000,00,2,4,02,C01
200600037164,0,07,000,00,2,4,02,D01
200600037165,0,05,000,04,0,3,11,A01
200600037166,0,17,000,00,0,8,22,A01
200600037166,0,05,000,00,2,7,17,B01
200600037167,0,07,000,00,2,1,02,A01
200600037167,0,07,000,00,2,4,00,B01
200600037168,0,05,000,03,0,7,01,A01
200600037169,0,07,000,00,0,2,21,A01
200600037170,0,07,000,00,2,1,00,A01
200600037170,0,07,000,00,2,1,00,B01
200600037171,0,10,000,00,0,0,00,A01
200600037171,0,10,000,00,2,1,02,B01
200600037172,0,07,000,00,0,4,11,A01
200600037172,0,05,000,00,0,0,00,B01
200600037173,0,07,000,00,2,1,02,A01
200600037173,0,07,000,00,0,4,02,B01
200600037174,0,07,000,04,0,3,13,A01
200600037175,0,10,000,00,2,4,02,A01
200600037175,0,07,000,00,2,4,02,B01
200600037175,0,05,000,00,2,1,02,C01
200600037176,0,07,000,00,2,5,12,A01
200600037176,0,05,000,00,2,1,02,B01
200600037177,0,05,000,00,2,8,02,A01
200600037178,0,07,000,00,0,4,02,A01
200600037178,0,07,000,00,2,1,02,B01
200600037178,0,07,000,00,2,1,02,C01
200600037179,0,07,000,03,0,1,02,A01
200600037179,0,07,000,00,2,4,02,B01
200600037179,0,07,000,00,2,1,02,C01
200600037180,0,02,000,00,2,2,01,A01
200600037180,0,07,000,00,2,8,11,B01
200600037181,0,05,000,00,0,0,03,A01
200600037182,0,07,000,00,0,0,00,A01
200600037183,0,07,000,00,0,0,00,A01
200600037183,0,07,000,00,0,0,00,B01
200600037184,0,07,000,04,0,2,01,A01
200600037184,0,07,000,00,0,6,02,B01
200600037184,0,07,000,00,2,1,02,C01
200600037185,0,07,000,00,0,0,00,A01
200600037186,0,07,000,00,0,0,00,A01
200600037187,0,07,000,00,0,2,12,A01
200600037187,0,05,000,00,0,8,02,B01
200600037188,0,15,000,00,0,0,00,A01
200600037188,0,10,000,00,2,0,01,B01
200600037188,0,07,000,00,2,0,01,C01
200600037188,0,10,000,00,2,0,01,D01
200600037189,0,07,000,00,0,0,00,A01
200600037189,0,10,000,00,0,0,00,B01
200600037189,0,07,000,00,0,0,00,C01
200600037189,0,14,000,00,0,0,00,D01
200600037189,0,14,000,00,0,0,00,E01
200600037190,0,07,000,00,2,1,02,A01
200600037190,0,10,000,00,2,4,02,B01
200600037191,0,05,000,00,0,0,00,A01
200600037192,0,07,000,00,0,7,00,A01
200600037192,0,10,000,00,2,1,12,B01
200600037193,0,07,000,00,0,1,01,A01
200600037194,0,07,000,03,0,8,01,A01
200600037195,0,07,000,00,2,1,00,A01
200600037195,0,07,000,00,2,4,00,B01
200600037195,0,07,000,00,0,4,00,C01
200600037196,0,07,000,03,0,1,00,A01
200600037197,0,07,000,00,2,4,23,A01
200600037197,0,07,000,00,2,1,02,B01
200600037197,0,07,000,00,2,1,02,C01
200600037197,0,07,000,00,2,1,02,D01
200600037198,0,07,000,00,0,0,00,A01
200600037198,0,07,000,00,0,0,00,B01
200600037199,0,07,000,00,0,5,02,A01
200600037199,0,07,000,00,2,3,02,B01
200600037200,0,07,000,04,0,0,01,A01
200600037201,0,07,000,00,0,2,02,A01
200600037202,0,07,000,04,0,1,00,A01
200600037203,0,07,000,04,0,1,00,A01
200600037204,0,07,000,04,0,3,01,A01
200600037205,0,07,000,04,0,1,01,A01
200600037206,0,07,000,03,0,9,01,A01
200600037207,0,07,000,03,0,1,21,A01
200600037208,0,07,000,03,0,3,00,A01
200600037209,0,05,000,00,2,1,02,A01
200600037209,0,07,000,00,2,4,02,B01
200600037209,0,05,000,00,0,0,00,C01
200600037210,0,10,000,00,2,3,02,A01
200600037210,0,07,000,00,2,2,11,B01
200600037211,0,07,000,00,0,0,00,A01
200600037211,0,07,000,00,0,0,00,B01
200600037212,0,07,000,04,0,1,16,A01
200600037213,0,07,000,00,0,1,00,A01
200600037214,0,07,000,00,0,9,01,A01
200600037215,0,07,000,00,2,6,01,A01
200600037215,0,13,000,00,2,2,01,B01
200600037216,0,07,000,00,2,1,01,A01
200600037216,0,07,000,00,0,4,00,B01
200600037217,0,07,000,00,0,6,02,A01
200600037217,0,05,000,00,2,2,02,B01
200600037218,0,07,000,00,2,6,11,A01
200600037218,0,05,000,00,2,1,03,B01
200600037219,0,10,000,00,2,8,11,A01
200600037219,0,05,000,00,2,2,01,B01
200600037220,0,10,000,00,2,7,02,A01
200600037220,1,07,000,00,9,2,12,B01
200600037220,0,07,000,00,2,7,02,C01
200600037220,0,07,000,00,0,0,00,D01
200600037221,0,07,000,00,0,7,00,A01
200600037221,0,05,000,00,2,1,00,B01
200600037222,0,07,000,00,0,1,01,A01
200600037223,0,07,000,04,0,1,16,A01
200600037224,0,07,000,00,2,6,11,A01
200600037224,0,05,000,00,2,2,03,B01
200600037225,0,07,000,00,2,3,11,A01
200600037225,0,33,000,00,2,1,02,B01
200600037226,0,05,000,00,2,7,01,A01
200600037226,0,10,000,00,2,8,01,B01
200600037226,0,10,000,00,0,4,01,C01
200600037227,0,05,000,00,2,1,03,A01
200600037227,0,07,000,00,0,4,01,B01
200600037227,0,07,000,00,0,6,11,C01
200600037228,0,07,000,00,0,1,13,A01
200600037229,0,07,000,00,0,6,11,A01
200600037229,0,05,000,00,2,1,03,B01
200600037230,0,07,000,03,0,2,00,A01
200600037231,0,07,000,00,2,2,01,A01
200600037231,0,07,000,00,2,6,09,B01
200600037231,1,07,000,00,2,6,11,C01
200600037232,0,07,000,04,0,3,01,A01
200600037232,0,14,000,00,0,0,24,B01
200600037232,1,17,000,00,1,2,01,C01
200600037233,0,15,000,00,2,1,02,A01
200600037233,0,07,000,00,0,4,02,B01
200600037234,0,07,000,00,0,8,11,A01
200600037234,0,31,000,00,2,7,01,B01
200600037235,0,13,000,00,2,1,02,A01
200600037235,0,07,000,00,0,8,02,F01
200600037235,0,10,000,00,2,8,02,K01
200600037235,0,10,000,00,2,4,02,B01
200600037235,0,07,000,00,0,4,02,G01
200600037235,0,07,000,00,2,4,02,C01
200600037235,0,07,000,00,0,3,02,H01
200600037235,0,07,000,00,2,4,02,D01
200600037235,0,07,000,00,2,4,02,I01
200600037235,0,07,000,00,2,4,02,E01
200600037235,0,07,000,00,0,6,02,J01
200600037236,0,07,000,00,2,1,02,A01
200600037236,0,07,000,00,2,0,02,B01
200600037236,0,07,000,00,2,4,02,C01
200600037237,0,31,000,00,0,0,00,A01
200600037238,0,10,000,00,0,4,02,A01
200600037238,0,07,000,00,2,1,02,B01
200600037239,0,07,000,00,0,4,02,A01
200600037239,0,10,000,00,2,4,02,B01
200600037239,0,07,000,00,2,4,02,C01
200600037239,0,07,000,00,2,4,02,D01
200600037239,0,10,000,00,2,1,02,E01
200600037240,0,33,000,00,0,0,01,A01
200600037241,0,33,000,00,2,1,01,A01
200600037241,0,07,000,00,2,2,12,B01
200600037242,0,07,000,00,0,9,00,A01
200600037243,0,07,000,00,0,3,01,A01
200600037244,0,99,000,03,0,6,01,A01
200600037244,0,07,000,00,2,2,12,B01
200600037245,0,33,000,00,2,3,01,A01
200600037245,0,07,000,00,2,5,12,B01
200600037246,0,07,000,04,0,2,00,A01
200600037247,0,33,000,00,2,8,00,A01
200600037247,0,07,000,00,0,6,01,B01
200600037248,0,14,000,00,0,4,01,A01
200600037248,0,07,000,00,2,1,01,B01
200600037248,0,14,000,00,2,3,01,C01
200600037249,0,07,000,00,2,6,11,A01
200600037249,0,31,000,00,2,2,02,B01
200600037250,0,07,000,00,2,4,02,A01
200600037250,0,07,000,00,2,9,02,B01
200600037250,0,07,000,00,2,1,02,C01
200600037251,0,07,000,00,2,4,02,A01
200600037251,0,07,000,00,2,1,00,B01
200600037252,0,10,000,13,0,9,01,A01
200600037253,0,07,000,04,0,9,00,A01
200600037254,0,01,000,00,0,0,02,A01
200600037254,0,07,000,00,0,0,02,B01
200600037255,0,10,000,03,0,2,21,A01
200600037256,0,07,000,00,2,2,21,A01
200600037256,0,07,000,03,2,8,00,B01
200600037257,0,07,000,13,0,9,01,A01
200600037258,0,33,000,00,2,1,03,A01
200600037259,0,33,000,00,0,7,21,A01
200600037260,0,15,000,00,0,0,01,A01
200600037261,0,33,000,00,2,7,03,A01
200600037262,0,07,000,00,0,6,01,A01
200600037262,0,07,000,00,0,2,12,B01
200600037262,0,33,000,00,2,1,18,C01
200600037263,0,07,000,00,0,2,14,A01
200600037264,0,07,000,00,2,1,02,A01
200600037264,0,07,000,00,0,4,02,B01
200600037265,0,07,000,00,2,1,02,A01
200600037265,0,07,000,00,2,4,02,B01
200600037266,0,32,000,00,2,8,03,A01
200600037266,0,07,000,00,2,7,12,B01
200600037267,0,07,000,04,0,3,01,A01
200600037268,0,07,000,00,0,9,02,A01
200600037269,0,07,000,04,0,1,00,A01
200600037270,0,07,000,04,0,3,01,A01
200600037271,0,07,000,13,0,1,02,A01
200600037272,0,33,000,00,2,2,00,A01
200600037272,0,07,000,00,2,6,11,B01
200600037273,0,10,000,00,0,4,17,A01
200600037273,0,33,000,00,2,1,01,B01
200600037274,0,99,000,03,0,4,02,A01
200600037274,0,07,000,00,2,1,02,B01
200600037275,0,33,000,00,0,1,01,A01
200600037276,0,10,000,00,2,4,02,A01
200600037276,0,07,000,00,2,4,02,B01
200600037276,0,07,000,00,2,1,02,C01
200600037277,0,13,000,00,0,6,01,A01
200600037277,0,33,000,00,2,1,01,B01
200600037278,0,07,000,00,2,3,11,A01
200600037278,0,32,000,00,2,2,03,B01
200600037279,0,14,000,00,2,4,01,A01
200600037279,0,10,000,00,2,9,02,B01
200600037279,0,14,000,00,2,1,02,C01
200600037280,0,33,000,00,0,8,03,A01
200600037281,0,34,000,00,0,6,02,A01
200600037282,0,07,000,00,9,2,09,A01
200600037282,0,04,000,00,2,0,01,B01
200600037283,0,07,000,00,9,1,01,A01
200600037283,0,05,000,00,2,7,01,B01
200600037284,0,07,000,00,0,0,17,A01
200600037285,0,05,000,00,2,0,01,B01
200600037285,0,07,000,00,9,3,09,A01
200600037286,0,07,000,15,0,0,01,A01
200600037287,0,05,000,00,9,0,01,A01
200600037287,0,18,001,00,9,3,01,B01
200600037288,0,07,000,00,1,0,01,A01
200600037289,0,07,000,00,1,0,04,A01
200600037290,0,08,000,00,1,0,01,A01
200600037291,0,07,000,00,2,2,01,A01
200600037291,0,07,000,00,2,1,01,B01
200600037292,0,07,000,08,0,9,01,A01
200600037293,0,14,000,06,0,0,01,A01
200600037294,0,07,000,00,2,1,01,A01
200600037295,0,07,000,13,0,0,01,A01
200600037296,0,07,000,00,2,1,01,A01
200600037296,0,07,000,00,2,7,01,B01
200600037297,0,07,000,00,2,1,01,A01
200600037297,0,07,000,00,0,0,01,B01
200600037297,0,07,000,00,0,0,01,C01
200600037298,0,07,000,00,9,3,13,A01
200600037298,0,05,000,00,2,1,01,B01
200600037299,0,07,000,00,2,0,01,A01
200600037299,0,07,000,00,2,8,01,B01
200600037300,0,07,000,00,2,7,01,A01
200600037300,0,07,000,00,2,8,01,B01
200600037301,0,07,000,00,2,7,01,A01
200600037301,0,05,000,00,2,8,01,B01
200600037302,0,07,000,00,0,7,16,A01
200600037302,0,02,000,00,2,1,01,B01
200600037303,0,02,000,00,0,8,15,A01
200600037303,0,05,000,00,2,1,01,B01
200600037304,0,07,000,00,0,2,01,A01
200600037304,0,07,000,00,2,1,01,B01
200600037305,0,02,000,00,0,5,19,B01
200600037305,0,07,000,00,2,3,15,A01
200600037306,0,02,000,00,1,1,18,A01
200600037307,0,07,000,00,1,6,04,A01
200600037308,0,18,000,00,0,0,16,A01
200600037309,0,07,000,00,5,0,01,A01
200600037310,0,07,000,00,1,0,04,A01
200600037311,0,07,000,00,2,3,11,A01
200600037311,0,07,000,00,2,7,01,B01
200600037312,0,07,000,00,1,5,02,A01
200600037313,0,07,000,00,2,0,00,A01
200600037313,0,07,000,00,0,0,00,B01
200600037313,0,07,000,00,0,0,00,C01
200600037314,0,05,000,00,2,2,12,A01
200600037314,0,07,000,00,2,4,11,B01
200600037315,0,07,000,00,2,1,00,A01
200600037315,0,15,000,00,2,4,00,B01
200600037316,0,07,000,00,0,0,00,A01
200600037317,0,07,000,03,0,0,00,A01
200600037318,0,15,000,00,2,0,00,A01
200600037318,0,07,000,00,0,0,00,B01
200600037318,0,07,000,00,0,0,00,C01
200600037318,0,07,000,00,0,0,00,D01
200600037318,0,07,000,00,0,0,00,E01
200600037319,0,17,000,03,0,0,00,A01
200600037320,0,07,000,00,0,0,00,A01
200600037320,0,07,000,00,0,0,00,B01
200600037320,0,07,000,00,0,0,00,C01
200600037320,0,07,000,00,0,0,00,D01
200600037320,0,07,000,00,0,0,00,E01
200600037321,0,07,000,00,2,1,00,A01
200600037321,0,17,000,00,2,4,00,B01
200600037322,0,07,000,00,2,0,01,A01
200600037322,0,17,000,00,2,0,00,B01
200600037323,0,07,000,00,0,0,00,A01
200600037324,0,07,000,00,6,0,00,A01
200600037325,0,07,000,00,0,0,00,A01
200600037325,0,99,000,00,0,0,00,B01
200600037326,0,07,000,00,2,1,00,A01
200600037326,0,99,000,00,2,4,00,B01
200600037327,0,07,000,00,0,0,00,A01
200600037327,0,07,000,00,0,0,00,F01
200600037327,0,07,000,00,0,0,00,B01
200600037327,0,07,000,00,0,0,00,C01
200600037327,0,07,000,00,0,0,00,D01
200600037327,0,07,000,00,0,0,00,E01
200600037328,0,07,000,00,0,0,00,A01
200600037328,0,07,000,00,0,0,00,B01
200600037328,0,17,000,00,0,0,00,C01
200600037328,0,07,000,00,0,0,00,D01
200600037329,0,07,000,00,0,0,00,A01
200600037330,0,07,000,00,2,1,09,A01
200600037330,0,07,000,00,2,4,00,B01
200600037331,0,07,000,04,0,0,00,A01
200600037332,0,05,000,00,0,0,00,A01
200600037333,0,07,000,00,2,2,00,A01
200600037333,0,17,000,00,2,3,00,B01
200600037334,0,07,000,03,0,0,00,A01
200600037334,0,07,000,03,0,0,00,B01
200600037335,0,07,000,03,0,0,00,A01
200600037336,0,07,000,00,2,1,00,A01
200600037336,0,07,000,00,2,4,00,B01
200600037337,0,07,000,00,0,0,00,A01
200600037338,0,17,000,00,0,0,00,A01
200600037338,0,07,000,00,0,0,00,B01
200600037338,0,07,000,00,0,0,00,C01
200600037338,0,07,000,00,0,0,00,D01
200600037338,0,07,000,00,0,0,00,E01
200600037339,0,07,000,00,0,0,00,A01
200600037340,0,17,000,00,2,7,12,A01
200600037340,0,07,000,00,2,8,00,B01
200600037341,0,99,000,00,0,0,00,A01
200600037341,0,07,000,00,0,0,00,B01
200600037341,0,07,000,00,0,0,00,C01
200600037341,0,07,000,00,0,0,00,D01
200600037342,0,07,000,00,0,0,00,A01
200600037342,0,07,000,00,0,0,00,B01
200600037342,0,07,000,00,0,0,00,C01
200600037342,0,07,000,00,0,0,00,D01
200600037343,0,07,000,05,2,0,00,A01
200600037343,0,07,000,00,2,0,00,B01
200600037344,0,17,000,00,2,2,00,A01
200600037344,0,07,000,00,2,3,00,B01
200600037345,0,07,000,00,2,3,00,A01
200600037345,0,07,000,00,2,5,00,B01
200600037346,0,07,000,03,0,0,00,A01
200600037347,0,07,000,00,0,0,00,A01
200600037348,0,05,000,03,0,1,01,A01
200600037349,0,07,000,00,0,0,00,A01
200600037350,0,07,000,00,2,2,00,A01
200600037350,0,07,000,00,2,4,00,B01
200600037351,0,15,000,00,2,7,12,A01
200600037351,0,07,000,00,2,8,02,B01
200600037352,0,07,000,00,0,0,00,A01
200600037353,0,07,000,02,0,0,00,A01
200600037354,0,07,000,00,0,4,01,A01
200600037354,0,07,000,00,2,1,01,B01
200600037354,0,07,000,00,2,1,01,C01
200600037354,0,07,000,00,2,1,01,D01
200600037355,0,07,000,00,0,0,00,A01
200600037356,0,17,000,00,2,0,00,A01
200600037356,0,07,000,00,2,0,00,B01
200600037357,0,07,000,00,2,0,00,A01
200600037357,0,05,000,00,2,0,00,B01
200600037358,0,07,000,00,0,0,00,A01
200600037359,0,07,000,03,0,1,01,A01
200600037360,0,07,000,00,0,0,00,A01
200600037361,0,07,000,00,0,0,00,A01
200600037362,0,07,000,00,0,0,00,A01
200600037363,0,15,000,00,2,1,01,A01
200600037363,0,07,000,00,2,4,01,B01
200600037364,0,07,000,01,2,1,00,A01
200600037364,0,99,000,00,2,4,00,B01
200600037365,0,14,000,00,0,0,00,A01
200600037365,0,17,000,00,0,0,00,B01
200600037366,0,07,000,00,0,0,00,A01
200600037367,0,07,000,00,0,0,00,A01
200600037367,0,07,000,00,0,0,00,B01
200600037367,0,07,000,00,0,0,00,C01
200600037367,0,10,000,00,0,0,00,D01
200600037367,0,17,000,00,0,0,00,E01
200600037368,0,07,000,00,0,0,00,A01
200600037368,0,15,000,00,0,0,00,B01
200600037369,0,07,000,02,9,1,01,A01
200600037370,0,07,000,04,9,1,00,A01
200600037371,0,07,000,14,0,1,01,A01
200600037372,0,15,000,00,2,8,00,A01
200600037372,0,07,000,00,2,7,01,B01
200600037373,0,01,000,00,2,8,13,A01
200600037373,0,05,000,00,2,2,01,B01
200600037374,0,07,000,00,1,2,01,A01
200600037375,0,02,000,00,2,4,01,A01
200600037375,1,99,000,00,2,1,01,B01
200600037376,0,05,000,01,2,1,13,A01
200600037376,0,05,000,00,2,3,13,B01
200600037376,0,14,000,00,2,4,24,C01
200600037377,0,07,000,00,2,1,01,A01
200600037377,0,07,000,00,2,1,01,B01
200600037378,0,07,000,00,2,1,01,A01
200600037378,0,07,000,00,2,4,01,B01
200600037378,0,07,000,00,2,4,01,C01
200600037379,0,02,000,00,2,1,02,A01
200600037379,0,07,000,00,2,4,01,B01
200600037380,0,02,000,00,2,1,01,A01
200600037380,0,07,000,00,0,2,01,B01
200600037381,0,07,000,00,1,1,01,A01
200600037382,0,07,000,00,1,2,01,A01
200600037382,0,01,000,00,2,4,05,B01
200600037383,0,05,000,00,2,2,08,A01
200600037383,0,07,000,00,2,3,15,B01
200600037384,0,07,000,00,1,3,01,A01
200600037385,0,07,000,00,2,8,01,A01
200600037385,0,05,000,00,2,7,00,B01
200600037386,0,07,000,00,1,8,22,A01
200600037386,0,01,000,00,2,2,00,B01
200600037387,0,07,000,00,2,1,01,A01
200600037387,0,07,000,00,2,3,01,B01
200600037388,0,07,000,00,1,1,17,A01
200600037389,0,04,000,00,1,1,14,A01
200600037390,0,07,000,00,2,2,01,A01
200600037390,0,07,000,00,2,3,01,B01
200600037391,0,01,000,00,1,1,01,A01
200600037392,0,07,000,00,1,1,01,A01
200600037393,0,18,000,00,1,1,01,A01
200600037394,0,10,000,00,1,1,08,A01
200600037395,0,07,000,00,2,8,01,A01
200600037395,0,05,000,00,2,1,01,B01
200600037396,0,14,000,00,2,1,01,A01
200600037396,0,18,030,00,2,8,01,B01
200600037397,0,07,000,00,2,5,15,A01
200600037397,0,07,000,00,2,1,01,B01
200600037398,0,05,000,00,2,7,01,A01
200600037398,0,07,000,00,2,7,19,B01
200600037399,0,05,000,00,2,4,00,A01
200600037399,1,99,000,00,2,0,00,B01
200600037400,0,07,000,00,2,1,01,A01
200600037400,0,02,000,00,2,1,08,B01
200600037401,0,07,000,00,1,1,15,A01
200600037402,0,07,000,00,1,1,07,A01
200600037403,0,07,000,00,2,3,22,A01
200600037403,0,01,000,00,2,1,01,B01
200600037404,0,07,000,00,1,1,01,A01
200600037405,0,07,000,00,2,7,04,A01
200600037405,0,05,000,00,2,1,01,B01
200600037406,0,07,000,00,0,7,01,A01
200600037406,0,04,000,00,0,1,01,B01
200600037407,0,07,000,00,1,4,04,A01
200600037408,0,07,000,00,0,7,19,B01
200600037408,0,30,000,00,2,1,19,A01
200600037409,0,07,000,00,2,4,21,A01
200600037409,0,07,000,00,2,2,21,B01
200600037410,0,07,000,00,2,7,21,B01
200600037410,0,07,000,00,2,9,21,A01
200600037411,0,07,000,16,0,1,05,A01
200600037412,0,05,000,00,0,7,21,A01
200600037413,0,17,000,00,2,7,12,A01
200600037413,0,07,000,00,2,6,21,B01
200600037413,0,07,000,00,2,2,21,C01
200600037414,0,07,000,00,2,1,20,A01
200600037414,0,07,000,00,2,4,23,B01
200600037414,0,07,000,00,2,4,23,C01
200600037414,0,07,000,00,2,4,23,D01
200600037415,0,07,000,03,2,0,21,A01
200600037415,0,07,000,00,2,0,09,B01
200600037416,0,05,000,00,2,1,09,A01
200600037416,0,14,000,00,2,7,21,B01
200600037417,0,17,000,00,2,2,12,A01
200600037417,0,07,000,00,2,6,21,B01
200600037418,0,07,000,00,0,0,14,A01
200600037419,0,07,000,00,0,0,21,A01
200600037420,0,17,000,00,2,2,12,A01
200600037420,0,07,000,00,2,1,21,B01
200600037420,0,07,000,00,2,6,21,C01
200600037421,0,07,000,04,2,1,21,A01
200600037421,0,15,000,00,0,0,21,B01
200600037422,0,14,000,00,2,1,21,A01
200600037422,0,18,002,00,2,4,21,B01
200600037422,0,14,000,00,2,4,21,C01
200600037423,0,30,000,00,2,1,14,A01
200600037423,0,07,000,00,2,3,16,B01
200600037424,0,01,000,00,9,1,05,A01
200600037424,0,99,000,00,9,3,02,B01
200600037425,0,37,009,00,1,2,01,A01
200600037426,0,07,000,00,1,2,00,A01
200600037427,0,07,000,00,0,4,23,A01
200600037427,0,07,000,00,2,4,23,B01
200600037427,0,07,000,00,2,1,02,C01
200600037428,0,07,000,03,2,6,13,A01
200600037428,0,17,000,00,2,2,12,B01
200600037428,0,07,000,00,0,4,01,C01
200600037428,0,17,000,00,2,1,02,D01
200600037429,0,07,000,04,0,3,01,A01
200600037429,0,07,000,00,2,2,11,B01
200600037430,0,33,000,16,0,8,13,A01
200600037431,0,07,000,03,0,2,17,A01
200600037432,0,33,000,00,0,8,01,A01
200600037433,0,07,000,00,2,1,17,B01
200600037433,0,07,000,00,2,1,17,A01
200600037433,0,07,000,00,0,4,17,C01
200600037434,0,07,000,03,0,2,01,A01
200600037435,0,07,000,13,0,2,17,A01
200600037435,0,07,000,00,0,0,01,B01
200600037436,0,17,000,00,2,2,12,A01
200600037436,0,07,000,03,0,6,01,B01
200600037437,0,07,000,13,0,2,01,A01
200600037438,0,07,000,03,0,6,01,A01