Num_Acc,senc,catv,occutc,obs,obsm,choc,manv,num_veh
200600038138,1,07,000,00,2,0,00,A01
200600038138,0,07,000,00,2,4,01,B01
200600038139,0,07,000,00,2,3,01,A01
200600038139,0,02,000,00,2,6,10,B01
200600038140,0,30,000,00,2,7,17,A01
200600038140,1,15,000,00,9,6,13,B01
200600038141,0,07,000,00,1,1,01,A01
200600038142,0,32,000,00,0,3,01,B01
200600038142,0,07,000,00,0,3,09,A01
200600038143,0,07,000,00,2,7,00,A01
200600038143,0,34,000,00,2,0,02,B01
200600038144,0,07,000,00,2,1,02,A01
200600038144,0,07,000,01,2,4,02,B01
200600038145,0,05,000,00,2,7,21,A01
200600038145,0,07,000,00,2,1,01,B01
200600038146,0,07,000,00,2,3,15,A01
200600038146,0,05,000,00,2,1,01,B01
200600038147,0,07,000,00,2,1,01,A01
200600038147,0,07,000,00,0,4,01,B01
200600038148,0,07,000,14,0,1,21,A01
200600038148,0,07,000,14,0,6,23,B01
200600038148,0,07,000,14,0,4,23,C01
200600038148,0,07,000,00,0,4,23,D01
200600038149,0,07,000,00,2,3,00,A01
200600038149,0,07,000,00,2,2,00,B01
200600038150,0,07,000,00,2,2,00,A01
200600038150,0,07,000,00,2,1,00,B01
200600038151,0,02,000,00,0,0,01,A01
200600038151,0,07,000,00,2,0,01,B01
200600038152,0,07,000,00,2,1,01,A01
200600038152,0,07,000,00,1,1,01,B01
200600038152,0,18,000,00,2,4,01,C01
200600038153,0,07,000,00,2,2,00,A01
200600038153,0,07,000,00,0,0,00,B01
200600038154,0,07,000,00,2,2,01,A01
200600038154,0,02,000,00,2,8,01,B01
200600038155,1,07,000,00,1,0,01,A01
200600038156,0,07,000,08,0,1,00,A01
200600038157,0,32,000,00,2,0,17,A01
200600038157,0,07,000,00,2,3,02,B01
200600038157,0,07,000,00,2,3,23,C01
200600038158,0,14,000,00,2,0,16,A01
200600038158,0,31,000,00,2,9,16,B01
200600038159,0,07,000,00,1,2,01,A01
200600038160,0,20,000,00,0,0,02,A01
200600038160,0,30,000,00,9,1,02,B01
200600038161,0,07,000,01,0,2,11,A01
200600038162,0,02,000,00,2,1,09,A01
200600038162,0,07,000,00,2,2,01,B01
200600038163,0,07,000,01,0,5,02,A01
200600038163,0,02,000,01,0,3,02,B01
200600038164,0,07,000,00,2,1,02,A01
200600038164,0,07,000,00,2,4,02,B01
200600038164,0,07,000,00,2,4,02,C01
200600038165,0,34,000,00,1,1,00,A01
200600038166,0,07,000,00,2,2,15,A01
200600038166,0,07,000,00,2,2,15,B01
200600038167,0,07,000,00,1,1,00,A01
200600038168,0,31,000,00,2,0,02,A01
200600038169,0,07,000,00,2,1,00,A01
200600038169,0,07,000,00,2,4,00,B01
200600038170,0,02,000,00,1,0,00,A01
200600038171,0,07,000,00,2,1,02,A01
200600038171,0,07,000,00,0,4,02,B01
200600038172,0,07,000,00,0,0,12,A01
200600038172,0,33,000,00,0,0,01,B01
200600038173,0,31,000,06,0,1,01,A01
200600038174,0,17,000,04,0,1,01,A01
200600038174,0,07,000,14,0,1,01,B01
200600038174,0,07,000,14,0,1,01,C01
200600038175,0,07,000,00,2,2,19,A01
200600038175,0,32,000,00,2,8,15,B01
200600038176,1,07,000,03,2,1,02,A01
200600038176,0,31,000,00,0,4,02,B01
200600038177,0,10,000,00,1,8,15,A01
200600038178,0,07,000,00,2,2,15,A01
200600038178,0,07,000,00,2,1,01,B01
200600038179,0,14,000,13,0,7,02,A01
200600038180,0,07,000,00,1,2,16,A01
200600038181,0,07,000,00,2,1,01,B01
200600038181,0,07,000,08,0,8,01,A01
200600038182,0,07,000,00,2,1,15,A01
200600038182,0,07,000,00,2,1,01,B01
200600038182,0,07,000,00,2,1,23,C01
200600038183,0,05,000,00,2,3,13,A01
200600038183,0,07,000,00,2,1,01,B01
200600038184,0,07,000,00,2,3,13,A01
200600038184,0,14,000,00,2,3,00,B01
200600038185,0,07,000,00,2,2,00,A01
200600038185,0,07,000,00,2,2,00,B01
200600038186,0,07,000,00,2,3,01,B01
200600038186,0,32,000,00,2,1,01,A01
200600038187,0,07,000,00,2,1,13,A01
200600038187,0,07,000,00,2,1,00,B01
200600038188,0,32,000,00,0,0,00,A01
200600038189,0,07,000,00,2,7,14,A01
200600038189,0,33,000,00,2,1,01,B01
200600038190,0,07,000,00,2,0,00,A01
200600038190,0,07,000,00,2,0,00,B01
200600038191,0,02,000,01,2,1,17,A01
200600038191,0,07,000,00,2,1,15,B01
200600038192,0,32,000,01,0,0,00,A01
200600038192,0,07,000,00,2,0,24,B01
200600038193,0,07,000,00,2,6,17,A01
200600038193,0,07,000,00,2,8,01,B01
200600038194,0,10,000,00,2,1,13,A01
200600038194,0,33,000,00,2,4,02,B01
200600038195,0,07,000,15,0,2,01,A01
200600038196,0,32,000,00,2,1,01,A01
200600038196,0,10,000,00,2,3,15,B01
200600038197,0,07,000,00,1,6,01,A01
200600038198,0,07,000,00,2,1,01,B01
200600038198,0,10,000,00,2,2,19,A01
200600038199,0,01,000,00,5,1,01,A01
200600038200,0,07,000,00,2,4,02,A01
200600038200,0,07,000,00,2,4,02,B01
200600038200,0,07,000,00,2,1,02,C01
200600038201,0,02,000,00,2,1,05,A01
200600038201,0,07,000,00,2,3,01,B01
200600038202,0,01,000,00,2,7,01,A01
200600038202,0,07,000,00,2,2,01,B01
200600038203,0,02,000,00,2,1,05,A01
200600038203,0,02,000,00,2,1,01,B01
200600038204,0,07,000,00,1,1,02,A01
200600038205,0,17,000,00,9,1,01,A01
200600038205,0,17,000,00,9,1,01,B01
200600038205,0,17,000,00,9,4,01,C01
200600038206,0,07,000,00,9,2,15,A01
200600038206,0,30,000,00,2,1,01,B01
200600038207,0,07,000,00,1,0,01,A01
200600038208,0,30,000,00,0,0,01,A01
200600038209,0,02,000,01,0,1,01,A01
200600038210,0,07,000,00,2,3,15,A01
200600038210,0,07,000,00,2,1,01,B01
200600038211,0,07,000,00,2,4,04,A01
200600038211,0,07,000,00,2,1,01,B01
200600038212,0,07,000,02,0,3,13,A01
200600038213,0,07,000,00,2,7,16,A01
200600038213,0,02,000,00,2,1,18,B01
200600038214,0,07,000,06,0,1,14,A01
200600038215,0,07,000,00,2,2,01,A01
200600038215,0,01,000,00,2,4,02,B01
200600038216,0,07,000,00,2,1,02,A01
200600038216,0,07,000,00,2,4,02,B01
200600038217,0,02,000,00,2,8,01,B01
200600038217,0,07,000,00,2,3,15,A01
200600038217,0,07,000,00,2,3,23,C01
200600038218,0,30,000,00,2,1,01,A01
200600038218,0,07,000,00,2,4,23,B01
200600038219,0,31,000,00,0,7,01,A01
200600038220,0,07,000,00,2,1,15,A01
200600038220,0,01,000,00,2,1,01,B01
200600038221,0,14,000,00,2,3,15,A01
200600038221,0,07,000,00,2,3,01,B01
200600038222,0,07,000,00,2,8,15,A01
200600038222,0,07,000,00,2,1,01,B01
200600038223,0,07,000,00,0,6,01,A01
200600038223,0,33,000,00,0,2,17,B01
200600038224,0,07,000,00,2,3,15,A01
200600038224,0,31,000,00,2,1,01,B01
200600038225,0,07,000,00,2,3,09,A01
200600038225,0,01,000,00,2,7,01,B01
200600038226,0,31,000,00,2,2,17,A01
200600038226,0,07,000,00,0,6,13,B01
200600038227,0,07,000,00,2,2,01,A01
200600038227,0,31,000,00,2,1,16,B01
200600038228,0,07,000,00,2,1,00,A01
200600038228,0,02,000,00,2,4,00,B01
200600038229,0,34,000,00,2,7,17,A01
200600038229,0,01,000,00,2,8,01,B01
200600038230,0,10,000,16,0,0,00,A01
200600038231,0,07,000,00,0,1,14,A01
200600038232,0,02,000,00,2,1,01,A01
200600038232,0,07,000,00,2,4,15,B01
200600038233,0,02,000,00,2,1,01,A01
200600038234,0,07,000,00,2,3,13,A01
200600038234,0,33,000,01,2,1,01,B01
200600038235,0,30,000,00,2,1,01,B01
200600038235,0,07,000,00,2,3,13,A01
200600038236,0,07,000,00,2,2,01,A01
200600038236,0,02,000,00,2,0,20,B01
200600038237,0,33,000,00,2,9,17,A01
200600038237,0,07,000,00,2,4,01,B01
200600038237,0,07,000,00,2,1,01,C01
200600038238,1,07,000,00,1,1,01,A01
200600038239,0,02,000,00,2,1,01,B01
200600038239,0,07,000,00,2,3,19,A01
200600038240,0,99,000,00,2,6,13,A01
200600038240,0,07,000,00,2,3,01,B01
200600038241,0,14,000,00,2,1,02,A01
200600038241,0,07,000,00,2,9,02,B01
200600038241,0,07,000,00,0,4,02,C01
200600038242,1,07,000,00,2,3,05,A01
200600038242,0,33,000,00,2,6,05,B01
200600038243,0,33,000,06,2,7,17,A01
200600038243,0,07,000,00,2,8,01,B01
200600038244,0,07,000,00,2,1,05,A01
200600038244,0,07,000,00,2,8,01,B01
200600038244,0,33,000,00,2,8,01,C01
200600038245,0,07,000,00,2,3,10,A01
200600038245,0,07,000,00,2,1,01,B01
200600038246,0,07,000,00,1,2,02,A01
200600038247,0,07,000,00,1,1,01,A01
200600038248,0,07,000,00,1,1,01,A01
200600038249,0,07,000,00,2,7,15,A01
200600038249,0,33,000,00,2,1,01,B01
200600038250,0,07,000,00,2,1,01,A01
200600038250,0,07,000,00,2,4,02,B01
200600038251,0,07,000,00,1,1,01,A01
200600038252,0,07,000,08,2,4,02,A01
200600038252,0,03,000,00,2,4,02,B01
200600038253,0,07,000,00,2,1,16,A01
200600038253,0,07,000,00,2,5,01,B01
200600038253,0,07,000,00,2,2,01,C01
200600038254,0,07,000,00,2,1,15,A01
200600038254,0,07,000,00,2,3,01,B01
200600038255,0,17,000,00,2,2,19,A01
200600038255,0,02,000,00,2,1,01,B01
200600038256,0,07,000,00,0,0,00,B01
200600038256,0,07,000,00,0,0,00,A01
200600038257,0,34,000,00,2,1,02,A01
200600038257,0,01,000,00,2,4,02,B01
200600038258,0,30,000,00,2,1,01,A01
200600038258,0,07,000,00,0,6,15,B01
200600038259,0,17,000,13,0,1,01,A01
200600038260,0,07,000,00,2,8,09,A01
200600038260,0,32,000,00,2,1,01,B01
200600038261,0,02,000,00,2,7,17,A01
200600038261,0,07,000,00,2,3,15,B01
200600038262,0,07,000,00,2,8,15,A01
200600038262,0,07,000,00,2,1,01,B01
200600038263,0,31,000,00,2,3,13,A01
200600038263,0,07,000,00,2,7,02,B01
200600038264,0,07,000,00,2,3,15,A01
200600038264,0,02,000,00,2,6,01,B01
200600038265,0,31,000,00,2,1,17,A01
200600038265,0,07,000,00,2,8,01,B01
200600038266,0,07,000,00,2,1,01,A01
200600038266,0,07,000,00,2,9,01,B01
200600038267,0,07,000,00,2,3,02,A01
200600038267,0,01,000,00,2,4,02,B01
200600038268,0,07,000,00,2,0,02,A01
200600038268,0,01,000,00,2,4,01,B01
200600038269,0,31,000,00,2,0,01,A01
200600038269,0,01,000,01,2,0,15,B01
200600038270,1,07,000,00,2,0,00,A01
200600038270,0,07,000,00,2,6,06,B01
200600038271,0,07,000,00,2,1,09,A01
200600038271,0,02,000,00,2,1,17,B01
200600038272,0,30,000,00,2,1,18,A01
200600038272,0,07,000,00,2,2,16,B01
200600038273,0,07,000,02,0,3,01,A01
200600038274,0,07,000,00,0,4,01,D01
200600038274,0,07,000,00,2,4,01,C01
200600038274,0,07,000,00,2,1,01,A01
200600038274,0,07,000,00,0,0,01,B01
200600038275,0,07,000,00,2,1,01,A01
200600038275,0,07,000,00,2,4,01,B01
200600038276,0,07,000,00,2,5,01,B01
200600038276,0,07,000,00,2,1,01,A01
200600038277,0,05,000,00,2,1,01,A01
200600038277,0,07,000,00,2,6,20,B01
200600038278,0,01,000,00,2,8,15,A01
200600038278,0,01,000,00,2,1,01,B01
200600038279,0,07,000,00,2,3,01,B01
200600038279,0,07,000,00,2,2,19,A01
200600038280,0,10,000,00,2,6,01,A01
200600038280,0,01,000,00,2,3,01,B01
200600038281,0,30,000,00,0,0,01,A01
200600038282,0,33,000,00,2,2,16,A01
200600038282,0,07,000,00,2,3,16,B01
200600038283,0,02,000,07,2,1,16,A01
200600038283,0,07,000,00,2,3,02,B01
200600038284,0,07,000,00,2,3,10,A01
200600038284,0,30,000,00,2,1,17,B01
200600038285,0,07,000,00,2,3,15,A01
200600038285,0,30,000,00,2,1,01,B01
200600038286,0,07,000,00,1,2,01,A01
200600038287,0,02,000,00,2,1,02,A01
200600038287,0,07,000,00,2,4,23,B01
200600038288,0,01,000,00,2,1,01,B01
200600038288,0,07,000,00,2,3,16,A01
200600038289,0,02,000,00,2,1,08,A01
200600038289,0,07,000,00,2,5,15,B01
200600038290,0,07,000,00,2,7,01,B01
200600038290,0,03,000,07,2,1,01,A01
200600038291,0,30,000,00,2,1,01,A01
200600038291,0,07,000,00,2,2,15,B01
200600038292,0,07,000,00,1,1,15,A01
200600038293,0,07,000,00,2,1,01,A01
200600038293,0,07,000,00,2,8,01,B01
200600038294,0,33,000,00,2,1,07,A01
200600038294,0,10,000,00,2,5,16,B01
200600038295,0,07,000,01,2,3,01,B01
200600038295,0,07,000,00,2,1,01,A01
200600038296,0,07,000,00,2,1,02,A01
200600038296,0,07,000,00,2,4,02,B01
200600038297,0,07,000,00,2,2,15,A01
200600038297,0,07,000,00,2,3,01,B01
200600038298,0,02,000,00,2,1,01,A01
200600038298,0,07,000,00,2,2,15,B01
200600038299,0,07,000,00,2,3,15,A01
200600038299,0,07,000,00,2,2,01,B01
200600038300,0,07,000,00,2,1,01,B01
200600038300,0,02,000,00,2,2,15,A01
200600038301,0,07,000,12,0,1,09,A01
200600038302,0,02,000,00,2,1,02,A01
200600038302,0,01,000,00,2,4,02,B01
200600038303,0,07,000,00,2,5,15,A01
200600038303,0,31,000,00,2,1,18,B01
200600038304,0,07,000,00,2,1,01,A01
200600038304,0,99,000,00,2,6,01,B01
200600038305,0,07,000,00,1,1,01,A01
200600038306,0,07,000,12,2,3,01,B01
200600038306,0,99,000,07,2,1,01,A01
200600038307,0,07,000,00,2,1,01,A01
200600038307,0,33,000,00,2,2,01,B01
200600038308,0,07,000,00,1,1,01,A01
200600038309,0,07,000,00,2,8,20,A01
200600038309,0,07,000,00,2,1,01,B01
200600038310,0,07,000,00,2,1,02,A01
200600038310,0,07,000,00,2,4,15,B01
200600038311,0,07,000,00,2,1,15,A01
200600038311,0,07,000,00,2,1,16,B01
200600038312,2,07,000,00,2,2,15,A01
200600038312,0,07,000,00,2,1,01,B01
200600038313,0,02,000,01,0,1,01,A01
200600038314,0,07,000,07,0,1,16,A01
200600038315,0,07,000,00,2,1,01,A01
200600038315,0,07,000,07,2,7,01,B01
200600038316,0,07,000,00,2,3,15,A01
200600038316,0,33,000,00,2,2,17,B01
200600038317,0,07,000,00,2,1,01,A01
200600038317,0,37,001,00,2,6,01,B01
200600038318,0,02,000,00,2,1,01,A01
200600038318,0,07,000,00,2,4,02,B01
200600038319,0,07,000,07,2,2,15,B01
200600038319,0,07,000,00,2,1,01,A01
200600038320,0,02,000,00,2,2,15,A01
200600038320,0,07,000,00,2,3,15,B01
200600038321,0,30,000,00,2,1,02,A01
200600038321,0,07,000,00,2,5,01,B01
200600038322,0,07,000,00,1,2,01,A01
200600038323,0,07,000,00,9,2,15,A01
200600038323,0,30,000,00,2,1,01,B01
200600038324,0,05,000,00,2,1,02,A01
200600038324,0,07,000,00,0,5,15,B01
200600038325,0,07,000,00,2,1,01,A01
200600038325,0,07,000,00,0,4,01,B01
200600038326,0,07,000,00,2,1,15,A01
200600038326,0,02,000,00,2,1,01,B01
200600038327,0,33,000,00,2,1,17,A01
200600038327,0,07,000,00,2,8,15,B01
200600038328,0,31,000,00,2,8,09,A01
200600038328,0,07,000,00,2,8,09,B01
200600038329,0,07,000,00,2,8,01,B01
200600038329,0,07,000,06,2,1,01,A01
200600038330,0,07,000,01,1,8,01,A01
200600038331,0,30,000,00,2,1,01,B01
200600038331,0,07,000,00,2,2,09,A01
200600038332,0,07,000,00,1,3,01,A01
200600038333,0,07,000,00,1,2,01,A01
200600038334,0,07,000,00,2,1,09,A01
200600038334,0,30,000,00,2,4,05,B01
200600038335,0,02,000,16,0,7,13,A01
200600038336,1,10,000,00,2,1,09,B01
200600038336,0,07,000,00,2,3,09,A01
200600038337,0,30,000,00,2,1,05,A01
200600038337,0,07,000,00,2,2,09,B01
200600038338,0,07,000,14,0,1,02,A01
200600038338,0,10,000,14,0,4,02,B01
200600038338,0,10,000,00,0,4,02,C01
200600038339,0,05,000,00,2,1,17,B01
200600038339,0,07,000,00,2,3,19,A01
200600038340,0,07,000,15,0,1,01,A01
200600038341,0,05,000,00,2,1,01,B01
200600038341,0,07,000,00,2,2,19,A01
200600038342,0,05,000,01,0,1,01,A01
200600038343,0,05,000,02,0,1,01,A01
200600038343,0,14,000,00,2,1,23,B01
200600038344,0,07,000,00,2,1,01,A01
200600038344,0,07,000,00,2,4,01,B01
200600038344,0,07,000,00,2,4,01,C01
200600038345,0,02,000,00,2,8,17,A01
200600038345,0,07,000,00,2,3,15,B01
200600038346,0,07,000,00,1,1,01,A01
200600038347,0,04,000,00,0,8,01,A01
200600038348,0,07,000,00,1,1,01,A01
200600038349,0,07,000,00,1,1,01,A01
200600038350,0,05,000,00,9,3,01,A01
200600038351,0,07,000,00,9,1,01,A01
200600038352,0,07,000,00,2,6,09,A01
200600038352,0,02,000,00,2,2,01,B01
200600038353,0,07,000,00,9,1,01,A01
200600038354,0,08,000,00,2,2,15,A01
200600038354,0,07,000,00,2,3,01,B01
200600038355,0,02,000,08,0,8,01,A01
200600038356,0,07,000,00,2,2,01,B01
200600038356,0,02,000,00,2,1,13,A01
200600038357,0,07,000,00,0,2,01,A01
200600038357,0,33,000,00,0,1,00,B01
200600038358,0,31,000,00,0,8,01,A01
200600038359,0,07,000,00,1,3,01,A01
200600038360,0,31,000,00,2,4,02,B01
200600038360,0,07,000,00,0,1,02,A01
200600038361,0,07,000,00,2,5,01,B01
200600038361,0,17,000,00,2,7,14,A01
200600038362,0,02,000,00,2,2,02,B01
200600038362,0,07,000,00,2,5,14,A01
200600038363,0,07,000,00,2,5,02,B01
200600038363,0,30,000,00,2,1,02,A01
200600038364,0,20,000,14,0,4,02,C01
200600038364,0,07,000,00,2,4,02,B01
200600038364,0,07,000,00,2,1,02,A01
200600038365,0,07,000,00,2,1,02,C01
200600038365,0,07,000,00,0,1,00,B01
200600038365,0,07,000,00,2,1,13,A01
200600038366,0,07,000,00,1,4,04,A01
200600038367,0,07,000,00,2,1,01,B01
200600038367,0,07,000,00,2,3,09,A01
200600038368,0,33,000,00,2,1,01,B01
200600038368,2,07,000,00,2,2,15,A01
200600038369,0,17,000,00,2,2,12,A01
200600038369,0,07,000,00,2,6,01,B01
200600038370,0,07,000,00,2,3,01,B01
200600038370,0,07,000,00,2,8,19,A01
200600038371,0,01,000,01,0,1,05,A01
200600038372,0,07,000,00,1,0,02,A01
200600038372,0,02,000,00,0,5,02,B01
200600038373,1,07,000,00,1,0,15,A01
200600038374,0,01,000,00,1,1,01,A01
200600038375,0,07,000,00,2,3,15,B01
200600038375,0,30,000,00,2,1,17,A01
200600038376,0,07,000,00,2,8,01,B01
200600038376,0,17,000,00,2,2,12,A01
200600038377,0,02,000,00,2,1,17,B01
200600038377,0,07,000,00,2,8,19,A01
200600038378,0,07,000,00,2,1,17,A01
200600038378,0,02,000,00,2,1,01,B01
200600038379,0,01,000,00,0,4,02,B01
200600038379,0,07,000,00,9,5,02,A01
200600038380,0,07,000,00,1,2,01,A01
200600038381,0,07,000,00,2,2,15,A01
200600038381,0,07,000,00,2,1,01,B01
200600038382,0,02,000,00,2,1,01,A01
200600038382,0,07,000,00,2,7,16,B01
200600038383,0,07,000,00,2,1,01,A01
200600038383,0,07,000,00,0,3,01,B01
200600038384,0,05,000,00,1,1,01,A01
200600038385,0,07,000,00,2,1,09,A01
200600038385,0,01,000,00,0,7,01,B01
200600038386,0,07,000,00,2,1,01,A01
200600038386,0,05,000,00,0,4,01,B01
200600038387,0,07,000,00,2,1,01,A01
200600038387,0,07,000,00,2,1,01,B01
200600038387,0,07,000,00,0,4,16,C01
200600038388,0,02,000,00,2,1,01,A01
200600038388,0,07,000,00,2,1,01,B01
200600038389,0,99,000,00,9,9,01,A01
200600038390,0,07,000,00,2,1,01,A01
200600038390,0,07,000,00,2,4,23,B01
200600038391,0,07,000,00,1,3,01,A01
200600038392,0,07,000,00,1,4,04,A01
200600038393,0,33,000,00,2,1,01,B01
200600038393,0,07,000,00,2,2,15,A01
200600038394,0,07,000,00,1,4,04,A01
200600038395,0,33,000,00,2,1,17,A01
200600038395,0,07,000,00,0,3,15,B01
200600038396,0,31,000,00,2,1,13,A01
200600038396,0,07,000,00,2,1,01,B01
200600038397,0,02,000,03,2,1,01,A01
200600038397,0,07,000,00,2,4,23,B01
200600038398,0,07,000,00,2,1,13,A01
200600038398,0,10,000,00,2,1,01,B01
200600038399,0,07,000,00,0,9,21,A01
200600038399,1,02,000,00,0,0,15,B01
200600038400,0,02,000,12,0,0,01,A01
200600038401,0,07,000,00,2,1,01,B01
200600038401,0,07,000,00,2,8,15,A01
200600038402,0,02,000,11,0,1,17,A01
200600038403,0,07,000,00,2,3,09,A01
200600038403,0,07,000,00,2,2,01,B01
200600038404,0,07,000,13,0,9,01,A01
200600038405,0,07,000,00,2,7,01,A01
200600038405,0,07,000,00,2,1,01,B01
200600038405,0,07,000,00,0,0,01,C01
200600038406,0,07,000,00,2,1,02,A01
200600038406,0,07,000,00,2,4,01,B01
200600038407,0,30,000,14,0,1,01,A01
200600038408,0,07,000,02,0,9,01,A01
200600038409,0,33,000,00,2,1,01,A01
200600038409,0,07,000,00,2,4,15,B01
200600038410,0,07,000,00,2,1,01,A01
200600038410,0,07,000,00,2,4,01,B01
200600038411,0,07,000,00,2,3,10,A01
200600038411,0,31,000,00,2,1,01,B01
200600038412,0,07,000,00,0,9,01,A01
200600038413,0,02,000,00,2,1,00,A01
200600038413,0,10,000,00,9,8,00,B01
200600038414,0,07,000,00,2,8,01,B01
200600038414,0,07,000,00,2,7,02,A01
200600038415,0,02,000,01,0,2,01,A01
200600038416,0,07,000,00,2,1,00,A01
200600038416,0,07,000,00,2,1,00,B01
200600038417,0,07,000,00,1,1,00,A01
200600038418,0,07,000,00,2,0,00,A01
200600038418,0,07,000,00,2,0,00,B01
200600038419,0,07,000,00,1,2,01,A01
200600038420,0,07,000,00,2,3,09,A01
200600038420,0,07,000,00,2,7,01,B01
200600038421,0,07,000,00,2,3,05,A01
200600038421,0,15,000,00,2,3,01,B01
200600038422,0,07,000,00,9,1,17,A01
200600038422,0,30,000,00,2,0,15,B01
200600038423,1,07,000,00,2,1,17,A01
200600038423,0,01,000,00,2,1,01,B01
200600038424,0,07,000,00,2,3,01,B01
200600038424,0,07,000,00,2,2,01,A01
200600038425,0,07,000,00,2,1,01,B01
200600038425,0,07,000,00,2,1,01,A01
200600038426,0,07,000,00,1,2,02,A01
200600038427,0,07,000,00,2,1,09,A01
200600038427,0,07,000,00,2,1,00,B01
200600038428,0,07,000,00,2,8,15,A01
200600038428,0,07,000,00,2,8,01,B01
200600038429,0,02,000,00,2,1,01,A01
200600038429,0,07,000,00,2,2,01,B01
200600038430,0,02,000,00,2,1,01,A01
200600038430,0,07,000,00,2,1,00,B01
200600038431,1,37,000,00,1,4,01,A01
200600038432,0,07,000,00,2,3,15,B01
200600038432,0,02,000,00,2,1,01,A01
200600038433,0,07,000,00,2,7,16,A01
200600038433,0,30,000,00,2,1,01,B01
200600038434,0,30,000,00,2,7,15,A01
200600038434,0,07,000,00,2,1,01,B01
200600038435,0,30,000,06,0,1,01,A01
200600038436,0,02,000,00,2,1,17,A01
200600038436,0,07,000,00,2,6,15,B01
200600038437,0,07,000,00,2,5,15,A01
200600038437,0,33,000,00,2,3,01,B01
200600038438,0,07,000,00,2,1,05,A01
200600038438,0,14,000,00,2,1,01,B01
200600038439,0,07,000,00,2,8,19,A01
200600038439,0,33,000,00,2,1,00,B01
200600038440,0,10,000,00,2,8,13,A01
200600038440,0,33,000,00,2,1,17,B01
200600038441,0,07,000,00,2,2,15,A01
200600038441,0,30,000,00,2,1,01,B01
200600038442,0,33,000,00,2,1,01,B01
200600038442,0,10,000,00,2,0,00,A01
200600038443,0,07,000,00,2,1,16,A01
200600038443,0,07,000,03,2,1,01,B01
200600038444,0,01,000,00,1,1,01,A01
200600038445,0,33,000,09,0,0,00,A01
200600038446,0,07,000,00,2,1,01,A01
200600038446,0,07,000,06,2,4,01,B01
200600038447,0,07,000,00,2,8,15,A01
200600038447,0,33,000,00,2,1,01,B01
200600038448,0,02,000,00,2,1,13,A01
200600038448,0,07,000,00,2,3,05,B01
200600038449,0,07,000,00,2,8,10,A01
200600038449,0,07,000,00,2,1,01,B01
200600038450,0,07,000,00,2,1,13,A01
200600038450,0,07,000,00,2,1,01,B01
200600038451,0,07,000,00,2,1,01,B01
200600038451,0,30,000,00,2,1,15,A01
200600038452,0,07,000,00,2,3,15,A01
200600038452,0,31,000,00,2,1,01,B01
200600038453,0,31,000,00,2,7,01,A01
200600038453,0,01,000,00,2,4,01,B01
200600038454,0,17,000,13,0,2,01,A01
200600038455,0,07,000,00,1,2,01,A01
200600038456,0,07,000,00,2,3,01,A01
200600038456,0,33,000,00,2,7,12,B01
200600038457,0,07,000,00,2,6,15,A01
200600038457,0,33,000,00,2,1,17,B01
200600038458,0,07,000,00,2,1,01,B01
200600038458,0,07,000,00,2,1,13,A01
200600038459,0,07,000,00,2,6,15,A01
200600038459,0,02,000,00,2,7,02,B01
200600038460,0,33,000,00,2,3,01,A01
200600038460,0,07,000,00,2,5,14,B01
200600038461,0,33,000,00,2,1,01,B01
200600038461,0,07,000,00,2,1,15,A01
200600038462,0,07,000,00,2,1,02,A01
200600038462,0,07,000,00,0,4,23,B01
200600038463,0,07,000,00,2,1,01,B01
200600038463,0,07,000,00,2,8,15,A01
200600038464,0,07,000,00,2,3,01,B01
200600038464,0,07,000,00,2,1,15,A01
200600038465,0,07,000,00,2,1,01,A01
200600038465,0,33,000,00,2,8,01,B01
200600038466,0,07,000,00,1,1,01,A01
200600038467,0,07,000,00,2,1,01,A01
200600038467,0,07,000,00,2,4,01,B01
200600038468,0,33,000,00,2,0,01,B01
200600038468,0,07,000,00,2,0,01,A01
200600038469,0,07,000,00,2,6,15,A01
200600038469,0,07,000,00,2,2,01,B01
200600038470,0,30,000,08,0,0,01,A01
200600038471,0,07,000,00,2,1,15,A01
200600038471,0,02,000,00,2,1,01,B01
200600038472,2,07,000,00,2,2,20,A01
200600038472,0,07,000,00,2,1,01,B01
200600038473,0,07,000,00,2,1,01,A01
200600038473,0,07,000,00,2,3,01,B01
200600038474,2,07,000,00,2,1,19,A01
200600038474,0,07,000,00,2,7,01,B01
200600038475,0,02,000,00,2,1,17,A01
200600038475,0,07,000,00,2,2,01,B01
200600038476,0,07,000,00,2,3,16,B01
200600038476,0,07,000,00,2,3,15,A01
200600038477,0,10,000,00,2,4,01,A01
200600038477,0,07,000,00,2,4,01,B01
200600038478,0,07,000,00,2,2,01,B01
200600038478,0,30,000,00,2,7,01,A01
200600038479,0,07,000,00,2,6,15,A01
200600038479,0,33,000,00,2,1,01,B01
200600038480,0,31,000,00,2,1,02,A01
200600038480,0,07,000,00,2,5,01,B01
200600038481,0,07,000,16,0,2,01,A01
200600038482,0,31,000,00,2,8,01,B01
200600038482,1,07,000,00,2,7,01,X01
200600038483,0,07,000,00,2,8,11,A01
200600038483,0,33,000,00,2,7,01,B01
200600038484,0,01,000,00,2,3,01,A01
200600038484,0,07,000,00,2,6,01,B01
200600038485,0,07,000,01,0,1,01,A01
200600038486,0,07,000,00,2,2,01,A01
200600038486,0,01,000,00,2,1,01,B01
200600038487,0,07,000,13,0,9,00,A01