Num_Acc,senc,catv,occutc,obs,obsm,choc,manv,num_veh
200600038488,0,02,000,00,2,7,01,A01
200600038488,0,07,000,00,2,6,01,B01
200600038489,0,02,000,12,0,0,00,A01
200600038490,0,10,000,06,0,2,01,A01
200600038491,0,07,000,00,1,1,01,A01
200600038492,0,07,000,00,2,1,02,A01
200600038492,0,07,000,00,2,4,02,B01
200600038493,0,07,000,00,2,1,01,B01
200600038493,0,07,000,00,2,3,01,A01
200600038494,0,07,000,00,1,2,01,A01
200600038495,0,07,000,00,2,3,00,A01
200600038495,0,07,000,00,2,0,00,B01
200600038496,0,07,000,00,1,2,01,A01
200600038497,0,07,000,00,2,3,22,A01
200600038497,0,01,000,01,0,1,01,B01
200600038498,0,07,000,00,2,1,05,A01
200600038498,0,07,000,00,2,1,01,B01
200600038499,0,33,000,11,0,1,16,A01
200600038500,0,07,000,00,2,4,01,B01
200600038500,0,07,000,00,2,1,01,A01
200600038500,1,07,000,00,0,4,23,C01
200600038501,0,30,000,00,2,1,01,B01
200600038501,0,07,000,00,2,7,19,A01
200600038502,0,07,000,00,1,1,09,B01
200600038503,0,33,000,00,2,1,01,A01
200600038503,0,07,000,00,9,4,02,B01
200600038504,0,07,000,00,2,2,01,C01
200600038504,0,07,000,00,2,1,01,B01
200600038504,0,07,000,00,2,2,01,D01
200600038504,0,07,000,00,2,1,15,A01
200600038505,0,13,000,00,2,2,14,A01
200600038505,0,13,000,04,2,8,02,B01
200600038505,0,16,000,00,0,5,02,C01
200600038506,0,31,000,00,2,6,01,B01
200600038506,0,07,000,00,2,3,09,A01
200600038507,0,01,000,00,2,7,19,A01
200600038507,0,37,001,00,9,7,01,B01
200600038508,0,07,000,00,2,5,16,A01
200600038508,0,31,000,00,2,8,01,B01
200600038509,0,07,000,00,0,1,01,A01
200600038509,0,01,000,00,2,1,01,B01
200600038509,0,01,000,00,2,1,01,C01
200600038510,0,17,000,13,0,7,01,A01
200600038511,0,07,000,00,0,1,02,A01
200600038511,0,07,000,00,0,4,02,B01
200600038511,0,07,000,00,0,4,02,C01
200600038512,0,07,000,00,2,1,01,A01
200600038512,0,07,000,00,2,4,01,B01
200600038513,0,07,000,00,2,2,12,A01
200600038513,0,05,000,00,2,9,01,B01
200600038514,0,05,000,00,2,1,13,A01
200600038514,0,07,000,00,2,3,01,B01
200600038515,0,07,000,01,0,1,14,A01
200600038516,0,07,000,00,2,1,01,A01
200600038516,0,07,000,00,2,4,01,B01
200600038517,0,01,000,00,2,1,19,A01
200600038518,0,33,000,00,2,1,01,A01
200600038518,0,07,000,00,2,6,01,B01
200600038519,0,07,000,04,2,9,01,A01
200600038520,0,31,000,00,0,7,01,A01
200600038521,0,07,000,00,2,1,01,A01
200600038521,0,30,000,00,2,3,15,B01
200600038522,0,07,000,00,2,2,01,A01
200600038522,0,07,000,00,0,4,23,B01
200600038523,0,01,000,00,2,1,01,A01
200600038523,0,07,000,00,2,7,01,B01
200600038524,0,07,000,00,1,2,01,A01
200600038525,0,07,000,00,1,0,01,A01
200600038526,0,07,000,00,2,1,15,A01
200600038526,0,33,000,00,2,1,01,B01
200600038527,0,07,000,00,1,1,01,A01
200600038528,0,07,000,00,2,8,01,A01
200600038528,0,14,000,00,2,1,01,B01
200600038529,0,02,000,00,1,0,01,A01
200600038530,0,07,000,00,2,9,01,A01
200600038530,0,07,000,00,2,1,01,B01
200600038531,0,07,000,00,2,1,01,A01
200600038531,0,07,000,00,2,1,01,B01
200600038531,0,07,000,00,2,4,01,C01
200600038532,0,07,000,00,2,6,10,A01
200600038532,0,05,000,00,2,3,01,B01
200600038533,0,07,000,00,2,1,05,A01
200600038533,0,07,000,00,2,1,01,B01
200600038534,0,07,000,00,2,1,01,A01
200600038534,0,01,000,00,2,4,01,B01
200600038535,0,33,000,00,2,4,00,A01
200600038535,0,07,000,00,0,0,00,B01
200600038536,0,33,000,00,0,7,01,A01
200600038537,0,07,000,00,2,1,15,A01
200600038537,0,02,000,00,2,1,01,B01
200600038538,0,18,001,00,2,1,01,A01
200600038538,0,07,000,00,2,4,01,B01
200600038539,0,07,000,00,2,1,01,A01
200600038539,0,07,000,00,2,4,23,B01
200600038540,0,02,000,00,2,1,01,A01
200600038540,0,07,000,00,2,4,01,B01
200600038541,0,18,010,00,1,1,01,A01
200600038542,0,05,000,00,2,7,12,A01
200600038542,0,07,000,00,2,3,01,B01
200600038543,0,05,000,00,1,1,01,A01
200600038544,0,07,000,00,2,1,15,A01
200600038544,0,32,000,00,2,1,01,B01
200600038545,0,07,000,00,2,1,01,A01
200600038545,1,07,000,00,0,0,00,B01
200600038546,0,07,000,00,2,2,01,A01
200600038546,0,01,000,00,2,1,15,B01
200600038547,0,07,000,15,0,2,01,A01
200600038548,0,07,000,00,2,9,11,A01
200600038548,0,10,000,00,2,2,01,B01
200600038549,1,04,000,00,2,0,00,A01
200600038549,0,07,000,00,2,1,01,B01
200600038550,0,07,000,00,2,3,13,A01
200600038550,0,33,000,00,2,2,01,B01
200600038551,0,07,000,00,2,0,15,A01
200600038551,0,31,000,00,2,7,01,B01
200600038552,0,07,000,00,2,2,01,A01
200600038552,0,01,000,00,2,7,00,B01
200600038553,0,07,000,00,2,1,13,A01
200600038553,0,07,000,00,2,1,01,B01
200600038554,0,07,000,00,2,3,09,A01
200600038554,0,02,000,00,2,2,15,B01
200600038555,0,07,000,00,1,1,01,A01
200600038556,0,15,000,00,2,1,01,A01
200600038556,0,07,000,00,2,1,01,B01
200600038556,0,07,000,00,2,1,01,C01
200600038556,0,07,000,00,2,4,01,D01
200600038557,0,05,000,00,2,7,15,A01
200600038557,0,10,000,00,2,8,01,B01
200600038558,0,07,000,00,2,1,01,A01
200600038558,0,07,000,00,2,4,01,B01
200600038559,0,13,000,00,2,2,12,A01
200600038559,0,07,000,00,2,9,01,B01
200600038560,0,07,000,00,2,1,01,A01
200600038560,0,07,000,00,2,4,01,B01
200600038560,0,07,000,00,2,4,01,C01
200600038561,0,07,000,00,1,8,01,A01
200600038562,0,10,000,00,2,1,01,A01
200600038562,0,07,000,00,2,4,01,B01
200600038562,0,10,000,00,2,4,01,C01
200600038563,0,02,000,00,2,2,01,A01
200600038563,0,07,000,00,2,8,15,B01
200600038564,0,33,000,00,2,1,01,A01
200600038564,0,07,000,00,2,1,01,B01
200600038565,0,07,000,00,1,1,01,A01
200600038566,0,14,000,00,2,1,12,A01
200600038566,0,07,000,00,2,8,01,B01
200600038567,0,07,000,00,2,1,01,A01
200600038567,0,07,000,00,2,3,01,B01
200600038568,0,07,000,00,2,6,00,B01
200600038568,0,33,000,00,2,1,01,A01
200600038569,0,07,000,00,2,1,15,A01
200600038569,0,33,000,00,2,1,01,B01
200600038570,0,07,000,00,2,1,15,A01
200600038570,0,07,000,00,2,8,15,B01
200600038571,0,07,000,00,2,3,01,A01
200600038571,0,07,000,00,2,1,00,B01
200600038572,0,07,000,00,1,2,15,A01
200600038573,0,07,000,01,0,3,13,A01
200600038574,2,07,000,00,2,8,15,A01
200600038574,0,33,000,00,2,1,01,B01
200600038575,0,33,000,00,2,1,01,A01
200600038575,0,07,000,00,2,6,01,B01
200600038576,0,07,000,00,1,7,01,A01
200600038577,0,07,000,00,2,4,01,A01
200600038577,0,10,000,00,2,6,01,B01
200600038578,0,07,000,00,1,2,01,A01
200600038579,0,07,000,00,2,2,01,A01
200600038579,0,14,000,00,2,3,01,B01
200600038580,0,07,000,00,2,6,11,A01
200600038580,0,33,000,00,2,1,01,B01
200600038581,0,07,000,00,2,8,15,B01
200600038581,0,02,000,00,2,1,17,A01
200600038582,0,07,000,00,2,3,00,B01
200600038582,0,07,000,00,2,1,00,A01
200600038583,0,01,000,00,2,1,00,A01
200600038583,0,31,000,00,9,8,00,B01
200600038584,0,07,000,00,2,2,00,A01
200600038584,0,34,000,00,2,8,00,B01
200600038585,0,07,000,00,0,6,01,A01
200600038585,0,07,000,00,2,3,01,B01
200600038586,0,07,000,02,0,1,01,A01
200600038587,0,07,000,00,2,1,01,A01
200600038587,0,07,000,00,0,4,23,B01
200600038588,0,07,000,00,2,3,09,A01
200600038588,0,02,000,00,2,1,01,B01
200600038589,0,10,000,00,0,0,15,A01
200600038589,0,07,000,15,0,2,01,B01
200600038590,0,07,000,00,2,1,00,A01
200600038590,0,07,000,00,2,4,00,B01
200600038590,0,07,000,00,2,4,00,C01
200600038591,0,07,000,00,2,1,00,A01
200600038591,0,07,000,00,2,8,00,B01
200600038592,0,16,000,00,2,0,11,A01
200600038592,0,07,000,00,2,3,01,B01
200600038592,0,07,000,00,2,9,11,C01
200600038593,0,37,003,00,2,3,01,C01
200600038593,0,07,000,01,2,2,14,A01
200600038594,0,07,000,02,0,9,01,A01
200600038595,0,13,000,00,2,6,04,A01
200600038595,0,33,000,00,2,7,21,B01
200600038596,0,02,000,00,2,1,01,B01
200600038596,0,14,000,00,2,2,16,A01
200600038597,0,07,000,00,0,4,23,B01
200600038597,0,10,000,00,2,1,02,A01
200600038598,0,07,000,00,9,3,15,B01
200600038598,0,01,000,00,2,1,02,A01
200600038599,0,07,000,00,2,5,16,A01
200600038599,0,01,000,00,2,8,01,B01
200600038600,0,30,000,00,2,1,13,A01
200600038600,0,07,000,00,2,3,01,B01
200600038601,0,07,000,00,2,1,13,A01
200600038601,0,07,000,00,2,1,01,B01
200600038602,0,01,000,00,2,1,05,A01
200600038602,0,07,000,00,2,1,01,B01
200600038603,0,02,000,00,2,1,17,A01
200600038603,0,07,000,00,2,1,01,B01
200600038604,0,07,000,00,2,3,15,A01
200600038604,0,30,000,00,2,1,17,B01
200600038605,0,07,000,00,2,1,01,A01
200600038605,0,07,000,00,2,1,01,B01
200600038605,0,07,000,00,2,1,24,C01
200600038605,0,07,000,00,2,4,01,D01
200600038605,0,07,000,00,2,1,01,E01
200600038606,0,07,000,00,1,1,15,A01
200600038607,0,07,000,00,2,7,01,A01
200600038607,0,07,000,00,2,2,01,B01
200600038608,0,07,000,00,1,1,01,A01
200600038609,1,30,000,00,1,1,16,A01
200600038610,0,07,000,00,1,3,16,A01
200600038611,0,07,000,00,2,1,01,A01
200600038611,0,07,000,06,2,8,01,B01
200600038612,0,10,000,00,2,2,01,A01
200600038612,0,31,000,00,2,1,01,B01
200600038613,0,07,000,07,0,3,13,A01
200600038614,0,10,000,00,0,7,15,A01
200600038614,0,30,000,00,2,1,01,B01
200600038615,0,10,000,00,2,2,15,A01
200600038615,0,02,000,00,2,1,01,B01
200600038616,0,02,000,00,0,3,01,A01
200600038616,0,10,000,00,2,1,01,B01
200600038617,0,07,000,00,2,1,01,A01
200600038617,0,07,000,01,0,8,01,B01
200600038618,0,02,000,00,2,1,01,A01
200600038618,0,07,000,00,2,4,01,B01
200600038619,0,07,000,00,1,1,01,A01
200600038620,0,07,000,00,1,1,01,A01
200600038621,0,07,000,00,2,2,05,A01
200600038621,0,33,000,00,2,1,01,B01
200600038622,0,07,000,00,2,1,15,A01
200600038622,0,07,000,00,2,3,01,B01
200600038622,0,07,000,00,0,3,01,C01
200600038623,0,02,000,00,2,2,01,A01
200600038623,0,07,000,00,2,3,01,B01
200600038624,0,07,000,00,1,2,01,A01
200600038625,0,07,000,00,2,2,01,A01
200600038625,0,07,000,00,2,3,01,B01
200600038626,0,07,000,00,1,2,01,A01
200600038626,0,07,000,00,2,6,01,B01
200600038627,0,30,000,00,2,7,01,A01
200600038627,0,07,000,00,2,1,01,B01
200600038628,0,07,000,00,2,1,02,A01
200600038628,0,07,000,00,2,4,02,B01
200600038628,0,07,000,00,2,4,02,C01
200600038629,0,07,000,00,2,1,01,A01
200600038629,0,01,000,01,2,4,19,B01
200600038629,0,01,000,00,2,1,19,C01
200600038630,0,01,000,00,2,1,05,A01
200600038630,0,07,000,00,2,6,01,B01
200600038631,0,01,000,00,1,1,01,A01
200600038632,0,07,000,00,2,8,24,A01
200600038632,0,01,000,01,0,1,01,B01
200600038633,0,07,000,00,2,1,15,A01
200600038633,0,33,000,00,2,1,01,B01
200600038634,0,07,000,00,2,2,01,A01
200600038634,0,02,000,00,2,1,01,B01
200600038635,0,30,000,00,2,1,01,A01
200600038635,0,07,000,00,0,4,23,B01
200600038636,0,38,001,00,2,3,15,A01
200600038636,0,31,000,00,2,0,01,B01
200600038637,0,07,000,00,2,1,01,A01
200600038637,0,07,000,01,0,4,01,B01
200600038638,0,30,000,00,2,2,01,A01
200600038638,0,07,000,00,0,7,01,B01
200600038639,0,30,000,00,0,8,17,A01
200600038640,0,07,000,00,2,6,09,A01
200600038640,0,02,000,00,2,1,01,B01
200600038641,0,07,000,00,2,3,18,A01
200600038641,0,01,000,00,2,2,01,B01
200600038642,0,20,000,00,1,4,04,A01
200600038643,0,07,000,00,2,3,10,A01
200600038643,0,30,000,00,2,1,01,B01
200600038644,0,02,000,00,0,9,00,A01
200600038645,0,07,000,00,2,1,01,A01
200600038645,0,07,000,00,2,3,01,B01
200600038646,0,07,000,14,0,1,16,A01
200600038646,0,07,000,14,0,1,23,B01
200600038646,0,07,000,00,0,1,23,C01
200600038647,0,07,000,00,2,6,04,A01
200600038647,0,02,000,00,0,1,05,B01
200600038648,0,33,000,00,0,8,17,A01
200600038649,0,01,000,00,2,1,01,A01
200600038649,0,07,000,00,2,8,01,B01
200600038650,0,31,000,00,2,1,17,A01
200600038650,0,07,000,00,2,8,15,B01
200600038651,0,07,000,00,1,3,01,A01
200600038652,0,02,000,00,1,1,01,A01
200600038653,0,31,000,00,0,7,01,A01
200600038654,0,30,000,00,1,1,01,A01
200600038655,0,07,000,00,2,1,09,A01
200600038655,0,33,000,00,2,5,01,B01
200600038656,0,07,000,00,2,3,09,A01
200600038656,0,37,047,00,2,1,01,B01
200600038657,0,07,000,00,2,2,14,A01
200600038657,0,33,000,00,2,9,01,B01
200600038658,0,10,000,00,2,1,01,A01
200600038658,0,07,000,00,2,9,02,B01
200600038658,0,07,000,00,2,4,02,C01
200600038659,0,07,000,00,2,1,01,A01
200600038659,0,07,000,00,2,7,01,B01
200600038660,0,13,000,00,2,1,01,B01
200600038660,0,07,000,00,2,9,00,A01
200600038661,0,07,000,00,1,2,01,A01
200600038662,0,31,000,00,2,2,16,A01
200600038662,0,02,000,00,2,9,01,B01
200600038663,0,30,000,00,2,0,01,A01
200600038663,0,07,000,00,1,5,01,B01
200600038664,0,07,000,00,2,2,16,A01
200600038664,0,30,000,00,0,9,01,B01
200600038665,0,10,000,00,2,0,01,A01
200600038665,0,07,000,00,2,8,16,B01
200600038666,0,07,000,00,0,5,16,A01
200600038666,0,02,000,00,2,9,01,B01
200600038667,0,07,000,00,2,0,15,A01
200600038667,0,07,000,00,2,1,01,B01
200600038667,0,07,000,00,2,2,23,C01
200600038667,0,33,000,00,2,1,01,D01
200600038668,0,10,000,00,2,3,09,A01
200600038668,0,34,000,00,2,1,01,B01
200600038669,0,07,000,00,2,1,01,A01
200600038669,0,10,000,00,2,2,01,B01
200600038669,0,07,000,00,2,4,01,C01
200600038670,0,33,000,00,2,1,01,A01
200600038670,0,07,000,00,2,6,01,B01
200600038671,0,07,000,00,1,0,01,A01
200600038672,0,07,000,00,1,2,13,A01
200600038673,0,07,000,00,2,2,15,A01
200600038673,0,07,000,00,0,0,13,B01
200600038674,0,07,000,00,0,9,21,A01
200600038675,0,07,000,02,0,1,01,A01
200600038676,0,07,000,00,2,3,10,A01
200600038676,0,33,000,00,2,1,01,B01
200600038677,0,07,000,00,2,3,00,A01
200600038677,0,30,000,00,2,1,05,B01
200600038678,0,07,000,02,0,1,00,A01
200600038679,0,07,000,00,9,1,00,A01
200600038679,0,30,000,00,2,7,06,B01
200600038680,0,07,000,08,0,1,14,A01
200600038681,0,07,000,00,2,3,13,A01
200600038681,0,07,000,00,2,3,01,B01
200600038681,0,07,000,00,2,3,01,C01
200600038682,0,31,000,00,2,2,00,A01
200600038682,0,07,000,00,9,3,01,B01
200600038683,1,07,000,00,1,1,01,A01
200600038684,0,07,000,00,2,6,01,B01
200600038684,0,07,000,00,2,1,01,C01
200600038684,0,07,000,00,2,8,01,A01
200600038685,0,07,000,00,1,2,17,A01
200600038686,0,07,000,00,2,7,16,A01
200600038686,0,31,000,00,2,6,18,B01
200600038687,0,02,000,00,0,5,01,A01
200600038688,0,07,000,00,2,4,15,A01
200600038688,0,33,000,00,2,1,01,B01
200600038689,1,07,000,00,9,8,14,A01
200600038689,0,01,000,00,2,7,01,B01
200600038690,0,07,000,00,2,2,15,A01
200600038690,0,07,000,00,2,3,01,B01
200600038691,0,07,000,00,2,3,01,A01
200600038691,0,14,000,00,2,5,02,B01
200600038692,0,17,000,00,2,2,01,B01
200600038692,0,07,000,00,2,8,01,A01
200600038693,0,07,000,00,2,7,01,A01
200600038693,1,07,000,00,2,3,01,B01
200600038694,0,07,000,13,0,1,14,A01
200600038695,0,07,000,15,0,1,13,A01
200600038696,0,07,000,13,0,2,14,A01
200600038697,0,31,000,00,2,8,01,A01
200600038697,0,07,000,00,2,6,15,B01
200600038698,0,07,000,00,1,1,16,A01
200600038699,0,33,000,00,2,1,01,B01
200600038699,0,07,000,00,2,3,13,A01
200600038700,0,07,000,00,1,1,01,A01
200600038701,0,07,000,00,1,1,01,A01
200600038702,0,07,000,00,1,1,15,A01
200600038703,0,10,000,00,1,4,04,A01
200600038704,0,34,000,06,0,1,14,A01
200600038705,0,07,000,00,2,3,01,A01
200600038705,0,07,000,00,2,1,01,B01
200600038706,0,02,000,00,9,1,21,A01
200600038706,0,01,000,00,2,1,21,B01
200600038707,0,07,000,00,2,2,01,A01
200600038707,0,07,000,00,2,6,01,B01
200600038708,0,02,000,00,1,1,08,A01
200600038709,0,07,000,00,9,7,17,A01
200600038709,0,01,000,00,0,8,01,B01
200600038710,0,10,000,00,2,1,15,A01
200600038710,0,07,000,00,2,1,01,B01
200600038711,0,07,000,03,0,1,14,A01
200600038712,0,07,000,00,2,3,15,A01
200600038712,0,07,000,00,2,3,01,B01
200600038713,0,30,000,09,2,7,17,A01
200600038713,0,07,000,00,2,3,15,B01
200600038714,0,02,000,00,2,1,17,A01
200600038714,0,07,000,00,0,3,15,B01
200600038715,0,33,000,15,2,3,01,B01
200600038715,0,07,000,00,2,2,15,A01
200600038716,0,07,000,00,2,1,02,A01
200600038716,0,07,000,00,2,4,02,B01
200600038717,0,02,000,00,2,1,05,A01
200600038717,0,07,000,00,2,8,15,B01
200600038718,0,07,000,00,2,2,01,A01
200600038718,0,07,000,00,2,1,01,B01
200600038719,0,10,000,00,2,3,16,A01
200600038719,2,10,000,00,2,2,19,B01
200600038720,0,01,000,00,2,8,00,A01
200600038720,0,07,000,00,2,3,00,B01
200600038721,0,31,000,00,2,1,01,A01
200600038721,0,07,000,00,0,0,01,B01
200600038722,0,07,000,00,2,2,15,A01
200600038722,0,30,000,00,2,1,02,B01
200600038723,0,07,000,00,2,2,15,A01
200600038723,0,02,000,00,2,1,01,B01
200600038724,0,07,000,00,1,4,04,A01
200600038725,0,99,000,02,0,2,01,A01
200600038726,0,31,000,00,2,1,01,B01
200600038726,0,10,000,00,2,2,19,A01
200600038727,0,07,000,00,2,1,01,A01
200600038727,0,07,000,00,2,4,01,B01
200600038728,0,01,000,00,1,1,01,A01
200600038729,0,07,010,00,0,0,15,A01
200600038730,0,30,000,00,2,0,12,A01
200600038731,0,10,000,00,0,3,20,A01
200600038731,0,30,000,00,2,1,01,B01
200600038732,0,07,000,00,2,3,13,A01
200600038732,0,07,000,00,2,5,13,B01
200600038733,0,07,000,00,2,1,02,A01
200600038733,0,07,000,00,2,4,23,B01
200600038733,0,07,000,00,2,4,23,C01
200600038733,0,07,000,12,0,0,24,D01
200600038734,0,10,000,00,1,8,01,A01
200600038735,0,30,000,01,0,2,11,A01
200600038735,0,13,000,00,0,6,24,B01
200600038736,0,10,000,00,2,3,15,A01
200600038736,0,34,000,00,2,2,01,B01
200600038737,0,10,000,00,2,1,01,B01
200600038737,0,10,000,00,2,7,01,A01
200600038738,0,17,000,00,2,1,01,A01
200600038738,0,32,000,00,0,4,01,B01
200600038738,0,32,000,00,0,4,01,C01
200600038739,0,07,000,00,2,1,01,B01
200600038739,0,07,000,00,2,8,15,A01
200600038740,0,34,000,00,2,1,02,A01
200600038740,0,07,000,00,2,6,01,B01
200600038741,1,07,000,00,1,0,00,A01
200600038742,0,30,000,00,2,7,01,A01
200600038742,0,07,000,00,2,3,15,B01
200600038743,0,07,000,00,2,6,15,A01
200600038743,0,31,000,00,2,1,01,B01
200600038744,0,07,000,00,2,3,15,A01
200600038744,0,33,000,00,2,7,01,B01
200600038745,0,07,000,00,2,8,15,A01
200600038745,0,33,000,00,2,1,17,B01
200600038746,0,07,000,07,0,1,13,A01
200600038747,0,02,000,00,2,1,01,A01
200600038747,0,07,000,00,2,4,02,B01
200600038748,0,07,000,01,0,2,00,A01
200600038749,0,07,000,00,2,2,15,A01
200600038749,0,33,000,00,2,1,01,B01
200600038750,0,02,000,00,2,2,17,A01
200600038750,0,07,000,00,2,3,15,B01
200600038751,0,33,000,00,2,3,18,A01
200600038751,0,07,000,00,2,0,16,B01
200600038752,0,07,000,00,2,0,15,A01
200600038752,0,31,000,00,2,0,21,B01
200600038753,0,07,000,00,2,2,01,A01
200600038753,0,07,000,00,2,3,15,B01
200600038754,0,01,000,00,2,1,01,A01
200600038754,0,07,000,00,2,5,23,B01
200600038755,0,07,000,00,2,9,15,A01
200600038755,0,07,000,00,2,1,01,B01
200600038755,0,07,000,00,2,8,23,C01
200600038756,0,07,000,00,2,1,01,A01
200600038756,0,02,000,00,2,3,01,B01
200600038757,0,07,000,00,2,1,15,A01
200600038757,0,32,000,00,2,1,01,B01
200600038758,0,07,000,00,2,1,02,A01
200600038758,0,07,000,00,2,4,23,B01
200600038759,0,07,000,00,1,1,01,A01
200600038760,0,07,000,00,2,1,02,A01
200600038760,0,07,000,00,2,4,23,B01
200600038761,0,07,000,00,2,8,10,A01
200600038761,0,07,000,00,2,1,01,B01
200600038762,0,07,000,11,0,9,01,A01
200600038763,1,07,000,00,1,0,00,A01
200600038764,0,30,000,14,0,9,01,A01
200600038765,0,07,000,00,2,1,02,A01
200600038765,0,07,000,00,2,4,02,B01
200600038766,0,33,000,00,0,0,14,A01
200600038767,0,07,000,00,2,1,16,A01
200600038767,0,07,000,00,2,9,23,B01
200600038767,0,07,000,00,2,4,23,C01
200600038768,0,14,000,00,2,8,12,A01
200600038768,0,07,000,00,2,8,01,B01
200600038769,0,07,000,00,2,7,16,A01
200600038769,0,30,000,00,2,1,01,B01
200600038770,0,07,000,00,2,7,14,A01
200600038770,0,33,000,00,2,7,02,B01
200600038771,0,33,000,00,0,8,00,A01
200600038772,0,32,000,00,0,8,01,A01
200600038773,0,02,000,00,2,3,13,A01
200600038773,1,07,000,00,2,0,00,B01
200600038774,0,01,000,00,2,7,19,A01
200600038774,0,07,000,00,2,1,01,B01
200600038775,0,07,000,00,2,4,02,A01
200600038775,0,07,000,00,2,1,02,B01
200600038776,0,30,000,00,2,3,01,A01
200600038776,1,07,000,00,2,0,16,B01
200600038777,0,10,000,00,2,2,01,A01
200600038777,0,07,000,00,2,4,20,B01
200600038778,0,30,000,00,0,7,01,A01
200600038779,0,30,000,00,2,8,01,A01
200600038779,0,07,000,00,2,5,16,B01
200600038780,0,02,000,11,2,9,01,A01
200600038781,0,07,000,02,0,1,01,A01
200600038782,0,10,000,00,6,8,01,A01
200600038782,0,07,000,00,6,3,01,B01
200600038782,0,33,000,00,6,1,01,C01
200600038783,0,07,000,00,2,2,15,A01
200600038783,0,37,033,00,2,1,01,B01
200600038784,0,30,000,00,2,1,15,A01
200600038784,0,07,000,00,2,7,01,B01
200600038785,0,07,000,00,2,1,15,A01
200600038785,0,02,000,00,2,1,01,B01
200600038786,0,02,000,00,2,1,17,A01
200600038786,0,07,000,00,2,8,15,B01
200600038787,0,07,000,00,2,1,02,A01
200600038787,0,07,000,00,2,9,23,B01
200600038787,0,07,000,00,2,4,23,C01
200600038788,0,07,000,00,2,1,02,A01
200600038788,0,07,000,00,0,4,01,B01
200600038789,0,20,000,00,2,2,01,A01
200600038789,0,07,000,00,2,1,01,B01
200600038790,0,02,000,00,2,1,12,B01
200600038790,0,07,000,00,2,3,20,A01
200600038791,0,07,000,00,2,2,15,A01
200600038791,0,02,000,00,2,1,01,B01
200600038792,0,07,000,00,2,1,01,A01
200600038792,0,07,000,00,2,4,01,B01
200600038792,0,07,000,00,2,4,01,C01
200600038793,0,02,000,00,0,0,01,A01
200600038794,0,01,000,00,2,7,01,B01
200600038794,0,07,000,00,2,1,16,A01
200600038795,0,07,000,13,0,7,14,A01
200600038796,0,07,000,01,0,3,13,A01
200600038797,0,07,000,00,1,1,01,A01
200600038798,0,07,000,12,0,1,13,A01
200600038799,0,07,000,00,2,2,01,B01
200600038799,0,07,000,00,2,3,15,A01
200600038800,0,07,000,00,2,1,01,B01
200600038800,0,01,000,00,2,1,05,A01
200600038801,0,33,000,00,0,0,01,A01
200600038802,0,14,000,00,2,2,17,A01
200600038802,0,07,000,00,2,6,01,B01
200600038803,0,02,000,00,0,0,01,A01
200600038804,0,07,000,00,2,2,09,B01
200600038804,0,01,000,00,2,1,05,A01
200600038805,0,02,000,01,0,0,01,A01
200600038806,0,07,000,00,2,2,17,A01
200600038806,0,01,000,00,2,1,15,B01
200600038807,0,07,000,00,2,5,16,A01
200600038807,0,02,000,00,2,1,01,B01
200600038808,0,07,000,00,2,8,15,A01
200600038808,0,10,000,00,2,1,01,B01
200600038809,0,37,000,00,1,0,02,A01
200600038810,0,02,000,00,1,1,01,A01
200600038811,0,33,000,00,2,3,01,B01
200600038811,0,07,000,00,2,3,15,A01
200600038812,0,07,000,00,2,1,01,B01
200600038812,0,07,000,07,2,3,01,A01
200600038813,0,10,000,00,2,6,15,A01
200600038813,0,33,000,00,2,1,01,B01
200600038814,0,01,000,00,2,8,00,A01
200600038814,0,07,000,00,2,1,01,B01
200600038815,0,07,000,00,2,2,15,B01
200600038815,0,07,000,00,2,1,01,A01
200600038816,0,10,000,00,2,1,01,A01
200600038816,0,07,000,00,2,4,01,B01
200600038817,0,31,000,12,0,1,01,A01
200600038818,0,07,000,08,0,1,06,A01
200600038819,0,20,000,00,2,1,02,B01
200600038819,0,07,000,00,2,8,10,A01
200600038820,0,07,000,00,2,1,09,A01
200600038820,0,33,000,00,2,2,01,B01
200600038821,0,07,000,00,2,8,15,A01
200600038821,0,33,000,00,2,1,01,B01
200600038822,0,07,000,00,0,4,02,A01
200600038822,0,07,000,00,2,1,02,B01
200600038823,0,07,000,00,1,1,01,A01
200600038824,0,07,000,00,2,2,15,A01
200600038824,0,07,000,00,2,3,01,B01
200600038825,0,40,000,00,1,2,01,A01
200600038826,0,37,000,00,2,3,15,A01
200600038826,0,34,000,00,2,7,17,B01
200600038827,0,14,000,00,2,2,01,A01
200600038827,0,07,000,00,2,8,15,B01
200600038828,0,07,000,00,2,7,15,A01
200600038828,0,02,000,00,2,1,01,B01
200600038829,0,07,000,00,2,1,21,A01
200600038829,0,07,000,00,2,1,01,B01
200600038829,0,07,000,00,2,1,02,C01
200600038829,1,07,000,00,2,6,11,D01
200600038830,0,33,000,01,0,0,01,A01
200600038831,0,31,000,15,0,1,13,A01
200600038832,0,07,000,00,2,2,05,A01
200600038832,0,07,000,00,2,3,00,B01
200600038833,0,07,000,00,1,2,16,A01
200600038834,0,07,000,00,1,1,01,A01
200600038835,0,07,000,00,2,8,23,A01
200600038835,0,32,000,00,2,7,17,B01
200600038836,0,33,000,04,0,0,00,A01
200600038836,1,33,000,00,0,0,00,B01
200600038837,0,07,000,00,2,1,15,A01
200600038837,0,07,000,00,2,3,01,B01
200600038837,0,07,000,00,1,1,01,C01