Num_Acc,senc,catv,occutc,obs,obsm,choc,manv,num_veh
200600039198,0,07,000,00,2,8,09,A01
200600039198,0,10,000,00,2,2,01,B01
200600039199,0,17,000,03,0,7,15,A01
200600039200,0,07,000,00,2,8,24,A01
200600039200,0,01,000,01,0,1,01,B01
200600039201,0,07,000,00,2,2,01,B01
200600039201,0,01,000,00,2,1,01,A01
200600039202,0,32,000,12,0,7,21,A01
200600039202,1,07,000,00,0,0,13,B01
200600039203,0,07,000,00,2,5,15,A01
200600039203,0,33,000,00,2,1,01,B01
200600039204,0,07,000,00,2,2,15,A01
200600039204,0,02,000,00,2,1,01,B01
200600039205,0,07,000,00,2,7,09,A01
200600039205,0,01,000,00,2,1,01,B01
200600039206,0,07,000,00,1,1,05,A01
200600039207,0,07,000,06,2,3,01,A01
200600039207,0,07,000,00,2,2,01,B01
200600039208,0,10,000,00,2,4,23,B01
200600039208,0,10,000,00,2,1,01,A01
200600039209,0,07,000,00,2,3,15,A01
200600039209,0,33,000,00,2,1,01,B01
200600039210,0,07,000,09,2,1,21,A01
200600039210,0,07,000,00,0,0,13,B01
200600039211,0,30,000,00,2,1,01,A01
200600039211,0,07,000,00,2,4,23,B01
200600039212,0,07,000,00,2,1,15,A01
200600039212,0,33,000,00,2,1,01,B01
200600039213,0,14,000,00,2,1,11,A01
200600039213,0,07,000,01,2,7,01,B01
200600039214,0,07,000,00,2,3,15,A01
200600039214,0,33,000,00,2,1,01,B01
200600039215,0,07,000,06,0,1,16,A01
200600039216,0,07,000,01,0,1,15,A01
200600039216,0,99,000,00,0,2,24,B01
200600039217,0,07,000,02,0,9,00,A01
200600039218,0,07,000,01,0,2,01,A01
200600039218,0,07,000,00,2,1,00,B01
200600039219,0,07,000,15,0,1,00,A01
200600039220,0,17,000,00,2,2,09,A01
200600039220,0,33,000,00,2,1,01,B01
200600039221,0,07,000,00,2,1,01,A01
200600039221,0,07,000,00,2,4,01,B01
200600039221,0,07,000,00,2,4,01,C01
200600039222,0,02,000,00,2,7,01,A01
200600039222,0,07,000,00,2,0,01,B01
200600039223,0,07,000,00,2,1,01,A01
200600039223,0,02,000,00,2,4,15,B01
200600039224,0,33,000,06,0,1,13,A01
200600039225,0,07,000,00,2,6,09,A01
200600039225,0,07,000,00,2,1,01,B01
200600039226,0,07,000,00,2,7,09,A01
200600039226,0,01,000,00,2,8,01,B01
200600039227,0,07,000,00,1,1,09,A01
200600039228,0,07,000,00,1,1,01,A01
200600039229,0,33,000,00,2,1,01,A01
200600039229,0,07,000,00,2,4,01,B01
200600039230,0,31,000,00,0,7,01,A01
200600039231,1,07,000,00,2,8,01,A01
200600039231,0,07,000,00,2,8,01,B01
200600039232,0,07,000,06,0,1,01,A01
200600039233,0,07,000,08,0,1,01,A01
200600039234,0,07,000,00,1,1,01,A01
200600039235,0,07,000,00,1,3,01,A01
200600039236,0,01,000,00,2,1,01,B01
200600039236,0,07,000,00,2,0,01,A01
200600039237,0,07,000,00,1,1,01,A01
200600039238,0,30,000,11,0,1,01,A01
200600039239,0,07,000,00,1,8,01,A01
200600039240,0,30,000,00,2,7,01,A01
200600039240,0,07,000,00,2,1,01,B01
200600039241,0,01,000,00,1,1,01,A01
200600039242,0,01,000,00,0,0,01,A01
200600039243,0,33,000,00,2,1,18,A01
200600039243,0,07,000,00,2,7,16,B01
200600039244,0,07,000,00,2,1,01,A01
200600039244,0,07,000,00,2,4,01,B01
200600039245,0,01,000,00,2,7,01,B01
200600039245,0,07,000,00,2,1,01,A01
200600039246,0,34,000,12,0,1,01,A01
200600039247,0,07,000,00,2,1,01,A01
200600039247,0,07,000,00,2,3,01,B01
200600039248,0,10,000,13,0,1,01,A01
200600039249,0,02,000,00,0,8,01,A01
200600039250,0,02,000,00,0,7,01,A01
200600039251,0,01,000,12,0,7,01,A01
200600039252,0,07,000,00,9,3,01,A01
200600039252,0,01,000,00,0,7,02,B01
200600039253,0,33,000,12,0,1,00,A01
200600039254,0,07,000,12,0,8,01,A01
200600039255,0,07,000,06,0,1,01,A01
200600039256,0,01,000,00,0,7,01,A01
200600039257,0,07,000,00,2,5,04,A01
200600039257,0,01,000,00,2,7,01,B01
200600039258,0,33,000,00,2,2,17,A01
200600039258,0,07,000,00,2,8,15,B01
200600039259,0,07,000,00,2,1,01,A01
200600039259,0,07,000,01,2,8,01,B01
200600039260,0,01,000,00,0,0,01,A01
200600039261,0,07,000,00,2,1,00,A01
200600039261,0,07,000,00,0,1,00,B01
200600039262,0,07,000,00,2,4,00,A01
200600039262,0,07,000,00,2,1,01,B01
200600039263,0,02,000,00,2,4,17,A01
200600039263,0,02,000,00,2,1,01,B01
200600039264,1,07,000,14,0,1,02,B01
200600039264,0,07,000,00,0,4,23,A01
200600039265,0,01,000,00,2,1,21,B01
200600039265,0,07,000,00,2,8,09,A01
200600039266,1,07,000,00,1,2,14,A01
200600039267,0,05,000,00,2,7,02,A01
200600039267,0,05,000,00,2,8,01,B01
200600039268,0,07,000,14,0,1,02,A01
200600039268,0,07,000,00,2,4,23,B01
200600039269,0,07,000,00,2,6,11,A01
200600039269,0,33,000,00,2,7,01,B01
200600039270,0,07,000,00,1,1,01,A01
200600039271,0,07,000,00,1,7,01,A01
200600039272,0,07,000,00,2,1,13,A01
200600039272,0,07,000,00,2,1,01,B01
200600039273,0,02,000,00,2,1,17,A01
200600039273,0,07,000,00,2,3,01,B01
200600039274,0,07,000,00,0,3,01,A01
200600039275,0,33,000,15,0,1,15,A01
200600039276,0,07,000,00,2,3,20,A01
200600039276,0,31,000,00,2,1,01,B01
200600039277,0,07,000,00,2,5,17,A01
200600039277,0,01,000,00,2,3,01,B01
200600039277,0,01,000,00,2,3,01,C01
200600039278,0,07,000,00,1,2,01,A01
200600039279,0,07,000,00,2,2,10,A01
200600039279,0,30,000,00,2,1,01,B01
200600039280,0,07,000,00,2,1,02,A01
200600039280,0,07,000,00,2,1,01,B01
200600039281,0,07,000,12,0,8,02,A01
200600039281,0,07,000,12,0,0,02,B01
200600039282,0,07,000,00,1,1,01,A01
200600039283,0,07,000,00,1,2,01,A01
200600039284,1,99,000,00,1,0,00,A01
200600039285,0,07,000,00,2,2,17,A01
200600039285,0,02,000,00,2,0,15,B01
200600039286,0,33,000,00,2,1,01,B01
200600039286,0,07,000,00,2,5,01,A01
200600039287,0,33,000,00,0,0,01,A01
200600039288,0,07,000,09,0,1,00,A01
200600039289,1,07,000,00,1,1,00,A01
200600039290,0,30,000,00,1,1,00,A01
200600039291,0,07,000,00,2,1,01,A01
200600039291,0,07,000,00,2,1,01,B01
200600039291,0,10,000,00,2,4,01,C01
200600039292,0,07,000,02,0,1,01,A01
200600039292,0,02,000,02,0,1,01,B01
200600039293,0,07,000,00,1,1,01,A01
200600039294,0,07,000,03,2,1,21,B01
200600039294,0,07,000,00,2,3,13,A01
200600039295,0,20,000,00,2,1,16,A01
200600039295,0,07,000,00,9,2,01,B01
200600039296,0,07,000,00,2,7,01,B01
200600039296,1,07,000,00,2,1,15,A01
200600039297,0,02,000,00,2,8,01,B01
200600039297,0,07,000,00,2,1,01,A01
200600039298,0,07,000,00,2,6,02,B01
200600039298,0,07,000,15,2,1,02,A01
200600039299,0,07,000,00,2,4,02,B01
200600039299,0,02,000,00,2,1,02,A01
200600039300,0,15,000,00,2,1,01,B01
200600039300,0,07,000,01,2,7,01,A01
200600039300,0,03,000,08,2,8,24,C01
200600039301,0,07,000,00,2,4,01,B01
200600039301,0,30,000,00,2,1,00,A01
200600039302,0,07,000,01,0,1,01,A01
200600039303,0,31,000,00,2,1,01,B01
200600039303,0,07,000,00,2,5,01,A01
200600039304,0,33,000,00,2,3,13,A01
200600039304,0,07,000,00,2,3,01,B01
200600039305,0,07,000,00,2,1,01,A01
200600039305,0,07,000,00,2,1,01,B01
200600039306,0,07,000,00,2,3,09,A01
200600039306,0,30,000,00,2,7,01,B01
200600039307,0,30,000,00,2,1,13,A01
200600039307,0,07,000,00,2,3,01,B01
200600039308,0,07,000,00,2,1,01,A01
200600039308,0,02,000,00,2,1,15,B01
200600039309,0,02,000,00,2,1,01,A01
200600039309,0,07,000,00,2,5,01,B01
200600039310,0,07,000,00,2,2,01,B01
200600039310,0,07,000,00,2,3,15,A01
200600039311,0,07,000,00,2,1,01,A01
200600039311,0,07,000,00,2,8,01,B01
200600039311,0,07,000,01,2,9,01,C01
200600039311,0,07,000,00,2,1,01,E01
200600039312,0,07,000,00,2,3,15,A01
200600039312,0,33,000,00,2,3,01,B01
200600039313,0,02,000,12,0,1,01,A01
200600039314,0,33,000,11,0,8,17,A01
200600039315,0,02,000,00,2,7,17,A01
200600039315,0,02,000,00,2,4,15,B01
200600039316,0,33,000,01,0,5,01,A01
200600039317,0,07,000,00,1,1,01,A01
200600039318,0,02,000,00,0,0,02,A01
200600039319,0,30,000,01,0,1,14,A01
200600039320,1,07,000,00,2,7,02,B01
200600039320,0,01,000,00,2,8,02,A01
200600039321,0,07,000,00,2,3,01,A01
200600039321,0,30,000,00,2,0,00,B01
200600039322,0,07,000,00,2,8,15,A01
200600039322,0,01,000,00,2,1,01,B01
200600039323,0,07,000,00,2,2,15,A01
200600039323,0,02,000,00,2,1,01,B01
200600039324,0,07,000,00,2,3,15,A01
200600039324,0,02,000,00,2,1,01,B01
200600039325,0,07,000,00,2,1,02,A01
200600039325,0,07,000,00,2,8,02,B01
200600039326,0,07,000,00,2,1,01,B01
200600039326,0,07,000,00,2,1,23,C01
200600039326,0,07,000,00,2,7,09,A01
200600039327,0,07,000,00,2,8,01,A01
200600039327,0,02,000,15,2,7,05,B01
200600039328,0,07,000,00,2,6,15,A01
200600039328,0,05,000,00,2,1,01,B01
200600039329,0,07,000,00,2,6,10,A01
200600039329,0,33,000,00,2,2,02,B01
200600039330,0,05,000,00,2,1,17,A01
200600039330,0,21,000,00,2,6,15,B01
200600039331,0,13,000,00,1,1,09,A01
200600039332,0,07,000,15,1,2,01,A01
200600039333,0,02,000,00,2,7,01,A01
200600039333,0,07,000,00,2,1,15,B01
200600039334,1,30,000,00,1,1,01,B01
200600039335,0,07,000,00,2,1,13,A01
200600039335,0,07,000,00,2,1,01,B01
200600039336,0,33,000,00,2,1,01,B01
200600039336,0,20,000,00,2,6,15,A01
200600039337,0,07,000,00,0,4,23,B01
200600039337,0,07,000,00,2,1,01,A01
200600039338,0,14,000,00,2,2,01,A01
200600039338,0,01,000,00,2,3,16,B01
200600039339,0,07,000,00,1,3,01,A01
200600039340,0,01,000,00,2,1,15,A01
200600039340,0,07,000,00,2,2,01,B01
200600039341,0,02,000,00,1,1,01,A01
200600039342,0,07,000,00,2,2,01,B01
200600039342,0,07,000,00,2,1,01,A01
200600039343,0,07,000,00,2,6,11,A01
200600039343,0,33,000,00,2,1,01,B01
200600039344,1,07,000,00,2,1,00,B01
200600039344,0,01,000,00,2,1,00,A01
200600039345,0,07,000,01,0,2,01,A01
200600039346,0,07,000,00,2,1,15,A01
200600039346,0,07,000,00,2,3,01,B01
200600039347,0,07,000,00,2,2,01,B01
200600039347,0,01,000,00,2,1,01,A01
200600039348,0,07,000,00,2,1,01,A01
200600039348,1,02,000,00,2,3,05,B01
200600039349,0,07,000,00,0,2,10,A01
200600039349,0,33,000,00,2,1,01,B01
200600039350,0,07,000,00,0,8,19,A01
200600039350,0,33,000,00,2,1,01,B01
200600039351,0,07,000,00,2,7,20,A01
200600039351,0,30,000,00,2,1,02,B01
200600039352,0,33,000,00,2,1,01,B01
200600039352,0,07,000,00,2,1,15,A01
200600039353,0,07,000,00,1,1,01,B01
200600039354,0,33,000,04,0,1,01,A01
200600039355,0,07,000,00,2,7,09,A01
200600039355,0,02,000,00,2,1,01,B01
200600039356,0,07,000,00,2,2,01,A01
200600039356,0,01,000,00,2,8,00,B01
200600039357,0,07,000,00,2,1,09,A01
200600039357,0,02,000,00,2,8,01,B01
200600039358,0,07,000,00,2,8,17,A01
200600039358,0,33,000,00,2,8,17,B01
200600039359,0,07,000,01,0,1,16,A01
200600039360,0,07,000,00,1,1,01,A01
200600039361,0,07,000,00,1,1,01,A01
200600039362,0,07,000,01,2,9,01,A01
200600039362,0,07,000,01,2,4,01,B01
200600039362,0,07,000,00,2,7,24,C01
200600039362,0,07,000,00,2,4,00,D01
200600039362,0,10,000,00,2,4,00,E01
200600039363,0,02,000,01,0,7,01,A01
200600039364,0,07,000,00,1,1,01,A01
200600039365,0,33,000,00,2,1,05,A01
200600039365,0,07,000,00,2,3,15,B01
200600039366,0,07,000,00,1,3,04,A01
200600039367,0,07,000,00,1,1,01,B01
200600039368,0,03,000,06,0,1,13,A01
200600039369,0,30,000,01,0,1,14,A01
200600039369,0,07,000,00,9,2,24,B01
200600039370,0,10,000,00,2,3,15,A01
200600039370,0,30,000,00,2,1,02,B01
200600039371,0,07,000,00,1,1,01,A01
200600039372,0,10,000,00,1,3,01,A01
200600039373,0,33,000,00,2,1,01,A01
200600039373,0,07,000,00,2,1,01,B01
200600039374,0,07,000,00,9,2,16,A01
200600039374,0,02,000,00,2,1,01,B01
200600039375,0,07,000,00,2,3,10,A01
200600039375,0,01,000,00,2,1,17,B01
200600039376,0,07,000,00,1,1,01,A01
200600039377,0,31,000,00,2,1,07,A01
200600039377,0,07,000,00,2,8,15,B01
200600039378,0,07,000,00,1,2,15,A01
200600039378,0,02,000,00,2,1,01,B01
200600039379,0,01,000,00,2,1,01,A01
200600039379,0,07,000,00,2,1,01,B01
200600039380,0,36,000,06,0,1,01,A01
200600039381,0,02,000,00,2,1,01,A01
200600039381,0,07,000,00,2,3,02,B01
200600039382,0,07,000,00,2,1,01,A01
200600039382,0,01,000,00,2,4,01,B01
200600039383,0,07,000,00,1,1,01,A01
200600039384,0,02,000,01,2,1,01,A01
200600039384,0,07,000,01,2,0,00,B01
200600039385,0,07,000,00,1,1,01,B01
200600039386,0,07,000,00,1,1,01,A01
200600039387,0,20,000,00,2,2,15,A01
200600039387,0,33,000,00,2,2,01,B01
200600039388,0,07,000,00,2,2,15,A01
200600039388,0,30,000,00,2,8,01,B01
200600039389,0,07,000,00,1,6,24,A01
200600039389,0,01,000,01,0,1,01,B01
200600039390,1,10,000,00,2,1,01,A01
200600039390,0,07,000,00,2,4,23,B01
200600039391,0,07,000,00,2,2,01,B01
200600039391,0,01,000,00,2,1,16,A01
200600039392,0,03,000,00,2,3,15,A01
200600039392,0,01,000,00,2,1,02,B01
200600039393,0,30,000,00,2,1,01,A01
200600039393,0,07,000,00,2,3,15,B01
200600039394,0,07,000,00,2,5,15,A01
200600039394,0,33,000,00,2,8,01,B01
200600039395,0,14,000,00,2,1,01,A01
200600039395,0,07,000,00,2,2,01,B01
200600039395,0,07,000,00,2,2,01,C01
200600039395,0,07,000,00,2,4,01,D01
200600039396,0,01,000,00,2,1,01,A01
200600039396,0,07,000,00,2,4,01,B01
200600039397,2,07,000,00,2,1,01,A01
200600039397,0,07,000,01,2,9,02,B01
200600039398,0,07,000,08,0,1,01,A01
200600039399,0,07,000,00,2,8,10,A01
200600039399,0,33,000,00,2,1,17,B01
200600039400,0,07,000,00,2,1,15,A01
200600039400,0,07,000,00,2,3,01,B01
200600039401,0,10,000,00,2,3,11,A01
200600039401,0,33,000,02,2,1,01,B01
200600039402,0,33,000,00,2,6,17,A01
200600039402,0,07,000,00,2,3,15,B01
200600039403,0,07,000,00,0,0,14,A01
200600039403,0,02,000,00,0,7,01,B01
200600039404,0,02,000,00,2,1,01,A01
200600039404,0,07,000,00,9,2,15,B01
200600039405,0,10,000,00,1,1,15,A01
200600039406,1,07,000,00,1,0,00,A01
200600039407,0,32,000,00,1,1,01,B01
200600039408,0,07,000,00,2,2,15,A01
200600039408,0,07,000,00,2,1,01,B01
200600039409,0,07,000,00,1,4,20,A01
200600039410,0,07,000,00,1,4,04,A01
200600039411,0,02,000,00,2,1,15,A01
200600039411,0,07,000,00,2,2,01,B01
200600039412,0,07,000,00,0,5,06,A01
200600039412,0,02,000,00,2,7,01,B01
200600039413,0,02,000,00,0,8,15,A01
200600039413,0,07,000,00,2,1,01,B01
200600039414,0,07,000,00,2,9,01,A01
200600039415,2,07,000,00,0,9,00,A01
200600039416,0,30,000,00,0,1,01,A01
200600039417,0,07,000,00,2,1,01,B01
200600039417,0,07,000,00,2,1,15,A01
200600039418,0,07,000,00,0,1,01,A01
200600039419,0,07,000,00,1,0,01,A01
200600039420,0,07,000,00,1,1,15,A01
200600039421,0,07,000,00,2,1,01,A01
200600039421,0,07,000,00,2,7,01,B01
200600039422,0,07,000,00,2,3,01,B01
200600039422,0,07,000,00,2,2,01,A01
200600039423,0,07,000,00,2,1,01,B01
200600039423,0,07,000,00,2,2,01,A01
200600039424,1,07,000,00,1,0,00,A01
200600039425,0,07,000,00,1,2,01,A01
200600039426,0,07,000,00,2,1,01,A01
200600039426,0,07,000,00,2,8,01,B01
200600039427,0,33,000,00,2,4,02,B01
200600039427,0,02,000,00,2,9,01,A01
200600039428,0,07,000,00,1,3,15,A01
200600039429,0,07,000,00,2,4,02,C01
200600039429,0,07,000,00,2,1,01,A01
200600039429,0,07,000,00,2,4,02,B01
200600039430,0,07,000,00,2,5,01,B01
200600039430,0,07,000,00,2,1,01,A01
200600039431,0,02,000,00,2,1,02,A01
200600039431,0,07,000,00,2,5,23,B01
200600039432,0,07,000,00,2,4,02,B01
200600039432,0,07,000,00,2,1,01,A01
200600039433,0,02,000,00,2,0,01,B01
200600039433,0,07,000,00,2,1,00,A01
200600039434,0,01,000,01,0,0,01,B01
200600039434,0,07,000,00,2,0,24,A01
200600039435,0,07,000,00,2,4,02,C01
200600039435,0,07,000,00,2,4,02,B01
200600039435,0,07,000,00,2,1,01,A01
200600039436,0,07,000,00,2,0,01,B01
200600039436,0,99,000,00,2,1,19,A01
200600039437,0,01,000,00,2,1,15,B01
200600039437,0,33,000,00,2,2,01,A01
200600039438,0,02,000,00,2,0,01,B01
200600039438,0,07,000,00,2,0,16,A01
200600039439,0,02,000,00,2,9,02,B01
200600039439,0,07,000,00,2,3,15,A01
200600039440,0,07,000,00,2,7,01,B01
200600039440,0,07,000,00,2,1,01,A01
200600039441,0,01,000,00,2,0,01,B01
200600039441,0,07,000,00,2,1,09,A01
200600039442,0,07,000,00,2,0,01,A01
200600039443,0,07,000,00,2,1,01,B01
200600039443,0,07,000,00,2,3,01,A01
200600039444,0,07,000,00,1,0,01,A01
200600039445,0,30,000,00,2,1,01,A01
200600039445,0,07,000,00,2,5,01,B01
200600039446,0,02,000,00,2,7,02,B01
200600039446,0,07,000,00,2,2,15,A01
200600039447,0,07,000,00,0,7,01,B01
200600039447,0,07,000,00,0,3,09,A01
200600039448,0,07,000,00,1,4,04,A01
200600039449,0,07,000,00,2,1,15,A01
200600039449,0,07,000,00,2,1,01,B01
200600039450,0,07,000,00,2,1,01,A01
200600039450,0,07,000,00,2,1,13,B01
200600039451,0,33,000,00,2,8,01,B01
200600039451,0,07,000,00,2,2,01,A01
200600039452,0,10,000,00,2,3,01,B01
200600039452,0,07,000,00,2,2,10,A01
200600039453,1,07,000,00,2,0,01,A01
200600039453,0,01,000,00,2,4,01,B01
200600039454,0,31,000,00,0,0,16,A01
200600039455,0,07,000,00,2,8,00,A01
200600039455,1,07,000,00,2,1,09,B01
200600039456,0,01,000,01,0,1,14,A01
200600039456,0,30,000,00,0,0,02,B01
200600039457,0,07,000,01,0,1,01,A01
200600039457,0,07,000,01,0,4,02,B01
200600039457,0,07,000,00,0,4,02,C01
200600039458,0,07,000,00,2,3,15,A01
200600039458,0,33,000,00,2,1,01,B01
200600039459,0,07,000,15,0,1,01,A01
200600039460,0,30,000,00,2,8,10,A01
200600039460,0,07,000,00,2,3,01,B01
200600039461,0,07,000,00,2,3,13,A01
200600039461,0,02,000,00,2,1,01,B01
200600039462,0,30,000,01,0,1,14,A01
200600039463,0,07,000,00,2,2,01,B01
200600039463,0,30,000,00,2,1,01,A01
200600039464,0,02,000,00,2,1,17,A01
200600039464,0,10,000,00,2,7,01,B01
200600039465,0,07,000,00,1,3,01,A01
200600039466,0,07,000,00,2,3,10,A01
200600039466,0,32,000,00,2,1,01,B01
200600039467,0,07,000,00,0,0,14,A01
200600039468,0,30,000,00,2,1,05,A01
200600039468,0,07,000,00,2,3,15,B01
200600039468,0,07,000,00,2,6,23,C01
200600039468,0,07,000,00,2,3,23,D01
200600039469,0,07,000,00,1,1,01,A01
200600039470,0,30,000,00,0,0,01,A01
200600039471,0,07,000,00,2,1,01,B01
200600039471,0,07,000,00,2,3,01,A01
200600039472,0,07,000,00,1,1,01,A01
200600039473,0,07,000,00,2,1,01,B01
200600039473,0,07,000,00,2,1,01,A01
200600039474,0,07,000,00,2,2,16,A01
200600039474,0,33,000,00,2,1,01,B01
200600039475,0,07,000,00,2,2,01,A01
200600039475,0,01,000,00,2,0,01,B01
200600039476,0,01,000,01,0,7,01,A01
200600039476,0,07,000,00,2,5,23,B01
200600039477,0,02,000,00,2,1,01,A01
200600039477,0,07,000,00,2,8,01,B01
200600039478,0,14,000,00,1,1,15,A01
200600039479,0,07,000,00,2,8,13,A01
200600039479,0,07,000,00,2,1,01,B01
200600039479,0,07,000,00,2,1,01,C01
200600039480,0,33,000,00,1,1,01,A01
200600039481,0,05,000,00,2,1,16,B01
200600039481,0,07,000,00,2,8,15,A01
200600039482,0,07,000,00,2,1,05,A01
200600039482,0,07,000,00,2,1,02,B01
200600039483,0,01,000,00,2,0,19,B01
200600039483,0,07,000,00,9,3,02,A01
200600039484,0,07,000,00,1,3,00,A01
200600039485,0,33,000,00,2,0,21,B01
200600039485,0,07,000,00,2,0,20,A01
200600039486,0,18,001,00,2,3,02,B01
200600039486,0,07,000,00,2,1,15,A01
200600039487,0,07,000,00,2,3,00,E01
200600039487,0,07,000,07,2,3,00,D01
200600039487,0,07,000,00,2,1,21,C01
200600039487,0,07,000,00,2,3,00,B01
200600039487,0,07,000,00,2,1,13,A01
200600039488,0,07,000,00,2,3,06,A01
200600039488,0,07,000,00,2,2,01,B01
200600039489,0,07,000,00,2,8,15,A01
200600039489,0,02,000,00,2,1,01,B01
200600039490,0,02,000,00,2,1,01,A01
200600039490,0,07,000,00,2,1,01,B01
200600039491,1,07,000,00,1,2,00,A01
200600039492,0,07,000,00,1,2,01,A01
200600039493,0,02,000,00,2,3,02,A01
200600039493,0,07,000,00,0,8,00,B01
200600039494,0,30,000,12,0,1,02,A01
200600039495,0,07,000,02,0,9,01,A01
200600039496,0,07,000,00,2,1,01,A01
200600039496,0,07,000,00,2,4,01,B01
200600039496,0,07,000,00,0,4,01,C01
200600039497,0,02,000,00,0,0,11,A01
200600039497,0,33,000,16,2,8,01,B01
200600039498,0,07,000,00,2,1,01,A01
200600039498,0,34,000,00,2,3,15,B01
200600039499,0,07,000,00,2,2,01,B01
200600039499,0,02,000,00,2,3,16,A01
200600039500,0,07,000,00,2,2,01,A01
200600039500,0,02,000,00,2,1,15,B01
200600039501,0,33,000,00,2,2,01,A01
200600039501,0,07,000,00,2,3,09,B01
200600039502,0,32,000,14,0,0,16,B01
200600039502,0,07,000,00,2,6,09,A01
200600039503,0,07,000,00,1,3,15,A01
200600039504,0,02,000,00,2,2,01,A01
200600039504,0,07,000,00,9,2,01,B01
200600039505,1,07,000,00,2,3,11,B01
200600039505,0,02,000,00,2,4,11,A01
200600039506,0,07,000,00,9,2,05,A01
200600039506,0,02,000,00,2,1,01,B01
200600039507,0,02,000,01,0,1,05,A01
200600039508,0,02,000,00,2,3,01,A01
200600039508,0,02,000,00,2,1,01,C01
200600039508,0,07,000,00,2,3,01,B01
200600039509,0,02,000,00,0,0,01,A01
200600039510,0,07,000,01,0,1,13,A01
200600039511,0,01,000,00,2,1,21,B01
200600039511,0,07,000,00,2,3,15,A01
200600039512,0,33,000,01,0,1,00,A01
200600039512,0,99,000,00,2,3,24,B01
200600039513,1,99,000,00,1,7,17,A01
200600039514,0,07,000,00,2,2,01,A01
200600039514,0,07,000,00,2,3,01,B01
200600039515,0,07,000,00,2,1,17,A01
200600039515,0,07,000,00,2,1,01,B01
200600039515,0,14,000,00,0,3,01,C01
200600039516,0,33,000,07,0,0,01,B01
200600039516,0,07,000,00,0,0,15,A01
200600039517,1,07,000,00,1,0,17,A01
200600039518,0,07,000,00,1,1,01,A01
200600039519,0,31,000,00,2,1,01,B01
200600039519,0,07,000,00,2,2,15,A01
200600039520,1,01,000,00,1,0,00,A01
200600039521,0,33,000,00,2,3,00,B01
200600039521,0,07,000,00,2,1,15,A01
200600039522,0,07,000,00,1,1,00,A01
200600039523,1,10,000,00,1,0,04,A01
200600039524,0,07,000,00,1,2,01,A01
200600039525,0,07,000,08,0,8,01,A01
200600039526,0,07,000,00,2,1,16,A01
200600039526,0,07,000,00,2,1,01,B01
200600039527,0,07,000,00,2,1,02,A01
200600039527,0,02,000,00,2,8,01,B01
200600039527,0,07,000,00,2,6,01,C01
200600039528,0,07,000,00,0,2,01,A01
200600039528,0,33,000,00,2,0,01,B01
200600039529,0,07,000,14,0,1,01,A01
200600039529,0,07,000,00,2,4,23,B01
200600039530,0,33,000,00,2,2,17,A01
200600039530,0,07,000,00,2,6,15,B01
200600039531,0,10,000,00,2,1,02,A01
200600039531,0,17,000,00,2,4,23,B01
200600039532,1,07,000,00,2,6,10,A01
200600039532,0,02,000,00,2,1,01,B01
200600039533,0,07,000,00,2,2,01,A01
200600039533,0,10,000,00,0,6,15,B01
200600039534,0,30,000,00,0,8,00,B01
200600039534,1,07,000,00,2,7,17,A01
200600039535,0,07,000,02,0,8,14,A01
200600039536,0,07,000,00,2,2,15,B01
200600039536,0,07,000,00,2,1,02,A01
200600039537,0,07,000,00,1,3,01,A01
200600039538,0,07,000,00,1,4,04,A01
200600039539,0,07,000,00,2,3,13,A01
200600039539,0,07,000,00,2,3,02,B01
200600039540,0,32,000,00,2,1,13,A01
200600039540,0,07,000,00,2,3,01,B01
200600039541,0,07,000,00,2,1,09,A01
200600039541,0,02,000,00,2,1,01,B01
200600039542,0,07,000,00,1,2,01,A01
200600039543,0,33,000,00,2,2,01,A01
200600039543,0,33,000,00,2,6,01,B01
200600039544,0,02,000,00,2,1,14,A01
200600039544,0,07,000,00,2,1,15,B01
200600039545,0,32,000,01,0,1,01,A01
200600039546,0,02,000,00,2,7,17,A01
200600039546,0,07,000,00,2,3,01,B01
200600039547,0,33,000,00,2,1,17,A01
200600039547,0,07,000,00,2,6,15,B01
200600039548,0,07,000,00,2,4,04,A01
200600039548,0,03,000,00,2,9,01,B01
200600039548,0,07,000,00,2,3,01,C01
200600039549,0,07,000,14,0,9,21,A01
200600039550,0,07,000,00,1,2,01,A01
200600039551,0,07,000,00,0,4,02,B01
200600039551,0,33,000,00,2,1,02,A01
200600039552,0,07,000,00,2,1,01,B01
200600039552,0,07,000,00,2,3,10,A01
200600039553,0,02,000,00,9,1,01,A01
200600039553,0,02,000,00,9,1,15,B01
200600039554,0,07,000,02,0,2,14,A01
200600039555,0,14,000,00,1,3,15,A01
200600039556,0,07,000,00,1,2,01,A01
200600039557,0,02,000,08,0,1,14,A01
200600039558,0,33,000,13,0,1,14,A01
200600039559,0,30,000,01,5,7,21,A01
200600039560,0,07,000,00,2,5,11,A01
200600039560,0,02,000,00,2,5,05,B01
200600039561,0,36,000,00,0,1,00,A01
200600039562,1,07,000,00,1,3,00,A01
200600039563,0,07,000,00,2,1,00,A01
200600039563,0,01,000,00,2,4,21,B01
200600039564,2,10,000,00,2,3,05,A01
200600039564,0,07,000,00,2,2,01,B01
200600039565,0,01,000,15,0,1,00,A01
200600039566,0,07,000,00,2,3,01,A01
200600039566,0,07,000,00,2,3,01,B01
200600039567,0,07,000,00,2,3,15,A01
200600039567,0,01,000,00,2,1,01,B01