Num_Acc,senc,catv,occutc,obs,obsm,choc,manv,num_veh
200600039568,0,07,000,00,2,7,24,A01
200600039568,0,37,020,01,0,2,01,B01
200600039569,0,07,000,00,1,1,01,A01
200600039570,0,10,000,00,2,2,15,A01
200600039570,0,07,000,00,2,8,01,B01
200600039571,1,07,000,00,2,8,11,A01
200600039571,0,02,000,00,2,7,01,B01
200600039572,0,07,000,00,2,2,01,A01
200600039572,0,33,000,00,2,1,01,B01
200600039573,0,07,000,00,2,8,17,A01
200600039573,0,31,000,00,2,1,17,B01
200600039574,0,07,000,00,2,7,15,A01
200600039574,0,07,000,00,2,1,01,B01
200600039575,0,07,000,06,2,1,00,A01
200600039575,0,07,000,00,2,1,01,B01
200600039576,0,07,000,00,2,1,01,A01
200600039576,0,07,000,00,2,4,01,B01
200600039577,0,07,000,00,1,1,01,A01
200600039578,0,07,000,00,2,1,01,A01
200600039578,0,07,000,00,2,4,01,B01
200600039579,0,07,000,01,0,2,14,A01
200600039580,0,30,000,00,2,8,01,A01
200600039580,0,07,000,00,2,2,16,B01
200600039581,0,07,000,00,2,3,12,B01
200600039581,0,32,000,00,2,7,15,A01
200600039582,0,07,000,00,2,2,16,A01
200600039582,0,34,000,00,2,8,01,B01
200600039583,0,07,000,00,2,1,02,A01
200600039583,0,07,000,00,2,4,02,B01
200600039583,0,07,000,00,2,4,02,C01
200600039584,0,02,000,00,2,1,01,A01
200600039584,0,01,000,00,2,3,01,B01
200600039585,0,10,000,12,0,1,13,A01
200600039586,0,02,000,00,0,0,00,A01
200600039587,0,30,000,06,0,1,13,A01
200600039588,0,10,000,00,2,4,01,B01
200600039588,0,07,000,00,2,1,01,A01
200600039589,0,37,000,00,2,3,01,B01
200600039589,0,07,000,00,2,1,01,A01
200600039590,0,33,000,00,2,8,00,A01
200600039590,0,07,000,00,2,2,00,B01
200600039591,0,30,000,00,0,0,01,A01
200600039592,0,07,000,00,2,1,01,A01
200600039592,0,02,000,00,2,4,01,B01
200600039593,0,07,000,00,2,2,15,A01
200600039593,0,33,000,00,2,3,01,B01
200600039594,0,33,000,00,2,1,01,B01
200600039594,0,07,000,00,2,7,18,A01
200600039595,0,07,000,00,2,1,15,A01
200600039595,0,02,000,00,2,1,01,B01
200600039596,0,10,000,00,2,1,01,A01
200600039596,0,10,000,00,2,4,01,B01
200600039597,0,07,000,00,2,8,01,B01
200600039597,0,07,000,00,2,1,01,A01
200600039598,0,07,000,00,1,1,01,A01
200600039599,0,30,000,00,2,8,17,A01
200600039599,0,10,000,00,2,3,15,B01
200600039600,0,37,020,00,1,0,01,A01
200600039601,0,07,000,00,2,5,17,A01
200600039601,0,01,000,00,0,0,00,B01
200600039602,0,07,000,13,0,1,01,A01
200600039603,0,07,000,00,2,3,15,A01
200600039603,0,30,000,00,2,1,17,B01
200600039604,0,31,000,00,2,7,01,B01
200600039604,0,07,000,00,2,6,10,A01
200600039605,0,07,000,00,2,7,10,A01
200600039605,0,07,000,00,2,1,01,B01
200600039606,0,07,000,06,0,1,01,A01
200600039607,0,33,000,00,2,1,18,A01
200600039607,0,07,000,00,2,2,01,B01
200600039608,0,02,000,00,1,8,01,A01
200600039609,0,07,000,00,2,3,01,B01
200600039609,0,07,000,00,2,1,01,A01
200600039610,0,02,000,00,2,1,17,A01
200600039610,0,07,000,00,0,8,15,B01
200600039611,0,01,000,00,2,7,01,B01
200600039611,0,07,000,00,2,1,09,A01
200600039612,0,07,000,00,2,0,15,A01
200600039612,0,07,000,00,2,1,01,B01
200600039613,0,02,000,12,2,1,16,A01
200600039613,0,07,000,00,2,5,16,B01
200600039614,0,33,000,00,2,1,17,A01
200600039614,0,10,000,00,2,3,15,B01
200600039615,0,31,000,00,2,1,17,A01
200600039615,0,07,000,00,2,8,01,B01
200600039616,0,30,000,00,2,1,02,A01
200600039616,0,07,000,00,2,4,01,B01
200600039617,0,07,000,00,2,1,05,A01
200600039617,0,07,000,00,2,1,01,B01
200600039618,0,07,000,00,2,3,15,A01
200600039618,0,02,000,00,2,1,01,B01
200600039619,0,07,000,00,1,2,01,A01
200600039620,0,07,000,00,2,8,15,A01
200600039620,0,02,000,00,2,1,17,B01
200600039620,0,02,000,00,2,2,17,C01
200600039621,0,07,000,00,2,1,02,A01
200600039621,0,30,000,00,2,4,23,B01
200600039622,0,07,000,00,2,6,01,A01
200600039622,0,02,000,00,2,1,09,B01
200600039623,0,01,000,00,2,1,01,B01
200600039623,0,01,000,00,2,8,19,A01
200600039624,0,07,000,00,2,3,15,A01
200600039624,0,02,000,00,2,2,17,B01
200600039625,0,07,000,01,0,5,01,A01
200600039626,0,31,000,00,2,1,01,A01
200600039626,0,07,000,00,2,3,01,B01
200600039627,0,31,000,00,2,8,01,B01
200600039627,0,07,000,00,2,2,19,A01
200600039628,0,07,000,00,2,1,02,A01
200600039628,0,07,000,00,2,4,02,B01
200600039628,0,07,000,00,2,4,23,C01
200600039629,0,02,000,01,0,1,13,A01
200600039629,0,07,000,00,0,0,23,C01
200600039630,0,33,000,00,1,3,01,A01
200600039631,0,07,000,00,2,3,01,B01
200600039631,1,07,000,01,2,1,09,A01
200600039632,0,02,000,00,2,1,17,A01
200600039632,0,07,000,00,2,3,15,B01
200600039633,0,30,000,00,2,1,01,A01
200600039634,0,07,000,00,2,2,09,A01
200600039634,0,02,000,00,2,1,17,B01
200600039635,0,30,000,00,2,1,17,A01
200600039635,0,07,000,00,2,3,15,B01
200600039636,0,30,000,00,2,7,17,A01
200600039636,0,07,000,00,2,3,01,B01
200600039637,0,30,000,00,2,1,24,A01
200600039637,0,07,000,00,2,4,23,B01
200600039637,0,14,000,00,0,0,24,C01
200600039638,0,34,000,00,0,0,00,A01
200600039639,0,07,000,00,1,1,01,A01
200600039640,0,02,000,00,2,1,13,A01
200600039640,0,07,000,00,2,1,01,B01
200600039641,0,07,000,00,1,2,01,A01
200600039642,0,33,000,00,2,1,01,B01
200600039642,0,07,000,00,9,3,09,A01
200600039643,0,32,000,08,0,1,01,A01
200600039644,0,07,000,00,9,8,11,A01
200600039644,0,02,000,00,2,2,15,B01
200600039645,0,33,000,00,2,1,05,A01
200600039645,0,07,000,00,2,1,01,B01
200600039646,0,02,000,11,0,1,01,A01
200600039647,0,07,000,00,2,6,18,A01
200600039647,0,07,000,00,2,5,01,B01
200600039648,0,07,000,00,9,7,15,A01
200600039648,0,30,000,00,2,1,17,B01
200600039649,1,07,000,00,9,7,19,A01
200600039649,0,02,000,00,2,1,01,B01
200600039650,0,07,000,00,9,3,15,A01
200600039650,0,31,000,00,2,1,01,B01
200600039651,0,07,000,00,1,1,01,A01
200600039652,0,07,000,00,9,1,15,A01
200600039652,0,02,000,00,2,7,17,B01
200600039652,0,07,000,00,9,3,01,C01
200600039653,0,07,000,00,2,7,12,A01
200600039653,0,33,000,00,2,8,01,B01
200600039654,0,32,000,01,0,1,14,A01
200600039654,0,07,000,00,0,6,24,B01
200600039655,0,31,000,00,0,7,01,A01
200600039655,0,31,000,00,0,7,01,B01
200600039656,1,07,000,00,9,0,11,A01
200600039656,0,02,000,00,2,1,01,B01
200600039657,0,07,000,00,2,8,10,A01
200600039657,0,30,000,00,2,1,17,B01
200600039658,0,33,000,00,2,1,17,A01
200600039658,0,07,000,00,2,0,15,B01
200600039659,0,34,000,00,2,1,17,B01
200600039659,0,07,000,00,2,1,15,A01
200600039660,0,30,000,00,2,1,01,B01
200600039660,0,07,000,00,2,1,15,A01
200600039661,0,07,000,00,1,0,10,A01
200600039661,0,07,000,00,2,0,01,B01
200600039662,0,07,000,00,9,3,11,A01
200600039662,0,02,000,00,2,2,02,B01
200600039662,0,07,000,00,9,1,05,C01
200600039663,0,31,000,00,2,7,01,B01
200600039663,0,07,000,00,2,8,11,A01
200600039664,0,07,000,00,2,5,15,A01
200600039664,0,07,000,00,2,1,01,B01
200600039665,0,07,000,00,2,1,01,B01
200600039665,0,07,000,06,2,3,16,A01
200600039666,0,07,000,00,1,1,16,A01
200600039667,0,07,000,00,2,5,01,B01
200600039667,0,33,000,01,2,1,01,A01
200600039668,0,33,000,01,0,1,01,A01
200600039669,0,33,000,00,2,1,17,B01
200600039669,0,07,000,00,2,3,15,A01
200600039670,0,32,000,00,2,1,01,C01
200600039670,0,02,000,00,2,1,01,B01
200600039670,0,07,000,00,2,3,10,A01
200600039671,0,33,000,00,2,1,01,B01
200600039671,0,07,000,00,2,3,15,A01
200600039672,0,02,000,00,2,1,05,A01
200600039672,0,10,000,00,9,3,05,B01
200600039673,0,07,000,00,2,6,01,B01
200600039673,0,07,000,00,2,2,11,A01
200600039674,0,07,000,00,2,6,10,B01
200600039674,0,07,000,00,2,6,10,A01
200600039675,0,33,000,00,2,1,01,B01
200600039675,0,07,000,00,2,5,01,A01
200600039676,0,01,000,00,2,7,01,B01
200600039676,0,07,000,00,2,1,16,A01
200600039677,0,07,000,13,0,0,01,A01
200600039678,0,07,000,00,1,2,16,A01
200600039679,0,07,000,00,2,4,01,B01
200600039679,0,33,000,00,2,1,02,A01
200600039680,0,07,000,00,2,3,15,B01
200600039680,0,32,000,00,2,1,17,A01
200600039681,0,07,000,00,2,3,15,B01
200600039681,0,02,000,00,2,1,17,A01
200600039682,0,02,000,16,0,7,01,A01
200600039683,1,07,000,00,1,1,00,A01
200600039684,0,07,000,00,2,4,15,B01
200600039684,0,02,000,00,2,1,02,A01
200600039685,0,33,000,16,0,8,01,A01
200600039686,0,07,000,00,1,6,04,A01
200600039687,0,02,000,00,2,1,02,A01
200600039687,0,07,000,00,2,6,15,B01
200600039688,0,07,000,00,2,1,09,A01
200600039688,0,34,000,00,2,1,01,B01
200600039689,0,10,000,06,0,1,01,A01
200600039690,0,07,000,00,1,1,01,A01
200600039691,0,07,000,00,2,1,16,A01
200600039691,0,02,000,00,2,7,01,B01
200600039692,0,02,000,00,0,4,23,C01
200600039692,0,10,000,00,2,4,23,B01
200600039692,0,07,000,00,2,1,02,A01
200600039693,0,07,000,00,2,4,23,B01
200600039693,0,07,000,00,2,1,02,A01
200600039694,0,31,000,00,2,8,02,B01
200600039694,0,07,000,00,2,7,16,A01
200600039695,0,02,000,00,1,1,01,A01
200600039696,0,07,000,00,0,9,01,A01
200600039697,0,01,000,00,2,4,01,B01
200600039697,0,02,000,00,2,1,02,A01
200600039698,0,07,000,00,2,7,23,B01
200600039698,0,20,000,00,2,4,04,A01
200600039699,0,07,000,00,2,4,02,D01
200600039699,0,07,000,00,2,4,02,C01
200600039699,0,07,000,00,2,4,02,B01
200600039699,0,07,000,00,2,1,02,A01
200600039700,0,02,000,00,2,1,09,A01
200600039700,0,07,000,00,2,1,00,B01
200600039701,0,02,000,13,0,0,01,A01
200600039702,0,33,000,12,0,1,00,A01
200600039703,0,07,000,00,1,1,01,A01
200600039704,0,07,000,00,2,3,22,A01
200600039704,0,01,000,01,0,1,01,B01
200600039705,2,02,000,00,0,0,00,A01
200600039706,0,07,000,00,2,3,19,A01
200600039706,0,02,000,00,2,1,01,B01
200600039707,0,07,000,00,1,2,01,A01
200600039708,0,10,000,00,2,2,15,A01
200600039708,0,07,000,00,2,3,01,B01
200600039709,0,07,000,00,2,1,01,B01
200600039709,0,07,000,00,2,3,13,A01
200600039710,0,02,000,00,2,3,17,A01
200600039710,0,07,000,00,9,8,15,B01
200600039711,0,30,000,00,1,1,01,A01
200600039712,0,01,000,00,2,4,01,B01
200600039712,0,07,000,00,9,1,19,A01
200600039713,0,07,000,00,1,1,01,A01
200600039714,0,02,000,08,0,1,14,A01
200600039715,0,07,000,00,2,5,15,A01
200600039715,0,07,000,00,2,7,01,B01
200600039716,0,07,000,00,1,3,20,A01
200600039717,0,07,000,00,2,3,01,A01
200600039717,0,07,000,00,2,4,01,B01
200600039717,0,10,000,00,0,3,01,C01
200600039718,0,01,000,00,2,1,01,A01
200600039718,0,07,000,00,0,8,01,B01
200600039719,0,02,000,00,0,1,14,A01
200600039720,1,07,000,00,2,7,01,A01
200600039720,0,07,000,00,0,7,01,B01
200600039721,0,07,000,00,0,1,15,A01
200600039721,0,07,000,00,2,1,01,B01
200600039722,0,02,000,00,2,1,02,A01
200600039722,0,07,000,00,2,4,02,B01
200600039723,0,14,000,00,2,1,02,A01
200600039723,0,07,000,00,2,4,01,B01
200600039723,0,07,000,00,0,4,01,C01
200600039724,0,17,000,00,2,1,01,A01
200600039724,0,01,000,02,0,0,00,B01
200600039725,0,07,000,00,2,1,02,A01
200600039725,0,07,000,00,0,4,02,B01
200600039726,0,30,000,00,2,1,01,A01
200600039726,0,07,000,00,0,3,15,B01
200600039727,0,07,000,00,2,3,13,A01
200600039727,0,07,000,00,2,4,01,B01
200600039727,0,07,000,00,0,1,01,C01
200600039728,0,31,000,00,0,7,01,B01
200600039728,0,07,000,00,0,0,15,A01
200600039729,0,07,000,00,2,1,02,A01
200600039729,0,07,000,00,2,1,02,B01
200600039729,0,07,000,00,0,4,02,C01
200600039730,0,07,000,00,2,1,02,A01
200600039730,0,07,000,00,2,4,01,B01
200600039730,0,07,000,00,0,4,01,C01
200600039731,0,07,000,00,0,6,01,B01
200600039731,0,07,000,00,2,1,16,A01
200600039732,0,07,000,00,1,1,01,A01
200600039733,0,02,000,00,2,1,02,A01
200600039733,0,07,000,00,0,4,01,B01
200600039734,0,07,000,00,1,4,01,A01
200600039734,0,07,000,00,2,1,02,B01
200600039735,0,02,000,00,2,1,02,A01
200600039735,0,07,000,00,0,4,01,B01
200600039736,0,07,000,00,1,7,17,A01
200600039737,0,07,000,00,1,2,01,A01
200600039738,0,07,000,00,1,2,01,A01
200600039739,0,33,000,00,2,1,01,B01
200600039739,0,33,000,00,2,3,15,A01
200600039740,0,31,000,00,2,1,01,B01
200600039740,0,07,000,00,2,2,15,A01
200600039741,0,07,000,00,2,3,01,B01
200600039741,0,07,000,00,2,2,01,A01
200600039741,0,07,000,00,2,1,01,C01
200600039742,0,02,000,00,2,1,01,A01
200600039742,0,07,000,00,2,3,15,B01
200600039743,0,07,000,00,2,3,15,A01
200600039743,0,30,000,00,2,5,17,B01
200600039744,0,30,000,00,2,1,01,A01
200600039744,0,07,000,00,2,1,01,B01
200600039745,2,07,000,00,1,2,16,A01
200600039746,0,07,000,00,2,3,01,A01
200600039746,0,07,000,00,2,8,01,B01
200600039747,0,33,000,00,2,1,01,A01
200600039747,0,07,000,00,2,6,15,B01
200600039748,0,07,000,00,1,1,01,A01
200600039749,0,07,000,00,2,7,01,A01
200600039749,0,07,000,00,2,1,01,B01
200600039750,0,07,000,00,2,7,15,A01
200600039750,0,02,000,00,2,1,01,B01
200600039751,1,07,000,00,2,1,02,A01
200600039751,0,07,000,00,2,4,02,B01
200600039751,0,07,000,00,2,4,02,C01
200600039751,0,07,000,00,2,4,02,D01
200600039752,0,07,000,00,2,3,01,B01
200600039752,0,07,000,00,2,3,01,A01
200600039753,0,07,000,00,2,3,01,B01
200600039753,0,07,000,00,2,3,15,A01
200600039754,0,07,000,00,2,1,00,B01
200600039754,0,07,000,00,2,1,11,A01
200600039755,0,07,000,00,2,1,01,B01
200600039755,0,07,000,00,2,1,15,A01
200600039756,0,33,000,00,1,0,15,A01
200600039757,0,16,000,00,1,0,01,A01
200600039758,0,07,000,00,2,2,15,A01
200600039758,0,32,000,00,2,1,01,B01
200600039759,0,07,000,14,0,1,01,A01
200600039760,0,02,000,00,2,2,17,A01
200600039760,0,07,000,00,2,3,23,B01
200600039761,0,07,000,07,0,1,01,A01
200600039762,1,07,000,00,2,0,01,A01
200600039762,0,30,000,09,2,2,01,B01
200600039763,0,02,000,00,2,1,19,A01
200600039763,0,07,000,00,2,7,01,B01
200600039764,0,07,000,00,2,1,01,A01
200600039764,0,01,000,00,2,8,19,B01
200600039765,0,07,000,00,2,1,13,A01
200600039765,0,07,000,00,2,3,01,B01
200600039765,0,07,000,00,2,3,01,C01
200600039766,1,33,000,00,2,1,01,A01
200600039766,0,01,000,00,2,8,19,B01
200600039767,0,07,000,00,2,1,01,A01
200600039767,0,07,000,00,2,4,23,B01
200600039767,0,17,000,00,2,5,24,C01
200600039768,0,07,000,00,2,3,01,A01
200600039768,0,07,000,00,2,7,23,B01
200600039769,0,07,000,00,2,6,13,A01
200600039769,0,33,000,00,2,1,01,B01
200600039770,0,02,000,00,2,8,18,A01
200600039770,0,07,000,00,2,2,16,B01
200600039771,0,01,000,00,2,1,05,A01
200600039771,0,07,000,00,2,1,16,B01
200600039772,0,07,000,00,2,2,15,A01
200600039772,0,30,000,00,2,1,01,B01
200600039773,2,30,000,00,2,1,05,B01
200600039773,0,07,000,00,2,3,19,A01
200600039774,0,07,000,00,2,1,01,A01
200600039774,0,07,000,00,2,1,15,B01
200600039775,0,10,000,00,2,1,02,A01
200600039775,0,07,000,00,2,4,23,B01
200600039775,0,07,000,00,2,4,23,C01
200600039775,0,07,000,00,2,4,23,D01
200600039776,0,10,000,00,2,2,15,A01
200600039776,0,10,000,00,2,8,01,B01
200600039777,0,07,000,08,0,1,14,A01
200600039778,1,07,000,00,2,6,15,A01
200600039778,0,33,000,00,2,5,01,B01
200600039779,0,07,000,00,2,3,15,A01
200600039779,0,33,000,00,2,3,01,B01
200600039780,0,07,000,00,2,3,13,A01
200600039780,0,07,000,00,2,3,01,B01
200600039781,0,07,000,00,1,1,01,A01
200600039782,0,33,000,00,2,2,17,A01
200600039782,0,07,000,00,2,3,15,B01
200600039783,0,07,000,09,0,1,13,A01
200600039784,1,07,000,00,2,0,15,A01
200600039784,0,33,000,00,2,3,01,B01
200600039785,0,07,000,00,1,2,01,A01
200600039786,0,31,000,00,2,7,01,A01
200600039786,1,07,000,00,2,1,05,B01
200600039787,0,07,000,00,2,5,01,A01
200600039787,0,07,000,00,2,1,01,B01
200600039788,0,07,000,00,2,2,15,A01
200600039788,0,01,000,00,2,1,19,B01
200600039789,0,07,000,00,2,1,15,A01
200600039789,0,01,000,00,2,8,19,B01
200600039790,0,07,000,00,2,3,15,A01
200600039790,0,01,000,00,2,1,16,B01
200600039791,0,02,000,01,0,1,15,A01
200600039792,0,01,000,00,2,2,05,B01
200600039792,0,07,000,00,2,2,16,A01
200600039793,0,01,000,00,2,1,19,A01
200600039793,0,07,000,00,2,5,01,B01
200600039794,0,07,000,00,2,3,10,A01
200600039794,0,33,000,00,2,1,17,B01
200600039795,0,07,000,00,1,2,01,A01
200600039796,0,02,000,00,2,2,18,A01
200600039796,0,07,000,00,2,2,20,B01
200600039797,0,07,000,00,2,3,15,A01
200600039797,0,33,000,00,2,8,01,B01
200600039798,0,07,000,00,2,1,02,A01
200600039798,0,07,000,00,2,4,02,B01
200600039798,0,07,000,00,2,4,02,C01
200600039798,0,07,000,00,2,4,02,D01
200600039798,0,07,000,00,2,4,02,E01
200600039799,0,07,000,06,0,3,01,A01
200600039800,0,07,000,00,2,2,15,A01
200600039800,0,07,000,00,2,1,01,B01
200600039801,0,07,000,00,2,8,22,A01
200600039801,0,01,000,01,0,1,01,B01
200600039802,0,07,000,00,2,1,13,A01
200600039802,0,14,000,00,2,3,01,B01
200600039803,0,07,000,00,2,3,01,A01
200600039803,0,02,000,00,2,1,01,B01
200600039804,0,07,000,00,2,1,17,A01
200600039804,0,02,000,00,2,8,15,B01
200600039805,0,07,000,00,2,1,01,A01
200600039805,0,33,000,00,2,4,02,B01
200600039806,0,30,000,00,2,8,19,A01
200600039806,0,07,000,00,2,2,15,B01
200600039807,0,07,000,00,1,1,00,A01
200600039808,0,33,000,01,0,1,01,A01
200600039809,0,07,000,00,1,2,15,A01
200600039810,0,30,000,00,2,3,05,A01
200600039810,0,07,000,00,2,1,16,B01
200600039811,0,30,000,00,2,1,01,A01
200600039811,0,07,000,00,2,4,23,B01
200600039812,0,07,000,00,0,5,01,B01
200600039812,0,01,000,00,2,1,01,A01
200600039813,0,02,000,15,0,1,06,A01
200600039814,0,07,000,00,2,8,23,B01
200600039814,0,07,000,00,2,1,06,A01
200600039815,0,07,000,00,1,3,01,A01
200600039816,0,07,000,08,2,1,01,A01
200600039816,0,07,000,00,2,2,01,B01
200600039817,0,07,000,00,2,2,15,A01
200600039817,0,30,000,01,2,1,01,B01
200600039817,0,07,000,00,9,8,23,C01
200600039818,0,07,000,00,9,8,22,A01
200600039818,0,01,000,01,0,1,02,B01
200600039819,0,07,000,12,2,3,02,A01
200600039819,1,07,000,00,2,0,14,B01
200600039820,0,07,000,00,1,2,01,A01
200600039821,0,01,000,00,2,1,01,A01
200600039821,0,07,000,00,0,3,15,B01
200600039822,0,30,000,00,2,3,15,A01
200600039822,0,07,000,00,2,3,01,B01
200600039823,0,07,000,00,2,2,00,B01
200600039823,0,01,000,00,2,1,02,A01
200600039824,0,07,000,00,1,4,04,A01
200600039825,0,30,000,00,2,1,01,B01
200600039825,0,07,000,00,2,2,09,A01
200600039826,0,07,000,00,9,1,01,B01
200600039826,0,30,000,00,2,1,09,A01
200600039827,0,07,000,00,2,7,11,A01
200600039827,0,07,000,00,2,1,21,B01
200600039828,0,07,000,00,2,8,01,A01
200600039828,0,30,000,00,2,7,01,B01
200600039829,0,07,000,00,2,7,01,B01
200600039829,0,07,000,00,2,1,09,A01
200600039830,0,07,000,00,2,1,01,A01
200600039830,0,07,000,00,2,3,01,B01
200600039831,0,07,000,00,2,1,01,A01
200600039831,0,01,000,00,2,4,00,B01
200600039832,0,07,000,00,0,1,01,A01
200600039832,0,30,000,00,0,3,15,B01
200600039833,0,07,000,00,2,3,00,A01
200600039833,0,33,000,00,2,4,00,B01
200600039834,0,07,000,00,4,7,00,A01
200600039834,0,40,000,00,2,1,00,B01
200600039835,0,10,000,00,1,5,01,A01
200600039836,0,07,000,00,2,1,05,A01
200600039836,0,07,000,00,2,1,01,B01
200600039837,0,15,000,00,2,3,01,A01
200600039837,0,07,000,00,2,8,01,B01
200600039838,0,07,000,00,1,1,15,A01
200600039839,0,07,000,00,2,1,15,A01
200600039839,0,05,000,00,2,1,01,B01
200600039840,0,07,000,00,1,6,04,A01
200600039841,0,32,000,01,1,1,02,A01
200600039841,0,07,000,00,9,6,02,B01
200600039842,0,07,000,00,2,2,01,A01
200600039842,0,37,002,00,2,8,01,B01
200600039843,1,32,000,00,2,0,01,A01
200600039843,0,32,000,00,2,1,01,B01
200600039843,0,32,000,00,2,1,01,C01
200600039844,0,07,000,00,2,1,01,A01
200600039844,0,07,000,00,2,4,23,B01
200600039844,0,07,000,00,0,3,01,C01
200600039844,0,07,000,00,2,4,23,D01
200600039844,0,07,000,00,0,4,23,E01
200600039845,0,07,000,00,1,1,17,A01
200600039846,0,02,000,00,2,1,02,A01
200600039846,0,07,000,00,9,4,23,B01
200600039847,0,33,000,00,2,6,01,A01
200600039847,0,07,000,00,2,5,16,B01
200600039848,0,10,000,00,1,7,00,A01
200600039849,0,33,000,00,2,7,17,A01
200600039849,0,07,000,00,9,8,15,B01
200600039850,0,02,000,00,0,0,16,A01
200600039851,0,07,000,00,1,1,01,A01
200600039852,0,07,000,00,2,2,01,A01
200600039852,0,30,000,00,2,1,01,B01
200600039853,0,07,000,00,1,3,01,A01
200600039854,0,32,000,00,2,1,01,A01
200600039854,0,07,000,00,2,5,18,B01
200600039855,0,33,000,00,2,1,17,A01
200600039855,0,07,000,00,2,3,15,B01
200600039856,0,07,000,08,2,1,01,A01
200600039856,0,07,000,00,2,1,16,B01
200600039857,0,07,000,00,2,6,10,A01
200600039857,0,33,000,00,2,1,01,B01
200600039858,0,07,000,00,2,1,15,A01
200600039858,0,10,000,00,2,2,01,B01
200600039859,0,02,000,00,2,3,01,A01
200600039859,0,07,000,00,2,8,15,B01
200600039860,0,07,000,00,2,2,15,A01
200600039860,0,07,000,00,2,1,01,B01
200600039861,0,07,000,00,1,1,01,A01
200600039862,0,07,000,01,2,7,15,A01
200600039862,0,07,000,00,2,1,01,B01
200600039863,0,07,000,02,2,6,01,A01
200600039863,1,07,000,00,2,0,01,B01
200600039864,0,07,000,00,1,1,01,A01
200600039865,0,07,000,00,0,7,10,A01
200600039866,0,07,000,00,2,1,13,A01
200600039866,0,07,000,00,2,2,01,B01
200600039867,0,07,000,00,1,2,01,A01
200600039868,0,07,000,00,1,3,01,A01
200600039869,0,07,000,08,0,1,13,A01
200600039870,0,07,000,00,4,3,15,A01
200600039870,0,40,000,00,2,1,02,B01
200600039871,0,07,000,00,2,1,15,A01
200600039871,0,05,000,00,2,1,01,B01
200600039872,0,15,000,00,2,3,01,A01
200600039872,0,01,000,00,2,2,17,B01
200600039873,0,07,000,00,1,2,16,A01
200600039874,0,30,000,12,1,1,01,A01
200600039875,0,07,000,00,2,1,01,A01
200600039875,0,07,000,00,2,4,23,B01
200600039875,0,07,000,00,2,4,23,C01
200600039876,0,02,000,00,2,1,01,B01
200600039876,0,07,000,00,2,1,15,A01
200600039877,0,07,000,00,2,1,01,B01
200600039877,0,01,000,00,2,1,19,A01
200600039878,0,07,000,00,1,2,01,A01
200600039879,0,07,000,00,1,1,09,A01
200600039880,0,07,000,00,2,3,15,A01
200600039880,0,33,000,00,2,1,01,B01
200600039881,0,07,000,00,2,1,01,A01
200600039881,0,07,000,00,2,4,01,B01
200600039882,0,33,000,00,2,1,01,B01
200600039882,0,07,000,00,2,8,09,A01
200600039883,0,07,000,00,0,8,15,A01
200600039884,0,07,000,00,2,1,01,A01
200600039884,0,07,000,00,0,4,01,B01
200600039885,0,07,000,00,0,7,01,A01
200600039885,0,02,000,00,2,1,00,B01
200600039886,0,07,000,00,1,1,01,A01
200600039887,0,02,000,00,2,1,01,A01
200600039887,0,07,000,00,0,4,01,B01
200600039888,0,07,000,00,2,1,01,A01
200600039888,0,33,000,00,0,8,15,B01
200600039889,0,37,003,00,1,1,01,A01
200600039890,0,07,000,00,2,1,15,A01
200600039890,0,34,000,00,0,8,01,B01
200600039891,0,01,000,00,0,5,01,A01
200600039891,1,07,000,00,2,0,09,B01
200600039892,0,01,000,00,0,7,09,A01
200600039892,0,07,000,00,2,1,01,B01
200600039893,0,07,000,00,2,1,13,A01
200600039893,0,07,000,00,0,3,01,B01
200600039894,0,02,000,00,2,1,17,A01
200600039894,0,07,000,00,0,8,15,B01
200600039895,0,07,000,00,2,1,01,A01
200600039895,0,07,000,00,2,1,01,B01
200600039896,0,07,000,00,2,1,01,A01
200600039896,0,07,000,00,2,4,01,B01
200600039897,0,07,000,00,2,2,01,B01
200600039897,0,10,000,00,2,9,01,A01
200600039898,0,07,000,00,2,1,15,A01
200600039898,0,07,000,00,0,3,01,B01
200600039899,0,02,000,00,2,1,18,A01
200600039899,0,07,000,00,0,7,16,B01
200600039900,0,07,000,00,1,1,15,A01
200600039901,0,07,000,00,2,3,10,A01
200600039901,0,15,000,00,1,6,01,B01
200600039902,0,01,000,16,0,7,01,A01
200600039903,0,13,000,00,2,7,16,A01
200600039903,0,01,000,00,0,8,01,B01
200600039904,1,07,000,00,2,0,00,A01
200600039904,0,01,000,00,0,1,01,B01
200600039905,0,07,000,00,2,5,23,A01
200600039905,0,31,000,00,0,1,01,B01
200600039906,0,07,000,00,2,1,01,A01
200600039906,0,07,000,00,0,1,01,B01
200600039907,0,31,000,16,0,1,21,A01
200600039908,0,02,000,09,0,0,01,A01
200600039909,0,02,000,00,2,1,01,A01
200600039909,0,02,000,00,0,1,01,B01
200600039910,0,02,000,00,1,1,01,A01
200600039911,0,07,000,00,2,1,01,A01
200600039911,0,02,000,00,0,1,01,B01
200600039912,0,02,000,00,2,8,01,A01
200600039912,0,37,020,00,0,3,01,B01
200600039913,0,02,000,00,2,1,01,A01
200600039913,0,07,000,00,0,4,23,B01
200600039914,0,07,000,00,2,3,15,A01
200600039914,0,07,000,00,0,2,01,B01
200600039915,0,14,000,00,2,5,10,A01