Num_Acc,senc,catv,occutc,obs,obsm,choc,manv,num_veh
200600040665,1,07,000,00,2,1,00,B01
200600040666,0,07,000,08,2,2,01,A01
200600040666,0,07,000,00,2,1,01,B01
200600040667,0,13,000,14,2,1,02,A01
200600040667,0,07,000,00,2,4,02,B01
200600040667,0,07,000,00,2,8,01,C01
200600040668,0,07,000,00,2,2,15,A01
200600040668,0,30,000,00,2,9,01,B01
200600040669,0,07,000,00,2,1,02,A01
200600040669,0,07,000,00,2,4,02,B01
200600040670,0,07,000,00,1,4,04,A01
200600040671,0,02,000,01,0,1,01,A01
200600040672,0,02,000,00,2,1,17,A01
200600040672,0,07,000,00,2,8,15,B01
200600040673,0,02,000,08,0,0,16,A01
200600040674,0,07,000,00,2,1,13,A01
200600040674,0,07,000,00,2,1,01,B01
200600040675,0,07,000,04,2,3,00,A01
200600040675,0,07,000,00,2,1,02,B01
200600040676,0,33,000,08,0,1,00,A01
200600040677,0,07,000,00,0,1,01,B01
200600040677,0,02,000,00,2,1,01,A01
200600040678,0,07,000,00,1,1,01,A01
200600040679,0,07,000,00,9,3,00,A01
200600040679,0,01,000,00,2,8,00,B01
200600040680,0,07,000,00,1,4,04,A01
200600040681,0,07,000,00,0,1,17,A01
200600040681,0,16,000,00,0,3,15,B01
200600040682,0,33,000,13,0,9,01,A01
200600040683,0,07,000,00,2,1,01,B01
200600040683,0,01,000,00,2,8,01,A01
200600040684,0,07,000,00,9,2,01,B01
200600040684,0,01,000,00,2,1,05,A01
200600040685,0,07,000,00,2,2,01,B01
200600040685,0,07,000,00,2,3,01,A01
200600040686,0,07,000,00,2,1,01,B01
200600040686,0,07,000,00,2,3,01,A01
200600040687,0,38,001,00,0,0,01,A01
200600040688,0,07,000,02,0,6,01,A01
200600040689,0,07,000,12,9,5,00,A01
200600040690,0,02,000,08,0,1,01,A01
200600040691,0,33,000,04,0,8,01,A01
200600040692,0,07,000,02,0,1,01,A01
200600040693,0,30,000,00,2,1,01,A01
200600040693,0,07,000,00,9,3,15,B01
200600040694,0,10,000,00,2,3,13,A01
200600040694,0,33,000,00,2,1,01,B01
200600040695,0,02,000,00,2,1,01,A01
200600040695,0,07,000,00,2,4,23,B01
200600040696,0,07,000,00,2,2,15,A01
200600040696,0,33,000,00,2,1,01,B01
200600040697,0,07,000,00,2,1,02,A01
200600040697,0,07,000,00,2,3,23,B01
200600040697,0,07,000,00,2,4,23,C01
200600040698,0,33,000,00,2,1,01,A01
200600040698,0,07,000,00,2,8,01,B01
200600040699,0,07,000,00,2,1,01,A01
200600040699,0,07,000,00,2,4,01,B01
200600040700,0,02,000,00,1,1,03,A01
200600040701,0,10,000,00,9,1,09,A01
200600040702,0,07,000,00,2,1,01,A01
200600040702,0,07,000,00,2,1,01,B01
200600040703,0,07,000,00,2,3,20,A01
200600040703,0,33,000,00,2,1,01,B01
200600040704,0,07,000,00,2,1,14,A01
200600040704,0,01,000,00,2,8,02,B01
200600040705,0,10,000,00,2,1,02,A01
200600040705,0,07,000,00,2,1,23,B01
200600040706,0,07,000,16,0,3,19,A01
200600040706,0,33,000,00,2,1,00,B01
200600040707,0,07,000,13,0,1,00,A01
200600040708,0,07,000,00,0,1,00,A01
200600040709,0,33,000,00,0,0,00,A01
200600040710,0,07,000,00,0,0,00,A01
200600040711,0,07,000,00,2,3,00,A01
200600040711,0,07,000,00,2,8,00,B01
200600040712,0,30,000,00,2,8,11,A01
200600040712,0,10,000,00,9,1,01,B01
200600040713,0,07,000,16,0,4,00,A01
200600040714,0,07,000,00,2,3,11,A01
200600040714,0,07,000,00,2,7,01,B01
200600040715,0,07,000,06,0,1,14,A01
200600040716,1,99,000,00,1,0,00,A01
200600040717,0,07,000,00,2,1,15,A01
200600040717,0,30,000,00,2,1,02,B01
200600040718,0,07,000,00,0,1,02,A01
200600040718,0,07,000,00,0,4,02,B01
200600040718,0,33,000,00,2,1,00,C01
200600040719,0,07,000,00,2,3,19,A01
200600040719,0,31,000,00,0,7,00,B01
200600040720,0,07,000,00,2,1,02,A01
200600040720,0,07,000,00,0,4,09,B01
200600040721,0,07,000,00,2,2,15,A01
200600040721,0,01,000,00,2,1,01,B01
200600040722,0,33,000,06,0,8,01,A01
200600040723,0,07,000,00,0,1,00,A01
200600040724,0,07,000,00,0,0,00,A01
200600040725,0,07,000,16,0,0,01,A01
200600040726,0,07,000,00,2,2,20,A01
200600040726,0,07,000,00,2,2,01,B01
200600040727,0,10,000,00,1,1,15,A01
200600040728,1,07,000,00,2,1,02,B01
200600040728,0,07,000,00,2,4,02,A01
200600040729,0,07,000,06,2,2,01,B01
200600040729,0,10,000,00,2,1,01,A01
200600040730,0,07,000,00,2,8,15,A01
200600040730,0,32,000,00,2,7,17,B01
200600040731,0,07,000,00,1,2,01,A01
200600040732,1,07,000,00,1,0,13,A01
200600040733,0,07,000,00,2,8,01,A01
200600040733,1,07,000,00,2,1,05,B01
200600040734,0,32,000,12,0,1,01,A01
200600040735,0,30,000,00,6,7,01,A01
200600040736,0,07,000,00,2,1,01,A01
200600040736,0,07,000,00,2,1,15,B01
200600040737,0,01,000,00,0,7,01,A01
200600040738,0,33,000,00,5,1,01,A01
200600040739,0,07,000,00,1,6,01,A01
200600040740,0,07,000,13,0,9,15,A01
200600040741,0,33,000,00,2,1,02,A01
200600040741,0,10,000,00,2,4,02,B01
200600040742,0,10,000,00,2,1,02,A01
200600040742,0,07,000,00,2,4,01,B01
200600040743,0,07,000,00,1,2,01,A01
200600040744,0,01,000,12,0,0,01,A01
200600040744,0,07,000,00,0,0,01,B01
200600040745,0,07,000,00,2,2,17,A01
200600040745,0,07,000,00,2,6,15,B01
200600040746,0,07,000,00,0,1,00,A01
200600040747,0,07,000,00,9,3,00,A01
200600040747,0,01,000,00,2,1,00,B01
200600040748,0,07,000,00,2,3,01,B01
200600040748,0,30,000,00,2,1,01,A01
200600040749,0,02,000,00,2,1,02,A01
200600040749,0,07,000,00,0,4,01,B01
200600040750,0,07,000,00,2,3,15,A01
200600040750,0,07,000,00,2,2,01,B01
200600040751,0,07,000,00,1,3,01,A01
200600040752,1,07,000,00,1,1,01,A01
200600040753,0,30,000,00,2,1,01,B01
200600040753,0,07,000,00,2,3,15,A01
200600040754,0,30,000,00,1,1,01,A01
200600040755,0,33,000,00,2,1,02,A01
200600040755,0,30,000,00,2,1,09,B01
200600040756,0,32,000,00,0,8,02,A01
200600040757,0,07,000,02,0,1,01,A01
200600040758,0,07,000,00,2,1,05,A01
200600040758,0,07,000,00,2,3,02,B01
200600040759,0,30,000,11,0,1,01,A01
200600040760,0,07,000,00,2,8,24,A01
200600040760,0,01,000,01,0,1,02,B01
200600040761,0,07,000,00,1,2,02,A01
200600040762,0,07,000,00,2,1,19,A01
200600040762,0,05,000,00,2,1,17,B01
200600040763,0,07,000,00,0,0,16,A01
200600040763,0,05,000,12,0,0,02,B01
200600040764,0,07,000,00,2,4,05,A01
200600040764,0,07,000,00,2,1,02,B01
200600040765,0,05,000,00,0,8,02,A01
200600040766,0,30,000,00,0,0,00,A01
200600040767,0,10,000,00,2,3,15,B01
200600040767,0,01,000,00,2,0,00,A01
200600040768,0,07,000,00,2,2,15,A01
200600040768,0,33,000,00,2,3,01,B01
200600040768,0,07,000,00,2,3,00,C01
200600040768,0,07,000,00,9,1,00,D01
200600040769,0,07,000,06,0,1,01,B01
200600040769,1,07,000,00,0,0,00,A01
200600040770,0,07,000,00,1,2,01,A01
200600040771,0,07,000,00,2,8,01,A01
200600040771,0,07,000,00,2,4,15,B01
200600040772,0,07,000,00,1,0,00,A01
200600040773,0,07,000,00,2,3,01,B01
200600040773,0,07,000,00,2,2,01,A01
200600040774,0,10,000,00,2,8,11,A01
200600040774,0,33,000,00,2,8,01,B01
200600040775,0,33,000,00,0,0,01,A01
200600040776,0,07,000,00,2,7,00,A01
200600040776,0,10,000,00,2,1,01,B01
200600040777,0,07,000,00,1,1,01,A01
200600040778,0,10,000,00,1,2,16,A01
200600040779,0,07,000,00,2,1,01,A01
200600040779,0,10,000,00,2,4,23,B01
200600040779,0,07,000,00,2,4,23,C01
200600040780,0,33,000,13,0,0,01,A01
200600040781,0,07,000,00,2,1,13,A01
200600040781,0,07,000,00,2,1,01,B01
200600040782,1,07,000,00,2,1,01,A01
200600040782,0,07,000,00,2,3,15,B01
200600040783,0,07,000,02,0,1,01,A01
200600040784,0,33,000,00,0,0,02,A01
200600040784,0,07,000,00,2,3,02,B01
200600040785,0,07,000,01,0,3,01,A01
200600040786,0,30,000,00,2,7,18,A01
200600040786,0,07,000,00,0,6,15,B01
200600040787,0,07,000,00,1,1,00,A01
200600040788,0,07,000,00,2,2,15,A01
200600040788,0,01,000,00,2,1,01,B01
200600040789,0,07,000,00,2,3,01,A01
200600040789,0,01,000,00,2,8,15,B01
200600040790,0,37,001,00,2,5,02,A01
200600040790,0,02,000,00,2,8,02,B01
200600040791,0,07,000,00,1,1,01,A01
200600040792,0,07,000,00,2,1,01,A01
200600040792,0,07,000,00,2,3,01,B01
200600040793,0,04,000,12,0,1,01,A01
200600040794,0,07,000,00,2,2,15,A01
200600040794,0,04,000,00,2,1,01,B01
200600040795,0,07,000,00,2,2,15,A01
200600040795,0,07,000,00,2,1,01,B01
200600040796,0,07,000,00,2,1,13,A01
200600040796,0,33,000,00,2,1,01,B01
200600040797,0,07,000,00,0,7,01,A01
200600040797,0,07,000,00,0,3,01,B01
200600040798,0,07,000,04,2,5,02,A01
200600040798,0,07,000,00,2,2,02,B01
200600040799,0,05,000,00,2,1,01,A01
200600040799,0,07,000,00,2,5,12,B01
200600040800,0,07,000,00,1,2,02,A01
200600040801,0,07,000,01,0,5,04,A01
200600040802,0,18,001,00,2,4,12,A01
200600040802,0,99,000,00,2,3,01,B01
200600040803,0,07,000,09,0,1,01,A01
200600040804,0,02,000,00,0,1,00,A01
200600040804,0,07,000,00,0,3,01,B01
200600040805,0,07,000,00,2,4,04,A01
200600040805,0,05,000,00,2,1,02,B01
200600040806,0,05,000,00,1,2,01,A01
200600040807,0,07,000,00,2,1,01,A01
200600040807,0,05,000,00,2,1,01,B01
200600040808,0,07,000,00,2,1,01,B01
200600040808,0,07,000,00,2,7,01,A01
200600040809,0,07,000,00,2,7,16,A01
200600040809,0,02,000,00,2,1,01,B01
200600040810,0,02,000,00,2,8,18,A01
200600040810,0,07,000,00,2,5,16,B01
200600040811,0,02,000,00,2,1,01,A01
200600040811,0,07,000,00,2,1,01,B01
200600040812,0,07,000,00,2,7,16,A01
200600040812,0,07,000,00,2,3,01,B01
200600040813,0,05,000,00,2,7,01,A01
200600040813,0,07,000,00,2,1,01,B01
200600040814,0,07,000,00,2,7,01,A01
200600040814,0,01,000,00,2,1,01,B01
200600040815,0,07,000,00,2,1,01,A01
200600040815,0,05,000,00,2,8,15,B01
200600040816,0,05,000,00,2,1,01,A01
200600040816,0,07,000,00,2,6,01,B01
200600040817,0,33,000,00,0,0,02,A01
200600040817,0,07,000,00,0,0,02,B01
200600040818,0,30,000,03,0,7,14,A01
200600040819,0,07,000,00,9,3,13,A01
200600040819,0,33,000,00,2,1,01,B01
200600040820,0,07,000,00,9,2,01,B01
200600040820,0,02,000,00,2,1,05,A01
200600040821,0,30,000,00,2,8,01,B01
200600040821,0,07,000,13,2,1,19,A01
200600040822,0,01,000,00,0,4,14,A01
200600040822,0,33,000,00,9,1,00,B01
200600040823,0,02,000,00,2,1,01,A01
200600040823,0,07,000,00,2,4,01,B01
200600040824,0,33,000,00,2,7,01,A01
200600040824,1,07,000,00,2,8,15,B01
200600040825,0,10,000,00,2,1,01,A01
200600040825,0,07,000,00,2,8,15,B01
200600040826,0,07,000,00,2,1,01,A01
200600040826,0,07,000,00,2,2,01,B01
200600040827,0,07,000,00,2,1,01,A01
200600040827,0,07,000,00,2,4,01,B01
200600040828,0,07,000,00,1,1,01,A01
200600040829,0,07,000,00,1,2,15,A01
200600040830,0,10,000,00,2,1,16,A01
200600040830,0,07,000,00,2,2,01,B01
200600040831,0,07,000,02,0,1,01,A01
200600040832,0,07,000,00,1,2,01,A01
200600040833,0,07,000,00,2,1,01,A01
200600040833,0,07,000,00,2,4,01,B01
200600040834,0,07,000,03,0,1,01,A01
200600040835,0,07,000,00,2,1,01,A01
200600040835,0,01,000,00,2,4,01,B01
200600040836,0,07,000,00,2,1,15,A01
200600040836,0,30,000,00,2,1,14,B01
200600040837,0,07,000,02,0,1,01,A01
200600040838,0,07,000,04,0,1,16,A01
200600040839,0,07,000,01,2,9,01,A01
200600040839,0,07,000,00,2,4,01,B01
200600040840,0,07,000,00,1,1,01,A01
200600040841,0,07,000,00,1,1,01,A01
200600040842,0,02,000,02,0,1,01,A01
200600040843,0,07,000,00,2,1,15,A01
200600040843,0,02,000,00,2,7,01,B01
200600040844,0,07,000,00,1,5,01,A01
200600040845,0,07,000,00,2,1,01,A01
200600040845,0,07,000,00,2,4,01,B01
200600040845,0,07,000,00,2,4,01,C01
200600040846,0,02,000,00,2,7,00,A01
200600040846,0,07,000,00,2,8,01,B01
200600040847,0,02,000,00,2,1,01,A01
200600040847,0,01,000,00,2,4,00,B01
200600040848,0,07,000,00,2,1,13,A01
200600040848,0,07,000,00,2,1,01,B01
200600040849,0,33,000,00,2,8,01,A01
200600040849,0,07,000,00,2,7,01,B01
200600040850,0,07,000,00,2,7,01,A01
200600040850,0,07,000,00,2,1,01,B01
200600040851,0,14,000,00,1,1,15,A01
200600040852,0,07,000,00,2,4,01,A01
200600040852,0,02,000,00,2,1,01,B01
200600040853,0,07,000,00,0,9,01,A01
200600040854,0,07,000,00,1,1,01,A01
200600040855,0,02,000,00,2,1,01,B01
200600040855,0,07,000,00,2,8,01,A01
200600040856,0,13,000,00,2,8,01,A01
200600040856,0,01,000,00,2,7,01,B01
200600040857,0,07,000,00,2,8,01,A01
200600040857,0,01,000,00,2,1,01,B01
200600040858,0,07,000,08,0,9,01,A01
200600040859,0,02,000,00,0,1,01,A01
200600040860,0,01,000,00,2,1,15,A01
200600040860,0,37,001,00,2,5,01,B01
200600040861,0,07,000,00,2,5,01,A01
200600040861,0,02,000,00,2,1,01,B01
200600040862,0,07,000,00,2,2,01,B01
200600040862,0,07,000,00,2,1,15,A01
200600040863,0,10,000,00,2,2,19,A01
200600040863,0,02,000,00,2,1,01,B01
200600040864,0,07,000,00,2,3,15,A01
200600040864,0,31,000,00,2,8,01,B01
200600040865,0,02,000,00,2,2,01,B01
200600040865,0,07,000,00,2,2,15,A01
200600040866,0,01,000,00,2,7,01,B01
200600040866,0,07,000,00,2,1,19,A01
200600040867,0,33,000,00,2,1,01,B01
200600040867,0,07,000,00,2,3,01,A01
200600040868,0,07,000,00,2,1,15,A01
200600040868,0,02,000,00,2,1,18,B01
200600040869,0,02,000,01,0,1,01,A01
200600040870,0,07,000,00,2,2,15,A01
200600040870,0,33,000,00,2,4,01,B01
200600040871,0,07,000,00,2,3,15,A01
200600040871,0,02,000,01,2,7,01,B01
200600040872,0,07,000,02,0,8,14,A01
200600040873,0,33,000,08,0,1,01,A01
200600040874,0,02,000,00,0,7,01,A01
200600040875,0,07,000,00,2,1,19,A01
200600040875,0,07,000,13,2,8,01,B01
200600040876,0,15,000,00,2,4,01,A01
200600040876,0,01,000,00,2,1,01,B01
200600040877,0,07,000,00,2,3,19,A01
200600040877,0,31,000,00,2,1,01,B01
200600040878,0,10,000,00,2,1,01,A01
200600040878,0,07,000,00,2,3,15,B01
200600040879,0,02,000,01,0,2,01,A01
200600040880,0,33,000,00,2,2,01,A01
200600040880,0,07,000,00,2,8,15,B01
200600040881,0,07,000,00,2,1,15,A01
200600040881,0,07,000,00,2,1,01,B01
200600040881,0,07,000,00,2,3,23,C01
200600040882,0,07,000,00,2,1,17,A01
200600040882,0,07,000,00,2,8,15,B01
200600040883,0,07,000,00,2,1,19,A01
200600040883,0,07,000,00,2,8,19,B01
200600040884,0,02,000,00,2,2,15,A01
200600040885,0,07,000,00,1,1,01,A01
200600040886,0,33,000,00,2,1,01,B01
200600040886,0,07,000,00,2,8,19,A01
200600040887,0,07,000,00,2,1,01,A01
200600040887,0,33,000,00,2,4,15,B01
200600040888,0,07,000,13,0,1,01,A01
200600040888,1,07,000,00,2,1,01,B01
200600040889,0,14,000,06,0,0,01,A01
200600040890,0,07,000,06,0,1,01,A01
200600040891,0,02,000,12,0,1,01,A01
200600040892,0,07,000,00,1,1,09,A01
200600040893,0,17,000,00,2,1,01,B01
200600040893,0,10,000,00,2,3,15,A01
200600040894,0,07,000,04,0,2,12,A01
200600040894,0,32,000,00,2,6,01,B01
200600040895,0,07,000,00,1,2,01,A01
200600040896,0,07,000,00,2,3,02,A01
200600040896,0,33,000,00,2,5,00,B01
200600040897,0,33,000,00,2,1,01,A01
200600040897,0,07,000,00,2,7,15,B01
200600040898,0,02,000,00,2,1,02,A01
200600040898,0,07,000,00,9,4,01,B01
200600040899,0,07,000,00,2,5,02,B01
200600040899,0,02,000,00,2,1,02,A01
200600040900,0,02,000,00,2,4,14,B01
200600040900,0,02,000,00,2,1,02,C01
200600040900,0,07,000,00,2,3,15,A01
200600040901,0,07,000,00,2,3,02,B01
200600040901,0,32,000,00,2,7,02,A01
200600040902,0,32,000,00,0,0,01,B01
200600040902,0,07,000,00,0,0,09,A01
200600040903,0,07,000,00,2,2,11,A01
200600040903,0,32,000,00,2,1,00,B01
200600040904,0,07,000,00,1,3,01,A01
200600040905,0,07,000,01,2,2,02,A01
200600040905,0,07,000,01,0,4,01,B01
200600040906,0,30,000,00,2,1,05,A01
200600040906,0,14,000,00,2,1,01,B01
200600040907,0,33,000,00,2,1,01,A01
200600040907,0,07,000,00,2,5,19,B01
200600040908,0,07,000,00,1,2,01,A01
200600040909,0,07,000,00,2,4,02,B01
200600040909,0,07,000,00,2,1,02,A01
200600040910,0,32,000,00,2,1,01,B01
200600040910,0,07,000,00,2,2,01,A01
200600040911,0,07,000,00,2,5,19,A01
200600040911,0,32,000,00,2,1,01,B01
200600040912,0,02,000,00,2,1,01,B01
200600040912,0,07,000,00,2,5,12,A01
200600040913,0,07,000,14,2,2,01,A01
200600040914,0,07,000,00,2,3,01,B01
200600040914,0,07,000,00,2,1,05,A01
200600040915,0,07,000,00,2,0,19,A01
200600040915,1,02,000,00,2,1,05,B01
200600040916,0,32,000,00,2,0,01,B01
200600040916,0,01,000,00,2,8,19,A01
200600040917,0,07,000,00,0,8,09,A01
200600040917,0,30,000,00,2,1,01,B01
200600040918,0,02,000,00,0,0,17,B01
200600040918,0,07,000,00,0,0,15,A01
200600040919,0,30,000,16,0,8,01,A01
200600040920,0,07,000,00,2,3,15,A01
200600040920,0,02,000,00,2,8,01,B01
200600040921,0,07,000,00,2,8,04,B01
200600040921,0,07,000,00,2,1,15,A01
200600040922,0,07,000,00,1,1,19,A01
200600040923,0,07,000,00,2,5,00,A01
200600040923,0,33,000,00,2,1,00,B01
200600040924,0,14,000,00,0,6,15,A01
200600040924,0,30,000,00,2,1,21,B01
200600040925,0,07,000,00,2,1,01,B01
200600040925,0,07,000,00,2,8,10,A01
200600040926,0,07,000,00,2,4,00,C01
200600040926,0,34,000,01,2,1,01,B01
200600040926,0,07,000,00,2,2,12,A01
200600040927,0,07,000,00,2,2,15,A01
200600040927,0,31,000,00,2,1,01,B01
200600040928,0,07,000,00,2,4,01,A01
200600040928,0,07,000,00,2,4,01,B01
200600040929,0,99,000,00,1,0,11,A01
200600040930,0,07,000,00,1,1,13,A01
200600040931,0,30,000,01,2,8,13,A01
200600040931,0,07,000,00,9,1,01,B01
200600040932,0,33,000,00,2,1,01,B01
200600040932,0,07,000,00,2,8,15,A01
200600040933,0,31,000,00,2,3,01,B01
200600040933,0,07,000,00,2,1,15,A01
200600040934,0,33,000,00,0,1,01,A01
200600040935,0,07,000,00,2,1,01,A01
200600040935,0,07,000,00,2,1,01,B01
200600040936,0,30,000,00,2,1,17,A01
200600040936,0,07,000,00,2,3,15,B01
200600040937,0,33,000,00,2,1,07,A01
200600040937,0,07,000,00,2,3,15,B01
200600040938,0,07,000,00,2,7,01,B01
200600040938,0,07,000,00,2,1,19,A01
200600040939,0,30,000,00,2,1,07,A01
200600040939,0,07,000,00,9,5,16,B01
200600040940,0,07,000,00,2,1,01,A01
200600040940,0,07,000,00,2,4,23,B01
200600040941,0,01,000,00,2,1,01,A01
200600040941,0,07,000,00,0,6,23,B01
200600040942,0,30,000,00,2,8,01,A01
200600040942,0,07,000,00,2,1,15,B01
200600040943,0,07,000,00,2,3,00,A01
200600040943,0,31,000,00,2,1,15,B01
200600040944,0,02,000,00,1,1,01,A01
200600040945,0,07,000,00,2,8,01,A01
200600040945,0,17,000,00,2,2,12,B01
200600040946,0,07,000,00,1,1,01,A01
200600040947,0,37,002,00,2,2,01,B01
200600040947,0,07,000,00,2,3,01,A01
200600040948,0,33,000,00,2,1,17,B01
200600040948,0,07,000,00,2,3,15,A01
200600040949,0,02,000,00,2,2,01,A01
200600040949,0,07,000,00,0,3,01,B01
200600040950,0,07,000,00,1,3,01,A01
200600040951,0,07,000,00,2,3,20,A01
200600040951,0,32,000,00,2,2,00,B01
200600040952,0,33,000,00,0,1,01,A01
200600040953,0,07,000,00,2,1,23,A01
200600040953,0,32,000,00,2,1,01,B01
200600040954,0,33,000,15,0,1,01,A01
200600040955,0,33,000,00,2,1,01,A01
200600040955,0,07,000,00,2,2,12,B01
200600040956,0,07,000,00,2,3,22,A01
200600040956,0,01,000,01,0,1,01,B01
200600040957,0,07,000,00,2,3,15,A01
200600040957,0,07,000,00,2,3,01,B01
200600040958,0,31,000,00,2,1,01,B01
200600040958,0,07,000,00,2,7,11,A01
200600040959,0,10,000,00,2,1,01,A01
200600040959,0,02,000,00,2,5,01,B01
200600040960,0,10,000,00,1,7,01,A01
200600040961,0,02,000,13,0,7,01,A01
200600040962,0,07,000,00,2,2,01,A01
200600040962,0,07,000,00,2,3,02,B01
200600040963,0,34,000,00,2,3,01,B01
200600040963,0,10,000,00,2,2,15,A01
200600040964,0,02,000,00,2,1,17,A01
200600040964,0,07,000,00,2,8,15,B01
200600040965,0,07,000,00,2,8,15,A01
200600040965,0,31,000,00,2,1,01,B01
200600040966,0,30,000,00,2,1,02,A01
200600040966,0,07,000,00,2,4,01,B01
200600040967,0,07,000,00,2,1,09,A01
200600040967,0,07,000,00,2,8,01,B01
200600040968,0,14,000,00,2,1,02,A01
200600040968,0,07,000,00,2,4,01,B01
200600040968,0,14,000,00,2,4,01,C01
200600040969,0,33,000,00,2,1,15,A01
200600040969,0,07,000,00,2,3,01,B01
200600040970,0,07,000,00,1,1,01,A01
200600040971,0,30,000,00,2,1,18,A01
200600040971,0,07,000,00,2,2,16,B01
200600040972,0,30,000,00,0,0,01,A01
200600040973,0,07,000,00,2,3,19,A01
200600040973,0,33,000,00,2,1,01,B01
200600040974,0,33,000,00,2,8,17,A01
200600040974,0,07,000,00,2,1,01,B01
200600040975,0,07,000,00,2,1,09,A01
200600040975,0,01,000,00,2,7,01,B01
200600040976,0,33,000,00,2,7,17,A01
200600040976,0,07,000,00,2,3,15,B01
200600040977,0,07,000,06,0,1,01,A01
200600040978,0,07,000,00,2,2,15,A01
200600040978,0,31,000,00,2,1,01,B01
200600040979,0,07,000,00,2,1,01,A01
200600040979,0,05,000,00,2,1,01,B01
200600040980,0,33,000,00,2,4,02,A01
200600040980,0,01,000,00,0,0,01,B01
200600040980,0,01,000,00,0,4,01,C01
200600040981,0,07,000,00,2,1,01,A01
200600040981,0,07,000,00,2,4,01,B01
200600040982,0,02,000,12,0,1,17,A01
200600040983,0,07,000,13,0,6,01,A01
200600040984,0,07,000,00,2,1,02,A01
200600040984,0,07,000,00,0,4,02,B01
200600040985,0,07,000,00,2,1,05,B01
200600040985,0,07,000,00,2,2,15,A01
200600040986,0,07,000,00,2,1,05,A01
200600040986,0,07,000,00,2,1,21,B01
200600040987,0,07,000,00,2,7,15,A01
200600040987,0,02,000,00,2,1,02,B01
200600040988,0,07,000,00,1,2,21,A01
200600040989,0,07,000,00,2,1,09,B01
200600040989,0,07,000,00,2,3,09,A01
200600040990,0,01,000,00,2,1,02,A01
200600040990,0,07,000,00,9,5,23,B01
200600040991,0,07,000,00,2,2,13,A01
200600040991,0,05,000,00,2,5,09,B01
200600040992,0,07,000,00,2,1,05,A01
200600040992,0,07,000,00,2,6,05,B01
200600040992,0,21,000,00,2,1,05,C01
200600040993,0,07,000,00,2,1,02,A01
200600040993,0,07,000,00,2,1,02,B01
200600040993,0,07,000,00,2,1,02,C01
200600040994,0,07,000,00,2,1,15,A01
200600040994,0,07,000,00,2,1,01,B01
200600040995,0,07,000,06,0,0,01,A01
200600040996,0,07,000,09,0,9,13,A01
200600040997,0,33,000,00,2,1,02,A01
200600040997,0,07,000,00,2,3,02,B01
200600040998,0,07,000,02,0,1,13,A01
200600040999,0,07,000,00,2,1,01,B01
200600040999,0,07,000,00,2,2,09,A01
200600041000,0,13,000,15,0,1,14,A01
200600041001,0,07,000,06,0,1,13,A01
200600041002,0,07,000,00,2,3,15,A01
200600041002,0,33,000,00,2,1,01,B01
200600041003,0,07,000,00,2,2,02,A01
200600041003,0,07,000,00,2,9,02,B01
200600041003,0,07,000,00,2,4,01,C01
200600041004,0,07,000,04,0,1,13,A01
200600041005,0,07,000,00,2,1,01,B01
200600041005,0,02,000,00,2,2,19,A01
200600041006,0,01,000,00,2,3,11,A01
200600041006,0,07,000,00,9,2,01,B01
200600041007,0,10,000,02,0,1,01,A01
200600041008,0,14,000,00,2,4,09,A01
200600041008,0,07,000,00,2,8,01,B01
200600041009,0,02,000,00,2,1,05,A01
200600041009,0,07,000,00,2,3,01,B01
200600041010,0,07,000,02,0,7,13,A01
200600041011,0,02,000,06,0,1,01,A01
200600041012,0,17,000,03,0,7,01,A01
200600041013,0,33,000,16,0,8,01,A01
200600041014,0,07,000,08,0,1,01,A01
200600041015,0,07,000,00,2,2,01,B01
200600041015,0,07,000,00,2,2,09,A01
200600041016,0,07,000,00,2,8,09,A01
200600041016,0,32,000,00,2,1,01,B01
200600041017,0,07,000,06,0,9,13,A01
200600041018,0,07,000,06,0,1,01,A01
200600041019,1,07,000,00,1,0,00,A01
200600041020,0,33,000,00,0,1,01,A01
200600041021,0,07,000,00,2,1,01,A01
200600041021,0,07,000,00,2,1,01,B01
200600041022,0,07,000,00,2,1,15,A01
200600041022,0,07,000,00,2,1,01,B01
200600041023,0,07,000,00,2,1,15,A01
200600041023,0,07,000,00,2,1,01,B01
200600041024,0,07,000,00,2,3,20,A01
200600041024,0,30,000,00,2,1,01,B01
200600041025,0,30,000,00,2,2,17,A01
200600041025,0,07,000,00,2,6,15,B01
200600041026,0,07,000,08,0,1,01,A01
200600041027,0,02,000,00,2,1,01,A01
200600041027,0,07,000,00,2,4,23,B01
200600041028,0,30,000,00,2,1,15,A01
200600041028,0,07,000,00,2,1,01,B01
200600041029,0,07,000,00,2,1,01,A01
200600041029,0,07,000,00,2,4,01,B01
200600041030,0,07,000,01,0,1,01,A01
200600041031,0,33,000,00,0,1,01,A01
200600041032,0,07,000,00,2,8,01,A01
200600041032,0,01,000,00,2,1,05,B01
200600041033,0,07,000,13,0,1,01,A01
200600041034,0,31,000,00,9,2,01,B01
200600041035,0,07,000,08,0,1,01,A01
200600041036,0,10,000,00,2,1,01,A01
200600041036,0,07,000,00,2,4,23,B01
200600041036,0,07,000,00,2,4,23,C01
200600041036,0,07,000,00,2,4,22,D01
200600041037,0,01,000,00,2,1,01,A01
200600041037,0,07,000,00,2,5,16,B01
200600041038,0,02,000,00,2,7,13,A01
200600041038,0,07,000,00,2,7,01,B01
200600041039,0,01,000,00,2,7,13,A01