Num_Acc,senc,catv,occutc,obs,obsm,choc,manv,num_veh
200600041399,0,07,000,00,2,1,01,B01
200600041400,0,30,000,00,2,1,02,A01
200600041400,0,15,000,00,0,4,00,B01
200600041401,0,31,000,00,2,8,01,A01
200600041401,1,07,000,00,2,1,01,B01
200600041402,0,02,000,00,2,2,02,A01
200600041402,0,07,000,00,0,8,01,B01
200600041403,0,38,001,00,9,5,16,A01
200600041403,0,01,000,00,2,1,16,B01
200600041404,0,03,000,00,2,8,11,A01
200600041404,0,07,000,00,2,2,01,B01
200600041405,0,07,000,01,1,5,09,A01
200600041405,0,07,000,00,2,2,02,B01
200600041406,0,02,000,00,2,2,03,A01
200600041406,0,07,000,00,2,3,15,B01
200600041407,0,05,000,00,2,1,17,A01
200600041407,0,07,000,00,2,3,20,B01
200600041408,0,07,000,00,9,6,22,A01
200600041408,0,01,000,01,0,8,22,B01
200600041409,0,07,000,00,0,3,00,A01
200600041410,0,07,000,11,0,1,02,A01
200600041411,0,07,000,01,0,2,02,A01
200600041411,0,07,000,00,2,6,24,B01
200600041412,0,07,000,08,0,1,01,B01
200600041412,0,07,000,00,0,1,01,A01
200600041413,0,07,000,08,0,1,00,A01
200600041414,0,07,000,00,9,7,17,A01
200600041414,0,01,000,00,0,8,02,B01
200600041415,0,07,000,00,1,2,01,A01
200600041416,0,07,000,00,2,2,00,A01
200600041416,0,18,001,00,0,6,09,B01
200600041417,0,02,000,00,2,7,01,A01
200600041417,1,07,000,00,2,1,01,B01
200600041418,0,04,000,11,2,5,00,A01
200600041418,0,07,000,00,2,3,02,B01
200600041419,0,07,000,00,1,3,02,A01
200600041420,0,07,000,00,2,1,02,A01
200600041420,0,07,000,15,0,4,02,B01
200600041421,1,10,000,00,2,1,00,A01
200600041421,0,02,000,00,2,8,00,B01
200600041422,0,07,000,00,0,3,23,C01
200600041422,0,33,000,00,2,1,02,A01
200600041422,0,33,000,14,0,2,21,B01
200600041423,0,07,000,00,0,4,01,B01
200600041423,0,07,000,00,2,1,01,A01
200600041424,0,30,000,00,2,1,10,A01
200600041424,0,07,000,00,9,1,00,B01
200600041425,0,07,000,00,9,1,13,A01
200600041425,0,07,000,00,9,1,14,B01
200600041426,0,07,000,15,0,1,09,A01
200600041427,0,02,000,00,1,0,01,A01
200600041428,0,07,000,00,2,2,15,A01
200600041428,0,33,000,00,2,2,01,B01
200600041429,0,07,000,00,0,4,01,B01
200600041429,0,07,000,00,2,1,02,A01
200600041430,0,07,000,00,0,4,02,A01
200600041430,1,07,000,00,0,0,02,B01
200600041431,0,07,000,00,0,2,02,A01
200600041432,0,15,000,00,2,7,02,A01
200600041432,0,31,000,14,2,8,02,B01
200600041433,0,34,000,01,0,2,01,A01
200600041434,0,07,000,00,0,7,16,A01
200600041434,0,32,000,00,0,8,18,B01
200600041435,0,07,000,00,0,2,02,A01
200600041435,0,07,000,00,0,6,02,B01
200600041436,0,07,000,00,0,7,15,B01
200600041436,0,05,000,00,0,1,00,A01
200600041437,0,07,000,00,1,3,02,B01
200600041437,0,04,000,00,0,1,03,A01
200600041438,0,02,000,00,2,1,01,A01
200600041438,0,07,000,00,2,2,15,B01
200600041439,0,07,000,00,0,3,11,A01
200600041439,0,02,000,00,0,1,00,B01
200600041440,0,07,000,00,2,3,13,A01
200600041440,0,07,000,00,2,2,01,B01
200600041441,0,18,001,00,1,5,01,A01
200600041442,0,15,000,00,1,1,01,A01
200600041443,0,07,000,10,0,1,00,A01
200600041444,0,07,000,00,0,1,02,A01
200600041444,0,34,000,00,0,7,02,B01
200600041445,0,07,000,15,2,1,02,A01
200600041445,0,07,000,15,2,4,02,B01
200600041446,0,07,000,00,1,2,01,A01
200600041447,0,03,000,01,0,9,01,A01
200600041448,0,07,000,01,0,1,05,A01
200600041449,0,34,000,00,2,1,01,A01
200600041449,0,07,000,00,2,4,01,B01
200600041450,0,34,000,00,2,2,17,A01
200600041450,0,07,000,00,2,3,15,B01
200600041451,0,07,000,00,2,1,01,A01
200600041451,0,07,000,00,2,4,23,B01
200600041452,0,07,000,00,2,3,10,A01
200600041452,0,34,000,00,2,1,01,B01
200600041453,0,07,000,00,2,6,10,A01
200600041453,0,33,000,00,2,1,01,B01
200600041454,0,07,000,00,2,4,00,A01
200600041454,0,07,000,00,2,4,02,B01
200600041454,0,07,000,00,2,1,02,C01
200600041455,0,02,000,00,2,1,05,A01
200600041455,0,07,000,00,2,3,01,B01
200600041456,0,07,000,00,2,3,00,A01
200600041456,0,20,000,00,2,9,09,B01
200600041457,0,07,000,11,0,1,01,A01
200600041458,0,10,000,00,2,1,02,A01
200600041458,0,07,000,00,2,4,02,B01
200600041458,0,07,000,00,2,4,02,C01
200600041458,0,07,000,00,0,4,00,D01
200600041459,0,34,000,00,0,7,00,A01
200600041460,0,37,000,03,0,1,00,A01
200600041461,0,14,000,00,2,3,16,A01
200600041461,0,01,000,01,2,1,05,B01
200600041462,0,07,000,00,9,1,02,A01
200600041463,0,10,000,16,1,2,01,A01
200600041464,0,07,000,00,1,1,02,A01
200600041465,0,07,000,00,0,2,01,A01
200600041466,0,33,000,00,2,1,00,A01
200600041466,0,10,000,00,2,7,00,B01
200600041467,0,10,000,00,2,1,02,A01
200600041467,0,07,000,00,0,4,02,B01
200600041468,0,34,000,00,2,1,01,B01
200600041468,0,07,000,00,2,6,10,A01
200600041469,0,07,000,00,0,5,15,A01
200600041469,0,33,000,00,2,1,00,B01
200600041470,0,37,001,00,2,7,16,A01
200600041470,0,01,000,00,2,1,00,B01
200600041471,0,34,000,00,1,1,00,A01
200600041472,0,33,000,01,1,8,00,A01
200600041473,0,30,000,11,9,0,01,A01
200600041474,0,10,000,00,1,1,02,A01
200600041475,0,07,000,00,0,2,00,A01
200600041476,0,07,000,14,0,1,01,A01
200600041477,0,07,000,00,0,0,16,A01
200600041477,0,01,000,00,0,0,21,B01
200600041478,0,07,000,00,2,7,09,A01
200600041478,0,02,000,00,2,1,00,B01
200600041479,0,07,000,00,2,8,10,A01
200600041479,0,34,000,00,2,1,01,B01
200600041480,0,31,000,00,0,0,15,A01
200600041481,0,07,000,00,2,4,04,A01
200600041482,0,07,000,11,0,1,01,A01
200600041483,0,07,000,11,0,1,01,A01
200600041484,0,07,000,00,0,1,02,A01
200600041484,0,07,000,00,1,7,12,B01
200600041485,0,32,000,00,2,1,02,A01
200600041486,0,32,000,00,0,1,02,B01
200600041486,0,07,000,00,2,2,10,A01
200600041487,0,07,000,00,1,2,01,A01
200600041488,0,07,000,00,1,3,01,A01
200600041489,0,07,000,00,2,1,02,A01
200600041489,0,07,000,00,0,4,02,B01
200600041490,0,07,000,00,0,1,01,A01
200600041490,0,07,000,00,0,4,01,C01
200600041490,0,07,000,00,0,4,01,B01
200600041491,0,33,000,00,1,1,01,A01
200600041491,0,07,000,00,2,8,01,C01
200600041491,0,07,000,00,2,7,01,B01
200600041492,2,07,000,00,2,1,23,D01
200600041492,0,07,000,00,2,4,02,C01
200600041492,0,07,000,00,2,1,23,A01
200600041492,0,07,000,00,2,4,02,B01
200600041492,0,07,000,00,2,1,01,E01
200600041493,0,31,000,00,2,1,01,B01
200600041493,0,07,000,00,2,2,01,A01
200600041494,0,07,000,00,2,1,00,A01
200600041494,0,07,000,00,2,3,00,B01
200600041495,0,07,000,00,1,1,01,A01
200600041496,0,07,000,00,0,1,01,B01
200600041496,0,07,000,00,0,7,15,A01
200600041497,0,07,000,00,2,2,01,B01
200600041497,0,07,000,00,0,0,01,A01
200600041498,0,02,000,00,2,3,11,B01
200600041499,0,07,000,00,2,2,02,B01
200600041499,0,07,000,00,2,3,00,A01
200600041500,0,31,000,14,0,1,12,A01
200600041500,0,07,000,00,0,2,15,B01
200600041501,0,32,000,00,0,1,00,A01
200600041501,0,07,000,00,0,2,23,B01
200600041502,0,07,000,00,2,3,01,A01
200600041502,0,07,000,00,2,8,11,B01
200600041503,1,07,000,00,2,2,02,A01
200600041503,0,07,000,00,0,8,11,B01
200600041504,0,02,000,00,0,1,00,B01
200600041504,0,17,000,00,0,5,12,A01
200600041505,0,07,000,00,2,2,15,A01
200600041505,0,02,000,00,2,3,15,B01
200600041506,0,37,000,00,2,2,01,A01
200600041506,0,07,000,00,2,3,19,B01
200600041507,0,07,000,00,2,8,00,B01
200600041507,0,30,000,00,2,2,00,A01
200600041508,0,99,000,00,2,1,02,A01
200600041508,0,07,000,00,0,4,23,B01
200600041509,0,07,000,00,9,3,15,A01
200600041510,0,07,000,00,2,0,02,A01
200600041510,0,33,000,00,2,8,02,B01
200600041511,0,07,000,15,0,2,01,A01
200600041512,2,07,000,00,2,1,01,A01
200600041512,0,33,000,00,2,1,01,B01
200600041513,0,07,000,00,0,2,10,A01
200600041513,0,31,000,00,2,1,02,B01
200600041514,0,07,000,00,2,2,15,A01
200600041514,0,07,000,00,0,3,01,B01
200600041515,0,07,000,00,1,1,01,A01
200600041516,0,30,000,00,2,1,01,B01
200600041516,0,07,000,00,2,2,01,A01
200600041516,0,07,000,00,2,3,24,D01
200600041516,0,01,000,01,2,1,01,C01
200600041517,0,07,000,00,1,2,01,A01
200600041518,0,10,000,00,2,3,01,B01
200600041518,0,07,000,09,2,5,15,A01
200600041519,0,07,000,09,2,1,01,A01
200600041519,0,07,000,09,2,3,01,B01
200600041520,0,07,000,00,2,1,15,A01
200600041520,0,30,000,00,2,1,01,B01
200600041521,0,07,000,00,2,2,15,A01
200600041521,0,07,000,00,2,3,01,B01
200600041522,0,17,000,12,2,6,01,A01
200600041522,0,99,000,00,2,5,15,B01
200600041522,0,07,000,00,1,4,15,C01
200600041522,0,07,000,00,2,6,15,D01
200600041523,0,07,000,00,2,7,15,A01
200600041523,0,33,000,00,2,1,01,B01
200600041524,0,07,000,00,2,2,15,A01
200600041524,0,31,000,00,2,1,01,B01
200600041525,0,07,000,00,2,2,01,B01
200600041525,0,07,000,00,2,3,15,A01
200600041526,0,07,000,00,0,6,02,A01
200600041526,0,33,000,00,2,1,02,B01
200600041527,0,30,000,00,2,3,17,A01
200600041527,0,07,000,00,2,3,15,B01
200600041528,0,07,000,00,2,3,00,B01
200600041528,0,07,000,00,2,2,19,A01
200600041529,0,02,000,00,2,1,02,A01
200600041529,0,07,000,00,2,4,02,B01
200600041530,0,31,000,00,2,1,02,A01
200600041530,0,07,000,00,0,5,02,B01
200600041531,0,07,000,00,2,5,15,A01
200600041531,0,07,000,00,2,1,00,B01
200600041532,1,07,000,00,9,3,00,A01
200600041532,0,02,000,00,2,1,01,B01
200600041533,0,33,000,00,2,2,01,A01
200600041533,0,07,000,00,2,2,15,B01
200600041534,0,07,000,00,1,3,02,A01
200600041535,0,07,000,00,2,1,02,A01
200600041535,0,07,000,00,2,4,02,B01
200600041536,0,07,000,00,2,2,01,A01
200600041536,0,07,000,00,2,1,01,B01
200600041537,0,07,000,14,1,1,01,A01
200600041538,0,07,000,00,0,7,09,A01
200600041538,0,37,003,00,2,3,01,B01
200600041539,0,07,000,00,2,7,22,A01
200600041539,0,05,000,01,0,1,03,B01
200600041540,0,07,000,00,2,1,13,A01
200600041540,0,07,000,00,0,8,01,B01
200600041540,0,07,000,00,2,1,01,C01
200600041541,0,07,000,00,2,3,13,A01
200600041541,0,07,000,00,0,3,01,B01
200600041542,0,02,000,00,2,1,02,A01
200600041542,0,07,000,00,2,1,12,B01
200600041543,0,02,000,00,2,1,01,A01
200600041543,0,07,000,00,2,1,15,B01
200600041544,0,10,000,00,1,1,01,A01
200600041545,0,02,000,00,2,2,02,A01
200600041545,0,10,000,00,0,2,02,B01
200600041546,0,07,000,00,2,2,15,A01
200600041546,0,02,000,00,2,1,01,B01
200600041547,0,07,000,00,1,3,15,A01
200600041548,0,07,000,00,1,5,20,A01
200600041549,0,07,000,00,2,3,15,A01
200600041549,0,04,000,00,2,1,01,B01
200600041550,0,07,000,06,0,0,00,A01
200600041551,0,05,000,00,2,7,17,A01
200600041551,0,07,000,00,2,3,15,B01
200600041552,0,07,000,00,2,1,13,A01
200600041552,0,07,000,00,2,1,01,B01
200600041553,0,02,000,00,2,1,17,A01
200600041553,0,07,000,00,2,3,15,B01
200600041554,0,04,000,00,2,1,01,A01
200600041554,0,07,000,00,0,4,01,B01
200600041555,0,01,000,00,2,1,02,A01
200600041555,0,07,000,00,9,2,15,B01
200600041556,0,07,000,00,2,3,15,A01
200600041556,0,33,000,00,2,8,01,B01
200600041557,0,04,000,00,2,1,01,B01
200600041557,0,07,000,00,9,8,01,A01
200600041558,0,07,000,00,2,1,01,A01
200600041558,0,07,000,00,2,4,01,B01
200600041559,0,07,000,00,1,1,02,A01
200600041560,0,14,000,00,2,2,00,A01
200600041560,0,33,000,00,2,2,00,B01
200600041561,0,15,000,00,0,6,01,A01
200600041561,0,02,000,00,2,2,17,B01
200600041562,0,30,000,00,2,1,17,A01
200600041562,0,07,000,00,2,3,15,B01
200600041563,0,07,000,00,2,1,15,A01
200600041563,0,07,000,00,2,3,02,B01
200600041564,1,07,000,00,2,1,00,A01
200600041564,0,33,000,00,2,4,00,B01
200600041565,0,07,000,00,2,4,23,A01
200600041565,0,07,000,00,2,1,02,B01
200600041566,0,32,000,00,2,1,02,A01
200600041566,0,33,000,00,0,7,16,B01
200600041567,0,07,000,00,0,7,01,A01
200600041567,0,07,000,00,2,1,01,B01
200600041568,0,07,000,00,2,1,01,A01
200600041568,0,07,000,00,0,4,23,B01
200600041569,0,07,000,00,2,1,02,A01
200600041569,0,07,000,00,2,4,02,B01
200600041570,0,02,000,00,2,7,00,A01
200600041570,0,07,000,00,2,3,02,B01
200600041571,0,07,000,00,2,0,02,A01
200600041571,0,33,000,00,2,0,00,B01
200600041572,0,07,000,00,1,1,01,A01
200600041573,0,07,000,00,1,1,01,A01
200600041574,0,07,000,00,2,8,01,B01
200600041574,0,07,000,00,2,1,15,A01
200600041575,0,33,000,01,0,0,00,A01
200600041576,0,07,000,00,1,3,15,A01
200600041577,0,07,000,00,1,1,02,A01
200600041578,0,07,000,00,1,2,02,A01
200600041579,0,07,000,00,1,0,01,A01
200600041580,0,07,000,00,2,3,01,A01
200600041580,0,01,000,00,2,1,09,B01
200600041581,0,07,000,00,2,1,02,A01
200600041581,0,02,000,00,0,4,23,B01
200600041582,0,07,000,00,1,1,01,A01
200600041583,0,20,000,06,0,1,01,A01
200600041584,0,07,000,06,0,0,00,A01
200600041585,0,02,000,00,0,4,23,A01
200600041585,0,07,000,00,2,1,02,B01
200600041586,0,31,000,00,0,0,00,A01
200600041587,0,07,000,03,0,1,21,A01
200600041588,0,10,000,00,2,2,06,A01
200600041588,0,07,000,00,2,1,01,B01
200600041589,0,07,000,06,0,1,01,A01
200600041590,0,07,000,00,2,3,20,A01
200600041590,0,02,000,00,2,7,01,B01
200600041591,0,07,000,00,2,2,15,A01
200600041591,0,02,000,00,2,1,01,B01
200600041592,0,07,000,00,9,1,01,A01
200600041592,0,01,000,00,2,1,01,B01
200600041593,0,07,000,00,2,2,15,A01
200600041593,0,02,000,00,2,3,01,B01
200600041594,0,07,000,00,2,4,01,A01
200600041594,0,07,000,00,2,1,01,B01
200600041594,0,07,000,00,2,4,01,C01
200600041595,0,13,000,00,2,1,01,A01
200600041595,0,07,000,00,2,4,01,B01
200600041596,0,07,000,00,2,1,00,A01
200600041596,0,07,000,00,2,4,01,B01
200600041597,0,05,000,00,2,1,01,A01
200600041597,0,07,000,00,2,4,01,B01
200600041598,0,05,000,00,2,1,01,A01
200600041598,0,05,000,00,2,8,01,B01
200600041599,0,07,000,00,2,7,15,A01
200600041599,0,07,000,00,2,1,01,B01
200600041600,0,07,000,00,2,1,01,A01
200600041600,0,18,000,00,2,4,01,B01
200600041601,0,07,000,00,2,1,01,B01
200600041601,0,05,000,00,0,7,01,A01
200600041602,0,07,000,00,2,4,02,C01
200600041602,0,04,000,00,2,1,23,B01
200600041602,1,07,000,00,2,1,13,A01
200600041603,0,10,000,00,0,1,00,A01
200600041603,0,07,000,00,0,5,00,B01
200600041604,0,15,000,00,0,1,01,A01
200600041604,0,07,000,00,0,4,01,B01
200600041604,0,07,000,00,0,0,01,C01
200600041605,0,07,000,00,2,6,11,A01
200600041605,0,07,000,00,2,2,01,B01
200600041606,0,07,000,00,0,1,00,A01
200600041606,0,07,000,00,0,6,01,B01
200600041607,0,07,000,00,0,6,01,A01
200600041607,0,07,000,00,0,1,01,B01
200600041608,0,07,000,00,0,3,01,A01
200600041608,0,07,000,00,2,3,00,B01
200600041609,0,10,000,04,0,9,00,A01
200600041610,0,07,000,00,0,1,09,A01
200600041611,0,07,000,00,2,3,09,A01
200600041611,0,07,000,00,2,8,02,B01
200600041612,0,07,000,12,0,1,09,A01
200600041613,0,01,000,00,0,0,01,A01
200600041614,0,07,000,00,2,3,15,A01
200600041614,0,07,000,15,2,1,01,B01
200600041615,0,07,000,00,2,8,01,A01
200600041615,0,34,000,00,0,3,01,B01
200600041616,0,07,000,00,0,1,00,A01
200600041616,0,07,000,00,0,8,00,B01
200600041617,0,07,000,00,0,5,12,A01
200600041617,0,05,000,00,0,1,18,B01
200600041618,0,02,000,00,0,1,05,A01
200600041618,0,07,000,00,0,1,01,B01
200600041619,0,10,000,12,1,7,02,A01
200600041620,0,07,000,00,2,7,10,A01
200600041620,0,32,000,00,2,1,01,B01
200600041621,0,07,000,04,0,7,01,A01
200600041622,0,33,000,14,2,1,02,A01
200600041623,0,33,000,12,0,1,01,A01
200600041624,0,07,000,00,2,1,01,A01
200600041624,0,07,000,00,2,4,01,B01
200600041625,0,30,000,05,0,3,02,A01
200600041626,0,33,000,14,0,3,01,A01
200600041626,0,15,000,00,2,3,15,B01
200600041626,0,14,000,00,0,0,15,C01
200600041627,0,10,000,00,1,5,04,A01
200600041628,0,07,000,00,2,3,02,A01
200600041628,0,07,000,00,0,5,02,B01
200600041629,0,33,000,00,2,7,19,B01
200600041629,0,10,000,00,2,1,19,A01
200600041630,0,07,000,01,2,4,00,A01
200600041630,0,10,000,00,0,1,01,C01
200600041631,0,02,000,00,2,1,01,A01
200600041631,0,10,000,00,2,4,01,B01
200600041632,0,07,000,00,2,3,00,A01
200600041632,0,32,000,00,2,7,01,B01
200600041633,0,07,000,00,1,3,01,A01
200600041634,0,07,000,00,2,6,04,A01
200600041634,0,33,000,00,2,1,01,B01
200600041635,0,32,000,00,2,1,21,A01
200600041635,0,07,000,00,2,6,23,B01
200600041636,0,07,000,00,2,1,15,A01
200600041636,0,33,000,00,2,1,01,B01
200600041637,0,07,000,00,0,1,15,A01
200600041637,0,33,000,00,0,1,01,B01
200600041638,0,07,000,00,2,1,16,A01
200600041638,0,30,000,00,2,1,21,B01
200600041639,0,30,000,00,1,1,01,A01
200600041640,0,02,000,00,2,1,01,A01
200600041640,0,07,000,00,2,7,01,B01
200600041641,0,07,000,00,1,1,01,A01
200600041642,0,34,000,00,2,1,01,A01
200600041642,0,07,000,00,2,2,16,B01
200600041643,0,30,000,00,2,1,01,A01
200600041643,0,07,000,00,2,4,15,B01
200600041644,0,07,000,08,2,2,01,A01
200600041644,0,07,000,00,2,1,01,B01
200600041645,0,30,000,00,2,1,05,A01
200600041645,0,07,000,00,2,2,15,B01
200600041646,0,07,000,10,2,1,01,A01
200600041646,0,01,000,00,2,1,19,C01
200600041646,0,07,000,00,2,6,01,B01
200600041647,0,07,000,12,0,1,01,A01
200600041648,0,07,000,00,2,2,09,A01
200600041648,0,32,000,00,2,1,01,B01
200600041649,0,07,000,00,2,0,00,A01
200600041649,0,01,000,00,2,0,01,B01
200600041650,0,07,000,15,2,7,01,A01
200600041650,0,07,000,00,2,1,01,B01
200600041651,0,33,000,00,1,1,02,A01
200600041652,0,07,000,00,2,1,01,A01
200600041652,0,01,000,00,2,4,01,B01
200600041653,0,07,000,02,0,1,01,A01
200600041654,0,07,000,01,1,6,04,A01
200600041655,0,31,000,00,2,1,02,A01
200600041655,0,07,000,00,0,4,16,B01
200600041656,0,07,000,00,2,0,00,B01
200600041656,0,07,000,00,2,0,00,A01
200600041657,0,07,000,00,2,1,09,A01
200600041657,0,33,000,00,2,2,01,B01
200600041658,0,07,000,00,2,7,15,A01
200600041658,0,07,000,00,2,1,01,B01
200600041659,0,31,000,00,2,1,05,A01
200600041659,0,07,000,00,2,1,01,B01
200600041660,0,33,000,00,0,8,00,A01
200600041661,0,07,000,00,2,2,12,A01
200600041661,0,07,000,00,2,3,01,B01
200600041662,0,32,000,00,2,1,01,A01
200600041662,0,07,000,00,0,6,15,B01
200600041663,0,32,000,00,2,1,17,A01
200600041663,0,07,000,00,2,1,15,B01
200600041664,0,07,000,00,2,2,09,A01
200600041664,0,33,000,00,2,5,01,B01
200600041665,0,02,000,00,2,3,12,A01
200600041665,0,07,000,00,2,2,12,B01
200600041666,0,33,000,00,2,1,01,B01
200600041666,0,07,000,00,2,8,09,A01
200600041667,0,07,000,00,2,1,01,A01
200600041667,0,31,000,00,0,4,01,B01
200600041668,0,07,000,12,2,5,01,C01
200600041668,0,07,000,00,2,1,01,A01
200600041668,0,07,000,00,0,4,01,B01
200600041669,0,07,000,00,1,1,01,A01
200600041670,0,07,000,00,1,1,01,A01
200600041671,0,07,000,00,1,2,01,A01
200600041672,0,07,000,00,1,3,01,A01
200600041673,0,07,000,00,2,4,01,A01
200600041673,0,02,000,00,2,1,02,B01
200600041674,1,07,000,00,1,0,01,A01
200600041675,0,07,000,00,1,1,01,A01
200600041676,0,07,000,01,0,2,14,A01
200600041677,0,34,000,00,2,1,01,A01
200600041677,0,07,000,00,2,6,15,B01
200600041678,0,02,000,01,0,7,14,A01
200600041679,0,07,000,00,2,3,15,A01
200600041679,0,07,000,00,2,3,01,B01
200600041680,0,33,000,00,2,1,01,A01
200600041680,0,07,000,00,2,6,01,B01
200600041681,0,02,000,12,0,8,15,A01
200600041682,0,07,000,00,2,3,01,A01
200600041682,0,07,000,00,2,3,01,B01
200600041683,0,07,000,06,0,1,13,A01
200600041684,0,07,000,00,1,2,01,A01
200600041685,0,07,000,00,2,8,01,A01
200600041685,0,07,000,01,0,2,01,B01
200600041686,0,07,000,00,2,8,01,A01
200600041686,0,07,000,00,2,1,01,B01
200600041687,0,10,000,00,2,2,01,A01
200600041687,0,34,000,00,2,1,01,B01
200600041688,0,33,000,00,2,7,01,A01
200600041688,0,07,000,00,2,3,15,B01
200600041689,0,30,000,00,2,1,01,A01
200600041689,0,07,000,00,2,7,00,B01
200600041690,0,07,000,00,2,8,15,B01
200600041690,0,02,000,00,2,8,15,A01
200600041691,0,30,000,00,0,0,01,A01
200600041692,0,07,000,00,2,2,02,A01
200600041692,0,01,000,00,0,4,02,B01
200600041693,0,02,000,00,0,1,00,A01
200600041693,0,07,000,00,0,6,15,B01
200600041694,0,30,000,00,0,8,01,A01
200600041694,0,07,000,00,2,1,01,B01
200600041695,0,07,000,00,2,7,16,A01
200600041695,0,33,000,00,2,8,01,B01
200600041696,0,07,000,00,2,1,13,A01
200600041696,0,07,000,00,2,1,01,B01
200600041697,0,07,000,04,0,2,15,A01
200600041698,0,33,000,16,0,9,00,A01
200600041699,0,07,000,00,1,3,01,A01
200600041700,0,10,000,00,2,7,01,B01
200600041700,0,07,000,00,2,8,01,A01
200600041701,0,07,000,15,0,0,16,A01
200600041702,0,07,000,00,0,1,16,A01
200600041703,0,07,000,00,2,1,09,A01
200600041703,0,02,000,00,2,1,01,B01
200600041704,0,07,000,00,1,1,01,A01
200600041705,0,07,000,00,2,3,15,A01
200600041705,0,02,000,00,2,1,17,B01
200600041706,0,07,000,00,2,3,15,A01
200600041706,0,34,000,00,2,1,02,B01
200600041707,0,07,000,00,2,4,04,A01
200600041707,0,01,000,00,2,1,01,B01
200600041708,0,33,000,00,2,2,17,A01
200600041708,0,07,000,00,2,8,15,B01
200600041709,0,02,000,00,2,1,18,A01
200600041709,0,17,000,00,0,7,01,B01
200600041710,0,33,000,00,2,5,01,A01
200600041710,1,07,000,00,2,1,15,B01
200600041711,0,07,000,00,2,2,02,A01
200600041711,0,30,000,00,2,5,02,B01
200600041712,0,33,000,14,0,1,01,A01
200600041713,0,07,000,00,2,1,01,A01
200600041713,0,07,000,00,0,4,01,B01
200600041714,0,07,000,00,2,1,01,A01
200600041714,0,07,000,00,2,4,12,B01
200600041715,0,07,000,00,2,2,19,A01
200600041715,0,02,000,00,2,7,01,B01
200600041716,0,32,000,00,1,1,01,A01
200600041717,0,07,000,00,1,1,01,A01
200600041718,0,07,000,00,2,1,01,A01
200600041718,0,07,000,00,2,4,01,B01
200600041718,0,07,000,00,2,4,01,C01
200600041718,0,07,000,00,2,4,01,D01
200600041719,0,07,000,00,2,3,15,A01
200600041719,0,33,000,00,2,1,01,B01
200600041720,0,16,000,00,1,0,01,A01
200600041721,0,07,000,08,0,1,01,A01
200600041722,0,02,000,00,2,1,01,B01
200600041722,0,07,000,00,2,1,01,A01
200600041723,0,07,000,00,2,1,15,A01
200600041723,0,07,000,00,2,1,01,B01
200600041724,0,07,000,00,1,1,01,A01
200600041725,0,07,000,00,1,7,01,A01
200600041726,0,05,000,00,2,1,01,A01
200600041726,1,07,000,00,2,4,12,B01
200600041727,0,07,000,00,9,8,22,A01
200600041727,0,01,000,01,0,1,01,B01
200600041728,0,07,000,00,2,7,02,A01
200600041728,0,07,000,00,2,5,02,B01
200600041729,0,07,000,00,2,1,02,A01
200600041729,0,07,000,00,2,4,02,B01
200600041730,0,07,000,01,2,1,01,A01
200600041730,0,07,000,00,2,4,02,B01
200600041731,0,07,000,00,2,3,01,A01
200600041731,0,07,000,00,2,3,01,B01
200600041732,0,07,000,00,2,7,15,A01
200600041732,0,07,000,00,0,2,01,B01
200600041733,0,30,000,00,2,1,01,A01
200600041733,0,07,000,00,0,4,02,B01
200600041734,0,33,000,00,2,1,01,A01
200600041734,0,07,000,00,2,4,01,B01
200600041734,1,33,000,00,0,0,18,C01
200600041735,0,02,000,00,2,1,17,A01
200600041735,0,07,000,00,2,3,01,B01
200600041735,0,07,000,00,2,6,16,C01
200600041736,0,07,000,00,2,3,15,A01
200600041736,0,31,000,00,1,7,15,B01
200600041737,0,33,000,00,1,1,01,A01
200600041738,0,07,000,00,2,3,13,A01
200600041738,0,07,000,00,2,6,01,B01
200600041739,0,07,000,00,2,8,16,A01
200600041739,0,31,000,00,2,1,01,B01
200600041740,0,07,000,00,2,3,01,A01
200600041740,1,07,000,00,0,0,00,B01
200600041741,0,07,000,00,2,3,01,A01
200600041741,0,33,000,00,2,1,01,B01
200600041742,0,07,000,00,1,2,00,A01
200600041743,0,07,000,15,1,3,01,A01
200600041744,0,07,000,00,2,0,09,A01
200600041744,0,02,000,00,2,0,01,B01
200600041745,0,02,000,00,0,7,01,A01
200600041746,0,07,000,00,2,7,01,B01
200600041746,0,07,000,00,2,3,01,A01
200600041747,0,07,000,00,1,7,01,A01
200600041748,0,07,000,00,9,1,01,A01
200600041748,0,01,000,00,2,4,01,B01
200600041749,0,07,000,00,2,1,01,A01
200600041750,0,07,000,00,1,8,01,A01
200600041751,0,07,000,00,2,1,01,A01
200600041751,0,07,000,00,2,4,01,B01
200600041752,0,30,000,00,2,4,01,A01
200600041752,0,07,000,00,2,4,01,B01
200600041753,0,33,000,00,2,1,01,A01
200600041753,0,02,000,00,2,0,01,B01
200600041754,0,07,000,00,0,0,10,A01
200600041754,0,30,000,00,2,0,01,B01
200600041755,0,07,000,00,2,1,02,A01
200600041755,0,07,000,00,2,0,02,B01
200600041755,0,07,000,00,2,0,02,C01
200600041756,0,31,000,00,2,1,00,A01
200600041756,0,07,000,00,2,6,01,B01
200600041757,0,07,000,00,2,1,01,A01
200600041757,0,07,000,00,2,1,01,B01
200600041758,1,07,000,00,0,0,00,A01