Num_Acc,senc,catv,occutc,obs,obsm,choc,manv,num_veh
200600041758,0,30,000,00,2,8,01,B01
200600041759,0,33,000,05,0,1,01,A01
200600041760,0,32,000,00,2,1,01,A01
200600041760,0,07,000,00,2,1,01,B01
200600041761,0,07,000,00,0,4,04,A01
200600041761,0,07,000,00,2,1,23,B01
200600041762,0,01,000,00,1,0,00,A01
200600041763,0,07,000,00,9,0,00,A01
200600041763,0,01,000,00,1,1,00,B01
200600041764,0,07,000,00,0,4,02,A01
200600041764,0,07,000,00,2,1,02,B01
200600041765,0,07,000,00,2,5,12,A01
200600041765,0,05,000,00,2,1,12,B01
200600041766,0,07,000,03,0,1,01,A01
200600041767,0,02,000,00,2,1,18,A01
200600041767,0,07,000,00,2,2,12,B01
200600041767,0,07,000,00,2,8,01,C01
200600041768,0,05,000,00,2,2,17,A01
200600041769,0,07,000,00,2,6,02,A01
200600041769,0,07,000,00,2,1,02,B01
200600041770,0,13,000,00,0,6,01,B01
200600041770,0,17,000,00,2,6,00,A01
200600041771,0,15,000,00,2,2,00,A01
200600041771,0,07,000,00,2,6,00,B01
200600041772,0,07,000,00,2,5,12,A01
200600041772,0,05,000,00,2,1,03,B01
200600041773,0,07,000,00,2,1,02,A01
200600041773,0,15,000,00,2,4,02,B01
200600041774,0,07,000,00,2,8,11,A01
200600041774,0,05,000,00,2,2,01,B01
200600041775,0,07,000,03,0,1,12,A01
200600041775,0,07,000,03,2,6,12,B01
200600041775,0,17,000,00,2,2,01,C01
200600041776,0,05,000,14,0,8,21,A01
200600041777,0,10,000,00,2,4,02,A01
200600041777,0,07,000,00,2,1,02,B01
200600041777,0,05,000,00,0,3,02,C01
200600041778,0,05,000,00,0,0,02,A01
200600041778,1,07,000,00,0,0,11,B01
200600041779,0,07,000,15,1,0,03,A01
200600041780,0,05,000,00,0,2,01,A01
200600041780,1,07,000,00,2,6,11,B01
200600041781,0,05,000,00,0,0,03,A01
200600041782,0,07,000,00,2,8,24,A01
200600041782,0,14,000,00,2,2,01,B01
200600041783,0,14,000,00,2,2,01,A01
200600041783,0,07,000,00,2,6,09,B01
200600041784,0,05,000,00,2,4,03,B01
200600041784,0,04,000,00,2,6,03,A01
200600041784,0,05,000,00,2,1,03,C01
200600041784,0,07,000,00,2,7,02,D01
200600041785,0,05,000,00,2,8,00,A01
200600041785,0,07,000,00,2,2,00,B01
200600041786,0,05,000,00,2,1,12,B01
200600041786,0,07,000,00,2,3,11,A01
200600041787,0,07,000,00,0,2,01,A01
200600041787,0,07,000,04,2,1,01,B01
200600041787,0,07,000,00,2,8,01,C01
200600041788,0,07,000,00,0,4,02,A01
200600041788,0,10,000,00,2,1,02,B01
200600041789,0,05,000,00,2,5,02,B01
200600041789,0,07,000,00,0,5,02,A01
200600041789,0,07,000,00,0,3,02,C01
200600041790,0,07,000,00,0,3,00,A01
200600041791,0,05,000,13,0,8,00,A01
200600041792,0,05,000,16,0,0,01,A01
200600041793,0,04,000,00,0,4,12,A01
200600041793,0,07,000,00,9,1,02,B01
200600041794,0,07,000,04,0,3,11,A01
200600041795,0,33,000,00,0,8,01,A01
200600041796,0,07,000,03,2,4,01,A01
200600041796,0,07,000,00,2,5,02,B01
200600041796,1,15,000,00,2,3,12,C01
200600041797,0,07,000,00,0,4,02,A01
200600041797,0,15,000,00,2,1,02,B01
200600041798,0,05,000,00,0,9,03,A01
200600041799,0,05,000,00,2,1,02,B01
200600041799,0,07,000,00,0,2,02,A01
200600041800,0,10,000,00,2,2,00,A01
200600041800,0,15,000,00,2,6,01,B01
200600041801,0,07,000,04,0,1,02,A01
200600041802,0,07,000,00,2,6,01,A01
200600041802,0,15,000,00,2,2,12,B01
200600041802,0,07,000,14,0,1,01,C01
200600041803,0,07,000,04,2,2,14,A01
200600041803,0,04,000,00,2,8,01,B01
200600041804,0,07,000,00,0,0,12,A01
200600041804,0,07,000,04,0,2,21,B01
200600041805,0,05,000,00,2,1,01,A01
200600041805,0,07,000,00,0,5,01,C01
200600041805,0,07,000,00,0,3,11,B01
200600041806,0,07,000,13,0,7,01,A01
200600041807,0,07,000,04,0,5,02,A01
200600041808,0,15,000,00,0,6,00,A01
200600041808,0,07,000,00,2,1,01,B01
200600041808,0,07,000,00,2,1,01,C01
200600041808,0,07,000,00,0,2,01,D01
200600041809,0,07,000,03,0,4,02,A01
200600041809,0,07,000,00,2,1,02,B01
200600041810,0,07,000,05,0,1,01,A01
200600041811,0,07,000,00,0,0,01,A01
200600041812,0,07,000,00,0,4,01,A01
200600041812,0,07,000,00,2,1,01,B01
200600041813,0,07,000,00,2,2,02,A01
200600041813,0,07,000,03,0,0,00,B01
200600041814,0,15,000,00,0,4,02,A01
200600041814,0,15,000,00,0,1,02,B01
200600041815,0,14,000,03,0,3,01,A01
200600041816,0,07,000,03,0,1,00,A01
200600041817,0,07,000,03,0,1,14,A01
200600041818,0,07,000,03,0,1,02,A01
200600041819,0,07,000,00,2,1,02,A01
200600041819,0,07,000,00,0,4,02,B01
200600041820,0,05,000,00,0,8,01,A01
200600041821,0,07,000,03,0,1,00,A01
200600041822,0,34,000,00,2,2,03,A01
200600041822,0,07,000,00,2,8,11,B01
200600041822,0,07,000,00,0,4,01,C01
200600041823,0,07,000,00,0,1,00,A01
200600041824,0,07,000,00,0,6,02,A01
200600041824,1,07,000,00,2,1,02,B01
200600041825,0,07,000,00,2,3,02,A01
200600041825,0,07,000,00,0,0,00,B01
200600041826,0,07,000,00,0,0,03,A01
200600041826,0,04,000,00,2,0,03,B01
200600041827,0,07,000,00,0,3,11,A01
200600041828,0,15,000,00,2,1,01,A01
200600041828,0,07,000,04,2,8,09,B01
200600041829,0,07,000,00,0,5,00,A01
200600041829,0,07,000,00,0,0,00,B01
200600041829,0,07,000,00,2,1,02,C01
200600041829,0,07,000,00,2,4,02,D01
200600041830,0,05,000,00,0,0,00,A01
200600041831,0,07,000,04,0,1,21,A01
200600041831,0,07,000,00,2,8,01,B01
200600041832,0,07,000,00,2,8,11,A01
200600041832,0,07,000,00,2,7,00,B01
200600041832,0,07,000,00,2,4,00,C01
200600041833,0,07,000,00,0,0,01,A01
200600041834,0,33,000,04,0,1,01,A01
200600041835,0,07,000,04,0,6,00,A01
200600041835,0,14,000,00,2,2,14,B01
200600041836,0,07,000,00,2,1,02,A01
200600041836,0,07,000,00,0,4,02,B01
200600041837,0,07,000,00,2,1,02,A01
200600041837,0,07,000,00,2,0,00,B01
200600041838,0,07,000,00,2,2,00,A01
200600041838,0,17,000,00,2,3,00,B01
200600041839,0,17,000,00,2,2,01,A01
200600041839,0,07,000,04,2,6,09,B01
200600041840,0,07,000,00,2,7,02,A01
200600041840,0,07,000,00,2,1,02,B01
200600041841,0,07,000,00,0,0,00,A01
200600041841,0,05,000,00,0,0,00,B01
200600041842,0,07,000,00,2,7,02,A01
200600041842,0,05,000,00,2,2,02,B01
200600041843,0,05,000,00,2,8,01,A01
200600041843,0,07,000,00,2,7,12,B01
200600041844,0,07,000,00,2,5,02,A01
200600041844,0,07,000,00,2,3,02,B01
200600041845,0,07,000,03,0,2,12,A01
200600041845,0,07,000,00,0,0,00,B01
200600041846,0,05,000,04,0,8,00,A01
200600041847,0,07,000,00,0,3,01,A01
200600041848,0,07,000,00,0,0,02,A01
200600041849,0,07,000,00,2,2,02,A01
200600041849,0,14,000,00,0,4,02,B01
200600041850,0,07,000,00,2,1,05,A01
200600041850,0,07,000,00,2,1,01,B01
200600041851,0,07,000,00,0,9,01,A01
200600041852,0,07,000,00,2,2,01,A01
200600041852,0,07,000,00,2,8,01,B01
200600041853,0,05,000,00,0,8,15,A01
200600041854,0,07,000,00,0,0,00,A01
200600041855,0,07,000,00,0,0,02,A01
200600041856,0,07,000,00,0,5,01,A01
200600041856,0,07,000,00,2,1,02,B01
200600041856,0,07,000,00,2,1,02,C01
200600041857,0,07,000,00,0,4,02,A01
200600041857,0,07,000,00,2,1,02,B01
200600041858,0,07,000,04,2,5,02,A01
200600041858,0,07,000,04,2,2,02,B01
200600041859,0,07,000,00,0,0,00,A01
200600041859,0,07,000,00,0,0,00,B01
200600041860,0,07,000,04,0,5,14,A01
200600041861,0,07,000,00,0,7,12,A01
200600041861,0,05,000,00,2,3,01,B01
200600041862,0,07,000,03,0,1,01,A01
200600041863,0,05,000,00,0,7,01,A01
200600041864,0,07,000,00,2,1,02,A01
200600041864,0,07,000,00,0,4,02,B01
200600041865,0,07,000,04,0,3,01,A01
200600041866,0,07,000,00,2,1,01,A01
200600041866,0,07,000,00,0,4,01,B01
200600041866,0,07,000,00,2,4,01,C01
200600041867,0,07,000,04,0,3,00,A01
200600041868,0,05,000,00,2,7,03,A01
200600041868,0,10,000,00,0,3,01,B01
200600041869,0,17,000,00,2,2,21,A01
200600041869,0,05,000,00,0,8,01,B01
200600041870,0,07,000,04,2,6,18,A01
200600041870,0,07,000,00,2,2,01,B01
200600041871,0,07,000,10,0,0,00,A01
200600041872,0,05,000,00,0,0,00,A01
200600041873,0,05,000,16,0,8,02,A01
200600041874,0,05,000,00,0,8,00,A01
200600041875,0,07,000,04,0,1,01,A01
200600041876,0,07,000,00,2,1,01,A01
200600041876,0,07,000,00,0,4,01,B01
200600041877,0,07,000,00,0,0,00,A01
200600041877,0,07,000,00,0,0,00,B01
200600041878,0,05,000,00,2,3,02,A01
200600041879,0,07,000,04,0,2,01,A01
200600041880,0,07,000,04,0,2,00,A01
200600041881,0,07,000,04,0,1,00,A01
200600041882,0,07,000,04,0,1,00,A01
200600041883,0,07,000,04,0,1,00,A01
200600041884,0,07,000,12,9,1,14,A01
200600041885,0,07,000,00,2,1,12,A01
200600041885,0,17,000,00,2,6,01,B01
200600041886,0,07,000,00,0,0,00,A01
200600041887,0,07,000,00,0,4,00,A01
200600041887,0,07,000,00,0,1,00,B01
200600041888,0,05,000,00,0,0,00,A01
200600041889,0,07,000,00,2,1,02,A01
200600041889,0,07,000,00,0,4,02,B01
200600041890,0,07,000,04,0,2,00,A01
200600041891,0,17,000,00,2,2,12,A01
200600041891,0,07,000,00,2,8,00,B01
200600041892,0,33,000,00,2,1,02,A01
200600041892,0,07,000,00,0,5,02,B01
200600041893,0,07,000,06,0,3,01,A01
200600041894,0,33,000,00,0,8,01,A01
200600041895,0,07,000,00,2,7,12,A01
200600041895,0,33,000,00,2,3,01,B01
200600041896,0,34,000,00,0,0,02,A01
200600041897,1,07,000,00,2,0,03,A01
200600041897,0,07,000,00,2,5,02,B01
200600041897,0,33,000,00,0,8,00,C01
200600041898,0,07,000,03,0,1,02,A01
200600041899,0,33,000,06,0,0,02,A01
200600041900,0,07,000,04,2,2,14,A01
200600041900,0,07,000,00,0,8,01,B01
200600041901,0,07,000,00,0,8,01,A01
200600041901,0,07,000,00,2,2,12,B01
200600041902,0,07,000,04,0,8,01,A01
200600041903,0,33,000,00,2,1,03,A01
200600041903,0,07,000,00,0,6,01,B01
200600041903,0,10,000,00,2,1,02,C01
200600041903,0,10,000,00,2,1,02,D01
200600041904,0,31,000,03,0,8,00,A01
200600041905,0,07,000,00,2,5,12,A01
200600041905,0,33,000,00,2,8,03,B01
200600041906,0,07,000,00,0,5,12,A01
200600041906,0,33,000,00,2,3,03,B01
200600041907,0,30,000,00,0,0,00,A01
200600041908,0,13,000,00,0,4,02,A01
200600041908,0,13,000,00,2,1,02,B01
200600041909,1,07,000,00,2,4,01,B01
200600041909,0,33,000,00,2,1,12,A01
200600041910,0,15,000,16,0,8,00,A01
200600041911,0,07,000,00,0,9,00,A01
200600041912,0,14,000,00,0,4,02,A01
200600041912,0,07,000,00,2,1,02,B01
200600041913,0,33,000,00,2,8,01,A01
200600041913,0,07,000,00,2,7,12,B01
200600041914,0,07,000,05,0,1,00,A01
200600041915,0,07,000,00,2,2,14,A01
200600041915,0,07,000,00,0,6,01,C01
200600041915,0,07,000,00,2,8,01,B01
200600041916,0,17,000,00,2,2,12,A01
200600041916,0,07,000,00,2,8,02,B01
200600041917,0,07,000,04,0,2,00,A01
200600041918,0,10,000,04,0,2,00,A01
200600041919,0,07,000,04,0,2,01,A01
200600041920,0,10,000,03,0,9,00,A01
200600041921,0,07,000,00,0,4,23,A01
200600041921,0,99,000,00,2,1,09,B01
200600041922,0,15,000,16,0,8,16,A01
200600041923,0,07,000,00,0,4,01,A01
200600041923,0,33,000,00,2,1,02,B01
200600041924,0,07,000,03,0,1,06,A01
200600041924,0,07,000,00,9,1,01,B01
200600041924,0,34,000,00,9,1,01,C01
200600041925,0,07,000,00,2,1,12,A01
200600041925,0,07,000,00,2,2,02,B01
200600041926,0,07,000,00,2,8,18,A01
200600041926,0,07,000,00,0,4,01,F01
200600041926,0,07,000,00,0,7,01,B01
200600041926,0,07,000,00,2,4,01,C01
200600041926,0,10,000,00,0,2,01,D01
200600041926,0,07,000,00,0,4,01,E01
200600041927,0,07,000,00,2,1,02,B01
200600041927,0,07,000,00,2,4,02,A01
200600041928,0,07,000,00,0,6,11,A01
200600041928,0,07,000,00,2,2,12,B01
200600041929,0,14,000,00,0,4,02,A01
200600041929,0,07,000,00,0,5,02,B01
200600041929,0,07,000,00,2,1,13,C01
200600041930,0,07,000,00,0,4,02,A01
200600041930,0,07,000,00,2,1,02,B01
200600041931,0,07,000,00,1,0,01,A01
200600041932,0,07,000,00,1,0,01,A01
200600041933,0,07,000,00,2,1,01,A01
200600041933,0,07,000,00,2,4,02,B01
200600041933,0,10,000,00,2,4,02,C01
200600041934,0,31,000,00,2,1,01,A01
200600041934,0,07,000,00,9,1,16,B01
200600041935,0,07,000,00,2,1,01,A01
200600041935,0,07,000,00,2,1,01,B01
200600041936,0,33,000,00,2,0,09,A01
200600041936,0,07,000,00,2,0,01,B01
200600041937,0,02,000,00,9,0,15,A01
200600041937,0,31,000,00,9,0,01,B01
200600041938,0,33,000,00,2,0,01,A01
200600041938,0,07,000,00,0,4,01,B01
200600041938,0,07,000,00,6,1,01,C01
200600041939,1,07,000,00,0,0,00,A01
200600041939,0,07,000,00,1,0,01,B01
200600041940,0,07,000,00,2,0,01,A01
200600041940,0,07,000,00,2,3,01,B01
200600041940,0,07,000,00,2,0,01,C01
200600041940,0,07,000,00,2,0,01,D01
200600041941,0,07,000,00,2,0,01,A01
200600041941,0,07,000,00,2,4,02,B01
200600041941,0,07,000,00,2,4,02,C01
200600041941,0,07,000,00,0,0,02,D01
200600041942,0,07,000,00,1,2,01,A01
200600041943,0,07,000,00,2,6,11,A01
200600041943,0,32,000,00,2,1,01,B01
200600041944,0,07,000,01,0,0,01,A01
200600041945,0,07,000,00,2,0,01,A01
200600041945,0,07,000,00,2,0,02,B01
200600041946,0,07,000,00,2,0,01,A01
200600041946,0,07,000,00,0,0,02,B01
200600041947,0,34,000,00,0,0,01,A01
200600041948,0,07,000,00,9,4,04,A01
200600041948,0,02,000,00,2,7,01,B01
200600041949,0,33,000,00,0,0,01,A01
200600041950,0,02,000,00,2,1,18,A01
200600041950,0,07,000,00,2,2,16,B01
200600041951,0,07,000,00,2,1,01,B01
200600041951,0,07,000,01,0,7,01,A01
200600041952,0,07,000,00,1,4,04,A01
200600041953,0,07,000,00,1,3,01,A01
200600041954,0,02,000,00,0,4,01,B01
200600041954,0,07,000,00,2,2,01,A01
200600041955,0,07,000,00,0,0,17,A01
200600041955,0,05,000,00,0,0,01,B01
200600041956,0,07,000,00,0,8,01,A01
200600041956,0,07,000,00,2,1,01,B01
200600041957,0,05,000,00,1,0,15,A01
200600041958,0,07,000,03,0,3,01,A01
200600041959,0,07,000,00,2,8,12,A01
200600041959,0,07,000,00,2,7,11,B01
200600041960,0,07,000,04,0,0,00,A01
200600041961,0,07,000,00,2,0,00,A01
200600041961,0,07,000,00,2,0,00,B01
200600041961,0,07,000,00,2,0,00,C01
200600041962,0,07,000,03,0,0,00,A01
200600041963,0,15,000,00,2,3,01,A01
200600041963,0,07,000,00,2,7,01,B01
200600041964,0,07,000,00,2,8,09,A01
200600041964,0,17,000,00,2,7,00,B01
200600041965,0,05,000,04,9,1,01,A01
200600041966,0,05,000,00,2,1,01,A01
200600041966,0,07,000,00,2,4,02,B01
200600041967,1,15,000,00,0,0,00,B01
200600041967,0,07,000,00,2,6,00,A01
200600041968,0,07,000,03,0,0,00,A01
200600041969,0,07,000,00,0,0,00,A01
200600041969,0,07,000,00,0,0,00,B01
200600041970,0,07,000,00,0,0,00,A01
200600041971,0,07,000,00,2,1,00,A01
200600041971,0,18,001,00,2,4,00,B01
200600041972,0,02,000,03,0,1,13,A01
200600041973,0,07,000,13,0,0,00,A01
200600041974,0,07,000,03,0,1,19,A01
200600041975,0,08,000,00,0,0,00,A01
200600041976,0,07,000,00,2,0,00,A01
200600041976,0,07,000,00,2,0,00,B01
200600041976,0,07,000,00,2,0,00,C01
200600041976,0,07,000,00,2,0,00,D01
200600041977,0,05,000,00,0,0,00,A01
200600041978,0,07,000,00,0,0,00,A01
200600041979,0,07,000,00,0,0,00,A01
200600041980,0,07,000,00,0,0,00,A01
200600041980,0,07,000,00,0,0,00,B01
200600041981,0,07,000,00,0,0,11,A01
200600041982,0,07,000,00,0,0,00,A01
200600041982,0,08,000,00,0,0,00,B01
200600041983,0,07,000,13,0,0,00,A01
200600041984,0,07,000,00,0,0,00,A01
200600041984,0,05,000,00,0,0,00,B01
200600041985,0,05,000,00,2,0,00,A01
200600041985,0,07,000,00,2,0,00,B01
200600041986,0,17,000,00,0,0,00,A01
200600041987,0,17,000,00,0,0,00,A01
200600041987,0,07,000,00,0,0,00,B01
200600041987,0,07,000,00,0,0,00,C01
200600041988,0,10,000,13,0,0,00,A01
200600041989,0,05,000,01,0,1,00,A01
200600041990,0,08,000,00,0,0,00,A01
200600041991,0,17,000,00,2,7,00,A01
200600041991,0,07,000,00,2,8,00,B01
200600041992,0,07,000,04,0,0,00,A01
200600041993,0,07,000,00,2,2,00,A01
200600041993,0,07,000,00,2,3,00,B01
200600041994,0,07,000,00,2,1,00,A01
200600041994,0,07,000,01,2,4,23,B01
200600041995,0,07,000,13,0,0,00,A01
200600041996,0,17,000,00,0,0,00,A01
200600041997,0,07,000,00,9,1,00,A01
200600041998,0,07,000,00,2,4,00,A01
200600041998,0,07,000,00,0,1,00,B01
200600041999,0,07,000,00,1,0,00,A01
200600042000,0,07,000,03,0,0,00,A01
200600042001,0,17,000,13,0,0,00,A01
200600042002,0,05,000,00,0,0,00,A01
200600042003,0,07,000,00,2,1,00,A01
200600042003,0,07,000,00,2,4,00,B01
200600042004,0,07,000,00,0,0,00,A01
200600042005,0,05,000,00,2,1,00,A01
200600042005,0,17,000,00,2,8,00,B01
200600042006,0,05,000,00,0,0,00,A01
200600042006,0,07,000,00,0,0,00,B01
200600042007,0,17,000,00,2,0,00,A01
200600042007,0,07,000,00,2,0,00,B01
200600042008,0,07,000,00,2,8,00,B01
200600042008,0,07,000,00,2,7,00,A01
200600042009,0,07,000,04,0,2,00,A01
200600042010,0,07,000,00,0,1,00,A01
200600042011,0,07,000,00,1,4,04,A01
200600042012,0,14,000,00,0,0,00,A01
200600042012,0,07,000,00,0,0,00,B01
200600042013,0,20,000,00,2,4,23,A01
200600042013,0,18,000,00,2,1,01,B01
200600042014,0,07,000,00,2,2,01,A01
200600042014,0,07,000,00,2,1,01,B01
200600042015,0,02,000,00,2,1,01,A01
200600042015,0,07,000,00,2,6,01,B01
200600042016,0,02,000,00,2,1,18,A01
200600042016,0,07,000,00,2,2,12,B01
200600042017,0,07,000,00,2,1,01,A01
200600042017,0,07,000,00,0,4,01,B01
200600042018,0,07,000,00,9,2,16,A01
200600042018,0,01,000,00,2,1,01,B01
200600042019,0,10,000,00,2,4,04,A01
200600042019,0,18,050,00,2,7,01,B01
200600042020,0,07,000,00,2,1,02,A01
200600042020,0,07,000,00,0,4,23,B01
200600042021,0,07,000,00,0,8,01,A01
200600042021,0,07,000,00,0,8,01,B01
200600042022,0,07,000,00,2,1,15,A01
200600042022,0,07,000,00,2,8,01,B01
200600042023,0,07,000,00,2,2,01,B01
200600042023,0,05,000,00,2,9,00,C01
200600042023,0,07,000,00,2,1,01,A01
200600042024,0,02,000,00,2,1,01,A01
200600042024,0,07,000,00,2,1,01,B01
200600042025,0,18,000,00,2,3,01,A01
200600042025,0,07,000,00,0,7,01,B01
200600042026,0,07,000,00,2,1,15,A01
200600042027,0,07,000,00,2,1,01,A01
200600042027,0,01,000,00,2,2,15,B01
200600042028,0,05,000,00,2,1,01,A01
200600042028,0,07,000,00,2,7,01,B01
200600042029,0,07,000,00,1,2,00,A01
200600042030,0,14,000,00,1,1,00,A01
200600042031,0,02,000,01,0,1,00,A01
200600042031,0,07,000,00,0,4,00,B01
200600042032,0,07,000,00,1,4,23,A01
200600042032,0,07,000,00,2,1,02,B01
200600042033,0,07,000,05,0,1,14,A01
200600042034,0,07,000,03,2,1,19,A01
200600042034,0,07,000,00,0,4,21,B01
200600042035,0,07,000,00,2,7,12,A01
200600042035,0,07,000,03,2,3,18,B01
200600042036,0,07,000,00,2,1,21,A01
200600042036,0,07,000,00,2,4,21,B01
200600042036,0,07,000,00,2,4,21,C01
200600042036,0,07,000,00,2,4,21,D01
200600042037,0,07,000,00,2,1,21,A01
200600042037,0,07,000,03,2,5,21,B01
200600042037,0,15,000,00,2,4,21,C01
200600042038,0,07,000,00,2,1,21,A01
200600042038,0,07,000,00,2,4,21,E01
200600042038,0,07,000,00,2,7,23,B01
200600042038,0,07,000,00,2,6,21,D01
200600042038,0,07,000,00,2,4,23,C01
200600042039,0,17,000,00,2,4,21,B01
200600042039,0,07,000,00,2,4,21,C01
200600042040,0,07,000,00,2,1,21,A01
200600042040,0,07,000,00,2,4,21,B01
200600042040,0,07,000,00,2,4,23,C01
200600042041,0,17,000,00,2,2,12,A01
200600042041,0,07,000,04,0,8,01,B01
200600042042,0,07,000,07,0,9,13,A01
200600042043,0,07,000,04,0,5,01,A01
200600042044,0,07,000,00,2,1,01,A01
200600042044,0,07,000,00,0,4,01,B01
200600042045,0,10,000,00,2,2,17,A01
200600042045,0,07,000,00,0,8,01,B01
200600042046,0,05,000,00,9,1,21,A01
200600042047,0,07,000,04,0,3,21,A01
200600042048,0,17,000,00,2,2,12,A01
200600042048,0,07,000,00,0,6,01,B01
200600042049,0,07,000,00,0,0,00,A01
200600042050,0,07,000,00,2,2,21,A01
200600042050,0,07,000,00,2,6,21,B01
200600042051,0,07,000,00,2,2,21,A01
200600042051,0,07,000,00,2,6,21,B01
200600042052,0,07,000,00,2,1,21,A01
200600042052,0,07,000,00,2,4,21,B01
200600042052,0,07,000,00,2,4,21,C01
200600042052,0,07,000,00,2,4,21,D01
200600042053,0,07,000,14,0,1,02,A01
200600042053,0,37,020,00,0,6,02,B01
200600042054,0,07,000,00,2,3,15,A01
200600042054,0,33,000,00,2,5,00,B01
200600042055,0,07,000,00,1,1,01,A01
200600042056,0,07,000,00,1,1,00,A01
200600042057,0,07,000,00,0,4,23,A01
200600042057,0,17,000,00,2,1,02,B01
200600042058,0,07,000,00,0,4,01,A01
200600042058,0,07,000,00,2,1,02,B01
200600042058,0,17,000,00,2,1,02,C01
200600042059,0,31,000,00,0,2,01,A01
200600042060,0,33,000,05,0,8,17,A01
200600042061,0,07,000,00,0,5,01,B01
200600042061,0,10,000,07,2,2,12,A01
200600042062,0,07,000,14,0,1,17,A01
200600042062,0,07,000,14,0,4,23,B01
200600042062,0,07,000,14,0,4,23,C01
200600042062,0,07,000,14,0,4,23,D01
200600042062,0,07,000,00,0,4,23,E01
200600042063,0,17,000,00,0,8,01,A01
200600042064,0,07,000,03,0,3,13,A01
200600042065,0,07,000,00,0,4,02,C01
200600042065,0,07,000,00,2,4,02,B01
200600042065,0,07,000,00,2,1,02,A01
200600042066,0,15,000,01,0,2,01,A01
200600042067,0,07,000,00,2,3,13,A01
200600042067,0,17,000,06,0,3,01,B01
200600042068,0,07,000,00,0,3,01,B01
200600042068,0,17,000,00,2,2,17,A01
200600042069,0,15,000,00,2,2,12,A01
200600042069,0,07,000,03,2,3,01,B01
200600042070,0,05,000,00,2,1,01,A01
200600042070,0,07,000,00,0,4,23,B01
200600042071,0,07,000,00,1,2,01,A01
200600042072,0,07,000,00,2,3,11,A01
200600042072,0,07,000,00,0,2,01,B01
200600042073,0,07,000,00,0,2,01,B01
200600042073,0,05,000,00,2,0,00,A01
200600042074,0,07,000,00,1,5,01,A01
200600042075,0,07,000,00,0,5,15,A01
200600042075,0,05,000,00,2,1,01,B01
200600042076,0,07,000,00,2,3,01,A01
200600042076,0,02,000,00,2,7,01,B01
200600042077,1,07,000,00,1,1,01,A01
200600042078,0,07,000,00,2,1,01,A01
200600042078,0,07,000,00,2,3,01,B01
200600042079,0,07,000,00,1,1,01,A01
200600042080,0,30,000,00,2,1,05,A01
200600042080,0,07,000,00,2,3,01,B01
200600042081,0,07,000,00,1,1,01,A01
200600042082,0,01,000,00,1,7,01,A01
200600042083,0,07,000,00,2,1,01,A01
200600042083,0,07,000,00,2,8,01,B01
200600042084,0,07,000,00,2,1,00,A01
200600042084,0,01,000,00,2,1,01,B01
200600042085,0,02,000,00,2,1,01,A01
200600042085,1,07,000,00,2,5,15,B01
200600042086,0,30,000,00,2,1,01,A01
200600042086,0,07,000,00,2,4,23,B01
200600042087,0,07,000,00,2,1,01,A01
200600042087,0,07,000,00,2,4,23,B01
200600042088,0,07,000,00,2,1,01,B01
200600042088,0,07,000,00,2,8,01,A01
200600042089,0,07,000,02,0,7,01,A01
200600042090,0,07,000,04,0,1,14,A01
200600042091,0,31,000,00,2,1,01,A01
200600042091,0,07,000,00,9,3,01,B01
200600042092,0,07,000,06,0,3,02,A01
200600042093,0,07,000,03,0,8,13,A01
200600042094,0,07,000,00,2,1,02,A01
200600042094,0,07,000,00,2,4,02,B01
200600042094,0,07,000,00,2,4,02,C01
200600042094,0,07,000,00,2,5,21,D01
200600042094,0,07,000,00,2,4,02,E01
200600042095,0,14,000,00,2,2,02,A01
200600042095,0,07,000,00,0,6,02,B01
200600042096,0,31,000,00,0,8,01,A01
200600042097,0,07,000,14,0,1,00,A01
200600042098,0,15,000,00,1,5,21,A01
200600042099,0,07,000,04,0,2,01,A01
200600042100,0,07,000,00,0,8,00,A01
200600042101,0,07,000,00,2,6,02,C01
200600042101,0,07,000,00,2,4,02,D01
200600042101,0,33,000,00,2,4,02,E01
200600042101,0,07,000,00,2,2,02,A01
200600042101,0,37,001,00,2,2,01,B01
200600042102,0,10,000,00,2,1,02,A01
200600042102,0,07,000,00,2,2,02,B01
200600042102,0,07,000,04,2,3,23,C01
200600042103,0,33,000,00,0,7,01,A01
200600042104,0,33,000,00,2,1,01,A01
200600042104,0,07,000,00,2,4,01,B01
200600042105,0,07,000,00,2,1,01,A01
200600042105,0,07,000,00,0,4,01,B01
200600042106,0,15,000,00,2,1,02,A01
200600042106,0,07,000,00,2,9,02,B01
200600042106,0,07,000,00,0,4,02,C01
200600042106,0,07,000,00,2,4,02,D01
200600042107,0,07,000,13,0,1,01,A01
200600042108,0,07,000,13,0,1,21,A01
200600042109,0,07,000,04,2,4,02,A01
200600042109,0,07,000,00,2,1,02,B01
200600042110,0,07,000,03,0,2,13,A01
200600042111,0,07,000,00,2,7,19,A01
200600042111,0,07,000,00,2,3,02,B01
200600042112,0,07,000,00,2,8,11,A01
200600042112,0,07,000,00,2,2,01,B01
200600042113,0,33,000,04,0,2,14,A01
200600042114,0,07,000,04,0,2,21,A01
200600042115,0,07,000,00,2,1,02,A01
200600042115,0,17,000,00,0,4,02,B01
200600042116,0,07,000,00,2,9,01,A01
200600042116,1,07,000,00,0,0,01,B01
200600042117,0,07,000,00,0,2,01,A01
200600042118,0,33,000,04,0,8,16,A01
200600042119,0,07,000,13,0,9,01,A01