Num_Acc,senc,catv,occutc,obs,obsm,choc,manv,num_veh
200600043656,0,07,000,00,2,0,01,B02
200600043657,0,07,000,00,0,9,01,A01
200600043658,0,07,000,00,2,2,19,A01
200600043658,0,32,000,00,2,8,01,B02
200600043659,0,07,000,00,1,2,01,A01
200600043660,0,14,000,00,2,3,15,A01
200600043660,0,02,000,00,2,1,01,B02
200600043660,0,07,000,00,2,3,23,C03
200600043661,0,07,000,00,2,1,17,A01
200600043661,0,07,000,00,2,1,01,B02
200600043662,0,07,000,08,0,3,13,A01
200600043663,0,01,000,00,2,1,01,A01
200600043663,0,01,000,00,2,1,01,B02
200600043664,0,07,000,08,1,3,01,A01
200600043664,0,10,000,00,2,2,01,B02
200600043665,0,07,000,00,2,2,01,A01
200600043665,0,01,000,00,2,4,01,B02
200600043666,0,07,000,13,0,2,01,A01
200600043667,0,07,000,13,0,1,01,A01
200600043668,0,33,000,00,5,0,00,A01
200600043669,0,07,000,00,2,2,15,A01
200600043670,0,07,000,00,0,3,13,A01
200600043670,0,07,000,00,0,3,01,B02
200600043671,0,07,000,13,0,1,01,A01
200600043672,0,07,000,00,0,0,01,A01
200600043672,0,07,000,00,0,0,01,B02
200600043673,0,01,000,00,2,2,01,A01
200600043674,0,33,000,00,2,1,00,A01
200600043674,0,07,000,00,2,3,15,B02
200600043675,0,07,000,00,2,8,10,A01
200600043675,0,32,000,00,2,1,01,B02
200600043676,0,10,000,02,2,8,13,A01
200600043676,0,07,000,00,2,8,00,B02
200600043677,0,07,000,00,2,3,17,A01
200600043677,0,17,000,00,0,6,15,B02
200600043678,0,10,000,00,2,3,21,A01
200600043678,0,02,000,00,2,1,13,B02
200600043679,0,07,000,13,0,3,13,A01
200600043680,0,07,000,00,9,2,01,A01
200600043680,0,01,000,00,2,1,19,B02
200600043681,0,31,000,06,0,2,10,A01
200600043682,0,07,000,00,2,2,02,A01
200600043682,0,01,000,00,2,6,02,B02
200600043683,0,33,000,03,0,7,01,A01
200600043684,0,07,000,00,1,8,01,A01
200600043685,0,31,000,00,2,1,13,A01
200600043685,0,31,000,00,2,1,21,B02
200600043686,0,07,000,00,9,6,10,A01
200600043686,0,02,000,00,2,1,01,B02
200600043687,0,07,000,00,2,3,15,A01
200600043687,0,01,000,00,0,8,00,B02
200600043688,0,07,000,00,1,1,01,A01
200600043688,0,14,000,00,1,1,01,B02
200600043689,0,07,000,00,9,2,02,A01
200600043689,0,01,000,00,0,7,14,B02
200600043690,0,07,000,02,0,1,01,A01
200600043691,0,10,000,00,2,2,17,A01
200600043691,0,02,000,00,0,6,15,B02
200600043692,0,07,000,00,2,0,00,A01
200600043692,0,07,000,00,0,6,02,B02
200600043693,0,07,000,00,2,1,15,A01
200600043693,0,07,000,00,2,1,01,B02
200600043694,0,07,000,16,0,2,14,A01
200600043695,0,07,000,00,2,3,01,A01
200600043695,0,01,000,00,2,1,01,B02
200600043696,0,07,000,13,0,1,01,A01
200600043697,0,07,000,08,0,1,00,A01
200600043698,0,07,000,02,0,2,14,A01
200600043699,0,07,000,02,0,1,01,A01
200600043700,0,21,000,00,0,1,16,A01
200600043700,0,01,000,00,0,7,01,B02
200600043701,0,07,000,00,0,4,15,A01
200600043701,0,05,000,00,2,1,17,B02
200600043702,0,07,000,00,2,1,01,A01
200600043702,0,33,000,00,2,3,01,B02
200600043703,0,07,000,00,2,7,19,B02
200600043703,0,07,000,00,2,1,01,A01
200600043704,0,02,000,12,0,8,01,A01
200600043705,0,32,000,00,2,8,01,A01
200600043705,0,07,000,00,2,6,01,B02
200600043706,0,15,000,00,2,1,02,A01
200600043706,0,21,000,00,0,6,01,B02
200600043707,0,02,000,01,0,1,00,A01
200600043708,0,01,000,00,2,6,01,A01
200600043708,1,07,000,00,9,2,17,B02
200600043709,0,10,000,00,2,2,01,A01
200600043709,0,15,000,00,2,5,15,B02
200600043710,0,07,000,00,0,2,01,A01
200600043710,0,01,000,00,2,1,13,B02
200600043711,0,07,000,00,2,1,15,A01
200600043711,0,07,000,00,2,1,01,B02
200600043712,0,07,000,00,2,2,17,A01
200600043712,0,07,000,00,2,2,21,B02
200600043713,0,01,000,00,2,1,01,A01
200600043713,0,01,000,00,2,1,01,B02
200600043713,0,14,000,00,9,1,01,C03
200600043714,0,07,000,06,0,2,13,A01
200600043715,0,07,000,02,0,3,01,A01
200600043716,0,33,000,00,2,1,13,A01
200600043716,0,07,000,00,2,6,01,B02
200600043717,0,07,000,13,0,9,14,A01
200600043718,0,14,000,00,0,8,00,A01
200600043718,0,33,000,00,2,7,17,B02
200600043719,0,07,000,00,2,2,01,A01
200600043719,0,07,000,00,0,4,16,B02
200600043720,0,07,000,07,0,9,14,A01
200600043721,0,07,000,13,0,2,01,A01
200600043722,0,02,000,08,0,1,01,A01
200600043723,0,07,000,02,0,1,01,A01
200600043724,0,07,000,00,9,6,13,A01
200600043724,0,33,000,00,0,0,01,B02
200600043725,0,07,000,00,2,7,15,A01
200600043725,0,07,000,00,2,3,16,B02
200600043726,0,07,000,03,0,2,14,A01
200600043727,0,07,000,00,2,3,01,A01
200600043727,0,07,000,00,2,1,23,B02
200600043728,0,07,000,00,0,2,02,A01
200600043729,0,07,000,00,2,1,13,A01
200600043729,0,10,000,00,2,1,01,B02
200600043729,0,07,000,00,2,8,01,C03
200600043730,0,07,000,00,0,1,13,A01
200600043731,0,07,000,00,2,3,02,A01
200600043731,0,07,000,00,0,4,02,B02
200600043731,0,07,000,00,0,8,01,C03
200600043732,0,07,000,16,0,9,01,A01
200600043733,0,07,000,00,2,1,02,A01
200600043733,0,21,000,00,2,4,02,B02
200600043734,0,02,000,00,2,8,13,A01
200600043734,0,07,000,00,2,8,01,B02
200600043735,0,30,000,01,0,1,14,A01
200600043736,0,07,000,00,2,3,15,A01
200600043736,0,07,000,13,2,3,01,B02
200600043737,0,07,000,00,0,1,01,A01
200600043738,0,07,000,13,0,1,01,A01
200600043739,0,17,000,02,0,1,01,A01
200600043740,0,17,000,00,2,3,01,A01
200600043740,0,07,000,00,2,1,01,B02
200600043741,0,07,000,08,0,9,01,A01
200600043742,0,07,000,13,0,1,13,A01
200600043743,0,07,000,00,2,2,21,A01
200600043743,0,02,000,00,2,2,13,B02
200600043744,0,07,000,00,2,8,15,A01
200600043744,0,02,000,00,2,2,17,B02
200600043745,0,33,000,00,2,1,17,A01
200600043745,0,07,000,00,2,6,17,B02
200600043746,0,07,000,00,2,1,13,A01
200600043746,0,07,000,00,2,3,01,B02
200600043746,0,07,000,00,2,3,01,C03
200600043746,0,07,000,00,2,3,01,D04
200600043747,0,07,000,00,2,1,02,A01
200600043747,0,07,000,00,0,4,02,B02
200600043748,0,07,000,00,2,1,01,A01
200600043748,0,07,000,00,2,1,13,B02
200600043749,0,07,000,02,2,2,02,A01
200600043749,0,07,000,00,2,1,01,B02
200600043750,0,07,000,00,2,2,01,A01
200600043750,0,01,000,00,2,1,01,B02
200600043751,0,07,000,00,0,1,17,A01
200600043751,0,21,000,00,0,8,15,B02
200600043752,0,07,000,02,0,3,00,A01
200600043753,0,07,000,13,0,1,01,A01
200600043754,0,14,000,00,2,3,13,A01
200600043754,0,14,000,00,2,3,01,B02
200600043755,0,10,000,13,0,6,01,A01
200600043756,0,07,000,00,0,2,15,A01
200600043756,0,15,000,00,2,3,01,B02
200600043757,0,07,000,13,0,2,01,A01
200600043758,0,07,000,00,0,3,02,A01
200600043758,0,07,000,00,0,3,13,B02
200600043759,0,10,000,00,2,1,15,A01
200600043759,0,10,000,00,2,8,01,B02
200600043760,0,02,000,03,0,2,01,A01
200600043761,0,07,000,16,0,9,14,A01
200600043762,0,07,000,02,0,3,13,A01
200600043763,0,31,000,13,0,1,01,A01
200600043764,0,07,000,00,2,6,17,A01
200600043764,0,02,000,00,2,1,02,B02
200600043765,0,07,000,00,0,9,00,A01
200600043766,0,07,000,00,1,2,01,A01
200600043767,0,07,000,02,0,2,01,A01
200600043768,0,07,000,00,2,3,13,A01
200600043768,0,14,000,00,2,3,01,B02
200600043769,0,07,000,00,1,3,00,A01
200600043770,0,07,000,00,2,3,01,A01
200600043770,0,07,000,00,2,7,13,B02
200600043771,0,07,000,00,2,3,01,A01
200600043771,0,07,000,00,2,1,13,B02
200600043772,0,02,000,00,2,1,13,A01
200600043772,0,07,000,00,2,3,13,B02
200600043773,0,17,000,06,2,1,01,A01
200600043773,2,07,000,00,2,0,09,B02
200600043774,0,07,000,02,0,3,01,A01
200600043775,0,07,000,00,0,1,01,A01
200600043776,0,31,000,12,0,1,01,A01
200600043777,0,30,000,00,9,2,17,A01
200600043777,0,01,000,00,9,0,13,B02
200600043778,0,07,000,06,0,2,01,A01
200600043779,0,10,000,00,2,7,15,A01
200600043779,0,02,000,00,2,1,01,B02
200600043780,0,07,000,02,0,1,01,A01
200600043781,0,07,000,03,0,1,01,A01
200600043782,0,33,000,00,0,1,00,A01
200600043783,0,07,000,00,2,1,02,A01
200600043783,0,10,000,00,2,4,23,B02
200600043783,0,07,000,00,2,3,23,C03
200600043784,0,33,000,00,2,1,13,A01
200600043784,0,07,000,00,2,3,01,B02
200600043785,0,10,000,00,0,3,13,A01
200600043785,0,07,000,00,2,3,01,B02
200600043786,0,07,000,14,2,1,02,A01
200600043786,0,07,000,00,2,4,02,B02
200600043787,0,01,000,06,0,8,16,A01
200600043787,0,10,000,06,0,7,01,B02
200600043788,0,07,000,00,2,3,19,A01
200600043788,0,30,000,00,2,1,01,B02
200600043789,0,07,000,00,2,2,15,A01
200600043789,0,02,000,00,2,1,01,B02
200600043790,0,02,000,00,2,1,19,A01
200600043790,0,10,000,00,2,3,01,B02
200600043791,0,07,000,00,2,1,19,A01
200600043791,0,07,000,00,2,7,01,B02
200600043792,0,33,000,16,0,0,01,A01
200600043793,0,01,000,00,2,1,01,A01
200600043793,0,07,000,00,9,8,01,B02
200600043794,0,07,000,00,2,1,13,A01
200600043794,0,07,000,00,2,1,01,B02
200600043795,0,07,000,00,2,1,01,A01
200600043795,0,07,000,00,2,1,01,B02
200600043796,0,07,000,13,0,1,01,A01
200600043797,0,14,000,02,2,9,01,A01
200600043797,1,07,000,00,0,0,01,B02
200600043798,0,07,000,02,0,8,02,A01
200600043799,0,31,000,01,0,1,21,A01
200600043800,0,02,000,00,2,1,13,A01
200600043800,0,07,000,00,2,3,00,B02
200600043801,0,31,000,00,0,7,02,A01
200600043802,0,07,000,00,0,9,01,A01
200600043803,0,07,000,15,0,1,01,A01
200600043804,0,33,000,00,2,1,17,A01
200600043804,0,07,000,00,2,6,15,B02
200600043805,0,02,000,00,0,0,01,A01
200600043806,0,07,000,00,0,9,01,A01
200600043807,0,07,000,13,0,3,01,A01
200600043808,0,01,000,00,2,1,15,A01
200600043808,0,14,000,00,9,1,01,B02
200600043809,0,17,000,03,0,9,01,A01
200600043810,0,07,000,00,1,2,01,A01
200600043811,0,07,000,00,0,2,01,A01
200600043811,0,33,000,00,0,1,01,B02
200600043812,0,33,000,16,0,2,01,A01
200600043813,0,07,000,13,0,1,01,A01
200600043814,0,07,000,02,0,3,01,A01
200600043815,0,07,000,00,2,1,13,A01
200600043815,0,07,000,00,2,3,01,B02
200600043816,0,31,000,00,2,1,01,A01
200600043816,0,07,000,00,2,8,15,B02
200600043817,0,07,000,00,2,8,13,A01
200600043817,0,33,000,00,2,8,01,B02
200600043818,0,07,000,00,2,1,05,A01
200600043818,0,17,000,00,2,1,01,B02
200600043819,0,07,000,00,2,1,13,A01
200600043819,0,07,000,00,2,1,01,B02
200600043820,0,07,000,00,5,3,13,A01
200600043820,0,15,000,00,0,3,00,B02
200600043821,0,15,000,00,2,1,01,A01
200600043821,0,07,000,00,2,1,01,B02
200600043821,0,07,000,00,2,1,13,C03
200600043822,0,07,000,00,9,2,01,A01
200600043822,0,01,000,00,0,4,01,B02
200600043823,0,33,000,00,2,1,17,A01
200600043823,0,07,000,00,9,8,15,B02
200600043824,0,07,000,15,0,2,14,A01
200600043825,0,07,000,00,2,8,10,A01
200600043825,0,33,000,00,2,1,01,B02
200600043826,0,07,000,13,0,1,01,A01
200600043827,0,33,000,00,2,1,01,A01
200600043827,0,33,000,00,2,1,13,B02
200600043828,0,07,000,13,0,9,13,A01
200600043829,0,02,000,00,2,8,01,A01
200600043829,0,07,000,00,2,8,01,B02
200600043829,0,07,000,02,0,1,01,C03
200600043830,0,07,000,00,2,1,01,A01
200600043830,0,07,000,00,2,1,13,B02
200600043831,0,02,000,00,2,8,13,A01
200600043831,0,07,000,00,2,2,17,B02
200600043832,0,10,000,00,2,3,05,A01
200600043832,0,37,000,00,2,8,01,B02
200600043833,0,02,000,00,2,1,17,A01
200600043833,0,07,000,00,0,6,15,B02
200600043834,0,10,000,00,0,3,17,A01
200600043834,0,10,000,00,0,3,15,B02
200600043835,0,07,000,08,0,2,01,A01
200600043836,0,33,000,00,0,7,01,A01
200600043837,0,07,000,03,0,1,14,A01
200600043838,0,07,000,00,2,3,13,A01
200600043838,0,33,000,00,2,8,01,B02
200600043839,0,07,000,06,0,2,01,A01
200600043840,0,07,000,00,2,2,15,A01
200600043840,0,02,000,00,2,8,01,B02
200600043841,0,07,000,09,2,8,19,A01
200600043841,0,07,000,00,2,1,01,B02
200600043842,0,07,000,00,2,3,13,A01
200600043842,0,10,000,00,2,1,01,B02
200600043843,0,07,000,00,2,3,01,A01
200600043843,0,07,000,00,2,3,05,B02
200600043843,0,14,000,00,2,3,21,C03
200600043844,0,02,000,00,2,1,01,A01
200600043844,0,07,000,00,2,3,01,B02
200600043845,0,07,000,00,2,2,15,A01
200600043845,0,07,000,00,2,1,01,B02
200600043846,0,07,000,06,0,1,01,A01
200600043847,0,07,000,00,2,1,01,A01
200600043847,0,07,000,00,2,1,15,B02
200600043848,0,07,000,13,0,2,01,A01
200600043849,0,07,000,00,2,1,02,A01
200600043849,0,07,000,03,2,3,02,B02
200600043850,0,03,000,00,0,0,01,A01
200600043850,0,07,000,00,0,0,01,B02
200600043851,0,02,000,02,0,7,01,A01
200600043852,0,10,000,02,0,7,01,A01
200600043853,0,07,000,00,2,2,01,A01
200600043853,0,02,000,00,0,4,01,B02
200600043854,0,02,000,00,0,1,01,A01
200600043855,0,07,000,13,0,9,01,A01
200600043856,0,07,000,02,0,1,14,A01
200600043857,0,35,000,00,2,3,19,A01
200600043857,0,07,000,00,2,1,01,B02
200600043858,0,07,000,00,2,2,14,A01
200600043859,0,07,000,00,2,1,01,A01
200600043859,0,01,000,00,2,8,19,B02
200600043860,0,02,000,00,2,3,01,A01
200600043860,0,10,000,00,2,3,01,B02
200600043861,0,07,000,00,2,2,15,A01
200600043861,0,31,000,00,2,1,01,B02
200600043862,0,02,000,00,0,5,01,A01
200600043863,0,07,000,00,2,3,01,A01
200600043863,0,07,000,00,2,3,01,B02
200600043864,0,07,000,08,0,1,01,A01
200600043865,0,07,000,00,2,3,01,A01
200600043865,0,07,000,00,2,3,13,B02
200600043866,0,07,000,00,2,7,19,A01
200600043866,0,07,000,00,2,1,01,B02
200600043867,0,33,000,00,2,1,17,A01
200600043867,0,07,000,00,2,3,15,B02
200600043868,0,07,000,00,0,9,01,A01
200600043869,0,07,000,00,2,3,15,A01
200600043869,0,32,000,00,2,7,01,B02
200600043870,0,10,000,00,2,3,01,A01
200600043870,0,01,000,00,2,1,01,B02
200600043870,0,01,000,00,2,1,01,C03
200600043871,0,07,000,00,2,2,19,A01
200600043871,0,07,000,00,2,3,01,B02
200600043871,0,07,000,00,2,1,01,C03
200600043872,0,07,000,13,0,1,01,A01
200600043873,0,33,000,02,0,1,01,A01
200600043874,0,07,000,13,0,9,01,A01
200600043875,0,01,000,00,9,1,17,A01
200600043875,0,31,000,00,9,1,17,B02
200600043876,0,07,000,16,0,7,00,A01
200600043876,0,07,000,00,2,1,23,B02
200600043877,0,07,000,02,0,1,01,A01
200600043878,0,36,000,00,0,0,01,A01
200600043879,0,14,000,00,2,7,20,A01
200600043879,0,04,000,00,2,1,01,B02
200600043880,0,07,000,01,1,2,01,A01
200600043880,0,07,000,00,2,6,24,B02
200600043881,0,17,000,00,2,8,13,A01
200600043881,0,07,000,06,2,8,01,B02
200600043881,0,07,000,06,2,8,01,C03
200600043882,0,33,000,13,2,8,01,A01
200600043882,0,07,000,00,2,7,15,B02
200600043883,0,07,000,13,0,2,01,A01
200600043884,0,30,000,16,0,1,01,A01
200600043885,0,01,000,00,2,7,01,B02
200600043885,0,07,000,00,2,1,01,A01
200600043886,0,33,000,00,2,1,01,B02
200600043886,0,07,000,00,0,8,01,A01
200600043887,0,07,000,00,2,2,17,A01
200600043887,0,16,000,00,0,6,15,B02
200600043888,0,07,000,00,2,1,13,A01
200600043888,0,07,000,00,2,1,01,B02
200600043889,0,07,000,00,2,2,01,A01
200600043889,0,30,000,00,2,8,19,B02
200600043890,0,33,000,00,2,1,13,A01
200600043890,0,07,000,00,2,3,01,B02
200600043891,0,07,000,02,0,3,01,A01
200600043892,0,07,000,00,2,3,13,A01
200600043892,0,14,000,00,2,3,01,B02
200600043893,0,02,000,00,2,1,13,A01
200600043893,0,07,000,00,2,2,01,B02
200600043894,0,07,000,00,2,1,00,A01
200600043894,0,07,000,00,2,4,00,B02
200600043895,0,07,000,00,2,3,01,A01
200600043895,0,01,000,00,2,1,19,B02
200600043896,0,07,000,00,2,1,13,A01
200600043896,0,14,000,00,2,3,21,B02
200600043897,0,30,000,06,0,1,01,A01
200600043898,0,07,000,08,0,1,13,A01
200600043899,0,02,000,00,2,3,13,A01
200600043899,0,10,000,00,9,3,01,B02
200600043900,0,07,000,00,2,2,21,A01
200600043900,0,07,000,00,2,2,09,B02
200600043901,0,02,000,00,2,1,15,A01
200600043901,0,07,000,00,2,2,19,B02
200600043902,0,01,000,00,0,0,01,A01
200600043903,0,33,000,00,2,9,13,A01
200600043903,0,07,000,00,2,1,01,B02
200600043904,0,01,000,16,0,0,01,A01
200600043905,0,07,000,00,2,8,01,A01
200600043905,0,33,000,16,2,1,13,B02
200600043906,0,07,000,10,0,2,19,A01
200600043907,0,17,000,00,2,1,01,A01
200600043907,0,07,000,00,0,7,19,B02
200600043908,0,10,000,16,2,5,13,A01
200600043908,0,10,000,00,2,1,01,B02
200600043909,0,07,000,08,0,1,01,A01
200600043910,0,10,000,02,0,7,14,A01
200600043911,0,07,000,00,2,2,17,A01
200600043911,0,01,000,00,2,1,01,B02
200600043912,0,02,000,00,2,1,17,A01
200600043912,0,07,000,00,2,3,01,B02
200600043912,0,10,000,00,2,1,01,C03
200600043913,0,02,000,06,0,1,01,A01
200600043914,0,02,000,00,0,1,01,A01
200600043915,0,07,000,05,0,2,01,A01
200600043916,0,15,000,04,2,2,01,A01
200600043916,0,07,000,00,2,6,21,B02
200600043916,0,07,000,00,2,8,21,C03
200600043917,0,02,000,00,1,1,01,A01
200600043918,0,02,000,00,2,1,17,A01
200600043918,0,07,000,00,0,3,15,B02
200600043919,0,07,000,00,2,1,13,A01
200600043919,0,07,000,00,0,1,00,B02
200600043920,0,02,000,07,0,8,13,A01
200600043921,0,07,000,06,0,1,00,A01
200600043922,0,15,000,04,0,1,01,A01
200600043923,0,07,000,00,0,1,02,A01
200600043923,0,07,000,00,0,4,02,B02
200600043923,0,07,000,00,0,4,02,C03
200600043923,0,07,000,00,0,4,02,D04
200600043923,0,07,000,00,0,4,02,E05
200600043923,0,07,000,00,0,4,02,F06
200600043924,0,07,000,04,2,2,14,A01
200600043924,0,07,000,00,0,6,01,B02
200600043925,0,17,000,03,0,7,01,A01
200600043926,0,07,000,00,1,3,15,A01
200600043927,0,14,000,00,2,1,01,A01
200600043927,0,14,000,00,2,1,01,B02
200600043928,0,33,000,00,2,1,01,A01
200600043928,0,02,000,00,2,7,19,B02
200600043929,0,07,000,00,2,4,15,A01
200600043929,0,07,000,00,2,1,01,B02
200600043930,0,36,000,16,0,9,01,A01
200600043931,0,07,000,16,0,3,01,A01
200600043932,0,07,000,00,0,4,15,A01
200600043932,0,10,000,00,2,1,01,B02
200600043933,0,07,000,13,0,2,01,A01
200600043934,0,07,000,00,2,1,13,A01
200600043934,0,07,000,00,2,3,01,B02
200600043935,0,07,000,00,2,2,17,A01
200600043935,0,30,000,00,2,8,15,B02
200600043936,0,30,000,00,2,2,01,A01
200600043936,0,07,000,00,9,3,01,B02
200600043937,0,07,000,13,0,9,13,A01
200600043938,0,07,000,02,0,8,01,A01
200600043939,0,33,000,13,0,2,01,A01
200600043940,0,07,000,00,2,8,01,A01
200600043940,0,02,000,00,2,3,13,B02
200600043940,0,07,000,00,0,0,16,C03
200600043941,0,07,000,00,2,1,13,A01
200600043941,0,07,000,00,2,1,01,B02
200600043942,0,07,000,09,0,0,00,A01
200600043943,0,33,000,02,0,1,13,A01
200600043944,0,07,000,06,0,1,14,A01
200600043945,0,33,000,00,2,1,13,A01
200600043945,0,07,000,00,2,3,01,B02
200600043946,0,07,000,10,0,2,01,A01
200600043947,0,07,000,00,2,7,15,A01
200600043947,0,33,000,00,2,1,01,B02
200600043948,0,02,000,00,2,1,13,A01
200600043948,0,07,000,00,2,1,01,B02
200600043949,0,33,000,03,0,0,01,A01
200600043950,0,07,000,00,2,7,01,A01
200600043950,0,07,000,00,2,1,01,B02
200600043951,0,33,000,03,0,1,01,A01
200600043952,0,16,000,13,0,8,01,A01
200600043953,0,07,000,00,2,1,13,A01
200600043953,0,38,000,00,2,3,01,B02
200600043954,0,33,000,00,0,7,01,A01
200600043955,0,10,000,03,0,1,01,A01
200600043956,0,07,000,00,2,5,15,A01
200600043956,0,07,000,00,2,2,01,B02
200600043957,0,07,000,00,2,1,01,A01
200600043957,0,07,000,00,0,8,00,B02
200600043958,0,14,000,00,2,3,13,A01
200600043958,0,07,000,00,2,8,01,B02
200600043959,0,14,000,00,2,2,16,A01
200600043959,0,33,000,00,2,4,01,B02
200600043960,0,30,000,00,2,1,13,A01
200600043960,0,07,000,00,2,1,01,B02
200600043961,0,07,000,00,2,8,01,A01
200600043961,0,02,000,00,0,0,00,B02
200600043962,0,33,000,16,0,0,01,A01
200600043963,0,07,000,13,0,9,01,A01
200600043964,0,33,000,00,2,2,01,A01
200600043964,0,33,000,00,2,4,01,B02
200600043964,0,33,000,00,2,5,01,C03
200600043965,0,17,000,00,2,6,01,A01
200600043965,0,07,000,00,2,8,01,B02
200600043965,0,10,000,03,0,2,01,C03
200600043966,0,14,000,00,0,1,01,A01
200600043966,0,14,000,00,0,4,23,B02
200600043967,0,01,000,00,2,1,15,A01
200600043967,0,07,000,00,9,3,01,B02
200600043968,0,07,000,00,2,1,01,A01
200600043968,0,07,000,00,2,1,01,B02
200600043969,0,15,000,00,0,0,01,A01
200600043970,0,07,000,00,2,5,19,A01
200600043970,0,07,000,00,0,1,01,B02
200600043971,0,07,000,06,0,3,01,A01
200600043972,0,14,000,13,0,1,01,A01
200600043973,0,07,000,00,2,7,13,A01
200600043973,0,07,000,00,2,1,01,B02
200600043974,0,07,000,02,0,1,01,A01
200600043975,0,07,000,00,2,2,15,A01
200600043975,0,31,000,00,2,0,01,B02
200600043976,0,07,000,00,2,0,15,A01
200600043976,0,33,000,00,2,0,01,B02
200600043977,0,07,000,00,9,7,17,A01
200600043977,0,01,000,00,2,8,13,B02
200600043978,0,07,000,00,0,0,19,A01
200600043978,0,07,000,01,0,1,17,B02
200600043979,0,15,000,00,2,8,01,A01
200600043979,0,33,000,00,2,8,13,B02
200600043980,0,07,000,01,2,8,13,A01
200600043980,0,33,000,00,2,3,01,B02
200600043981,0,14,000,00,0,0,00,A01
200600043981,0,14,000,00,0,0,00,B02
200600043982,0,07,000,00,9,2,01,A01
200600043982,0,01,000,00,0,4,01,B02
200600043983,0,07,000,00,2,2,13,A01
200600043983,0,07,000,00,2,6,01,B02
200600043983,0,07,000,00,2,7,01,C03
200600043984,0,33,000,00,2,1,01,A01
200600043984,0,07,000,00,2,3,01,B02
200600043985,0,07,000,13,0,7,01,A01
200600043986,0,07,000,00,2,3,01,A01
200600043986,0,31,000,00,2,7,01,B02
200600043987,0,07,000,00,2,1,09,A01
200600043987,0,07,000,00,0,7,15,B02
200600043988,0,02,000,06,6,1,01,A01
200600043989,0,07,000,01,0,2,01,A01
200600043989,0,17,000,00,0,6,24,B02
200600043990,0,10,000,08,0,1,01,A01
200600043991,0,10,000,00,2,8,09,A01
200600043991,0,33,000,00,2,1,01,B02
200600043992,0,07,000,02,0,1,01,A01
200600043993,0,07,000,00,0,1,17,A01
200600043993,0,07,000,00,0,1,01,B02
200600043994,0,01,000,00,0,0,01,A01
200600043994,0,07,000,00,9,3,15,B02
200600043995,0,14,000,00,2,8,19,A01
200600043995,0,34,000,00,2,3,21,B02
200600043996,0,07,000,00,1,0,01,A01
200600043997,0,33,000,00,2,1,15,A01
200600043997,0,31,000,00,2,1,01,B02
200600043998,0,32,000,00,1,1,03,A01
200600043998,0,07,000,00,2,3,23,B02
200600043999,0,14,000,00,0,1,13,A01
200600043999,0,14,000,00,0,1,01,B02
200600044000,0,07,000,00,2,6,15,A01
200600044000,0,32,000,00,2,1,17,B02
200600044001,0,07,000,00,1,2,01,A01
200600044002,0,33,000,00,2,9,01,A01
200600044002,0,07,000,00,2,6,01,B02
200600044002,0,07,000,00,2,2,01,C03
200600044003,0,36,000,13,0,2,01,A01
200600044004,0,07,000,02,0,2,01,A01
200600044005,0,05,000,08,0,7,01,A01
200600044006,0,07,000,00,0,3,10,A01
200600044006,0,02,000,00,0,8,01,B02
200600044007,0,33,000,03,0,3,13,A01
200600044008,0,33,000,02,2,1,13,A01
200600044009,0,02,000,13,0,7,00,A01
200600044010,0,32,000,06,0,7,01,A01
200600044011,0,02,000,06,6,1,01,A01
200600044012,0,07,000,00,2,4,15,A01
200600044012,0,02,000,00,2,1,17,B02
200600044013,0,07,000,00,2,5,19,A01
200600044013,0,30,000,00,2,1,01,B02
200600044014,0,34,000,00,0,0,00,A01
200600044015,0,10,000,08,0,1,00,A01
200600044016,0,07,000,00,0,6,15,A01
200600044016,0,07,000,00,2,1,01,B02
200600044016,0,05,000,00,2,1,01,C03
200600044017,0,33,000,00,2,2,02,A01
200600044017,0,07,000,00,2,6,02,B02
200600044018,0,07,000,00,2,1,15,A01
200600044018,0,07,000,00,2,3,01,B02
200600044018,0,07,000,00,2,3,01,C03
200600044019,0,14,000,00,2,3,05,A01
200600044019,0,02,000,00,2,1,01,B02
200600044020,0,07,000,00,2,2,01,A01
200600044020,0,02,000,00,2,1,13,B02
200600044021,0,07,000,13,0,9,13,A01
200600044022,0,33,000,00,2,1,13,A01
200600044022,0,07,000,00,2,3,01,B02
200600044023,0,14,000,13,0,0,14,A01
200600044024,0,07,000,13,0,2,01,A01
200600044025,0,33,000,00,6,1,01,A01
200600044026,0,07,000,13,0,8,01,A01
200600044027,0,33,000,00,2,0,00,A01
200600044027,0,10,000,00,0,0,00,B02
200600044028,0,07,000,00,2,3,01,A01
200600044028,0,14,000,00,2,3,13,B02
200600044029,0,34,001,00,0,0,01,A01
200600044030,0,07,000,00,2,8,13,A01
200600044030,0,07,000,00,2,2,21,B02
200600044031,0,07,000,00,2,7,01,A01
200600044031,0,07,000,00,2,1,01,B02
200600044031,0,07,000,13,0,1,01,C03
200600044032,0,10,000,00,1,2,01,A01
200600044033,0,14,000,00,0,0,19,A01
200600044033,0,33,000,00,2,1,17,B02
200600044034,0,07,000,00,2,2,00,A01
200600044034,0,31,000,00,2,7,01,B02
200600044035,0,10,000,00,2,3,13,A01
200600044035,0,31,000,00,2,1,17,B02
200600044036,0,07,000,00,2,1,16,A01
200600044036,0,02,000,00,2,7,01,B02
200600044037,0,02,000,00,1,1,17,A01
200600044038,0,34,000,00,2,8,15,A01
200600044038,0,07,000,00,2,2,19,B02