Num_Acc,senc,catv,occutc,obs,obsm,choc,manv,num_veh
200600044039,0,30,000,01,0,3,01,A01
200600044039,0,10,000,00,2,7,00,B02
200600044039,0,07,000,00,2,7,00,C03
200600044040,0,07,000,00,2,0,05,A01
200600044040,0,33,000,00,2,3,01,B02
200600044040,0,32,000,00,2,1,01,C03
200600044040,0,07,000,00,2,3,00,D04
200600044041,0,33,000,00,2,6,17,A01
200600044041,0,32,000,00,2,2,17,B02
200600044042,0,07,000,11,0,8,10,A01
200600044042,0,33,000,11,2,1,17,B02
200600044043,0,07,000,00,2,3,15,A01
200600044043,0,32,000,00,2,1,17,B02
200600044044,0,07,000,00,1,3,20,A01
200600044045,0,07,000,00,2,1,13,A01
200600044045,0,07,000,00,2,2,21,B02
200600044045,0,07,000,00,2,1,01,C03
200600044046,0,07,000,00,2,5,15,A01
200600044046,0,33,000,00,2,8,01,B02
200600044047,0,07,000,00,2,2,01,A01
200600044047,0,31,000,00,2,1,01,B02
200600044048,0,07,000,00,2,3,01,A01
200600044048,0,02,000,00,2,1,01,B02
200600044049,0,07,000,00,2,3,01,A01
200600044049,0,30,000,00,2,3,02,B02
200600044049,0,30,000,00,2,1,13,C03
200600044050,0,07,000,00,2,7,15,A01
200600044050,0,30,000,00,2,1,01,B02
200600044051,0,07,000,00,2,3,15,A01
200600044051,0,02,000,00,2,1,01,B02
200600044052,0,07,000,00,2,1,09,A01
200600044052,0,02,000,00,2,1,17,B02
200600044053,0,07,000,00,2,5,04,A01
200600044053,0,31,000,00,2,1,02,B02
200600044053,0,31,000,00,2,3,14,C03
200600044054,0,07,000,09,0,1,01,A01
200600044055,0,07,000,00,2,8,09,A01
200600044055,0,33,000,00,2,1,01,B02
200600044056,0,07,000,00,2,3,13,A01
200600044056,0,14,000,00,2,8,21,B02
200600044056,0,30,000,00,2,1,01,C03
200600044057,0,01,000,00,2,3,01,A01
200600044057,0,10,000,00,2,5,17,B02
200600044057,0,15,000,00,2,3,01,C03
200600044058,0,34,000,00,2,8,21,A01
200600044058,0,17,000,00,2,6,01,B02
200600044058,0,33,000,00,0,7,01,C03
200600044059,0,34,000,00,0,0,02,A01
200600044060,0,07,000,00,2,3,01,A01
200600044060,0,07,000,00,2,3,13,B02
200600044061,0,07,000,00,0,6,01,A01
200600044061,0,07,000,00,2,3,01,B02
200600044061,0,07,000,00,2,1,01,C03
200600044061,0,33,000,00,2,1,01,D04
200600044062,0,07,000,00,2,8,01,A01
200600044062,0,14,000,00,2,8,13,B02
200600044063,0,07,000,00,2,1,01,A01
200600044063,0,07,000,00,2,1,01,B02
200600044064,0,07,000,00,0,1,02,A01
200600044064,0,01,000,00,0,4,02,B02
200600044065,0,07,000,00,2,3,13,A01
200600044065,0,07,000,00,2,3,01,B02
200600044066,0,33,000,16,2,1,13,A01
200600044066,0,07,000,00,2,2,23,B02
200600044067,0,07,000,00,2,3,10,A01
200600044067,0,14,000,00,2,2,01,B02
200600044068,0,07,000,00,0,0,00,A01
200600044068,0,31,000,00,2,3,01,B02
200600044069,0,02,000,00,2,0,21,A01
200600044070,0,07,000,00,1,4,04,A01
200600044071,0,32,000,09,0,1,01,A01
200600044072,0,07,000,00,2,3,13,A01
200600044072,0,33,000,00,2,3,01,B02
200600044073,0,07,000,00,2,8,19,A01
200600044073,0,07,000,00,2,1,01,B02
200600044074,0,30,000,00,1,1,01,A01
200600044075,0,01,000,00,2,1,01,A01
200600044075,0,07,000,00,2,3,01,B02
200600044076,0,30,000,00,2,6,01,A01
200600044076,0,07,000,00,2,8,01,B02
200600044077,0,33,000,03,0,1,16,A01
200600044078,0,07,000,00,0,0,13,A01
200600044078,0,07,000,00,2,9,01,B02
200600044079,0,07,000,00,2,3,01,A01
200600044079,0,07,000,00,2,6,01,B02
200600044080,0,32,000,13,0,2,01,A01
200600044081,0,07,000,00,0,7,15,A01
200600044081,0,33,000,00,2,1,01,B02
200600044082,0,07,000,00,1,2,00,A01
200600044083,0,07,000,00,2,1,02,A01
200600044083,0,01,000,00,2,6,13,B02
200600044084,0,13,000,00,0,7,13,A01
200600044084,0,14,000,00,0,1,01,B02
200600044085,0,07,000,00,2,3,01,A01
200600044086,0,07,000,00,2,1,01,A01
200600044086,0,07,000,00,2,1,15,B02
200600044087,0,07,000,00,2,2,01,A01
200600044087,0,07,000,00,2,0,19,B02
200600044088,0,07,000,00,0,7,02,A01
200600044088,0,01,000,00,2,6,02,B02
200600044089,0,07,000,00,1,0,01,A01
200600044090,0,07,000,00,2,3,01,A01
200600044090,0,07,000,00,2,1,16,B02
200600044091,0,07,000,00,2,3,13,A01
200600044091,0,07,000,00,2,3,01,B02
200600044092,0,14,000,00,0,0,01,A01
200600044093,0,31,000,02,0,1,01,A01
200600044094,0,07,000,13,0,1,01,A01
200600044095,0,07,000,13,0,8,01,A01
200600044096,0,07,000,14,0,2,06,A01
200600044096,0,07,000,00,2,1,01,B02
200600044097,0,05,000,04,0,8,13,A01
200600044098,0,01,000,00,2,1,05,A01
200600044098,0,07,000,00,2,3,01,B02
200600044099,0,07,000,16,0,0,00,A01
200600044099,0,07,000,00,0,0,13,B02
200600044100,0,33,000,05,2,1,14,A01
200600044100,0,07,000,00,2,1,01,B02
200600044101,0,33,000,00,0,7,15,A01
200600044102,0,02,000,01,0,7,18,A01
200600044103,0,30,000,00,0,8,01,A01
200600044104,0,07,000,00,2,3,01,A01
200600044104,0,01,000,00,2,1,13,B02
200600044105,0,14,000,00,2,3,01,A01
200600044105,0,14,000,00,2,3,13,B02
200600044106,0,07,000,00,2,1,01,A01
200600044106,0,30,000,00,2,8,19,B02
200600044107,0,07,000,02,5,1,21,A01
200600044108,0,07,000,00,0,5,13,A01
200600044108,0,02,000,00,0,8,01,B02
200600044109,0,33,000,10,0,0,01,A01
200600044110,0,07,000,00,2,3,13,A01
200600044110,0,07,000,00,2,1,01,B02
200600044111,0,07,000,13,0,2,17,A01
200600044112,0,07,000,00,2,1,15,A01
200600044112,0,33,000,00,2,8,01,B02
200600044113,0,30,000,12,0,1,15,A01
200600044114,0,07,000,00,0,0,15,A01
200600044114,0,01,000,00,0,0,00,B02
200600044115,0,07,000,00,0,1,09,A01
200600044115,0,01,000,00,0,5,01,B02
200600044116,0,07,000,00,0,6,02,A01
200600044116,0,02,000,00,2,1,02,B02
200600044117,0,07,000,00,2,3,01,A01
200600044117,0,02,000,00,2,1,01,B02
200600044118,0,07,000,02,0,2,01,A01
200600044119,0,31,000,00,2,1,02,A01
200600044119,0,07,000,00,0,6,01,B02
200600044120,0,07,000,00,1,2,01,A01
200600044121,0,33,000,00,2,1,01,A01
200600044121,0,01,000,00,2,8,10,B02
200600044122,0,07,000,02,0,2,00,A01
200600044123,0,07,000,02,0,2,01,A01
200600044124,0,36,000,02,0,1,14,A01
200600044125,0,33,000,00,2,8,13,A01
200600044125,0,07,000,00,2,8,01,B02
200600044126,0,07,000,13,0,3,01,A01
200600044127,0,02,000,00,6,1,01,A01
200600044128,0,07,000,02,0,2,13,A01
200600044129,0,14,000,00,0,2,01,A01
200600044129,0,10,000,02,2,2,13,B02
200600044130,0,07,000,13,0,3,13,A01
200600044131,0,07,000,02,0,1,01,A01
200600044132,0,32,000,00,6,1,01,A01
200600044133,0,07,000,00,1,1,00,A01
200600044134,0,33,000,00,0,7,00,A01
200600044135,0,07,000,00,2,1,01,A01
200600044135,0,07,000,00,2,1,01,B02
200600044136,0,07,000,00,0,4,09,A01
200600044136,0,99,000,00,2,1,01,B02
200600044137,0,07,000,00,9,2,14,A01
200600044137,0,01,000,00,2,4,01,B02
200600044137,0,01,000,00,2,4,01,C03
200600044138,0,07,000,00,2,2,01,A01
200600044138,0,10,000,00,2,3,19,B02
200600044139,0,07,000,06,0,1,01,A01
200600044140,0,07,000,00,2,3,13,A01
200600044140,0,07,000,00,2,3,01,B02
200600044141,0,32,000,00,0,0,01,A01
200600044142,0,07,000,02,0,1,09,A01
200600044143,0,07,000,00,2,4,10,A01
200600044143,0,33,000,00,2,1,17,B02
200600044143,0,07,000,00,0,4,01,C03
200600044144,0,32,000,00,1,1,01,A01
200600044145,0,33,000,00,0,1,01,A01
200600044146,0,31,000,00,2,0,00,A01
200600044147,0,07,000,00,2,3,13,A01
200600044147,0,07,000,00,2,3,01,B02
200600044148,0,07,000,00,2,3,19,A01
200600044148,0,07,000,00,2,1,01,B02
200600044149,0,34,000,00,2,3,01,A01
200600044149,1,07,000,00,2,5,17,B02
200600044150,0,03,000,10,0,2,01,A01
200600044151,0,07,000,00,2,3,05,A01
200600044151,0,14,000,00,2,3,01,B02
200600044152,0,07,000,00,2,1,17,A01
200600044152,0,10,000,00,2,1,01,B02
200600044153,0,07,000,06,0,3,14,A01
200600044154,0,33,000,00,2,1,13,A01
200600044154,0,07,000,00,2,1,01,B02
200600044155,0,07,000,00,2,3,21,A01
200600044155,0,07,000,00,2,3,13,B02
200600044156,0,10,000,00,1,4,20,A01
200600044157,0,07,000,06,0,1,00,A01
200600044158,0,14,000,00,0,8,01,A01
200600044159,0,07,000,00,2,3,13,A01
200600044159,0,10,000,00,2,3,01,B02
200600044160,0,07,000,00,2,1,01,A01
200600044160,0,07,000,00,2,1,01,B02
200600044160,0,33,000,00,2,1,01,C03
200600044161,0,30,000,00,2,4,11,A01
200600044162,0,07,000,00,0,3,13,A01
200600044162,0,07,000,00,2,2,01,B02
200600044163,0,14,000,02,0,2,00,A01
200600044164,0,07,000,15,0,3,01,A01
200600044165,0,07,000,02,0,2,01,A01
200600044166,0,07,000,00,2,2,11,A01
200600044166,0,07,000,00,0,3,15,B02
200600044167,0,07,000,00,2,3,01,A01
200600044167,0,07,000,00,2,3,01,B02
200600044167,0,07,000,00,2,3,01,C03
200600044167,0,07,000,00,2,1,01,D04
200600044168,0,07,000,00,2,1,13,A01
200600044168,0,07,000,00,2,1,01,B02
200600044169,0,07,000,08,0,2,01,A01
200600044170,0,07,000,13,0,1,21,A01
200600044171,0,01,000,00,2,4,18,A01
200600044171,0,07,000,00,2,2,01,B02
200600044172,0,07,000,00,2,3,13,A01
200600044172,0,17,000,00,2,3,01,B02
200600044173,0,07,000,00,1,2,01,A01
200600044174,0,07,000,00,1,2,01,A01
200600044175,0,07,000,13,0,2,01,A01
200600044176,0,07,000,00,0,6,11,A01
200600044176,0,33,000,00,0,1,00,B02
200600044177,0,07,000,00,2,1,01,A01
200600044177,0,07,000,00,2,1,01,B02
200600044178,0,07,000,00,0,3,15,A01
200600044178,0,33,000,00,2,3,01,B02
200600044179,0,17,000,16,0,7,01,A01
200600044180,0,07,000,02,0,3,01,A01
200600044181,0,07,000,13,0,2,01,A01
200600044182,0,17,000,00,2,8,01,A01
200600044182,0,15,000,00,2,3,01,B02
200600044182,0,14,000,00,9,3,01,C03
200600044182,0,07,000,00,9,3,01,D04
200600044182,0,07,000,00,9,1,01,E05
200600044183,0,07,000,00,2,2,00,A01
200600044183,0,01,000,00,2,8,01,B02
200600044184,0,07,000,00,0,9,01,A01
200600044185,0,07,000,00,2,1,01,A01
200600044185,0,01,000,00,2,8,15,B02
200600044186,0,02,000,01,0,1,19,A01
200600044187,0,07,000,00,2,2,05,A01
200600044187,0,07,000,00,2,1,01,B02
200600044188,0,33,000,00,2,4,13,A01
200600044188,0,38,000,00,2,2,02,B02
200600044189,0,33,000,00,2,1,14,A01
200600044189,0,07,000,00,2,1,01,B02
200600044190,0,07,000,00,2,3,15,A01
200600044190,0,31,000,00,2,1,17,B02
200600044191,0,07,000,00,2,1,01,A01
200600044191,0,33,000,00,2,1,17,B02
200600044192,0,07,000,00,2,7,13,A01
200600044192,0,07,000,00,2,1,01,B02
200600044193,0,07,000,00,2,3,01,A01
200600044193,0,02,000,00,2,5,16,B02
200600044194,0,02,000,00,2,3,01,A01
200600044194,0,07,000,00,2,2,01,B02
200600044195,0,07,000,00,2,5,01,A01
200600044195,0,01,000,00,2,1,00,B02
200600044196,0,07,000,00,2,8,00,A01
200600044196,0,07,000,00,2,7,00,B02
200600044197,0,07,000,00,2,3,05,A01
200600044197,0,14,000,00,2,3,01,B02
200600044198,0,07,000,00,2,1,01,A01
200600044198,0,10,000,00,2,1,13,B02
200600044199,0,07,000,00,0,3,01,A01
200600044199,0,07,000,06,2,1,14,B02
200600044200,0,30,000,13,0,7,14,A01
200600044201,0,07,000,00,0,2,01,A01
200600044202,0,07,000,00,1,2,01,A01
200600044203,0,07,000,00,0,2,14,A01
200600044204,0,07,000,02,0,2,01,A01
200600044205,0,02,000,00,2,3,01,A01
200600044205,0,02,000,00,2,3,01,B02
200600044206,0,07,000,00,2,1,01,A01
200600044206,0,02,000,00,2,8,01,B02
200600044206,0,07,000,00,2,8,01,C03
200600044207,0,10,000,00,2,3,15,A01
200600044207,0,33,000,00,2,1,17,B02
200600044208,0,07,000,00,2,3,01,A01
200600044208,0,01,000,00,2,4,15,B02
200600044209,0,17,000,00,2,6,01,A01
200600044209,0,07,000,00,2,8,01,B02
200600044210,0,07,000,00,1,2,21,A01
200600044211,0,07,000,00,2,7,15,A01
200600044211,0,33,000,00,2,1,01,B02
200600044212,0,07,000,00,0,4,01,A01
200600044212,0,07,000,00,2,1,01,B02
200600044212,0,07,000,00,2,1,01,C03
200600044213,0,07,000,13,0,1,01,A01
200600044214,0,02,000,00,2,1,01,A01
200600044214,0,07,000,00,2,4,01,B02
200600044215,0,07,000,00,2,1,01,A01
200600044215,0,07,000,00,0,4,02,B02
200600044216,0,33,000,00,2,1,01,A01
200600044216,0,01,000,00,2,4,01,B02
200600044217,0,13,000,00,0,0,15,A01
200600044217,0,07,000,04,2,0,01,B02
200600044218,0,10,000,00,2,3,01,A01
200600044218,0,33,000,00,2,7,01,B02
200600044219,0,02,000,00,2,3,01,A01
200600044219,0,02,000,00,2,3,01,B02
200600044220,0,07,000,08,0,1,01,A01
200600044221,0,07,000,00,0,0,00,A01
200600044222,0,02,000,02,0,1,17,A01
200600044223,0,10,000,00,0,8,01,A01
200600044223,0,31,000,00,0,8,17,B02
200600044224,0,07,000,08,0,1,01,A01
200600044225,0,07,000,00,2,2,01,A01
200600044225,0,07,000,00,2,1,15,B02
200600044226,0,07,000,00,2,2,00,A01
200600044226,0,07,000,00,2,1,01,B02
200600044226,0,07,000,00,2,8,15,C03
200600044227,0,07,000,00,2,1,01,A01
200600044227,0,07,000,00,2,1,01,B02
200600044228,0,10,000,08,0,3,01,A01
200600044229,0,07,000,00,2,1,13,A01
200600044229,0,07,000,00,2,1,01,B02
200600044230,0,07,000,00,2,8,13,A01
200600044230,0,31,000,10,2,7,17,B02
200600044231,0,07,000,00,0,1,13,A01
200600044231,0,33,000,00,0,1,01,B02
200600044231,0,07,000,00,2,5,01,C03
200600044232,0,30,000,00,2,1,13,A01
200600044232,0,07,000,00,0,3,01,B02
200600044233,0,07,000,00,2,3,01,A01
200600044233,0,07,000,00,2,3,15,B02
200600044234,0,07,000,00,2,7,01,A01
200600044234,0,07,000,00,2,1,01,B02
200600044235,0,07,000,00,2,3,01,A01
200600044235,0,33,000,00,2,8,01,B02
200600044236,0,07,000,02,0,3,00,A01
200600044237,0,07,000,16,0,9,01,A01
200600044238,0,07,000,00,2,5,23,A01
200600044238,0,14,000,01,0,4,23,B02
200600044238,0,14,000,00,0,1,02,C03
200600044238,0,07,000,00,2,6,01,D04
200600044239,0,03,000,02,0,1,01,A01
200600044240,0,07,000,00,2,3,02,A01
200600044240,0,33,000,00,2,5,01,B02
200600044241,0,10,000,00,2,3,01,A01
200600044241,0,07,000,00,2,3,01,B02
200600044241,0,13,000,00,2,3,01,C03
200600044242,0,07,000,00,2,3,13,A01
200600044242,0,10,000,00,2,3,01,B02
200600044243,0,31,000,00,2,1,17,A01
200600044243,0,07,000,00,2,3,01,B02
200600044244,0,35,000,10,0,3,01,A01
200600044245,0,07,000,00,2,1,02,A01
200600044245,0,07,000,00,2,4,02,B02
200600044245,0,07,000,00,0,4,00,C03
200600044246,0,07,000,00,2,2,23,A01
200600044246,0,07,000,00,2,6,23,B02
200600044246,0,07,000,00,2,4,23,C03
200600044247,0,10,000,00,2,2,15,A01
200600044247,0,02,000,00,2,1,01,B02
200600044248,0,33,000,00,2,1,17,A01
200600044248,0,07,000,00,2,8,15,B02
200600044249,0,07,000,00,1,1,13,A01
200600044249,0,07,000,00,0,8,16,B02
200600044250,0,07,000,13,0,9,01,A01
200600044251,0,07,000,02,0,2,01,A01
200600044252,0,17,000,00,0,7,00,A01
200600044253,0,07,000,00,1,7,01,A01
200600044254,0,07,000,00,2,1,01,A01
200600044254,0,07,000,00,2,2,15,B02
200600044255,0,07,000,00,2,1,01,A01
200600044255,0,07,000,00,0,4,01,B02
200600044256,0,33,000,14,0,1,17,A01
200600044256,0,07,000,00,2,4,15,B02
200600044256,0,07,000,00,2,6,18,C03
200600044257,0,02,000,00,2,7,02,A01
200600044257,0,07,000,00,0,8,01,B02
200600044258,0,10,000,00,2,3,17,A01
200600044258,0,34,000,00,2,8,01,B02
200600044258,0,14,000,00,2,3,13,C03
200600044259,0,07,000,00,2,1,13,A01
200600044259,0,30,000,00,2,1,01,B02
200600044260,0,10,000,00,2,6,19,A01
200600044260,0,33,000,00,2,1,01,B02
200600044260,0,07,000,00,2,1,11,C03
200600044261,0,07,000,02,0,7,17,A01
200600044262,0,07,000,00,2,3,00,A01
200600044262,0,10,000,00,2,3,01,B02
200600044263,0,33,000,00,2,7,19,A01
200600044263,0,07,000,00,2,1,01,B02
200600044264,0,33,000,00,2,1,02,A01
200600044264,0,07,000,00,0,4,02,B02
200600044265,0,31,000,00,0,0,01,A01
200600044266,0,07,000,02,0,2,21,A01
200600044267,0,07,000,00,2,2,01,A01
200600044267,0,02,000,00,2,8,15,B02
200600044268,0,07,000,00,0,9,13,A01
200600044269,0,07,000,02,0,4,00,A01
200600044270,0,07,000,00,0,9,01,A01
200600044271,0,07,000,00,0,5,01,A01
200600044271,0,01,000,00,2,1,02,B02
200600044272,0,30,000,00,0,0,00,A01
200600044273,0,07,000,02,0,1,01,A01
200600044274,0,33,000,10,0,1,01,A01
200600044275,0,33,000,00,0,0,00,A01
200600044276,0,07,000,00,2,1,19,A01
200600044276,0,01,000,00,0,7,01,B02
200600044276,0,07,000,00,2,1,15,C03
200600044277,0,02,000,00,2,1,18,A01
200600044277,0,07,000,00,2,2,16,B02
200600044278,0,07,000,00,2,7,15,A01
200600044278,0,31,000,00,2,1,01,B02
200600044278,0,33,000,00,2,1,01,C03
200600044279,0,07,000,00,0,3,15,A01
200600044279,0,07,000,00,0,1,01,B02
200600044280,0,07,000,00,2,7,19,A01
200600044280,0,10,000,00,2,3,01,B02
200600044280,0,07,000,00,2,3,01,C03
200600044280,0,07,000,00,2,1,02,D04
200600044281,0,33,000,00,0,8,01,A01
200600044282,0,02,000,00,0,1,00,A01
200600044283,0,07,000,00,0,3,09,A01
200600044283,0,01,000,00,0,0,01,B02
200600044284,0,14,000,02,0,2,01,A01
200600044285,0,31,000,00,2,1,01,A01
200600044285,0,07,000,00,2,2,15,B02
200600044286,0,01,000,00,0,3,02,A01
200600044286,1,14,000,00,0,7,17,B02
200600044287,0,07,000,13,0,3,01,A01
200600044288,0,30,000,00,0,1,13,A01
200600044289,0,07,000,01,0,3,00,A01
200600044289,0,02,000,00,0,1,00,B02
200600044290,0,31,000,01,0,0,16,A01
200600044291,0,07,000,00,1,1,01,A01
200600044292,0,07,000,00,1,8,01,A01
200600044293,0,33,000,00,2,1,02,A01
200600044293,0,07,000,00,9,1,02,B02
200600044294,0,07,000,00,4,2,23,A01
200600044294,0,39,000,00,2,3,01,B02
200600044295,0,07,000,00,0,8,00,A01
200600044295,0,33,000,00,2,7,02,B02
200600044296,0,07,000,00,2,1,09,A01
200600044296,0,17,000,00,0,4,15,B02
200600044297,0,33,000,00,0,1,00,A01
200600044298,0,33,000,00,2,7,17,A01
200600044298,0,21,000,00,2,8,15,B02
200600044298,0,21,000,00,2,8,15,C03
200600044299,0,07,000,00,1,2,01,A01
200600044300,0,07,000,00,0,5,00,A01
200600044300,0,33,000,00,2,3,13,B02
200600044301,0,02,000,00,0,1,01,A01
200600044302,0,07,000,00,0,9,17,A01
200600044303,0,07,000,00,0,2,15,A01
200600044303,0,30,000,00,0,3,01,B02
200600044304,0,33,000,00,2,7,17,A01
200600044304,0,10,000,00,9,8,17,B02
200600044305,0,33,000,00,2,1,17,A01
200600044305,0,07,000,00,0,8,15,B02
200600044306,0,02,000,12,0,0,01,A01
200600044307,0,07,000,00,2,6,19,A01
200600044307,0,07,000,00,2,3,01,B02
200600044308,0,10,000,00,1,2,01,A01
200600044309,0,14,000,00,0,3,00,B02
200600044309,0,07,000,00,2,1,21,A01
200600044310,0,07,000,02,0,1,01,A01
200600044311,0,07,000,00,2,2,19,A01
200600044311,0,07,000,00,2,3,01,B02
200600044312,0,07,000,00,0,1,01,A01
200600044313,0,07,000,00,2,3,10,A01
200600044313,0,33,000,00,2,1,13,B02
200600044314,0,07,000,00,2,8,19,A01
200600044314,0,07,000,00,2,1,01,B02
200600044315,0,07,000,00,2,3,13,A01
200600044315,0,07,000,00,2,3,01,B02
200600044316,0,07,000,00,2,7,15,A01
200600044316,0,07,000,00,2,1,01,B02
200600044317,0,07,000,13,0,1,01,A01
200600044318,0,10,000,00,2,1,01,A01
200600044318,0,07,000,00,2,7,19,B02
200600044319,0,07,000,00,2,1,02,A01
200600044319,0,07,000,00,0,4,02,B02
200600044320,0,07,000,00,0,9,01,A01
200600044321,0,07,000,06,0,1,01,A01
200600044322,0,07,000,07,0,9,01,A01
200600044323,0,17,000,00,2,2,02,A01
200600044323,0,07,000,00,0,6,02,B02
200600044324,0,07,000,00,2,3,13,A01
200600044324,0,17,000,00,2,2,00,B02
200600044325,0,07,000,13,2,3,13,A01
200600044325,0,07,000,00,2,6,01,B02
200600044326,0,07,000,00,2,7,01,B02
200600044326,0,02,000,00,2,1,19,A01
200600044327,0,10,000,00,2,7,15,A01
200600044327,0,02,000,00,2,8,15,B02
200600044328,0,02,000,06,0,1,01,A01
200600044329,0,02,000,00,2,8,13,A01
200600044329,0,07,000,00,2,7,17,B02
200600044330,0,07,000,00,9,3,17,A01
200600044330,0,01,000,00,2,4,03,B02
200600044331,0,07,000,01,0,1,14,A01
200600044331,0,07,000,00,2,3,23,B02
200600044332,0,07,000,00,0,3,01,A01
200600044332,0,14,000,00,0,3,00,B02
200600044333,0,07,000,06,0,9,01,A01
200600044334,0,07,000,13,0,1,01,A01
200600044335,0,07,000,00,0,1,01,A01
200600044335,0,07,000,00,0,1,15,B02
200600044335,0,07,000,00,0,3,01,C03
200600044336,0,07,000,13,0,9,01,A01
200600044337,0,31,000,16,0,1,01,A01
200600044338,0,07,000,10,0,1,13,A01
200600044339,0,13,000,00,2,8,19,A01
200600044339,0,01,000,00,2,1,01,B02
200600044340,0,02,000,06,0,1,01,A01
200600044341,0,07,000,00,0,2,01,A01
200600044341,0,31,000,00,2,1,05,B02
200600044342,0,33,000,08,0,1,01,A01
200600044343,0,07,000,06,2,1,01,A01
200600044343,0,07,000,00,2,5,01,B02
200600044344,0,07,000,13,0,7,14,A01
200600044345,0,07,000,13,0,8,01,A01
200600044346,0,30,000,00,1,3,01,A01
200600044347,0,07,000,00,2,8,02,A01
200600044347,0,01,000,00,2,4,01,B02
200600044348,0,07,000,00,2,1,01,A01
200600044348,0,33,000,00,0,6,01,B02
200600044349,0,33,000,02,0,1,13,A01
200600044350,0,10,000,06,0,1,01,A01
200600044351,0,07,000,00,2,2,01,A01
200600044351,0,07,000,00,2,3,16,B02
200600044352,0,33,000,00,2,5,17,A01
200600044352,0,07,000,00,2,3,15,B02
200600044353,0,02,000,13,0,0,00,A01
200600044354,0,14,000,00,2,2,16,A01
200600044354,0,33,000,00,2,3,01,B02
200600044355,0,07,000,02,0,9,01,A01
200600044356,0,07,000,02,0,8,14,A01
200600044357,0,07,000,00,2,2,19,A01
200600044357,0,15,000,00,2,1,01,B02
200600044357,0,10,000,00,2,8,01,C03
200600044358,0,33,000,00,2,8,13,A01
200600044358,0,10,000,00,2,6,01,B02
200600044359,0,33,000,16,0,8,01,A01
200600044360,0,07,000,00,9,1,01,A01
200600044360,0,01,000,00,2,1,09,B02
200600044361,0,07,000,13,0,1,01,A01
200600044362,0,02,000,00,1,1,01,A01
200600044363,0,02,000,06,0,3,01,A01
200600044364,0,07,000,00,0,0,00,A01
200600044364,0,07,000,00,2,3,01,B02
200600044364,0,07,000,00,2,1,01,C03
200600044365,0,02,000,00,2,1,13,A01
200600044365,0,17,000,00,2,3,01,B02
200600044366,0,07,000,00,2,3,01,A01
200600044366,0,31,000,00,2,3,13,B02
200600044367,0,07,000,00,2,5,23,A01
200600044367,0,07,000,00,2,3,23,B02
200600044367,0,07,000,00,2,1,02,C03
200600044368,0,07,000,00,2,2,19,A01
200600044368,0,07,000,00,2,3,01,B02
200600044369,0,02,000,00,6,1,01,A01
200600044370,0,07,000,16,0,9,01,A01
200600044371,0,07,000,06,0,2,01,A01
200600044372,0,07,000,06,0,1,01,A01
200600044373,0,07,000,01,2,7,21,A01
200600044373,0,07,000,00,2,2,01,B02
200600044373,0,13,000,00,2,2,24,C03
200600044374,0,10,000,00,2,8,19,B02
200600044374,0,33,000,00,2,1,01,A01
200600044375,0,07,000,00,2,1,17,A01
200600044375,0,07,000,00,2,8,15,B02
200600044376,0,07,000,00,2,2,02,A01
200600044376,0,21,000,00,0,0,01,B02
200600044377,1,07,000,00,1,2,01,A01
200600044378,0,33,000,00,2,1,02,A01
200600044378,0,07,000,00,0,6,15,B02
200600044379,0,01,000,00,0,0,00,A01
200600044380,0,07,000,00,0,0,22,A01
200600044380,0,01,000,00,0,0,21,B02
200600044381,0,10,000,00,0,2,01,A01
200600044382,0,33,000,00,2,1,02,A01
200600044382,0,07,000,00,0,7,09,B02
200600044383,0,30,000,00,0,1,01,A01
200600044384,0,07,000,10,0,1,01,A01
200600044385,0,14,000,00,2,3,19,A01
200600044385,0,33,000,00,2,7,17,B02
200600044386,0,07,000,08,0,1,13,A01
200600044387,0,07,000,02,0,3,13,A01
200600044388,0,07,000,00,0,3,00,A01
200600044389,0,07,000,00,0,3,15,A01
200600044389,0,36,000,00,2,3,01,B02
200600044390,0,03,000,00,2,8,01,B02
200600044390,0,14,000,00,2,2,01,A01
200600044391,0,07,000,08,2,1,13,A01
200600044391,0,07,000,00,2,7,21,B02
200600044392,0,07,000,00,2,2,15,A01
200600044392,0,07,000,00,2,1,01,B02
200600044392,0,14,000,00,0,0,00,C03
200600044393,0,02,000,00,2,1,01,A01
200600044393,0,07,000,00,2,8,15,B02
200600044394,0,07,000,00,2,3,01,A01
200600044394,0,07,000,00,2,6,01,B02
200600044394,0,07,000,00,2,3,01,C03
200600044395,0,17,000,00,2,3,21,A01
200600044395,0,07,000,00,2,1,01,B02
200600044396,0,07,000,02,6,1,00,A01
200600044397,0,31,000,00,2,1,13,A01
200600044397,0,07,000,00,2,3,01,B02
200600044398,0,07,000,00,2,1,17,A01
200600044398,0,30,000,00,0,4,15,B02
200600044399,0,10,000,00,0,0,01,A01
200600044400,0,10,000,00,1,2,01,A01
200600044401,0,07,000,00,2,7,01,B02
200600044401,0,02,000,00,2,1,19,A01
200600044402,0,10,000,13,0,1,17,A01
200600044403,0,20,000,00,0,4,15,A01
200600044403,0,07,000,00,2,4,23,B02
200600044403,0,07,000,00,2,4,23,C03
200600044403,0,07,000,00,2,4,23,D04
200600044403,0,15,000,01,0,1,01,E05
200600044404,0,32,000,00,0,0,01,A01
200600044405,0,31,000,10,0,1,01,A01
200600044406,0,07,000,00,2,3,13,A01
200600044406,0,10,000,00,2,3,16,B02