Num_Acc,senc,catv,occutc,obs,obsm,choc,manv,num_veh
200600044407,0,07,000,13,0,1,01,A01
200600044408,0,15,000,00,2,3,01,A01
200600044408,0,01,000,00,2,1,10,B02
200600044409,0,33,000,00,2,1,17,A01
200600044409,0,07,000,00,0,3,15,B02
200600044410,0,07,000,00,0,9,01,A01
200600044411,0,07,000,00,2,7,00,A01
200600044411,0,07,000,01,0,6,20,B02
200600044412,0,30,000,08,0,1,14,A01
200600044413,0,07,000,01,0,3,01,A01
200600044413,1,07,000,01,1,3,01,C03
200600044414,0,07,000,06,0,1,01,A01
200600044415,0,07,000,00,2,2,01,A01
200600044415,0,02,000,00,2,6,01,B02
200600044416,0,02,000,00,2,4,12,A01
200600044416,0,02,000,00,2,1,01,B02
200600044417,0,10,000,00,0,5,17,A01
200600044417,0,01,000,00,2,1,13,B02
200600044418,0,01,000,00,2,3,13,A01
200600044418,0,07,000,00,2,2,17,B02
200600044419,0,07,000,08,0,1,14,A01
200600044420,0,07,000,00,2,1,15,A01
200600044420,0,07,000,00,2,2,01,B02
200600044421,0,07,000,00,2,3,10,A01
200600044421,0,02,000,00,2,1,17,B02
200600044422,0,07,000,00,9,2,01,A01
200600044422,0,31,000,00,9,4,15,B02
200600044423,0,33,000,00,0,0,00,A01
200600044423,0,17,000,00,2,3,11,B02
200600044424,0,33,000,13,0,1,14,A01
200600044425,0,13,000,06,0,3,13,A01
200600044426,0,14,000,00,2,1,01,A01
200600044426,0,07,000,00,2,1,15,B02
200600044427,0,07,000,00,0,0,13,A01
200600044428,0,31,000,00,2,1,02,A01
200600044428,0,07,000,00,0,4,01,B02
200600044429,0,07,000,02,0,1,01,A01
200600044430,0,33,000,01,0,1,01,A01
200600044431,0,07,000,00,2,2,13,A01
200600044431,0,07,000,00,2,1,01,B02
200600044432,0,33,000,00,5,0,19,A01
200600044433,0,02,000,00,2,1,13,A01
200600044433,0,07,000,00,2,3,01,B02
200600044434,0,07,000,00,0,3,15,A01
200600044434,0,33,000,00,2,1,01,B02
200600044435,0,07,000,00,0,0,00,A01
200600044436,0,15,000,00,2,6,01,A01
200600044436,0,07,000,00,2,3,01,B02
200600044437,0,33,000,00,2,1,01,A01
200600044437,0,07,000,00,2,4,15,B02
200600044438,0,07,000,00,5,4,02,A01
200600044438,0,07,000,00,2,1,02,B02
200600044439,0,02,000,00,2,1,05,A01
200600044439,0,07,000,00,2,6,04,B02
200600044440,0,33,000,16,0,8,01,A01
200600044441,0,07,000,02,0,1,01,A01
200600044442,0,33,000,00,2,1,01,A01
200600044442,0,07,000,00,2,6,15,B02
200600044443,0,07,000,00,2,3,19,A01
200600044443,0,07,000,00,2,1,01,B02
200600044444,0,33,000,00,2,1,05,A01
200600044444,0,07,000,00,2,3,01,B02
200600044445,0,07,000,00,2,1,21,A01
200600044445,0,07,000,00,2,1,01,B02
200600044445,0,07,000,00,2,6,02,C03
200600044446,0,07,000,00,2,2,01,A01
200600044446,0,01,000,00,2,1,19,B02
200600044447,0,07,000,13,0,9,00,A01
200600044448,0,07,000,02,0,7,01,A01
200600044449,0,07,000,00,2,3,13,A01
200600044449,0,07,000,00,2,3,01,B02
200600044450,0,07,000,00,2,3,19,A01
200600044450,0,32,000,00,2,8,01,B02
200600044451,0,07,000,00,2,7,15,A01
200600044451,0,30,000,00,2,1,01,B02
200600044452,0,32,000,00,0,7,01,A01
200600044453,0,01,000,16,0,7,01,A01
200600044454,0,07,000,00,2,3,13,A01
200600044454,0,07,000,00,2,3,01,B02
200600044455,0,07,000,00,0,0,01,A01
200600044456,0,15,000,00,2,1,02,A01
200600044456,0,15,000,00,2,4,02,B02
200600044457,0,07,000,13,0,1,19,A01
200600044458,0,14,000,13,0,1,01,A01
200600044459,0,14,000,13,0,1,01,A01
200600044460,0,07,000,13,0,9,14,A01
200600044461,0,07,000,03,0,1,00,A01
200600044462,0,15,000,00,2,1,01,A01
200600044462,0,17,000,00,2,4,01,B02
200600044463,0,07,000,00,2,1,01,A01
200600044463,0,07,000,00,2,9,09,B02
200600044464,0,10,000,00,1,8,01,A01
200600044465,0,01,000,00,1,8,15,A01
200600044466,0,33,000,00,2,1,09,A01
200600044466,0,07,000,00,0,5,01,B02
200600044467,0,01,000,00,2,8,05,B02
200600044467,0,07,000,00,9,3,16,A01
200600044468,0,30,000,00,2,1,01,A01
200600044468,0,33,000,00,2,8,15,B02
200600044469,0,07,000,01,0,1,01,A01
200600044470,0,07,000,00,0,6,15,A01
200600044470,0,33,000,00,2,7,17,B02
200600044471,0,17,000,00,2,3,11,A01
200600044471,0,07,000,00,2,5,01,B02
200600044472,0,07,000,00,2,2,03,A01
200600044472,0,07,000,13,0,6,01,B02
200600044473,0,07,000,03,0,8,01,A01
200600044474,0,10,000,00,0,8,01,A01
200600044475,0,10,000,00,0,6,01,A01
200600044475,0,10,000,00,2,2,21,B02
200600044476,0,07,000,00,2,1,02,A01
200600044476,0,07,000,00,2,4,02,B02
200600044477,0,07,000,13,0,2,01,A01
200600044478,0,17,000,03,0,3,06,A01
200600044479,0,10,000,04,0,3,01,A01
200600044480,0,17,000,03,0,8,01,A01
200600044481,0,07,000,04,0,3,13,A01
200600044482,0,07,000,00,2,6,00,A01
200600044482,0,07,000,00,2,2,00,B02
200600044483,0,07,000,00,2,2,17,A01
200600044483,0,07,000,00,2,6,01,B02
200600044483,0,07,000,14,0,1,01,C03
200600044483,0,14,000,00,0,0,00,D04
200600044484,0,14,000,00,2,6,01,A01
200600044484,0,17,000,00,0,2,01,B02
200600044485,0,07,000,13,0,9,21,A01
200600044486,0,17,000,00,0,0,01,A01
200600044487,0,07,000,04,0,3,21,A01
200600044488,0,07,000,00,2,1,02,A01
200600044488,0,17,000,00,0,4,01,B02
200600044489,0,17,000,00,2,2,02,A01
200600044489,0,13,000,00,0,6,02,B02
200600044490,0,07,000,00,2,1,02,A01
200600044490,0,10,000,00,2,4,01,B02
200600044491,0,14,000,15,0,7,01,A01
200600044492,0,07,000,04,0,1,13,A01
200600044493,0,10,000,13,0,2,01,A01
200600044494,0,07,000,00,2,2,17,A01
200600044494,0,17,000,03,0,8,01,B02
200600044495,0,38,000,00,2,1,02,A01
200600044495,0,07,000,00,2,4,02,B02
200600044495,0,07,000,00,0,0,02,C03
200600044496,0,33,000,03,0,4,13,A01
200600044497,0,07,000,04,2,1,21,A01
200600044497,0,07,000,00,2,8,01,B02
200600044498,0,31,000,00,2,1,01,A01
200600044498,0,07,000,00,2,5,15,B02
200600044499,0,33,000,03,0,8,01,A01
200600044500,0,33,000,00,0,9,01,A01
200600044501,0,07,000,08,0,1,13,A01
200600044502,0,07,000,00,0,4,00,A01
200600044502,0,07,000,00,2,1,01,B02
200600044502,0,07,000,00,2,1,00,C03
200600044502,0,07,000,00,2,1,00,D04
200600044503,0,17,000,00,0,1,00,A01
200600044504,0,07,000,00,2,3,11,A01
200600044504,0,33,000,00,2,2,17,B02
200600044505,0,07,000,04,0,1,01,A01
200600044506,0,07,000,04,0,1,00,A01
200600044507,0,07,000,01,0,1,02,A01
200600044507,0,07,000,00,2,4,23,B02
200600044508,0,07,000,13,0,0,01,A01
200600044509,0,07,000,02,0,2,01,A01
200600044510,0,10,000,00,2,1,14,A01
200600044510,0,07,000,00,0,6,01,B02
200600044510,0,10,000,00,0,4,00,C03
200600044511,0,07,000,05,0,1,00,A01
200600044512,0,07,000,03,0,1,01,A01
200600044513,0,30,000,00,0,0,09,A01
200600044513,0,33,000,00,0,0,01,B02
200600044514,0,07,000,00,1,1,01,A01
200600044515,0,33,000,00,2,1,01,A01
200600044515,0,07,000,00,2,2,01,B02
200600044516,0,07,000,00,2,3,01,A01
200600044516,0,01,000,00,0,7,19,B02
200600044516,0,07,000,00,9,3,01,C03
200600044517,0,33,000,00,0,0,01,A01
200600044518,0,14,000,00,0,0,16,A01
200600044518,0,01,000,00,0,4,01,B02
200600044519,0,10,000,00,9,5,17,A01
200600044519,0,01,000,00,2,8,01,B02
200600044520,0,07,000,00,2,1,02,A01
200600044520,0,17,000,00,0,4,02,B02
200600044521,0,17,000,01,0,2,01,A01
200600044521,0,10,000,00,0,6,24,B02
200600044522,0,07,000,00,0,4,00,A01
200600044522,0,38,000,00,2,1,02,B02
200600044523,0,17,000,00,0,0,00,A01
200600044524,0,07,000,04,0,3,01,A01
200600044525,0,07,000,00,0,0,00,A01
200600044526,0,07,000,06,0,1,11,A01
200600044527,0,10,000,00,2,3,05,A01
200600044527,0,07,000,00,2,8,01,B02
200600044528,0,07,000,03,0,1,17,A01
200600044528,0,17,000,00,2,8,13,B02
200600044528,0,07,000,00,2,7,01,C03
200600044529,0,33,000,03,0,0,01,A01
200600044529,0,07,000,00,2,6,01,B02
200600044530,0,33,000,00,0,8,17,A01
200600044531,0,07,000,00,2,3,01,A01
200600044531,0,07,000,00,2,3,01,B02
200600044532,0,31,000,00,6,2,01,A01
200600044533,0,01,000,00,2,8,13,A01
200600044533,0,07,000,00,9,7,17,B02
200600044534,0,33,000,00,2,1,13,A01
200600044534,0,07,000,00,2,1,01,B02
200600044535,0,07,000,13,0,9,01,A01
200600044536,0,07,000,03,0,1,01,A01
200600044537,0,07,000,13,0,2,00,A01
200600044538,0,07,000,13,0,1,01,A01
200600044539,0,07,000,04,0,3,14,A01
200600044540,0,07,000,00,2,3,13,A01
200600044540,0,14,000,00,2,3,01,B02
200600044541,0,07,000,04,0,3,17,A01
200600044542,0,07,000,00,2,5,23,A01
200600044542,0,07,000,00,2,1,01,B02
200600044542,0,07,000,00,2,4,23,C03
200600044542,0,07,000,00,2,4,23,D04
200600044542,0,07,000,00,0,4,23,E05
200600044543,0,07,000,14,0,9,00,A01
200600044544,0,07,000,04,0,3,01,A01
200600044545,0,07,000,04,0,3,21,A01
200600044546,0,10,000,03,0,0,01,A01
200600044547,0,07,000,00,0,1,14,A01
200600044548,0,10,000,00,2,1,13,A01
200600044548,0,10,000,00,2,1,01,B02
200600044549,0,17,000,00,2,1,01,A01
200600044549,0,10,000,00,2,4,01,B02
200600044550,0,34,000,00,2,0,21,A01
200600044550,0,07,000,00,2,0,01,B02
200600044551,0,30,000,00,2,1,00,A01
200600044551,0,07,000,00,2,3,01,B02
200600044552,0,35,000,16,0,0,13,A01
200600044553,0,07,000,00,2,1,01,A01
200600044553,0,17,000,00,2,3,01,B02
200600044554,0,07,000,00,2,1,01,A01
200600044554,0,02,000,00,0,4,01,B02
200600044555,0,02,000,14,0,1,02,A01
200600044556,0,02,000,00,2,7,17,A01
200600044556,0,07,000,00,2,3,15,B02
200600044557,0,10,000,00,0,5,23,A01
200600044557,0,07,000,14,0,2,01,B02
200600044558,0,33,000,00,0,1,00,A01
200600044559,0,07,000,00,0,4,23,A01
200600044559,0,02,000,00,2,1,02,B02
200600044560,0,07,000,00,2,3,13,A01
200600044560,0,07,000,00,2,6,01,B02
200600044560,0,07,000,00,0,3,01,C03
200600044561,0,07,000,01,0,3,11,A01
200600044561,0,33,000,01,0,1,00,B02
200600044561,0,07,000,00,2,7,24,C03
200600044562,0,02,000,00,2,1,13,A01
200600044562,0,07,000,00,2,3,01,B02
200600044563,0,02,000,03,2,7,09,A01
200600044563,0,07,000,00,1,3,17,B02
200600044564,0,07,000,06,0,2,14,A01
200600044565,0,07,000,03,0,2,01,A01
200600044566,0,15,000,04,0,8,01,A01
200600044566,0,15,000,00,2,5,13,B02
200600044566,0,38,000,00,2,3,13,C03
200600044567,0,31,000,00,0,7,02,A01
200600044568,0,33,000,15,0,7,01,A01
200600044569,0,33,000,00,2,3,05,A01
200600044569,0,07,000,00,2,3,05,B02
200600044570,0,07,000,00,2,3,13,A01
200600044570,0,07,000,04,2,3,05,B02
200600044571,0,07,000,00,2,1,14,A01
200600044571,0,14,000,00,0,4,01,B02
200600044572,0,07,000,13,0,1,01,A01
200600044573,0,07,000,03,0,8,16,A01
200600044574,0,07,000,07,0,2,01,A01
200600044575,0,07,000,05,0,1,00,A01
200600044575,0,07,000,00,2,2,02,B02
200600044575,0,07,000,14,0,1,02,C03
200600044576,0,07,000,00,0,9,14,A01
200600044577,0,07,000,00,0,4,01,A01
200600044577,0,07,000,00,2,1,01,B02
200600044578,0,17,000,03,0,1,01,A01
200600044579,0,07,000,00,0,5,02,A01
200600044579,0,07,000,00,0,3,02,B02
200600044580,0,17,000,00,0,5,02,A01
200600044580,0,17,000,00,2,3,02,B02
200600044581,0,07,000,01,0,3,16,A01
200600044581,0,17,000,00,0,5,23,B02
200600044582,0,07,000,01,0,1,02,A01
200600044582,0,15,000,00,0,0,23,B02
200600044582,0,17,000,00,0,8,01,C03
200600044583,0,17,000,13,0,3,13,A01
200600044584,0,13,000,00,2,1,01,A01
200600044584,0,07,000,00,2,1,01,B02
200600044585,0,07,000,03,0,1,01,A01
200600044586,0,07,000,03,0,3,01,A01
200600044587,0,07,000,15,0,1,14,A01
200600044587,0,07,000,00,0,2,01,B02
200600044588,0,07,000,04,0,3,01,A01
200600044589,0,07,000,00,0,2,14,A01
200600044589,0,07,000,00,0,6,01,B02
200600044590,0,33,000,00,0,1,02,A01
200600044590,0,10,000,00,0,4,02,B02
200600044590,0,07,000,00,0,4,02,C03
200600044590,0,07,000,00,0,4,02,D04
200600044590,0,07,000,00,0,1,02,E05
200600044591,0,14,000,03,0,2,00,A01
200600044592,0,07,000,00,0,9,12,A01
200600044593,0,07,000,13,0,9,01,A01
200600044594,0,07,000,00,0,6,01,A01
200600044594,0,07,000,00,2,2,14,B02
200600044595,0,07,000,03,0,4,01,A01
200600044595,0,07,000,03,0,1,17,B02
200600044595,0,07,000,00,0,2,13,C03
200600044596,0,07,000,00,0,9,13,A01
200600044597,0,07,000,00,2,1,02,A01
200600044597,0,07,000,00,0,4,02,B02
200600044598,0,07,000,16,0,9,14,A01
200600044599,0,07,000,00,2,2,15,A01
200600044599,0,33,000,00,2,1,01,B02
200600044599,0,07,000,00,9,5,24,C03
200600044599,0,07,000,00,2,1,01,D04
200600044600,0,07,000,00,2,3,01,A01
200600044600,0,33,000,00,2,3,17,B02
200600044601,0,07,000,00,2,4,01,A01
200600044601,0,07,000,00,2,1,01,B02
200600044601,0,07,000,00,2,1,01,C03
200600044601,0,07,000,00,2,3,01,D04
200600044601,0,07,000,00,2,1,01,E05
200600044602,0,07,000,00,0,0,01,A01
200600044603,0,07,000,00,0,9,01,A01
200600044604,0,07,000,03,0,8,01,A01
200600044605,0,07,000,06,0,9,01,A01
200600044606,0,07,000,00,0,0,01,A01
200600044607,0,30,000,03,0,8,02,A01
200600044608,0,15,000,00,2,4,02,A01
200600044608,0,07,000,02,2,1,02,B02
200600044609,0,07,000,00,2,1,17,A01
200600044609,0,07,000,06,0,8,15,B02
200600044610,0,33,000,00,2,1,13,A01
200600044610,0,33,000,00,2,3,01,B02
200600044610,0,33,000,00,2,1,01,C03
200600044611,0,07,000,00,0,1,01,A01
200600044611,0,02,000,00,2,8,15,B02
200600044612,0,14,000,00,0,3,01,A01
200600044612,0,07,000,00,2,1,13,B02
200600044613,0,33,000,00,2,1,01,A01
200600044613,0,07,000,00,2,3,13,B02
200600044614,0,07,000,00,2,1,19,A01
200600044614,0,02,000,00,2,7,01,B02
200600044614,0,07,000,00,2,8,01,C03
200600044615,0,31,000,00,2,1,09,A01
200600044615,0,10,000,00,2,6,09,B02
200600044615,0,07,000,00,2,1,01,C03
200600044616,0,03,000,07,2,7,01,A01
200600044616,0,14,000,00,2,1,01,B02
200600044617,0,14,000,00,0,0,15,A01
200600044617,0,07,000,00,0,0,21,B02
200600044617,0,31,000,00,0,0,21,C03
200600044618,0,17,000,13,0,7,01,A01
200600044619,0,07,000,00,2,2,02,A01
200600044619,0,07,000,00,2,6,02,B02
200600044620,0,07,000,00,1,2,01,A01
200600044620,0,33,000,00,2,2,18,B02
200600044620,0,15,000,00,0,0,01,C03
200600044621,0,07,000,13,2,3,21,A01
200600044621,0,17,000,00,2,5,01,B02
200600044622,0,33,000,03,0,2,01,A01
200600044623,0,14,000,03,0,1,00,A01
200600044623,0,07,000,00,2,4,01,B02
200600044623,0,07,000,00,2,1,01,C03
200600044623,0,07,000,00,2,4,01,D04
200600044623,0,07,000,00,2,1,01,E05
200600044624,0,07,000,03,0,2,00,A01
200600044625,0,07,000,06,2,8,19,A01
200600044625,0,10,000,00,2,1,01,B02
200600044626,0,07,000,00,2,2,15,A01
200600044626,0,07,000,00,2,2,01,B02
200600044627,0,01,000,00,2,6,09,A01
200600044627,0,07,000,00,2,3,01,B02
200600044628,0,10,000,00,2,3,19,A01
200600044628,0,32,000,00,2,2,21,B02
200600044629,0,31,000,00,2,4,18,A01
200600044629,0,07,000,00,2,2,09,B02
200600044630,0,33,000,00,2,8,15,A01
200600044630,0,07,000,00,2,2,01,B02
200600044631,0,30,000,12,0,1,16,A01
200600044632,0,07,000,00,2,1,14,A01
200600044633,0,07,000,13,0,9,01,A01
200600044634,0,07,000,03,0,1,19,A01
200600044635,0,07,000,13,0,1,01,A01
200600044636,0,07,000,06,0,1,01,A01
200600044637,0,33,000,13,0,3,01,A01
200600044638,0,31,000,00,2,1,13,A01
200600044638,0,07,000,00,2,3,05,B02
200600044639,0,07,000,00,5,1,01,A01
200600044640,0,07,000,00,0,0,13,A01
200600044641,0,07,000,00,2,1,02,A01
200600044641,0,07,000,00,0,4,00,B02
200600044642,0,07,000,02,0,3,01,A01
200600044643,0,07,000,00,1,2,21,A01
200600044644,0,05,000,01,2,1,01,A01
200600044644,0,07,000,00,0,3,01,B02
200600044644,0,07,000,00,0,3,23,C03
200600044645,0,07,000,02,0,2,02,A01
200600044646,0,02,000,00,0,7,14,A01
200600044647,0,02,000,00,0,8,02,A01
200600044648,0,07,000,00,2,1,02,A01
200600044648,0,07,000,15,2,5,02,B02
200600044649,0,07,000,00,0,4,16,B02
200600044649,0,07,000,12,2,1,21,A01
200600044650,0,33,000,00,1,1,21,A01
200600044651,0,07,000,00,2,7,11,A01
200600044651,0,07,000,00,2,3,01,B02
200600044652,0,14,000,00,9,2,16,A01
200600044652,0,01,000,00,2,8,01,B02
200600044653,0,07,000,00,2,1,01,A01
200600044653,0,07,000,00,0,0,00,B02
200600044654,0,07,000,04,0,1,01,A01
200600044655,0,07,000,00,2,7,13,A01
200600044655,0,07,000,00,2,1,01,B02
200600044656,0,07,000,09,2,1,01,B02
200600044656,0,07,000,08,2,8,19,A01
200600044657,0,07,000,00,2,2,01,A01
200600044657,0,33,000,00,2,1,13,B02
200600044658,0,10,000,00,2,8,01,A01
200600044658,0,07,000,00,9,0,01,B02
200600044658,0,07,000,00,0,0,00,C03
200600044659,0,07,000,13,0,1,01,A01
200600044660,0,14,000,00,0,8,01,A01
200600044660,0,33,000,00,2,8,13,B02
200600044661,0,07,000,00,2,2,01,A01
200600044661,0,07,000,00,2,3,01,B02
200600044662,0,07,000,00,2,2,01,A01
200600044662,0,02,000,00,2,4,01,B02
200600044663,0,07,000,00,9,2,15,A01
200600044663,0,01,000,00,2,1,01,B02
200600044664,0,07,000,04,0,3,01,A01
200600044665,0,07,000,02,0,2,14,A01
200600044666,0,07,000,03,0,3,01,A01
200600044667,0,07,000,13,0,1,01,A01
200600044668,0,07,000,01,0,1,14,A01
200600044668,0,07,000,03,0,6,24,B02
200600044669,0,07,000,00,0,1,01,A01
200600044670,0,07,000,00,0,4,02,A01
200600044670,0,07,000,00,2,1,02,B02
200600044671,0,17,000,00,2,1,02,A01
200600044671,0,17,000,00,0,4,00,B02
200600044672,0,17,000,00,0,4,23,A01
200600044672,0,07,000,01,0,2,01,B02
200600044673,0,07,000,13,0,7,17,A01
200600044674,0,07,000,00,0,0,00,A01
200600044674,0,33,000,00,9,0,01,B02
200600044674,0,33,000,00,2,1,17,C03
200600044675,0,07,000,00,2,3,13,A01
200600044675,0,33,000,08,2,3,01,B02
200600044676,0,36,000,00,0,0,00,A01
200600044677,0,07,000,02,0,9,01,A01
200600044678,0,30,000,00,2,1,05,A01
200600044678,0,33,000,00,2,1,01,B02
200600044679,0,07,000,00,2,1,01,A01
200600044679,0,07,000,00,0,4,23,B02
200600044680,0,07,000,03,2,2,17,A01
200600044680,0,07,000,03,0,8,09,B02
200600044681,0,07,000,00,2,3,05,A01
200600044681,0,07,000,03,2,3,01,B02
200600044682,0,07,000,07,0,6,01,A01
200600044683,0,07,000,00,2,2,01,A01
200600044683,0,07,000,00,2,3,11,B02
200600044684,0,07,000,03,0,9,02,A01
200600044685,0,07,000,03,0,1,00,A01
200600044686,0,07,000,03,0,8,13,A01
200600044687,0,07,000,00,2,2,02,A01
200600044687,0,07,000,00,2,6,01,B02
200600044687,0,07,000,00,2,4,01,C03
200600044688,0,10,000,00,2,8,13,A01
200600044688,0,02,000,00,2,2,17,B02
200600044689,0,07,000,00,2,1,15,A01
200600044689,0,02,000,00,2,1,01,B02
200600044690,0,07,000,00,2,6,15,A01
200600044690,0,33,000,00,2,1,01,B02
200600044691,0,07,000,00,2,1,13,A01
200600044691,0,07,000,00,2,3,01,B02
200600044692,0,07,000,06,0,3,13,A01
200600044693,0,07,000,09,0,1,01,A01
200600044694,0,15,000,00,0,4,02,A01
200600044694,0,07,000,00,2,1,02,B02
200600044695,0,07,000,13,0,1,00,A01
200600044696,0,07,000,00,0,9,01,A01
200600044697,0,17,000,14,0,1,02,A01
200600044697,0,10,000,00,0,4,23,B02
200600044697,0,17,000,00,2,8,21,C03
200600044697,0,07,000,00,2,8,17,D04
200600044698,0,07,000,03,0,3,01,A01
200600044699,0,33,000,00,2,1,01,A01
200600044699,0,33,000,00,0,4,01,B02
200600044700,0,10,000,03,0,1,14,A01
200600044701,0,15,000,03,0,2,01,A01
200600044702,0,07,000,08,0,1,21,A01
200600044703,0,07,000,00,2,3,19,A01
200600044703,0,07,000,00,2,1,01,B02
200600044704,0,07,000,02,0,0,16,A01
200600044705,0,05,000,00,2,1,17,A01
200600044705,0,07,000,04,0,6,17,B02
200600044706,0,07,000,00,2,2,01,A01
200600044706,0,07,000,00,2,1,01,B02
200600044707,0,07,000,02,0,1,01,A01
200600044708,0,07,000,00,2,2,17,A01
200600044708,0,17,000,00,2,3,01,B02
200600044709,0,07,000,16,0,0,01,A01
200600044710,0,01,000,00,2,1,13,A01
200600044710,0,07,000,00,2,3,01,B02
200600044710,0,01,000,00,0,1,21,C03
200600044711,0,07,000,00,2,2,00,A01
200600044711,0,07,000,00,2,6,00,B02
200600044712,0,07,000,13,0,0,00,A01
200600044713,0,07,000,04,2,1,02,A01
200600044713,0,07,000,03,0,4,02,B02
200600044714,0,07,000,04,0,3,01,A01
200600044715,0,33,000,03,0,7,14,A01
200600044716,0,07,000,08,0,8,01,A01
200600044717,0,03,000,06,0,9,14,A01
200600044718,0,07,000,06,0,1,13,A01
200600044719,0,07,000,00,2,1,13,A01
200600044719,0,07,000,00,2,6,01,B02
200600044719,0,07,000,00,2,3,01,C03
200600044720,0,14,000,00,0,1,01,A01
200600044721,0,07,000,03,0,1,00,A01
200600044722,0,07,000,07,0,1,00,A01
200600044723,0,07,000,05,0,1,01,A01
200600044724,0,07,000,00,2,6,23,A01
200600044724,0,07,000,01,1,2,01,B02
200600044725,0,02,000,06,0,1,01,A01
200600044726,0,33,000,00,2,2,02,A01
200600044726,0,01,000,00,2,3,13,B02
200600044727,0,07,000,04,0,4,11,A01
200600044728,0,33,000,03,0,2,01,A01
200600044729,0,07,000,00,0,2,02,A01
200600044730,0,14,000,00,0,3,01,A01
200600044731,0,07,000,00,2,2,01,A01
200600044731,0,17,000,00,2,4,01,B02
200600044732,0,17,000,03,0,3,01,A01
200600044732,0,07,000,14,0,1,01,B02
200600044733,0,07,000,00,2,2,01,A01
200600044733,0,17,000,00,0,6,01,B02
200600044734,0,10,000,13,0,8,01,A01
200600044735,0,07,000,03,0,1,01,A01
200600044736,0,10,000,01,0,7,01,A01
200600044736,0,07,000,00,2,6,24,B02
200600044736,0,14,000,00,2,6,24,C03
200600044737,0,07,000,00,2,6,13,A01
200600044737,0,07,000,00,2,7,17,B02
200600044738,0,07,000,02,0,1,12,A01
200600044739,0,33,000,03,0,3,02,A01
200600044740,0,07,000,03,0,3,13,A01
200600044741,0,02,000,00,0,7,01,A01
200600044742,0,07,000,00,2,3,01,A01
200600044742,0,30,000,00,2,1,01,B02
200600044743,0,07,000,13,0,2,01,A01
200600044744,0,14,000,03,0,3,01,A01
200600044745,0,07,000,00,2,3,15,A01
200600044745,0,07,000,00,2,3,01,B02
200600044746,0,07,000,00,2,3,13,A01
200600044746,0,07,000,00,2,3,01,B02
200600044747,0,07,000,00,2,2,01,A01
200600044747,0,02,000,00,2,1,17,B02
200600044748,0,10,000,00,2,2,17,A01
200600044748,0,14,000,00,2,6,01,B02
200600044749,0,07,000,03,0,2,01,A01
200600044750,0,07,000,00,2,2,17,A01
200600044750,0,07,000,00,2,2,01,B02
200600044751,0,07,000,00,0,8,13,A01
200600044751,0,07,000,00,0,1,21,B02
200600044752,0,32,000,06,0,8,13,A01
200600044753,0,30,000,00,2,1,05,A01
200600044753,0,07,000,00,2,1,01,C03
200600044754,0,07,000,13,0,2,01,A01
200600044755,0,07,000,00,5,9,01,A01
200600044756,0,30,000,00,2,1,15,A01
200600044756,0,10,000,00,2,3,01,B02
200600044757,0,10,000,00,2,2,15,A01
200600044757,0,33,000,00,2,1,01,B02
200600044758,0,10,000,13,0,9,01,A01
200600044759,0,07,000,14,1,1,01,A01
200600044760,0,07,000,00,2,2,01,A01
200600044760,0,32,000,00,2,4,01,B02
200600044761,0,07,000,00,2,6,10,A01
200600044761,0,32,000,00,2,1,01,B02
200600044762,0,07,000,00,0,2,01,A01
200600044763,0,07,000,07,0,1,01,A01
200600044764,0,07,000,00,1,2,17,A01
200600044765,0,30,000,01,2,0,17,A01
200600044765,0,30,000,00,2,0,15,B02
200600044766,0,33,000,00,2,0,17,A01
200600044767,0,07,000,00,0,1,00,A01
200600044768,0,10,000,00,0,2,01,A01
200600044768,0,34,000,00,2,1,16,B02
200600044769,0,07,000,00,0,3,01,A01
200600044769,0,07,000,00,2,3,15,B02
200600044770,0,07,000,00,2,8,01,A01
200600044770,0,07,000,00,2,1,01,B02
200600044771,0,33,000,00,2,8,13,A01
200600044771,0,07,000,00,2,8,01,B02
200600044771,0,07,000,00,2,1,01,C03
200600044772,0,07,000,00,2,1,15,A01
200600044772,0,30,000,00,2,1,01,B02
200600044773,0,07,000,00,9,7,16,A01
200600044773,0,01,000,00,2,8,01,B02
200600044774,0,33,000,12,0,1,01,A01
200600044775,0,07,000,14,0,1,00,A01
200600044776,0,10,000,00,0,0,16,A01
200600044777,0,07,000,08,0,2,01,A01
200600044777,0,07,000,14,0,1,01,B02
200600044777,0,17,000,14,0,1,01,C03
200600044778,0,07,000,00,2,6,15,A01
200600044778,0,33,000,00,2,2,01,B02
200600044779,0,07,000,00,9,7,16,A01
200600044779,0,33,000,00,2,8,01,B02
200600044780,0,07,000,13,0,1,02,A01
200600044781,0,33,000,00,0,0,13,A01
200600044781,0,07,000,00,9,3,01,B02
200600044782,0,07,000,08,0,9,13,A01
200600044783,0,07,000,05,0,3,02,A01
200600044783,0,07,000,14,2,1,02,B02
200600044784,0,15,000,03,0,7,01,A01
200600044785,0,07,000,00,0,0,00,A01
200600044786,0,07,000,13,0,2,02,A01
200600044787,0,33,000,00,0,8,01,A01
200600044787,0,07,000,02,0,0,16,B02
200600044788,0,07,000,00,0,1,01,A01
200600044788,0,99,000,00,0,4,00,B02
200600044789,0,21,000,00,2,4,01,A01
200600044789,0,07,000,00,2,2,01,B02
200600044790,0,07,000,00,2,2,15,A01
200600044790,0,07,000,00,2,1,01,B01
200600044791,0,02,000,00,2,1,09,A01
200600044791,0,07,000,00,2,1,01,B01