Num_Acc,senc,catv,occutc,obs,obsm,choc,manv,num_veh
200600045167,0,07,000,00,2,2,21,A01
200600045167,0,07,000,00,2,1,01,B02
200600045168,0,07,000,13,0,7,01,A01
200600045169,0,10,000,00,2,3,13,A01
200600045169,0,07,000,00,2,8,01,B02
200600045170,0,07,000,00,9,2,01,A01
200600045170,0,01,000,00,2,3,15,B02
200600045171,0,33,000,00,2,7,17,A01
200600045171,0,10,000,00,2,8,15,B02
200600045172,0,07,000,00,2,1,01,B02
200600045172,0,07,000,00,2,7,19,A01
200600045173,0,07,000,02,0,1,13,A01
200600045174,0,07,000,00,2,1,19,B02
200600045174,0,07,000,00,0,7,01,A01
200600045175,0,31,000,00,2,1,13,A01
200600045175,0,07,000,00,2,1,01,B02
200600045176,0,07,000,00,2,2,13,A01
200600045176,0,17,000,00,2,2,01,B02
200600045177,0,07,000,00,2,7,01,A01
200600045177,0,30,000,00,2,1,09,B02
200600045178,0,07,000,00,2,1,13,A01
200600045178,0,07,000,00,2,1,01,B02
200600045179,0,33,000,00,0,2,00,A01
200600045180,0,07,000,13,0,9,01,A01
200600045181,0,10,000,00,1,3,01,A01
200600045181,0,07,000,00,2,2,01,B02
200600045182,0,07,000,00,2,3,09,A01
200600045182,0,07,000,00,2,2,01,B02
200600045183,0,07,000,13,0,3,01,A01
200600045184,0,07,000,00,2,6,15,A01
200600045184,0,30,000,00,2,1,17,B02
200600045185,0,07,000,00,2,3,13,A01
200600045185,0,07,000,00,2,3,01,B02
200600045186,0,07,000,02,0,3,13,A01
200600045187,0,07,000,00,2,1,13,A01
200600045187,0,07,000,00,2,1,01,B02
200600045188,0,07,000,02,0,1,01,A01
200600045189,0,07,000,00,2,8,15,A01
200600045189,0,07,000,00,2,2,17,B02
200600045190,0,07,000,00,1,1,01,A01
200600045191,0,07,000,00,2,1,01,A01
200600045191,0,21,000,00,0,6,16,B02
200600045192,0,07,000,00,0,6,09,A01
200600045192,0,39,000,00,4,1,01,B02
200600045193,0,07,000,00,2,3,13,A01
200600045193,0,17,000,00,2,3,01,B02
200600045194,0,33,000,13,0,1,01,A01
200600045195,0,07,000,00,2,3,13,A01
200600045195,0,07,000,00,2,3,00,B02
200600045196,0,07,000,13,0,1,01,A01
200600045197,0,07,000,13,0,9,01,A01
200600045198,0,07,000,00,1,2,01,A01
200600045199,0,07,000,02,0,4,02,A01
200600045200,0,07,000,08,0,2,13,A01
200600045201,0,07,000,13,0,2,01,A01
200600045202,0,07,000,00,0,7,15,A01
200600045202,0,07,000,00,0,1,01,B02
200600045202,0,07,000,00,2,3,01,C03
200600045203,0,07,000,00,2,1,13,A01
200600045203,0,10,000,00,2,1,01,B02
200600045204,0,07,000,00,2,8,19,A01
200600045204,0,33,000,00,2,1,01,B02
200600045205,1,14,000,00,0,0,00,A01
200600045206,0,15,000,00,2,1,19,B02
200600045206,0,07,000,00,2,8,01,A01
200600045207,0,07,000,00,2,3,15,A01
200600045207,0,99,000,00,2,1,01,B02
200600045208,0,02,000,00,0,0,00,A01
200600045208,0,07,000,02,0,1,00,B02
200600045209,0,31,000,00,2,2,13,A01
200600045209,0,07,000,00,2,2,01,B02
200600045210,0,07,000,12,0,9,01,A01
200600045211,0,02,000,01,0,7,01,A01
200600045211,0,07,000,00,2,3,00,B02
200600045212,0,10,000,00,1,1,01,A01
200600045213,0,07,000,00,2,3,23,A01
200600045213,0,07,000,00,2,3,01,B02
200600045214,0,14,000,00,2,2,13,A01
200600045214,0,07,000,00,2,3,01,B02
200600045215,1,10,000,00,2,2,02,A01
200600045215,0,02,000,00,2,4,02,B02
200600045216,0,33,000,16,0,2,15,A01
200600045217,0,07,000,06,0,2,01,A01
200600045217,0,07,000,00,2,1,01,B02
200600045218,0,07,000,00,2,1,01,A01
200600045218,0,07,000,06,2,3,01,B02
200600045219,0,07,000,00,0,8,15,A01
200600045219,0,33,000,00,2,1,01,B02
200600045220,0,07,000,03,2,7,13,A01
200600045220,0,17,000,03,2,1,01,B02
200600045221,0,07,000,08,0,1,01,A01
200600045222,0,07,000,00,2,8,15,A01
200600045222,0,07,000,00,2,1,01,B02
200600045223,0,07,000,00,2,6,01,A01
200600045223,0,02,000,00,2,1,01,B02
200600045223,0,21,000,00,2,6,01,C03
200600045224,0,07,000,00,2,2,01,A01
200600045224,0,07,000,00,2,3,01,B02
200600045225,0,07,000,00,2,2,01,A01
200600045225,0,02,000,00,2,1,13,B02
200600045226,0,02,000,00,2,2,01,A01
200600045226,0,07,000,00,2,3,01,B02
200600045227,0,09,000,00,2,1,01,A01
200600045227,0,02,000,00,2,1,00,B02
200600045227,0,07,000,00,2,7,06,C03
200600045228,0,33,000,00,2,1,01,A01
200600045228,0,10,000,00,2,8,19,B02
200600045229,0,07,000,00,2,3,01,A01
200600045229,0,07,000,00,2,2,15,B02
200600045230,0,30,000,00,0,0,01,A01
200600045231,0,33,000,00,2,1,01,B02
200600045231,0,33,000,00,2,0,09,C03
200600045231,0,07,000,00,2,8,00,A01
200600045232,0,07,000,00,2,3,13,A01
200600045232,0,02,000,00,2,1,01,B02
200600045233,0,07,000,00,2,3,01,A01
200600045233,0,07,000,00,2,3,01,B02
200600045234,0,31,000,00,2,1,15,A01
200600045234,0,38,000,00,2,1,16,B02
200600045235,0,33,000,00,2,7,17,A01
200600045235,0,07,000,00,2,3,15,B02
200600045236,0,07,000,00,0,3,15,A01
200600045236,0,33,000,00,2,1,17,B02
200600045237,0,07,000,00,2,1,01,A01
200600045237,0,07,000,00,2,4,15,B02
200600045238,0,07,000,00,2,1,01,A01
200600045238,0,07,000,00,2,8,01,B02
200600045239,0,07,000,13,0,9,01,A01
200600045240,0,10,000,00,2,1,01,A01
200600045240,0,02,000,00,2,1,13,B02
200600045241,0,07,000,00,2,3,01,A01
200600045241,0,14,000,00,2,3,01,B02
200600045242,0,10,000,02,0,3,01,A01
200600045243,0,07,000,00,2,7,19,B02
200600045243,0,30,000,00,2,1,01,A01
200600045244,0,07,000,00,9,7,15,A01
200600045244,0,33,000,00,2,3,01,B02
200600045245,0,14,000,00,2,3,01,A01
200600045245,0,03,000,00,2,3,01,B02
200600045246,0,07,000,00,2,1,19,A01
200600045246,0,31,000,00,2,8,01,B02
200600045247,0,07,000,12,0,1,01,A01
200600045248,0,07,000,00,2,1,01,A01
200600045248,0,31,000,00,0,4,15,B02
200600045249,0,07,000,00,0,3,13,A01
200600045250,0,30,000,00,2,2,01,B02
200600045250,0,07,000,00,2,1,19,A01
200600045251,0,30,000,00,0,0,00,A01
200600045252,0,02,000,00,2,1,13,A01
200600045252,0,07,000,00,2,3,01,B02
200600045253,0,07,000,13,0,1,01,A01
200600045254,0,07,000,00,2,3,01,A01
200600045254,0,07,000,00,2,2,15,B02
200600045255,0,07,000,13,0,1,01,A01
200600045256,0,07,000,11,0,7,13,A01
200600045257,0,10,000,00,2,7,19,A01
200600045257,0,07,000,00,2,1,00,B02
200600045258,0,07,000,00,2,2,15,A01
200600045258,0,33,000,00,2,1,01,B02
200600045259,0,07,000,00,0,7,19,A01
200600045259,0,07,000,00,0,1,00,B02
200600045260,0,03,000,13,0,1,01,A01
200600045261,0,07,000,08,0,1,01,A01
200600045262,0,01,000,02,0,8,19,A01
200600045262,0,07,000,02,0,2,01,B02
200600045263,0,31,000,00,2,1,13,A01
200600045263,0,07,000,00,2,1,01,B02
200600045264,0,33,000,00,2,1,01,A01
200600045264,0,07,000,00,2,7,15,B02
200600045265,0,33,000,00,0,0,01,A01
200600045266,0,02,000,00,2,8,19,A01
200600045266,0,07,000,00,2,2,01,B02
200600045267,0,07,000,06,0,1,01,A01
200600045268,0,31,000,00,0,1,01,A01
200600045269,0,07,000,00,2,5,06,A01
200600045269,0,33,000,00,2,1,01,B02
200600045270,0,07,000,00,2,8,09,A01
200600045270,0,31,000,00,2,1,01,B02
200600045271,0,07,000,00,2,4,11,A01
200600045271,0,07,000,00,2,1,01,B02
200600045272,0,07,000,13,0,1,01,A01
200600045273,0,07,000,13,0,6,01,A01
200600045274,0,07,000,02,0,9,01,A01
200600045275,0,07,000,08,0,1,01,A01
200600045276,0,02,000,00,2,1,01,A01
200600045276,0,01,000,00,2,8,01,B02
200600045277,0,07,000,00,0,1,01,A01
200600045278,0,07,000,13,0,1,14,A01
200600045279,0,07,000,00,0,8,15,A01
200600045279,0,33,000,00,2,1,11,B02
200600045280,0,07,000,00,0,1,01,A01
200600045280,0,07,000,00,0,8,15,B02
200600045281,0,07,000,00,0,2,01,A01
200600045281,0,33,000,00,2,3,01,B02
200600045282,0,14,000,02,0,0,01,A01
200600045283,0,01,000,00,2,4,15,A01
200600045283,0,07,000,00,9,3,15,B02
200600045284,0,07,000,13,0,1,14,A01
200600045285,0,33,000,00,5,1,01,A01
200600045286,0,07,000,06,0,1,00,A01
200600045287,0,01,000,00,2,1,01,B02
200600045287,0,15,000,00,2,2,16,A01
200600045288,0,07,000,00,2,8,19,B02
200600045288,0,33,000,00,2,1,01,A01
200600045289,0,07,000,00,2,2,01,A01
200600045289,0,07,000,00,2,7,13,B02
200600045290,0,07,000,00,2,5,19,A01
200600045290,0,33,000,00,2,3,01,B02
200600045291,0,07,000,13,0,2,14,A01
200600045292,0,07,000,00,2,6,05,A01
200600045292,0,07,000,00,2,3,05,B02
200600045292,0,07,000,00,2,3,13,C03
200600045293,0,07,000,00,2,3,01,A01
200600045293,0,07,000,00,2,8,19,B02
200600045294,0,33,000,02,0,1,01,A01
200600045295,0,07,000,13,2,6,02,A01
200600045295,0,07,000,13,2,2,02,B02
200600045296,0,07,000,00,2,7,13,A01
200600045296,0,07,000,00,2,1,01,B02
200600045297,0,33,000,00,2,1,11,A01
200600045297,0,07,000,00,2,6,11,B02
200600045298,0,10,000,00,2,1,00,A01
200600045298,0,14,000,00,2,1,01,B02
200600045298,0,07,000,00,2,8,00,C03
200600045299,0,07,000,00,2,7,15,A01
200600045299,0,33,000,00,2,1,01,B02
200600045300,0,07,000,00,2,7,02,A01
200600045300,0,07,000,00,2,2,02,B02
200600045300,0,33,000,00,2,1,01,C03
200600045301,0,07,000,00,2,2,01,A01
200600045301,0,07,000,00,2,3,01,B02
200600045302,0,07,000,00,2,3,15,A01
200600045302,0,33,000,00,2,8,01,B02
200600045303,0,31,000,00,2,1,02,A01
200600045303,0,07,000,00,9,5,02,B02
200600045304,0,07,000,13,0,1,01,A01
200600045305,0,07,000,02,0,1,13,A01
200600045306,0,07,000,00,1,2,01,A01
200600045307,0,07,000,00,2,1,01,A01
200600045307,0,07,000,00,2,1,01,B02
200600045307,0,07,000,00,2,8,19,C03
200600045308,0,07,000,16,0,9,14,A01
200600045309,0,07,000,08,0,1,13,A01
200600045310,0,07,000,00,2,1,13,A01
200600045310,0,01,000,00,2,1,01,B02
200600045311,0,10,000,02,0,1,01,A01
200600045312,0,02,000,00,4,1,01,A01
200600045312,0,39,000,00,2,7,01,B02
200600045313,0,07,000,08,0,9,01,A01
200600045314,0,30,000,00,2,1,01,A01
200600045314,0,07,000,00,0,5,15,B02
200600045315,0,33,000,00,2,2,17,A01
200600045315,0,07,000,13,2,8,15,B02
200600045316,0,13,000,00,1,1,01,A01
200600045317,0,07,000,13,0,1,01,A01
200600045318,0,17,000,00,2,6,01,A01
200600045318,0,30,000,00,2,7,13,B02
200600045319,0,10,000,00,2,5,15,A01
200600045319,0,31,000,00,2,1,01,B02
200600045320,0,07,000,00,4,1,01,A01
200600045320,0,39,000,00,2,7,01,B02
200600045321,0,07,000,00,1,3,02,A01
200600045322,0,01,000,00,0,4,01,A01
200600045322,0,07,000,00,9,2,17,B02
200600045323,0,07,000,06,0,1,00,A01
200600045324,0,30,000,00,2,7,19,A01
200600045324,0,07,000,00,2,1,02,B02
200600045325,0,02,000,12,0,7,01,A01
200600045326,0,07,000,00,2,3,01,A01
200600045326,0,07,000,00,2,3,13,B02
200600045327,0,07,000,00,0,2,05,A01
200600045327,0,07,000,00,0,1,01,B02
200600045328,0,07,000,00,9,7,21,A01
200600045328,0,01,000,00,2,3,15,B02
200600045329,0,14,000,00,2,5,15,A01
200600045329,0,07,000,00,2,1,01,B02
200600045330,0,10,000,00,0,6,00,A01
200600045331,0,07,000,00,2,3,01,A01
200600045331,0,01,000,00,2,4,15,B02
200600045332,0,07,000,00,2,7,15,A01
200600045332,0,31,000,08,2,1,01,B02
200600045333,0,99,000,13,0,2,01,A01
200600045334,0,07,000,00,0,7,00,A01
200600045335,0,01,000,11,0,1,01,A01
200600045336,0,14,000,00,0,3,01,A01
200600045336,0,07,000,00,0,1,01,B02
200600045337,0,30,000,00,1,1,01,A01
200600045338,0,07,000,02,0,4,17,A01
200600045339,0,07,000,00,2,4,15,A01
200600045339,0,02,000,00,2,1,02,B02
200600045340,0,02,000,00,2,1,01,A01
200600045340,0,07,000,00,2,8,19,B02
200600045341,0,07,000,00,1,4,00,A01
200600045342,0,07,000,09,0,1,01,A01
200600045343,0,10,000,08,2,1,13,A01
200600045344,0,07,000,13,0,3,01,A01
200600045345,0,14,000,00,2,8,13,A01
200600045345,0,14,000,00,2,3,01,B02
200600045346,0,33,000,00,2,1,01,B02
200600045347,0,07,000,06,0,8,01,A01
200600045348,0,07,000,00,2,3,01,A01
200600045348,0,07,000,00,2,8,01,B02
200600045348,0,07,000,00,2,1,01,C03
200600045349,0,31,000,00,2,1,01,B02
200600045349,0,07,000,00,2,3,09,A01
200600045350,0,33,000,00,2,1,01,A01
200600045350,0,02,000,00,2,4,01,B02
200600045351,0,07,000,00,2,6,01,A01
200600045351,0,30,000,00,2,1,19,B02
200600045352,0,14,000,00,2,2,01,A01
200600045352,0,07,000,00,0,0,00,B02
200600045353,0,07,000,08,0,7,01,A01
200600045354,0,07,000,00,2,2,13,A01
200600045354,0,14,000,00,2,3,01,B02
200600045355,0,07,000,00,2,1,01,A01
200600045355,0,07,000,00,2,3,19,B02
200600045356,0,07,000,00,2,2,13,A01
200600045356,0,07,000,00,2,2,21,B02
200600045357,0,02,000,00,2,4,02,A01
200600045357,0,07,000,00,2,4,01,B02
200600045358,0,07,000,02,0,5,01,A01
200600045359,0,33,000,00,2,8,01,A01
200600045359,0,10,000,00,2,3,01,B02
200600045360,0,07,000,00,2,3,13,A01
200600045360,0,10,000,00,2,3,01,B02
200600045361,0,07,000,00,2,5,01,A01
200600045361,0,07,000,00,2,1,15,B02
200600045362,0,07,000,08,0,7,14,A01
200600045363,0,07,000,00,0,9,13,A01
200600045364,0,07,000,00,2,3,19,B02
200600045364,0,02,000,00,2,9,01,A01
200600045365,0,07,000,00,2,1,13,A01
200600045365,0,07,000,00,2,2,01,B02
200600045366,0,07,000,00,2,8,19,A01
200600045366,0,02,000,00,2,1,01,B02
200600045367,0,07,000,00,2,1,02,A01
200600045367,0,99,000,00,2,1,00,B02
200600045367,0,07,000,00,2,4,02,C03
200600045367,0,07,000,00,2,4,02,D04
200600045368,0,07,000,00,2,2,17,A01
200600045368,0,33,000,00,2,1,01,B02
200600045369,0,07,000,00,2,1,01,A01
200600045369,0,07,000,00,2,1,01,B02
200600045369,0,07,000,00,2,8,19,C03
200600045370,0,17,000,00,2,5,01,A01
200600045370,0,10,000,06,0,6,01,B02
200600045371,0,07,000,00,2,3,01,A01
200600045371,0,07,000,00,2,3,01,B02
200600045372,0,10,000,00,2,1,01,A01
200600045372,0,17,000,00,2,1,01,B02
200600045373,0,33,000,00,2,8,01,A01
200600045373,0,07,000,00,2,3,23,B02
200600045374,0,07,000,00,2,3,19,A01
200600045374,0,07,000,00,2,1,01,B02
200600045375,1,07,000,00,1,2,01,A01
200600045376,0,07,000,00,2,1,01,A01
200600045376,0,07,000,15,1,6,15,B02
200600045377,0,07,000,02,0,2,01,A01
200600045378,0,07,000,00,2,1,17,A01
200600045378,0,07,000,00,2,8,15,B02
200600045379,0,10,000,00,9,1,01,A01
200600045379,0,01,000,00,2,8,16,B02
200600045380,0,10,000,00,2,3,01,A01
200600045380,0,07,000,00,2,3,01,B02
200600045381,0,07,000,00,2,1,02,A01
200600045381,0,13,000,00,0,0,02,B02
200600045382,0,30,000,00,2,1,02,A01
200600045382,0,14,000,00,2,4,02,B02
200600045383,0,07,000,00,2,1,00,A01
200600045383,0,07,000,00,2,1,00,B02
200600045384,0,31,000,00,0,1,01,A01
200600045385,0,07,000,16,0,9,01,A01
200600045386,0,07,000,00,2,3,01,A01
200600045386,0,02,000,00,2,7,01,B02
200600045387,0,14,000,13,0,2,01,A01
200600045388,0,07,000,00,2,8,13,A01
200600045388,0,14,000,00,2,2,01,B02
200600045389,0,07,000,00,2,8,01,A01
200600045389,0,32,000,00,2,1,19,B02
200600045390,0,01,000,00,2,7,01,A01
200600045390,0,07,000,00,2,1,09,B02
200600045391,0,07,000,02,0,7,01,A01
200600045392,0,07,000,02,0,8,01,A01
200600045393,0,07,000,00,2,1,15,A01
200600045393,0,30,000,00,2,1,01,B02
200600045394,0,02,000,00,2,3,18,A01
200600045394,0,07,000,00,2,7,16,B02
200600045395,0,14,000,00,2,3,05,A01
200600045395,0,07,000,00,2,3,01,B02
200600045396,0,07,000,00,2,8,15,A01
200600045396,0,07,000,00,2,1,17,B02
200600045397,0,07,000,02,0,2,00,A01
200600045398,0,07,000,00,2,1,01,A01
200600045398,0,07,000,00,2,1,01,B02
200600045399,0,14,000,00,2,3,01,A01
200600045399,0,07,000,00,2,3,01,B02
200600045400,0,07,000,00,9,2,02,A01
200600045400,0,01,000,00,0,1,02,B02
200600045401,0,07,000,00,2,1,19,A01
200600045401,0,07,000,00,2,1,01,B02
200600045402,0,33,000,00,2,1,02,A01
200600045402,0,99,000,00,0,6,02,B02
200600045403,0,07,000,06,0,1,01,A01
200600045404,0,07,000,00,2,3,13,A01
200600045404,0,15,000,00,2,3,01,B02
200600045405,0,33,000,00,9,7,01,A01
200600045406,0,07,000,00,2,3,01,A01
200600045406,0,07,000,00,2,3,01,B02
200600045407,0,07,000,06,0,1,01,A01
200600045408,0,17,000,00,1,3,02,A01
200600045409,0,07,000,00,2,3,23,A01
200600045409,0,15,000,00,2,1,01,B02
200600045409,0,07,000,00,2,8,19,C03
200600045410,0,07,000,02,0,1,01,A01
200600045411,0,33,000,00,2,1,02,A01
200600045411,0,07,000,00,0,6,02,B02
200600045412,0,07,000,00,2,3,09,A01
200600045412,0,07,000,00,2,1,01,B02
200600045413,0,07,000,00,2,1,01,B02
200600045413,0,14,000,00,2,8,01,A01
200600045414,0,07,000,00,0,4,02,A01
200600045414,0,07,000,00,0,1,02,B02
200600045415,0,33,000,00,2,1,01,A01
200600045415,0,10,000,00,0,6,16,B02
200600045416,0,15,000,00,2,2,01,A01
200600045416,0,03,000,00,2,8,15,B02
200600045417,0,07,000,02,0,2,13,A01
200600045418,0,15,000,00,2,2,02,A01
200600045418,0,07,000,00,2,6,02,B02
200600045418,0,17,000,00,2,4,02,C03
200600045419,0,07,000,00,9,1,01,A01
200600045419,0,33,000,00,2,4,01,B02
200600045420,0,07,000,00,2,1,13,A01
200600045420,0,07,000,00,2,1,01,B02
200600045421,0,07,000,02,0,8,13,A01
200600045422,0,14,000,00,6,1,01,A01
200600045423,0,07,000,01,0,1,01,A01
200600045424,0,07,000,13,0,9,01,A01
200600045425,0,07,000,00,2,2,13,A01
200600045425,0,07,000,00,2,1,01,B02
200600045426,0,07,000,00,2,2,17,A01
200600045426,0,01,000,00,2,4,15,B02
200600045427,0,15,000,00,2,6,15,A01
200600045427,0,10,000,00,2,2,01,B02
200600045428,0,07,000,00,2,2,15,A01
200600045428,0,33,000,00,2,1,01,B02
200600045429,0,02,000,00,2,7,15,A01
200600045429,0,07,000,00,2,1,01,B02
200600045430,0,07,000,00,2,1,13,A01
200600045430,0,07,000,00,2,1,01,B02
200600045431,0,07,000,00,2,2,19,A01
200600045431,0,33,000,00,2,1,01,B02
200600045432,0,07,000,00,2,3,19,A01
200600045432,0,07,000,00,0,0,01,B02
200600045433,0,02,000,00,2,1,13,A01
200600045433,0,07,000,00,2,3,01,B02
200600045434,0,32,000,01,2,1,01,A01
200600045434,0,10,000,00,0,6,23,B02
200600045434,0,07,000,00,2,1,01,C03
200600045435,0,07,000,00,2,7,19,A01
200600045435,0,31,000,00,2,1,18,B02
200600045436,0,07,000,00,2,1,01,A01
200600045436,0,30,000,00,2,1,13,B02
200600045437,0,07,000,00,2,1,01,A01
200600045437,0,01,000,00,2,8,11,B02
200600045438,0,07,000,13,0,3,11,A01
200600045439,0,07,000,00,0,1,14,A01
200600045440,0,07,000,00,1,1,01,A01
200600045441,0,99,000,04,0,7,21,A01
200600045441,0,07,000,00,2,3,01,B02
200600045441,0,33,000,00,2,8,17,C03
200600045442,0,33,000,00,2,1,13,A01
200600045442,0,07,000,00,2,2,01,B02
200600045443,0,07,000,00,2,1,13,A01
200600045443,0,14,000,00,2,3,01,B02
200600045444,0,33,000,00,2,1,17,A01
200600045444,0,07,000,00,2,3,01,B02
200600045445,0,30,000,00,0,7,01,A01
200600045446,0,07,000,00,2,2,01,A01
200600045446,0,01,000,00,0,4,01,B02
200600045447,0,07,000,13,0,3,13,A01
200600045448,0,07,000,13,0,1,01,A01
200600045449,0,07,000,00,2,1,13,A01
200600045449,0,10,000,00,2,1,00,B02
200600045450,0,07,000,00,0,3,01,A01
200600045451,0,07,000,00,2,7,01,A01
200600045451,0,07,000,00,2,1,01,B02
200600045452,0,07,000,00,9,2,01,A01
200600045452,0,01,000,00,2,1,19,B02
200600045453,0,07,000,13,0,9,01,A01
200600045454,0,07,000,00,2,3,01,A01
200600045454,0,07,000,00,2,3,01,B02
200600045455,0,07,000,02,0,1,13,A01
200600045456,0,07,000,00,2,2,15,A01
200600045456,0,07,000,00,2,1,01,B02
200600045457,0,07,000,00,1,4,20,A01
200600045458,0,07,000,13,0,2,01,A01
200600045459,0,07,000,00,0,7,02,A01
200600045459,0,07,000,00,2,1,01,B02
200600045460,0,17,000,00,2,6,01,A01
200600045460,0,07,000,00,2,3,01,B02
200600045461,0,07,000,06,0,2,15,A01
200600045462,0,07,000,00,0,9,01,A01
200600045463,0,07,000,06,0,3,13,A01
200600045464,0,07,000,13,0,3,01,A01
200600045465,0,07,000,00,2,1,02,A01
200600045465,0,07,000,00,0,4,00,B02
200600045466,0,10,000,00,9,6,15,A01
200600045466,0,01,000,13,2,0,01,B02
200600045467,0,07,000,06,0,3,01,A01
200600045468,0,05,000,00,2,1,17,A01
200600045468,0,17,000,00,0,6,17,B02
200600045469,0,30,000,00,0,3,02,A01
200600045469,0,07,000,00,2,3,13,B02
200600045470,0,30,000,00,2,8,10,A01
200600045470,0,10,000,00,2,3,17,B02
200600045471,0,33,000,00,2,3,00,A01
200600045471,0,10,000,00,0,5,15,B02
200600045472,0,07,000,00,2,3,15,A01
200600045472,0,02,000,00,2,1,02,B02
200600045473,0,31,000,09,0,1,01,A01
200600045474,0,07,000,00,2,3,10,A01
200600045474,0,31,000,00,2,2,01,B02
200600045475,0,31,000,00,2,1,15,A01
200600045475,0,07,000,00,2,8,17,B02
200600045476,0,10,000,00,2,3,15,A01
200600045476,0,07,000,00,2,1,00,B02
200600045477,0,07,000,00,2,7,13,A01
200600045478,0,07,000,00,9,1,01,A01
200600045479,0,07,000,00,0,6,23,A01
200600045479,0,07,000,14,0,2,01,B02
200600045480,0,07,000,02,0,8,01,A01
200600045481,0,33,000,00,2,2,01,A01
200600045481,0,07,000,00,2,3,01,B02
200600045482,0,07,000,00,2,3,01,A01
200600045482,0,07,000,00,2,3,01,B02
200600045483,0,07,000,08,0,3,01,A01
200600045484,0,07,000,00,2,1,23,A01
200600045484,0,07,000,00,2,1,01,B02
200600045484,0,07,000,00,2,3,15,C03
200600045485,0,07,000,08,0,2,14,A01
200600045486,0,33,000,00,2,1,01,B02
200600045486,0,07,000,00,0,0,00,A01
200600045486,0,07,000,00,2,3,15,C03
200600045487,0,07,000,00,0,4,02,A01
200600045487,0,07,000,00,2,1,02,B02
200600045488,0,02,000,00,2,3,19,A01
200600045488,0,07,000,00,2,2,01,B02
200600045489,0,07,000,00,2,3,01,A01
200600045489,0,01,000,00,2,0,01,B02
200600045490,0,30,000,00,1,1,01,A01
200600045491,0,07,000,00,2,1,15,A01
200600045491,0,02,000,00,2,1,01,B02
200600045492,0,07,000,00,1,2,01,A01
200600045493,0,01,000,00,0,8,10,A01
200600045493,0,07,000,00,0,2,17,B02
200600045494,0,07,000,00,0,8,01,A01
200600045494,0,02,000,00,0,8,13,B02
200600045495,0,07,000,00,9,0,15,A01
200600045495,0,30,000,00,2,1,01,B02
200600045495,0,07,000,00,2,3,23,C03
200600045496,0,07,000,16,0,9,01,A01
200600045497,0,07,000,00,2,3,00,A01
200600045497,0,07,000,00,2,3,00,B02
200600045498,0,07,000,00,2,3,13,A01
200600045498,0,07,000,00,0,0,00,B02
200600045499,0,07,000,00,2,1,13,A01
200600045499,0,07,000,00,2,1,01,B02
200600045499,0,07,000,00,2,8,01,C03
200600045500,0,07,000,06,0,7,00,A01
200600045501,0,07,000,00,2,7,15,A01
200600045501,0,33,000,00,0,8,01,B02
200600045502,0,07,000,06,0,1,01,A01
200600045503,0,07,000,00,2,3,02,A01
200600045503,0,07,000,00,0,4,15,B02
200600045503,0,07,000,00,2,3,01,C03
200600045504,0,02,000,00,2,7,01,A01
200600045504,0,07,000,00,2,3,23,B02
200600045505,0,07,000,13,2,1,13,A01
200600045505,0,15,000,13,2,1,01,B02
200600045506,0,07,000,02,0,3,02,A01
200600045507,0,30,000,00,2,3,13,A01
200600045507,0,07,000,00,0,3,01,B02
200600045508,0,07,000,06,0,1,00,A01
200600045509,0,07,000,00,2,1,01,B02
200600045509,0,07,000,00,2,8,19,A01
200600045510,0,36,000,13,0,1,01,A01
200600045511,0,17,000,02,0,2,01,A01
200600045512,0,07,000,06,0,8,01,A01
200600045513,0,07,000,00,2,3,13,A01
200600045513,0,07,000,00,2,3,01,B02
200600045513,0,07,000,00,0,0,01,C03
200600045514,0,07,000,13,0,2,01,A01
200600045515,0,07,000,00,0,1,12,A01
200600045516,0,10,000,00,0,3,10,A01
200600045516,0,07,000,06,2,5,01,B02
200600045517,0,07,000,03,0,5,01,A01
200600045518,0,31,000,06,0,1,01,A01
200600045519,0,02,000,13,0,1,01,A01
200600045520,0,07,000,00,2,3,15,B02
200600045520,0,07,000,00,2,2,01,A01
200600045521,0,07,000,06,0,2,00,A01
200600045522,0,01,000,00,2,1,01,A01
200600045522,0,07,000,00,2,5,16,B02
200600045523,0,07,000,13,0,1,01,A01
200600045524,0,07,000,00,2,3,00,A01
200600045524,0,07,000,00,2,3,01,B02
200600045525,0,07,000,02,0,1,01,A01
200600045526,0,07,000,00,2,6,02,A01
200600045526,0,07,000,00,0,4,23,B02
200600045526,0,07,000,00,2,1,13,C03
200600045526,0,07,000,00,0,0,00,D04
200600045527,0,07,000,13,0,1,01,A01
200600045528,0,33,000,00,2,1,01,A01
200600045528,0,07,000,00,0,0,00,B02
200600045529,0,07,000,00,2,3,01,A01
200600045529,0,07,000,00,2,3,01,B02
200600045530,0,17,000,00,2,3,01,A01
200600045530,0,17,000,00,2,6,01,B02
200600045531,0,31,000,13,0,8,01,A01
200600045532,0,10,000,14,4,1,01,A01
200600045532,0,39,000,00,2,8,19,B02
200600045533,0,02,000,02,0,8,01,A01
200600045534,0,30,000,00,0,8,01,A01
200600045535,0,10,000,00,1,2,01,A01
200600045535,0,10,000,00,2,1,01,B02
200600045536,0,07,000,00,2,2,15,A01
200600045536,0,02,000,00,2,1,01,B02
200600045537,0,07,000,00,2,3,13,A01
200600045537,0,07,000,00,2,3,01,B02
200600045538,0,07,000,00,0,7,19,A01
200600045538,0,01,000,00,2,1,01,B02
200600045539,0,07,000,00,2,3,13,A01