Num_Acc,senc,catv,occutc,obs,obsm,choc,manv,num_veh
200600047073,0,33,000,00,2,1,01,B01
200600047074,0,07,000,00,2,1,02,A01
200600047074,0,07,000,00,2,4,02,B01
200600047075,0,07,000,00,2,1,15,A01
200600047075,0,02,000,00,2,1,01,B01
200600047076,0,07,000,01,2,0,10,A01
200600047076,0,33,000,00,2,1,01,B01
200600047077,0,07,000,00,2,1,02,C01
200600047077,0,07,000,00,2,1,13,A01
200600047077,0,07,000,00,2,1,01,B01
200600047078,0,07,000,00,2,1,02,A01
200600047078,0,07,000,00,2,4,02,B01
200600047078,0,07,000,00,2,4,02,C01
200600047079,0,33,000,00,2,1,18,A01
200600047079,0,07,000,00,2,2,16,B01
200600047080,0,07,000,00,1,3,15,A01
200600047081,0,07,000,00,2,4,16,A01
200600047081,0,07,000,00,2,1,02,B01
200600047082,0,07,000,00,2,3,13,A01
200600047082,0,34,000,00,2,1,01,B01
200600047083,0,33,000,00,2,1,02,A01
200600047083,0,07,000,00,2,1,19,B01
200600047084,0,02,000,00,2,7,17,A01
200600047084,0,33,000,00,2,8,15,B01
200600047085,0,37,001,00,2,3,15,A01
200600047085,0,02,000,00,2,0,17,B01
200600047086,0,07,000,00,0,0,02,C01
200600047086,0,07,000,00,2,1,01,A01
200600047086,0,10,000,00,2,4,02,B01
200600047087,0,02,000,00,2,1,17,A01
200600047087,0,07,000,01,2,3,15,B01
200600047088,0,07,000,00,2,1,01,A01
200600047088,0,07,000,00,2,4,01,B01
200600047089,0,07,000,00,2,2,15,A01
200600047089,0,31,000,00,2,1,01,B01
200600047090,1,10,000,00,1,1,16,A01
200600047091,0,07,000,00,1,1,01,A01
200600047092,0,07,000,00,2,3,15,A01
200600047092,0,30,000,00,2,1,01,B01
200600047093,1,33,000,00,2,0,00,A01
200600047094,0,07,000,00,2,8,22,A01
200600047094,0,30,000,00,2,2,17,B01
200600047095,0,07,000,00,2,1,01,A01
200600047095,0,32,000,00,2,4,00,B01
200600047096,0,31,000,00,2,1,01,A01
200600047096,0,07,000,00,2,8,01,B01
200600047097,0,07,000,00,2,1,02,A01
200600047097,0,02,000,00,2,1,02,B01
200600047098,0,07,000,00,2,2,01,A01
200600047098,0,07,000,00,2,3,15,B01
200600047099,0,02,000,00,2,1,01,B01
200600047099,0,07,000,00,2,3,15,A01
200600047100,0,07,000,00,2,8,15,A01
200600047100,0,32,000,00,2,2,17,B01
200600047101,0,07,000,00,2,1,13,A01
200600047101,0,07,000,00,2,1,01,B01
200600047101,0,07,000,00,2,1,01,C01
200600047102,0,07,000,00,2,3,09,A01
200600047102,0,07,000,00,2,2,01,B01
200600047103,0,33,000,00,2,1,01,A01
200600047103,0,07,000,00,2,8,15,B01
200600047104,0,07,000,00,2,6,06,A01
200600047104,0,34,000,00,2,1,01,B01
200600047105,0,10,000,00,2,4,04,A01
200600047105,0,31,000,00,2,1,02,B01
200600047106,0,07,000,00,2,1,01,A01
200600047106,0,30,000,00,2,5,02,B01
200600047106,0,07,000,00,2,4,01,C01
200600047107,0,07,000,00,2,7,15,A01
200600047107,0,33,000,00,2,1,16,B01
200600047108,0,07,000,00,1,1,01,A01
200600047109,0,07,000,00,2,8,10,A01
200600047109,0,02,000,00,2,1,17,B01
200600047110,0,32,000,00,2,8,01,A01
200600047110,1,33,000,00,2,1,00,B01
200600047111,0,31,000,00,2,1,01,B01
200600047111,1,07,000,00,2,3,15,A01
200600047112,0,07,000,00,2,3,09,A01
200600047112,0,32,000,00,2,1,17,B01
200600047113,0,02,000,00,2,1,02,A01
200600047113,0,07,000,00,2,6,02,B01
200600047114,0,07,000,00,2,3,13,A01
200600047114,0,07,000,00,2,6,01,B01
200600047115,0,07,000,00,2,1,10,A01
200600047115,0,33,000,00,2,8,01,B01
200600047116,0,02,000,00,2,1,13,A01
200600047116,0,14,000,00,2,8,01,B01
200600047117,0,07,000,00,1,2,01,A01
200600047118,0,07,000,00,1,2,01,A01
200600047119,0,07,000,00,2,7,01,A01
200600047120,0,07,000,00,2,3,12,A01
200600047120,0,30,000,00,2,8,01,B01
200600047121,0,07,000,00,2,8,10,A01
200600047121,0,32,000,00,2,1,01,B01
200600047122,0,02,000,00,2,2,17,A01
200600047122,0,07,000,00,2,8,15,B01
200600047122,0,31,000,00,2,8,01,C01
200600047123,0,07,000,00,2,3,02,A01
200600047123,0,07,000,00,2,4,02,B01
200600047124,0,02,000,00,2,2,17,A01
200600047124,0,07,000,00,2,8,15,B01
200600047125,0,02,000,00,2,8,09,A01
200600047125,0,02,000,00,2,1,17,B01
200600047126,0,07,000,11,0,1,13,A01
200600047127,0,07,000,00,2,2,15,A01
200600047127,0,33,000,00,2,1,01,B01
200600047128,0,07,000,01,2,7,01,A01
200600047128,0,07,000,00,2,5,24,B01
200600047129,0,07,000,00,2,8,15,A01
200600047129,0,02,000,00,2,1,02,B01
200600047130,0,07,000,00,2,8,10,A01
200600047130,0,30,000,00,2,1,01,B01
200600047131,0,07,000,00,2,1,01,A01
200600047131,0,07,000,00,2,4,01,B01
200600047132,0,07,000,00,2,1,01,A01
200600047132,0,10,000,15,2,8,01,B01
200600047133,0,07,000,00,2,1,01,A01
200600047133,0,07,000,00,2,4,01,B01
200600047134,0,30,000,00,2,1,17,A01
200600047134,0,07,000,00,2,8,15,B01
200600047135,0,30,000,00,2,1,01,A01
200600047135,0,07,000,00,2,5,01,B01
200600047135,0,07,000,00,0,0,15,C01
200600047136,0,07,000,00,2,8,01,B01
200600047136,0,07,000,00,2,2,01,A01
200600047137,0,31,000,00,2,7,01,A01
200600047137,0,07,000,00,2,1,16,B01
200600047138,0,02,000,00,2,8,09,A01
200600047138,0,07,000,00,2,2,01,B01
200600047139,0,07,000,00,2,5,15,A01
200600047139,0,07,000,00,2,1,01,B01
200600047140,0,33,000,00,2,1,01,A01
200600047141,0,30,000,00,2,1,14,A01
200600047141,0,07,000,00,2,6,23,B01
200600047142,0,07,000,00,2,3,01,B01
200600047143,0,07,000,00,1,2,01,A01
200600047144,0,07,000,00,2,8,15,B01
200600047144,0,30,000,00,2,7,21,A01
200600047145,0,07,000,00,2,1,02,A01
200600047145,0,07,000,00,0,5,02,B01
200600047146,0,30,000,00,2,1,01,A01
200600047146,0,07,000,00,2,4,15,B01
200600047147,0,07,000,01,2,1,01,A01
200600047147,0,14,000,00,0,4,23,C01
200600047148,0,07,000,00,2,3,13,A01
200600047148,0,07,000,00,0,8,01,B01
200600047149,0,32,000,00,2,1,01,A01
200600047149,0,07,000,00,2,6,10,B01
200600047150,0,07,000,00,0,5,15,A01
200600047150,0,33,000,00,2,1,01,B01
200600047151,0,02,000,01,0,6,02,A01
200600047151,1,07,000,00,2,0,17,B01
200600047152,1,30,000,00,2,0,17,A01
200600047152,0,32,000,01,0,8,01,B01
200600047153,1,07,000,00,2,0,17,A01
200600047153,0,02,000,00,0,8,01,B01
200600047154,0,07,000,00,0,8,09,A01
200600047154,0,30,000,00,2,1,01,B01
200600047155,0,07,000,00,0,3,15,A01
200600047155,0,02,000,00,2,1,01,B01
200600047156,0,07,000,00,2,6,04,A01
200600047156,0,33,000,00,2,3,09,B01
200600047157,1,07,000,00,1,0,00,A01
200600047158,0,07,000,00,2,3,15,A01
200600047158,0,30,000,00,2,1,01,B01
200600047159,0,07,000,00,2,1,02,A01
200600047159,0,07,000,00,2,4,02,B01
200600047159,0,07,000,00,2,2,02,C01
200600047160,0,30,000,00,2,1,13,A01
200600047160,0,34,000,00,2,8,15,B01
200600047161,0,07,000,00,2,2,01,A01
200600047161,0,07,000,00,2,4,01,B01
200600047162,0,07,000,00,2,5,01,A01
200600047162,0,33,000,00,2,1,01,B01
200600047163,0,07,000,00,2,2,17,A01
200600047163,0,01,000,00,2,0,00,B01
200600047164,0,02,000,00,2,8,01,A01
200600047164,0,07,000,00,2,8,01,B01
200600047165,0,07,000,00,2,3,01,A01
200600047165,0,07,000,00,2,3,01,B01
200600047166,0,07,000,00,2,2,09,A01
200600047166,0,32,000,00,2,1,01,B01
200600047167,0,33,000,00,2,1,02,A01
200600047167,0,07,000,00,2,4,02,B01
200600047168,0,10,000,00,2,0,11,A01
200600047168,0,31,000,00,2,0,01,B01
200600047169,0,30,000,05,0,1,01,A01
200600047170,0,07,000,00,1,1,01,A01
200600047171,0,07,000,00,2,0,15,A01
200600047171,0,32,000,00,0,0,01,B01
200600047172,1,10,000,00,2,0,01,A01
200600047172,0,07,000,00,2,5,01,B01
200600047173,0,30,000,00,2,3,02,B01
200600047173,0,07,000,00,2,3,09,A01
200600047174,0,30,000,00,0,4,10,A01
200600047175,0,07,000,00,2,7,19,A01
200600047175,0,07,000,00,2,1,01,B01
200600047176,0,34,000,00,2,7,02,A01
200600047176,0,07,000,00,2,3,15,B01
200600047177,0,07,000,00,2,0,01,A01
200600047177,0,31,000,00,2,7,15,B01
200600047178,0,37,001,14,0,1,02,A01
200600047178,0,07,000,00,0,4,23,F01
200600047178,0,07,000,14,0,4,23,B01
200600047178,0,07,000,14,0,4,23,C01
200600047178,0,07,000,14,0,4,23,D01
200600047178,0,07,000,14,0,4,23,E01
200600047179,0,30,000,00,2,2,17,A01
200600047179,0,07,000,00,2,3,02,B01
200600047180,0,30,000,00,2,1,02,B01
200600047180,0,07,000,00,2,8,02,A01
200600047181,0,07,000,00,2,1,01,A01
200600047181,0,07,000,09,2,1,01,B01
200600047182,0,07,000,00,1,4,04,A01
200600047183,0,07,000,00,2,8,02,B01
200600047183,0,31,000,00,2,7,02,A01
200600047184,0,30,000,00,0,7,01,A01
200600047185,0,33,000,00,0,7,01,A01
200600047186,0,30,000,14,0,1,02,A01
200600047186,0,07,000,00,0,4,23,B01
200600047187,0,07,000,00,1,1,15,A01
200600047188,0,07,000,00,2,3,20,A01
200600047188,0,07,000,00,2,1,02,B01
200600047189,0,07,000,00,2,1,01,A01
200600047189,0,07,000,00,2,3,01,B01
200600047190,0,02,000,00,2,1,01,A01
200600047190,0,07,000,00,2,4,01,B01
200600047191,0,33,000,00,2,1,01,A01
200600047191,0,10,000,00,2,0,01,B01
200600047192,0,10,000,00,1,1,01,A01
200600047193,0,07,000,00,2,7,23,A01
200600047193,0,33,000,00,2,8,18,B01
200600047194,0,07,000,00,2,2,01,A01
200600047194,0,32,000,00,2,3,01,B01
200600047195,1,30,000,00,1,0,00,A01
200600047196,0,02,000,14,0,1,02,A01
200600047196,0,07,000,00,0,4,23,B01
200600047197,0,07,000,00,1,4,04,A01
200600047198,0,31,000,00,1,0,00,A01
200600047199,0,02,000,00,1,1,01,A01
200600047200,0,32,000,00,2,2,01,B01
200600047200,0,30,000,00,2,1,15,A01
200600047201,0,07,000,00,2,5,01,A01
200600047201,0,07,000,00,2,1,01,B01
200600047202,0,33,000,00,2,1,02,A01
200600047202,0,07,000,00,2,6,01,B01
200600047203,0,02,000,00,2,4,09,A01
200600047203,0,07,000,00,2,2,01,B01
200600047204,0,33,000,00,0,2,01,A01
200600047205,0,31,000,00,1,1,01,A01
200600047206,0,34,000,00,2,1,01,A01
200600047206,0,33,000,00,2,4,23,B01
200600047207,0,07,000,14,0,9,02,A01
200600047207,0,30,000,00,2,4,23,B01
200600047208,0,07,000,00,2,3,01,B01
200600047208,0,07,000,00,2,1,01,A01
200600047209,0,07,000,00,1,1,01,A01
200600047210,0,02,000,00,2,7,01,A01
200600047210,0,07,000,00,2,8,01,B01
200600047211,0,07,000,01,0,1,13,A01
200600047212,0,02,000,00,2,1,01,A01
200600047212,0,33,000,00,0,6,15,B01
200600047213,0,07,000,03,0,9,01,A01
200600047214,0,02,000,00,2,1,01,A01
200600047214,0,01,000,00,0,4,02,B01
200600047215,0,07,000,00,2,3,01,A01
200600047215,0,31,000,00,2,1,17,B01
200600047215,0,31,000,00,2,0,01,C01
200600047216,0,33,000,00,1,8,01,A01
200600047217,0,30,000,00,2,6,01,A01
200600047217,0,07,000,00,2,1,01,B01
200600047218,0,30,000,05,0,0,01,A01
200600047219,0,07,000,00,2,2,09,A01
200600047219,0,32,000,00,2,8,01,B01
200600047220,0,07,000,15,0,1,12,A01
200600047221,0,32,000,00,1,1,01,A01
200600047221,0,10,000,00,0,0,01,B01
200600047222,0,07,000,00,1,3,01,A01
200600047223,0,31,000,00,0,8,21,A01
200600047224,0,07,000,00,2,2,16,A01
200600047224,0,14,000,00,2,1,01,B01
200600047225,0,07,000,00,2,7,01,A01
200600047225,0,32,000,00,2,1,01,B01
200600047226,2,07,000,00,2,0,01,A01
200600047226,0,32,000,00,2,8,01,B01
200600047227,0,02,000,00,1,8,01,A01
200600047228,0,07,000,00,2,5,12,A01
200600047228,0,33,000,01,0,1,01,B01
200600047229,0,34,000,00,2,1,01,A01
200600047229,0,07,000,00,2,4,01,B01
200600047230,0,07,000,00,2,1,15,A01
200600047230,0,07,000,00,2,3,01,B01
200600047231,0,10,000,00,2,0,15,A01
200600047231,0,07,000,00,2,5,15,B01
200600047231,0,07,000,00,2,6,01,C01
200600047232,0,07,000,00,2,1,15,A01
200600047232,0,33,000,00,2,1,01,B01
200600047233,0,07,000,00,2,1,13,A01
200600047233,0,07,000,00,2,6,01,B01
200600047233,0,07,000,00,1,3,01,C01
200600047234,0,34,000,00,2,0,16,A01
200600047234,0,07,000,00,2,5,16,B01
200600047235,0,07,000,00,0,0,15,A01
200600047235,0,02,000,00,0,0,01,B01
200600047236,0,32,000,00,2,1,01,A01
200600047236,0,07,000,00,2,3,09,B01
200600047237,0,07,000,00,2,8,01,B01
200600047237,0,32,000,00,2,1,01,A01
200600047238,0,07,000,00,2,1,15,A01
200600047238,0,07,000,00,2,3,01,B01
200600047239,0,07,000,00,2,1,01,A01
200600047239,0,31,000,00,2,1,01,B01
200600047240,0,07,000,08,2,7,01,A01
200600047240,0,07,000,00,2,1,01,B01
200600047241,0,07,000,00,2,7,15,A01
200600047241,0,07,000,00,2,1,01,B01
200600047242,0,38,004,01,2,8,13,A01
200600047242,0,01,000,00,2,8,21,B01
200600047243,0,07,000,01,2,1,01,A01
200600047243,0,07,000,01,2,2,04,B01
200600047244,0,07,000,00,1,8,01,A01
200600047245,0,07,000,00,2,1,02,A01
200600047245,0,07,000,00,2,4,01,B01
200600047246,0,07,000,00,1,1,01,A01
200600047247,0,07,000,00,2,6,15,A01
200600047247,0,33,000,00,2,1,01,B01
200600047248,0,07,000,14,0,1,02,A01
200600047248,0,31,000,00,0,4,23,B01
200600047249,0,33,000,00,2,8,01,A01
200600047249,0,07,000,00,2,8,01,B01
200600047250,0,33,000,00,1,1,01,A01
200600047251,0,02,000,00,2,2,09,A01
200600047251,0,07,000,00,2,8,09,B01
200600047252,0,07,000,00,2,1,01,A01
200600047252,0,32,000,00,2,3,01,B01
200600047253,0,07,000,00,2,3,01,B01
200600047253,0,30,000,00,2,1,01,A01
200600047254,0,01,000,14,0,1,01,A01
200600047254,0,38,001,00,0,5,23,B01
200600047255,0,02,000,00,1,8,01,A01
200600047256,0,07,000,00,2,8,02,A01
200600047256,0,33,000,00,2,7,03,B01
200600047257,0,10,000,00,2,1,01,A01
200600047257,0,07,000,00,2,4,01,B01
200600047258,0,07,000,14,2,1,09,A01
200600047258,0,07,000,00,2,2,02,B01
200600047259,0,07,000,01,2,2,01,A01
200600047259,0,07,000,00,2,8,01,B01
200600047259,0,07,000,00,0,8,24,C01
200600047259,0,07,000,00,2,0,01,D01
200600047260,0,07,000,00,2,7,01,A01
200600047260,0,07,000,00,2,1,01,B01
200600047261,0,07,000,01,0,3,21,A01
200600047261,1,07,000,00,0,0,11,B01
200600047262,0,07,000,00,2,6,15,A01
200600047262,0,02,000,00,2,1,01,B01
200600047263,0,10,000,00,2,1,03,A01
200600047263,0,07,000,00,0,4,01,B01
200600047263,0,07,000,00,0,4,01,C01
200600047264,0,02,000,00,1,1,01,A01
200600047265,0,07,000,01,0,1,01,A01
200600047266,0,07,000,00,2,1,16,A01
200600047267,0,07,000,00,2,2,09,A01
200600047267,0,01,000,00,2,1,02,B01
200600047268,0,10,000,00,1,4,04,A01
200600047269,0,10,000,00,2,2,16,A01
200600047269,0,02,000,00,2,8,01,B01
200600047270,0,07,000,00,2,2,01,A01
200600047270,0,30,000,00,2,1,01,B01
200600047271,0,34,000,00,1,1,01,A01
200600047272,0,07,000,15,2,1,02,A01
200600047272,1,07,000,00,2,0,16,B01
200600047273,0,07,000,00,2,1,01,A01
200600047273,0,07,000,00,2,5,01,B01
200600047274,0,10,000,00,1,1,01,A01
200600047275,0,07,000,00,2,2,02,A01
200600047275,0,32,000,00,2,4,02,B01
200600047275,0,07,000,00,0,4,02,C01
200600047276,0,07,000,00,2,1,02,A01
200600047276,0,07,000,00,2,1,02,B01
200600047276,0,07,000,00,2,4,02,C01
200600047277,0,02,000,00,2,1,02,A01
200600047277,0,07,000,00,0,4,23,B01
200600047278,0,07,000,00,1,2,01,A01
200600047279,0,07,000,00,2,5,00,B01
200600047279,0,02,000,00,2,1,00,A01
200600047280,0,07,000,00,2,1,02,A01
200600047280,0,07,000,00,2,4,02,B01
200600047280,0,07,000,00,2,1,02,C01
200600047280,0,33,000,00,2,1,02,D01
200600047281,0,07,000,00,2,6,15,A01
200600047281,0,02,000,00,2,1,17,B01
200600047282,1,07,000,00,1,0,01,A01
200600047283,0,07,000,00,2,3,15,A01
200600047283,0,30,000,00,2,2,01,B01
200600047284,0,07,000,00,2,1,15,A01
200600047284,0,30,000,00,2,1,01,B01
200600047285,0,07,000,00,2,2,01,A01
200600047285,0,07,000,00,2,6,01,B01
200600047286,0,07,000,00,1,4,04,A01
200600047287,0,07,000,00,1,1,01,A01
200600047288,0,32,000,00,2,1,13,A01
200600047288,0,07,000,00,2,1,02,B01
200600047289,0,33,000,00,2,1,01,B01
200600047289,0,07,000,00,2,2,01,A01
200600047290,0,07,000,00,2,8,10,A01
200600047290,0,33,000,00,2,1,01,B01
200600047291,0,30,000,08,0,1,01,A01
200600047292,0,07,000,00,2,1,05,A01
200600047292,0,07,000,00,2,1,01,B01
200600047293,0,02,000,00,2,1,01,B01
200600047293,0,07,000,00,2,2,01,A01
200600047294,0,07,000,00,2,5,15,A01
200600047294,0,33,000,00,2,7,01,B01
200600047294,0,07,000,00,2,2,01,C01
200600047295,0,07,000,00,2,7,15,A01
200600047295,0,33,000,00,2,1,01,B01
200600047296,0,07,000,00,1,1,01,A01
200600047297,0,07,000,13,0,0,01,A01
200600047298,0,07,000,00,1,0,01,A01
200600047299,0,07,000,00,0,2,01,B01
200600047299,0,02,000,00,2,2,01,A01
200600047300,0,30,000,06,0,8,13,A01
200600047301,0,02,000,00,0,1,01,B01
200600047301,0,07,000,00,2,3,15,A01
200600047302,0,30,000,00,0,1,01,B01
200600047302,0,07,000,00,2,3,15,A01
200600047303,1,33,000,00,0,0,00,A01
200600047304,0,02,000,14,0,1,01,A01
200600047305,0,07,000,12,1,2,14,A01
200600047306,2,07,000,07,0,1,01,A01
200600047307,0,07,000,00,2,8,01,A01
200600047307,0,07,000,00,2,1,01,B01
200600047308,0,07,000,00,2,2,01,A01
200600047308,0,02,000,00,2,1,09,B01
200600047309,0,02,000,00,2,1,01,A01
200600047309,0,07,000,00,2,3,15,B01
200600047310,0,02,000,01,0,1,13,A01
200600047310,0,07,000,00,2,1,23,B01
200600047311,0,07,000,00,2,4,17,A01
200600047311,0,01,000,00,2,4,01,B01
200600047312,0,02,000,00,2,1,00,B01
200600047312,0,07,000,00,2,1,14,A01
200600047313,0,30,000,16,0,8,00,A01
200600047314,2,07,000,00,2,3,00,A01
200600047314,0,30,000,00,2,3,01,B01
200600047315,0,02,000,00,2,7,01,A01
200600047315,0,07,000,00,2,1,20,B01
200600047316,0,10,000,00,2,3,11,A01
200600047316,0,33,000,15,2,1,17,B01
200600047317,0,20,000,00,2,1,00,A01
200600047317,0,03,000,00,2,2,01,B01
200600047317,0,07,000,00,2,3,01,C01
200600047318,0,07,000,00,2,1,13,A01
200600047318,0,07,000,00,2,3,01,B01
200600047319,0,07,000,00,1,3,01,A01
200600047320,0,07,000,00,1,2,01,A01
200600047321,0,31,000,00,2,0,02,B01
200600047321,0,07,000,00,2,6,11,A01
200600047322,0,33,000,00,2,1,01,B01
200600047322,0,07,000,00,2,8,15,A01
200600047323,1,07,000,00,0,0,02,A01
200600047323,0,07,000,00,0,0,12,B01
200600047324,0,07,000,00,2,1,01,A01
200600047324,0,07,000,00,2,4,01,B01
200600047325,0,07,000,00,1,1,01,A01
200600047326,0,07,000,00,2,1,13,A01
200600047326,0,07,000,00,2,8,01,B01
200600047326,0,07,000,00,2,8,01,C01
200600047327,0,01,000,00,1,1,01,A01
200600047328,0,37,010,00,2,5,15,B01
200600047328,0,31,000,00,2,1,01,A01
200600047329,0,33,000,07,2,1,01,A01
200600047329,0,07,000,00,9,2,16,B01
200600047330,0,07,000,00,9,2,15,A01
200600047330,0,30,000,00,2,1,01,B01
200600047331,0,07,000,00,2,8,15,A01
200600047331,0,02,000,00,2,7,17,B01
200600047332,0,30,000,00,2,1,01,A01
200600047332,0,07,000,00,2,5,01,B01
200600047333,0,34,000,00,2,1,01,A01
200600047333,0,07,000,00,2,2,13,B01
200600047334,0,07,000,00,2,1,01,A01
200600047334,0,01,000,00,2,5,06,B01
200600047335,0,07,000,00,2,3,01,A01
200600047335,0,07,000,00,2,3,01,B01
200600047336,0,07,000,00,1,7,01,A01
200600047337,0,07,000,00,9,1,01,A01
200600047337,0,01,000,00,2,8,01,B01
200600047338,0,10,000,06,5,7,02,A01
200600047339,0,07,000,00,2,3,15,A01
200600047339,0,07,000,00,2,3,16,B01
200600047340,0,07,000,00,2,3,02,B01
200600047340,0,07,000,00,2,1,00,A01
200600047341,0,05,000,00,2,1,15,A01
200600047341,0,07,000,00,2,1,01,B01
200600047342,0,07,000,00,2,1,02,A01
200600047342,0,07,000,00,0,4,02,B01
200600047343,0,07,000,00,0,1,23,C01
200600047343,0,07,000,00,0,7,01,B01
200600047343,2,07,000,00,2,1,01,A01
200600047344,0,33,000,00,2,1,17,A01
200600047344,0,07,000,00,2,4,15,B01
200600047345,0,07,000,00,2,1,01,A01
200600047345,0,33,000,00,2,5,10,B01
200600047346,2,07,000,00,2,3,01,A01
200600047346,0,07,000,00,2,2,01,B01
200600047347,1,07,000,00,1,2,01,A01
200600047348,0,30,000,00,2,8,01,A01
200600047348,1,07,000,00,0,0,00,B01
200600047349,0,30,000,12,2,0,06,A01
200600047349,0,07,000,00,2,3,01,B01
200600047350,0,07,000,00,1,1,15,A01
200600047351,0,07,000,00,2,3,11,A01
200600047351,0,07,000,08,2,2,01,B01
200600047352,0,30,000,02,0,1,00,A01
200600047353,0,07,000,00,2,1,05,A01
200600047353,0,07,000,00,2,1,01,B01
200600047354,0,07,000,00,2,1,02,A01
200600047354,0,07,000,00,2,1,02,B01
200600047354,0,07,000,00,2,4,02,C01
200600047355,0,30,000,01,0,0,00,A01
200600047356,0,07,000,00,1,7,01,A01
200600047357,0,07,000,00,2,5,16,A01
200600047357,0,01,000,00,2,1,01,B01
200600047358,0,07,000,00,2,3,00,A01
200600047358,0,30,000,01,0,0,00,B01
200600047358,0,07,000,00,2,2,00,C01
200600047359,0,07,000,00,0,8,22,A01
200600047359,0,01,000,01,0,0,00,B01
200600047360,0,07,000,00,2,2,15,A01
200600047360,0,31,000,00,2,2,21,B01
200600047361,0,07,000,01,2,2,16,A01
200600047361,0,01,000,00,2,0,02,B01
200600047362,0,34,000,00,0,8,01,A01
200600047363,0,07,000,00,1,2,01,A01
200600047364,0,07,000,08,0,1,01,A01
200600047365,0,33,000,00,2,2,03,A01
200600047365,0,07,000,00,9,4,02,B01
200600047365,0,07,000,00,9,3,02,C01
200600047366,2,07,000,00,2,1,00,A01
200600047366,0,07,000,00,2,5,01,B01
200600047367,0,07,000,14,0,1,02,A01
200600047367,0,07,000,00,0,4,23,B01
200600047368,0,07,000,00,2,3,09,A01
200600047368,0,33,000,00,2,1,01,B01
200600047369,0,07,000,00,2,3,15,A01
200600047369,0,33,000,01,2,7,17,B01
200600047370,0,33,000,00,0,1,01,A01
200600047371,0,07,000,00,2,1,02,A01
200600047371,0,07,000,00,2,4,15,B01
200600047372,0,07,000,00,2,0,00,A01
200600047372,0,07,000,00,2,0,00,B01
200600047373,0,33,000,03,0,8,01,A01
200600047374,0,32,000,05,0,0,01,A01
200600047375,0,07,000,01,0,2,00,A01
200600047376,0,07,000,00,2,1,02,A01
200600047376,0,33,000,00,0,4,23,B01
200600047377,0,02,000,00,2,2,01,A01
200600047377,0,07,000,00,2,3,09,B01
200600047378,1,07,000,00,1,1,00,A01
200600047379,0,07,000,15,0,1,17,A01
200600047379,0,02,000,00,2,7,15,B01
200600047380,0,07,000,00,2,1,23,A01
200600047380,0,07,000,00,2,4,23,B01
200600047380,0,07,000,00,2,4,23,C01
200600047381,0,07,000,00,2,8,15,B01
200600047381,0,32,000,00,2,1,17,A01
200600047382,0,07,000,00,2,1,13,A01
200600047382,0,07,000,00,2,8,00,B01
200600047382,0,07,000,00,2,3,00,C01
200600047383,0,07,000,02,1,1,01,A01
200600047384,0,07,000,00,0,1,02,A01
200600047384,0,07,000,00,2,0,02,B01
200600047384,0,07,000,00,0,0,02,C01
200600047385,0,07,000,00,2,2,02,A01
200600047385,0,30,000,00,2,8,02,B01
200600047386,0,07,000,00,9,3,02,A01
200600047386,0,01,000,00,2,7,02,B01
200600047387,0,07,000,00,2,1,02,A01
200600047387,0,07,000,00,2,4,02,B01
200600047387,0,07,000,00,2,4,02,C01
200600047388,0,07,000,00,9,1,01,A01
200600047388,0,01,000,00,2,0,19,B01
200600047389,1,07,000,00,1,1,00,A01
200600047390,0,07,000,00,2,3,15,A01
200600047390,0,05,000,00,2,1,05,B01
200600047391,0,07,000,00,2,5,23,A01
200600047391,0,07,000,00,2,1,23,B01
200600047392,0,32,000,00,2,1,07,B01
200600047392,0,07,000,00,2,2,09,A01
200600047393,0,07,000,00,1,1,01,A01
200600047394,0,30,000,00,1,1,08,A01
200600047395,0,30,000,00,2,7,11,A01
200600047395,0,07,000,00,2,7,01,B01
200600047396,1,30,000,00,1,1,17,A01
200600047397,0,02,000,00,2,1,02,A01
200600047397,0,07,000,00,2,4,16,B01
200600047398,0,07,000,00,2,3,13,A01
200600047398,0,32,000,00,2,7,17,B01
200600047399,0,07,000,00,2,8,15,A01
200600047399,0,33,000,00,2,1,17,B01
200600047400,0,30,000,00,2,1,01,A01
200600047400,0,07,000,00,2,2,01,B01
200600047401,0,07,000,00,2,3,00,A01
200600047401,0,07,000,00,2,5,00,B01
200600047402,0,33,000,00,2,1,02,A01
200600047402,0,07,000,00,0,4,02,B01
200600047403,0,30,000,00,1,1,01,A01
200600047404,0,30,000,00,2,1,13,A01
200600047404,0,07,000,00,0,8,23,B01
200600047404,0,07,000,00,0,8,23,C01
200600047405,0,07,000,00,0,3,01,A01
200600047405,0,30,000,00,2,1,01,B01
200600047406,0,33,000,00,2,1,01,B01
200600047406,0,07,000,00,2,8,09,A01
200600047407,0,33,000,00,2,1,17,A01
200600047407,0,07,000,00,2,8,15,B01
200600047408,1,99,000,00,0,0,00,A01
200600047409,0,31,000,00,2,4,02,B01
200600047410,0,07,000,00,1,1,01,A01
200600047411,0,07,000,00,2,1,02,A01
200600047411,0,07,000,00,0,4,02,B01
200600047412,0,07,000,00,0,3,15,A01
200600047412,0,33,000,00,0,0,01,B01
200600047413,0,07,000,00,2,3,15,B01
200600047413,1,07,000,00,2,1,01,A01
200600047414,0,33,000,00,2,8,13,A01
200600047414,0,07,000,00,2,7,02,B01
200600047415,0,07,000,00,2,1,01,A01
200600047415,0,07,000,00,2,3,15,B01
200600047416,0,07,000,00,2,1,01,A01
200600047416,0,13,000,00,0,4,01,B01