Num_Acc,senc,catv,occutc,obs,obsm,choc,manv,num_veh
200600048878,0,07,000,00,2,1,15,A01
200600048878,0,07,000,00,2,3,01,B01
200600048879,0,07,000,00,0,2,16,A01
200600048879,0,01,000,00,2,1,15,B01
200600048880,0,07,000,13,0,7,14,A01
200600048881,0,10,000,00,2,1,01,A01
200600048881,0,07,000,00,0,4,01,B01
200600048881,0,07,000,00,0,6,01,C01
200600048882,0,30,000,15,0,1,01,A01
200600048883,0,07,000,00,0,7,15,A01
200600048883,0,33,000,00,2,5,01,B01
200600048884,0,07,000,00,2,2,15,A01
200600048884,0,33,000,00,2,1,01,B01
200600048885,0,07,000,00,2,3,01,A01
200600048886,0,07,000,00,1,3,01,A01
200600048887,0,02,000,00,2,8,02,A01
200600048887,0,07,000,00,0,5,01,B01
200600048888,2,07,000,00,2,1,01,A01
200600048888,0,07,000,00,2,3,01,B01
200600048889,0,07,000,00,2,1,01,B01
200600048889,0,07,000,00,2,8,21,A01
200600048890,0,07,000,00,2,1,13,A01
200600048890,0,07,000,00,2,3,00,B01
200600048890,0,07,000,00,2,1,00,C01
200600048890,0,07,000,00,2,2,02,D01
200600048891,0,07,000,00,2,1,15,A01
200600048891,0,07,000,03,2,8,01,B01
200600048892,0,07,000,00,1,1,01,A01
200600048893,0,10,000,00,2,2,16,A01
200600048893,0,01,000,00,2,1,01,B01
200600048894,0,07,000,00,2,1,01,A01
200600048894,0,07,000,00,2,3,15,B01
200600048895,0,02,000,00,2,7,01,A01
200600048895,0,10,000,00,2,1,01,B01
200600048896,0,07,000,00,2,1,01,B01
200600048896,0,02,000,00,2,2,01,A01
200600048897,0,07,000,08,0,8,01,A01
200600048898,0,07,000,00,2,1,01,A01
200600048898,0,07,000,00,2,4,01,B01
200600048899,0,07,000,00,2,1,15,A01
200600048899,0,07,000,00,2,1,01,B01
200600048900,0,07,000,00,2,1,15,A01
200600048900,0,07,000,00,2,3,01,B01
200600048901,0,03,000,00,2,1,13,A01
200600048901,0,07,000,01,2,4,23,B01
200600048901,0,10,000,00,2,6,24,C01
200600048902,0,07,000,00,2,1,02,A01
200600048902,0,07,000,00,2,4,23,B01
200600048902,0,07,000,00,2,4,23,C01
200600048902,0,07,000,00,2,4,23,D01
200600048903,0,07,000,13,0,1,14,A01
200600048904,0,07,000,00,2,2,01,A01
200600048904,0,02,000,00,2,1,01,B01
200600048905,0,01,000,00,2,0,01,A01
200600048905,0,07,000,00,2,1,16,B01
200600048906,0,07,000,00,1,7,01,A01
200600048907,1,02,000,00,1,1,01,A01
200600048908,0,07,000,00,2,7,01,B01
200600048908,0,07,000,09,2,1,19,A01
200600048909,0,07,000,00,2,1,02,A01
200600048909,0,07,000,00,2,4,02,B01
200600048910,0,07,000,00,2,1,01,A01
200600048910,0,07,000,00,2,4,01,B01
200600048911,0,07,000,07,0,1,13,A01
200600048912,0,10,000,00,2,1,11,A01
200600048912,0,07,000,00,2,4,01,B01
200600048912,0,07,000,00,2,4,01,C01
200600048913,0,07,000,00,2,1,01,A01
200600048913,0,07,000,00,2,4,01,B01
200600048914,0,07,000,00,1,2,01,A01
200600048915,0,02,000,00,2,1,02,A01
200600048915,0,07,000,00,2,4,02,B01
200600048916,0,07,000,00,2,1,15,A01
200600048916,0,33,000,00,2,1,01,B01
200600048917,0,07,000,00,2,3,22,A01
200600048917,0,01,000,01,0,1,01,B01
200600048918,0,07,000,00,2,8,01,A01
200600048918,0,07,000,00,2,1,01,B01
200600048919,0,02,000,00,2,1,17,A01
200600048919,0,07,000,00,2,6,15,B01
200600048920,0,07,000,00,1,1,01,A01
200600048921,0,01,000,00,2,1,17,A01
200600048921,0,07,000,00,2,3,01,B01
200600048922,0,30,000,12,0,1,01,A01
200600048923,0,07,000,00,1,2,15,A01
200600048924,0,07,000,00,1,3,16,A01
200600048925,0,07,000,00,1,5,01,A01
200600048926,0,07,000,00,9,8,22,A01
200600048926,0,01,000,01,0,2,01,B01
200600048927,0,07,000,00,1,1,01,A01
200600048928,0,30,000,00,2,1,12,B01
200600048928,0,07,000,00,2,7,02,A01
200600048929,0,03,000,12,0,2,16,A01
200600048930,0,01,000,00,2,8,00,B01
200600048930,0,07,000,00,2,1,00,A01
200600048931,0,01,000,14,0,1,02,A01
200600048932,0,07,000,00,2,3,01,A01
200600048932,0,07,000,00,2,1,15,B01
200600048933,0,07,000,00,2,1,00,A01
200600048933,0,01,000,00,2,8,01,B01
200600048934,0,07,000,00,2,1,01,A01
200600048934,0,07,000,00,2,4,02,B01
200600048934,0,07,000,00,0,4,02,C01
200600048935,0,15,000,00,1,5,15,A01
200600048936,0,02,000,00,2,2,01,B01
200600048936,0,07,000,00,2,3,09,A01
200600048937,0,07,000,00,2,7,01,B01
200600048937,0,30,000,00,2,8,01,A01
200600048938,0,07,000,00,9,5,01,A01
200600048938,0,01,000,00,2,1,01,B01
200600048939,0,07,000,00,1,2,01,A01
200600048940,0,07,000,00,2,8,13,A01
200600048940,0,07,000,00,2,8,01,B01
200600048941,0,07,000,08,0,3,01,A01
200600048942,0,07,000,00,2,1,01,A01
200600048942,0,07,000,12,2,3,01,B01
200600048943,0,01,000,00,2,0,19,B01
200600048943,0,07,000,00,9,1,01,A01
200600048944,0,07,000,00,1,4,04,A01
200600048945,0,07,000,14,2,1,15,A01
200600048945,0,01,000,00,2,4,17,B01
200600048946,0,07,000,00,1,5,04,A01
200600048947,0,02,000,00,2,1,00,A01
200600048947,0,99,000,00,2,2,01,B01
200600048948,0,07,000,00,2,7,01,B01
200600048948,0,07,000,00,2,1,01,A01
200600048949,0,07,000,00,1,1,01,A01
200600048950,0,07,000,01,0,1,01,A01
200600048950,0,07,000,01,2,1,24,B01
200600048951,0,07,000,00,1,6,20,A01
200600048952,0,07,000,00,2,3,05,A01
200600048952,0,07,000,00,2,1,01,B01
200600048952,0,07,000,00,2,6,01,C01
200600048953,1,07,000,00,1,1,01,A01
200600048954,0,07,000,00,2,3,15,A01
200600048954,0,07,000,00,2,3,01,B01
200600048955,0,30,000,00,2,1,01,A01
200600048955,0,07,000,00,2,2,01,B01
200600048956,0,07,000,00,1,1,15,A01
200600048957,0,07,000,00,2,6,01,A01
200600048957,0,14,000,00,2,2,01,B01
200600048958,0,10,000,00,1,4,04,A01
200600048959,0,07,000,14,0,1,01,A01
200600048960,0,07,000,00,2,3,02,A01
200600048960,0,07,000,00,0,6,15,B01
200600048961,0,07,000,00,2,1,01,B01
200600048961,0,07,000,00,2,3,16,A01
200600048962,0,10,000,00,1,1,01,A01
200600048963,0,30,000,00,2,1,16,A01
200600048963,0,15,000,00,2,3,23,B01
200600048964,0,07,000,00,1,1,01,A01
200600048965,0,07,000,00,2,1,16,A01
200600048965,0,07,000,00,2,3,01,B01
200600048966,0,02,000,00,2,1,01,B01
200600048966,0,07,000,00,0,5,15,A01
200600048967,0,30,000,00,1,1,00,A01
200600048968,0,07,000,00,2,2,15,A01
200600048968,0,02,000,00,2,6,01,B01
200600048969,0,07,000,00,2,3,16,A01
200600048969,0,02,000,00,2,8,01,B01
200600048970,0,07,000,00,2,1,01,B01
200600048970,0,01,000,00,2,1,01,A01
200600048971,0,07,000,00,2,1,01,A01
200600048971,0,07,000,00,2,4,01,B01
200600048972,0,01,000,00,1,1,01,A01
200600048973,0,10,000,00,1,1,01,A01
200600048974,0,07,000,00,2,2,01,A01
200600048974,0,07,000,00,2,3,01,B01
200600048975,0,07,000,00,2,3,01,B01
200600048975,0,99,000,00,2,1,01,A01
200600048976,0,07,000,00,2,8,00,A01
200600048976,0,07,000,00,2,1,01,B01
200600048977,0,02,000,01,2,1,17,A01
200600048977,0,07,000,00,0,8,15,B01
200600048978,0,07,000,00,2,3,09,A01
200600048978,0,33,000,00,2,8,01,B01
200600048978,0,33,000,00,0,8,01,C01
200600048979,0,02,000,12,0,7,01,A01
200600048980,0,33,000,00,2,1,01,A01
200600048980,0,07,000,00,0,4,01,B01
200600048981,0,38,014,00,2,2,01,A01
200600048981,0,07,000,00,0,6,01,B01
200600048982,0,33,000,16,0,8,16,A01
200600048983,0,02,000,00,0,7,01,A01
200600048984,0,02,000,00,2,2,15,A01
200600048984,0,07,000,00,0,1,01,B01
200600048985,0,07,000,00,2,3,10,A01
200600048985,0,33,000,00,0,1,01,B01
200600048986,0,02,000,00,2,7,01,A01
200600048986,0,07,000,00,0,1,01,B01
200600048987,0,07,000,00,1,8,01,A01
200600048988,0,02,000,16,0,8,15,A01
200600048989,0,07,000,00,0,8,01,B01
200600048989,0,07,000,00,2,1,15,A01
200600048990,0,02,000,00,2,1,01,A01
200600048990,0,07,000,00,1,3,01,B01
200600048991,0,07,000,00,2,3,22,A01
200600048991,0,02,000,00,0,8,01,B01
200600048992,0,07,000,00,0,2,01,B01
200600048992,0,02,000,00,2,7,01,A01
200600048993,0,02,000,00,2,8,22,A01
200600048993,0,01,000,00,0,7,01,B01
200600048994,0,02,000,00,2,8,08,A01
200600048994,0,10,000,00,0,5,01,B01
200600048995,0,07,000,00,2,1,01,A01
200600048995,0,07,000,00,0,1,01,B01
200600048996,0,02,000,00,2,8,17,A01
200600048996,0,07,000,00,0,7,01,B01
200600048996,0,37,001,00,0,8,01,C01
200600048997,0,02,000,00,2,3,05,A01
200600048997,0,07,000,00,0,6,01,B01
200600048998,0,07,000,00,2,3,15,A01
200600048998,0,07,000,00,2,3,01,B01
200600048999,0,07,000,00,2,2,16,A01
200600048999,0,30,000,00,2,1,01,B01
200600049000,0,07,000,00,2,2,02,A01
200600049000,0,30,000,00,2,3,02,B01
200600049001,0,07,000,00,2,0,00,A01
200600049001,0,07,000,00,2,0,00,B01
200600049002,0,07,000,00,2,7,16,A01
200600049002,0,01,000,00,2,1,01,B01
200600049003,0,07,000,01,9,5,02,B01
200600049003,0,33,000,00,2,1,02,A01
200600049004,0,07,000,00,1,1,01,A01
200600049005,0,07,000,00,2,1,15,A01
200600049005,0,31,000,00,0,1,01,B01
200600049006,0,07,000,00,2,3,15,A01
200600049006,0,33,000,00,0,1,01,B01
200600049007,0,07,000,00,2,2,15,A01
200600049007,0,33,000,00,0,1,01,B01
200600049008,0,07,000,00,1,1,01,A01
200600049009,0,07,000,00,2,3,09,A01
200600049009,0,02,000,00,0,1,01,B01
200600049010,0,07,000,00,1,1,01,A01
200600049011,0,07,000,00,2,2,16,A01
200600049011,0,01,000,00,0,3,01,B01
200600049012,1,07,000,00,2,5,16,A01
200600049012,0,01,000,00,0,1,01,B01
200600049013,0,07,000,00,2,3,01,A01
200600049013,0,33,000,00,0,1,01,B01
200600049014,0,07,000,00,0,0,23,A01
200600049014,0,31,000,00,0,1,01,B01
200600049015,0,07,000,00,1,2,01,A01
200600049016,0,02,000,00,2,1,01,A01
200600049016,0,07,000,00,0,0,00,B01
200600049017,0,32,000,00,2,1,17,B01
200600049017,0,07,000,00,2,8,15,A01
200600049018,0,07,000,00,2,8,00,A01
200600049018,0,07,000,00,2,7,01,B01
200600049019,0,07,000,00,1,2,01,A01
200600049020,0,02,000,00,2,1,05,A01
200600049020,0,02,000,00,2,1,00,B01
200600049021,0,07,000,00,2,1,00,A01
200600049021,0,07,000,00,2,1,01,B01
200600049022,0,07,000,00,2,3,15,A01
200600049022,0,33,000,00,2,5,17,B01
200600049023,0,07,000,08,0,1,00,A01
200600049024,0,07,000,00,2,1,01,A01
200600049024,0,07,000,00,2,2,15,B01
200600049025,0,02,000,00,2,1,17,A01
200600049025,0,14,000,00,2,1,01,B01
200600049026,0,07,000,00,2,8,22,A01
200600049026,0,01,000,00,2,2,01,B01
200600049027,0,04,000,12,0,6,13,A01
200600049028,0,07,000,00,1,1,01,A01
200600049029,0,04,000,00,2,3,01,B01
200600049029,0,07,000,00,2,4,04,A01
200600049030,1,07,000,00,1,1,00,A01
200600049031,0,04,000,00,2,1,01,A01
200600049031,0,07,000,00,2,4,01,B01
200600049031,0,07,000,00,2,4,01,C01
200600049031,0,10,000,00,2,4,01,D01
200600049031,0,07,000,00,2,4,01,E01
200600049032,0,10,000,00,2,7,01,A01
200600049032,0,05,000,00,2,1,01,B01
200600049033,0,07,000,00,1,1,01,A01
200600049034,0,04,000,00,2,3,18,A01
200600049034,0,07,000,00,2,5,16,B01
200600049035,0,07,000,00,1,4,20,A01
200600049036,0,05,000,00,2,2,05,A01
200600049036,0,07,000,00,2,8,15,B01
200600049037,0,18,000,00,1,1,01,A01
200600049038,0,07,000,00,2,8,22,A01
200600049038,0,02,000,00,2,2,01,B01
200600049039,0,07,000,00,2,8,22,A01
200600049039,0,01,000,00,2,2,01,B01
200600049040,0,07,000,00,1,1,01,A01
200600049041,0,05,000,00,0,0,21,A01
200600049042,0,10,000,00,2,1,01,A01
200600049042,0,10,000,00,2,4,23,B01
200600049043,0,04,000,00,1,1,01,A01
200600049044,0,07,000,00,2,3,09,A01
200600049044,0,04,000,00,2,2,01,B01
200600049045,0,07,000,00,1,1,01,A01
200600049046,0,04,000,00,1,1,01,A01
200600049047,0,07,000,00,1,4,20,A01
200600049048,0,05,000,00,2,3,18,A01
200600049048,0,07,000,00,2,2,12,B01
200600049048,0,07,000,00,2,4,01,C01
200600049049,1,10,000,00,2,8,00,A01
200600049049,0,02,000,00,2,2,01,B01
200600049050,0,10,000,00,2,1,02,A01
200600049050,0,07,000,00,2,4,23,B01
200600049051,0,07,000,00,1,1,01,A01
200600049052,0,07,000,00,2,5,15,A01
200600049052,0,05,000,00,2,1,01,B01
200600049053,0,05,000,00,2,1,07,A01
200600049053,0,10,000,00,2,2,15,B01
200600049054,0,02,000,14,0,1,21,A01
200600049055,0,02,000,00,2,2,17,A01
200600049055,0,07,000,00,2,8,15,B01
200600049056,0,10,000,06,0,1,01,A01
200600049057,0,02,000,00,2,1,01,B01
200600049057,0,07,000,00,2,2,15,A01
200600049058,0,07,000,00,2,1,01,B01
200600049058,0,05,000,01,2,2,01,A01
200600049059,0,07,000,00,1,1,01,A01
200600049060,0,02,000,02,0,1,01,A01
200600049061,0,02,000,00,2,2,17,A01
200600049061,0,07,000,00,2,8,15,B01
200600049062,0,07,000,00,2,7,15,A01
200600049062,0,05,000,00,2,1,01,B01
200600049063,1,07,000,00,2,3,00,A01
200600049063,0,04,000,00,2,2,01,B01
200600049064,1,10,000,00,2,1,00,A01
200600049064,0,04,000,00,2,4,01,B01
200600049065,0,07,000,00,2,7,16,A01
200600049065,0,04,000,00,2,3,01,B01
200600049066,0,05,000,00,2,2,16,A01
200600049066,0,07,000,00,2,3,07,B01
200600049067,0,02,000,01,0,1,01,A01
200600049068,0,07,000,00,2,1,02,A01
200600049068,0,07,000,00,2,4,01,B01
200600049068,0,07,000,00,2,4,02,C01
200600049068,0,07,000,00,2,4,23,D01
200600049069,0,05,000,00,2,2,17,A01
200600049069,0,07,000,00,2,3,15,B01
200600049070,0,04,000,00,0,0,01,A01
200600049071,0,17,000,00,2,2,12,A01
200600049071,0,07,000,00,2,3,01,B01
200600049071,0,07,000,00,2,6,01,C01
200600049071,0,10,000,00,2,1,01,D01
200600049072,0,04,000,00,2,3,18,A01
200600049072,0,07,000,00,2,2,16,B01
200600049073,0,02,000,00,1,1,18,A01
200600049074,0,02,000,00,2,1,01,A01
200600049074,0,01,000,00,2,4,02,B01
200600049075,0,07,000,00,2,3,11,A01
200600049075,0,04,000,00,2,2,17,B01
200600049076,0,02,000,00,1,1,01,A01
200600049077,0,04,000,00,2,2,01,A01
200600049077,0,07,000,00,2,1,01,B01
200600049078,0,04,000,00,0,0,01,A01
200600049079,0,07,000,00,2,1,01,B01
200600049079,0,02,000,00,2,2,01,A01
200600049080,0,02,000,00,2,1,02,A01
200600049080,0,10,000,00,2,4,01,B01
200600049081,0,05,000,00,0,0,01,A01
200600049082,0,07,000,00,2,2,16,A01
200600049082,0,04,000,00,2,3,01,B01
200600049083,0,07,000,00,2,5,22,A01
200600049083,0,04,000,00,2,1,18,B01
200600049084,0,04,000,00,2,2,17,A01
200600049084,0,07,000,00,2,3,23,B01
200600049085,0,04,000,00,1,1,01,A01
200600049086,0,07,000,00,2,2,15,A01
200600049086,0,04,000,00,2,1,01,B01
200600049087,0,05,000,00,0,0,21,A01
200600049088,0,05,000,00,2,3,09,A01
200600049088,0,01,000,00,2,2,01,B01
200600049088,0,10,000,00,2,5,01,C01
200600049089,0,07,000,00,2,3,15,A01
200600049089,0,02,000,00,2,2,17,B01
200600049090,0,07,000,00,2,5,16,A01
200600049090,0,18,000,00,2,3,01,B01
200600049091,1,07,000,00,1,1,00,A01
200600049092,0,07,000,00,1,3,01,A01
200600049093,0,02,000,00,0,0,21,A01
200600049094,0,04,000,00,0,0,01,A01
200600049095,0,07,000,00,2,1,02,A01
200600049095,0,07,000,00,2,4,23,B01
200600049095,0,07,000,00,2,4,23,C01
200600049096,1,07,000,00,2,1,00,A01
200600049096,0,05,000,00,2,4,23,B01
200600049097,0,04,000,01,0,1,14,A01
200600049098,0,01,000,00,5,1,01,A01
200600049099,0,10,000,00,1,1,01,A01
200600049100,0,02,000,00,0,0,01,A01
200600049101,0,07,000,00,2,2,15,A01
200600049101,0,02,000,00,2,1,01,B01
200600049102,0,05,000,00,0,1,01,A01
200600049103,0,07,000,00,1,1,01,A01
200600049104,0,05,000,00,1,1,01,A01
200600049105,0,07,000,00,2,3,11,A01
200600049105,0,02,000,00,2,2,01,B01
200600049106,0,07,000,00,2,1,02,A01
200600049106,0,02,000,00,2,4,23,B01
200600049107,0,04,000,07,0,1,01,A01
200600049108,0,04,000,00,2,1,02,A01
200600049108,0,18,000,00,2,4,23,B01
200600049109,0,05,000,00,0,0,01,A01
200600049110,0,10,000,00,2,1,01,A01
200600049110,0,07,000,00,2,4,23,B01
200600049111,0,02,000,00,2,3,07,A01
200600049111,0,07,000,00,2,2,16,B01
200600049112,1,04,000,00,1,1,00,A01
200600049113,0,07,000,12,0,1,01,A01
200600049114,0,10,000,00,1,2,15,A01
200600049115,0,07,000,00,1,2,15,A01
200600049116,0,07,000,00,1,1,01,A01
200600049117,0,07,000,00,2,4,04,A01
200600049117,0,04,000,00,2,1,01,B01
200600049118,0,04,000,00,2,1,05,A01
200600049118,0,18,000,00,2,3,01,B01
200600049118,0,07,000,00,2,1,01,C01
200600049119,0,02,000,11,0,1,01,A01
200600049120,0,07,000,00,2,1,01,A01
200600049120,0,02,000,00,2,4,01,B01
200600049121,0,07,000,00,2,1,11,A01
200600049121,0,07,000,00,2,4,23,B01
200600049122,0,07,000,00,2,8,01,B01
200600049122,0,04,000,00,2,1,01,A01
200600049123,0,02,000,00,2,3,18,A01
200600049123,0,07,000,00,2,2,16,B01
200600049124,0,07,000,00,2,3,10,A01
200600049124,0,05,000,00,2,2,01,B01
200600049125,0,02,000,00,2,4,23,A01
200600049125,0,05,000,00,2,1,01,B01
200600049126,0,07,000,00,2,2,15,A01
200600049126,0,02,000,00,2,1,01,B01
200600049127,0,07,000,14,0,2,14,A01
200600049128,1,04,000,00,1,1,00,A01
200600049129,0,04,000,14,0,1,01,A01
200600049130,0,05,000,00,1,1,07,A01
200600049131,0,05,000,00,2,1,01,A01
200600049131,0,07,000,00,2,4,01,B01
200600049132,0,07,000,00,2,1,02,A01
200600049132,0,02,000,00,2,4,23,B01
200600049133,0,07,000,11,0,1,01,A01
200600049134,0,07,000,00,2,6,01,A01
200600049134,0,05,000,00,2,1,01,B01
200600049135,0,07,000,00,1,1,15,A01
200600049136,0,02,000,00,2,3,18,A01
200600049136,0,07,000,00,2,7,16,B01
200600049137,0,05,000,00,2,2,16,A01
200600049137,0,07,000,00,2,8,01,B01
200600049138,0,05,000,00,2,3,15,A01
200600049138,0,07,000,00,2,2,07,B01
200600049139,0,07,000,00,2,7,15,A01
200600049139,0,05,000,00,2,1,01,B01
200600049140,1,07,000,00,1,1,00,A01
200600049141,0,10,000,01,1,1,01,A01
200600049142,0,04,000,00,0,0,21,A01
200600049143,0,07,000,00,2,1,01,B01
200600049143,0,02,000,00,2,2,01,A01
200600049144,0,05,000,00,2,1,01,A01
200600049144,0,07,000,00,2,4,16,B01
200600049145,0,07,000,00,2,1,02,A01
200600049145,0,05,000,00,2,4,23,B01
200600049146,0,01,000,00,2,3,11,A01
200600049146,0,05,000,00,2,2,17,B01
200600049147,0,07,000,00,2,3,01,B01
200600049147,0,07,000,00,2,1,01,A01
200600049148,0,07,000,14,2,1,01,B01
200600049148,0,10,000,15,2,2,15,A01
200600049149,0,07,000,00,2,1,01,B01
200600049149,0,07,000,00,2,2,01,A01
200600049150,0,07,000,00,1,3,01,A01
200600049151,1,07,000,00,2,1,00,A01
200600049151,0,01,000,00,2,3,19,B01
200600049152,0,04,000,14,0,1,14,A01
200600049153,0,07,000,00,2,2,15,A01
200600049153,0,07,000,00,2,1,01,B01
200600049154,0,14,000,00,2,2,09,A01
200600049154,0,05,000,00,2,3,23,B01
200600049155,0,02,000,00,0,0,07,A01
200600049156,0,07,000,00,2,2,16,A01
200600049156,0,18,000,00,2,3,01,B01
200600049157,0,05,000,00,2,1,01,A01
200600049157,0,10,000,00,2,7,01,B01
200600049158,1,10,000,00,2,6,00,A01
200600049158,0,05,000,00,2,2,01,B01
200600049159,0,05,000,00,2,3,07,A01
200600049159,0,07,000,00,2,2,01,B01
200600049160,0,07,000,00,2,8,10,A01
200600049160,0,02,000,00,2,2,01,B01
200600049161,0,07,000,00,1,1,01,A01
200600049162,0,14,000,00,2,3,22,A01
200600049162,0,18,000,00,2,7,17,B01
200600049163,0,07,000,00,2,1,02,A01
200600049163,0,07,000,00,2,4,01,B01
200600049164,0,01,000,00,1,1,15,A01
200600049165,0,07,000,00,2,1,01,A01
200600049165,0,07,000,01,2,3,01,B01
200600049166,0,04,000,00,2,3,15,A01
200600049166,0,04,000,00,2,2,01,B01
200600049167,0,10,000,00,1,3,15,A01
200600049168,0,02,000,00,2,1,01,B01
200600049168,0,07,000,00,2,6,01,A01
200600049169,0,07,000,00,1,1,01,A01
200600049170,0,10,000,00,2,2,15,A01
200600049170,0,07,000,00,2,1,07,B01
200600049171,0,07,000,00,1,1,01,A01
200600049172,0,07,000,00,1,1,01,A01
200600049173,1,05,000,00,1,1,00,A01
200600049174,0,04,000,00,1,1,01,A01
200600049175,0,02,000,00,0,0,21,A01
200600049176,0,10,000,00,2,8,05,A01
200600049176,0,14,000,00,2,8,01,B01
200600049177,0,07,000,00,2,3,09,A01
200600049177,0,04,000,00,2,2,01,B01
200600049178,0,10,000,00,2,1,01,B01
200600049178,0,07,000,00,2,2,01,A01
200600049179,0,10,000,00,2,3,15,A01
200600049179,0,04,000,00,2,2,01,B01
200600049180,0,05,000,00,2,1,05,A01
200600049180,0,07,000,00,2,1,01,B01
200600049181,0,07,000,14,0,1,01,A01
200600049182,0,10,000,00,2,3,01,A01
200600049182,0,02,000,00,2,1,01,B01
200600049183,0,05,000,00,2,1,01,A01
200600049183,0,07,000,00,2,4,01,B01
200600049184,0,07,000,00,2,2,12,A01
200600049184,0,05,000,00,2,3,01,B01
200600049185,0,17,000,00,2,2,12,A01
200600049185,0,07,000,00,2,8,01,B01
200600049186,0,07,000,09,0,2,07,A01
200600049187,0,07,000,00,1,1,01,A01
200600049188,0,18,000,00,2,2,16,A01
200600049188,0,05,000,00,2,3,01,B01
200600049189,0,07,000,00,2,2,01,A01
200600049189,0,07,000,00,2,1,01,B01
200600049190,0,10,000,00,2,5,16,A01
200600049190,0,05,000,00,2,3,01,B01
200600049191,0,07,000,00,1,1,15,A01
200600049192,0,07,000,00,2,7,15,A01
200600049192,0,02,000,00,2,1,01,B01
200600049193,0,02,000,00,0,0,01,A01
200600049194,2,07,000,00,2,1,01,A01
200600049194,0,07,000,00,2,2,01,B01
200600049195,0,05,000,00,0,0,01,A01
200600049196,0,02,000,00,0,0,01,A01
200600049197,0,18,000,00,2,1,02,A01
200600049197,0,05,000,00,2,4,23,B01
200600049198,0,07,000,00,2,1,02,A01
200600049198,0,07,000,00,2,4,23,B01
200600049199,0,07,000,00,2,1,02,A01
200600049199,0,07,000,00,2,4,02,B01
200600049199,0,07,000,00,2,4,02,C01
200600049200,0,02,000,00,2,1,01,B01
200600049200,0,07,000,00,2,3,01,A01
200600049201,0,04,000,00,2,3,18,A01
200600049201,0,07,000,00,2,2,16,B01
200600049202,0,07,000,00,2,3,15,A01
200600049202,0,04,000,00,2,2,01,B01
200600049203,0,07,000,00,2,1,01,A01
200600049204,0,07,000,07,0,1,01,A01
200600049205,0,07,000,00,2,2,15,A01
200600049205,0,02,000,00,2,1,07,B01
200600049206,0,05,000,00,2,3,18,A01
200600049206,0,07,000,00,2,2,12,B01
200600049206,0,07,000,00,2,4,01,C01
200600049207,0,07,000,00,2,2,01,A01
200600049207,0,02,000,00,2,1,01,B01
200600049208,0,10,000,00,2,2,15,A01
200600049208,0,07,000,00,2,1,01,B01
200600049209,0,07,000,00,2,1,01,A01
200600049209,0,07,000,00,2,4,01,B01
200600049210,0,07,000,00,1,4,04,A01
200600049211,0,07,000,00,2,1,01,A01
200600049211,0,10,000,00,2,4,01,B01
200600049212,0,02,000,00,2,1,01,B01
200600049212,0,07,000,00,2,2,01,A01
200600049213,0,02,000,00,2,1,01,A01
200600049213,0,07,000,00,2,3,01,B01
200600049214,0,07,000,00,2,1,01,A01
200600049214,0,07,000,00,2,3,01,B01
200600049215,0,07,000,00,2,2,15,A01
200600049215,0,07,000,00,2,1,01,B01
200600049216,0,07,000,00,1,1,01,A01
200600049217,0,18,000,00,2,8,15,A01
200600049217,0,07,000,11,2,2,01,B01
200600049218,0,10,000,00,2,8,22,A01
200600049218,0,10,000,00,2,2,01,B01
200600049219,0,04,000,00,2,6,01,B01
200600049219,0,07,000,00,2,1,01,A01
200600049220,0,04,000,00,1,1,01,A01
200600049221,1,02,000,00,1,1,00,A01
200600049222,0,02,000,00,2,3,21,A01
200600049222,0,07,000,00,2,5,01,B01
200600049223,0,07,000,00,2,2,15,A01
200600049223,0,02,000,00,2,1,01,B01
200600049224,0,07,000,00,2,1,01,A01
200600049224,0,02,000,00,2,2,07,B01
200600049225,0,10,000,00,2,6,15,A01
200600049225,0,05,000,00,2,2,01,B01
200600049226,0,07,000,00,1,4,20,A01
200600049227,0,07,000,00,2,1,01,B01
200600049227,0,07,000,00,2,2,01,A01
200600049228,0,14,000,00,2,7,17,A01
200600049228,0,07,000,00,2,8,15,B01
200600049229,0,07,000,00,2,8,15,A01
200600049229,0,04,000,00,2,2,01,B01
200600049230,0,07,000,00,2,2,01,A01
200600049230,0,10,000,00,2,1,01,B01
200600049231,0,18,000,00,1,2,07,A01
200600049232,0,05,000,00,1,1,01,A01
200600049233,0,05,000,00,0,0,01,A01
200600049234,0,07,000,00,2,7,15,A01
200600049234,0,02,000,00,2,1,01,B01
200600049235,0,04,000,00,1,1,16,A01
200600049236,0,07,000,00,2,8,15,A01
200600049236,0,05,000,00,2,2,01,B01
200600049237,0,07,000,00,2,1,01,A01
200600049237,0,07,000,00,2,3,01,B01
200600049238,0,05,000,01,0,1,01,A01
200600049239,0,07,000,00,2,8,15,A01
200600049239,0,07,000,00,2,2,01,B01
200600049240,0,07,000,01,0,1,01,A01
200600049241,1,07,000,00,2,7,00,A01
200600049241,0,04,000,00,2,3,01,B01
200600049242,0,07,000,08,0,1,21,A01
200600049243,0,07,000,00,2,1,01,A01
200600049243,0,07,000,00,2,4,23,B01
200600049244,0,01,000,00,2,1,01,A01
200600049244,0,07,000,00,2,4,01,B01
200600049245,0,07,000,00,1,1,01,A01
200600049246,0,07,000,00,2,8,10,A01
200600049246,0,02,000,00,2,2,01,B01
200600049247,0,02,000,00,2,1,01,A01
200600049247,0,07,000,00,2,4,23,B01
200600049248,0,02,000,00,2,2,17,A01