Num_Acc,senc,catv,occutc,obs,obsm,choc,manv,num_veh
200600049628,0,07,000,00,1,1,01,A01
200600049629,0,07,000,00,1,1,16,A01
200600049630,0,33,000,00,1,1,01,A01
200600049631,0,07,000,00,1,3,01,A01
200600049632,0,30,000,12,0,2,01,A01
200600049633,0,07,000,00,2,2,16,A01
200600049633,0,02,000,00,2,1,01,B01
200600049634,0,07,000,00,2,1,01,A01
200600049634,0,10,000,00,2,4,01,B01
200600049635,0,07,000,00,2,5,15,A01
200600049635,0,07,000,00,2,1,01,B01
200600049636,0,02,000,00,2,8,01,A01
200600049636,0,10,000,00,2,8,01,B01
200600049637,0,07,000,00,1,2,01,A01
200600049638,0,07,000,00,2,2,15,A01
200600049638,0,07,000,00,2,1,01,B01
200600049639,0,07,000,00,2,1,01,A01
200600049639,0,07,000,00,2,4,01,B01
200600049640,0,01,000,00,2,1,19,A01
200600049640,0,07,000,00,2,1,01,B01
200600049641,0,02,000,00,2,3,01,A01
200600049641,0,07,000,00,2,2,01,B01
200600049642,0,07,000,00,2,1,00,A01
200600049642,0,07,000,00,2,8,15,B01
200600049643,0,07,000,00,2,4,01,B01
200600049643,0,07,000,00,2,1,01,A01
200600049644,0,07,000,00,2,1,01,A01
200600049644,0,10,000,00,2,4,01,B01
200600049645,0,01,000,00,2,6,09,A01
200600049645,0,07,000,00,2,1,01,B01
200600049646,0,07,000,00,1,1,21,A01
200600049647,0,07,000,00,2,8,15,A01
200600049647,0,02,000,00,2,1,17,B01
200600049648,0,07,000,00,1,1,01,A01
200600049649,0,02,000,00,2,1,01,A01
200600049649,0,07,000,00,2,4,23,B01
200600049650,0,07,000,00,2,2,17,A01
200600049650,0,07,000,00,2,8,15,B01
200600049651,0,07,000,00,2,3,01,B01
200600049651,0,07,000,00,2,8,15,A01
200600049652,0,02,000,00,2,1,01,A01
200600049652,0,07,000,00,2,4,01,B01
200600049653,0,07,000,01,0,1,14,A01
200600049654,0,07,000,00,0,1,01,A01
200600049655,0,07,000,07,2,1,01,B01
200600049655,0,07,000,00,2,1,01,A01
200600049656,0,07,000,00,1,2,01,A01
200600049657,0,02,000,08,0,0,01,A01
200600049658,0,10,000,13,0,1,14,A01
200600049659,0,07,000,00,9,0,24,A01
200600049659,0,01,000,01,0,1,02,B01
200600049660,0,07,000,00,2,1,01,A01
200600049660,0,07,000,00,2,1,01,B01
200600049661,0,07,000,00,6,9,01,A01
200600049662,0,07,000,00,2,1,13,A01
200600049662,0,14,000,00,2,1,01,B01
200600049663,0,02,000,00,2,0,01,A01
200600049663,0,01,000,00,2,1,09,B01
200600049664,0,07,000,00,2,3,01,A01
200600049664,0,07,000,13,2,8,01,B01
200600049665,0,07,000,00,2,1,01,A01
200600049665,0,07,000,00,2,3,01,B01
200600049666,0,07,000,13,0,1,01,A01
200600049667,0,07,000,00,2,7,01,B01
200600049667,0,10,000,00,2,1,09,A01
200600049668,0,07,000,00,2,2,01,B01
200600049668,0,30,000,00,2,8,19,A01
200600049669,0,07,000,00,2,3,17,A01
200600049669,0,07,000,00,2,3,01,B01
200600049670,0,32,000,00,2,1,01,B01
200600049670,0,07,000,00,2,8,19,A01
200600049671,0,07,000,00,2,5,15,A01
200600049671,0,33,000,00,2,1,01,B01
200600049672,0,07,000,00,2,1,15,A01
200600049672,0,07,000,08,2,8,01,B01
200600049673,0,31,000,00,2,2,17,A01
200600049673,0,20,000,00,2,6,23,B01
200600049673,0,02,000,00,2,7,01,C01
200600049674,0,07,000,00,2,8,15,A01
200600049674,0,33,000,00,2,1,01,B01
200600049675,0,31,000,00,2,1,17,A01
200600049675,0,07,000,00,2,1,15,B01
200600049676,0,07,000,00,2,6,15,A01
200600049676,0,33,000,00,2,1,17,B01
200600049677,0,32,000,00,2,1,05,A01
200600049677,0,10,000,00,2,1,21,B01
200600049678,0,07,000,04,1,1,01,A01
200600049679,0,02,000,08,2,8,17,A01
200600049679,0,07,000,00,2,8,15,B01
200600049680,0,07,000,00,1,2,01,A01
200600049681,0,02,000,01,2,3,09,A01
200600049681,0,07,000,01,2,2,01,B01
200600049682,0,07,000,01,0,2,21,A01
200600049682,0,07,000,00,2,6,24,B01
200600049683,0,07,000,00,1,1,01,A01
200600049683,0,01,000,00,2,7,00,B01
200600049684,0,07,000,00,1,7,01,A01
200600049685,0,07,000,00,2,7,15,A01
200600049685,0,07,000,00,2,1,01,B01
200600049685,0,07,000,00,2,3,23,C01
200600049686,0,33,000,00,2,8,03,A01
200600049686,0,07,000,00,2,6,15,B01
200600049687,0,02,000,00,2,1,15,A01
200600049687,0,02,000,00,2,1,16,B01
200600049688,0,07,000,00,1,1,16,A01
200600049689,0,07,000,00,0,6,01,B01
200600049689,0,07,000,00,2,2,01,A01
200600049690,0,07,000,00,0,4,02,C01
200600049690,0,07,000,00,2,4,02,B01
200600049690,0,07,000,00,2,1,02,A01
200600049691,0,07,000,00,0,4,23,B01
200600049691,0,31,000,00,2,1,02,A01
200600049692,0,07,000,00,2,0,19,A01
200600049692,0,07,000,00,2,0,01,B01
200600049693,0,01,000,00,2,8,01,B01
200600049694,0,32,000,00,2,1,01,B01
200600049694,0,01,000,00,2,1,05,A01
200600049695,0,07,000,00,2,1,23,A01
200600049695,0,07,000,00,2,9,01,B01
200600049695,0,07,000,00,2,4,23,C01
200600049696,0,30,000,00,2,1,01,B01
200600049696,0,07,000,00,2,2,15,A01
200600049697,0,07,000,00,1,1,01,A01
200600049698,0,07,000,00,2,1,01,A01
200600049698,0,07,000,00,2,7,01,B01
200600049699,0,07,000,00,2,1,02,A01
200600049699,0,07,000,00,2,4,02,B01
200600049699,0,07,000,00,0,4,01,C01
200600049700,0,01,000,00,1,2,01,A01
200600049701,0,02,000,08,0,1,13,A01
200600049702,0,07,000,00,2,5,01,A01
200600049702,0,07,000,00,2,3,01,B01
200600049703,0,07,000,00,2,1,02,A01
200600049703,0,07,000,00,2,4,02,B01
200600049703,0,07,000,00,0,4,02,C01
200600049704,0,07,000,00,2,2,15,A01
200600049704,0,34,000,00,2,1,01,B01
200600049705,0,07,000,00,2,6,20,A01
200600049705,0,32,000,00,2,1,21,B01
200600049706,0,02,000,13,2,0,01,A01
200600049707,0,37,005,00,1,7,01,A01
200600049708,0,02,000,00,2,1,01,B01
200600049708,0,07,000,00,2,1,15,A01
200600049709,0,07,000,00,2,8,01,A01
200600049709,0,33,000,00,2,2,12,B01
200600049710,0,07,000,00,1,3,01,A01
200600049711,0,07,000,00,2,1,01,A01
200600049711,0,07,000,00,2,4,01,B01
200600049711,0,07,000,00,2,4,01,C01
200600049712,0,07,000,00,2,5,11,A01
200600049712,0,33,000,00,2,2,01,B01
200600049713,0,07,000,00,1,2,01,A01
200600049714,0,07,000,00,1,3,00,A01
200600049715,0,07,000,00,2,5,16,A01
200600049716,0,07,000,00,2,7,15,A01
200600049716,0,07,000,00,2,1,01,B01
200600049716,0,07,000,00,2,1,23,C01
200600049717,0,07,000,00,2,8,15,A01
200600049717,0,07,000,00,2,1,01,B01
200600049718,0,07,000,00,2,1,01,A01
200600049718,0,01,000,00,2,8,15,B01
200600049719,0,07,000,00,2,3,10,A01
200600049719,0,07,000,00,2,2,01,B01
200600049720,0,02,000,00,2,2,13,A01
200600049720,0,07,000,00,2,3,01,B01
200600049721,0,30,000,00,2,1,18,A01
200600049721,0,07,000,00,2,7,16,B01
200600049722,0,07,000,00,2,1,13,A01
200600049722,0,07,000,00,2,1,01,B01
200600049723,0,07,000,00,2,3,01,A01
200600049723,0,07,000,00,2,2,01,B01
200600049724,0,30,000,00,2,7,01,A01
200600049724,0,07,000,00,2,1,01,B01
200600049725,0,07,000,00,2,2,19,A01
200600049725,0,33,000,00,2,1,01,B01
200600049726,0,07,000,00,2,1,01,A01
200600049726,0,07,000,00,2,4,23,B01
200600049727,0,07,000,02,0,1,13,A01
200600049728,0,17,000,00,2,7,12,A01
200600049728,0,07,000,00,2,6,01,B01
200600049729,1,07,000,00,2,1,00,A01
200600049729,0,01,000,15,2,4,00,B01
200600049730,0,07,000,00,2,3,11,A01
200600049730,0,32,000,00,2,7,01,B01
200600049731,0,07,000,00,2,1,09,A01
200600049731,0,07,000,00,2,7,01,B01
200600049732,0,02,000,00,2,1,01,B01
200600049732,0,07,000,00,2,3,15,A01
200600049733,0,33,000,00,0,0,01,A01
200600049733,0,07,000,00,2,1,23,B01
200600049734,0,07,000,00,2,2,19,A01
200600049734,0,31,000,00,0,1,01,B01
200600049735,0,07,000,00,2,1,17,A01
200600049735,0,07,000,00,2,1,01,B01
200600049736,0,07,000,00,2,1,09,A01
200600049736,0,07,000,00,2,3,01,B01
200600049737,0,32,000,00,0,0,01,A01
200600049738,0,07,000,00,2,3,10,A01
200600049738,0,07,000,00,2,1,01,B01
200600049739,0,07,000,08,0,1,14,A01
200600049739,0,07,000,08,0,1,01,B01
200600049740,0,07,000,13,0,0,14,A01
200600049741,0,02,000,00,2,8,05,A01
200600049741,0,07,000,00,2,1,19,B01
200600049742,0,02,000,00,2,1,02,A01
200600049742,0,07,000,00,2,4,23,B01
200600049743,0,07,000,00,2,2,02,A01
200600049743,0,01,000,00,2,8,01,B01
200600049744,0,07,000,00,2,1,17,A01
200600049744,0,07,000,00,2,8,15,B01
200600049745,0,07,000,13,0,3,01,A01
200600049746,0,07,000,00,2,8,15,A01
200600049746,0,32,000,00,2,1,01,B01
200600049747,0,07,000,00,2,1,02,A01
200600049747,0,07,000,00,2,4,01,B01
200600049748,0,07,000,00,2,7,19,A01
200600049748,0,31,000,00,2,1,01,B01
200600049749,0,07,000,00,2,3,09,A01
200600049749,0,07,000,00,2,1,01,B01
200600049750,0,07,000,00,2,1,01,A01
200600049750,0,07,000,00,2,1,01,B01
200600049751,0,33,000,02,0,8,01,A01
200600049752,0,07,000,00,1,1,01,A01
200600049753,0,07,000,00,1,2,01,A01
200600049754,0,07,000,00,2,3,15,A01
200600049754,0,33,000,00,2,1,17,B01
200600049755,0,01,000,00,1,1,01,A01
200600049756,1,07,000,00,0,0,15,A01
200600049756,0,33,000,00,0,7,01,B01
200600049757,0,07,000,00,2,1,09,A01
200600049757,0,33,000,00,0,5,01,B01
200600049758,0,10,000,00,2,1,01,A01
200600049758,0,07,000,00,2,4,02,B01
200600049759,0,07,000,00,2,7,17,A01
200600049759,0,02,000,00,2,3,00,B01
200600049760,0,07,000,00,2,1,13,A01
200600049760,0,07,000,00,2,1,01,B01
200600049761,0,38,015,00,2,1,01,B01
200600049761,0,31,000,00,2,7,15,A01
200600049762,0,07,000,02,0,1,13,A01
200600049763,0,07,000,00,2,2,15,A01
200600049763,0,04,000,00,2,1,21,B01
200600049764,0,02,000,00,2,1,19,B01
200600049764,0,07,000,00,2,2,19,A01
200600049765,0,07,000,06,0,9,01,A01
200600049766,0,07,000,00,2,7,13,A01
200600049766,0,07,000,00,2,1,21,B01
200600049767,0,07,000,00,1,3,18,A01
200600049768,1,07,000,00,2,8,17,A01
200600049768,0,02,000,00,2,1,21,B01
200600049769,0,07,000,00,0,8,01,B01
200600049769,0,02,000,00,2,2,19,A01
200600049770,0,07,000,00,1,0,01,A01
200600049771,0,07,000,00,1,3,01,A01
200600049772,0,33,000,00,2,2,01,B01
200600049772,0,07,000,00,2,3,19,A01
200600049773,0,10,000,00,1,0,16,A01
200600049774,0,07,000,00,2,2,15,A01
200600049774,0,07,000,00,2,1,01,B01
200600049775,0,07,000,00,2,1,02,A01
200600049775,0,07,000,00,2,4,02,B01
200600049775,0,17,000,00,0,0,23,C01
200600049776,0,07,000,00,2,1,02,A01
200600049776,0,01,000,00,2,4,01,B01
200600049777,0,07,000,00,2,3,13,A01
200600049777,0,07,000,00,2,3,01,B01
200600049778,0,30,000,00,2,3,01,A01
200600049778,0,07,000,00,2,1,15,B01
200600049779,0,07,000,00,1,1,17,A01
200600049780,0,07,000,00,2,1,01,A01
200600049780,0,07,000,00,2,4,02,B01
200600049780,0,10,000,00,2,3,01,C01
200600049781,0,02,000,00,2,1,16,A01
200600049781,0,07,000,00,2,3,01,B01
200600049782,0,07,000,00,2,0,09,A01
200600049782,0,30,000,00,2,2,21,B01
200600049783,0,07,000,00,2,2,13,A01
200600049783,0,07,000,00,2,1,01,B01
200600049784,0,07,000,09,2,1,13,A01
200600049784,0,07,000,00,2,1,23,B01
200600049785,0,33,000,00,0,7,01,A01
200600049786,0,02,000,00,2,1,02,A01
200600049786,0,07,000,00,2,4,15,B01
200600049787,0,02,000,00,2,1,02,A01
200600049787,0,07,000,00,2,4,01,B01
200600049788,0,10,000,00,1,2,01,A01
200600049789,0,03,000,00,2,4,01,A01
200600049789,0,07,000,00,2,1,02,B01
200600049790,0,07,000,01,0,1,01,A01
200600049791,0,07,000,01,0,1,14,A01
200600049792,0,07,000,00,2,1,01,A01
200600049792,0,07,000,00,2,4,23,B01
200600049792,0,07,000,00,2,4,23,C01
200600049793,0,02,000,00,0,1,01,A01
200600049794,0,07,000,16,0,9,01,A01
200600049795,0,07,000,00,1,8,01,A01
200600049796,0,07,000,00,2,8,01,B01
200600049796,0,07,000,09,2,1,06,A01
200600049797,0,07,000,13,0,1,14,A01
200600049798,0,33,000,00,2,1,17,A01
200600049798,0,07,000,00,2,3,15,B01
200600049799,0,07,000,02,0,1,01,A01
200600049800,0,07,000,02,0,8,01,A01
200600049801,0,07,000,00,0,0,16,A01
200600049801,0,01,000,00,0,8,01,B01
200600049802,0,07,000,00,2,1,01,A01
200600049802,0,07,000,00,2,4,23,B01
200600049803,0,07,000,00,1,2,01,A01
200600049804,0,33,000,11,0,8,15,A01
200600049805,0,07,000,00,1,1,01,A01
200600049806,0,07,000,00,1,1,01,A01
200600049807,1,07,000,00,2,1,16,A01
200600049807,0,07,000,00,2,8,01,B01
200600049808,0,07,000,00,1,1,01,A01
200600049809,0,07,000,00,2,8,15,A01
200600049809,0,07,000,00,2,2,01,B01
200600049810,0,03,000,01,0,3,13,A01
200600049811,0,02,000,16,0,7,21,A01
200600049812,0,07,000,14,0,9,01,A01
200600049813,0,07,000,00,2,1,15,A01
200600049813,0,33,000,00,2,1,01,B01
200600049814,0,33,000,15,0,1,01,A01
200600049815,0,02,000,16,0,8,01,A01
200600049816,0,01,000,00,2,1,01,A01
200600049816,0,07,000,00,2,4,23,B01
200600049817,0,07,000,00,2,7,15,A01
200600049817,0,33,000,00,2,1,01,B01
200600049818,0,07,000,00,1,6,20,A01
200600049819,0,07,000,00,2,2,13,A01
200600049819,0,10,000,00,2,3,01,B01
200600049820,0,07,000,16,0,9,01,A01
200600049821,0,07,000,01,0,1,13,A01
200600049822,0,07,000,00,0,0,09,A01
200600049822,0,30,000,16,0,7,21,B01
200600049823,0,07,000,09,0,1,01,A01
200600049824,0,07,000,00,2,1,01,A01
200600049824,0,07,000,00,2,1,01,B01
200600049825,0,07,000,09,0,7,01,A01
200600049826,0,07,000,00,2,1,01,A01
200600049826,0,07,000,00,2,4,23,B01
200600049826,0,07,000,00,2,4,23,C01
200600049827,0,07,000,00,2,3,01,A01
200600049827,0,07,000,00,2,8,23,B01
200600049828,0,02,000,16,0,7,21,A01
200600049829,1,07,000,00,0,0,09,D01
200600049829,0,07,000,03,0,1,09,A01
200600049829,0,07,000,03,2,1,17,B01
200600049829,0,07,000,03,2,1,01,C01
200600049830,0,07,000,00,2,1,09,A01
200600049830,0,07,000,00,2,8,02,B01
200600049831,0,07,000,00,2,8,19,A01
200600049831,0,07,000,00,2,1,01,B01
200600049832,0,07,000,00,1,3,01,A01
200600049833,0,07,000,06,0,1,14,A01
200600049834,0,07,000,14,0,3,02,A01
200600049834,0,07,000,00,1,4,23,B01
200600049835,0,07,000,06,2,1,13,A01
200600049835,0,07,000,00,2,1,21,B01
200600049836,0,07,000,00,1,3,02,A01
200600049837,0,18,010,00,1,8,01,B01
200600049837,0,01,000,00,0,0,01,A01
200600049838,0,07,000,00,9,1,09,A01
200600049838,0,01,000,00,0,8,09,B01
200600049839,0,07,000,00,2,1,13,A01
200600049839,0,07,000,00,2,1,15,B01
200600049840,0,02,000,00,2,1,17,A01
200600049840,0,07,000,00,2,4,02,B01
200600049841,0,07,000,00,0,1,01,B01
200600049841,0,07,000,00,0,3,15,A01
200600049842,0,02,000,00,1,1,01,A01
200600049843,0,02,000,00,2,1,17,A01
200600049843,0,07,000,00,0,2,15,B01
200600049844,0,07,000,00,1,1,01,A01
200600049845,0,30,000,00,2,1,05,B01
200600049845,0,07,000,00,0,1,16,A01
200600049846,0,07,000,00,1,8,01,B01
200600049846,0,07,000,00,2,1,15,A01
200600049847,0,07,000,00,0,9,01,A01
200600049848,0,07,000,00,2,3,09,A01
200600049848,0,01,000,00,2,1,01,B01
200600049849,0,33,000,00,0,0,01,A01
200600049850,0,02,000,00,2,7,16,A01
200600049850,0,02,000,00,2,1,01,B01
200600049851,0,07,000,09,0,1,02,A01
200600049852,0,07,000,00,0,0,00,A01
200600049852,0,33,000,00,0,0,00,B01
200600049853,0,07,000,00,2,1,02,A01
200600049853,0,07,000,00,2,4,11,B01
200600049854,0,07,000,00,2,7,05,A01
200600049854,0,07,000,00,2,1,01,B01
200600049855,0,07,000,01,1,1,17,A01
200600049856,0,37,001,00,1,2,01,A01
200600049857,1,07,000,00,1,2,02,A01
200600049858,0,07,000,00,0,8,01,B01
200600049858,0,07,000,00,2,3,01,A01
200600049859,0,07,000,00,1,7,01,A01
200600049860,0,07,000,00,2,2,09,A01
200600049860,0,30,000,00,2,1,01,B01
200600049861,0,02,000,00,2,1,01,A01
200600049861,0,07,000,00,2,5,15,B01
200600049862,0,07,000,00,1,1,01,A01
200600049863,0,31,000,00,2,1,17,A01
200600049863,0,07,000,00,2,7,15,B01
200600049864,0,34,000,00,2,1,01,B01
200600049864,0,07,000,00,2,8,06,A01
200600049865,0,10,000,00,1,1,01,A01
200600049866,0,07,000,04,0,1,02,A01
200600049867,0,07,000,01,0,1,01,A01
200600049868,0,02,000,00,0,0,00,A01
200600049869,0,07,000,00,2,3,01,A01
200600049869,0,38,000,00,2,3,01,B01
200600049870,0,10,000,04,0,3,01,A01
200600049871,0,07,000,00,2,3,01,A01
200600049871,0,07,000,00,2,2,01,B01
200600049872,0,07,000,00,2,3,20,A01
200600049872,0,07,000,00,2,2,01,B01
200600049873,0,30,000,00,2,1,01,A01
200600049874,0,07,000,00,2,3,09,B01
200600049874,0,07,000,00,2,2,01,A01
200600049875,0,07,000,00,2,1,01,A01
200600049875,0,07,000,00,2,4,23,B01
200600049875,0,07,000,00,0,4,23,C01
200600049876,0,33,000,00,2,1,09,A01
200600049876,0,07,000,00,2,2,01,B01
200600049877,0,07,000,00,2,7,16,B01
200600049877,0,31,000,00,2,3,18,A01
200600049878,0,02,000,00,2,1,01,B01
200600049878,0,07,000,00,2,3,15,A01
200600049879,0,07,000,00,2,4,23,B01
200600049879,0,07,000,00,2,1,01,A01
200600049879,0,07,000,00,0,4,23,C01
200600049880,0,07,000,00,2,3,14,A01
200600049880,0,07,000,00,2,3,16,B01
200600049881,0,07,000,00,1,1,00,A01
200600049882,0,07,000,00,1,1,00,A01
200600049883,0,31,000,00,2,1,00,B01
200600049883,0,07,000,00,2,7,15,A01
200600049884,0,07,000,00,1,1,15,A01
200600049885,0,07,000,00,1,2,00,A01
200600049886,0,31,000,00,2,1,02,A01
200600049886,0,07,000,00,0,4,23,B01
200600049887,0,32,000,00,2,1,09,A01
200600049887,0,07,000,00,2,1,15,B01
200600049887,0,07,000,00,1,1,23,C01
200600049888,0,30,000,00,2,1,01,B01
200600049888,0,07,000,00,2,2,01,A01
200600049889,0,02,000,00,2,1,01,A01
200600049889,0,07,000,00,2,4,15,B01
200600049890,0,33,000,00,1,1,14,A01
200600049891,0,07,000,00,1,1,01,A01
200600049892,0,07,000,00,1,1,01,A01
200600049893,0,07,000,00,1,1,01,A01
200600049894,0,33,000,00,2,1,01,B01
200600049894,0,10,000,00,2,2,15,A01
200600049895,1,99,000,00,0,0,00,A01
200600049896,0,07,000,00,2,3,01,A01
200600049896,0,02,000,00,2,1,01,B01
200600049897,0,07,000,00,2,1,01,A01
200600049897,0,02,000,00,2,3,02,B01
200600049898,0,07,000,00,2,7,15,A01
200600049898,0,33,000,00,2,1,01,B01
200600049899,0,07,000,00,2,7,01,A01
200600049899,0,07,000,00,2,1,17,B01
200600049900,0,10,000,00,1,1,01,A01
200600049901,0,07,000,00,2,1,01,A01
200600049901,0,07,000,00,2,4,23,B01
200600049902,0,32,000,00,2,7,01,B01
200600049902,0,07,000,00,2,3,15,A01
200600049903,0,07,000,00,1,1,01,A01
200600049904,0,07,000,00,1,7,01,A01
200600049905,0,05,000,00,0,1,09,A01
200600049905,0,07,000,00,2,1,01,B01
200600049906,0,31,000,00,2,1,01,A01
200600049906,0,07,000,00,2,4,23,B01
200600049907,0,02,000,00,2,1,01,A01
200600049907,0,07,000,00,2,3,01,B01
200600049908,0,02,000,00,2,1,01,A01
200600049908,0,07,000,00,2,4,01,B01
200600049909,0,33,000,00,2,2,01,A01
200600049909,0,07,000,00,2,5,01,B01
200600049910,0,33,000,00,2,1,02,A01
200600049910,0,07,000,00,2,5,02,B01
200600049910,0,10,000,00,2,3,01,C01
200600049911,0,07,000,00,1,2,01,A01
200600049912,0,07,000,00,9,3,15,A01
200600049912,0,01,000,00,2,1,15,B01
200600049913,0,07,000,08,0,3,01,A01
200600049914,1,07,000,00,1,1,00,A01
200600049915,0,32,000,00,1,1,02,A01
200600049916,0,07,000,00,1,1,02,A01
200600049917,0,07,000,00,1,4,00,A01
200600049918,0,34,000,00,2,1,00,B01
200600049918,0,07,000,00,2,3,02,A01
200600049919,0,01,000,00,2,2,01,A01
200600049919,0,07,000,00,2,1,15,B01
200600049920,0,07,000,00,2,5,15,A01
200600049920,0,30,000,00,2,1,18,B01
200600049921,1,10,000,00,2,1,01,A01
200600049921,0,07,000,00,2,4,23,B01
200600049922,0,01,000,00,2,1,18,A01
200600049922,0,07,000,00,2,2,22,B01
200600049923,0,07,000,00,2,3,01,B01
200600049923,0,01,000,00,2,1,01,A01
200600049924,0,30,000,00,1,1,01,A01
200600049925,0,07,000,00,2,3,15,A01
200600049925,0,30,000,00,2,2,17,B01
200600049926,0,02,000,00,2,1,01,A01
200600049926,0,07,000,00,2,3,01,B01
200600049927,0,07,000,00,2,1,16,A01
200600049928,0,02,000,00,1,1,01,A01
200600049929,0,31,000,00,2,1,17,A01
200600049929,0,07,000,00,2,1,01,B01
200600049930,0,07,000,00,1,3,01,A01
200600049931,0,33,000,00,2,1,17,A01
200600049931,0,14,000,00,2,7,20,B01
200600049932,0,07,000,00,2,1,01,A01
200600049932,0,07,000,00,2,4,23,B01
200600049932,0,07,000,00,0,4,23,C01
200600049933,0,07,000,00,2,3,13,A01
200600049933,0,07,000,00,2,3,01,B01
200600049934,0,30,000,00,0,0,15,A01
200600049935,0,02,000,00,0,0,01,A01
200600049936,0,07,000,00,2,4,02,A01
200600049936,0,10,000,00,2,1,02,B01
200600049937,0,07,000,07,2,8,01,A01
200600049937,0,10,000,00,2,1,09,B01
200600049938,0,07,000,00,2,1,01,A01
200600049938,0,01,000,01,2,7,19,B01
200600049939,0,07,000,00,1,1,15,A01
200600049940,0,07,000,00,1,1,00,A01
200600049941,0,07,000,00,2,0,00,A01
200600049942,0,07,000,00,2,3,21,A01
200600049942,0,30,000,00,2,7,17,B01
200600049943,1,07,000,01,0,0,00,A01
200600049944,0,07,000,00,9,1,19,A01
200600049944,0,30,000,01,2,8,19,B01
200600049945,0,07,000,00,1,1,11,A01
200600049946,0,14,000,00,1,5,01,A01
200600049947,0,07,000,00,2,1,01,A01
200600049947,0,32,000,00,2,1,16,B01
200600049948,0,34,000,00,2,1,01,A01
200600049948,0,07,000,00,2,3,01,B01
200600049949,0,33,000,00,2,7,01,A01
200600049949,0,07,000,00,2,6,01,B01
200600049950,0,07,000,08,0,3,01,A01
200600049951,0,14,000,00,2,1,16,A01
200600049951,0,07,000,00,2,6,16,B01
200600049952,0,07,000,00,2,1,01,A01
200600049952,0,32,000,00,2,6,16,B01
200600049953,0,07,000,00,2,3,01,B01
200600049953,0,30,000,00,2,1,01,A01
200600049954,0,31,000,00,1,2,01,A01
200600049955,0,02,000,00,2,1,13,A01
200600049955,0,07,000,00,2,1,01,B01
200600049956,0,32,000,00,1,0,00,A01
200600049957,0,01,000,00,1,0,01,A01
200600049958,0,07,000,00,0,1,01,A01
200600049958,0,07,000,00,0,4,23,B01
200600049959,0,32,000,00,2,1,13,A01
200600049959,0,07,000,00,2,1,15,B01
200600049960,0,05,000,00,2,1,01,A01
200600049960,1,07,000,00,0,7,13,B01
200600049961,0,07,000,00,2,1,01,A01
200600049961,0,07,000,00,2,4,23,B01
200600049961,0,07,000,00,2,4,23,C01
200600049962,2,07,000,00,0,3,22,A01
200600049962,0,01,000,00,9,1,01,B01
200600049963,0,07,000,00,2,1,01,A01
200600049963,0,32,000,00,2,1,01,B01
200600049964,0,32,000,00,9,7,01,A01
200600049965,0,07,000,06,0,1,15,A01
200600049966,0,32,000,00,0,0,01,A01
200600049967,0,07,000,00,1,1,01,A01
200600049968,0,33,000,14,0,8,01,A01
200600049969,0,14,000,00,2,1,01,B01
200600049969,0,07,000,00,2,1,01,A01
200600049970,0,07,000,00,2,6,00,A01
200600049970,0,33,000,00,2,1,01,B01
200600049971,0,07,000,00,2,1,15,A01
200600049971,0,07,000,15,2,8,01,B01
200600049972,0,02,000,00,0,8,01,A01
200600049973,0,07,000,00,1,4,04,A01
200600049974,0,31,000,00,1,1,19,A01
200600049975,0,07,000,00,2,4,04,A01
200600049976,0,07,000,00,2,1,01,A01
200600049976,0,07,000,00,2,8,01,B01
200600049977,0,07,000,00,1,3,01,A01
200600049978,0,99,000,00,2,7,19,A01
200600049978,0,33,000,00,2,1,02,B01
200600049979,0,02,000,00,2,1,17,A01
200600049979,0,07,000,00,2,6,15,B01
200600049980,0,34,000,00,2,1,01,A01
200600049980,0,07,000,00,2,3,16,B01
200600049981,0,07,000,00,2,2,01,A01
200600049981,0,07,000,00,2,1,01,B01
200600049982,0,07,000,11,0,1,01,A01
200600049983,0,10,000,00,2,1,01,A01
200600049983,0,10,000,00,2,4,23,B01
200600049983,0,07,000,00,2,4,23,C01
200600049984,0,01,000,00,2,7,19,A01
200600049984,0,07,000,00,2,1,01,B01
200600049985,0,33,000,01,2,7,17,A01
200600049985,0,07,000,00,2,8,01,B01
200600049985,0,14,000,00,2,2,01,C01
200600049986,0,33,000,00,2,1,01,A01
200600049986,0,07,000,00,2,3,16,B01
200600049987,0,07,000,00,2,1,01,A01
200600049987,0,07,000,00,2,7,01,B01
200600049988,0,07,000,00,1,2,01,A01
200600049989,0,32,000,00,2,6,01,B01
200600049989,1,07,000,00,2,2,15,A01
200600049990,0,02,000,00,2,1,18,A01
200600049990,0,07,000,00,2,4,15,B01
200600049991,0,07,000,00,2,5,10,A01
200600049991,0,32,000,00,2,8,01,B01
200600049992,0,10,000,14,0,1,01,A01
200600049992,0,07,000,00,0,4,23,B01
200600049993,0,07,000,06,0,1,00,A01
200600049994,0,32,000,00,0,7,01,A01
200600049995,0,07,000,04,0,1,00,A01
200600049996,0,07,000,04,0,1,01,A01
200600049997,0,30,000,00,1,0,00,A01
200600049997,1,02,000,00,1,0,00,B01
200600049998,0,07,000,00,2,2,15,A01
200600049998,0,02,000,00,2,1,02,B01
200600049999,0,07,000,00,2,1,02,A01
200600049999,0,07,000,00,2,4,02,B01
200600050000,0,07,000,00,1,3,00,A01
200600050001,0,02,000,00,1,1,00,A01
200600050002,0,13,000,00,9,8,01,A01
200600050003,0,07,000,00,1,3,00,A01
200600050004,0,33,000,00,1,1,02,A01