Num_Acc,senc,catv,occutc,obs,obsm,choc,manv,num_veh
200600050005,0,32,000,00,9,1,02,A01
200600050005,0,01,000,00,2,4,02,B01
200600050006,0,07,000,07,0,3,01,A01
200600050006,0,32,000,00,2,1,02,B01
200600050007,0,07,000,01,0,1,02,A01
200600050007,0,07,000,00,0,4,24,B01
200600050008,0,02,000,00,2,1,01,A01
200600050008,0,07,000,00,2,1,02,B01
200600050009,0,10,000,00,2,1,02,A01
200600050009,0,01,000,00,2,4,00,B01
200600050010,0,07,000,00,1,3,02,A01
200600050011,0,07,000,06,0,2,00,A01
200600050012,0,10,000,00,9,1,01,A01
200600050013,0,07,000,00,1,4,04,A01
200600050013,0,01,000,00,2,1,01,B01
200600050014,0,07,000,00,2,1,02,B01
200600050014,0,07,000,00,0,4,01,A01
200600050015,0,07,000,03,2,1,01,A01
200600050015,0,07,000,00,2,1,19,B01
200600050016,0,07,000,00,2,3,09,A01
200600050016,0,07,000,00,2,6,01,B01
200600050016,0,07,000,00,2,6,01,C01
200600050017,0,07,000,15,2,8,01,B01
200600050017,2,07,000,00,2,1,01,A01
200600050018,0,07,000,00,2,1,02,B01
200600050018,0,07,000,00,0,7,02,A01
200600050019,0,07,000,00,2,2,19,A01
200600050019,0,33,000,00,2,1,01,B01
200600050019,0,33,000,00,2,3,02,C01
200600050020,0,32,000,00,2,2,17,B01
200600050020,0,07,000,00,2,3,15,A01
200600050021,0,07,000,00,1,3,01,A01
200600050022,0,07,000,00,1,3,01,A01
200600050023,0,07,000,00,2,2,01,A01
200600050023,0,07,000,00,2,3,15,B01
200600050024,0,07,000,08,0,1,05,A01
200600050025,0,07,000,00,2,3,15,A01
200600050025,0,30,000,00,2,8,01,B01
200600050026,0,07,000,00,0,1,01,A01
200600050027,0,07,000,00,0,1,00,A01
200600050027,0,37,000,00,0,3,01,B01
200600050028,0,07,000,00,1,2,16,A01
200600050029,1,99,000,00,0,0,00,A01
200600050030,0,07,000,06,0,1,00,A01
200600050031,0,01,000,00,0,1,01,A01
200600050031,0,07,000,00,0,8,02,B01
200600050032,0,07,000,00,2,2,10,A01
200600050032,0,34,000,00,2,1,00,B01
200600050033,0,07,000,00,0,5,00,A01
200600050033,0,07,000,00,0,0,00,B01
200600050034,0,07,000,00,0,4,02,A01
200600050034,0,07,000,00,2,1,00,B01
200600050035,0,30,000,00,2,3,00,A01
200600050035,0,07,000,00,2,2,00,B01
200600050036,0,30,000,00,1,1,01,A01
200600050037,0,07,000,06,0,1,01,A01
200600050038,0,07,000,00,1,1,21,A01
200600050039,0,07,000,00,1,3,01,A01
200600050040,0,07,000,00,0,2,02,B01
200600050040,0,07,000,00,0,3,01,A01
200600050041,0,07,000,00,0,1,02,A01
200600050042,0,30,000,00,0,1,01,A01
200600050042,0,37,001,00,0,3,15,B01
200600050043,0,07,000,00,0,1,02,A01
200600050043,0,07,000,00,0,4,02,B01
200600050044,0,14,000,00,0,7,00,A01
200600050045,0,07,000,00,0,8,00,A01
200600050045,0,33,000,00,0,1,00,B01
200600050046,0,33,000,00,2,1,01,A01
200600050046,0,07,000,01,2,1,09,B01
200600050047,0,07,000,00,1,4,04,A01
200600050048,0,10,000,00,1,2,00,A01
200600050049,0,07,000,00,2,3,01,B01
200600050049,0,03,000,00,2,0,15,A01
200600050050,0,07,000,15,0,1,00,A01
200600050051,0,07,000,11,0,7,00,A01
200600050052,0,07,000,01,0,2,00,A01
200600050053,0,02,000,00,1,1,02,A01
200600050054,0,07,000,00,2,3,15,B01
200600050054,0,02,000,00,2,1,08,A01
200600050055,0,07,000,00,2,6,04,A01
200600050055,0,07,000,00,0,7,02,B01
200600050056,0,07,000,00,2,3,02,B01
200600050056,0,02,000,00,2,1,02,A01
200600050057,0,07,000,00,1,7,01,A01
200600050058,0,10,000,00,0,3,02,A01
200600050058,0,07,000,00,0,1,02,B01
200600050059,0,07,000,00,2,3,15,A01
200600050059,0,02,000,00,2,3,13,B01
200600050060,0,07,000,08,0,1,00,A01
200600050061,0,31,000,12,0,7,01,A01
200600050062,0,30,000,00,2,2,02,A01
200600050062,0,07,000,00,0,4,01,B01
200600050063,0,07,000,00,0,3,22,A01
200600050063,0,01,000,01,0,1,01,B01
200600050064,0,01,000,00,9,0,02,A01
200600050065,0,14,000,00,1,1,09,A01
200600050066,0,10,000,00,9,1,15,A01
200600050066,0,01,000,00,2,1,01,B01
200600050067,0,30,000,00,2,1,01,B01
200600050067,0,07,000,00,2,1,01,A01
200600050068,1,07,000,00,2,1,17,A01
200600050068,0,30,000,00,2,8,15,B01
200600050069,0,07,000,00,1,1,02,A01
200600050070,0,07,000,00,1,1,01,A01
200600050071,0,07,000,00,1,3,02,A01
200600050072,0,07,000,00,2,1,02,A01
200600050072,0,07,000,00,2,6,10,B01
200600050073,0,07,000,00,2,6,15,B01
200600050073,0,02,000,00,2,7,17,A01
200600050074,1,07,000,00,0,2,00,A01
200600050075,0,37,000,00,1,7,01,B01
200600050076,0,01,000,00,2,1,02,A01
200600050076,0,07,000,00,0,6,02,B01
200600050077,0,02,000,00,2,1,01,A01
200600050077,0,07,000,00,0,5,15,B01
200600050078,0,07,000,00,1,8,01,A01
200600050079,0,07,000,00,2,3,01,A01
200600050079,0,07,000,00,2,2,01,B01
200600050080,0,10,000,00,2,6,01,B01
200600050080,0,07,000,00,0,6,01,A01
200600050081,0,07,000,00,1,2,00,A01
200600050082,0,07,000,00,0,2,00,A01
200600050082,0,31,000,00,2,1,02,B01
200600050083,0,07,000,00,2,3,20,A01
200600050083,0,02,000,00,2,2,00,B01
200600050084,0,07,000,00,0,1,00,A01
200600050085,0,02,000,00,2,2,02,A01
200600050085,0,07,000,00,2,3,02,B01
200600050086,0,18,040,00,1,2,02,A01
200600050087,0,07,000,00,2,1,02,A01
200600050087,0,07,000,00,2,8,01,B01
200600050088,0,07,000,00,2,1,02,B01
200600050088,0,07,000,00,2,3,15,A01
200600050089,0,04,000,01,0,2,01,A01
200600050090,0,02,000,00,0,2,01,A01
200600050091,0,07,000,00,1,1,02,A01
200600050092,0,07,000,00,0,2,01,A01
200600050092,0,02,000,00,0,1,18,B01
200600050093,0,32,000,00,0,8,00,A01
200600050094,1,10,000,00,2,1,09,A01
200600050094,0,02,000,00,2,0,01,B01
200600050095,0,33,000,00,0,7,01,A01
200600050096,0,07,000,00,2,1,16,A01
200600050096,0,30,000,00,2,7,01,B01
200600050097,2,07,000,00,2,1,01,A01
200600050097,0,31,000,00,2,1,01,B01
200600050098,0,02,000,00,2,0,05,A01
200600050098,0,07,000,00,2,1,09,B01
200600050099,1,07,000,00,2,0,05,A01
200600050099,0,07,000,00,2,3,00,B01
200600050100,0,07,000,06,0,0,00,A01
200600050101,0,10,000,00,2,1,12,A01
200600050101,0,07,000,00,2,4,23,B01
200600050101,0,07,000,00,2,4,23,C01
200600050101,0,10,000,00,2,4,23,D01
200600050101,0,07,000,00,2,4,23,E01
200600050102,0,07,000,00,2,2,01,A01
200600050102,0,07,000,00,2,1,01,B01
200600050103,0,33,000,00,1,1,01,A01
200600050104,0,07,000,00,2,1,01,A01
200600050104,0,07,000,00,2,6,01,B01
200600050105,0,07,000,00,1,7,02,A01
200600050106,0,32,000,00,1,1,00,A01
200600050107,0,07,000,00,2,1,01,A01
200600050107,0,07,000,00,2,4,01,B01
200600050107,0,07,000,00,0,4,01,C01
200600050108,1,07,000,00,2,0,10,A01
200600050108,0,07,000,00,0,8,01,B01
200600050109,0,14,000,00,2,1,03,A01
200600050109,0,07,000,00,0,6,23,B01
200600050109,0,07,000,00,2,4,23,C01
200600050109,0,07,000,00,0,4,23,D01
200600050110,0,07,000,00,2,1,00,A01
200600050110,0,07,000,00,2,1,00,B01
200600050111,0,07,000,00,0,3,19,A01
200600050111,0,07,000,00,0,3,00,B01
200600050112,0,07,000,00,2,1,02,A01
200600050112,0,07,000,00,2,4,02,B01
200600050113,0,07,000,00,9,2,02,A01
200600050113,0,30,000,00,2,1,02,B01
200600050114,0,07,000,00,2,1,02,A01
200600050114,0,10,000,00,2,1,02,B01
200600050114,0,07,000,00,0,0,02,C01
200600050115,0,34,000,00,2,1,02,B01
200600050115,0,07,000,00,0,3,10,A01
200600050116,0,07,000,00,0,7,15,A01
200600050116,0,02,000,00,2,1,00,B01
200600050117,0,07,000,00,2,2,10,A01
200600050117,0,34,000,00,2,1,00,B01
200600050118,0,07,000,00,1,3,02,A01
200600050119,0,07,000,00,2,2,09,A01
200600050120,0,07,000,00,2,1,01,B01
200600050120,0,07,000,00,2,1,05,A01
200600050121,0,07,000,00,2,3,11,A01
200600050121,0,32,000,00,2,1,02,B01
200600050122,0,07,000,01,0,1,16,A01
200600050122,0,07,000,00,0,3,01,B01
200600050123,0,07,000,00,9,5,01,B01
200600050123,0,01,000,00,0,0,00,A01
200600050124,0,07,000,00,1,1,00,A01
200600050125,0,07,000,08,0,1,06,A01
200600050126,0,14,000,00,1,1,01,A01
200600050127,0,07,000,08,0,2,02,A01
200600050128,0,07,000,00,2,2,16,A01
200600050128,0,33,000,00,2,1,07,B01
200600050129,0,07,000,15,0,2,01,A01
200600050130,0,07,000,06,0,2,00,A01
200600050131,0,07,000,00,2,3,02,A01
200600050131,0,37,000,00,2,5,02,B01
200600050132,0,07,000,00,2,4,02,B01
200600050132,0,07,000,00,2,1,02,A01
200600050133,0,07,000,07,2,1,01,A01
200600050133,0,07,000,00,2,3,02,B01
200600050134,0,07,000,00,2,1,01,A01
200600050134,0,07,000,00,2,6,01,B01
200600050135,0,07,000,07,0,1,00,A01
200600050136,0,99,000,00,0,0,00,A01
200600050137,0,07,000,14,5,0,02,A01
200600050138,0,07,000,00,2,3,24,A01
200600050138,0,07,000,01,0,4,04,B01
200600050139,0,31,000,00,2,2,02,B01
200600050139,0,02,000,00,2,8,02,A01
200600050140,0,07,000,00,1,1,01,A01
200600050141,0,07,000,00,2,7,10,A01
200600050141,0,33,000,00,2,1,01,B01
200600050142,0,07,000,00,1,1,01,A01
200600050143,0,07,000,00,2,2,01,A01
200600050143,0,07,000,00,2,5,15,B01
200600050144,2,07,000,00,1,2,01,A01
200600050145,0,07,000,00,2,5,15,B01
200600050145,0,07,000,00,2,3,01,A01
200600050146,0,07,000,00,2,3,01,A01
200600050146,0,30,000,00,2,7,01,B01
200600050147,0,07,000,00,2,3,01,B01
200600050147,0,10,000,00,2,2,01,A01
200600050148,0,10,000,00,2,1,02,A01
200600050148,0,07,000,00,2,4,02,B01
200600050149,0,07,000,01,1,2,16,A01
200600050150,0,07,000,00,2,1,15,A01
200600050150,0,07,000,00,2,1,01,B01
200600050151,0,32,000,00,2,1,00,A01
200600050151,0,07,000,00,2,1,05,B01
200600050152,0,10,000,00,1,1,01,A01
200600050153,0,33,000,00,2,1,01,A01
200600050153,0,07,000,00,2,2,01,B01
200600050154,0,33,000,01,0,2,01,A01
200600050155,0,33,000,12,0,0,00,A01
200600050156,0,07,000,00,0,8,09,A01
200600050156,0,33,000,00,2,1,01,B01
200600050157,0,07,000,00,1,1,01,A01
200600050158,0,07,000,00,1,7,02,A01
200600050159,0,07,000,00,1,7,02,A01
200600050160,0,07,000,00,2,1,15,A01
200600050160,0,05,000,00,0,1,01,B01
200600050161,0,07,000,00,1,2,01,A01
200600050162,0,10,000,00,2,4,02,A01
200600050162,0,05,000,00,2,1,02,B01
200600050163,0,07,000,00,2,0,00,A01
200600050163,0,05,000,00,2,0,00,B01
200600050164,0,04,000,00,2,1,02,A01
200600050164,0,07,000,00,2,4,02,B01
200600050165,0,07,000,00,1,3,01,A01
200600050166,1,07,000,00,1,1,00,A01
200600050167,0,07,000,00,1,1,00,A01
200600050168,0,07,000,00,1,0,01,A01
200600050169,0,07,000,00,9,7,00,A01
200600050170,0,07,000,00,1,3,02,A01
200600050171,0,07,000,00,1,1,00,B01
200600050172,0,14,000,00,2,3,11,A01
200600050172,0,07,000,00,2,2,00,B01
200600050173,0,30,000,00,2,3,00,B01
200600050173,0,07,000,00,2,2,00,A01
200600050174,0,02,000,05,0,0,01,A01
200600050175,0,07,000,00,2,1,00,A01
200600050175,0,07,000,00,2,5,00,B01
200600050176,1,07,000,00,1,0,00,A01
200600050177,0,99,000,00,2,1,02,A01
200600050177,0,07,000,00,0,4,02,B01
200600050178,0,07,000,00,0,0,01,A01
200600050179,0,07,000,00,2,1,02,A01
200600050179,0,33,000,00,0,4,02,B01
200600050180,2,07,000,00,2,8,15,A01
200600050180,0,31,000,00,2,7,17,B01
200600050181,0,31,000,09,0,0,16,A01
200600050182,0,03,000,00,2,1,01,A01
200600050182,1,07,000,00,0,0,01,B01
200600050183,0,07,000,00,2,1,00,A01
200600050184,0,37,001,00,1,1,01,A01
200600050185,0,07,000,06,0,3,00,A01
200600050186,0,37,001,00,1,2,01,A01
200600050187,0,07,000,00,2,7,02,A01
200600050187,0,02,000,00,2,3,01,B01
200600050188,0,07,000,00,1,1,01,A01
200600050189,0,07,000,00,2,1,01,A01
200600050189,0,07,000,00,2,4,01,B01
200600050190,0,07,000,13,0,1,01,A01
200600050191,0,07,000,01,2,3,01,B01
200600050191,0,07,000,00,2,1,15,A01
200600050192,0,05,000,00,2,1,01,A01
200600050192,0,07,000,00,2,4,16,B01
200600050193,0,07,000,00,0,1,01,A01
200600050194,0,07,000,01,1,1,01,A01
200600050195,0,33,000,00,2,1,01,A01
200600050195,0,01,000,00,2,7,15,B01
200600050196,0,07,000,00,2,4,01,B01
200600050196,0,07,000,00,2,1,01,A01
200600050197,0,05,000,00,2,1,01,A01
200600050197,0,07,000,00,2,1,01,B01
200600050198,0,32,000,00,2,1,01,A01
200600050198,0,01,000,00,2,4,01,B01
200600050199,0,30,000,00,1,1,01,A01
200600050200,0,07,000,00,2,1,01,A01
200600050200,0,07,000,00,2,1,01,B01
200600050201,0,07,000,00,2,1,01,A01
200600050201,0,07,000,00,2,4,01,B01
200600050201,0,07,000,00,2,4,01,C01
200600050202,0,07,000,00,2,1,01,A01
200600050202,0,07,000,00,2,1,00,B01
200600050202,0,18,000,00,2,4,00,C01
200600050203,1,07,000,00,2,8,15,A01
200600050203,0,04,000,00,2,6,01,B01
200600050204,0,07,000,00,0,1,21,A01
200600050205,0,07,000,00,1,7,01,A01
200600050206,0,07,000,00,2,1,01,B01
200600050206,0,02,000,00,2,1,01,A01
200600050207,0,33,000,00,2,4,02,B01
200600050207,1,07,000,00,2,1,02,A01
200600050208,0,13,000,00,1,2,01,A01
200600050209,0,10,000,00,2,2,21,A01
200600050209,0,05,000,00,0,4,02,B01
200600050210,0,10,000,00,1,3,01,A01
200600050211,0,10,000,00,0,1,00,A01
200600050211,0,15,000,00,0,8,00,B01
200600050212,0,13,000,00,2,6,23,A01
200600050212,0,32,000,01,0,1,00,B01
200600050213,0,07,000,00,0,8,01,A01
200600050214,0,07,000,00,1,1,01,A01
200600050215,0,07,000,00,2,1,01,B01
200600050215,0,07,000,00,2,7,01,A01
200600050216,0,10,000,00,2,8,22,A01
200600050216,0,02,000,00,2,1,17,B01
200600050217,0,07,000,00,1,1,14,A01
200600050218,0,02,000,00,2,1,02,A01
200600050218,1,07,000,00,2,4,02,B01
200600050219,0,07,000,00,2,5,02,A01
200600050219,0,01,000,00,2,4,02,B01
200600050220,0,02,000,00,2,1,01,A01
200600050220,0,07,000,00,2,8,01,B01
200600050221,0,30,000,00,2,1,01,A01
200600050221,0,07,000,00,2,3,15,B01
200600050222,0,07,000,00,2,3,10,A01
200600050222,0,01,000,00,2,1,02,B01
200600050223,0,07,000,00,2,1,02,A01
200600050223,0,07,000,00,2,1,15,B01
200600050224,0,07,000,00,2,3,01,A01
200600050224,0,07,000,00,2,1,01,B01
200600050225,0,07,000,00,2,1,21,A01
200600050225,0,07,000,00,2,1,01,B01
200600050225,0,07,000,00,2,1,01,C01
200600050226,0,07,000,01,0,3,01,A01
200600050227,0,10,000,00,2,1,01,A01
200600050227,0,07,000,00,2,3,01,B01
200600050228,0,07,000,00,2,2,01,B01
200600050228,0,07,000,00,2,3,11,A01
200600050229,0,07,000,00,2,2,01,A01
200600050229,0,07,000,00,2,3,01,B01
200600050230,0,07,000,00,2,2,01,A01
200600050230,0,07,000,00,2,3,01,B01
200600050231,0,10,000,00,2,7,09,A01
200600050231,0,02,000,00,2,1,00,B01
200600050232,0,32,000,00,0,0,01,A01
200600050233,0,10,000,00,0,0,24,A01
200600050233,0,07,000,00,1,0,17,B01
200600050234,0,10,000,00,9,2,00,B01
200600050234,0,01,000,00,2,0,00,A01
200600050235,0,10,000,00,9,7,00,B01
200600050235,0,01,000,00,2,0,00,A01
200600050236,0,07,000,00,2,7,12,A01
200600050236,0,30,000,00,2,3,01,B01
200600050237,0,07,000,00,2,1,01,A01
200600050237,0,07,000,00,0,4,01,B01
200600050238,0,07,000,01,0,1,01,A01
200600050239,0,33,000,00,2,3,01,A01
200600050239,0,07,000,00,2,7,12,B01
200600050240,0,10,000,00,1,4,04,A01
200600050241,0,01,000,00,2,1,01,B01
200600050241,0,07,000,00,2,3,09,A01
200600050242,0,07,000,00,2,1,01,A01
200600050242,0,07,000,00,2,4,01,B01
200600050243,1,07,000,00,2,1,01,B01
200600050243,0,07,000,00,2,4,01,A01
200600050244,0,07,000,00,1,6,04,A01
200600050245,0,07,000,00,0,1,01,A01
200600050245,0,07,000,00,2,4,01,B01
200600050245,0,07,000,00,2,4,01,C01
200600050246,0,33,000,16,0,8,17,A01
200600050246,0,10,000,00,0,0,10,B01
200600050247,0,33,000,00,2,5,17,A01
200600050247,0,07,000,00,2,3,15,B01
200600050248,0,07,000,00,2,3,10,A01
200600050248,0,10,000,11,2,7,01,B01
200600050249,0,10,000,00,1,4,04,A01
200600050250,0,07,000,00,2,1,15,A01
200600050250,0,01,000,00,2,1,01,B01
200600050251,1,07,000,00,1,1,01,A01
200600050252,0,07,000,00,0,3,20,A01
200600050252,0,33,000,00,2,1,01,B01
200600050253,0,07,000,00,1,4,04,A01
200600050254,1,07,000,00,1,0,00,A01
200600050255,0,07,000,00,1,1,01,A01
200600050256,0,07,000,00,1,2,21,A01
200600050257,0,07,000,00,1,3,01,A01
200600050258,0,07,000,06,0,1,02,A01
200600050259,0,33,000,00,2,1,01,A01
200600050259,0,07,000,00,2,1,01,B01
200600050260,0,07,000,12,2,2,19,A01
200600050260,0,07,000,00,2,1,01,B01
200600050261,0,07,000,00,2,7,15,A01
200600050261,0,33,000,00,2,8,15,B01
200600050262,0,07,000,00,2,5,11,A01
200600050262,0,33,000,00,2,1,01,B01
200600050263,0,07,000,00,1,1,01,A01
200600050264,0,02,000,00,2,4,11,A01
200600050264,0,07,000,00,2,2,01,B01
200600050265,0,02,000,00,0,8,01,A01
200600050266,0,07,000,13,0,1,01,A01
200600050267,0,07,000,06,0,2,01,A01
200600050268,0,01,000,00,0,4,01,A01
200600050268,0,07,000,00,2,1,01,B01
200600050269,0,07,000,02,0,7,01,A01
200600050270,0,07,000,00,2,1,15,A01
200600050270,0,07,000,00,2,2,01,B01
200600050271,0,33,000,00,2,1,01,A01
200600050271,0,07,000,00,2,6,14,B01
200600050272,0,33,000,00,2,1,01,A01
200600050272,0,10,000,00,2,8,15,B01
200600050273,0,07,000,00,2,1,11,A01
200600050273,0,07,000,00,2,7,01,B01
200600050273,0,07,000,00,2,1,01,C01
200600050274,0,07,000,00,1,1,01,A01
200600050275,0,02,000,00,2,6,01,A01
200600050275,0,07,000,00,0,0,15,B01
200600050276,0,07,000,00,2,1,02,A01
200600050276,0,07,000,00,2,4,01,B01
200600050277,0,07,000,00,2,8,15,A01
200600050277,0,31,000,00,2,2,17,B01
200600050278,0,07,000,00,2,1,02,A01
200600050278,0,07,000,00,2,4,23,B01
200600050279,0,33,000,00,1,1,01,A01
200600050280,0,33,000,00,2,5,17,A01
200600050280,0,07,000,00,2,8,01,B01
200600050281,0,07,000,00,2,1,02,A01
200600050281,0,07,000,00,2,4,23,B01
200600050282,0,07,000,00,2,1,02,A01
200600050282,0,07,000,00,2,4,23,B01
200600050282,0,07,000,00,2,4,23,C01
200600050283,0,07,000,00,1,1,01,A01
200600050284,0,07,000,00,2,5,12,A01
200600050284,0,01,000,00,2,8,01,B01
200600050285,0,31,000,00,2,1,17,A01
200600050285,0,07,000,00,2,8,15,B01
200600050286,0,07,000,00,2,1,01,A01
200600050286,0,07,000,00,2,4,01,B01
200600050287,0,07,000,00,2,1,02,A01
200600050287,0,07,000,00,2,4,02,B01
200600050287,0,07,000,00,2,4,23,C01
200600050288,0,02,000,00,2,8,09,A01
200600050288,0,07,000,00,2,2,01,B01
200600050289,0,07,000,00,1,4,04,A01
200600050290,0,07,000,00,0,8,15,A01
200600050290,0,33,000,00,2,0,01,B01
200600050291,0,07,000,00,2,1,15,A01
200600050291,0,33,000,00,2,7,01,B01
200600050292,0,02,000,00,0,8,21,A01
200600050293,1,07,000,00,2,1,01,A01
200600050293,0,01,000,00,2,8,01,B01
200600050294,0,07,000,00,2,1,01,A01
200600050294,0,07,000,00,2,1,01,B01
200600050295,0,31,000,00,0,1,00,A01
200600050296,0,07,000,00,2,8,12,A01
200600050296,0,33,000,00,2,8,01,B01
200600050297,0,07,000,00,2,1,01,A01
200600050297,0,07,000,00,2,1,01,B01
200600050297,1,07,000,00,0,0,01,C01
200600050298,0,33,000,00,0,0,00,A01
200600050299,0,07,000,08,0,1,01,A01
200600050300,0,07,000,00,2,4,01,A01
200600050300,0,07,000,00,2,1,01,B01
200600050301,0,07,000,00,2,5,17,A01
200600050301,0,32,000,01,2,6,15,B01
200600050302,0,10,000,00,2,7,01,B01
200600050302,0,07,000,04,2,3,19,A01
200600050303,0,32,000,00,0,7,01,A01
200600050304,0,07,000,00,2,1,02,A01
200600050304,0,07,000,00,2,4,02,B01
200600050305,0,07,000,00,2,4,00,A01
200600050305,0,15,000,00,2,1,02,B01
200600050306,0,33,000,00,9,1,02,A01
200600050307,0,33,000,00,2,1,03,A01
200600050307,0,07,000,00,9,7,12,B01
200600050308,0,07,000,07,0,7,01,A01
200600050309,0,07,000,04,2,6,02,A01
200600050309,1,07,000,00,2,2,12,B01
200600050310,0,33,000,04,0,3,02,A01
200600050311,0,33,000,08,0,2,01,A01
200600050312,0,07,000,04,0,1,02,A01
200600050313,0,07,000,00,0,0,02,A01
200600050314,0,07,000,04,0,8,01,A01
200600050315,0,07,000,03,0,1,01,A01
200600050316,0,07,000,00,2,1,09,A01
200600050316,0,07,000,00,0,7,02,B01
200600050317,0,07,000,04,0,7,01,A01
200600050318,0,07,000,14,0,2,01,A01
200600050318,0,07,000,14,2,2,11,B01
200600050319,0,07,000,00,2,4,02,B01
200600050319,0,07,000,00,2,1,02,C01
200600050319,0,07,000,00,0,4,02,A01
200600050320,0,33,000,00,0,8,01,A01
200600050321,0,07,000,00,0,4,02,A01
200600050321,0,07,000,00,2,4,02,B01
200600050321,0,07,000,00,2,1,01,C01
200600050322,0,10,000,00,2,4,02,A01
200600050322,0,07,000,00,2,1,02,B01
200600050323,0,33,000,00,0,7,00,A01
200600050323,0,33,000,00,2,1,00,B01
200600050323,0,07,000,00,0,0,00,C01
200600050324,0,07,000,14,2,7,12,A01
200600050324,0,33,000,14,2,8,02,B01
200600050325,0,33,000,00,0,8,00,A01
200600050326,0,07,000,03,2,6,12,A01
200600050326,0,07,000,00,2,5,00,B01
200600050327,0,07,000,00,2,1,02,A01
200600050327,0,07,000,00,0,4,02,B01
200600050327,0,07,000,00,2,1,02,C01
200600050328,0,32,000,00,2,7,03,A01
200600050328,0,07,000,00,2,8,11,B01
200600050329,0,07,000,00,2,2,12,A01
200600050329,0,07,000,04,2,8,01,B01
200600050330,0,07,000,00,0,6,01,A01
200600050330,0,33,000,00,2,7,11,B01
200600050331,0,15,000,00,2,2,02,A01
200600050331,0,10,000,00,2,6,11,B01
200600050332,0,33,000,00,2,8,01,A01
200600050332,0,07,000,00,2,7,12,B01
200600050333,0,07,000,00,2,8,11,A01
200600050333,0,33,000,00,2,2,00,B01
200600050334,0,33,000,00,9,1,01,A01
200600050335,0,07,000,00,0,1,02,A01
200600050335,0,07,000,00,2,4,02,B01
200600050335,0,07,000,00,2,4,02,C01
200600050336,0,07,000,00,0,9,01,A01
200600050337,0,10,000,03,0,1,17,A01
200600050338,0,10,000,00,2,1,01,A01
200600050338,0,10,000,00,0,4,23,B01
200600050338,0,10,000,00,0,4,23,C01
200600050339,0,10,000,00,2,8,11,A01
200600050339,0,32,000,00,2,7,01,B01
200600050340,0,10,000,00,2,6,01,A01
200600050340,0,15,000,00,2,2,12,B01
200600050341,0,33,000,00,0,2,02,A01
200600050342,0,33,000,00,0,1,01,A01
200600050343,0,07,000,00,0,2,01,A01
200600050344,0,07,000,04,0,1,00,A01
200600050345,0,07,000,04,0,3,01,A01
200600050346,0,07,000,04,0,6,01,A01
200600050347,0,07,000,00,2,1,00,A01
200600050347,0,07,000,00,2,3,00,B01
200600050348,0,07,000,03,0,1,02,A01
200600050349,0,07,000,00,0,1,01,A01
200600050350,0,07,000,00,0,4,01,A01
200600050351,0,07,000,00,2,1,02,A01
200600050351,0,07,000,00,0,4,02,B01
200600050352,0,07,000,00,0,7,00,A01
200600050352,0,07,000,00,0,6,00,B01
200600050353,0,07,000,04,0,2,00,A01
200600050354,0,07,000,00,0,9,01,A01
200600050354,0,07,000,00,2,0,00,B01
200600050355,0,07,000,00,0,3,01,A01
200600050356,0,07,000,04,0,1,00,A01
200600050356,1,07,000,00,2,3,12,B01
200600050357,0,07,000,00,0,4,24,A01
200600050357,0,15,000,00,2,1,14,B01
200600050358,0,07,000,00,0,4,23,A01
200600050358,0,07,000,00,2,1,02,B01
200600050359,0,15,000,04,0,1,02,A01
200600050360,0,07,000,04,0,1,00,A01
200600050361,0,10,000,00,0,4,01,B01
200600050361,0,07,000,00,2,1,01,A01
200600050362,0,07,000,03,0,1,18,A01
200600050363,0,07,000,04,0,1,21,A01
200600050364,0,07,000,00,2,6,01,A01
200600050365,0,10,000,04,0,3,01,A01
200600050366,0,07,000,01,0,1,00,A01
200600050366,0,07,000,00,0,4,23,B01
200600050367,0,07,000,04,0,1,00,A01
200600050368,0,07,000,04,0,5,01,A01
200600050369,0,33,000,00,0,7,01,A01
200600050370,0,07,000,00,2,1,01,A01
200600050370,0,07,000,03,0,3,01,B01
200600050371,0,07,000,04,0,1,00,A01
200600050372,0,15,000,03,0,2,01,A01
200600050373,0,07,000,04,0,1,00,A01
200600050374,0,07,000,04,0,3,17,A01
200600050375,0,07,000,00,0,0,00,A01
200600050376,0,07,000,00,2,6,11,A01
200600050376,0,07,000,00,2,2,01,B01
200600050377,0,07,000,13,0,9,13,A01
200600050378,0,07,000,04,0,7,01,A01
200600050379,0,07,000,00,0,4,00,B01
200600050379,0,10,000,00,2,1,01,A01
200600050380,0,07,000,00,0,9,01,A01
200600050381,0,07,000,03,0,9,21,A01
200600050382,0,10,000,07,0,1,01,A01
200600050383,0,10,000,00,0,5,23,A01
200600050383,0,10,000,00,2,3,21,B01
200600050383,0,10,000,00,0,8,02,C01
200600050384,0,07,000,00,0,0,00,A01
200600050385,0,07,000,00,0,0,02,A01
200600050386,0,07,000,00,0,7,01,A01
200600050387,0,07,000,03,0,1,14,A01
200600050388,0,14,000,00,0,5,00,A01
200600050389,0,07,000,00,0,4,00,A01
200600050389,0,07,000,00,2,1,01,B01
200600050390,0,07,000,04,0,3,00,A01
200600050391,0,33,000,00,2,1,01,A01
200600050391,0,07,000,00,0,4,01,B01
200600050392,0,31,000,00,2,0,01,A01
200600050393,0,07,000,13,2,3,01,A01
200600050394,0,07,000,04,0,1,01,A01
200600050395,0,07,000,04,0,9,01,A01
200600050396,0,07,000,00,2,1,14,A01