Num_Acc,senc,catv,occutc,obs,obsm,choc,manv,num_veh
200600050767,0,14,000,00,2,4,02,B02
200600050768,0,07,000,00,2,6,17,A01
200600050768,0,02,000,00,2,1,17,B02
200600050769,0,07,000,00,2,1,01,A01
200600050769,0,03,000,00,2,4,00,B02
200600050770,0,07,000,00,0,0,01,A01
200600050771,0,33,000,16,0,1,15,A01
200600050772,0,02,000,12,0,1,01,A01
200600050773,0,07,000,00,2,2,01,A01
200600050773,0,02,000,00,2,4,00,B02
200600050774,0,17,000,01,0,6,23,A01
200600050774,0,02,000,01,0,1,02,B02
200600050775,0,02,000,06,0,7,01,A01
200600050776,0,07,000,00,2,1,01,A01
200600050776,0,07,000,00,2,1,01,B02
200600050777,0,07,000,00,2,1,00,A01
200600050777,0,07,000,00,2,1,01,B02
200600050778,0,07,000,00,1,2,02,A01
200600050779,0,07,000,00,2,3,09,A01
200600050779,0,30,000,00,2,1,01,B02
200600050780,0,07,000,00,1,2,01,A01
200600050781,0,07,000,00,2,1,01,A01
200600050781,0,07,000,00,2,1,05,B02
200600050782,0,13,000,00,2,8,09,A01
200600050782,0,30,000,00,2,1,21,B02
200600050783,0,07,000,00,9,2,02,A01
200600050783,0,01,000,00,0,6,02,B02
200600050784,0,07,000,02,0,3,01,A01
200600050785,0,07,000,13,0,2,01,A01
200600050786,0,07,000,00,2,2,01,A01
200600050786,0,01,000,00,2,7,01,B02
200600050787,0,07,000,00,0,1,01,A01
200600050788,0,07,000,00,2,3,13,A01
200600050788,0,15,000,00,2,3,01,B02
200600050789,0,07,000,00,2,3,01,A01
200600050789,0,07,000,00,2,3,01,B02
200600050790,0,34,000,00,2,1,02,A01
200600050790,0,10,000,00,2,3,02,B02
200600050791,0,33,000,00,0,0,13,A01
200600050792,0,07,000,00,1,2,01,A01
200600050793,0,07,000,03,0,3,11,A01
200600050794,0,33,000,11,0,8,13,A01
200600050795,0,07,000,00,0,2,15,A01
200600050796,0,07,000,02,0,2,19,A01
200600050797,0,07,000,00,1,2,01,A01
200600050798,0,07,000,15,0,9,15,A01
200600050799,0,02,000,09,0,1,01,A01
200600050800,0,07,000,01,9,3,15,A01
200600050800,0,30,000,00,2,1,23,B02
200600050801,0,33,000,00,2,3,17,A01
200600050801,0,07,000,00,2,3,01,B02
200600050802,0,33,000,16,0,9,17,A01
200600050803,0,07,000,16,0,9,01,A01
200600050804,0,07,000,06,0,1,01,A01
200600050805,0,07,000,00,2,1,21,A01
200600050805,0,33,000,00,2,9,13,B02
200600050806,0,10,000,00,2,3,01,A01
200600050806,0,17,000,00,2,3,01,B02
200600050807,0,10,000,00,2,7,01,A01
200600050807,0,02,000,00,2,1,19,B02
200600050808,0,07,000,06,0,1,01,A01
200600050809,0,03,000,00,2,2,15,A01
200600050809,0,07,000,00,2,6,01,B02
200600050810,0,33,000,00,2,8,02,A01
200600050810,0,07,000,00,0,6,02,B02
200600050811,0,07,000,13,0,1,01,A01
200600050812,0,07,000,00,2,3,17,A01
200600050812,0,07,000,00,2,3,01,B02
200600050812,0,10,000,00,0,0,00,C03
200600050813,0,07,000,00,2,1,02,A01
200600050813,0,01,000,00,0,4,11,B02
200600050814,0,07,000,00,2,7,19,A01
200600050814,0,33,000,00,2,1,01,B02
200600050815,0,07,000,13,0,9,21,A01
200600050816,0,07,000,00,2,3,01,A01
200600050816,0,07,000,00,2,1,13,B02
200600050817,0,10,000,00,2,1,01,B02
200600050817,0,10,000,00,2,9,00,A01
200600050818,0,07,000,00,2,1,01,A01
200600050818,0,99,000,00,2,7,19,B02
200600050819,0,07,000,00,2,1,13,A01
200600050819,0,07,000,00,2,1,01,B02
200600050820,0,33,000,00,0,8,00,A01
200600050820,0,07,000,00,0,8,00,B02
200600050821,0,07,000,00,2,1,01,A01
200600050821,0,07,000,00,0,2,15,B02
200600050822,0,10,000,00,2,3,01,A01
200600050822,0,01,000,00,2,1,01,B02
200600050823,0,33,000,00,2,7,17,A01
200600050824,0,07,000,00,1,2,01,A01
200600050825,0,07,000,00,2,1,01,B02
200600050825,0,07,000,00,2,3,15,A01
200600050826,0,33,000,13,0,1,06,A01
200600050827,0,07,000,00,2,1,13,A01
200600050827,0,10,000,00,2,1,01,B02
200600050828,0,33,000,00,0,4,11,A01
200600050828,0,07,000,00,2,1,01,B02
200600050829,0,21,000,00,2,4,01,A01
200600050829,0,07,000,00,2,1,01,B02
200600050829,0,07,000,00,2,1,01,C03
200600050830,0,07,000,00,1,2,01,A01
200600050831,0,07,000,00,2,1,23,A01
200600050831,0,33,000,00,2,1,15,B02
200600050832,0,01,000,00,0,3,02,A01
200600050833,1,07,000,00,1,2,01,A01
200600050834,0,10,000,15,0,3,01,A01
200600050835,0,07,000,13,0,0,01,A01
200600050836,0,07,000,00,0,1,01,A01
200600050837,0,33,000,00,1,6,01,A01
200600050838,0,33,000,00,2,1,17,A01
200600050838,0,07,000,00,2,6,15,B02
200600050839,0,02,000,10,0,1,01,A01
200600050840,0,01,000,00,2,1,01,A01
200600050841,0,34,000,00,2,1,02,A01
200600050841,0,99,000,00,0,4,15,B02
200600050842,0,07,000,00,2,1,01,B02
200600050842,0,07,000,00,2,2,10,C03
200600050843,0,07,000,00,2,5,01,A01
200600050843,0,33,000,00,2,1,01,B02
200600050843,0,14,000,00,2,4,01,C03
200600050843,0,07,000,00,2,1,01,D04
200600050844,0,07,000,00,2,3,01,A01
200600050844,0,07,000,00,0,3,13,B02
200600050845,0,02,000,01,0,1,14,A01
200600050845,0,07,000,01,0,4,00,B02
200600050846,0,07,000,00,0,3,15,A01
200600050846,0,31,000,00,0,2,12,B02
200600050847,0,33,000,12,0,1,01,A01
200600050848,0,31,000,12,0,7,00,A01
200600050849,0,07,000,00,1,1,06,A01
200600050850,0,07,000,00,2,1,01,A01
200600050850,0,07,000,00,2,5,01,B02
200600050851,0,07,000,02,0,1,17,A01
200600050852,0,07,000,00,2,4,00,A01
200600050852,0,33,000,00,2,1,00,B02
200600050853,0,07,000,00,2,1,13,A01
200600050853,0,17,000,00,2,1,01,B02
200600050854,0,02,000,01,0,2,02,A01
200600050854,0,07,000,01,0,6,00,B02
200600050855,0,07,000,00,2,1,15,A01
200600050856,0,07,000,00,2,8,15,A01
200600050856,0,33,000,00,2,1,17,B02
200600050857,0,07,000,02,0,1,01,A01
200600050858,0,07,000,00,2,2,21,A01
200600050858,0,07,000,00,2,1,15,B02
200600050859,0,07,000,00,2,2,15,A01
200600050859,0,31,000,00,2,1,01,B02
200600050860,0,07,000,00,2,8,19,A01
200600050860,0,07,000,00,2,2,01,B02
200600050861,0,07,000,00,2,3,01,A01
200600050861,0,02,000,00,2,3,15,B02
200600050862,0,02,000,00,2,7,02,A01
200600050862,0,07,000,00,0,8,01,B02
200600050863,0,07,000,00,2,6,11,A01
200600050863,0,14,000,00,2,1,01,B02
200600050864,0,07,000,00,2,6,02,A01
200600050864,0,33,000,00,2,1,02,B02
200600050865,0,07,000,00,0,1,13,A01
200600050865,0,07,000,00,0,1,01,B02
200600050866,0,07,000,00,2,1,13,A01
200600050866,0,07,000,00,2,8,01,B02
200600050867,0,14,000,00,2,1,01,B02
200600050867,0,07,000,00,2,8,15,A01
200600050868,0,02,000,00,1,2,01,A01
200600050869,0,10,000,08,0,1,13,A01
200600050870,0,07,000,00,2,2,15,A01
200600050870,0,33,000,00,2,1,01,B02
200600050871,0,07,000,15,0,3,01,A01
200600050872,0,07,000,00,0,0,00,A01
200600050872,0,07,000,00,2,1,13,B02
200600050873,0,33,000,00,2,1,17,A01
200600050873,0,21,000,00,2,2,15,B02
200600050874,0,07,000,00,2,3,10,A01
200600050874,0,02,000,00,2,1,01,B02
200600050875,0,33,000,00,2,3,01,A01
200600050875,0,07,000,00,0,7,10,B02
200600050876,0,07,000,00,2,1,01,A01
200600050876,0,07,000,00,0,4,23,B02
200600050877,0,02,000,00,2,1,13,A01
200600050877,0,07,000,00,2,3,01,B02
200600050878,0,07,000,00,0,1,01,A01
200600050879,0,07,000,00,2,3,10,A01
200600050879,0,33,000,00,2,7,02,B02
200600050880,0,07,000,00,1,3,09,A01
200600050881,0,21,000,00,2,4,16,A01
200600050881,0,07,000,00,2,1,01,B02
200600050882,0,07,000,00,0,0,00,A01
200600050883,0,33,000,00,2,1,01,A01
200600050883,0,33,000,00,2,1,01,B02
200600050884,0,07,000,08,0,7,01,A01
200600050885,0,07,000,02,0,1,13,A01
200600050886,0,14,000,03,2,6,02,A01
200600050886,0,07,000,00,0,6,10,B02
200600050887,0,14,000,00,2,3,01,A01
200600050887,0,02,000,00,0,6,01,B02
200600050888,0,07,000,08,0,2,01,A01
200600050889,0,33,000,00,2,3,02,A01
200600050889,0,07,000,00,2,7,16,B02
200600050890,0,14,000,00,2,3,01,A01
200600050890,0,10,000,00,2,1,00,B02
200600050891,0,21,000,00,0,8,13,A01
200600050891,0,07,000,00,0,1,01,B02
200600050892,0,02,000,06,0,7,00,A01
200600050893,0,02,000,00,0,7,03,A01
200600050893,0,07,000,00,0,3,15,B02
200600050894,0,07,000,00,1,2,13,A01
200600050895,0,07,000,00,1,1,01,A01
200600050896,0,07,000,06,0,7,01,A01
200600050897,0,02,000,00,2,1,01,A01
200600050897,0,07,000,00,0,6,23,B02
200600050898,0,30,000,08,0,1,01,A01
200600050899,0,07,000,00,2,8,09,A01
200600050899,0,07,000,00,0,0,00,B02
200600050900,0,07,000,13,0,1,01,A01
200600050901,0,14,000,00,2,1,02,A01
200600050901,0,07,000,00,2,4,02,B02
200600050901,0,07,000,00,2,4,02,C03
200600050901,0,07,000,00,2,4,02,D04
200600050901,0,07,000,00,0,4,02,E05
200600050902,0,07,000,13,0,0,21,A01
200600050903,0,10,000,03,0,3,01,A01
200600050904,0,07,000,00,0,3,15,A01
200600050904,0,33,000,00,2,9,01,B02
200600050904,0,07,000,00,0,1,23,C03
200600050905,0,14,000,00,0,1,19,A01
200600050905,0,02,000,00,0,0,01,B02
200600050906,0,10,000,00,2,3,01,A01
200600050906,0,02,000,00,2,3,01,B02
200600050907,0,07,000,01,0,2,01,A01
200600050907,0,07,000,00,2,2,24,B02
200600050908,0,07,000,00,2,2,21,A01
200600050908,0,02,000,00,2,7,05,B02
200600050909,0,07,000,00,6,0,00,A01
200600050910,0,07,000,08,0,1,13,A01
200600050911,0,10,000,00,2,2,13,A01
200600050911,0,07,000,00,2,1,01,B02
200600050912,0,07,000,00,2,1,13,A01
200600050912,0,07,000,00,2,3,01,B02
200600050913,0,33,000,00,2,1,09,A01
200600050913,0,10,000,00,2,6,01,B02
200600050914,0,07,000,00,2,3,01,A01
200600050914,0,07,000,00,2,3,01,B02
200600050915,0,02,000,00,0,0,14,A01
200600050916,0,30,000,00,2,1,13,A01
200600050916,0,07,000,00,2,1,01,B02
200600050917,0,07,000,00,9,5,02,A01
200600050917,0,01,000,00,2,8,02,B02
200600050918,0,02,000,16,0,2,01,A01
200600050919,0,30,000,00,2,1,01,A01
200600050919,0,07,000,00,2,3,01,B02
200600050920,0,99,000,00,0,1,01,A01
200600050921,0,07,000,00,2,2,01,A01
200600050921,0,07,000,00,2,3,19,B02
200600050922,0,10,000,00,2,7,15,A01
200600050922,0,17,000,00,2,1,01,B02
200600050923,0,07,000,00,1,2,01,A01
200600050924,0,07,000,00,0,8,15,A01
200600050924,0,31,000,00,2,1,01,B02
200600050925,0,07,000,00,2,7,11,A01
200600050925,0,10,000,00,2,1,01,B02
200600050926,0,10,000,16,0,9,01,A01
200600050927,0,07,000,00,2,1,01,A01
200600050927,0,21,000,00,0,8,09,B02
200600050928,0,10,000,00,2,2,16,A01
200600050928,0,10,000,00,2,8,15,B02
200600050929,0,07,000,03,2,1,02,A01
200600050929,0,07,000,00,2,8,01,B02
200600050930,0,07,000,00,0,3,01,A01
200600050931,0,07,000,00,2,3,05,A01
200600050931,0,07,000,00,2,3,01,B02
200600050932,0,07,000,00,2,1,11,A01
200600050932,0,07,000,00,2,1,01,B02
200600050933,0,07,000,00,2,1,13,A01
200600050933,0,07,000,00,2,1,01,B02
200600050933,0,07,000,00,0,0,00,C03
200600050934,0,03,000,00,0,9,10,A01
200600050935,0,07,000,00,2,3,13,A01
200600050935,0,07,000,00,2,3,01,B02
200600050935,0,10,000,00,2,1,01,C03
200600050936,0,02,000,00,2,8,19,A01
200600050936,0,07,000,00,2,2,01,B02
200600050937,0,07,000,12,2,2,01,A01
200600050937,0,32,000,00,2,8,15,B02
200600050938,0,02,000,00,1,1,01,A01
200600050939,0,33,000,00,2,7,17,A01
200600050939,0,21,000,00,2,8,15,B02
200600050940,0,30,000,00,2,4,17,A01
200600050940,0,21,000,00,0,1,01,B02
200600050941,0,07,000,00,2,3,01,A01
200600050941,0,07,000,00,2,1,15,B02
200600050942,0,21,000,00,2,7,19,A01
200600050942,0,30,000,00,2,1,01,B02
200600050943,0,33,000,00,2,8,00,A01
200600050943,0,07,000,00,2,3,00,B02
200600050944,0,10,000,00,2,6,01,A01
200600050944,0,07,000,00,2,2,02,B02
200600050945,0,07,000,00,2,3,01,A01
200600050945,0,02,000,00,2,1,01,B02
200600050946,0,07,000,00,0,0,01,A01
200600050947,0,07,000,00,2,3,01,A01
200600050947,0,02,000,00,2,1,17,B02
200600050948,0,07,000,00,0,1,17,A01
200600050948,0,07,000,00,0,1,01,B02
200600050949,0,17,000,00,2,6,04,A01
200600050949,0,30,000,00,2,1,00,B02
200600050950,0,07,000,00,2,2,01,A01
200600050950,0,07,000,00,2,4,13,B02
200600050951,0,07,000,00,2,7,15,A01
200600050951,0,01,000,00,2,0,01,B02
200600050951,0,01,000,00,0,0,01,C03
200600050952,0,17,000,00,2,3,01,A01
200600050952,0,07,000,00,2,1,01,B02
200600050953,0,33,000,00,0,1,01,A01
200600050954,0,10,000,00,2,1,01,A01
200600050954,0,01,000,00,2,1,19,B02
200600050955,0,33,000,13,0,1,00,A01
200600050956,0,07,000,13,0,1,01,A01
200600050957,0,07,000,00,2,1,01,A01
200600050957,0,07,000,00,2,2,01,B02
200600050958,0,07,000,00,0,1,00,A01
200600050959,0,14,000,00,2,1,01,A01
200600050959,0,07,000,13,0,8,01,B02
200600050960,0,10,000,00,0,0,01,A01
200600050960,0,30,000,00,0,0,13,B02
200600050961,0,07,000,02,0,1,14,A01
200600050962,0,07,000,00,2,2,01,A01
200600050962,0,02,000,00,2,4,15,B02
200600050963,0,07,000,13,0,5,01,A01
200600050964,0,07,000,00,1,3,15,A01
200600050965,0,07,000,00,2,8,15,A01
200600050965,0,07,000,00,2,1,15,B02
200600050966,0,07,000,00,2,3,16,A01
200600050966,0,07,000,00,2,2,01,B02
200600050967,0,07,000,00,2,2,15,A01
200600050967,0,33,000,00,2,1,01,B02
200600050968,0,07,000,06,0,1,01,A01
200600050969,0,02,000,00,2,1,01,A01
200600050969,0,07,000,00,2,3,13,B02
200600050970,0,07,000,13,0,1,13,A01
200600050971,0,07,000,00,2,5,16,A01
200600050971,0,31,000,00,2,1,02,B02
200600050972,0,07,000,00,0,6,15,A01
200600050972,0,02,000,00,0,1,17,B02
200600050973,0,07,000,00,2,2,15,A01
200600050973,0,02,000,00,2,1,01,B02
200600050974,0,01,000,00,2,6,00,B02
200600050974,0,07,000,00,9,2,01,A01
200600050975,0,07,000,00,9,1,01,A01
200600050975,0,02,000,00,2,1,15,B02
200600050976,0,07,000,06,0,3,13,A01
200600050977,0,07,000,02,0,6,00,A01
200600050978,0,07,000,01,0,2,14,A01
200600050979,0,14,000,00,2,1,01,A01
200600050980,0,07,000,00,2,3,19,A01
200600050980,0,02,000,00,2,1,01,B02
200600050981,0,30,000,00,2,8,13,A01
200600050981,0,07,000,00,2,2,17,B02
200600050982,0,07,000,00,2,1,01,A01
200600050982,0,07,000,00,0,8,01,B02
200600050983,0,07,000,00,2,1,01,A01
200600050983,0,07,000,00,2,4,01,B02
200600050984,0,07,000,00,2,3,13,A01
200600050984,0,33,000,00,2,1,01,B02
200600050985,0,14,000,00,9,7,02,A01
200600050985,0,01,000,00,2,8,01,B02
200600050986,0,07,000,00,2,6,15,A01
200600050986,0,02,000,00,2,1,17,B02
200600050987,0,07,000,13,0,1,16,A01
200600050988,0,07,000,00,2,2,00,A01
200600050988,0,10,000,00,2,1,09,B02
200600050989,0,07,000,00,0,0,17,A01
200600050989,0,33,000,13,0,1,21,B02
200600050990,0,33,000,00,2,2,17,A01
200600050990,0,07,000,00,0,8,11,B02
200600050990,0,07,000,00,2,3,01,C03
200600050991,0,14,000,03,0,3,01,A01
200600050992,0,07,000,08,0,8,01,A01
200600050993,0,07,000,04,2,3,05,A01
200600050993,0,17,000,04,2,3,01,B02
200600050994,0,02,000,00,2,1,01,A01
200600050994,0,07,000,00,2,3,15,B02
200600050995,0,33,000,01,0,1,02,A01
200600050996,0,02,000,01,0,4,01,A01
200600050997,0,07,000,02,0,1,13,A01
200600050998,0,02,000,00,2,8,13,A01
200600050998,0,07,000,00,9,8,01,B02
200600050999,0,07,000,00,2,3,13,A01
200600050999,0,07,000,00,2,1,01,B02
200600051000,0,33,000,00,2,2,17,A01
200600051000,0,21,000,00,2,3,15,B02
200600051001,0,07,000,00,0,6,19,A01
200600051001,0,07,000,00,2,1,01,B02
200600051002,0,07,000,00,1,6,01,A01
200600051003,0,02,000,00,0,0,00,A01
200600051003,0,07,000,00,2,3,21,B02
200600051004,0,07,000,00,2,1,01,A01
200600051004,0,07,000,00,0,0,00,B02
200600051004,0,07,000,00,2,1,01,C03
200600051005,0,33,000,00,2,1,01,B02
200600051005,0,07,000,00,2,8,19,A01
200600051006,0,07,000,00,2,3,00,A01
200600051006,0,07,000,00,2,3,00,B02
200600051007,0,07,000,00,2,3,01,A01
200600051007,0,07,000,00,2,3,01,B02
200600051008,0,07,000,16,0,9,01,A01
200600051009,0,07,000,00,2,2,01,A01
200600051009,0,10,000,00,2,6,01,B02
200600051010,0,33,000,00,4,1,02,A01
200600051011,0,30,000,01,0,8,01,A01
200600051012,0,30,000,00,2,2,01,A01
200600051012,0,07,000,00,2,3,01,B02
200600051013,0,07,000,13,0,1,01,A01
200600051013,0,14,000,00,0,0,00,B02
200600051014,0,07,000,00,1,7,01,A01
200600051015,0,07,000,00,2,1,01,A01
200600051015,0,07,000,00,2,1,13,B02
200600051016,0,07,000,00,2,2,17,A01
200600051017,0,07,000,00,0,3,17,A01
200600051017,0,17,000,00,0,3,15,B02
200600051018,0,31,000,06,0,1,01,A01
200600051019,0,20,000,00,0,8,01,A01
200600051020,0,31,000,00,9,1,00,A01
200600051021,0,07,000,00,2,1,01,A01
200600051021,0,10,000,00,2,8,19,B02
200600051022,0,07,000,09,2,1,16,A01
200600051022,0,07,000,00,2,3,01,B02
200600051023,0,07,000,04,0,8,01,A01
200600051024,0,07,000,06,0,9,01,A01
200600051025,0,33,000,00,2,2,17,A01
200600051025,0,07,000,00,2,3,15,B02
200600051026,0,07,000,00,2,3,13,A01
200600051026,0,20,000,00,2,3,01,B02
200600051027,0,07,000,00,2,1,13,A01
200600051027,0,07,000,00,2,2,01,B02
200600051028,0,07,000,00,1,2,01,A01
200600051029,0,07,000,00,2,1,01,A01
200600051029,0,02,000,00,2,1,13,B02
200600051030,0,33,000,00,2,1,01,B02
200600051030,0,10,000,00,2,3,15,A01
200600051031,0,07,000,13,6,1,01,A01
200600051032,0,33,000,00,2,2,01,A01
200600051032,0,07,000,00,0,5,01,B02
200600051033,0,07,000,00,2,2,19,A01
200600051033,0,02,000,00,2,1,01,B02
200600051034,0,07,000,00,2,2,15,A01
200600051034,0,02,000,00,2,1,01,B02
200600051035,0,02,000,13,0,1,01,A01
200600051036,0,07,000,00,2,2,19,A01
200600051036,0,02,000,00,2,1,01,B02
200600051037,0,07,000,02,0,7,01,A01
200600051038,0,33,000,00,2,2,17,A01
200600051038,0,07,000,00,2,3,15,B02
200600051039,0,07,000,00,0,1,01,A01
200600051040,0,07,000,06,0,1,01,A01
200600051041,0,07,000,00,1,1,01,A01
200600051042,0,21,000,00,2,4,01,A01
200600051042,0,07,000,00,2,1,02,B02
200600051043,0,07,000,13,0,9,01,A01
200600051044,0,07,000,13,0,1,01,A01
200600051045,0,02,000,00,2,1,01,B02
200600051045,0,07,000,00,2,7,19,A01
200600051046,0,07,000,00,2,3,13,A01
200600051046,0,07,000,06,2,3,01,B02
200600051047,0,01,000,00,2,8,19,A01
200600051047,0,07,000,00,9,1,01,B02
200600051048,0,17,000,00,2,3,01,B02
200600051048,0,07,000,00,2,8,15,A01
200600051049,0,38,000,00,9,2,17,A01
200600051049,0,02,000,00,2,8,11,B02
200600051050,0,07,000,02,0,1,01,A01
200600051051,0,07,000,00,2,3,01,A01
200600051051,0,02,000,00,2,1,01,B02
200600051052,0,07,000,00,2,1,01,B02
200600051052,0,07,000,00,2,8,15,A01
200600051053,0,33,000,00,2,1,13,A01
200600051053,0,07,000,00,2,3,01,B02
200600051054,0,07,000,00,2,3,01,A01
200600051054,0,02,000,00,2,3,01,B02
200600051055,0,14,000,00,2,3,01,A01
200600051055,0,07,000,00,2,3,01,B02
200600051056,0,15,000,00,0,7,19,A01
200600051056,0,07,000,00,2,1,01,B02
200600051056,0,07,000,00,2,1,01,C03
200600051057,0,07,000,00,0,8,09,A01
200600051057,0,07,000,00,2,1,01,B02
200600051058,0,07,000,00,0,3,09,A01
200600051058,0,33,000,00,0,1,01,B02
200600051059,0,07,000,07,2,7,15,A01
200600051059,0,33,000,00,2,5,01,B02
200600051060,0,02,000,00,9,1,01,A01
200600051060,0,07,000,00,2,3,01,B02
200600051061,0,07,000,00,2,3,05,A01
200600051061,0,07,000,00,2,3,05,B02
200600051062,0,07,000,00,2,7,15,A01
200600051062,0,02,000,00,2,1,01,B02
200600051063,0,07,000,00,2,2,15,A01
200600051063,0,07,000,00,2,1,01,B02
200600051064,0,07,000,00,2,3,13,A01
200600051064,0,07,000,00,2,3,01,B02
200600051065,0,33,000,00,2,2,13,A01
200600051065,0,07,000,00,0,0,00,B02
200600051066,0,07,000,00,1,7,19,A01
200600051067,0,02,000,00,2,1,15,A01
200600051067,0,07,000,00,2,3,01,B02
200600051068,0,07,000,00,2,2,02,A01
200600051068,0,01,000,00,2,4,02,B02
200600051069,0,30,000,16,0,1,16,A01
200600051070,0,33,000,00,2,1,01,A01
200600051070,0,10,000,00,2,2,01,B02
200600051071,0,07,000,00,1,1,01,A01
200600051072,0,07,000,00,2,5,01,B02
200600051072,0,07,000,00,2,1,01,A01
200600051073,0,02,000,00,2,1,01,A01
200600051073,0,07,000,00,0,4,23,B02
200600051074,0,07,000,00,2,5,15,B02
200600051074,0,07,000,00,2,2,01,A01
200600051075,0,36,000,01,0,3,01,A01
200600051076,0,33,000,00,2,1,01,B02
200600051076,0,07,000,00,2,2,19,A01
200600051077,0,10,000,00,2,2,01,A01
200600051077,0,14,000,00,2,1,00,B02
200600051078,0,07,000,00,1,1,02,A01
200600051079,0,07,000,00,2,3,02,A01
200600051079,0,07,000,00,2,5,15,B02
200600051080,0,07,000,06,0,1,01,A01
200600051081,0,10,000,00,0,7,15,A01
200600051081,0,33,000,00,2,7,01,B02
200600051082,0,07,000,08,2,6,19,A01
200600051082,0,07,000,00,2,1,01,B02
200600051083,0,10,000,00,2,1,19,A01
200600051083,0,10,000,00,2,8,01,B02
200600051084,0,07,000,00,1,2,01,A01
200600051085,0,33,000,13,0,7,01,A01
200600051086,0,07,000,13,0,3,13,A01
200600051087,0,07,000,00,2,3,01,B02
200600051087,0,02,000,00,0,7,15,A01
200600051088,0,07,000,02,0,2,01,A01
200600051089,0,30,000,00,2,8,15,A01
200600051089,0,07,000,00,2,2,17,B02
200600051090,0,07,000,00,2,2,05,A01
200600051090,0,05,000,00,2,1,01,B02
200600051091,0,07,000,00,0,6,23,A01
200600051091,0,01,000,01,0,1,01,B02
200600051092,0,02,000,06,0,1,15,A01
200600051093,0,07,000,00,2,3,05,A01
200600051093,0,07,000,00,2,8,01,B02
200600051093,0,07,000,00,2,1,01,C03
200600051094,0,10,000,00,2,3,01,A01
200600051094,0,07,000,00,2,1,17,B02
200600051094,0,07,000,00,2,3,01,C03
200600051095,0,33,000,00,0,1,01,A01
200600051095,0,01,000,00,9,8,00,B02
200600051096,0,07,000,00,2,1,15,A01
200600051096,0,31,000,00,0,1,01,B02
200600051097,0,07,000,00,1,1,09,A01
200600051098,0,07,000,00,2,1,01,A01
200600051098,0,07,000,00,2,8,19,B02
200600051099,0,07,000,00,2,3,15,A01
200600051099,0,07,000,00,2,2,02,B02
200600051100,0,07,000,00,9,3,01,A01
200600051100,0,01,000,00,2,1,01,B02
200600051101,0,02,000,00,0,8,01,A01
200600051102,0,07,000,06,0,2,01,A01
200600051103,0,02,000,00,9,0,00,A01
200600051104,0,07,000,00,2,3,13,A01
200600051104,0,21,000,00,2,3,01,B02
200600051105,0,07,000,00,2,8,11,A01
200600051105,0,33,000,00,2,1,01,B02
200600051106,0,07,000,00,2,3,15,A01
200600051106,0,33,000,00,2,1,01,B02
200600051107,0,07,000,00,0,9,01,A01
200600051108,0,38,000,00,0,6,24,A01
200600051108,0,02,000,01,0,1,18,B02
200600051109,0,01,000,00,0,4,02,A01
200600051109,0,02,000,00,2,2,02,B02
200600051110,0,07,000,00,2,2,15,A01
200600051110,0,07,000,00,2,1,01,B02
200600051111,0,07,000,00,2,1,01,A01
200600051111,0,01,000,00,2,8,15,B02
200600051112,0,01,000,01,0,1,01,A01
200600051113,0,07,000,02,0,8,01,A01
200600051114,0,02,000,00,2,8,15,A01
200600051114,0,07,000,00,2,3,01,B02
200600051115,0,07,000,00,2,1,01,A01
200600051115,0,02,000,00,2,7,19,B02
200600051116,0,10,000,00,2,3,15,A01
200600051116,0,07,000,06,2,1,01,B02
200600051117,0,02,000,11,0,1,01,A01
200600051118,0,31,000,00,0,7,01,A01
200600051119,0,10,000,00,2,1,01,A01
200600051119,0,07,000,00,0,4,01,B02
200600051120,0,02,000,11,0,1,13,A01
200600051120,0,07,000,14,0,1,01,B02
200600051120,0,07,000,14,0,1,01,C03
200600051121,0,07,000,00,2,1,01,A01
200600051121,0,07,000,00,6,7,01,B02
200600051122,0,02,000,00,2,1,05,A01
200600051122,0,07,000,00,0,3,01,B02
200600051123,0,07,000,00,1,2,01,A01
200600051124,0,07,000,00,0,2,19,A01
200600051124,0,02,000,00,0,1,01,B02
200600051125,0,10,000,00,2,3,15,A01
200600051125,0,02,000,00,2,3,01,B02
200600051126,0,01,000,00,2,1,01,B02
200600051126,0,07,000,00,2,2,19,A01
200600051127,0,30,000,00,2,1,13,A01
200600051127,0,07,000,00,2,1,01,B02
200600051128,0,03,000,13,0,9,17,A01
200600051129,0,07,000,08,0,1,01,A01
200600051130,0,30,000,00,0,0,01,A01
200600051131,0,07,000,02,0,1,01,A01
200600051132,0,31,000,00,2,1,01,A01
200600051132,0,07,000,00,9,7,01,B02
200600051133,0,07,000,00,2,3,01,A01
200600051133,0,07,000,00,2,8,01,B02
200600051134,0,07,000,00,2,2,17,A01
200600051134,0,07,000,00,2,6,02,B02
200600051135,0,07,000,13,0,2,01,A01
200600051136,0,10,000,00,0,3,13,A01
200600051136,0,10,000,00,0,3,02,B02
200600051137,0,07,000,13,0,2,01,A01
200600051138,0,02,000,00,5,1,01,A01
200600051139,0,07,000,14,1,2,01,A01
200600051140,0,15,000,00,1,7,16,A01
200600051141,0,07,000,08,0,1,01,A01
200600051142,0,07,000,00,2,1,21,A01
200600051142,0,07,000,00,2,1,13,B02
200600051143,0,10,000,00,2,1,13,A01
200600051143,0,07,000,00,2,1,01,B02
200600051143,0,07,000,00,2,1,21,C03
200600051144,0,02,000,08,0,1,14,A01
200600051145,0,17,000,00,2,3,01,A01