Num_Acc,senc,catv,occutc,obs,obsm,choc,manv,num_veh
200600051145,0,07,000,00,2,3,01,B02
200600051146,0,07,000,00,2,3,15,A01
200600051146,0,30,000,00,2,8,01,B02
200600051147,0,07,000,00,2,3,17,A01
200600051147,0,07,000,00,2,3,01,B02
200600051148,0,07,000,06,0,1,01,A01
200600051149,0,38,000,00,2,5,17,A01
200600051149,0,01,000,00,2,1,01,B02
200600051150,0,07,000,06,2,1,21,A01
200600051151,0,07,000,08,0,6,01,A01
200600051152,0,07,000,00,2,2,15,A01
200600051152,0,07,000,00,2,1,01,B02
200600051152,0,07,000,00,2,3,23,C03
200600051153,0,10,000,00,2,3,15,A01
200600051153,0,02,000,00,2,1,13,B02
200600051154,0,07,000,13,0,3,01,A01
200600051155,0,07,000,14,0,1,01,A01
200600051156,0,33,000,08,0,1,13,A01
200600051157,0,07,000,00,2,3,15,A01
200600051157,0,33,000,00,2,1,01,B02
200600051158,0,30,000,00,2,1,01,A01
200600051158,0,07,000,00,0,6,00,B02
200600051159,0,07,000,00,2,3,15,A01
200600051159,0,33,000,00,2,4,01,B02
200600051160,0,07,000,00,2,2,17,A01
200600051160,0,30,000,00,2,1,15,B02
200600051161,0,07,000,00,2,2,15,A01
200600051161,0,07,000,00,2,3,02,B02
200600051161,0,07,000,00,0,1,23,C03
200600051161,0,07,000,00,0,3,23,D04
200600051162,0,07,000,00,2,7,13,A01
200600051162,0,10,000,00,2,2,01,B02
200600051163,0,07,000,00,2,1,13,A01
200600051163,0,07,000,00,2,1,01,B02
200600051164,0,07,000,00,0,2,10,A01
200600051164,0,33,000,00,0,8,01,B02
200600051165,0,07,000,00,2,3,13,A01
200600051165,0,07,000,00,2,1,01,B02
200600051166,0,07,000,00,2,2,01,A01
200600051166,0,99,000,00,2,1,01,B02
200600051167,0,33,000,13,0,1,01,A01
200600051168,0,07,000,00,2,3,13,A01
200600051168,0,17,000,00,2,3,01,B02
200600051169,0,07,000,00,2,1,01,C03
200600051169,0,07,000,00,0,7,01,A01
200600051169,0,07,000,00,2,1,01,B02
200600051170,0,07,000,00,2,1,01,A01
200600051170,0,14,000,00,2,8,15,B02
200600051171,0,07,000,00,0,7,16,A01
200600051171,0,01,000,00,0,8,01,B02
200600051172,0,33,000,00,0,7,12,A01
200600051173,0,07,000,00,2,2,01,A01
200600051173,0,30,000,00,0,4,01,B02
200600051174,0,31,000,00,6,3,01,A01
200600051175,0,17,000,00,1,1,01,A01
200600051176,0,01,000,00,2,1,13,A01
200600051176,0,02,000,00,9,3,01,B02
200600051177,1,14,000,00,2,5,17,A01
200600051177,0,01,000,00,2,8,01,B02
200600051178,0,33,000,05,0,7,15,A01
200600051179,0,31,000,00,0,7,01,A01
200600051180,0,07,000,00,2,2,15,A01
200600051180,0,33,000,00,2,1,01,B02
200600051181,0,07,000,00,2,1,01,A01
200600051181,0,07,000,00,2,1,01,B02
200600051182,0,07,000,00,2,1,01,B02
200600051182,0,07,000,00,2,3,20,A01
200600051183,0,07,000,00,2,3,17,A01
200600051183,0,33,000,00,2,1,01,B02
200600051184,0,07,000,00,2,1,01,B02
200600051184,0,07,000,00,2,8,01,A01
200600051185,0,07,000,00,2,1,17,A01
200600051185,0,07,000,00,2,6,01,B02
200600051185,0,07,000,00,2,2,01,C03
200600051186,0,07,000,02,0,1,01,A01
200600051187,0,07,000,00,2,1,19,A01
200600051187,0,38,000,00,2,5,01,B02
200600051188,0,07,000,00,1,7,01,A01
200600051189,0,01,000,00,2,2,19,A01
200600051189,1,31,000,00,2,1,01,B02
200600051190,0,07,000,00,2,3,15,A01
200600051190,0,33,000,00,2,1,17,B02
200600051191,0,07,000,00,2,1,05,A01
200600051191,0,07,000,00,2,1,01,B02
200600051192,0,02,000,00,2,1,17,A01
200600051192,0,07,000,00,2,8,01,B02
200600051193,0,07,000,00,2,1,01,A01
200600051193,0,10,000,00,2,3,15,B02
200600051194,0,07,000,00,2,3,17,A01
200600051194,0,33,000,02,2,1,01,B02
200600051195,0,33,000,03,0,2,02,A01
200600051195,0,33,000,03,0,2,02,B02
200600051196,0,14,000,13,0,1,19,A01
200600051196,0,14,000,06,0,1,19,B02
200600051197,0,07,000,08,0,1,01,A01
200600051198,0,30,000,00,1,0,01,A01
200600051199,0,33,000,00,2,8,01,A01
200600051199,0,07,000,00,2,2,15,B02
200600051200,0,07,000,00,0,8,10,A01
200600051200,0,31,000,00,2,1,17,B02
200600051201,0,07,000,00,2,1,01,A01
200600051201,0,01,000,00,2,8,19,B02
200600051202,0,14,000,00,0,1,00,A01
200600051202,0,31,000,00,0,1,00,B02
200600051203,0,10,000,12,0,1,13,A01
200600051204,0,07,000,00,9,2,15,A01
200600051204,0,02,000,00,2,1,01,B02
200600051205,0,07,000,00,0,3,15,A01
200600051205,0,31,000,00,0,1,17,B02
200600051206,0,07,000,00,2,1,09,A01
200600051206,0,02,000,00,2,7,17,B02
200600051207,0,14,000,00,2,1,01,A01
200600051207,0,07,000,00,0,8,19,B02
200600051208,0,07,000,03,2,1,02,A01
200600051208,0,15,000,00,2,5,02,B02
200600051209,0,10,000,00,0,0,00,A01
200600051209,0,07,000,00,0,3,15,B02
200600051210,0,30,000,00,0,1,01,A01
200600051210,0,07,000,00,0,4,24,B02
200600051211,0,07,000,00,0,1,00,A01
200600051211,0,07,000,00,0,0,00,B02
200600051212,0,07,000,01,0,3,00,A01
200600051212,0,07,000,00,0,3,01,B02
200600051213,0,07,000,00,9,1,15,A01
200600051213,0,02,000,00,0,7,17,B02
200600051214,0,30,000,00,2,1,15,A01
200600051214,0,07,000,00,2,8,01,B02
200600051215,0,07,000,00,2,7,15,A01
200600051215,0,02,000,00,2,1,01,B02
200600051216,0,07,000,00,1,2,01,A01
200600051217,0,07,000,02,0,1,01,A01
200600051218,0,07,000,00,2,2,01,A01
200600051218,0,02,000,00,2,8,13,B02
200600051218,0,21,000,00,2,6,01,C03
200600051219,0,07,000,00,2,7,19,B02
200600051219,0,07,000,00,2,1,01,A01
200600051220,0,30,000,00,2,1,13,A01
200600051220,0,10,000,00,2,1,01,B02
200600051221,0,02,000,00,2,1,19,A01
200600051221,0,07,000,00,9,1,00,B02
200600051222,0,07,000,00,2,1,19,A01
200600051222,0,02,000,00,2,8,21,B02
200600051222,0,07,000,00,2,1,23,C03
200600051222,0,14,000,00,0,0,00,D04
200600051223,0,02,000,00,2,7,17,A01
200600051223,0,07,000,00,2,3,15,B02
200600051224,0,07,000,00,0,1,01,A01
200600051225,0,07,000,00,2,8,01,A01
200600051225,0,10,000,00,2,8,17,B02
200600051226,0,07,000,00,2,2,17,A01
200600051226,0,21,000,00,2,8,15,B02
200600051227,0,07,000,00,2,3,09,A01
200600051227,0,33,000,00,2,1,01,B02
200600051228,0,07,000,00,2,3,19,A01
200600051228,0,33,000,00,2,1,01,B02
200600051229,0,07,000,00,2,3,13,A01
200600051229,0,07,000,00,2,8,01,B02
200600051230,0,07,000,00,2,8,19,A01
200600051230,0,30,000,00,2,1,01,B02
200600051231,0,07,000,00,1,2,15,A01
200600051232,0,07,000,00,2,3,01,A01
200600051232,0,07,000,00,2,3,13,B02
200600051233,0,07,000,00,2,2,19,A01
200600051233,0,07,000,00,2,1,01,B02
200600051233,0,07,000,00,2,1,01,C03
200600051234,0,07,000,00,2,1,01,A01
200600051234,0,02,000,00,2,1,13,B02
200600051235,0,07,000,06,2,1,02,A01
200600051235,0,07,000,00,2,5,15,B02
200600051236,0,07,000,00,2,5,15,A01
200600051236,0,07,000,00,0,0,01,B02
200600051237,0,07,000,00,2,1,15,A01
200600051237,0,07,000,00,2,1,01,B02
200600051237,0,07,000,00,2,1,23,C03
200600051238,0,07,000,00,1,1,01,A01
200600051238,0,01,000,00,2,7,19,B02
200600051239,0,07,000,02,0,1,01,A01
200600051240,0,17,000,00,2,2,01,A01
200600051240,0,14,000,00,2,8,15,B02
200600051241,0,01,000,00,1,1,17,A01
200600051242,0,07,000,00,2,3,01,A01
200600051242,0,07,000,13,2,2,01,B02
200600051243,0,02,000,00,1,2,01,A01
200600051244,0,07,000,13,0,9,01,A01
200600051245,0,07,000,06,0,1,15,A01
200600051246,0,07,000,00,0,6,15,A01
200600051246,0,30,000,00,2,1,17,B02
200600051247,0,33,000,13,0,1,17,A01
200600051248,0,07,000,00,0,0,01,A01
200600051248,0,01,000,00,2,1,01,C03
200600051249,0,33,000,00,2,1,17,A01
200600051249,0,07,000,00,2,3,01,B02
200600051250,0,07,000,00,2,1,19,B02
200600051250,0,07,000,00,2,7,01,A01
200600051251,0,07,000,00,2,8,15,A01
200600051251,0,02,000,00,2,1,13,B02
200600051252,0,07,000,00,2,2,15,A01
200600051252,0,33,000,00,2,1,01,B02
200600051253,0,33,000,00,2,8,01,A01
200600051253,0,07,000,00,0,8,01,B02
200600051254,0,07,000,03,0,3,01,A01
200600051255,0,07,000,00,2,6,09,A01
200600051255,0,07,000,00,2,2,01,B02
200600051256,0,17,000,00,0,0,04,A01
200600051256,0,33,000,00,2,1,01,C03
200600051257,0,10,000,00,0,0,00,A01
200600051258,0,07,000,10,0,3,01,A01
200600051259,0,01,000,00,2,4,01,A01
200600051259,0,10,000,00,9,2,02,B02
200600051260,0,10,000,00,0,2,02,A01
200600051260,0,01,000,00,0,6,02,B02
200600051261,0,07,000,00,1,1,01,A01
200600051262,0,02,000,00,2,1,17,A01
200600051262,0,07,000,00,2,3,19,B02
200600051263,0,07,000,00,2,1,13,A01
200600051263,0,07,000,00,2,6,02,B02
200600051264,0,03,000,06,0,1,20,A01
200600051265,0,07,000,03,2,1,13,A01
200600051265,0,10,000,00,2,1,01,B02
200600051266,0,14,000,00,0,7,15,A01
200600051267,0,31,000,00,2,1,13,A01
200600051267,0,10,000,00,2,1,01,B02
200600051268,0,21,000,00,0,8,15,A01
200600051268,0,07,000,00,2,1,01,B02
200600051269,0,07,000,00,2,1,01,A01
200600051269,0,07,000,00,2,1,01,B02
200600051270,0,14,000,03,0,3,01,A01
200600051271,0,31,000,00,6,1,00,A01
200600051272,0,07,000,00,0,2,02,A01
200600051272,0,07,000,00,0,6,13,B02
200600051273,0,07,000,00,2,8,19,A01
200600051273,0,07,000,00,2,3,01,B02
200600051274,0,07,000,00,2,3,01,A01
200600051274,0,07,000,00,0,1,01,B02
200600051275,0,02,000,14,0,1,01,A01
200600051276,0,17,000,02,2,1,01,A01
200600051276,0,14,000,02,0,1,01,B02
200600051277,0,07,000,00,2,8,19,A01
200600051277,0,07,000,00,2,1,01,B02
200600051278,0,07,000,02,0,1,14,A01
200600051279,0,07,000,00,2,1,17,A01
200600051279,0,07,000,00,2,6,15,B02
200600051280,0,32,000,00,2,8,01,A01
200600051280,0,07,000,00,2,1,01,B02
200600051281,0,07,000,00,2,3,02,A01
200600051281,0,14,000,00,2,6,02,B02
200600051282,0,07,000,00,2,1,01,A01
200600051282,0,07,000,00,2,3,01,B02
200600051283,0,07,000,00,1,3,13,A01
200600051284,0,07,000,00,1,0,00,A01
200600051285,0,07,000,13,0,3,19,A01
200600051286,0,07,000,00,0,0,01,A01
200600051287,0,02,000,00,0,1,01,A01
200600051288,0,07,000,13,0,3,01,A01
200600051289,0,07,000,13,0,3,01,A01
200600051290,0,07,000,00,2,7,00,A01
200600051290,0,07,000,00,2,1,00,B02
200600051291,0,07,000,08,2,3,01,A01
200600051291,0,07,000,00,2,2,19,C03
200600051292,0,07,000,00,2,1,17,A01
200600051292,0,07,000,00,2,1,01,B02
200600051293,0,07,000,00,2,1,01,A01
200600051293,0,15,000,00,2,1,15,B02
200600051294,0,30,000,00,2,1,01,B02
200600051294,0,07,000,00,2,8,19,A01
200600051295,0,14,000,02,0,8,01,A01
200600051295,0,14,000,00,2,5,17,B02
200600051296,0,07,000,02,0,1,01,A01
200600051297,0,17,000,04,0,3,01,A01
200600051298,0,07,000,00,9,2,01,A01
200600051298,0,01,000,00,2,3,15,B02
200600051299,0,07,000,00,2,7,13,A01
200600051299,0,07,000,00,2,1,01,B02
200600051300,0,07,000,00,2,5,17,A01
200600051300,0,14,000,00,2,3,01,B02
200600051300,0,07,000,00,2,1,01,C03
200600051300,0,07,000,00,2,1,01,D04
200600051301,0,07,000,00,2,1,01,A01
200600051301,0,10,000,00,2,1,01,B02
200600051302,0,10,000,00,2,1,17,A01
200600051302,0,14,000,00,2,1,01,B02
200600051303,0,07,000,13,0,3,01,A01
200600051303,0,07,000,00,0,2,19,B02
200600051304,0,07,000,00,2,1,11,A01
200600051304,0,07,000,00,2,8,01,B02
200600051304,0,07,000,00,2,1,01,C03
200600051305,0,07,000,00,2,2,01,A01
200600051305,0,10,000,00,2,3,01,B02
200600051305,0,07,000,00,2,3,01,C03
200600051306,0,07,000,06,0,8,01,A01
200600051307,0,07,000,02,0,1,15,A01
200600051308,0,21,000,00,2,2,15,A01
200600051308,0,07,000,00,2,1,01,B02
200600051309,0,07,000,00,2,8,19,A01
200600051309,0,33,000,00,2,1,01,B02
200600051310,0,07,000,11,2,7,15,A01
200600051310,0,07,000,00,2,1,01,B02
200600051311,0,07,000,00,2,7,13,A01
200600051311,0,07,000,00,2,1,01,B02
200600051312,0,07,000,13,0,3,13,A01
200600051313,0,33,000,00,2,1,01,A01
200600051313,0,07,000,00,9,8,01,B02
200600051313,0,07,000,00,0,6,01,C03
200600051314,0,07,000,08,0,1,01,A01
200600051315,0,07,000,00,2,3,19,A01
200600051315,0,10,000,00,2,3,01,B02
200600051316,0,07,000,02,0,2,01,A01
200600051317,0,15,000,00,0,0,01,B02
200600051317,0,07,000,14,0,3,01,C03
200600051318,0,01,000,00,1,1,01,A01
200600051319,0,07,000,13,0,1,14,A01
200600051320,0,07,000,00,0,3,10,A01
200600051320,0,07,000,00,2,1,13,B02
200600051321,0,07,000,08,0,7,01,A01
200600051322,0,33,000,01,0,1,02,A01
200600051322,0,07,000,00,0,5,23,B02
200600051323,0,33,000,14,0,1,17,A01
200600051324,0,33,000,00,2,1,01,A01
200600051324,0,10,000,00,2,8,19,B02
200600051325,0,32,000,00,6,1,01,A01
200600051326,0,30,000,03,0,1,01,A01
200600051327,0,31,000,00,2,1,02,A01
200600051327,0,21,000,00,0,6,02,B02
200600051328,0,07,000,01,0,1,00,A01
200600051329,0,07,000,00,2,2,15,A01
200600051329,0,07,000,00,2,1,01,B02
200600051330,0,33,000,00,2,1,01,B02
200600051330,0,07,000,00,2,5,19,A01
200600051331,0,07,000,00,0,7,01,A01
200600051331,0,07,000,00,2,1,01,B02
200600051332,0,33,000,13,0,1,14,A01
200600051333,0,07,000,13,0,9,01,A01
200600051334,0,07,000,00,2,3,15,A01
200600051334,0,02,000,00,2,1,01,B02
200600051335,0,07,000,00,2,2,13,A01
200600051335,0,07,000,00,2,2,21,B02
200600051336,0,02,000,00,2,1,01,A01
200600051336,0,33,000,00,2,4,01,B02
200600051337,0,10,000,00,2,1,02,A01
200600051337,0,17,000,00,2,4,02,B02
200600051338,0,07,000,13,0,1,01,A01
200600051339,0,07,000,06,0,3,00,A01
200600051340,0,14,000,00,0,0,01,A01
200600051341,0,07,000,06,0,1,01,A01
200600051342,0,07,000,00,2,2,19,B02
200600051342,0,07,000,00,2,3,01,A01
200600051343,0,02,000,12,0,1,01,A01
200600051344,0,07,000,00,0,8,00,A01
200600051344,0,07,000,00,0,1,01,B02
200600051345,0,07,000,00,2,2,17,A01
200600051345,0,07,000,00,0,6,01,B02
200600051346,0,07,000,00,2,8,01,A01
200600051346,0,07,000,00,2,2,19,B02
200600051347,0,07,000,00,1,1,15,A01
200600051348,0,02,000,08,0,1,00,A01
200600051349,0,07,000,06,0,8,15,A01
200600051349,0,02,000,00,2,1,02,B02
200600051350,0,07,000,00,2,3,15,A01
200600051350,0,33,000,00,2,3,01,B02
200600051351,0,07,000,00,2,1,01,A01
200600051351,0,33,000,00,2,8,01,B02
200600051351,0,07,000,00,0,8,19,C03
200600051352,0,10,000,00,1,0,01,A01
200600051353,0,10,000,00,2,2,01,A01
200600051353,0,10,000,00,2,8,19,B02
200600051354,0,07,000,00,2,3,01,B02
200600051354,0,07,000,00,2,3,19,A01
200600051355,0,07,000,00,0,9,00,A01
200600051356,0,07,000,02,0,3,13,A01
200600051357,0,07,000,00,2,1,19,A01
200600051357,0,33,000,00,2,8,01,B02
200600051358,0,07,000,06,0,2,14,A01
200600051358,0,07,000,00,2,3,21,B02
200600051359,0,07,000,00,2,7,15,A01
200600051359,0,31,000,00,2,1,17,B02
200600051360,0,30,000,01,0,1,02,A01
200600051360,0,07,000,00,0,4,23,B02
200600051361,0,33,000,13,0,0,01,A01
200600051362,0,01,000,00,0,8,01,A01
200600051362,0,07,000,00,9,1,19,B02
200600051363,0,30,000,00,2,1,01,A01
200600051363,0,07,000,00,2,3,15,B02
200600051364,0,07,000,00,2,3,13,A01
200600051364,0,02,000,00,2,1,01,B02
200600051365,0,07,000,16,0,9,13,A01
200600051366,0,33,000,00,2,2,17,A01
200600051366,0,07,000,00,2,3,15,B02
200600051367,0,07,000,02,0,7,13,A01
200600051368,0,01,000,00,2,8,01,A01
200600051368,0,07,000,00,2,2,01,B02
200600051369,0,30,000,00,0,8,01,A01
200600051370,0,07,000,15,2,7,01,A01
200600051370,0,07,000,00,2,1,01,B02
200600051371,0,07,000,00,2,2,15,A01
200600051371,0,07,000,09,0,8,01,B02
200600051372,0,07,000,00,1,1,01,A01
200600051373,0,10,000,00,1,3,01,A01
200600051374,0,33,000,00,2,4,02,A01
200600051374,0,07,000,00,2,1,02,B02
200600051375,0,31,000,00,2,1,00,A01
200600051375,0,01,000,00,2,1,01,B02
200600051376,0,07,000,02,0,8,01,A01
200600051377,0,32,000,15,0,1,16,A01
200600051378,0,07,000,00,2,3,13,A01
200600051378,0,17,000,00,2,3,01,B02
200600051379,0,02,000,00,2,8,15,A01
200600051379,0,07,000,00,2,2,17,B02
200600051380,0,07,000,13,0,9,14,A01
200600051381,0,07,000,02,0,2,01,A01
200600051382,0,07,000,02,0,3,01,A01
200600051383,0,30,000,00,2,1,01,A01
200600051383,0,07,000,00,0,5,01,B02
200600051384,0,33,000,00,2,1,01,A01
200600051384,0,10,000,00,0,7,19,B02
200600051385,0,07,000,00,0,0,01,A01
200600051386,0,07,000,08,0,2,01,A01
200600051387,0,07,000,02,0,2,01,A01
200600051388,0,33,000,00,2,1,01,A01
200600051388,0,21,000,00,2,2,19,B02
200600051389,0,33,000,13,0,1,13,A01
200600051390,0,07,000,00,2,7,01,A01
200600051390,0,07,000,00,2,7,19,B02
200600051391,0,33,000,00,0,0,01,A01
200600051392,0,07,000,00,0,1,00,A01
200600051393,0,33,000,13,0,1,00,A01
200600051394,0,07,000,13,0,1,13,A01
200600051395,0,07,000,00,2,3,01,A01
200600051395,0,07,000,00,2,8,20,B02
200600051396,0,10,000,00,2,3,01,A01
200600051396,0,07,000,00,2,3,01,B02
200600051397,0,33,000,00,2,1,01,A01
200600051397,0,07,000,00,2,7,13,B02
200600051398,0,07,000,02,0,1,01,A01
200600051399,0,07,000,02,0,7,01,A01
200600051400,0,07,000,13,0,1,01,A01
200600051401,0,10,000,00,2,5,19,A01
200600051401,0,30,000,00,2,1,01,B02
200600051402,0,07,000,00,2,3,01,A01
200600051402,0,31,000,00,2,3,15,B02
200600051403,0,07,000,00,0,4,01,A01
200600051404,0,07,000,06,0,8,01,A01
200600051405,0,07,000,00,2,1,13,A01
200600051405,0,14,000,00,0,0,00,B02
200600051406,0,07,000,00,2,3,16,A01
200600051406,0,01,000,00,2,1,01,B02
200600051407,0,07,000,00,2,1,01,B02
200600051407,0,07,000,00,2,1,23,C03
200600051407,0,07,000,00,2,1,15,A01
200600051408,0,10,000,00,2,3,05,A01
200600051408,0,07,000,00,2,2,21,B02
200600051409,0,33,000,00,2,8,01,A01
200600051409,0,07,000,00,2,8,15,B02
200600051410,0,14,000,01,0,8,02,A01
200600051410,0,10,000,00,0,4,24,B02
200600051411,0,07,000,00,2,2,01,A01
200600051411,0,02,000,00,2,1,19,B02
200600051412,0,15,000,00,0,7,01,A01
200600051413,0,10,000,00,2,7,15,A01
200600051413,0,33,000,00,2,1,01,B02
200600051414,0,10,000,13,0,2,01,A01
200600051415,0,07,000,00,2,1,13,A01
200600051415,0,02,000,00,2,1,01,B02
200600051416,0,02,000,00,0,6,15,A01
200600051416,0,07,000,00,0,1,02,B02
200600051417,0,07,000,00,2,3,19,A01
200600051417,0,10,000,00,2,2,01,B02
200600051418,0,07,000,13,0,1,19,A01
200600051419,0,07,000,00,2,3,01,A01
200600051419,0,07,000,00,2,1,01,B02
200600051419,0,07,000,00,2,6,01,C03
200600051420,0,07,000,00,2,1,01,A01
200600051420,0,07,000,00,2,7,01,B02
200600051421,0,07,000,02,0,2,01,A01
200600051422,0,01,000,00,9,1,01,A01
200600051422,0,01,000,00,9,1,00,B02
200600051422,0,01,000,00,9,1,01,C03
200600051422,0,01,000,00,0,4,13,D04
200600051423,0,07,000,13,0,2,14,A01
200600051424,0,33,000,06,0,1,14,A01
200600051425,0,07,000,00,2,1,19,A01
200600051425,0,02,000,00,2,8,01,B02
200600051426,0,07,000,13,0,3,13,A01
200600051427,0,07,000,00,2,8,19,A01
200600051427,0,07,000,00,2,1,01,B02
200600051428,0,07,000,00,1,2,01,A01
200600051429,0,07,000,00,0,2,15,A01
200600051429,0,33,000,00,2,1,01,B02
200600051430,0,07,000,00,1,1,01,A01
200600051431,0,33,000,00,2,8,09,A01
200600051431,0,07,000,00,0,2,01,B02
200600051432,0,07,000,00,2,1,11,A01
200600051432,0,18,016,00,2,1,01,B02
200600051433,0,07,000,00,0,2,15,A01
200600051433,0,31,000,00,2,1,01,B02
200600051434,0,07,000,13,0,3,01,A01
200600051435,0,07,000,00,2,2,15,A01
200600051435,0,33,000,00,2,1,01,B02
200600051436,0,07,000,00,2,1,01,A01
200600051436,0,07,000,00,2,1,15,B02
200600051437,0,07,000,00,0,7,15,A01
200600051437,0,33,000,00,2,1,01,B02
200600051438,0,31,000,13,0,1,01,A01
200600051439,0,30,000,00,2,4,16,A01
200600051439,0,30,000,00,2,1,01,B02
200600051440,0,07,000,02,0,3,13,A01
200600051441,0,07,000,00,2,8,19,A01
200600051441,0,07,000,00,2,3,01,B02
200600051442,0,31,000,00,2,1,13,A01
200600051442,0,07,000,00,2,1,01,B02
200600051443,0,07,000,03,0,2,15,A01
200600051444,0,07,000,13,0,1,01,A01
200600051445,0,07,000,00,2,1,13,A01
200600051445,0,10,000,00,2,3,01,B02
200600051446,0,07,000,00,1,2,01,A01
200600051447,0,07,000,06,0,2,01,A01
200600051448,0,07,000,08,1,1,01,A01
200600051449,0,07,000,08,0,5,00,A01
200600051450,0,07,000,00,1,3,01,A01
200600051451,0,07,000,00,2,1,01,A01
200600051451,0,07,000,00,2,8,13,B02
200600051452,0,07,000,13,0,3,01,A01
200600051453,0,07,000,02,0,1,01,A01
200600051454,0,07,000,03,0,3,13,A01
200600051455,0,07,000,00,0,0,00,A01
200600051456,0,07,000,00,2,1,01,A01
200600051456,0,07,000,00,2,8,15,B02
200600051457,0,13,000,00,2,6,02,A01
200600051457,0,10,000,00,2,2,02,B02
200600051458,0,07,000,00,2,7,01,A01
200600051458,0,07,000,00,2,1,16,B02
200600051459,0,07,000,00,1,1,01,A01
200600051460,0,07,000,00,2,1,13,A01
200600051460,0,07,000,00,2,3,21,B02
200600051460,0,07,000,00,2,1,02,C03
200600051461,0,07,000,00,2,3,01,A01
200600051461,0,33,000,00,2,1,13,B02
200600051462,0,07,000,00,2,1,01,A01
200600051462,0,07,000,00,2,1,01,B02
200600051463,0,07,000,00,0,3,01,A01
200600051463,0,01,000,00,0,1,01,B02
200600051464,0,07,000,00,2,7,01,A01
200600051464,0,07,000,00,2,3,13,B02
200600051464,0,07,000,00,2,3,01,C03
200600051465,0,02,000,00,1,1,01,A01
200600051466,0,07,000,00,2,1,01,A01
200600051466,0,07,000,00,2,2,13,B02
200600051467,0,07,000,08,0,1,01,A01
200600051468,0,07,000,00,2,1,15,A01
200600051468,0,33,000,00,2,1,01,B02
200600051469,0,07,000,00,2,3,17,A01
200600051469,0,07,000,00,2,3,01,B02
200600051469,0,17,000,00,2,3,01,C03
200600051470,0,07,000,00,2,6,01,A01
200600051470,0,07,000,02,2,6,01,B02
200600051471,0,07,000,00,1,1,01,A01
200600051472,0,07,000,02,0,8,13,A01
200600051473,0,07,000,13,0,2,01,A01
200600051474,0,07,000,13,0,1,01,A01
200600051475,0,07,000,00,9,2,14,A01
200600051475,0,01,000,00,2,4,23,B02
200600051476,0,33,000,00,2,0,19,A01
200600051477,0,07,000,13,0,1,13,A01
200600051478,0,07,000,08,0,2,14,A01
200600051479,0,07,000,00,1,2,01,A01
200600051480,0,07,000,00,0,1,00,A01
200600051481,0,07,000,00,2,1,01,A01
200600051481,0,07,000,00,2,3,01,B02
200600051481,0,07,000,00,2,8,19,C03
200600051482,0,07,000,00,1,2,01,A01
200600051483,0,07,000,00,2,7,00,A01
200600051483,0,07,000,00,2,1,00,B02
200600051484,0,07,000,00,9,7,19,A01
200600051484,0,02,000,00,2,1,01,B02
200600051485,0,07,000,00,2,3,00,A01
200600051485,0,14,000,00,2,3,00,B02
200600051486,0,07,000,00,0,6,15,A01
200600051486,0,10,000,00,2,1,01,B02
200600051487,0,33,000,00,2,4,20,A01
200600051487,0,33,000,00,2,1,01,B02
200600051488,0,33,000,00,2,1,13,A01
200600051488,0,07,000,00,2,3,01,B02
200600051489,0,03,000,00,2,3,13,A01
200600051489,0,07,000,00,2,3,01,B02
200600051490,0,33,000,00,2,1,17,A01
200600051490,0,07,000,00,2,2,01,B02
200600051491,0,33,000,00,2,1,02,A01
200600051491,0,07,000,00,2,4,02,B02
200600051492,0,07,000,00,2,1,13,A01
200600051492,0,17,000,00,2,1,01,B02
200600051493,0,07,000,00,2,8,04,A01
200600051493,0,33,000,00,2,1,01,B02
200600051494,0,17,000,00,1,3,01,A01
200600051494,0,17,000,00,1,3,01,B02
200600051495,1,07,000,00,1,1,01,A01
200600051496,0,33,000,13,0,1,00,A01
200600051497,0,07,000,00,2,3,13,A01
200600051497,0,07,000,00,2,3,01,B02
200600051497,0,07,000,00,9,0,01,C03
200600051498,0,07,000,00,2,3,13,A01
200600051498,0,33,000,00,2,1,01,B02
200600051499,0,10,000,00,0,7,15,A01
200600051499,0,33,000,00,2,1,01,B02
200600051499,0,07,000,00,2,3,01,C03
200600051500,0,07,000,00,2,2,01,A01
200600051500,0,01,000,00,2,2,09,B02
200600051501,0,07,000,10,0,1,14,A01
200600051502,0,02,000,00,2,1,15,A01
200600051502,0,07,000,00,2,3,01,B02
200600051503,0,07,000,08,0,1,19,A01
200600051504,0,07,000,00,2,1,13,A01
200600051504,0,38,000,00,2,3,01,B02
200600051505,0,07,000,02,0,9,01,A01
200600051506,0,07,000,13,0,2,01,A01
200600051507,0,02,000,16,0,1,01,A01
200600051508,0,07,000,00,2,1,01,A01
200600051508,0,07,000,00,2,1,05,B02
200600051509,0,07,000,00,1,2,01,A01
200600051510,0,30,000,02,0,1,00,A01
200600051511,0,07,000,00,2,8,00,A01
200600051511,0,02,000,00,2,8,01,B02
200600051512,0,07,000,13,0,3,01,A01
200600051513,0,07,000,13,0,2,14,A01
200600051514,0,07,000,13,0,3,01,A01
200600051515,0,07,000,00,2,2,09,A01
200600051515,0,33,000,00,2,8,01,B02
200600051516,0,33,000,00,0,0,00,A01
200600051517,0,07,000,00,2,6,15,A01
200600051517,0,33,000,00,2,1,17,B02
200600051518,0,02,000,00,2,3,15,A01
200600051518,0,07,000,00,2,8,01,B02
200600051519,0,31,000,00,2,1,13,A01
200600051519,0,07,000,00,2,8,01,B02
200600051520,0,02,000,00,2,3,03,A01