Num_Acc,senc,catv,occutc,obs,obsm,choc,manv,num_veh
200600051891,0,07,000,00,2,1,01,A01
200600051891,0,07,000,00,2,8,01,B02
200600051892,0,07,000,00,2,1,15,A01
200600051892,0,33,000,00,2,1,01,B02
200600051893,0,07,000,00,2,2,19,A01
200600051893,0,07,000,00,2,1,01,B02
200600051893,0,10,000,00,2,8,23,C03
200600051894,0,07,000,16,0,2,01,A01
200600051895,0,07,000,00,0,0,01,A01
200600051896,0,07,000,05,0,1,00,A01
200600051897,0,07,000,00,0,9,01,A01
200600051898,0,07,000,00,2,1,13,A01
200600051898,0,17,000,00,2,3,01,B02
200600051899,0,07,000,00,9,2,01,A01
200600051899,0,01,000,00,2,4,01,B02
200600051900,0,02,000,00,0,7,16,A01
200600051901,0,31,000,00,2,1,01,A01
200600051901,0,07,000,00,2,3,16,B02
200600051902,0,07,000,00,1,2,21,A01
200600051903,0,07,000,00,6,1,01,A01
200600051904,0,38,000,00,2,3,21,A01
200600051904,0,07,000,00,2,3,13,B02
200600051905,0,07,000,00,2,8,01,A01
200600051905,0,07,000,13,2,1,01,B02
200600051906,0,07,000,00,2,3,15,A01
200600051906,0,33,000,00,2,8,01,B02
200600051907,0,14,000,02,0,1,01,A01
200600051908,0,07,000,00,2,1,01,A01
200600051908,0,07,000,00,2,3,01,B02
200600051909,0,07,000,00,2,3,01,A01
200600051910,0,07,000,00,0,1,01,A01
200600051911,0,07,000,00,1,1,01,A01
200600051912,0,07,000,00,2,5,01,A01
200600051912,0,02,000,00,0,0,00,B02
200600051913,0,02,000,00,2,3,01,A01
200600051913,0,07,000,00,2,3,01,B02
200600051914,0,14,000,00,2,3,13,A01
200600051914,0,07,000,00,2,3,01,B02
200600051915,0,30,000,00,0,0,01,A01
200600051916,0,07,000,16,0,4,01,A01
200600051917,0,02,000,00,0,1,00,A01
200600051918,0,02,000,01,0,1,01,A01
200600051919,0,07,000,02,0,8,01,A01
200600051920,0,07,000,00,2,7,01,A01
200600051920,0,30,000,00,2,1,01,B02
200600051921,0,07,000,06,0,2,00,A01
200600051922,0,37,000,00,2,3,02,A01
200600051922,0,07,000,00,0,4,15,B02
200600051923,0,10,000,00,2,3,15,A01
200600051923,0,02,000,00,2,1,01,B02
200600051924,0,07,000,00,2,8,01,A01
200600051924,0,07,000,00,2,8,01,B02
200600051925,0,32,000,00,2,8,18,A01
200600051925,0,17,000,00,0,7,01,B02
200600051926,0,07,000,00,2,3,01,A01
200600051926,0,02,000,00,2,1,13,B02
200600051927,0,33,000,03,0,1,01,A01
200600051928,0,07,000,00,2,2,15,A01
200600051928,0,07,000,00,2,2,01,B02
200600051929,0,07,000,13,0,1,13,A01
200600051930,0,07,000,02,0,0,14,A01
200600051931,0,07,000,08,0,8,14,A01
200600051932,0,07,000,02,0,9,15,A01
200600051933,0,07,000,00,9,5,16,A01
200600051934,0,07,000,00,2,7,13,A01
200600051934,0,07,000,00,2,7,01,B02
200600051935,0,07,000,00,2,2,19,A01
200600051935,0,07,000,00,0,0,01,B02
200600051936,0,07,000,00,2,3,13,A01
200600051936,0,07,000,00,2,1,01,B02
200600051937,0,14,000,00,2,3,13,A01
200600051937,0,37,000,00,2,1,01,B02
200600051938,0,07,000,00,2,3,01,A01
200600051938,0,07,000,00,2,3,01,B02
200600051939,0,07,000,00,2,2,01,B02
200600051939,0,02,000,00,2,1,19,A01
200600051940,0,07,000,00,1,3,01,A01
200600051941,0,07,000,00,0,9,01,A01
200600051942,0,33,000,00,0,8,01,A01
200600051942,0,01,000,00,0,1,13,B02
200600051943,0,07,000,02,0,3,01,A01
200600051944,0,02,000,01,0,1,02,A01
200600051944,0,21,000,00,2,6,00,B02
200600051945,0,07,000,15,0,3,19,A01
200600051946,0,07,000,02,0,3,01,A01
200600051947,0,02,000,06,0,1,01,A01
200600051948,0,17,000,00,2,3,01,A01
200600051948,0,10,000,00,2,3,13,B02
200600051949,0,07,000,02,0,2,13,A01
200600051950,0,07,000,02,0,3,01,A01
200600051951,0,07,000,02,0,7,01,A01
200600051952,0,33,000,00,2,1,01,A01
200600051952,0,07,000,00,0,4,01,B02
200600051953,0,07,000,00,2,2,01,A01
200600051953,0,07,000,00,0,6,01,B02
200600051954,0,33,000,00,2,1,01,A01
200600051954,0,07,000,00,2,3,11,B02
200600051955,0,07,000,00,2,8,15,A01
200600051955,0,33,000,00,2,1,17,B02
200600051956,0,07,000,00,2,1,01,A01
200600051956,0,07,000,00,2,1,01,B02
200600051957,0,99,000,00,2,8,01,A01
200600051957,0,14,000,00,0,3,23,C03
200600051958,0,03,000,06,2,1,13,A01
200600051959,0,07,000,00,1,2,01,A01
200600051960,0,07,000,00,2,3,01,A01
200600051960,0,07,000,00,2,8,01,B02
200600051960,0,07,000,00,2,3,01,C03
200600051960,0,07,000,00,2,1,01,D04
200600051961,0,33,000,13,0,0,13,A01
200600051962,0,07,000,00,2,1,13,A01
200600051962,0,07,000,00,2,1,01,B02
200600051963,0,07,000,02,0,8,01,A01
200600051964,0,37,000,00,2,8,01,A01
200600051964,0,07,000,00,2,3,13,B02
200600051965,0,33,000,00,1,3,01,A01
200600051966,0,31,000,00,2,3,17,A01
200600051966,0,07,000,00,2,6,02,B02
200600051966,0,07,000,00,2,3,05,C03
200600051967,0,07,000,00,2,3,01,A01
200600051967,0,02,000,00,2,1,05,B02
200600051968,0,07,000,00,2,3,15,A01
200600051968,0,30,000,00,0,6,00,B02
200600051969,0,14,000,00,0,1,15,A01
200600051969,0,31,000,00,0,1,01,B02
200600051970,0,02,000,06,0,1,14,A01
200600051971,0,10,000,00,0,8,19,A01
200600051971,0,10,000,00,2,1,01,B02
200600051972,0,32,000,00,2,3,01,A01
200600051972,0,21,000,00,2,3,01,B02
200600051973,0,07,000,00,0,9,00,A01
200600051974,0,02,000,00,2,1,13,A01
200600051974,0,02,000,00,2,1,01,B02
200600051975,0,10,000,00,2,2,01,A01
200600051975,0,33,000,00,0,1,13,B02
200600051976,0,07,000,00,9,1,15,A01
200600051976,0,01,000,00,2,1,01,B02
200600051977,0,07,000,00,2,2,15,A01
200600051977,0,17,000,00,2,1,01,B02
200600051978,0,07,000,14,0,1,01,A01
200600051978,0,07,000,00,0,2,15,B02
200600051979,0,02,000,00,2,1,17,A01
200600051979,0,07,000,00,0,3,15,B02
200600051980,0,07,000,00,9,3,01,A01
200600051980,0,02,000,00,2,1,13,B02
200600051981,0,10,000,00,2,1,00,A01
200600051981,0,07,000,00,1,4,23,B02
200600051982,0,05,000,13,0,1,01,A01
200600051983,0,07,000,00,2,8,01,A01
200600051983,0,33,000,00,2,8,21,B02
200600051983,0,33,000,00,2,8,01,C03
200600051984,0,07,000,00,2,4,02,A01
200600051984,0,07,000,00,2,4,02,B02
200600051984,0,07,000,00,2,1,02,C03
200600051985,0,07,000,00,2,6,01,A01
200600051985,0,30,000,00,2,3,16,B02
200600051986,0,07,000,02,0,6,01,A01
200600051987,0,07,000,00,1,1,14,A01
200600051988,0,07,000,00,2,3,15,A01
200600051988,0,05,000,00,2,8,01,B02
200600051989,0,02,000,00,2,1,17,A01
200600051989,0,07,000,00,0,3,15,B02
200600051990,0,32,000,00,0,8,02,A01
200600051990,0,07,000,00,0,0,03,B02
200600051991,0,33,000,10,0,1,01,A01
200600051992,0,33,000,00,0,0,01,A01
200600051993,0,07,000,00,2,3,01,A01
200600051993,0,02,000,00,2,8,15,B02
200600051994,0,33,000,06,2,3,13,A01
200600051995,0,07,000,16,0,9,01,A01
200600051996,0,07,000,00,2,3,01,A01
200600051996,0,07,000,00,2,7,17,B02
200600051997,0,10,000,13,0,7,01,A01
200600051997,0,07,000,00,1,7,01,B02
200600051998,0,03,000,00,2,4,02,A01
200600051998,0,07,000,00,2,1,02,B02
200600051999,0,07,000,00,2,3,01,A01
200600051999,0,07,000,00,0,0,00,B02
200600052000,0,07,000,00,0,2,16,A01
200600052001,0,17,000,00,2,2,01,A01
200600052001,0,07,000,00,2,2,17,B02
200600052002,0,30,000,00,1,1,01,A01
200600052003,0,07,000,00,2,3,00,A01
200600052003,0,07,000,00,2,3,00,B02
200600052004,0,17,000,03,0,7,01,A01
200600052005,0,10,000,16,0,2,16,A01
200600052006,0,07,000,00,0,0,00,A01
200600052006,0,21,000,00,2,1,01,B02
200600052007,0,15,000,00,0,8,01,A01
200600052008,0,07,000,00,2,3,11,A01
200600052008,0,33,000,00,2,7,01,B02
200600052009,0,07,000,00,2,3,01,A01
200600052009,0,07,000,00,2,3,11,B02
200600052010,0,07,000,02,0,9,01,A01
200600052011,0,03,000,00,2,3,15,A01
200600052011,0,30,000,00,2,9,17,B02
200600052012,0,07,000,00,2,7,21,A01
200600052012,0,01,000,00,2,8,06,B02
200600052013,0,10,000,02,0,1,01,A01
200600052014,0,07,000,06,0,2,01,A01
200600052015,0,07,000,00,2,3,15,A01
200600052015,0,07,000,00,2,1,01,B02
200600052016,0,14,000,00,1,4,02,A01
200600052017,0,03,000,00,2,7,15,A01
200600052017,0,07,000,00,2,1,01,B02
200600052018,0,02,000,00,2,1,01,A01
200600052018,0,02,000,00,2,1,01,B02
200600052019,0,07,000,13,0,1,01,A01
200600052020,0,07,000,16,1,2,19,A01
200600052021,0,33,000,00,2,1,17,A01
200600052021,0,31,000,00,0,8,15,B02
200600052021,0,30,000,00,0,4,15,C03
200600052022,0,07,000,01,0,2,02,A01
200600052022,0,01,000,01,0,4,23,B02
200600052023,0,31,000,01,0,1,01,A01
200600052023,0,17,000,01,2,4,00,B02
200600052024,0,33,000,00,2,1,13,A01
200600052024,0,20,000,00,2,3,01,B02
200600052025,0,33,000,15,0,9,01,A01
200600052026,0,07,000,00,2,3,13,A01
200600052026,0,07,000,00,0,3,01,B02
200600052026,0,07,000,00,0,0,01,C03
200600052027,0,02,000,00,0,4,02,A01
200600052027,0,02,000,00,2,1,02,B02
200600052028,0,07,000,02,0,2,01,A01
200600052029,0,15,000,00,2,3,00,A01
200600052029,0,07,000,00,2,3,00,B02
200600052030,0,07,000,02,0,8,01,A01
200600052031,0,07,000,02,0,1,02,A01
200600052032,0,07,000,00,2,1,09,A01
200600052032,0,07,000,00,0,4,01,B02
200600052033,0,10,000,00,2,3,13,A01
200600052033,0,07,000,00,2,1,01,B02
200600052034,0,17,000,00,2,3,19,A01
200600052034,0,07,000,00,2,8,00,B02
200600052035,0,30,000,00,0,6,02,A01
200600052035,0,07,000,00,1,6,23,B02
200600052036,0,33,000,00,0,8,01,A01
200600052037,0,10,000,00,2,1,01,A01
200600052037,0,10,000,00,2,1,01,B02
200600052038,0,07,000,00,2,3,13,A01
200600052038,0,07,000,00,2,3,01,B02
200600052039,0,07,000,00,2,2,19,A01
200600052039,0,15,000,00,2,3,01,B02
200600052040,0,31,000,00,0,0,01,A01
200600052040,0,10,000,00,0,0,15,B02
200600052041,0,02,000,00,0,1,01,A01
200600052042,0,07,000,13,0,0,01,A01
200600052043,0,07,000,00,2,5,19,A01
200600052043,0,02,000,00,2,1,01,B02
200600052044,0,10,000,00,2,1,13,A01
200600052044,0,99,000,00,2,1,16,B02
200600052045,0,07,000,00,2,7,01,A01
200600052045,0,02,000,00,2,1,01,B02
200600052046,0,17,000,03,0,2,14,A01
200600052047,0,07,000,04,0,3,01,A01
200600052048,0,33,000,00,2,7,13,A01
200600052049,0,07,000,00,0,1,13,A01
200600052049,0,07,000,00,0,1,01,B02
200600052050,0,30,000,11,0,1,01,A01
200600052051,0,10,000,00,2,3,01,A01
200600052051,0,07,000,00,2,3,13,B02
200600052052,0,07,000,00,0,5,23,A01
200600052052,0,02,000,00,0,1,02,B02
200600052053,0,21,000,00,2,1,01,A01
200600052053,0,07,000,00,2,7,13,B02
200600052054,0,33,000,00,2,1,16,A01
200600052054,0,07,000,00,2,3,01,B02
200600052055,1,07,000,00,1,1,01,A01
200600052056,0,99,000,06,1,1,01,A01
200600052057,0,07,000,00,2,1,01,A01
200600052057,0,07,000,00,2,8,01,B02
200600052058,0,02,000,00,2,8,01,A01
200600052058,0,07,000,00,2,3,15,B02
200600052059,0,33,000,00,2,1,01,A01
200600052059,0,01,000,00,2,7,19,B02
200600052060,0,07,000,13,0,1,16,A01
200600052061,0,07,000,02,0,3,13,A01
200600052062,0,07,000,00,2,9,18,A01
200600052062,0,07,000,00,2,8,01,B02
200600052062,0,07,000,00,2,1,01,C03
200600052063,0,07,000,00,1,2,01,A01
200600052064,0,07,000,00,2,2,01,A01
200600052064,0,01,000,00,2,8,02,B02
200600052065,0,07,000,02,0,7,19,A01
200600052066,0,07,000,00,2,6,19,A01
200600052066,0,33,000,00,2,1,01,B02
200600052067,0,07,000,00,2,1,01,A01
200600052067,0,01,000,00,0,4,01,B02
200600052068,0,07,000,00,1,2,01,A01
200600052069,0,17,000,00,0,8,10,A01
200600052069,0,33,000,00,2,1,01,B02
200600052069,0,33,000,00,2,1,01,C03
200600052070,0,07,000,00,2,1,13,A01
200600052070,0,33,000,00,2,1,01,B02
200600052071,0,33,000,00,2,1,01,A01
200600052071,0,07,000,00,2,7,01,B02
200600052072,0,07,000,00,2,1,01,A01
200600052072,0,17,000,00,2,8,01,B02
200600052073,0,07,000,08,0,7,13,A01
200600052074,0,10,000,00,2,1,01,A01
200600052074,0,07,000,00,2,1,01,B02
200600052075,0,30,000,00,2,2,01,A01
200600052075,0,07,000,00,2,3,09,B02
200600052076,0,30,000,00,2,1,13,A01
200600052076,0,21,000,00,2,1,21,B02
200600052077,0,07,000,00,0,9,01,A01
200600052078,0,07,000,00,2,3,01,C03
200600052078,0,21,000,00,2,3,13,A01
200600052079,0,03,000,00,1,3,00,A01
200600052080,0,07,000,00,1,2,16,A01
200600052081,0,33,000,00,2,1,17,A01
200600052081,0,17,000,00,2,8,15,B02
200600052082,0,07,000,00,2,3,01,A01
200600052082,0,07,000,00,2,3,01,B02
200600052083,0,07,000,00,1,2,01,A01
200600052084,0,07,000,06,0,3,13,A01
200600052085,0,10,000,16,0,9,13,A01
200600052086,0,07,000,16,0,1,13,A01
200600052087,0,07,000,00,2,3,13,A01
200600052087,0,07,000,00,2,3,01,B02
200600052088,0,07,000,00,1,1,01,A01
200600052089,0,07,000,00,2,1,15,A01
200600052089,0,02,000,00,2,8,00,B02
200600052090,0,07,000,00,2,2,01,A01
200600052090,0,07,000,00,2,8,01,B02
200600052091,0,07,000,00,1,4,04,A01
200600052092,0,02,000,00,2,1,02,A01
200600052092,0,07,000,00,2,4,15,B02
200600052093,0,07,000,08,0,5,15,A01
200600052093,0,07,000,00,2,2,01,B02
200600052094,0,01,000,00,0,0,19,A01
200600052094,0,07,000,00,2,2,13,B02
200600052095,0,07,000,00,1,2,19,A01
200600052096,0,07,000,02,0,8,01,A01
200600052097,0,07,000,00,2,2,23,A01
200600052097,0,02,000,01,0,2,01,B02
200600052098,0,31,000,01,0,1,01,A01
200600052099,0,10,000,02,0,9,19,A01
200600052100,0,07,000,00,2,1,01,A01
200600052100,0,07,000,00,0,4,01,B02
200600052101,0,07,000,13,0,9,01,A01
200600052102,0,07,000,16,0,9,14,A01
200600052103,0,07,000,02,0,1,19,A01
200600052104,0,07,000,00,2,1,17,A01
200600052104,0,07,000,00,2,1,01,B02
200600052104,0,07,000,00,2,3,02,C03
200600052105,0,07,000,00,2,3,19,A01
200600052105,0,07,000,00,2,2,01,B02
200600052106,0,07,000,00,2,1,01,A01
200600052106,0,30,000,00,2,0,01,B02
200600052107,0,07,000,00,2,3,01,A01
200600052107,0,02,000,00,2,2,00,B02
200600052108,0,07,000,02,0,3,01,A01
200600052109,0,07,000,00,1,3,00,A01
200600052110,0,33,000,00,2,8,17,A01
200600052110,0,07,000,00,2,8,01,B02
200600052111,0,31,000,02,0,1,01,A01
200600052112,0,07,000,00,2,1,10,A01
200600052112,0,02,000,00,2,1,01,B02
200600052113,0,07,000,00,2,1,01,A01
200600052113,0,02,000,00,2,1,13,B02
200600052114,0,07,000,13,0,1,00,A01
200600052115,0,07,000,01,0,3,05,A01
200600052115,0,07,000,00,0,3,00,B02
200600052116,0,07,000,00,2,4,15,A01
200600052116,0,14,000,00,2,1,02,B02
200600052117,0,07,000,02,0,1,01,A01
200600052118,0,30,000,08,0,2,01,A01
200600052119,0,07,000,00,0,8,01,A01
200600052120,0,30,000,16,0,0,14,A01
200600052121,0,01,000,13,0,1,01,A01
200600052122,0,33,000,00,2,5,00,A01
200600052122,0,10,000,00,2,3,00,B02
200600052123,0,07,000,00,2,2,15,A01
200600052123,0,30,000,00,2,1,01,B02
200600052124,0,07,000,00,2,1,17,A01
200600052124,0,07,000,00,0,8,19,B02
200600052125,0,33,000,00,0,7,17,A01
200600052125,0,07,000,00,0,3,15,B02
200600052126,0,07,000,00,2,8,13,A01
200600052126,0,33,000,00,2,7,17,B02
200600052127,0,07,000,02,0,5,01,A01
200600052128,0,33,000,13,0,3,01,A01
200600052129,0,02,000,00,2,1,01,B02
200600052129,0,07,000,00,2,8,15,A01
200600052130,0,07,000,08,0,1,16,A01
200600052131,0,33,000,02,0,1,01,A01
200600052132,0,07,000,00,2,1,01,A01
200600052132,0,02,000,00,2,1,01,B02
200600052133,0,31,000,00,2,9,01,A01
200600052133,0,14,000,00,2,8,01,B02
200600052134,0,33,000,00,2,2,17,A01
200600052134,0,07,000,00,2,3,10,B02
200600052135,0,07,000,02,0,1,13,A01
200600052136,0,07,000,00,2,1,13,A01
200600052136,0,07,000,00,2,1,01,B02
200600052137,0,07,000,00,1,1,00,A01
200600052138,0,10,000,00,2,3,01,A01
200600052138,0,07,000,00,2,3,01,B02
200600052139,0,21,000,00,2,6,16,A01
200600052139,0,02,000,00,2,1,01,B02
200600052140,0,33,000,03,0,1,01,A01
200600052141,0,10,000,01,1,7,01,A01
200600052142,2,07,000,00,2,2,01,A01
200600052142,0,01,000,00,2,4,01,B02
200600052143,0,07,000,00,2,3,05,A01
200600052143,0,07,000,00,2,3,01,B02
200600052144,0,02,000,00,2,1,13,A01
200600052144,0,02,000,00,2,1,01,B02
200600052145,0,10,000,00,1,2,02,A01
200600052146,0,07,000,13,0,1,13,A01
200600052147,0,07,000,02,0,7,00,A01
200600052148,0,07,000,00,2,2,01,A01
200600052148,0,07,000,00,0,6,01,B02
200600052149,0,07,000,00,9,7,01,A01
200600052149,0,01,000,00,2,1,19,B02
200600052150,0,02,000,16,0,1,21,A01
200600052151,0,07,000,00,2,3,13,A01
200600052151,0,16,000,00,2,0,01,B02
200600052151,0,07,000,00,9,0,01,C03
200600052152,0,07,000,02,9,7,01,A01
200600052153,0,07,000,00,2,3,00,A01
200600052153,0,07,000,00,0,0,00,B02
200600052154,0,21,000,00,0,4,01,A01
200600052154,0,07,000,00,9,1,02,B02
200600052155,0,07,000,00,2,7,01,A01
200600052155,0,07,000,00,2,1,01,B02
200600052156,0,30,000,00,0,7,00,A01
200600052157,0,07,000,00,0,0,00,A01
200600052157,0,02,000,00,0,1,00,B02
200600052158,0,07,000,02,0,3,00,A01
200600052159,0,31,000,13,0,1,01,A01
200600052160,0,07,000,00,2,2,16,A01
200600052160,0,01,000,00,2,7,01,B02
200600052161,0,07,000,00,1,3,21,A01
200600052162,0,07,000,04,2,8,17,A01
200600052162,0,17,000,00,2,6,01,B02
200600052163,0,07,000,04,0,3,03,A01
200600052164,0,15,000,00,2,4,01,A01
200600052164,0,15,000,00,0,1,02,B02
200600052165,0,07,000,16,0,9,01,A01
200600052166,0,07,000,00,2,4,23,A01
200600052166,0,07,000,01,0,1,02,B02
200600052167,0,14,000,00,2,1,02,A01
200600052167,0,17,000,00,2,4,02,B02
200600052168,0,07,000,00,2,1,02,A01
200600052168,0,07,000,00,0,8,23,B02
200600052168,0,07,000,00,2,4,23,C03
200600052168,0,07,000,00,0,4,23,D04
200600052169,0,07,000,01,2,2,03,A01
200600052169,0,07,000,03,2,1,21,B02
200600052169,0,07,000,00,2,6,00,C03
200600052169,0,07,000,00,2,2,01,D04
200600052169,0,15,000,00,2,2,01,E05
200600052170,0,07,000,00,2,3,11,A01
200600052170,0,14,000,00,2,2,01,B02
200600052171,0,07,000,00,2,2,14,A01
200600052171,0,15,000,00,0,0,01,B02
200600052172,0,10,000,00,2,1,01,A01
200600052172,0,07,000,00,2,4,00,B02
200600052173,0,07,000,04,0,3,21,A01
200600052174,0,07,000,00,2,3,13,A01
200600052174,0,14,000,00,2,3,01,B02
200600052175,0,30,000,00,2,1,01,A01
200600052175,0,30,000,00,0,7,00,B02
200600052176,0,07,000,00,2,3,15,A01
200600052176,0,07,000,00,0,0,01,B02
200600052177,0,07,000,00,2,8,19,A01
200600052177,0,33,000,00,2,1,01,B02
200600052178,0,30,000,00,2,1,01,A01
200600052179,0,07,000,12,0,1,01,A01
200600052180,0,07,000,00,2,2,13,A01
200600052180,0,33,000,00,2,1,01,B02
200600052181,0,07,000,00,2,3,19,A01
200600052181,0,33,000,00,2,1,01,B02
200600052181,0,33,000,00,2,1,01,C03
200600052182,0,07,000,00,2,6,15,A01
200600052182,0,31,000,00,2,1,01,B02
200600052183,0,07,000,00,0,0,01,A01
200600052184,0,33,000,13,0,1,01,A01
200600052185,0,33,000,13,0,1,01,A01
200600052186,0,07,000,00,2,1,19,A01
200600052186,0,02,000,00,0,8,01,B02
200600052187,0,10,000,00,0,3,21,A01
200600052187,0,33,000,00,0,1,13,B02
200600052188,0,07,000,00,0,7,15,A01
200600052188,0,31,000,00,0,7,01,B02
200600052189,0,07,000,00,2,3,13,A01
200600052189,0,07,000,00,2,3,01,B02
200600052190,0,07,000,00,1,3,15,A01
200600052191,0,33,000,00,2,1,13,A01
200600052191,0,33,000,00,2,1,01,B02
200600052192,0,07,000,00,0,6,06,A01
200600052192,0,33,000,00,0,1,01,B02
200600052193,0,07,000,00,2,3,13,A01
200600052193,0,10,000,00,2,3,01,B02
200600052194,0,07,000,00,2,2,15,A01
200600052194,0,30,000,00,2,1,01,B02
200600052195,0,07,000,00,2,1,01,A01
200600052195,0,07,000,00,2,8,01,B02
200600052196,0,07,000,00,2,2,17,A01
200600052196,0,07,000,00,0,6,01,B02
200600052197,0,33,000,11,0,9,01,A01
200600052198,0,30,000,13,0,4,19,A01
200600052199,0,33,000,00,0,1,01,A01
200600052200,0,07,000,00,1,2,01,A01
200600052201,0,15,000,00,9,5,14,A01
200600052201,0,01,000,00,2,8,01,B02
200600052202,0,07,000,13,0,7,01,A01
200600052203,0,33,000,03,0,1,01,A01
200600052204,0,07,000,13,0,9,01,A01
200600052205,0,07,000,00,0,3,00,A01
200600052205,0,07,000,00,2,3,01,B02
200600052206,0,07,000,00,2,3,01,A01
200600052206,0,07,000,00,2,3,01,B02
200600052207,0,10,000,00,2,1,01,B02
200600052207,0,07,000,00,2,8,01,A01
200600052208,0,02,000,09,0,1,01,A01
200600052209,0,07,000,00,2,3,01,A01
200600052209,0,07,000,00,0,5,15,B02
200600052210,0,07,000,13,0,1,01,A01
200600052211,0,07,000,00,1,7,01,A01
200600052212,0,07,000,00,2,5,17,A01
200600052212,0,01,000,00,2,8,17,B02
200600052213,0,07,000,00,2,7,15,A01
200600052213,0,07,000,00,2,2,01,B02
200600052214,0,07,000,00,0,0,00,A01
200600052214,0,07,000,00,2,1,01,B02
200600052215,0,38,000,00,2,2,01,A01
200600052215,0,07,000,00,2,4,01,B02
200600052216,0,10,000,14,0,5,00,A01
200600052217,0,10,000,02,0,2,01,A01
200600052218,0,07,000,00,2,3,13,A01
200600052218,0,07,000,00,2,3,01,B02
200600052218,0,07,000,00,2,1,01,C03
200600052219,0,33,000,00,2,1,02,A01
200600052219,0,07,000,00,2,4,01,B02
200600052220,0,07,000,03,0,9,13,A01
200600052221,0,07,000,00,0,0,00,A01
200600052221,0,33,000,00,2,3,01,B02
200600052222,0,07,000,16,0,9,02,A01
200600052223,0,07,000,00,0,2,15,A01
200600052223,0,33,000,00,0,2,01,B02
200600052224,0,33,000,02,0,1,01,A01
200600052225,0,07,000,00,2,6,15,A01
200600052225,0,33,000,00,2,1,01,B02
200600052226,0,07,000,00,2,2,01,A01
200600052226,0,01,000,00,2,1,01,B02
200600052227,0,07,000,00,2,5,10,A01
200600052227,0,33,000,00,2,1,01,B02
200600052228,0,10,000,00,1,1,15,A01
200600052229,0,10,000,00,0,7,01,A01
200600052230,0,07,000,00,2,1,13,A01
200600052230,0,17,000,00,2,3,01,B02
200600052230,0,07,000,00,2,1,01,C03
200600052231,0,07,000,10,0,1,01,A01
200600052232,0,10,000,03,0,1,01,A01
200600052233,0,10,000,00,9,3,01,A01
200600052233,0,01,000,00,2,1,01,B02
200600052234,0,33,000,00,2,7,13,A01
200600052234,0,07,000,00,2,3,01,B02
200600052235,0,07,000,13,0,1,01,A01
200600052236,0,07,000,00,1,1,01,A01
200600052237,0,34,000,00,2,1,00,A01
200600052237,0,07,000,00,2,7,19,B02
200600052238,0,07,000,12,0,7,01,A01
200600052239,0,07,000,08,0,1,01,A01
200600052240,0,01,000,00,2,2,17,A01
200600052240,0,07,000,00,9,6,15,B02
200600052241,0,31,000,01,0,1,02,A01
200600052241,0,07,000,01,0,4,23,B02
200600052242,0,31,000,01,0,1,01,A01
200600052243,0,07,000,00,2,3,15,A01
200600052243,0,02,000,00,2,1,01,B02
200600052244,0,07,000,00,2,1,02,A01
200600052244,0,31,000,00,0,4,02,B02
200600052245,0,07,000,02,0,1,01,A01
200600052246,0,14,000,13,2,1,21,A01
200600052246,0,07,000,13,2,1,21,B02
200600052247,0,07,000,00,2,3,15,A01
200600052247,0,32,000,00,2,2,17,B02
200600052248,0,31,000,03,2,2,01,A01
200600052248,0,07,000,00,2,3,19,B02
200600052249,0,07,000,02,0,8,01,A01
200600052250,0,31,000,00,2,1,01,A01
200600052250,0,07,000,00,2,2,15,B02
200600052251,0,07,000,00,2,3,13,A01
200600052251,0,07,000,00,2,3,01,B02
200600052251,0,07,000,00,2,1,01,C03
200600052252,0,02,000,00,2,1,00,A01
200600052252,0,07,000,00,2,1,01,B02
200600052253,0,07,000,00,0,9,21,A01
200600052254,0,33,000,02,0,1,01,A01
200600052255,0,07,000,06,0,1,01,A01
200600052256,0,33,000,00,2,1,01,A01
200600052256,0,07,000,00,2,7,19,B02
200600052257,0,17,000,00,2,6,01,A01
200600052257,0,07,000,00,2,8,01,B02
200600052258,0,07,000,00,2,6,14,A01
200600052258,0,32,000,00,2,3,01,B02
200600052259,0,07,000,00,2,4,10,A01
200600052259,0,31,000,00,2,7,01,B02
200600052260,0,07,000,16,0,9,01,A01
200600052261,0,14,000,00,2,1,15,A01
200600052261,0,14,000,00,2,1,01,B02
200600052262,0,33,000,00,0,4,01,A01
200600052262,0,07,000,00,2,1,02,B02
200600052263,0,30,000,00,0,7,21,A01
200600052264,0,07,000,00,0,7,15,A01
200600052264,0,33,000,00,2,1,01,B02
200600052265,0,32,000,00,2,1,01,A01
200600052265,0,33,000,00,2,2,17,B02
200600052266,0,07,000,00,2,3,13,A01
200600052266,0,33,000,00,2,3,01,B02
200600052266,0,33,000,00,2,8,01,C03
200600052267,0,10,000,00,2,1,11,A01
200600052267,0,10,000,00,2,1,01,B02
200600052268,0,07,000,00,2,2,01,A01
200600052268,0,07,000,00,2,3,15,B02
200600052269,0,30,000,12,0,8,21,A01
200600052270,0,33,000,00,2,8,02,A01
200600052270,0,07,000,00,2,8,09,B02
200600052271,0,14,000,00,1,2,01,A01
200600052272,0,32,000,13,0,1,01,A01
200600052273,0,32,000,00,2,8,13,A01
200600052273,0,17,000,00,2,6,01,B02
200600052274,0,07,000,00,2,3,01,A01
200600052274,0,32,000,00,2,1,13,B02
200600052275,0,07,000,00,2,1,19,A01
200600052276,0,07,000,00,2,2,16,A01
200600052276,0,33,000,00,2,1,01,B02
200600052277,0,31,000,13,0,1,01,A01