Num_Acc,senc,catv,occutc,obs,obsm,choc,manv,num_veh
200600052647,0,07,000,03,0,5,01,A01
200600052647,0,07,000,03,0,3,01,B02
200600052648,0,07,000,04,0,1,01,A01
200600052649,0,10,000,04,0,3,00,A01
200600052650,0,07,000,00,2,3,13,A01
200600052650,0,07,000,00,2,1,01,B02
200600052650,0,15,000,00,2,2,01,C03
200600052651,0,33,000,16,0,8,16,A01
200600052652,0,07,000,00,2,1,02,A01
200600052652,0,07,000,00,0,4,23,B02
200600052653,0,07,000,00,0,3,01,A01
200600052654,0,07,000,00,2,1,01,A01
200600052654,0,07,000,00,2,4,00,B02
200600052655,0,07,000,00,0,1,00,A01
200600052656,0,07,000,00,0,5,23,A01
200600052656,0,38,000,14,0,1,01,B02
200600052657,0,38,000,00,2,1,02,A01
200600052657,0,17,000,00,2,4,23,B02
200600052657,0,15,000,00,2,4,23,C03
200600052658,0,07,000,00,2,3,02,A01
200600052658,0,07,000,00,2,3,02,B02
200600052659,0,10,000,00,2,5,15,A01
200600052659,0,07,000,00,2,3,01,B02
200600052659,0,33,000,00,2,2,01,C03
200600052660,0,07,000,00,2,1,01,A01
200600052660,0,07,000,00,2,8,19,B02
200600052661,0,07,000,02,0,8,13,A01
200600052662,0,10,000,03,0,2,00,A01
200600052663,0,10,000,00,0,1,02,A01
200600052663,0,10,000,00,0,9,02,B02
200600052663,0,14,000,00,0,2,01,C03
200600052664,0,07,000,00,0,6,02,A01
200600052664,0,07,000,00,0,2,02,B02
200600052665,0,10,000,06,0,0,01,A01
200600052666,0,02,000,00,6,1,00,A01
200600052667,0,10,000,00,1,5,20,A01
200600052668,0,30,000,00,2,1,01,A01
200600052668,1,07,000,00,2,1,19,B02
200600052669,0,07,000,00,2,1,01,A01
200600052669,0,07,000,00,2,4,01,B02
200600052670,0,07,000,13,0,1,02,A01
200600052671,0,07,000,13,0,1,14,A01
200600052672,0,07,000,03,0,1,01,A01
200600052673,0,07,000,11,0,0,00,A01
200600052674,0,07,000,14,0,3,17,A01
200600052674,0,07,000,03,0,8,13,B02
200600052674,0,15,000,00,2,8,01,C03
200600052674,0,07,000,03,0,3,01,D04
200600052675,0,07,000,00,2,3,13,A01
200600052675,0,07,000,00,0,5,01,B02
200600052676,0,07,000,00,2,1,02,A01
200600052676,0,07,000,00,0,4,02,B02
200600052677,0,07,000,00,2,7,00,A01
200600052677,0,07,000,03,2,8,01,B02
200600052678,0,07,000,00,0,0,21,A01
200600052679,0,07,000,00,2,7,13,A01
200600052679,0,07,000,00,2,1,01,B02
200600052680,0,33,000,00,2,3,17,A01
200600052680,0,07,000,00,2,8,01,B02
200600052681,0,07,000,00,0,4,23,A01
200600052681,0,33,000,01,0,1,02,B02
200600052682,0,10,000,00,2,3,00,A01
200600052682,0,07,000,04,0,4,02,B02
200600052683,0,07,000,13,0,9,00,A01
200600052684,0,07,000,03,0,1,14,A01
200600052685,0,33,000,00,0,0,11,A01
200600052686,0,02,000,03,0,1,14,A01
200600052687,0,13,000,00,2,8,01,A01
200600052687,0,02,000,00,0,1,00,B02
200600052688,0,07,000,00,2,2,11,A01
200600052688,0,33,000,00,2,7,01,B02
200600052689,0,33,000,03,0,8,06,A01
200600052690,0,07,000,02,0,1,01,A01
200600052691,0,15,000,00,0,0,01,A01
200600052692,0,07,000,03,0,2,12,A01
200600052693,0,07,000,15,0,1,01,A01
200600052694,0,07,000,00,2,5,23,A01
200600052694,0,07,000,00,2,6,23,B02
200600052694,0,07,000,00,2,3,02,C03
200600052694,0,07,000,00,2,5,23,D04
200600052695,0,07,000,06,0,1,01,A01
200600052696,0,07,000,03,1,7,14,A01
200600052697,0,07,000,00,2,2,01,A01
200600052697,0,14,000,00,2,6,01,B02
200600052698,0,07,000,00,2,3,01,A01
200600052698,0,07,000,00,2,2,01,B02
200600052698,0,13,000,00,2,1,13,C03
200600052699,0,10,000,00,2,2,17,A01
200600052699,0,07,000,03,0,6,01,B02
200600052700,0,33,000,14,0,1,02,A01
200600052700,0,10,000,00,0,4,23,B02
200600052701,0,07,000,00,2,1,01,A01
200600052701,0,14,000,00,0,4,00,B02
200600052702,0,07,000,00,0,4,23,A01
200600052702,0,07,000,00,2,3,02,B02
200600052703,0,07,000,13,0,2,01,A01
200600052704,0,17,000,04,0,3,01,A01
200600052705,0,07,000,00,2,7,12,A01
200600052705,0,32,000,00,2,3,01,B02
200600052706,0,32,000,00,2,1,01,A01
200600052706,0,07,000,00,0,4,01,B02
200600052707,0,07,000,00,2,2,17,A01
200600052708,0,07,000,03,0,2,01,A01
200600052709,0,15,000,01,0,1,01,A01
200600052709,0,15,000,01,0,4,00,B02
200600052710,0,07,000,00,2,3,10,A01
200600052710,0,17,000,00,2,3,01,B02
200600052711,0,07,000,00,2,2,15,A01
200600052711,0,07,000,00,2,3,01,B02
200600052712,0,07,000,00,2,2,15,A01
200600052712,0,33,000,00,2,1,01,B02
200600052713,0,07,000,03,0,2,01,A01
200600052714,0,07,000,00,2,2,02,A01
200600052714,0,07,000,00,2,4,02,B02
200600052714,0,07,000,00,2,6,02,C03
200600052714,0,07,000,00,2,6,02,D04
200600052715,0,07,000,04,0,3,13,A01
200600052716,0,34,000,00,2,2,01,A01
200600052717,0,10,000,00,2,2,01,A01
200600052717,0,07,000,00,2,5,01,B02
200600052718,0,01,000,00,2,7,01,A01
200600052718,0,07,000,00,2,3,16,B02
200600052719,0,07,000,02,0,9,00,A01
200600052720,0,17,000,00,2,6,01,A01
200600052720,0,07,000,03,2,3,01,B02
200600052721,0,07,000,13,0,1,13,A01
200600052722,0,17,000,00,0,3,14,A01
200600052723,0,07,000,00,2,1,02,A01
200600052723,0,17,000,00,2,4,02,B02
200600052724,0,33,000,13,0,1,13,A01
200600052725,0,17,000,00,2,1,01,B02
200600052725,0,07,000,12,0,2,01,A01
200600052726,0,07,000,00,2,2,17,A01
200600052726,0,17,000,00,0,0,01,B02
200600052727,0,07,000,03,0,1,01,A01
200600052727,0,07,000,00,2,1,01,B02
200600052728,0,07,000,13,0,8,17,A01
200600052729,0,15,000,03,0,3,01,A01
200600052730,0,07,000,03,0,3,01,A01
200600052731,0,17,000,00,2,2,01,A01
200600052731,0,07,000,00,2,8,11,B02
200600052732,0,07,000,03,0,3,01,A01
200600052733,0,33,000,00,5,1,01,A01
200600052734,0,07,000,13,0,1,01,A01
200600052735,0,07,000,00,2,4,01,A01
200600052735,0,07,000,00,2,1,01,B02
200600052736,0,07,000,00,0,5,15,A01
200600052736,0,31,000,00,2,1,01,B02
200600052737,0,10,000,00,1,2,16,A01
200600052738,0,33,000,08,0,1,01,A01
200600052739,0,07,000,00,0,7,19,A01
200600052739,0,33,000,00,2,1,01,B02
200600052740,0,33,000,06,2,1,17,A01
200600052740,0,07,000,06,0,6,19,B02
200600052741,0,30,000,00,2,1,09,A01
200600052741,0,07,000,00,2,2,01,B02
200600052742,0,07,000,13,0,2,00,A01
200600052743,0,07,000,00,0,4,23,A01
200600052743,0,07,000,00,0,4,23,B02
200600052743,0,07,000,14,0,1,02,C03
200600052744,0,07,000,00,2,2,11,A01
200600052744,0,17,000,00,0,6,01,B02
200600052745,0,10,000,03,0,7,02,A01
200600052745,0,07,000,00,2,4,01,B02
200600052746,0,07,000,03,0,5,01,A01
200600052746,0,07,000,00,2,3,02,B02
200600052747,0,07,000,00,0,2,01,A01
200600052748,0,14,000,06,0,3,13,A01
200600052749,0,07,000,00,0,2,02,A01
200600052750,0,07,000,00,0,0,00,A01
200600052751,0,07,000,00,0,2,15,A01
200600052751,0,01,000,00,2,1,01,B02
200600052751,0,07,000,00,0,2,15,C03
200600052751,0,01,000,00,2,1,01,D04
200600052752,0,07,000,00,2,1,01,A01
200600052752,0,01,000,00,2,1,13,B02
200600052753,0,07,000,00,2,3,01,A01
200600052753,0,07,000,00,2,3,13,B02
200600052754,0,07,000,00,0,4,01,A01
200600052754,0,07,000,00,2,1,02,B02
200600052755,0,07,000,00,2,3,01,A01
200600052755,0,02,000,00,2,1,13,B02
200600052756,0,07,000,00,0,0,01,A01
200600052757,0,17,000,16,0,3,01,A01
200600052758,0,15,000,03,0,3,01,A01
200600052759,0,07,000,00,2,3,01,A01
200600052759,0,07,000,00,2,0,05,B02
200600052760,0,07,000,00,9,1,01,A01
200600052760,0,02,000,00,9,8,19,B02
200600052761,0,13,000,04,0,2,02,A01
200600052762,0,07,000,00,1,3,01,A01
200600052763,0,33,000,00,2,1,01,A01
200600052763,0,07,000,00,2,5,15,B02
200600052764,0,07,000,00,2,8,15,A01
200600052764,0,07,000,00,2,1,01,B02
200600052765,0,07,000,00,0,1,15,A01
200600052765,0,33,000,00,2,1,02,B02
200600052766,0,10,000,00,2,7,13,A01
200600052766,0,07,000,00,2,1,01,B02
200600052767,0,07,000,00,9,3,09,A01
200600052767,0,01,000,00,2,4,01,B02
200600052768,0,10,000,00,0,3,15,A01
200600052768,0,31,000,00,0,1,01,B02
200600052769,0,07,000,00,2,7,13,A01
200600052769,0,07,000,00,2,1,01,B02
200600052769,0,07,000,00,0,0,00,C03
200600052770,0,07,000,00,1,6,20,A01
200600052771,0,33,000,03,0,8,13,A01
200600052772,0,33,000,00,2,1,17,A01
200600052772,0,07,000,00,2,1,01,B02
200600052773,0,15,000,00,0,3,01,A01
200600052773,0,07,000,00,0,0,00,B02
200600052774,0,07,000,07,0,1,14,A01
200600052775,0,10,000,00,0,1,01,A01
200600052776,0,07,000,00,2,1,01,A01
200600052776,0,14,000,00,0,0,00,B02
200600052777,0,07,000,00,2,7,15,A01
200600052777,0,10,000,00,2,1,01,B02
200600052778,0,10,000,00,1,2,01,A01
200600052779,0,01,000,00,1,1,16,A01
200600052780,0,07,000,04,0,4,01,A01
200600052780,0,07,000,00,2,2,01,B02
200600052780,0,07,000,00,2,3,01,C03
200600052781,0,07,000,00,2,2,17,A01
200600052781,0,17,000,00,0,6,01,B02
200600052782,0,33,000,03,0,1,01,A01
200600052783,0,07,000,00,1,4,04,A01
200600052784,0,07,000,00,2,6,15,A01
200600052784,0,07,000,00,2,1,01,B02
200600052785,0,07,000,03,0,3,01,A01
200600052785,0,07,000,03,0,3,01,B02
200600052785,1,07,000,00,0,0,05,C03
200600052785,0,07,000,14,0,0,01,D04
200600052785,0,07,000,14,0,0,01,E05
200600052786,0,10,000,00,6,1,01,A01
200600052787,0,07,000,13,0,8,21,A01
200600052788,0,30,000,00,2,1,01,A01
200600052788,0,15,000,00,0,5,15,B02
200600052789,0,07,000,03,0,3,01,A01
200600052790,0,07,000,03,0,3,01,A01
200600052790,0,07,000,03,0,1,01,B02
200600052791,0,07,000,00,2,7,17,A01
200600052791,0,07,000,00,2,3,15,B02
200600052792,0,07,000,00,2,1,02,A01
200600052792,0,17,000,00,2,4,02,B02
200600052793,0,10,000,14,0,1,01,A01
200600052793,0,17,000,00,2,4,23,B02
200600052794,0,10,000,03,6,1,01,A01
200600052795,0,07,000,16,0,0,01,A01
200600052796,0,07,000,00,2,7,17,A01
200600052796,0,32,000,00,2,1,01,B02
200600052797,0,30,000,00,0,0,00,A01
200600052798,0,07,000,02,0,2,01,A01
200600052799,0,30,000,00,0,0,01,A01
200600052800,0,07,000,03,2,2,02,A01
200600052800,0,17,000,00,0,6,01,B02
200600052801,0,33,000,00,0,8,01,A01
200600052802,0,07,000,16,0,6,02,A01
200600052803,0,07,000,03,0,3,17,A01
200600052803,0,07,000,01,0,1,01,B02
200600052804,0,31,000,00,2,1,02,A01
200600052804,0,31,000,00,2,4,02,B02
200600052805,0,10,000,00,2,2,02,A01
200600052805,0,10,000,00,2,6,02,B02
200600052806,0,07,000,00,2,3,01,A01
200600052806,0,07,000,00,2,3,01,B02
200600052807,0,07,000,04,2,8,21,A01
200600052807,0,07,000,00,2,7,01,B02
200600052808,0,07,000,00,2,6,02,A01
200600052808,0,07,000,00,2,2,03,B02
200600052809,0,07,000,13,0,1,01,A01
200600052810,0,07,000,13,0,2,00,A01
200600052811,0,14,000,13,0,3,01,A01
200600052812,0,30,000,00,2,2,01,A01
200600052812,0,07,000,00,2,2,15,B02
200600052813,0,07,000,04,0,3,01,A01
200600052814,0,07,000,04,0,1,00,A01
200600052815,0,07,000,00,0,5,10,A01
200600052815,0,13,000,00,2,1,01,B02
200600052816,0,07,000,00,0,9,17,A01
200600052817,0,17,000,03,0,3,02,A01
200600052817,0,07,000,03,2,2,02,B02
200600052818,0,07,000,13,0,2,01,A01
200600052819,0,33,000,13,0,1,14,A01
200600052820,0,07,000,13,0,6,17,A01
200600052821,0,07,000,00,2,1,05,A01
200600052821,0,17,000,00,2,1,01,B02
200600052822,0,07,000,00,0,7,01,A01
200600052823,0,17,000,03,0,2,14,A01
200600052824,0,07,000,06,0,2,01,A01
200600052825,0,31,000,14,0,1,02,A01
200600052825,0,07,000,00,2,5,15,B02
200600052826,0,02,000,00,2,1,21,A01
200600052826,0,99,000,00,9,3,01,B02
200600052827,0,07,000,13,0,2,01,A01
200600052828,0,07,000,00,2,6,01,A01
200600052828,0,07,000,00,2,3,01,B02
200600052828,0,02,000,00,2,1,01,C03
200600052829,0,10,000,00,2,1,01,A01
200600052829,0,07,000,00,2,3,19,B02
200600052830,0,07,000,00,0,8,01,A01
200600052830,0,07,000,02,0,8,21,B02
200600052831,0,30,000,00,2,1,15,A01
200600052831,0,07,000,00,2,2,01,B02
200600052832,0,07,000,00,2,3,13,A01
200600052832,0,07,000,00,0,3,01,B02
200600052832,0,07,000,00,0,0,01,C03
200600052833,0,07,000,00,0,1,01,A01
200600052834,0,07,000,14,2,3,11,A01
200600052834,0,07,000,00,2,6,01,B02
200600052834,0,07,000,00,2,1,01,C03
200600052834,0,07,000,00,2,3,01,D04
200600052835,0,07,000,13,0,1,15,A01
200600052836,0,07,000,06,0,8,14,A01
200600052837,0,33,000,00,2,1,01,B02
200600052837,0,07,000,00,0,5,24,C03
200600052837,0,07,000,00,2,5,15,A01
200600052838,0,07,000,00,0,1,01,A01
200600052838,0,10,000,00,2,1,01,B02
200600052839,0,14,000,00,0,2,19,A01
200600052839,0,02,000,00,2,1,01,B02
200600052840,0,07,000,00,2,3,13,A01
200600052840,0,07,000,00,2,1,01,B02
200600052841,0,07,000,00,1,3,01,A01
200600052842,0,07,000,00,2,4,23,A01
200600052842,0,07,000,00,2,4,23,B02
200600052842,0,07,000,00,2,1,01,C03
200600052843,0,02,000,00,2,7,12,A01
200600052843,0,07,000,00,2,8,01,B02
200600052844,0,07,000,00,2,3,13,A01
200600052844,0,33,000,00,0,1,01,B02
200600052845,0,10,000,00,2,3,09,A01
200600052845,0,02,000,00,2,2,15,B02
200600052846,0,07,000,00,2,2,13,A01
200600052846,0,07,000,00,2,1,01,B02
200600052847,0,30,000,00,2,1,02,A01
200600052847,0,02,000,00,2,6,02,B02
200600052848,0,07,000,00,9,1,20,A01
200600052848,0,01,000,00,2,8,01,B02
200600052849,0,07,000,00,2,1,01,A01
200600052849,0,07,000,00,2,1,01,B02
200600052850,0,07,000,00,2,0,00,A01
200600052850,0,07,000,00,2,0,00,B02
200600052851,0,07,000,00,0,2,00,A01
200600052852,0,07,000,00,2,8,01,A01
200600052852,0,01,000,00,2,1,01,B02
200600052853,0,07,000,00,2,2,01,A01
200600052853,0,01,000,00,0,4,01,B02
200600052854,0,10,000,13,0,9,01,A01
200600052855,0,07,000,00,2,1,05,A01
200600052855,0,07,000,00,2,1,01,B02
200600052855,0,33,000,00,2,1,02,C03
200600052855,0,10,000,00,2,2,02,D04
200600052856,0,07,000,02,0,8,13,A01
200600052857,0,07,000,00,1,1,00,A01
200600052858,0,33,000,02,0,1,01,A01
200600052859,0,07,000,00,2,3,01,A01
200600052859,0,07,000,00,2,3,01,B02
200600052860,0,07,000,00,0,3,15,A01
200600052860,0,02,000,00,2,1,17,B02
200600052861,0,07,000,00,2,7,15,A01
200600052861,0,33,000,00,2,1,01,B02
200600052861,0,07,000,00,2,6,01,C03
200600052862,0,07,000,00,0,4,01,A01
200600052862,0,07,000,00,2,1,02,B02
200600052863,0,07,000,00,2,1,13,A01
200600052863,0,07,000,00,2,1,01,B02
200600052864,0,07,000,00,9,2,15,A01
200600052864,0,01,000,00,2,8,01,B02
200600052865,0,07,000,03,0,1,13,A01
200600052866,0,07,000,02,0,8,01,A01
200600052867,0,07,000,08,0,7,00,A01
200600052868,0,07,000,00,2,1,01,A01
200600052868,0,07,000,00,0,6,01,B02
200600052868,0,07,000,00,2,1,01,C03
200600052869,0,02,000,00,2,1,02,A01
200600052869,0,07,000,00,2,1,09,B01
200600052870,0,07,000,00,2,3,01,A01
200600052870,0,07,000,00,2,3,01,B01
200600052871,0,07,000,00,2,3,02,B01
200600052871,0,07,000,00,2,1,09,A01
200600052872,0,10,000,13,0,2,00,A01
200600052873,0,07,000,06,0,3,01,A01
200600052874,0,33,000,00,2,7,11,A01
200600052874,0,10,000,00,2,3,15,B01
200600052875,0,07,000,00,1,1,01,A01
200600052876,0,07,000,00,2,8,16,A01
200600052876,0,31,000,00,2,1,21,B01
200600052877,0,07,000,06,2,7,19,A01
200600052877,0,07,000,00,2,1,01,B01
200600052878,0,07,000,00,2,1,01,A01
200600052878,0,02,000,00,2,8,01,B01
200600052879,0,07,000,02,0,1,00,A01
200600052880,0,07,000,00,2,1,01,B01
200600052880,0,07,000,00,2,7,01,A01
200600052881,0,04,000,00,2,1,11,A01
200600052881,0,07,000,00,2,3,01,B01
200600052882,0,07,000,00,0,3,01,A01
200600052883,0,07,000,00,1,1,01,A01
200600052884,0,07,000,00,2,3,19,A01
200600052884,0,01,000,00,2,1,17,B01
200600052885,1,07,000,00,2,1,15,A01
200600052885,0,07,000,00,2,1,01,B01
200600052886,1,07,000,00,2,0,10,A01
200600052886,0,04,000,00,2,7,01,B01
200600052887,0,02,000,00,2,6,13,A01
200600052887,0,05,000,00,0,7,01,B01
200600052888,0,02,000,00,1,2,02,A01
200600052889,0,05,000,00,2,3,09,A01
200600052889,0,07,000,00,2,5,01,B01
200600052890,1,07,000,00,2,1,15,A01
200600052890,0,33,000,00,2,1,02,B01
200600052891,0,07,000,00,1,3,15,A01
200600052891,0,07,000,15,0,7,01,B01
200600052892,0,07,000,00,0,2,19,A01
200600052892,0,31,000,00,2,3,01,B01
200600052893,0,33,000,00,2,8,01,B01
200600052893,0,07,000,00,2,2,15,A01
200600052894,0,07,000,00,2,2,15,A01
200600052894,0,33,000,00,2,1,01,B01
200600052895,0,31,000,01,1,1,01,A01
200600052896,0,33,000,01,0,8,14,A01
200600052897,0,07,000,00,1,1,01,A01
200600052898,0,07,000,00,1,1,01,A01
200600052899,0,07,000,00,2,3,01,B01
200600052899,0,07,000,00,2,1,15,A01
200600052900,0,04,000,00,1,4,02,A01
200600052901,0,02,000,00,2,1,17,A01
200600052901,0,07,000,00,2,3,15,B01
200600052902,0,07,000,01,0,8,23,B01
200600052902,0,30,000,01,0,1,14,A01
200600052903,0,38,001,00,1,1,00,A01
200600052904,0,07,000,00,1,3,01,A01
200600052905,0,07,000,00,9,3,01,B01
200600052905,0,01,000,00,2,1,09,A01
200600052906,0,02,000,00,2,1,01,A01
200600052906,0,07,000,00,2,8,15,B01
200600052907,0,07,000,00,2,1,15,A01
200600052907,0,02,000,00,2,1,01,B01
200600052908,0,30,000,14,0,0,01,A01
200600052909,0,07,000,00,0,4,01,A01
200600052909,0,07,000,00,2,1,01,B01
200600052910,0,07,000,00,2,1,01,A01
200600052910,0,07,000,00,2,6,01,B01
200600052911,0,31,000,00,2,1,02,B01
200600052911,0,07,000,00,9,7,16,A01
200600052912,0,33,000,01,0,7,01,A01
200600052913,0,07,000,09,0,1,13,A01
200600052914,0,07,000,00,1,2,15,A01
200600052915,0,07,000,00,2,1,01,A01
200600052915,0,37,010,00,2,1,01,B01
200600052916,0,02,000,00,2,1,01,B01
200600052916,0,07,000,00,2,2,09,A01
200600052917,0,33,000,03,0,0,00,A01
200600052918,1,07,000,00,2,3,13,A01
200600052918,0,07,000,00,2,2,01,B01
200600052919,0,30,000,01,0,6,00,A01
200600052920,0,07,000,00,2,7,17,A01
200600052920,0,01,000,00,2,8,13,B01
200600052921,0,07,000,03,0,8,17,A01
200600052922,0,07,000,06,0,4,00,A01
200600052923,0,07,000,00,0,4,02,A01
200600052923,2,07,000,00,2,1,02,B01
200600052924,0,07,000,04,0,8,02,B01
200600052924,0,07,000,10,2,2,14,A01
200600052925,0,07,000,04,2,4,00,A01
200600052925,2,07,000,00,0,0,00,B01
200600052926,0,05,000,00,2,8,03,A01
200600052926,0,07,000,00,2,7,12,B01
200600052927,2,17,000,00,2,2,12,B01
200600052927,0,07,000,04,0,6,02,A01
200600052928,0,07,000,03,2,1,09,A01
200600052928,0,07,000,00,2,1,01,B01
200600052928,0,07,000,00,2,1,01,C01
200600052929,0,07,000,03,0,9,06,A01
200600052930,0,99,000,00,2,6,02,A01
200600052930,0,07,000,00,2,6,02,B01
200600052930,0,99,000,00,2,2,02,C01
200600052931,0,07,000,00,2,5,01,A01
200600052931,0,15,000,00,2,0,12,B01
200600052932,0,07,000,00,0,6,12,A01
200600052932,0,07,000,00,2,2,01,B01
200600052933,0,07,000,04,0,9,02,A01
200600052934,0,07,000,04,0,3,00,A01
200600052935,0,07,000,01,0,1,02,A01
200600052935,0,07,000,00,0,4,11,F01
200600052935,0,07,000,01,0,4,24,B01
200600052935,0,07,000,00,0,4,24,C01
200600052935,0,07,000,00,2,1,02,D01
200600052935,0,07,000,01,0,3,21,E01
200600052936,0,05,000,00,2,1,02,A01
200600052936,0,07,000,00,2,4,02,B01
200600052937,0,07,000,00,9,3,11,A01
200600052937,0,05,000,00,2,1,02,B01
200600052938,0,10,000,00,2,1,02,A01
200600052938,0,07,000,00,2,4,02,B01
200600052938,0,07,000,00,2,4,02,C01
200600052939,0,07,000,00,2,2,00,A01
200600052940,0,07,000,06,0,1,01,A01
200600052941,0,05,000,00,2,2,03,A01
200600052941,0,07,000,00,0,4,11,B01
200600052942,0,07,000,00,2,1,02,A01
200600052942,0,07,000,00,0,4,02,B01
200600052943,0,07,000,04,0,5,02,A01
200600052943,0,07,000,00,2,6,01,B01
200600052944,0,14,000,01,0,3,00,A01
200600052944,0,15,000,00,0,7,24,B01
200600052945,0,15,000,00,2,3,11,A01
200600052945,0,07,000,00,2,5,01,B01
200600052945,0,07,000,00,2,2,01,C01
200600052946,0,07,000,04,0,1,11,A01
200600052946,0,07,000,00,2,1,02,B01
200600052946,0,07,000,00,2,1,00,C01
200600052946,0,07,000,00,2,1,00,D01
200600052947,0,07,000,04,0,3,00,A01
200600052947,0,07,000,00,2,1,00,F01
200600052947,0,07,000,00,2,1,02,B01
200600052947,0,07,000,00,2,4,00,C01
200600052947,0,07,000,00,2,4,00,D01
200600052947,0,07,000,00,2,4,00,E01
200600052948,0,07,000,03,0,1,12,A01
200600052949,0,33,000,00,2,3,03,A01
200600052949,0,07,000,00,0,5,12,B01
200600052949,0,07,000,00,2,8,01,C01
200600052950,0,14,000,00,2,1,00,A01
200600052950,0,07,000,00,2,8,00,B01
200600052951,0,05,000,00,2,1,01,A01
200600052951,0,10,000,00,0,6,01,B01
200600052952,0,10,000,00,2,1,02,A01
200600052952,0,10,000,00,2,4,02,B01
200600052953,0,07,000,03,0,1,02,A01
200600052954,0,07,000,00,2,1,00,A01
200600052954,0,07,000,00,2,4,00,B01
200600052955,0,07,000,04,0,1,01,A01
200600052956,0,07,000,05,0,1,00,A01
200600052957,0,10,000,00,2,1,01,A01
200600052957,0,07,000,03,2,4,01,B01
200600052957,0,07,000,00,2,4,01,C01
200600052957,0,07,000,00,2,4,01,D01
200600052958,0,07,000,00,2,7,12,A01
200600052958,0,33,000,00,2,8,11,B01
200600052959,0,07,000,00,0,1,01,A01
200600052960,0,33,000,00,0,0,02,A01
200600052961,0,07,000,00,2,1,02,A01
200600052961,0,07,000,00,2,4,02,B01
200600052961,0,07,000,00,2,4,02,C01
200600052962,0,32,000,00,2,8,03,A01
200600052962,0,07,000,00,0,7,01,B01
200600052963,0,33,000,00,2,8,03,A01
200600052963,0,07,000,00,2,7,12,B01
200600052964,0,07,000,03,0,1,00,A01
200600052965,0,33,000,00,2,3,13,A01
200600052965,0,07,000,00,2,4,01,B01
200600052966,0,07,000,00,2,8,11,A01
200600052966,0,07,000,04,2,8,02,B01
200600052967,0,07,000,04,0,8,02,A01
200600052968,0,07,000,03,2,1,09,A01
200600052968,0,07,000,00,0,3,09,B01
200600052968,0,07,000,02,2,4,09,C01
200600052968,0,07,000,00,0,4,02,D01
200600052969,0,33,000,00,0,8,18,A01
200600052970,0,07,000,00,2,1,02,B01
200600052970,0,13,000,00,0,4,02,C01
200600052970,1,07,000,00,0,0,00,A01
200600052971,0,07,000,03,0,1,01,A01
200600052972,0,07,000,00,2,7,09,A01
200600052972,0,10,000,00,2,6,01,B01
200600052972,0,10,000,00,2,1,01,C01
200600052973,0,33,000,04,0,7,21,A01
200600052974,0,33,000,00,2,5,17,A01
200600052974,0,17,000,00,2,6,01,B01
200600052975,0,07,000,00,2,2,12,A01
200600052975,0,33,000,03,2,8,01,B01
200600052976,0,07,000,04,0,1,01,A01
200600052977,0,33,000,00,0,3,02,A01
200600052977,0,10,000,00,9,5,14,B01
200600052978,0,33,000,00,2,3,03,A01
200600052978,0,10,000,00,2,2,12,B01
200600052979,0,07,000,12,0,7,01,A01
200600052980,0,33,000,00,2,1,03,A01
200600052980,0,10,000,00,2,2,12,B01
200600052980,0,10,000,00,2,4,01,C01
200600052981,0,33,000,00,2,1,18,A01
200600052981,0,07,000,04,0,5,01,B01
200600052982,0,07,000,00,2,5,12,A01
200600052982,0,31,000,00,2,1,18,B01
200600052983,0,33,000,00,2,8,03,A01
200600052983,0,07,000,00,2,2,09,B01
200600052984,0,07,000,04,0,3,14,A01
200600052985,0,10,000,13,0,1,02,A01
200600052986,0,07,000,04,0,8,00,A01
200600052986,0,07,000,00,9,1,02,B01
200600052987,0,10,000,00,2,1,02,A01
200600052987,0,10,000,00,0,4,02,B01
200600052987,0,07,000,00,2,9,02,C01
200600052988,0,07,000,00,2,3,11,A01
200600052988,0,33,000,00,2,7,01,B01
200600052989,0,10,000,03,0,1,02,A01
200600052990,0,10,000,04,2,3,02,A01
200600052990,0,33,000,01,0,3,02,B01
200600052990,0,07,000,04,0,6,23,C01
200600052991,0,07,000,04,0,1,01,A01
200600052992,0,07,000,06,0,1,13,A01
200600052993,0,07,000,00,0,4,12,A01
200600052993,0,33,000,00,2,1,00,B01
200600052994,0,33,000,00,0,4,01,A01
200600052994,0,33,000,00,2,1,02,B01
200600052995,0,07,000,13,0,1,00,A01
200600052996,0,07,000,00,0,0,01,A01
200600052997,0,03,000,00,2,2,01,A01
200600052997,0,10,000,00,2,1,09,B01
200600052998,0,07,000,00,0,8,00,A01
200600052999,0,07,000,00,2,7,12,A01
200600052999,0,30,000,00,2,8,01,B01
200600053000,0,07,000,00,2,3,11,A01
200600053000,0,07,000,00,2,5,01,B01
200600053001,0,07,000,00,2,5,00,A01
200600053001,0,34,000,00,2,3,01,B01
200600053002,0,07,000,04,0,3,02,A01
200600053003,0,15,000,00,0,4,02,A01
200600053003,0,10,000,00,2,4,02,B01
200600053003,0,15,000,00,2,1,02,C01
200600053004,0,07,000,00,0,4,01,A01
200600053004,0,07,000,00,2,4,01,B01
200600053004,0,07,000,00,2,1,01,C01
200600053005,0,07,000,00,0,4,02,A01
200600053005,0,07,000,00,0,4,02,B01
200600053005,0,07,000,00,2,1,02,C01
200600053006,0,10,000,00,0,8,23,A01
200600053006,0,14,000,00,2,2,02,B01
200600053007,0,07,000,04,0,1,11,A01
200600053008,0,07,000,00,0,4,01,A01
200600053008,0,31,000,00,2,3,03,B01