Num_Acc,senc,catv,occutc,obs,obsm,choc,manv,num_veh
200600053721,0,07,000,00,2,8,15,B01
200600053722,0,32,000,00,2,9,03,A01
200600053722,0,07,000,00,2,5,02,B01
200600053722,0,07,000,00,0,1,02,C01
200600053723,1,30,000,00,1,0,00,A01
200600053724,0,07,000,00,2,4,02,A01
200600053724,0,07,000,00,2,3,02,F01
200600053724,0,10,000,00,2,9,02,B01
200600053724,0,07,000,00,2,9,02,C01
200600053724,0,10,000,00,2,9,02,D01
200600053724,0,07,000,00,2,9,02,E01
200600053725,0,07,000,00,2,3,01,B01
200600053725,0,07,000,00,2,3,15,A01
200600053726,0,07,000,00,2,1,02,A01
200600053726,0,07,000,00,2,4,23,B01
200600053726,0,07,000,00,2,4,23,C01
200600053727,0,10,000,00,2,1,05,A01
200600053727,0,07,000,00,2,1,01,B01
200600053728,0,10,000,00,2,2,15,A01
200600053728,0,10,000,00,0,1,01,B01
200600053729,0,02,000,00,2,1,02,A01
200600053729,0,07,000,00,0,4,02,B01
200600053730,0,07,000,00,2,1,09,A01
200600053730,0,17,000,00,0,7,01,B01
200600053731,0,07,000,00,1,4,04,A01
200600053732,0,30,000,00,2,7,15,B01
200600053732,0,07,000,00,9,3,19,A01
200600053733,0,07,000,00,1,8,01,A01
200600053734,0,07,000,00,2,7,15,A01
200600053734,0,07,000,00,2,1,01,B01
200600053735,0,07,000,00,2,1,01,B01
200600053735,0,07,000,00,2,3,15,A01
200600053736,0,07,000,14,0,1,01,A01
200600053736,0,07,000,14,0,4,23,B01
200600053736,0,07,000,14,0,4,23,C01
200600053736,0,07,000,14,0,4,23,D01
200600053736,0,07,000,00,2,4,02,E01
200600053737,0,07,000,00,0,1,15,A01
200600053737,0,07,000,00,0,1,01,B01
200600053738,0,02,000,01,0,1,01,A01
200600053738,0,07,000,00,2,1,23,B01
200600053739,0,02,000,00,2,1,05,A01
200600053739,0,07,000,00,2,7,02,B01
200600053740,0,10,000,00,2,3,13,A01
200600053740,0,21,000,00,2,8,01,B01
200600053741,0,07,000,02,0,1,14,A01
200600053742,0,07,000,00,2,5,15,A01
200600053742,0,33,000,00,2,1,02,B01
200600053743,0,10,000,00,1,7,01,B01
200600053743,0,07,000,00,1,1,01,C01
200600053744,0,07,000,00,2,3,15,B01
200600053744,0,02,000,00,2,1,01,A01
200600053745,0,31,000,08,0,2,01,A01
200600053746,0,07,000,00,2,1,01,A01
200600053746,0,21,000,00,2,1,15,B01
200600053747,0,20,000,13,0,4,01,A01
200600053748,0,07,000,00,2,1,01,B01
200600053748,0,30,000,00,2,1,01,A01
200600053749,0,07,000,00,2,1,16,A01
200600053749,0,02,000,00,2,1,01,B01
200600053750,0,30,000,00,2,1,02,A01
200600053750,0,01,000,00,2,4,02,B01
200600053751,0,07,000,00,2,1,01,A01
200600053751,0,07,000,00,2,4,23,B01
200600053751,0,07,000,00,2,4,23,C01
200600053752,0,07,000,00,1,2,01,A01
200600053753,0,07,000,00,2,1,01,A01
200600053753,0,07,000,00,2,4,23,B01
200600053753,0,07,000,00,0,4,23,C01
200600053754,0,07,000,00,2,3,15,A01
200600053754,0,32,000,00,2,1,01,B01
200600053755,0,07,000,08,0,1,01,A01
200600053756,0,07,000,00,2,2,10,A01
200600053756,0,02,000,00,2,1,01,B01
200600053757,0,07,000,00,2,1,15,A01
200600053757,0,07,000,00,2,3,01,B01
200600053758,0,07,000,00,2,1,15,A01
200600053758,0,01,000,00,2,1,01,B01
200600053759,0,07,000,00,0,7,14,A01
200600053760,0,01,000,00,2,1,13,A01
200600053760,0,01,000,00,2,1,01,B01
200600053761,0,03,000,00,0,7,15,A01
200600053762,0,07,000,00,2,1,01,A01
200600053762,0,07,000,00,2,4,01,B01
200600053763,0,01,000,00,2,1,01,A01
200600053763,0,07,000,00,2,5,01,B01
200600053764,0,33,000,00,0,7,01,A01
200600053765,0,32,000,00,0,8,21,A01
200600053766,0,07,000,00,2,3,19,A01
200600053766,0,31,000,00,2,1,01,B01
200600053767,0,01,000,00,2,1,01,B01
200600053767,0,07,000,00,2,0,01,A01
200600053768,0,02,000,00,2,1,01,A01
200600053768,0,07,000,00,2,1,15,B01
200600053769,0,07,000,00,2,6,01,A01
200600053769,0,01,000,00,0,0,01,B01
200600053770,0,07,000,00,0,1,01,A01
200600053770,0,07,000,00,0,4,01,B01
200600053771,0,07,000,00,2,2,12,A01
200600053771,0,30,000,00,2,8,01,B01
200600053772,0,03,000,00,2,1,01,A01
200600053772,0,07,000,00,2,4,01,B01
200600053773,0,07,000,00,2,6,09,A01
200600053773,0,02,000,00,2,2,15,B01
200600053774,0,07,000,12,0,1,14,A01
200600053775,0,07,000,00,2,6,23,A01
200600053775,0,07,000,00,2,2,01,B01
200600053776,0,07,000,00,1,0,01,A01
200600053777,0,30,000,00,2,1,17,A01
200600053777,0,07,000,00,2,8,20,B01
200600053778,0,01,000,00,2,1,19,A01
200600053778,0,07,000,00,1,1,15,B01
200600053779,0,07,000,00,2,1,02,A01
200600053779,0,07,000,00,2,4,23,B01
200600053780,0,07,000,00,2,2,13,A01
200600053780,0,30,000,00,2,3,01,B01
200600053781,0,33,000,00,2,1,01,A01
200600053781,0,07,000,00,2,7,15,B01
200600053782,0,07,000,00,2,8,15,A01
200600053782,0,07,000,00,2,1,17,B01
200600053783,0,02,000,00,2,1,19,A01
200600053784,0,30,000,00,2,0,01,A01
200600053784,0,07,000,00,2,0,01,B01
200600053785,0,02,000,00,0,1,01,A01
200600053786,0,07,000,00,1,0,00,A01
200600053787,0,10,000,00,0,0,01,A01
200600053787,0,30,000,00,2,8,01,B01
200600053788,0,07,000,00,2,3,15,A01
200600053788,0,30,000,00,2,8,01,B01
200600053789,0,07,000,00,1,2,01,A01
200600053790,0,33,000,01,0,1,13,A01
200600053791,0,07,000,01,0,1,01,A01
200600053792,0,37,010,00,2,1,02,A01
200600053792,0,07,000,00,2,4,23,B01
200600053792,0,07,000,00,2,4,23,C01
200600053793,0,07,000,00,2,2,01,A01
200600053793,0,07,000,00,2,1,16,B01
200600053794,0,07,000,00,2,1,01,B01
200600053794,0,07,000,06,2,3,19,A01
200600053795,0,07,000,00,0,6,01,A01
200600053795,0,30,000,00,2,1,02,B01
200600053796,0,07,000,00,2,3,05,A01
200600053796,0,07,000,00,2,3,05,B01
200600053796,0,07,000,00,2,8,05,C01
200600053797,0,02,000,00,2,1,01,B01
200600053797,0,32,000,00,2,1,05,A01
200600053798,0,07,000,00,2,3,01,A01
200600053798,0,33,000,00,2,2,00,B01
200600053799,0,07,000,00,2,3,24,A01
200600053799,0,01,000,01,2,1,01,B01
200600053799,0,10,000,00,0,5,01,C01
200600053800,0,07,000,01,1,7,04,A01
200600053801,0,30,000,00,2,1,00,A01
200600053801,0,07,000,00,2,1,00,B01
200600053802,0,07,000,00,1,1,01,A01
200600053803,0,07,000,00,2,1,00,A01
200600053803,0,02,000,00,2,1,13,B01
200600053804,0,07,000,00,2,4,02,A01
200600053804,0,07,000,00,2,2,02,B01
200600053805,0,10,000,00,1,0,00,A01
200600053806,0,33,000,14,0,1,01,A01
200600053807,0,07,000,00,2,3,01,B01
200600053807,0,07,000,00,2,1,15,A01
200600053808,0,07,000,00,2,1,01,A01
200600053808,0,07,000,00,0,4,23,B01
200600053809,0,02,000,00,2,2,00,A01
200600053809,0,07,000,00,2,2,00,B01
200600053810,0,02,000,01,0,1,17,A01
200600053811,0,02,000,00,1,1,01,A01
200600053812,0,07,000,00,1,1,15,A01
200600053813,0,33,000,00,2,1,02,A01
200600053813,0,07,000,00,2,4,02,B01
200600053814,0,02,000,00,2,0,23,A01
200600053814,0,07,000,00,2,7,09,B01
200600053815,0,07,000,00,2,1,02,A01
200600053815,0,07,000,00,2,4,02,B01
200600053816,0,07,000,00,2,2,15,A01
200600053816,0,01,000,00,2,1,01,B01
200600053817,0,07,000,00,1,2,01,A01
200600053818,0,33,000,00,2,7,15,B01
200600053818,0,07,000,00,2,7,15,A01
200600053819,0,02,000,00,2,1,01,A01
200600053819,0,10,000,00,4,6,15,B01
200600053820,0,07,000,00,1,1,01,A01
200600053821,0,07,000,02,0,1,01,A01
200600053822,0,07,000,00,2,3,09,A01
200600053822,0,07,000,00,2,2,01,B01
200600053823,0,07,000,00,2,1,02,A01
200600053823,0,07,000,00,2,4,02,B01
200600053824,0,02,000,00,2,8,01,A01
200600053824,0,07,000,00,2,2,01,B01
200600053825,0,02,000,00,2,3,01,B01
200600053825,0,07,000,00,2,3,09,A01
200600053826,0,07,000,00,2,2,01,A01
200600053826,0,30,000,00,2,8,15,B01
200600053827,0,31,000,00,2,7,01,B01
200600053827,0,07,000,00,2,0,11,A01
200600053828,0,07,000,00,2,5,15,A01
200600053828,0,07,000,00,2,2,01,B01
200600053829,0,02,000,00,2,3,15,A01
200600053829,0,02,000,00,2,6,01,B01
200600053830,0,07,000,00,2,1,01,A01
200600053830,0,10,000,00,2,6,00,B01
200600053831,0,07,000,12,2,2,01,A01
200600053831,0,10,000,00,2,6,01,B01
200600053832,0,04,000,00,2,1,05,A01
200600053832,0,05,000,00,2,1,01,B01
200600053833,0,05,000,00,0,8,01,A01
200600053833,0,07,000,00,0,0,00,B01
200600053834,1,07,000,00,1,2,01,A01
200600053835,0,02,000,00,2,1,17,A01
200600053835,0,07,000,00,2,3,15,B01
200600053836,0,07,000,00,2,8,24,A01
200600053836,0,01,000,00,2,1,01,B01
200600053837,0,07,000,00,2,3,19,A01
200600053837,0,37,023,00,2,2,01,B01
200600053838,0,07,000,00,2,1,20,A01
200600053838,0,33,000,00,2,1,01,B01
200600053839,0,30,000,00,2,1,02,A01
200600053839,0,07,000,00,2,4,15,B01
200600053840,0,07,000,00,2,1,02,A01
200600053840,0,07,000,00,2,4,02,B01
200600053841,0,02,000,01,0,1,01,A01
200600053842,0,07,000,00,2,1,02,A01
200600053842,0,07,000,00,2,4,02,B01
200600053843,0,07,000,00,2,3,01,A01
200600053843,0,01,000,00,2,1,01,B01
200600053844,0,33,000,00,0,0,01,A01
200600053845,0,07,000,00,2,1,02,A01
200600053845,0,07,000,00,2,4,01,B01
200600053846,0,02,000,00,2,2,12,A01
200600053846,0,07,000,00,2,8,01,B01
200600053847,0,07,000,00,2,1,02,A01
200600053847,0,07,000,00,2,4,01,B01
200600053848,0,07,000,00,2,1,02,A01
200600053848,0,07,000,00,2,4,02,B01
200600053849,0,07,000,00,1,3,01,A01
200600053850,0,07,000,00,2,2,02,A01
200600053850,0,07,000,00,2,6,02,B01
200600053851,0,07,000,00,2,1,01,A01
200600053851,0,07,000,07,2,2,01,B01
200600053852,0,07,000,00,2,2,20,A01
200600053852,0,33,000,00,2,8,01,B01
200600053853,0,02,000,00,2,1,18,A01
200600053853,0,33,000,00,2,2,16,B01
200600053854,0,02,000,00,2,3,11,A01
200600053854,0,07,000,00,2,7,01,B01
200600053855,0,07,000,00,1,6,20,A01
200600053856,0,07,000,00,2,1,01,A01
200600053856,0,07,000,00,2,3,01,B01
200600053857,0,02,000,00,2,1,17,A01
200600053857,0,07,000,00,2,3,15,B01
200600053858,0,02,000,00,2,3,02,A01
200600053858,1,07,000,00,2,2,02,B01
200600053859,0,01,000,00,1,1,01,A01
200600053860,0,07,000,00,2,1,02,A01
200600053860,0,33,000,00,2,4,02,B01
200600053861,0,02,000,00,2,3,01,B01
200600053861,0,07,000,00,2,2,01,A01
200600053862,0,07,000,00,2,1,02,A01
200600053862,0,07,000,00,2,4,02,B01
200600053862,0,07,000,00,2,4,02,C01
200600053863,0,07,000,00,2,2,15,A01
200600053863,0,07,000,00,2,1,01,B01
200600053864,0,07,000,00,2,1,15,A01
200600053864,0,02,000,00,2,1,01,B01
200600053865,0,02,000,00,2,1,02,A01
200600053865,0,10,000,00,2,4,02,B01
200600053866,0,01,000,00,2,1,02,A01
200600053866,0,01,000,00,2,8,21,B01
200600053867,0,30,000,00,2,2,13,A01
200600053867,0,07,000,00,2,3,17,B01
200600053868,0,07,000,00,2,3,13,A01
200600053868,0,33,000,00,2,7,02,B01
200600053869,0,02,000,01,0,1,01,A01
200600053870,0,07,000,02,0,7,01,A01
200600053871,0,02,000,00,2,1,05,A01
200600053871,0,07,000,00,2,1,16,B01
200600053872,0,07,000,00,2,1,15,A01
200600053872,0,07,000,00,2,1,01,B01
200600053873,0,30,000,08,0,0,14,A01
200600053874,0,07,000,00,1,2,01,A01
200600053875,0,07,000,13,0,4,11,A01
200600053876,1,07,000,00,9,3,00,A01
200600053876,0,01,000,00,2,0,00,B01
200600053877,0,07,000,00,1,7,01,A01
200600053878,0,07,000,00,2,4,02,B01
200600053878,0,07,000,00,2,1,02,A01
200600053879,0,07,000,00,1,4,23,B01
200600053879,0,07,000,14,0,1,16,A01
200600053880,0,02,000,00,2,1,01,B01
200600053880,0,07,000,00,2,2,15,A01
200600053881,0,07,000,00,1,1,01,A01
200600053882,0,33,000,00,2,1,01,B01
200600053882,0,07,000,00,2,8,09,A01
200600053883,0,30,000,00,1,1,01,A01
200600053884,0,07,000,00,2,5,23,B01
200600053884,0,30,000,00,2,1,02,A01
200600053885,0,10,000,00,2,6,01,B01
200600053885,0,33,000,00,2,6,11,A01
200600053886,0,30,000,12,0,7,01,A01
200600053887,0,02,000,00,2,1,01,B01
200600053887,0,07,000,00,2,8,15,A01
200600053888,0,07,000,00,1,3,15,A01
200600053889,0,07,000,00,2,1,02,A01
200600053889,0,07,000,00,0,4,15,B01
200600053890,2,07,000,00,2,1,01,A01
200600053890,0,07,000,00,2,9,01,B01
200600053890,0,07,000,00,2,4,15,C01
200600053891,0,07,000,00,2,1,01,A01
200600053891,0,07,000,00,2,4,23,B01
200600053892,0,05,000,00,9,1,18,A01
200600053892,0,07,000,00,0,5,00,B01
200600053893,0,07,000,00,2,1,05,A01
200600053893,0,07,000,00,2,3,01,B01
200600053894,0,07,000,00,1,4,20,A01
200600053895,0,07,000,00,2,1,01,A01
200600053895,0,07,000,00,2,3,01,B01
200600053895,0,07,000,00,2,1,01,C01
200600053896,0,07,000,00,2,1,15,A01
200600053896,0,07,000,00,2,1,01,B01
200600053897,0,07,000,00,0,1,01,A01
200600053897,0,07,000,00,2,4,15,B01
200600053898,0,02,000,00,2,1,21,A01
200600053898,0,07,000,00,2,1,15,B01
200600053899,0,07,000,06,2,3,01,A01
200600053900,0,07,000,16,0,1,01,A01
200600053901,0,20,000,00,2,0,24,A01
200600053901,0,15,000,00,2,5,01,B01
200600053902,0,07,000,00,2,1,01,A01
200600053902,0,07,000,00,2,4,01,B01
200600053903,0,07,000,00,0,1,01,A01
200600053904,0,07,000,00,2,1,01,A01
200600053904,0,07,000,00,2,3,01,B01
200600053905,0,07,000,00,2,2,01,B01
200600053905,0,01,000,00,2,1,09,A01
200600053906,0,05,000,00,2,1,01,B01
200600053906,0,07,000,00,2,1,15,A01
200600053907,0,07,000,00,2,4,02,B01
200600053907,0,07,000,00,2,2,02,A01
200600053908,0,14,000,01,0,1,01,A01
200600053908,0,07,000,01,0,1,01,B01
200600053908,0,03,000,01,0,1,01,C01
200600053908,0,07,000,00,2,4,01,D01
200600053909,0,07,000,00,1,2,01,A01
200600053910,0,07,000,00,2,1,01,A01
200600053910,0,07,000,00,2,4,23,B01
200600053910,0,07,000,00,2,4,23,C01
200600053911,0,04,000,00,2,7,01,B01
200600053911,0,07,000,00,2,2,15,A01
200600053912,0,07,000,00,2,1,15,A01
200600053912,0,07,000,00,0,4,15,B01
200600053913,0,07,000,00,1,2,01,A01
200600053914,0,07,000,00,2,1,01,A01
200600053914,0,07,000,00,0,4,23,B01
200600053915,1,07,000,00,2,8,11,A01
200600053915,0,04,000,00,2,7,17,B01
200600053916,0,07,000,00,2,3,00,A01
200600053916,0,18,000,00,2,8,00,B01
200600053917,1,04,000,00,1,0,00,A01
200600053918,0,04,000,00,0,1,01,A01
200600053918,0,07,000,00,0,4,02,B01
200600053919,0,02,000,00,2,3,18,A01
200600053919,0,07,000,00,0,2,02,B01
200600053920,0,05,000,00,2,2,02,A01
200600053920,0,07,000,00,0,6,15,B01
200600053921,0,05,000,00,2,1,02,A01
200600053921,0,07,000,00,0,4,16,B01
200600053922,0,18,000,00,9,2,07,B01
200600053922,0,01,000,00,2,1,19,A01
200600053923,0,07,000,00,0,3,09,A01
200600053924,0,07,000,00,2,2,15,B01
200600053924,0,02,000,00,2,3,18,A01
200600053925,0,07,000,00,2,3,15,A01
200600053925,0,07,000,00,2,1,02,B01
200600053926,0,07,000,00,2,1,02,A01
200600053926,0,07,000,00,2,4,02,B01
200600053926,0,07,000,00,0,4,02,C01
200600053927,0,07,000,00,2,1,09,A01
200600053927,0,05,000,00,2,7,01,B01
200600053928,0,07,000,00,0,8,11,A01
200600053928,0,07,000,00,2,2,01,B01
200600053929,0,07,000,00,2,1,02,A01
200600053929,0,05,000,00,2,9,02,B01
200600053929,0,07,000,00,2,4,02,C01
200600053930,0,05,000,00,0,8,01,A01
200600053931,0,05,000,00,0,7,01,B01
200600053931,0,07,000,00,0,1,09,A01
200600053931,0,07,000,00,0,8,00,C01
200600053932,0,07,000,00,1,1,00,A01
200600053933,0,10,000,08,0,1,00,A01
200600053934,0,07,000,01,0,3,11,A01
200600053934,0,33,000,00,2,1,02,B01
200600053935,0,07,000,00,2,1,02,A01
200600053935,0,07,000,00,2,4,02,B01
200600053936,0,07,000,14,0,3,01,A01
200600053937,0,05,000,00,0,1,01,A01
200600053938,0,99,000,00,2,1,01,A01
200600053938,0,07,000,00,2,1,01,B01
200600053939,0,07,000,00,2,1,01,A01
200600053939,0,07,000,00,2,1,01,B01
200600053940,0,07,000,00,2,3,01,A01
200600053940,0,07,000,00,0,4,01,B01
200600053941,0,07,000,00,2,3,01,B01
200600053941,0,07,000,00,2,3,13,A01
200600053942,0,07,000,00,2,2,01,A01
200600053942,0,02,000,00,0,4,23,B01
200600053943,0,07,000,00,1,1,15,A01
200600053944,0,07,000,00,2,1,01,A01
200600053944,0,07,000,00,0,4,23,B01
200600053945,0,07,000,00,2,1,01,A01
200600053945,0,07,000,00,2,4,01,B01
200600053945,0,07,000,00,2,4,01,C01
200600053946,0,07,000,00,2,2,16,A01
200600053946,0,01,000,00,0,1,01,B01
200600053947,0,07,000,00,1,2,09,A01
200600053948,0,07,000,00,2,2,02,A01
200600053948,0,01,000,00,2,1,11,B01
200600053949,0,10,000,00,2,5,04,A01
200600053949,0,07,000,00,2,1,02,B01
200600053950,0,07,000,00,2,1,15,A01
200600053950,0,07,000,00,2,1,01,B01
200600053951,0,33,000,00,2,1,01,B01
200600053951,0,07,000,00,2,3,01,A01
200600053952,0,02,000,00,2,1,02,A01
200600053952,0,07,000,00,2,3,11,B01
200600053953,0,07,000,00,2,1,01,A01
200600053953,0,07,000,00,2,4,02,B01
200600053954,0,30,000,00,2,3,09,A01
200600053954,0,07,000,00,2,2,01,B01
200600053955,0,07,000,00,2,1,15,A01
200600053955,0,07,000,00,2,3,01,B01
200600053956,0,30,000,00,2,1,02,B01
200600053956,0,07,000,00,2,3,09,A01
200600053957,0,31,000,00,2,8,11,A01
200600053957,0,07,000,00,2,5,02,B01
200600053958,0,07,000,00,1,1,02,A01
200600053959,0,07,000,00,2,2,15,A01
200600053959,0,33,000,00,2,1,01,B01
200600053960,0,07,000,00,2,3,15,A01
200600053960,0,01,000,00,2,1,01,B01
200600053961,0,07,000,00,2,1,03,A01
200600053961,0,07,000,00,2,3,02,B01
200600053962,0,07,000,00,1,5,02,A01
200600053963,0,07,000,00,2,3,09,A01
200600053963,0,33,000,00,2,2,02,B01
200600053964,0,07,000,00,2,7,16,A01
200600053964,0,02,000,00,2,8,18,B01
200600053965,0,07,000,00,2,7,02,B01
200600053965,0,07,000,00,2,1,09,A01
200600053966,0,07,000,00,2,5,10,A01
200600053966,0,07,000,00,2,1,02,B01
200600053967,0,07,000,09,0,8,02,A01
200600053968,0,07,000,00,2,1,01,A01
200600053968,0,01,000,00,2,8,15,B01
200600053969,0,07,000,10,0,6,02,A01
200600053970,0,07,000,00,2,1,01,A01
200600053970,0,33,000,00,2,4,23,B01
200600053971,0,02,000,00,2,1,01,A01
200600053971,0,07,000,00,2,2,01,B01
200600053972,0,07,000,00,2,1,01,A01
200600053972,0,07,000,00,2,3,01,B01
200600053973,0,33,000,00,2,1,01,A01
200600053973,0,10,000,00,2,4,23,B01
200600053974,0,07,000,00,1,1,01,A01
200600053975,0,33,000,00,2,1,01,A01
200600053975,0,33,000,00,2,4,01,B01
200600053976,0,07,000,00,1,1,01,A01
200600053977,0,07,000,00,2,2,15,A01
200600053977,0,33,000,00,2,1,01,B01
200600053978,0,07,000,00,1,1,01,A01
200600053979,0,07,000,00,2,1,01,A01
200600053979,0,07,000,00,2,5,15,B01
200600053980,0,07,000,00,2,2,01,B01
200600053980,0,07,000,00,2,1,01,A01
200600053981,0,07,000,08,1,1,01,A01
200600053982,0,33,000,00,0,1,01,A01
200600053983,0,01,000,00,2,1,01,B01
200600053983,0,14,000,00,2,8,15,A01
200600053984,0,07,000,00,2,7,01,A01
200600053984,0,01,000,00,2,5,01,B01
200600053985,0,01,000,00,0,0,01,A01
200600053986,0,07,000,16,0,0,01,A01
200600053987,0,01,000,00,2,4,01,B01
200600053987,0,07,000,00,2,2,01,A01
200600053988,0,07,000,00,2,1,01,A01
200600053988,0,07,000,00,2,4,01,B01
200600053989,0,07,000,00,2,5,09,A01
200600053989,0,02,000,00,2,1,03,B01
200600053990,0,07,000,00,2,4,04,A01
200600053990,0,31,000,00,2,1,01,B01
200600053991,0,07,000,00,0,1,01,A01
200600053992,0,07,000,00,2,1,13,A01
200600053992,0,15,000,00,2,1,01,B01
200600053993,0,07,000,00,2,8,10,A01
200600053993,0,07,000,00,2,1,11,B01
200600053994,0,21,000,00,2,8,15,A01
200600053994,0,02,000,00,2,1,01,B01
200600053995,0,07,000,00,2,3,11,A01
200600053995,0,01,000,00,2,2,00,B01
200600053996,0,33,000,00,2,1,01,A01
200600053996,0,07,000,00,2,3,15,B01
200600053997,0,07,000,00,1,4,04,A01
200600053998,1,07,000,00,0,0,19,A01
200600053998,0,07,000,13,0,0,21,B01
200600053999,0,38,001,00,2,1,02,A01
200600053999,0,15,000,00,2,0,00,B01
200600054000,0,15,000,12,0,2,16,A01
200600054001,0,07,000,00,1,2,01,A01
200600054002,0,07,000,00,1,1,01,A01
200600054003,2,07,000,00,2,1,01,A01
200600054003,0,07,000,00,2,1,01,B01
200600054004,0,07,000,00,2,1,01,A01
200600054004,0,07,000,00,2,3,16,B01
200600054005,0,30,000,00,2,7,01,A01
200600054005,0,07,000,00,2,4,00,B01
200600054006,0,07,000,00,2,0,01,B01
200600054006,0,07,000,00,2,0,09,A01
200600054007,0,07,000,00,2,3,15,B01
200600054007,0,01,000,00,2,1,16,A01
200600054008,1,37,000,00,1,0,00,A01
200600054009,0,30,000,00,2,1,17,A01
200600054009,0,07,000,00,2,8,15,B01
200600054010,0,07,000,09,0,1,01,A01
200600054011,0,07,000,00,2,1,01,A01
200600054011,0,30,000,00,2,4,01,B01
200600054012,0,10,000,09,1,1,01,A01
200600054013,0,02,000,00,1,1,16,A01
200600054014,0,07,000,02,0,1,01,A01
200600054015,0,07,000,00,2,1,01,A01
200600054015,0,07,000,00,2,6,01,B01
200600054016,0,33,000,00,2,7,17,A01
200600054016,0,07,000,00,2,4,15,B01
200600054017,0,07,000,06,0,1,01,A01
200600054018,0,33,000,00,2,4,04,A01
200600054018,0,02,000,00,2,1,01,B01
200600054019,0,30,000,00,2,1,01,A01
200600054019,0,07,000,00,2,1,15,B01
200600054020,0,33,000,07,0,1,01,A01
200600054021,0,07,000,07,0,1,01,A01
200600054022,0,07,000,00,2,3,15,A01
200600054022,0,33,000,00,2,1,17,B01
200600054023,0,07,000,00,2,3,11,A01
200600054023,0,07,000,00,2,3,01,B01
200600054024,0,07,000,15,2,1,01,A01
200600054024,0,38,030,00,2,3,01,B01
200600054025,0,07,000,00,1,4,20,A01
200600054026,0,07,000,00,2,1,13,A01
200600054026,0,07,000,00,2,1,01,B01
200600054027,0,07,000,00,2,2,09,A01
200600054027,0,07,000,00,2,1,01,B01
200600054028,0,10,000,00,2,3,15,B01
200600054028,0,02,000,00,2,1,01,A01
200600054029,0,33,000,00,0,0,01,A01
200600054030,0,10,000,00,2,2,15,A01
200600054030,0,07,000,00,2,1,01,B01
200600054031,0,07,000,00,2,3,10,A01
200600054031,0,07,000,00,2,2,02,B01
200600054032,0,33,000,00,0,0,01,A01
200600054033,0,07,000,00,0,9,14,A01
200600054034,0,32,000,00,2,8,01,B01
200600054034,0,07,000,00,2,2,15,A01
200600054035,0,07,000,00,2,2,01,A01
200600054035,0,01,000,00,2,3,19,B01
200600054036,0,07,000,00,2,2,02,A01
200600054036,0,07,000,00,2,4,02,B01
200600054036,0,07,000,00,2,5,02,C01
200600054037,0,07,000,00,2,4,01,B01
200600054037,0,07,000,00,2,1,01,A01
200600054038,0,07,000,00,2,1,13,A01
200600054038,0,07,000,00,2,3,01,B01
200600054039,0,07,000,00,1,4,04,A01
200600054040,0,07,000,00,1,3,15,A01
200600054041,0,07,000,00,2,1,01,A01
200600054041,0,07,000,00,2,4,01,B01
200600054041,0,07,000,00,2,4,01,C01
200600054042,0,07,000,00,2,1,01,A01
200600054042,0,07,000,00,2,4,01,B01
200600054043,0,30,000,00,2,8,01,B01
200600054043,1,07,000,00,2,1,01,A01
200600054044,0,07,000,00,2,1,15,A01
200600054044,0,07,000,00,2,6,01,B01
200600054045,0,02,000,00,2,3,17,A01
200600054046,0,33,000,00,2,1,01,A01
200600054046,0,07,000,00,2,1,01,B01
200600054047,0,07,000,13,0,9,01,A01
200600054048,0,07,000,00,2,2,09,A01
200600054048,0,07,000,00,2,3,01,B01
200600054049,0,33,000,00,2,1,17,A01
200600054049,0,07,000,00,2,3,15,B01
200600054050,0,30,000,00,2,8,01,B01
200600054050,0,07,000,00,2,1,15,A01
200600054051,0,07,000,00,2,7,01,A01
200600054051,0,07,000,00,2,6,01,B01
200600054052,0,30,000,00,2,9,13,A01
200600054052,0,07,000,00,2,8,09,B01
200600054053,0,07,000,14,0,2,01,A01
200600054054,0,07,000,00,2,3,02,A01
200600054054,0,07,000,00,2,5,02,B01
200600054055,0,07,000,00,2,3,01,A01
200600054055,0,34,000,00,2,8,01,B01
200600054056,0,30,000,00,2,1,01,A01
200600054056,0,07,000,00,2,1,01,B01
200600054057,0,38,015,00,1,3,01,B01
200600054058,0,07,000,00,2,1,02,A01
200600054058,0,07,000,00,2,4,02,B01
200600054058,0,07,000,00,2,4,02,C01
200600054059,0,30,000,00,2,6,02,A01
200600054059,0,17,000,00,2,0,00,B01
200600054060,0,07,000,00,2,1,01,A01
200600054060,0,07,000,00,2,4,01,B01
200600054061,0,33,000,00,2,8,03,A01
200600054061,0,07,000,00,2,1,01,B01
200600054062,0,07,000,01,2,3,01,A01
200600054062,0,07,000,00,2,1,01,B01
200600054063,0,07,000,00,2,9,19,A01
200600054063,0,07,000,00,2,1,01,B01
200600054063,0,10,000,00,2,1,01,C01
200600054064,0,02,000,00,2,0,17,A01
200600054064,0,07,000,00,2,3,09,B01
200600054065,0,33,000,00,0,0,15,A01
200600054066,0,07,000,15,0,7,01,A01
200600054067,0,07,000,03,0,1,01,A01
200600054068,0,07,000,00,2,8,01,A01
200600054068,0,07,000,00,2,1,01,B01
200600054069,0,07,000,00,1,3,15,A01
200600054070,0,31,000,00,1,1,01,A01
200600054071,0,07,000,00,2,1,01,A01
200600054071,0,07,000,00,2,1,01,B01
200600054072,0,07,000,00,2,5,00,A01
200600054072,0,07,000,00,2,0,00,B01
200600054072,0,07,000,00,2,1,02,C01
200600054073,0,30,000,00,2,7,03,B01