Num_Acc,senc,catv,occutc,obs,obsm,choc,manv,num_veh
200600054792,0,07,000,00,2,3,01,B01
200600054792,0,07,000,00,2,7,01,A01
200600054793,0,07,000,00,2,2,09,A01
200600054793,0,07,000,00,2,5,23,B01
200600054793,1,33,000,01,2,1,01,C01
200600054794,0,02,000,00,2,1,15,A01
200600054794,0,07,000,00,2,3,01,B01
200600054795,0,02,000,08,0,1,13,A01
200600054796,0,33,000,00,2,2,01,A01
200600054796,0,07,000,00,2,6,01,B01
200600054797,1,07,000,00,2,1,01,A01
200600054797,0,30,000,00,2,8,01,B01
200600054798,0,07,000,00,1,1,15,A01
200600054799,0,30,000,00,2,2,17,A01
200600054799,0,07,000,00,2,3,15,B01
200600054800,0,30,000,00,0,0,21,B01
200600054800,1,07,000,00,0,0,15,A01
200600054801,0,02,000,06,0,1,13,A01
200600054802,0,30,000,00,2,1,01,B01
200600054802,0,07,000,00,2,3,09,A01
200600054803,0,32,000,00,2,2,17,A01
200600054803,0,07,000,00,2,8,15,B01
200600054804,0,07,000,03,2,3,13,A01
200600054804,0,07,000,00,2,2,02,B01
200600054805,0,07,000,15,0,2,14,A01
200600054806,0,07,000,00,0,1,01,A01
200600054806,0,07,000,00,2,4,00,B01
200600054806,0,07,000,00,2,8,00,C01
200600054807,0,30,000,00,2,1,15,A01
200600054807,0,07,000,00,2,6,15,B01
200600054808,0,07,000,00,2,2,09,A01
200600054808,0,02,000,00,2,1,01,B01
200600054809,0,10,000,00,2,3,15,A01
200600054809,0,02,000,00,2,1,01,B01
200600054810,0,07,000,00,2,4,02,A01
200600054810,0,02,000,00,2,4,23,B01
200600054811,1,07,000,00,2,1,00,A01
200600054811,0,02,000,00,2,4,01,B01
200600054812,0,02,000,00,0,0,14,A01
200600054813,0,07,000,00,2,2,15,A01
200600054813,0,07,000,13,2,1,01,B01
200600054814,0,07,000,00,1,7,01,A01
200600054815,0,07,000,00,2,7,15,A01
200600054815,0,07,000,00,2,1,01,B01
200600054816,0,33,000,01,0,8,01,A01
200600054817,0,02,000,00,2,1,01,B01
200600054817,0,07,000,00,2,8,15,A01
200600054818,0,02,000,14,0,1,02,A01
200600054819,0,07,000,00,2,1,01,B01
200600054819,0,02,000,00,2,1,19,A01
200600054820,0,07,000,00,9,7,00,A01
200600054820,0,01,000,00,2,1,19,B01
200600054821,0,07,000,00,1,1,00,A01
200600054822,0,07,000,00,0,5,00,A01
200600054822,0,02,000,00,2,0,00,B01
200600054823,0,17,000,03,0,3,00,A01
200600054824,0,07,000,00,2,5,09,A01
200600054824,0,30,000,00,2,1,02,B01
200600054825,0,37,001,00,1,7,00,A01
200600054826,0,01,000,00,1,1,00,A01
200600054827,0,07,000,00,2,3,09,A01
200600054827,0,10,000,00,2,2,00,B01
200600054828,0,02,000,00,2,2,01,B01
200600054828,0,07,000,00,9,3,15,A01
200600054829,0,02,000,00,2,1,00,A01
200600054829,0,07,000,00,2,5,01,B01
200600054830,0,07,000,00,2,1,01,A01
200600054830,0,01,000,00,2,3,19,B01
200600054831,0,07,000,01,2,5,01,B01
200600054831,0,07,000,00,2,4,00,C01
200600054831,2,07,000,00,2,1,02,A01
200600054832,0,07,000,00,2,2,01,B01
200600054832,0,02,000,00,2,1,15,A01
200600054833,0,07,000,00,1,1,01,A01
200600054834,0,37,015,09,2,3,00,A01
200600054834,0,07,000,09,2,5,11,B01
200600054835,0,07,000,03,0,1,01,A01
200600054836,0,07,000,00,2,5,01,A01
200600054836,0,02,000,00,2,1,01,B01
200600054837,0,14,000,03,0,3,13,A01
200600054837,0,15,000,00,9,2,01,B01
200600054837,0,07,000,03,0,8,01,C01
200600054838,0,07,000,09,2,7,11,A01
200600054838,0,33,000,09,2,1,01,B01
200600054839,0,07,000,00,1,1,01,A01
200600054840,0,07,000,08,0,1,15,A01
200600054841,0,07,000,00,2,2,15,A01
200600054841,0,02,000,00,2,1,01,B01
200600054841,0,02,000,00,2,1,01,C01
200600054842,0,07,000,00,2,5,01,A01
200600054842,0,33,000,00,2,1,01,B01
200600054843,0,07,000,00,2,8,01,A01
200600054843,0,07,000,00,2,1,01,B01
200600054844,0,07,000,00,2,7,15,A01
200600054844,0,07,000,00,2,1,01,B01
200600054845,0,10,000,00,1,7,01,A01
200600054846,0,07,000,00,2,1,01,A01
200600054846,0,07,000,00,2,3,15,B01
200600054847,0,07,000,00,2,1,01,B01
200600054847,0,07,000,00,2,8,01,A01
200600054848,0,02,000,00,0,1,00,A01
200600054849,0,07,000,00,1,1,01,A01
200600054850,0,07,000,00,2,1,17,A01
200600054850,0,07,000,00,2,1,02,B01
200600054851,0,07,000,13,0,1,01,A01
200600054852,2,30,000,00,1,1,17,A01
200600054853,0,07,000,00,1,1,01,A01
200600054854,0,01,000,00,2,1,01,B01
200600054854,0,07,000,00,9,6,16,A01
200600054855,0,10,000,00,2,4,15,B01
200600054856,0,10,000,00,2,8,01,B01
200600054856,0,33,000,00,2,1,21,C01
200600054856,0,07,000,00,2,8,15,A01
200600054857,0,33,000,00,2,1,01,B01
200600054857,0,07,000,00,2,3,09,A01
200600054858,0,07,000,00,2,7,15,A01
200600054858,0,07,000,00,2,1,01,B01
200600054859,0,30,000,00,2,1,01,B01
200600054859,0,07,000,00,2,5,15,A01
200600054860,0,14,000,03,2,1,00,B01
200600054860,0,07,000,00,2,3,05,A01
200600054861,0,31,000,00,2,1,15,A01
200600054861,0,07,000,00,2,1,01,B01
200600054862,0,07,000,00,1,1,01,A01
200600054863,0,07,000,00,2,2,10,A01
200600054863,0,33,000,00,2,1,01,B01
200600054864,0,07,000,00,2,1,15,A01
200600054864,0,01,000,00,2,1,01,B01
200600054865,0,07,000,00,2,2,01,A01
200600054865,0,07,000,00,2,7,15,B01
200600054866,0,07,000,00,2,2,15,A01
200600054866,0,33,000,00,2,1,01,B01
200600054867,0,07,000,00,1,1,01,A01
200600054868,0,07,000,00,2,4,23,A01
200600054868,1,07,000,00,2,0,16,B01
200600054869,0,01,000,00,2,1,19,A01
200600054869,0,10,000,00,2,3,16,B01
200600054870,0,02,000,00,2,1,13,A01
200600054870,0,37,030,00,2,3,01,B01
200600054871,0,31,000,00,2,1,17,A01
200600054871,0,07,000,00,2,3,15,B01
200600054872,0,07,000,00,2,1,01,A01
200600054872,0,07,000,00,2,4,01,B01
200600054873,0,07,000,00,1,1,01,A01
200600054874,0,10,000,00,2,2,01,A01
200600054874,0,07,000,00,2,6,16,B01
200600054875,0,07,000,00,2,8,01,A01
200600054875,0,07,000,00,2,1,01,B01
200600054876,0,33,000,00,2,1,17,A01
200600054876,0,07,000,00,2,8,15,B01
200600054877,0,02,000,00,2,1,02,A01
200600054877,0,07,000,00,2,4,23,B01
200600054878,0,07,000,00,2,8,01,B01
200600054878,0,07,000,00,2,1,01,A01
200600054879,0,07,000,00,2,8,10,A01
200600054879,0,33,000,00,2,1,01,B01
200600054880,0,01,000,01,0,1,01,B01
200600054880,0,07,000,00,2,3,22,A01
200600054881,0,02,000,00,2,1,01,A01
200600054881,0,02,000,00,2,4,01,B01
200600054882,0,33,000,00,2,2,15,A01
200600054882,0,07,000,00,2,1,09,B01
200600054883,0,01,000,00,2,5,19,A01
200600054883,0,07,000,00,2,1,16,B01
200600054884,0,07,000,00,0,6,10,A01
200600054884,0,33,000,00,2,1,21,B01
200600054885,0,02,000,00,2,7,01,B01
200600054885,0,07,000,00,2,3,09,A01
200600054886,0,07,000,00,2,7,11,A01
200600054886,0,07,000,00,2,7,17,B01
200600054887,0,07,000,00,2,8,24,A01
200600054887,0,01,000,01,0,1,01,B01
200600054888,0,07,000,00,2,1,02,A01
200600054888,0,07,000,00,2,4,02,B01
200600054888,0,07,000,00,2,4,02,C01
200600054889,0,02,000,00,2,1,07,A01
200600054889,0,07,000,00,2,3,15,B01
200600054890,1,07,000,00,2,0,10,A01
200600054890,0,07,000,00,2,3,01,B01
200600054891,0,02,000,00,1,1,09,A01
200600054892,1,07,000,00,0,0,00,A01
200600054893,0,07,000,00,2,2,15,A01
200600054893,0,30,000,00,2,1,01,B01
200600054894,0,07,000,00,2,1,01,A01
200600054894,0,07,000,00,2,4,01,B01
200600054895,0,07,000,00,2,3,10,A01
200600054895,0,33,000,00,2,1,01,B01
200600054896,0,07,000,00,2,4,23,B01
200600054896,0,13,000,00,2,1,02,A01
200600054896,0,10,000,00,0,4,23,C01
200600054897,0,07,000,01,0,7,01,A01
200600054897,0,07,000,00,2,8,24,B01
200600054898,0,07,000,00,2,6,15,A01
200600054898,0,33,000,00,2,1,01,B01
200600054899,0,07,000,00,1,1,01,A01
200600054900,0,07,000,00,2,1,01,A01
200600054900,0,07,000,00,2,4,01,B01
200600054901,0,07,000,00,2,1,10,B01
200600054901,0,07,000,00,2,8,09,A01
200600054902,0,07,000,00,2,1,01,A01
200600054902,0,07,000,00,2,1,01,B01
200600054903,0,02,000,00,2,2,15,A01
200600054903,0,02,000,00,2,3,01,B01
200600054904,0,07,000,08,0,1,01,A01
200600054905,0,10,000,00,2,8,22,A01
200600054905,0,01,000,01,0,1,01,B01
200600054906,0,07,000,00,2,1,15,A01
200600054906,0,07,000,00,2,7,01,B01
200600054907,0,02,000,01,2,3,01,A01
200600054907,0,07,000,00,2,1,01,B01
200600054908,0,33,000,00,2,1,02,A01
200600054908,0,10,000,00,2,4,02,B01
200600054909,0,07,000,00,1,3,01,A01
200600054910,0,07,000,00,1,1,01,A01
200600054911,0,07,000,00,2,1,01,A01
200600054911,0,02,000,00,2,4,01,B01
200600054911,0,07,000,00,2,4,01,C01
200600054912,0,07,000,08,0,1,01,A01
200600054913,0,07,000,00,2,3,10,A01
200600054913,0,30,000,00,2,1,01,B01
200600054914,0,07,000,00,1,1,15,A01
200600054915,0,07,000,00,2,2,15,A01
200600054915,0,01,000,00,2,1,01,B01
200600054916,0,07,000,00,0,3,01,B01
200600054916,0,07,000,00,2,1,19,A01
200600054917,0,10,000,00,2,1,15,A01
200600054917,0,07,000,00,2,3,01,B01
200600054917,0,07,000,12,0,8,23,C01
200600054918,0,07,000,00,0,4,23,B01
200600054918,1,07,000,00,2,1,02,A01
200600054919,0,07,000,00,1,3,00,A01
200600054920,0,07,000,02,0,0,00,A01
200600054921,0,02,000,00,2,1,01,A01
200600054921,0,07,000,00,2,4,01,B01
200600054922,0,01,000,00,2,1,02,A01
200600054922,0,07,000,00,2,4,02,B01
200600054923,0,07,000,00,2,1,16,A01
200600054923,0,02,000,00,2,1,01,B01
200600054924,0,02,000,12,0,1,01,A01
200600054925,0,10,000,00,2,3,01,B01
200600054925,0,07,000,00,2,1,16,A01
200600054926,0,07,000,00,1,2,01,A01
200600054927,0,07,000,00,2,2,01,B01
200600054927,0,02,000,00,2,1,05,A01
200600054928,0,07,000,00,2,1,01,B01
200600054928,0,02,000,00,2,3,09,A01
200600054929,0,07,000,00,2,1,13,A01
200600054929,0,07,000,00,2,1,01,B01
200600054930,0,07,000,00,1,1,01,A01
200600054931,0,07,000,00,2,3,01,A01
200600054931,0,01,000,00,2,0,01,B01
200600054932,0,07,000,00,2,1,15,A01
200600054932,0,07,000,00,2,3,01,B01
200600054933,0,02,000,00,0,8,01,A01
200600054934,0,07,000,00,1,1,01,A01
200600054935,0,07,000,00,2,1,01,A01
200600054935,0,07,000,00,2,4,01,B01
200600054936,0,07,000,00,2,1,01,B01
200600054936,0,02,000,00,2,4,01,A01
200600054937,0,07,000,00,1,1,01,A01
200600054938,0,30,000,12,0,1,01,A01
200600054939,1,07,000,00,2,0,01,A01
200600054939,0,02,000,00,2,8,01,B01
200600054940,0,07,000,00,2,2,01,A01
200600054940,0,07,000,06,2,1,01,B01
200600054941,0,07,000,00,2,8,01,A01
200600054941,0,07,000,00,2,2,01,B01
200600054942,0,07,000,00,2,1,01,B01
200600054942,1,07,000,00,2,1,01,A01
200600054943,0,02,000,11,0,7,01,A01
200600054944,0,07,000,00,2,2,23,B01
200600054944,0,02,000,00,2,1,01,A01
200600054945,0,07,000,00,2,1,01,A01
200600054945,0,01,000,00,2,2,01,B01
200600054946,0,07,000,00,1,1,01,A01
200600054947,0,01,000,00,0,7,01,A01
200600054948,0,02,000,07,0,1,18,A01
200600054949,0,02,000,07,0,1,01,A01
200600054950,0,02,000,00,0,7,01,A01
200600054951,0,31,000,00,0,0,01,A01
200600054952,0,32,000,00,0,7,01,A01
200600054953,0,07,000,01,2,1,01,A01
200600054954,0,02,000,00,0,7,01,A01
200600054955,0,30,000,00,0,0,01,A01
200600054956,0,07,000,00,2,8,19,A01
200600054956,0,02,000,00,2,1,01,B01
200600054957,0,07,000,00,2,0,01,A01
200600054957,0,02,000,00,2,1,01,B01
200600054958,0,02,000,00,2,1,01,A01
200600054958,0,07,000,00,2,2,16,B01
200600054959,0,07,000,00,2,5,15,A01
200600054959,0,02,000,00,2,1,01,B01
200600054960,0,07,000,00,2,3,15,A01
200600054960,0,02,000,00,2,1,01,B01
200600054961,0,02,000,00,2,1,01,A01
200600054961,0,07,000,00,2,3,01,B01
200600054962,0,02,000,00,0,0,01,A01
200600054963,0,07,000,15,0,1,01,A01
200600054964,0,07,000,00,2,8,15,A01
200600054964,0,02,000,00,2,2,01,B01
200600054965,0,01,000,00,0,0,01,A01
200600054966,0,02,000,00,2,1,05,A01
200600054966,0,07,000,00,2,5,01,B01
200600054967,0,07,000,09,0,1,14,A01
200600054968,1,07,000,00,2,8,00,A01
200600054968,0,01,000,00,2,0,01,B01
200600054969,0,01,000,00,2,1,01,B01
200600054969,0,07,000,00,2,1,15,A01
200600054970,0,07,000,00,2,1,15,A01
200600054970,0,07,000,00,2,1,01,B01
200600054971,0,07,000,00,2,1,02,A01
200600054971,0,07,000,00,2,4,02,B01
200600054971,0,07,000,00,2,4,02,C01
200600054972,0,07,000,14,2,1,02,A01
200600054972,0,07,000,00,2,4,23,B01
200600054973,0,33,000,00,2,1,02,A01
200600054973,0,07,000,00,2,4,01,B01
200600054974,0,07,000,01,1,8,01,A01
200600054975,0,07,000,00,0,3,24,A01
200600054975,0,01,000,01,0,1,01,B01
200600054976,0,02,000,14,0,1,01,A01
200600054976,0,07,000,00,2,4,02,B01
200600054977,0,07,000,00,2,1,15,A01
200600054977,0,01,000,00,2,1,01,B01
200600054978,0,07,000,00,2,8,15,A01
200600054978,0,30,000,00,2,1,17,B01
200600054979,0,02,000,00,2,1,02,A01
200600054979,0,07,000,00,2,5,16,B01
200600054980,0,07,000,00,1,1,01,A01
200600054981,0,02,000,00,1,1,01,A01
200600054982,0,01,000,00,2,1,09,A01
200600054982,0,07,000,00,9,1,01,B01
200600054983,1,07,000,00,1,2,01,A01
200600054984,0,14,000,00,2,3,15,A01
200600054984,0,07,000,00,2,3,01,B01
200600054985,0,07,000,15,0,1,00,A01
200600054985,0,07,000,00,0,0,01,B01
200600054986,0,10,000,00,2,2,15,A01
200600054986,0,37,006,00,2,1,01,B01
200600054987,0,07,000,00,2,7,15,A01
200600054987,0,33,000,00,2,1,01,B01
200600054988,0,07,000,00,2,3,09,A01
200600054988,0,33,000,00,2,1,01,B01
200600054989,0,01,000,00,2,1,00,A01
200600054990,1,07,000,00,2,3,11,A01
200600054990,0,33,000,00,2,7,01,B01
200600054991,0,30,000,00,1,1,01,A01
200600054992,0,07,000,01,1,6,20,A01
200600054993,0,10,000,00,1,1,15,A01
200600054994,1,07,000,00,2,1,02,A01
200600054994,0,07,000,00,2,4,01,B01
200600054995,0,07,000,00,2,2,01,B01
200600054995,0,02,000,00,2,1,15,A01
200600054996,0,02,000,00,2,7,00,A01
200600054996,0,07,000,00,2,3,00,B01
200600054997,2,07,000,00,2,0,15,A01
200600054997,0,33,000,16,0,2,01,B01
200600054998,0,10,000,00,1,1,01,A01
200600054999,0,15,000,00,2,1,11,A01
200600054999,0,07,000,00,2,6,01,B01
200600055000,1,07,000,00,1,1,01,A01
200600055001,0,07,000,00,2,2,02,A01
200600055001,0,07,000,00,2,4,02,B01
200600055002,0,02,000,00,2,1,02,A01
200600055002,0,07,000,00,2,6,15,B01
200600055003,0,07,000,00,2,2,15,A01
200600055003,0,31,000,00,2,3,01,B01
200600055004,0,02,000,00,2,1,02,A01
200600055004,0,07,000,00,2,4,01,B01
200600055005,0,02,000,00,2,1,02,A01
200600055005,0,07,000,00,2,5,01,B01
200600055006,0,31,000,00,2,1,02,A01
200600055006,0,10,000,00,2,5,01,B01
200600055007,0,07,000,00,2,0,01,A01
200600055008,0,17,000,00,2,2,15,A01
200600055008,0,07,000,00,2,1,02,B01
200600055009,0,02,000,00,2,0,01,A01
200600055009,0,07,000,00,2,2,01,B01
200600055010,0,07,000,00,2,3,09,A01
200600055010,0,33,000,00,2,1,01,B01
200600055011,0,14,000,00,1,7,01,A01
200600055012,0,07,000,00,2,0,02,A01
200600055012,0,07,000,00,2,4,02,B01
200600055013,0,33,000,00,2,8,13,A01
200600055013,0,07,000,00,2,1,01,B01
200600055014,0,07,000,00,2,8,11,A01
200600055014,0,30,000,00,2,7,01,B01
200600055015,0,02,000,00,2,1,16,A01
200600055015,0,07,000,00,2,8,01,B01
200600055016,0,07,000,00,2,1,11,A01
200600055016,0,07,000,00,2,8,01,B01
200600055017,0,07,000,00,2,1,01,B01
200600055018,0,02,000,00,2,8,01,B01
200600055018,0,07,000,00,2,5,17,A01
200600055019,0,02,000,00,2,1,01,A01
200600055019,0,07,000,00,2,3,15,B01
200600055020,0,07,000,00,2,2,15,A01
200600055020,0,01,000,00,2,1,18,B01
200600055020,0,10,000,00,0,0,23,C01
200600055021,0,07,000,00,1,1,01,A01
200600055022,0,07,000,00,2,1,01,B01
200600055022,0,07,000,00,2,3,15,A01
200600055023,0,33,000,12,0,1,01,A01
200600055024,0,07,000,00,1,1,01,A01
200600055025,0,07,000,00,2,3,13,A01
200600055025,0,07,000,00,2,3,01,B01
200600055025,0,07,000,15,0,1,01,C01
200600055026,0,33,000,01,0,1,01,A01
200600055026,0,07,000,00,2,4,24,B01
200600055027,0,07,000,00,1,4,20,A01
200600055028,0,07,000,00,2,1,01,A01
200600055028,0,07,000,00,2,4,01,B01
200600055029,0,02,000,00,0,0,00,A01
200600055030,0,07,000,00,2,2,01,A01
200600055030,0,07,000,00,2,3,01,B01
200600055031,0,02,000,00,2,8,15,A01
200600055031,0,07,000,00,2,2,17,B01
200600055032,0,02,000,00,2,1,01,A01
200600055032,0,07,000,00,2,8,15,B01
200600055033,0,07,000,00,2,1,15,A01
200600055033,0,31,000,00,2,1,00,B01
200600055034,0,02,000,00,2,1,02,A01
200600055034,0,07,000,00,2,4,02,B01
200600055035,0,07,000,00,2,1,02,A01
200600055035,0,07,000,00,2,9,02,B01
200600055035,0,07,000,00,2,4,02,C01
200600055036,0,33,000,12,0,1,01,A01
200600055037,0,07,000,00,2,8,10,A01
200600055037,0,33,000,00,2,1,01,B01
200600055038,0,07,000,00,2,7,01,A01
200600055038,0,99,000,00,2,1,19,B01
200600055039,0,07,000,00,1,3,01,A01
200600055040,0,02,000,00,2,1,18,A01
200600055040,0,07,000,00,2,5,20,B01
200600055041,0,07,000,00,2,1,15,A01
200600055041,0,02,000,00,2,1,01,B01
200600055042,0,07,000,00,2,1,02,A01
200600055042,0,07,000,00,2,4,02,B01
200600055043,1,07,000,00,1,3,00,A01
200600055043,0,07,000,00,2,3,00,B01
200600055043,0,07,000,00,2,8,02,C01
200600055044,0,07,000,00,1,3,01,A01
200600055045,0,07,000,00,0,2,01,A01
200600055045,0,02,000,00,2,1,01,B01
200600055046,0,20,000,00,1,3,01,A01
200600055047,0,01,000,00,2,4,00,B01
200600055047,0,07,000,00,2,1,01,A01
200600055048,0,07,000,00,1,1,01,A01
200600055049,0,07,000,00,1,1,16,A01
200600055050,0,07,000,00,0,7,16,A01
200600055050,0,33,000,00,2,1,02,B01
200600055051,0,07,000,00,2,1,01,A01
200600055051,0,33,000,00,0,4,15,B01
200600055052,0,07,000,00,2,3,17,A01
200600055052,0,02,000,00,2,1,01,B01
200600055053,0,07,000,00,0,0,01,A01
200600055053,0,07,000,00,0,4,01,B01
200600055053,0,02,000,00,2,1,01,C01
200600055053,0,02,000,00,2,1,01,D01
200600055054,0,02,000,00,2,2,17,B01
200600055054,0,02,000,00,2,1,15,A01
200600055055,0,02,000,00,2,8,01,B01
200600055055,0,13,000,00,2,7,01,A01
200600055056,0,07,000,03,0,8,01,A01
200600055057,0,07,000,00,1,3,01,A01
200600055058,0,01,000,00,2,8,01,A01
200600055058,1,02,000,00,2,1,01,B01
200600055059,1,07,000,00,2,3,00,A01
200600055059,0,02,000,00,2,1,01,B01
200600055060,0,07,000,00,2,5,02,A01
200600055060,0,01,000,00,2,3,01,B01
200600055061,0,07,000,00,9,3,01,A01
200600055061,1,07,000,00,0,0,00,B01
200600055062,0,07,000,00,2,1,15,A01
200600055062,0,33,000,00,0,8,01,B01
200600055063,0,07,000,00,1,1,20,A01
200600055064,0,07,000,00,1,1,01,A01
200600055065,0,07,000,00,2,1,13,A01
200600055065,0,07,000,00,2,1,01,B01
200600055066,0,07,000,00,2,3,01,A01
200600055066,0,07,000,00,2,3,15,B01
200600055067,0,38,010,00,2,3,01,B01
200600055067,0,02,000,00,2,3,21,A01
200600055067,0,10,000,00,9,6,01,C01
200600055068,0,02,000,00,2,1,16,A01
200600055068,0,38,015,00,9,5,01,B01
200600055069,0,02,000,00,9,1,15,A01
200600055069,0,30,000,00,9,8,01,B01
200600055070,0,07,000,00,1,1,02,A01
200600055071,0,07,000,00,1,1,01,A01
200600055072,0,07,000,00,1,3,02,A01
200600055073,0,07,000,00,1,2,01,A01
200600055074,0,07,000,00,2,2,15,A01
200600055074,0,07,000,00,2,1,01,B01
200600055075,0,07,000,00,2,8,09,A01
200600055075,0,02,000,00,2,1,01,B01
200600055076,0,07,000,00,2,1,01,A01
200600055076,0,02,000,14,0,1,01,B01
200600055077,0,02,000,00,0,8,15,A01
200600055078,0,07,000,00,1,1,01,B01
200600055079,0,10,000,00,1,3,01,A01
200600055080,0,07,000,00,1,1,01,A01
200600055081,1,07,000,09,2,0,00,A01
200600055081,0,07,000,00,2,8,00,B01
200600055081,0,07,000,00,2,8,00,C01
200600055082,0,07,000,00,2,1,15,B01
200600055082,0,02,000,00,2,1,11,A01
200600055083,0,07,000,00,2,1,01,A01
200600055083,0,07,000,00,2,7,01,B01
200600055084,0,02,000,00,1,1,01,A01
200600055085,0,07,000,00,9,1,15,A01
200600055085,0,02,000,00,2,1,01,B01
200600055086,0,07,000,00,2,3,20,A01
200600055086,0,33,000,00,2,2,02,B01
200600055087,0,10,000,00,2,0,15,A01
200600055087,0,31,000,00,2,1,02,B01
200600055088,0,03,000,00,2,5,01,A01
200600055088,0,07,000,00,2,2,16,B01
200600055089,0,07,000,00,2,1,01,A01
200600055089,0,07,000,00,2,1,19,B01
200600055090,0,33,000,00,0,0,01,A01
200600055091,1,07,000,00,1,1,01,A01
200600055092,0,02,000,00,2,1,01,A01
200600055092,0,07,000,00,1,4,01,B01
200600055093,0,07,000,00,0,0,23,B01
200600055093,0,07,000,00,1,1,01,A01
200600055094,0,10,000,00,2,3,01,A01
200600055094,0,10,000,00,2,2,01,B01
200600055095,0,02,000,01,0,7,01,A01
200600055096,0,07,000,00,1,4,04,A01
200600055097,0,02,000,00,2,7,01,B01
200600055097,0,07,000,00,2,1,15,A01
200600055098,0,07,000,00,2,5,15,A01
200600055098,0,02,000,00,2,1,01,B01
200600055099,0,07,000,00,2,1,01,A01
200600055099,0,07,000,00,2,7,16,B01
200600055100,0,07,000,00,1,3,01,A01
200600055101,0,07,000,00,2,1,17,A01
200600055101,0,37,026,00,2,2,08,B01
200600055102,0,07,000,01,0,1,00,A01
200600055103,0,02,000,00,2,1,09,A01
200600055103,0,01,000,00,2,1,01,B01
200600055104,0,01,000,00,2,1,12,A01
200600055104,0,07,000,00,2,3,01,B01
200600055105,0,02,000,00,2,1,01,B01
200600055106,0,01,000,00,2,1,05,A01
200600055106,0,07,000,00,2,2,19,B01
200600055107,0,02,000,12,0,1,01,A01
200600055108,0,10,000,00,2,8,10,A01
200600055108,0,33,000,00,2,1,01,B01
200600055109,0,07,000,00,2,1,01,B01
200600055109,0,01,000,00,2,8,19,A01
200600055110,0,07,000,00,1,1,01,B01
200600055111,0,33,000,12,0,7,14,A01
200600055112,0,07,000,00,2,2,10,A01
200600055112,0,33,000,01,2,1,02,B01
200600055113,0,07,000,00,2,1,01,A01
200600055113,0,01,000,00,2,4,01,B01
200600055113,0,07,000,01,0,5,00,C01
200600055114,0,02,000,00,2,1,02,A01
200600055114,0,07,000,00,2,2,15,B01
200600055115,0,32,000,00,2,2,01,A01
200600055115,0,07,000,00,2,0,01,B01
200600055116,0,07,000,00,2,1,01,A01
200600055116,0,02,000,00,2,1,00,B01
200600055117,0,10,000,00,2,1,01,A01
200600055117,0,07,000,00,2,4,01,B01
200600055118,0,07,000,00,1,5,01,A01
200600055119,0,07,000,00,2,4,23,A01
200600055119,0,01,000,01,0,1,01,B01
200600055120,0,07,000,00,2,2,15,A01
200600055120,0,07,000,00,2,1,01,B01
200600055121,0,07,000,00,2,7,00,A01
200600055121,0,30,000,00,2,8,01,B01
200600055122,0,07,000,00,1,1,01,A01
200600055123,0,07,000,00,2,3,16,A01
200600055123,0,33,000,00,2,1,01,B01
200600055124,0,07,000,00,2,3,17,A01
200600055124,0,02,000,00,2,1,01,B01
200600055125,0,30,000,00,2,3,10,A01
200600055125,0,07,000,00,2,1,01,B01
200600055126,0,02,000,00,2,1,01,A01
200600055126,0,02,000,00,2,6,01,B01
200600055127,0,02,000,00,2,1,01,A01
200600055127,0,07,000,00,2,4,16,B01
200600055128,0,99,000,00,1,1,01,B01
200600055129,0,07,000,00,2,1,15,A01
200600055129,0,07,000,00,2,1,02,B01
200600055130,0,07,000,00,2,5,15,A01
200600055130,0,33,000,00,2,1,01,B01
200600055131,0,07,000,00,2,1,15,A01
200600055131,0,02,000,00,2,1,01,B01
200600055132,0,07,000,00,9,5,16,A01
200600055132,0,02,000,00,2,3,01,B01
200600055133,0,01,000,00,2,7,17,A01
200600055133,0,13,000,00,2,8,01,B01
200600055134,0,07,000,00,2,6,15,A01
200600055134,0,02,000,00,1,1,17,B01
200600055135,0,07,000,00,9,3,20,A01
200600055135,0,02,000,00,2,1,01,B01
200600055136,0,01,000,00,2,1,01,A01
200600055136,0,07,000,00,2,2,01,B01
200600055137,0,07,000,01,0,1,01,A01
200600055138,0,07,000,00,2,2,15,A01
200600055138,0,33,000,00,2,1,01,B01
200600055139,0,07,000,00,2,7,12,A01
200600055139,0,02,000,00,0,8,01,B01
200600055140,0,02,000,00,2,1,01,A01
200600055140,0,07,000,00,0,4,01,B01
200600055141,0,07,000,00,1,7,01,A01
200600055142,0,07,000,00,2,1,01,A01
200600055142,0,07,000,00,0,2,01,B01
200600055143,0,07,000,00,2,1,01,A01
200600055143,0,07,000,00,2,3,01,B01
200600055144,0,30,000,00,2,1,05,A01
200600055144,0,07,000,00,2,3,01,B01
200600055145,0,07,000,00,2,3,01,B01
200600055145,0,07,000,00,2,3,01,C01
200600055145,0,01,000,00,2,1,19,A01
200600055146,0,07,000,00,2,3,01,B01
200600055146,0,30,000,00,2,1,16,A01
200600055147,0,07,000,00,2,9,02,E01
200600055147,0,07,000,00,2,9,02,D01
200600055147,0,07,000,00,2,9,02,C01
200600055147,0,07,000,00,2,9,02,B01
200600055147,0,07,000,00,2,1,01,A01
200600055148,0,30,000,00,0,8,01,A01
200600055149,0,07,000,00,1,1,01,A01
200600055150,0,07,000,08,0,1,01,A01
200600055151,1,07,000,00,0,0,01,A01
200600055151,0,02,000,00,2,1,01,B01
200600055152,0,07,000,00,1,1,01,A01