Num_Acc,senc,catv,occutc,obs,obsm,choc,manv,num_veh
200600055153,0,07,000,00,2,2,01,B01
200600055153,0,33,000,00,2,1,18,A01
200600055154,0,02,000,00,2,8,01,B01
200600055154,0,07,000,00,2,3,15,A01
200600055155,0,30,000,00,0,7,15,A01
200600055156,0,07,000,00,1,0,15,A01
200600055157,0,02,000,00,2,1,01,B01
200600055157,0,07,000,00,2,3,15,A01
200600055158,0,31,000,00,2,9,01,B01
200600055158,0,07,000,00,2,2,01,A01
200600055159,0,07,000,00,1,0,16,A01
200600055160,0,02,000,00,2,1,16,B01
200600055160,0,07,000,00,2,0,16,A01
200600055161,0,07,000,00,1,0,15,A01
200600055162,0,07,000,00,2,8,01,B01
200600055162,0,07,000,00,2,2,01,A01
200600055163,1,35,000,00,1,0,01,A01
200600055164,0,07,000,00,2,7,01,B01
200600055164,0,31,000,00,2,9,18,A01
200600055165,0,01,000,00,2,1,01,B01
200600055165,0,07,000,00,2,5,15,A01
200600055166,0,02,000,00,2,8,02,B01
200600055166,1,07,000,00,2,0,00,A01
200600055167,0,07,000,00,1,3,01,A01
200600055168,1,07,000,00,1,0,00,A01
200600055169,0,07,000,00,2,1,15,A01
200600055169,0,07,000,00,1,1,16,B01
200600055170,0,01,000,00,2,0,01,B01
200600055170,0,07,000,00,2,0,15,A01
200600055171,0,07,000,00,2,0,02,C01
200600055171,0,07,000,00,2,9,01,B01
200600055171,0,07,000,00,2,3,20,A01
200600055172,0,07,000,00,2,3,01,B01
200600055172,0,10,000,00,2,2,01,A01
200600055173,0,07,000,00,1,0,01,A01
200600055174,0,30,000,00,2,1,01,B01
200600055174,0,07,000,00,2,3,15,A01
200600055175,0,30,000,00,2,1,16,B01
200600055175,0,07,000,00,2,0,16,A01
200600055176,0,30,000,00,2,1,01,B01
200600055176,0,07,000,00,2,0,01,A01
200600055177,0,07,000,00,1,3,01,A01
200600055178,0,01,000,00,9,4,02,A01
200600055178,1,07,000,00,9,7,02,B01
200600055179,0,02,000,00,2,1,01,B01
200600055179,0,07,000,00,2,2,01,A01
200600055180,0,07,000,00,1,2,01,A01
200600055181,0,07,000,00,2,3,01,A01
200600055181,0,02,000,00,2,1,05,B01
200600055182,0,30,000,00,2,1,17,A01
200600055182,0,07,000,00,2,3,01,B01
200600055183,0,07,000,00,0,6,17,A01
200600055183,0,33,000,00,0,1,17,B01
200600055184,0,33,000,00,2,1,17,A01
200600055184,0,01,000,00,2,8,11,B01
200600055185,0,07,000,00,0,8,15,A01
200600055185,0,30,000,00,0,3,15,B01
200600055186,0,01,000,00,2,6,01,B01
200600055186,0,07,000,00,2,6,15,A01
200600055187,0,07,000,00,1,1,01,A01
200600055188,0,30,000,00,0,0,15,A01
200600055189,0,07,000,06,0,1,15,A01
200600055190,0,07,000,02,9,1,01,A01
200600055191,0,07,000,00,9,1,00,A01
200600055191,0,01,000,00,0,3,00,B01
200600055192,0,07,000,00,1,2,15,A01
200600055193,0,07,000,00,1,3,02,A01
200600055194,0,07,000,00,2,1,00,A01
200600055195,0,13,000,00,0,5,16,A01
200600055195,0,01,000,00,2,8,02,B01
200600055196,0,02,000,00,2,1,01,A01
200600055196,0,07,000,00,2,4,01,B01
200600055197,0,07,000,00,2,1,01,A01
200600055197,0,01,000,00,2,8,19,B01
200600055198,0,07,000,00,0,0,16,A01
200600055198,0,01,000,00,2,1,01,B01
200600055199,0,07,000,00,2,3,15,A01
200600055199,0,30,000,00,2,1,01,B01
200600055200,0,02,000,00,2,1,05,A01
200600055200,0,07,000,00,2,1,01,B01
200600055201,0,01,000,00,2,1,01,A01
200600055201,0,01,000,00,2,1,01,B01
200600055202,0,07,000,00,2,1,15,A01
200600055202,0,30,000,00,2,1,01,B01
200600055203,0,07,000,08,0,1,01,A01
200600055204,0,07,000,00,1,3,01,A01
200600055205,0,07,000,00,2,3,15,B01
200600055205,0,30,000,00,2,1,17,A01
200600055206,0,10,000,00,2,1,01,A01
200600055206,0,07,000,00,2,6,01,B01
200600055206,0,13,000,00,2,4,01,C01
200600055207,0,07,000,00,2,2,19,A01
200600055207,0,33,000,00,2,1,01,B01
200600055208,0,10,000,00,2,3,15,B01
200600055208,0,02,000,00,2,1,01,A01
200600055209,0,07,000,00,1,1,01,A01
200600055210,0,07,000,00,2,2,10,A01
200600055210,0,02,000,00,2,1,01,B01
200600055211,0,02,000,00,1,1,01,A01
200600055212,0,99,000,00,2,1,01,A01
200600055212,0,07,000,00,2,1,15,B01
200600055213,0,07,000,00,2,1,01,A01
200600055213,0,30,000,00,2,1,13,B01
200600055214,0,01,000,00,2,3,01,A01
200600055214,0,07,000,00,2,1,01,B01
200600055215,0,07,000,00,1,1,01,A01
200600055216,0,07,000,00,2,1,01,A01
200600055216,0,07,000,00,2,4,01,B01
200600055217,1,02,000,00,1,0,01,A01
200600055218,0,07,000,00,2,2,02,B01
200600055218,0,36,000,00,0,5,21,A01
200600055219,0,30,000,00,2,1,01,A01
200600055219,0,07,000,00,0,5,01,B01
200600055220,0,07,000,03,0,1,01,A01
200600055221,0,07,000,00,2,2,12,A01
200600055221,0,05,000,00,2,8,01,B01
200600055222,0,07,000,06,0,0,00,A01
200600055223,0,07,000,00,1,3,04,A01
200600055224,0,07,000,00,2,1,21,B01
200600055224,0,07,000,00,2,1,13,A01
200600055225,0,07,000,13,0,2,00,A01
200600055226,0,02,000,00,2,2,21,A01
200600055226,0,07,000,00,2,5,15,B01
200600055227,0,07,000,00,1,2,01,A01
200600055228,0,07,000,00,2,2,15,A01
200600055228,0,02,000,00,2,1,18,B01
200600055229,0,33,000,00,2,1,01,B01
200600055229,0,07,000,00,2,1,11,A01
200600055230,0,02,000,13,0,1,00,A01
200600055231,0,07,000,15,0,2,14,A01
200600055232,0,02,000,00,2,1,01,B01
200600055232,0,07,000,00,2,3,01,A01
200600055233,0,33,000,00,2,1,09,A01
200600055233,0,07,000,03,0,6,01,B01
200600055234,0,07,000,00,2,2,01,A01
200600055234,0,33,000,00,2,1,01,B01
200600055235,0,07,000,00,2,2,15,A01
200600055235,0,30,000,00,2,1,01,B01
200600055236,0,07,000,00,1,1,01,A01
200600055237,0,33,000,16,0,8,01,A01
200600055238,0,01,000,00,2,7,01,B01
200600055238,0,07,000,00,2,1,09,A01
200600055239,0,02,000,00,2,1,15,A01
200600055239,0,14,000,00,0,8,01,B01
200600055240,0,10,000,00,2,3,19,A01
200600055240,0,33,000,00,2,1,01,B01
200600055240,0,10,000,00,2,1,01,C01
200600055241,0,07,000,13,0,1,01,A01
200600055242,0,07,000,00,2,1,00,A01
200600055242,0,07,000,00,2,1,00,B01
200600055243,0,07,000,00,2,1,01,B01
200600055243,0,07,000,00,2,2,01,A01
200600055244,0,07,000,00,2,3,15,A01
200600055244,0,02,000,00,0,1,01,B01
200600055245,0,30,000,00,2,2,01,A01
200600055245,0,07,000,00,0,6,15,B01
200600055246,0,02,000,00,1,1,01,A01
200600055247,0,07,000,00,2,3,20,A01
200600055247,0,30,000,00,2,1,13,B01
200600055248,0,07,000,08,0,2,01,A01
200600055249,0,02,000,00,0,7,01,A01
200600055250,0,07,000,02,0,3,01,A01
200600055251,0,02,000,12,0,7,00,A01
200600055252,0,07,000,00,9,2,01,B01
200600055252,0,02,000,00,2,1,19,A01
200600055253,0,33,000,00,2,1,03,A01
200600055253,0,07,000,00,2,3,15,B01
200600055254,0,07,000,00,9,1,15,A01
200600055254,0,02,000,00,0,1,01,B01
200600055255,0,02,000,00,0,1,14,A01
200600055256,0,07,000,00,1,1,01,A01
200600055257,0,07,000,00,1,2,02,A01
200600055258,0,02,000,00,2,5,02,A01
200600055258,0,07,000,00,2,5,02,B01
200600055259,0,07,000,00,2,1,15,A01
200600055259,0,02,000,00,2,1,01,B01
200600055260,1,07,000,00,1,0,00,A01
200600055261,0,07,000,15,0,1,01,A01
200600055262,0,07,000,00,1,0,01,A01
200600055263,1,07,000,00,1,2,01,A01
200600055264,0,07,000,00,1,1,01,A01
200600055265,0,10,000,13,0,9,01,A01
200600055266,0,07,000,00,1,1,01,A01
200600055267,0,07,000,00,2,2,15,A01
200600055267,0,32,000,00,2,1,01,B01
200600055268,0,07,000,00,2,7,17,A01
200600055268,0,01,000,00,2,8,01,B01
200600055269,0,17,000,00,2,1,02,A01
200600055269,0,07,000,00,2,4,02,B01
200600055270,0,07,000,00,2,8,01,B01
200600055270,0,07,000,00,2,1,01,A01
200600055271,0,33,000,00,2,1,01,B01
200600055271,0,07,000,00,2,3,15,A01
200600055272,0,02,000,00,0,1,00,A01
200600055273,0,07,000,00,2,3,09,A01
200600055273,0,02,000,00,2,1,01,B01
200600055274,0,07,000,00,2,1,15,A01
200600055274,0,07,000,00,2,1,01,B01
200600055275,0,02,000,00,1,1,13,A01
200600055276,0,07,000,00,2,0,09,A01
200600055276,0,01,000,00,2,0,01,B01
200600055277,0,33,000,00,2,1,01,A01
200600055277,0,07,000,00,2,5,01,B01
200600055278,0,10,000,00,2,1,16,A01
200600055278,0,07,000,00,2,4,01,B01
200600055279,0,07,000,00,2,8,01,B01
200600055279,0,07,000,00,2,1,01,A01
200600055280,0,33,000,00,2,2,01,A01
200600055280,0,07,000,00,9,3,01,B01
200600055281,0,07,000,00,9,3,13,A01
200600055281,0,02,000,00,2,1,17,B01
200600055282,0,02,000,00,2,1,01,B01
200600055282,0,07,000,00,9,2,01,A01
200600055283,0,02,000,01,0,1,14,A01
200600055284,0,07,000,00,1,3,02,A01
200600055285,0,07,000,00,1,2,02,A01
200600055286,0,31,000,00,2,5,01,B01
200600055286,0,07,000,00,9,1,19,A01
200600055287,0,07,000,00,2,7,15,B01
200600055287,0,07,000,00,2,2,01,A01
200600055288,0,07,000,00,2,1,01,A01
200600055288,0,02,000,00,2,1,01,B01
200600055289,0,07,000,00,2,2,01,A01
200600055289,0,07,000,00,2,8,01,B01
200600055290,0,07,000,00,2,7,15,A01
200600055290,0,31,000,00,2,1,01,B01
200600055291,0,07,000,00,2,3,01,A01
200600055291,0,07,000,00,2,1,01,B01
200600055292,0,02,000,00,2,1,01,A01
200600055292,0,07,000,00,2,6,01,B01
200600055293,0,99,000,00,2,1,15,A01
200600055293,0,30,000,00,2,1,01,B01
200600055294,0,34,000,00,2,7,15,A01
200600055294,0,07,000,00,2,1,01,B01
200600055295,0,01,000,12,0,0,01,A01
200600055296,0,07,000,00,2,2,01,A01
200600055297,0,02,000,12,0,8,01,A01
200600055298,0,07,000,00,2,1,01,A01
200600055298,0,07,000,00,2,4,01,B01
200600055299,0,10,000,00,2,1,01,A01
200600055299,0,07,000,00,2,4,23,B01
200600055300,0,02,000,16,0,0,01,A01
200600055301,0,07,000,00,2,3,15,A01
200600055301,0,30,000,00,2,1,01,B01
200600055302,0,07,000,00,0,1,00,A01
200600055303,0,07,000,00,2,7,16,A01
200600055303,0,01,000,00,2,1,05,B01
200600055304,0,07,000,00,2,1,01,A01
200600055304,0,07,000,00,2,4,01,B01
200600055305,0,07,000,00,2,1,13,A01
200600055305,0,07,000,00,0,3,01,B01
200600055306,0,07,000,00,2,1,01,A01
200600055306,0,07,000,00,2,8,15,B01
200600055307,0,07,000,00,2,1,01,A01
200600055307,0,07,000,00,2,6,01,B01
200600055308,0,07,000,00,1,4,04,A01
200600055309,0,03,000,00,2,6,01,A01
200600055309,0,07,000,00,2,2,01,B01
200600055310,0,07,000,00,2,1,15,A01
200600055310,0,07,000,00,0,8,01,B01
200600055311,0,07,000,00,2,1,02,A01
200600055311,0,07,000,00,2,4,02,B01
200600055312,0,07,000,00,1,3,01,A01
200600055313,0,07,000,00,0,0,09,A01
200600055313,0,31,000,16,0,8,01,B01
200600055314,0,01,000,00,2,1,01,A01
200600055314,0,37,001,00,2,4,23,B01
200600055315,0,07,000,16,0,0,01,A01
200600055316,0,07,000,00,1,1,01,A01
200600055317,0,07,000,06,0,1,01,A01
200600055318,0,07,000,00,2,2,01,A01
200600055318,0,07,000,00,2,1,15,B01
200600055319,0,07,000,00,2,4,02,B01
200600055319,0,07,000,01,0,1,02,A01
200600055320,0,07,000,00,2,1,05,A01
200600055320,0,07,000,00,2,1,01,B01
200600055321,0,01,000,00,2,1,00,A01
200600055321,0,07,000,00,2,7,01,B01
200600055322,0,07,000,02,2,7,17,A01
200600055322,0,07,000,00,2,3,15,B01
200600055323,0,30,000,00,2,0,01,A01
200600055323,0,07,000,00,2,3,01,B01
200600055324,0,07,000,00,2,3,19,A01
200600055324,0,07,000,00,2,7,01,B01
200600055325,0,07,000,00,2,2,01,B01
200600055325,0,30,000,00,2,1,01,A01
200600055326,0,31,000,00,2,1,01,B01
200600055326,0,07,000,00,2,3,15,A01
200600055327,0,07,000,00,2,8,01,A01
200600055327,0,07,000,00,2,8,01,B01
200600055328,0,07,000,00,2,5,15,A01
200600055328,0,33,000,01,2,1,01,B01
200600055329,0,07,000,00,1,1,01,A01
200600055330,0,02,000,00,2,1,17,A01
200600055330,0,07,000,00,2,8,15,B01
200600055331,0,14,000,00,2,8,10,A01
200600055331,0,07,000,00,2,1,01,B01
200600055332,0,02,000,00,1,0,01,A01
200600055333,0,02,000,00,2,1,01,A01
200600055333,0,07,000,00,2,6,23,B01
200600055334,0,33,000,00,2,1,01,A01
200600055334,0,07,000,00,2,7,01,B01
200600055335,0,02,000,00,0,0,00,A01
200600055336,0,07,000,00,2,1,01,A01
200600055336,0,07,000,00,2,4,01,B01
200600055336,0,07,000,00,2,4,01,C01
200600055336,0,07,000,00,2,4,01,D01
200600055337,0,07,000,00,2,7,16,A01
200600055337,0,01,000,00,2,8,01,B01
200600055338,0,07,000,00,2,7,19,A01
200600055338,0,33,000,00,2,1,01,B01
200600055339,0,07,000,00,2,5,01,B01
200600055339,0,01,000,00,2,1,01,A01
200600055340,0,07,000,00,2,1,19,A01
200600055340,0,07,000,00,2,2,01,B01
200600055341,0,07,000,00,2,1,01,A01
200600055341,0,07,000,00,1,1,01,B01
200600055342,0,07,000,00,2,2,01,A01
200600055343,0,07,000,00,2,7,15,A01
200600055343,0,33,000,00,2,1,01,B01
200600055344,0,07,000,00,2,2,15,A01
200600055344,0,07,000,00,2,1,01,B01
200600055345,0,07,000,00,2,7,19,A01
200600055345,0,07,000,00,2,1,00,B01
200600055345,0,10,000,03,2,6,02,C01
200600055346,0,07,000,00,2,1,00,A01
200600055346,0,07,000,00,2,6,01,B01
200600055346,0,07,000,00,2,1,01,C01
200600055347,0,07,000,00,2,1,01,A01
200600055347,0,07,000,00,2,4,01,B01
200600055348,0,10,000,00,0,0,01,A01
200600055348,0,10,000,00,9,2,01,B01
200600055349,0,07,000,00,2,2,11,A01
200600055349,0,01,000,00,2,1,01,B01
200600055350,0,07,000,08,0,8,01,A01
200600055351,0,33,000,00,2,1,01,B01
200600055351,0,07,000,00,2,3,15,A01
200600055352,0,07,000,00,1,7,01,A01
200600055353,0,07,000,00,2,3,02,A01
200600055353,0,07,000,00,2,4,23,B01
200600055353,0,07,000,00,2,4,23,C01
200600055354,0,02,000,00,2,3,15,B01
200600055354,0,07,000,00,2,2,01,A01
200600055355,0,07,000,00,2,3,09,A01
200600055355,0,02,000,00,2,1,01,B01
200600055356,0,07,000,00,2,2,02,A01
200600055356,0,07,000,00,2,6,02,B01
200600055357,0,07,000,00,2,1,02,A01
200600055357,0,07,000,00,2,4,23,B01
200600055358,0,33,000,00,2,7,02,A01
200600055358,0,07,000,00,0,4,02,B01
200600055359,0,30,000,00,2,1,02,A01
200600055359,0,07,000,00,0,4,02,B01
200600055360,0,30,000,00,0,8,00,A01
200600055361,0,37,020,00,2,4,23,B01
200600055361,0,37,010,00,2,1,02,A01
200600055362,0,07,000,00,1,2,01,A01
200600055363,0,02,000,01,2,7,01,B01
200600055363,0,07,000,00,2,1,15,A01
200600055364,0,02,000,00,2,1,01,B01
200600055364,0,07,000,00,2,2,01,A01
200600055365,0,02,000,00,2,7,01,A01
200600055365,0,07,000,00,2,1,15,B01
200600055366,0,07,000,00,2,2,01,A01
200600055366,0,10,000,00,2,1,01,B01
200600055367,0,07,000,00,1,4,04,A01
200600055368,0,02,000,00,0,1,01,A01
200600055369,0,02,000,00,0,7,01,A01
200600055370,0,02,000,00,1,1,01,A01
200600055371,0,02,000,00,0,0,00,A01
200600055372,0,07,000,00,9,2,15,A01
200600055372,0,33,000,00,2,1,01,B01
200600055373,0,01,000,00,2,1,01,B01
200600055373,0,07,000,00,9,6,09,A01
200600055374,0,07,000,01,0,2,14,A01
200600055374,0,07,000,01,0,6,24,B01
200600055374,0,07,000,01,0,4,24,C01
200600055374,0,07,000,01,0,4,24,D01
200600055375,0,30,000,00,0,1,01,A01
200600055376,0,02,000,00,2,1,17,A01
200600055376,0,07,000,00,9,1,01,B01
200600055377,0,02,000,00,2,1,16,A01
200600055377,0,10,000,00,9,1,15,B01
200600055378,0,07,000,00,9,3,20,A01
200600055378,0,30,000,01,2,1,01,B01
200600055379,0,07,000,00,1,1,01,A01
200600055380,0,07,000,00,2,1,16,A01
200600055380,0,01,000,00,2,7,01,B01
200600055381,0,07,000,00,2,1,01,B01
200600055381,0,07,000,00,2,6,13,A01
200600055382,0,07,000,00,1,3,01,A01
200600055383,0,30,000,00,2,1,01,A01
200600055383,0,07,000,00,2,1,01,B01
200600055384,0,33,000,00,2,1,01,B01
200600055384,0,10,000,00,2,3,10,A01
200600055385,0,31,000,00,2,1,01,B01
200600055385,0,07,000,00,2,3,15,A01
200600055386,0,31,000,00,2,2,01,A01
200600055386,1,33,000,00,2,0,15,B01
200600055387,0,15,000,00,2,5,14,A01
200600055387,0,01,000,00,2,0,02,B01
200600055388,0,02,000,00,2,1,01,B01
200600055388,0,07,000,00,2,5,15,A01
200600055389,0,02,000,00,2,1,01,B01
200600055389,0,07,000,00,2,3,15,A01
200600055390,0,33,000,00,2,1,01,B01
200600055390,0,07,000,00,2,4,04,A01
200600055391,0,02,000,00,2,1,01,B01
200600055391,0,07,000,00,2,3,15,A01
200600055392,0,07,000,00,2,3,01,B01
200600055392,0,30,000,00,2,1,15,A01
200600055393,0,01,000,00,2,4,01,C01
200600055393,0,07,000,00,2,4,01,B01
200600055393,0,30,000,00,2,1,03,A01
200600055394,0,07,000,00,2,2,15,A01
200600055394,0,33,000,00,2,1,01,B01
200600055395,0,01,000,00,9,8,09,A01
200600055395,0,30,000,00,9,1,01,B01
200600055396,0,10,000,00,2,4,02,B01
200600055396,0,07,000,00,2,1,01,A01
200600055397,0,07,000,00,2,8,22,A01
200600055397,0,07,000,00,2,5,01,C01
200600055397,0,01,000,01,2,1,01,B01
200600055398,0,07,000,00,2,1,01,B01
200600055398,0,01,000,00,2,8,19,A01
200600055399,0,07,000,00,9,6,02,A01
200600055399,0,01,000,00,2,1,02,B01
200600055400,0,01,000,00,2,2,01,B01
200600055400,0,13,000,00,2,7,17,A01
200600055401,0,02,000,00,2,1,01,B01
200600055401,0,07,000,00,2,1,15,A01
200600055402,0,07,000,00,2,1,02,A01
200600055402,0,07,000,00,2,4,02,B01
200600055403,0,01,000,00,2,5,14,A01
200600055403,0,07,000,00,2,1,01,B01
200600055404,0,07,000,00,2,1,01,A01
200600055404,0,07,000,00,2,4,01,B01
200600055405,0,01,000,00,2,6,15,B01
200600055405,0,30,000,00,2,1,17,A01
200600055406,0,01,000,00,2,2,01,B01
200600055406,0,30,000,00,2,1,16,A01
200600055407,0,02,000,00,2,1,01,B01
200600055407,0,07,000,00,2,8,09,A01
200600055408,0,07,000,05,0,0,01,A01
200600055409,0,07,000,02,0,1,01,A01
200600055410,0,33,000,00,0,2,01,A01
200600055411,0,30,000,00,0,0,01,A01
200600055412,0,07,000,00,1,1,15,A01
200600055413,0,31,000,11,0,1,17,A01
200600055413,0,10,000,00,2,1,01,B01
200600055414,0,07,000,00,2,6,01,B01
200600055414,0,07,000,03,0,1,05,A01
200600055415,0,07,000,00,2,7,09,A01
200600055415,0,34,000,00,2,8,01,B01
200600055416,0,07,000,00,1,4,04,A01
200600055417,0,07,000,00,0,4,01,B01
200600055417,0,07,000,00,2,1,02,A01
200600055418,0,02,000,00,2,1,13,A01
200600055418,0,07,000,00,0,1,01,B01
200600055419,0,07,000,00,0,6,11,A01
200600055419,0,33,000,00,2,1,01,B01
200600055419,0,07,000,00,2,3,01,C01
200600055420,0,07,000,06,0,1,13,A01
200600055421,0,07,000,00,2,1,15,A01
200600055421,0,07,000,00,2,1,01,B01
200600055422,0,07,000,00,2,3,20,A01
200600055422,0,02,000,00,2,5,01,B01
200600055423,0,07,000,00,1,1,16,A01
200600055424,0,07,000,00,0,8,16,A01
200600055424,0,33,000,00,2,1,01,B01
200600055425,0,07,000,00,2,2,01,A01
200600055425,0,01,000,00,0,4,01,B01
200600055426,0,07,000,00,2,1,01,A01
200600055426,0,07,000,00,2,4,23,B01
200600055426,0,07,000,00,2,4,23,C01
200600055427,0,07,000,00,2,1,01,A01
200600055427,0,01,000,00,2,1,01,B01
200600055428,0,30,000,00,9,1,02,A01
200600055428,0,01,000,00,0,0,02,B01
200600055429,0,33,000,00,9,1,19,A01
200600055429,0,01,000,00,0,0,01,B01
200600055429,0,01,000,00,0,1,01,C01
200600055430,0,07,000,00,2,1,05,A01
200600055430,0,07,000,00,0,3,01,B01
200600055431,0,07,000,06,0,1,14,A01
200600055432,0,33,000,00,2,3,01,B01
200600055432,0,07,000,00,2,2,01,A01
200600055433,0,07,000,00,1,2,15,A01
200600055434,0,07,000,00,2,1,01,B01
200600055434,0,31,000,00,2,3,01,A01
200600055435,0,07,000,00,0,0,22,A01
200600055435,0,14,000,00,2,7,01,C01
200600055435,0,01,000,00,2,8,21,B01
200600055436,0,31,000,00,1,1,01,A01
200600055437,0,33,000,00,2,1,17,A01
200600055437,0,07,000,00,2,8,15,B01
200600055438,0,07,000,00,1,7,01,A01
200600055439,0,01,000,00,2,4,01,B01
200600055439,0,07,000,00,0,0,01,A01
200600055440,0,02,000,00,1,2,01,A01
200600055441,0,07,000,00,2,8,01,A01
200600055441,0,30,000,00,2,7,01,B01
200600055442,1,07,000,00,1,1,01,A01
200600055443,0,07,000,00,2,5,17,A01
200600055443,0,07,000,00,2,8,01,B01
200600055444,0,07,000,02,0,1,13,A01
200600055445,0,07,000,00,2,5,01,B01
200600055445,0,07,000,00,2,1,01,A01
200600055446,0,10,000,00,2,1,16,A01
200600055446,0,01,000,00,2,7,19,B01
200600055447,0,07,000,00,0,1,01,A01
200600055447,0,07,000,00,0,4,02,B01
200600055447,0,07,000,00,2,4,02,C01
200600055448,1,07,000,00,1,1,01,A01
200600055448,0,01,000,00,2,8,00,B01
200600055449,0,07,000,00,2,7,15,A01
200600055449,0,33,000,00,2,1,01,B01
200600055450,0,10,000,00,2,2,17,A01
200600055450,0,02,000,00,2,8,01,B01
200600055451,0,07,000,00,2,1,02,A01
200600055451,0,07,000,00,2,4,02,B01
200600055451,0,07,000,00,2,4,02,C01
200600055452,0,07,000,06,0,1,13,A01
200600055453,0,07,000,00,2,2,15,A01
200600055453,0,33,000,00,2,1,01,B01
200600055454,0,07,000,00,2,1,01,A01
200600055454,0,33,000,00,2,4,01,B01
200600055455,0,07,000,02,2,6,17,A01
200600055455,1,07,000,00,2,0,00,B01
200600055456,0,10,000,00,2,1,01,A01
200600055456,0,07,000,00,2,4,01,B01
200600055456,0,07,000,00,2,4,01,C01
200600055457,0,10,000,00,2,1,01,B01
200600055457,0,07,000,00,2,7,15,A01
200600055458,0,07,000,00,2,8,10,A01
200600055458,0,32,000,00,2,1,21,B01
200600055459,0,33,000,00,2,8,01,A01
200600055459,0,13,000,00,2,1,15,B01
200600055460,0,10,000,00,1,2,01,A01
200600055461,0,01,000,00,1,1,16,A01
200600055462,0,07,000,08,0,1,01,A01
200600055463,0,07,000,00,1,1,01,A01
200600055464,0,07,000,00,2,3,01,B01
200600055464,0,07,000,00,2,1,15,A01
200600055465,0,07,000,00,2,1,02,A01
200600055465,0,10,000,00,2,4,01,B01
200600055466,0,13,000,00,1,7,01,A01
200600055467,0,34,000,00,1,7,13,A01
200600055468,0,01,000,00,2,8,01,A01
200600055468,0,07,000,00,2,1,01,B01
200600055469,0,07,000,00,2,2,16,A01
200600055469,0,01,000,00,2,1,19,B01
200600055470,0,07,000,00,2,1,15,A01
200600055470,0,07,000,00,2,1,01,B01
200600055471,0,07,000,00,2,3,22,A01
200600055471,0,01,000,01,0,1,01,B01
200600055472,0,10,000,07,0,2,01,A01
200600055473,0,07,000,00,1,1,01,A01
200600055474,1,30,000,00,2,1,02,A01
200600055474,0,01,000,00,2,4,02,B01
200600055475,0,32,000,14,0,1,01,A01
200600055476,0,07,000,00,2,7,15,A01
200600055476,0,07,000,00,2,1,01,B01
200600055477,0,07,000,00,2,7,01,B01
200600055477,0,07,000,00,2,1,01,A01
200600055478,0,07,000,00,1,8,16,A01
200600055479,0,07,000,00,2,3,15,A01
200600055479,0,32,000,00,2,1,01,B01
200600055480,0,07,000,00,2,1,02,A01
200600055480,0,07,000,00,2,4,23,B01
200600055481,0,40,000,00,2,2,01,B01
200600055481,0,30,000,00,4,6,01,A01
200600055482,0,07,000,00,2,3,10,A01
200600055482,0,33,000,00,2,1,01,B01
200600055483,0,02,000,00,2,6,10,A01
200600055483,0,33,000,00,2,1,02,B01
200600055484,0,07,000,00,2,2,15,A01
200600055484,0,33,000,00,2,1,01,B01
200600055485,0,07,000,00,2,8,01,A01
200600055485,0,14,000,00,2,7,01,B01
200600055486,0,07,000,00,2,8,22,A01
200600055486,0,01,000,00,2,1,01,B01
200600055487,0,07,000,00,2,3,01,A01
200600055487,0,07,000,00,2,8,16,B01
200600055488,0,07,000,00,2,1,01,A01
200600055488,0,01,000,00,2,1,01,B01
200600055489,0,30,000,00,2,1,05,A01
200600055489,0,10,000,00,2,1,01,B01
200600055490,0,14,000,00,2,2,01,A01
200600055490,0,01,000,00,2,3,01,B01
200600055491,0,01,000,00,2,1,01,A01
200600055491,0,07,000,00,2,3,15,B01
200600055492,0,07,000,00,2,3,01,B01
200600055492,0,30,000,00,2,1,19,A01
200600055493,1,03,000,00,1,1,01,A01
200600055494,0,01,000,00,2,1,13,A01
200600055494,0,07,000,00,2,3,01,B01
200600055495,0,01,000,00,2,1,15,A01
200600055495,0,01,000,00,2,1,01,B01
200600055495,0,10,000,00,2,0,16,C01
200600055496,0,07,000,00,2,1,02,A01
200600055496,0,07,000,00,2,4,02,B01
200600055496,0,07,000,00,2,4,02,C01
200600055497,0,07,000,00,2,3,19,A01
200600055497,0,07,000,00,2,1,01,B01
200600055498,0,02,000,00,2,7,01,B01
200600055498,0,07,000,00,2,1,01,A01
200600055499,0,07,000,00,2,3,15,A01
200600055499,0,02,000,00,2,1,17,B01
200600055500,0,30,000,00,2,1,01,A01
200600055500,0,01,000,00,2,8,01,B01
200600055501,0,30,000,00,2,1,01,A01
200600055501,0,07,000,00,2,4,23,B01
200600055502,1,07,000,00,2,3,15,A01
200600055502,0,30,000,00,2,1,17,B01
200600055503,0,07,000,00,1,2,01,A01
200600055504,0,01,000,00,2,1,01,B01
200600055504,0,07,000,00,2,1,15,A01
200600055505,0,39,000,00,2,2,01,B01
200600055505,0,07,000,00,2,2,23,C01
200600055505,0,07,000,00,4,5,16,A01
200600055506,0,07,000,00,2,3,15,A01
200600055506,0,33,000,00,2,1,01,B01
200600055507,0,07,000,00,2,2,00,A01
200600055507,0,01,000,00,2,8,01,B01
200600055508,0,07,000,00,2,6,23,B01
200600055508,0,02,000,00,2,1,02,A01
200600055509,0,07,000,00,9,8,01,A01
200600055509,0,30,000,00,2,1,01,B01
200600055510,0,01,000,00,1,1,01,A01
200600055511,0,07,000,00,2,3,11,A01
200600055511,0,02,000,00,2,7,17,B01
200600055512,1,07,000,00,2,1,01,A01