Num_Acc,senc,catv,occutc,obs,obsm,choc,manv,num_veh
200600055512,0,07,000,00,2,4,01,B01
200600055513,0,01,000,00,2,8,01,B01
200600055513,1,07,000,00,9,1,00,A01
200600055514,0,10,000,00,1,2,15,A01
200600055515,0,01,000,00,2,1,01,B01
200600055515,0,07,000,00,9,2,16,A01
200600055516,0,07,000,00,1,3,02,A01
200600055517,0,33,000,00,2,8,01,B01
200600055517,0,07,000,00,2,1,15,A01
200600055518,0,07,000,00,2,1,02,A01
200600055518,0,07,000,00,2,4,02,B01
200600055519,0,07,000,00,2,6,09,A01
200600055519,0,10,000,00,2,2,09,B01
200600055519,0,07,000,00,2,1,02,C01
200600055519,0,10,000,00,2,1,02,D01
200600055520,0,07,000,00,2,1,05,A01
200600055520,0,30,000,00,2,1,05,B01
200600055521,0,07,000,00,2,0,01,A01
200600055521,0,01,000,00,2,8,02,B01
200600055522,0,30,000,00,2,2,01,B01
200600055522,1,07,000,00,2,3,15,A01
200600055523,0,07,000,00,2,5,22,A01
200600055523,0,01,000,00,1,1,01,B01
200600055524,0,10,000,00,1,2,01,A01
200600055525,0,07,000,00,2,7,15,A01
200600055525,0,31,000,00,2,2,01,B01
200600055526,0,07,000,00,2,3,15,A01
200600055526,0,30,000,00,2,6,00,B01
200600055527,0,07,000,01,0,9,02,B01
200600055527,1,07,000,00,0,0,01,A01
200600055528,0,07,000,00,9,1,02,A01
200600055528,0,07,000,00,0,4,02,B01
200600055529,2,07,000,00,2,1,01,A01
200600055529,0,07,000,00,2,8,15,B01
200600055530,0,07,000,00,2,8,01,A01
200600055530,0,07,000,00,2,9,01,B01
200600055530,0,14,000,00,2,1,12,C01
200600055530,0,14,000,00,2,4,01,D01
200600055531,0,01,000,00,0,0,00,B01
200600055531,0,07,000,00,2,1,00,A01
200600055532,0,07,000,00,0,3,00,A01
200600055533,0,07,000,00,0,1,00,A01
200600055533,0,07,000,00,0,8,00,B01
200600055534,0,07,000,00,2,8,09,A01
200600055534,0,31,000,00,0,7,01,B01
200600055535,0,02,000,00,2,7,15,A01
200600055535,0,07,000,00,2,8,15,B01
200600055536,0,02,000,00,2,1,01,A01
200600055536,0,07,000,00,0,5,23,B01
200600055537,0,33,000,00,2,1,01,B01
200600055537,0,07,000,00,2,3,13,A01
200600055538,0,07,000,00,1,5,01,A01
200600055539,0,07,000,00,1,7,01,A01
200600055540,0,07,000,00,1,1,01,A01
200600055541,0,18,000,00,9,7,02,A01
200600055541,0,01,000,00,2,1,02,B01
200600055542,0,30,000,00,2,2,00,B01
200600055543,0,07,000,12,9,7,02,A01
200600055544,0,07,000,00,9,2,15,A01
200600055544,0,01,000,00,2,1,15,B01
200600055545,0,10,000,00,2,3,13,A01
200600055545,0,07,000,00,2,2,15,B01
200600055546,0,37,000,00,2,2,15,A01
200600055546,0,07,000,00,2,1,01,B01
200600055547,0,01,000,00,1,1,02,A01
200600055548,0,07,000,00,2,1,01,A01
200600055548,0,07,000,00,2,2,01,B01
200600055549,0,07,000,00,2,3,01,A01
200600055549,0,07,000,00,2,1,01,B01
200600055550,0,07,000,00,2,1,01,A01
200600055550,0,30,000,00,2,1,15,B01
200600055551,0,07,000,00,2,1,02,A01
200600055551,0,07,000,00,2,4,02,B01
200600055552,0,07,000,00,2,1,01,A01
200600055552,0,07,000,00,2,3,01,B01
200600055553,0,07,000,00,2,2,01,A01
200600055553,0,07,000,00,2,1,01,B01
200600055554,0,07,000,00,9,3,00,B01
200600055554,0,01,000,00,2,1,15,A01
200600055555,0,02,000,01,0,1,00,A01
200600055556,0,07,000,00,1,2,00,A01
200600055557,0,07,000,00,2,1,01,A01
200600055557,0,07,000,00,2,3,01,B01
200600055558,0,07,000,00,2,3,15,A01
200600055558,0,34,000,00,2,3,01,B01
200600055559,0,07,000,00,1,2,01,A01
200600055560,0,07,000,00,1,5,04,A01
200600055561,0,07,000,00,1,2,01,A01
200600055562,0,07,000,00,2,8,01,A01
200600055562,0,07,000,00,2,7,01,B01
200600055563,0,10,000,00,1,4,04,A01
200600055564,0,07,000,00,2,3,01,A01
200600055564,0,07,000,09,0,8,15,B01
200600055565,0,07,000,00,0,1,19,A01
200600055565,0,32,000,00,2,1,01,B01
200600055566,0,07,000,00,2,1,05,A01
200600055566,0,02,000,00,2,1,01,B01
200600055567,0,33,000,00,2,1,17,A01
200600055567,0,07,000,00,2,1,01,B01
200600055568,0,07,000,00,1,0,01,A01
200600055569,0,10,000,09,2,1,01,A01
200600055569,0,07,000,00,2,5,01,B01
200600055570,0,07,000,00,1,7,17,A01
200600055571,0,02,000,00,2,1,13,A01
200600055571,0,07,000,00,2,3,13,B01
200600055572,0,07,000,00,2,2,15,A01
200600055572,0,31,000,00,2,1,01,B01
200600055573,0,17,000,00,2,7,12,A01
200600055573,0,30,000,00,2,1,02,B01
200600055574,0,07,000,00,1,1,01,A01
200600055575,0,07,000,00,2,1,05,A01
200600055575,0,07,000,00,2,1,01,B01
200600055576,0,33,000,13,0,0,13,A01
200600055577,0,07,000,00,1,1,01,A01
200600055578,0,07,000,00,1,2,01,A01
200600055579,0,07,000,02,0,8,01,A01
200600055580,0,02,000,00,1,1,16,A01
200600055581,0,02,000,00,0,7,01,A01
200600055582,0,02,000,00,2,7,02,A01
200600055582,0,01,000,00,2,1,02,B01
200600055583,1,07,000,00,2,1,01,A01
200600055583,0,02,000,00,2,1,01,B01
200600055584,0,07,000,00,2,3,01,A01
200600055584,0,33,000,00,2,1,01,B01
200600055585,0,07,000,09,0,8,01,A01
200600055586,0,13,000,13,2,1,01,B01
200600055586,0,07,000,08,2,2,01,A01
200600055587,0,31,000,00,0,7,01,A01
200600055588,0,07,000,13,9,9,01,A01
200600055589,0,07,000,06,0,1,14,A01
200600055590,1,02,000,00,1,1,00,A01
200600055591,0,07,000,00,1,4,04,A01
200600055592,0,07,000,00,2,1,09,A01
200600055592,0,33,000,00,0,7,01,B01
200600055593,0,07,000,00,1,4,04,A01
200600055594,0,10,000,00,2,8,10,A01
200600055594,0,33,000,00,2,1,01,B01
200600055595,0,07,000,00,1,1,01,A01
200600055596,0,07,000,00,2,3,01,A01
200600055596,0,07,000,00,2,2,01,B01
200600055597,0,07,000,00,2,1,01,A01
200600055597,0,07,000,00,2,4,01,B01
200600055598,0,07,000,00,0,0,00,A01
200600055598,0,33,000,00,2,0,21,B01
200600055599,0,02,000,00,2,1,01,A01
200600055599,0,07,000,00,2,3,15,B01
200600055600,0,07,000,00,2,1,13,A01
200600055600,0,30,000,00,2,1,01,B01
200600055601,0,07,000,00,0,2,01,B01
200600055601,0,07,000,06,2,8,01,A01
200600055602,0,07,000,00,2,1,01,A01
200600055602,0,07,000,00,2,4,01,B01
200600055602,0,07,000,00,0,4,01,C01
200600055603,0,07,000,00,2,1,01,A01
200600055603,0,07,000,00,0,4,01,B01
200600055604,0,07,000,00,2,3,20,A01
200600055604,0,02,000,00,2,1,01,B01
200600055605,0,07,000,00,2,1,01,A01
200600055605,0,07,000,00,2,1,01,B01
200600055606,0,32,000,00,1,1,01,A01
200600055607,0,02,000,00,2,1,01,A01
200600055607,0,07,000,00,0,6,01,B01
200600055608,0,07,000,00,2,1,01,A01
200600055608,0,07,000,00,2,4,02,B01
200600055609,0,02,000,00,2,1,11,A01
200600055610,0,07,000,00,2,5,01,B01
200600055610,0,07,000,00,2,1,09,A01
200600055611,0,07,000,00,2,3,15,A01
200600055611,0,07,000,00,2,3,01,B01
200600055612,0,07,000,00,0,8,01,B01
200600055612,1,07,000,00,2,1,00,A01
200600055613,0,07,000,00,2,1,01,B01
200600055613,0,07,000,00,2,1,01,C01
200600055613,0,07,000,00,2,3,16,A01
200600055614,0,07,000,08,0,1,01,A01
200600055614,0,07,000,14,0,1,01,B01
200600055615,0,07,000,00,2,7,10,A01
200600055615,0,07,000,00,2,1,01,B01
200600055616,0,07,000,00,1,7,01,A01
200600055617,0,07,000,00,2,3,01,A01
200600055617,0,33,000,00,2,7,01,B01
200600055618,0,07,000,00,1,8,02,A01
200600055619,0,07,000,00,2,2,01,A01
200600055619,0,07,000,00,2,8,01,B01
200600055620,0,33,000,00,2,7,01,A01
200600055620,0,10,000,00,2,8,01,B01
200600055621,0,37,015,00,2,5,16,A01
200600055621,0,01,000,00,2,8,14,B01
200600055622,0,07,000,00,2,1,01,A01
200600055622,0,07,000,00,2,7,01,B01
200600055623,0,10,000,00,2,2,01,A01
200600055623,0,07,000,00,2,6,01,B01
200600055623,0,07,000,00,2,6,01,C01
200600055623,0,10,000,00,2,3,01,D01
200600055623,0,07,000,00,2,6,01,E01
200600055624,0,07,000,00,2,2,01,A01
200600055624,0,02,000,00,2,1,01,B01
200600055625,0,07,000,00,2,2,12,A01
200600055625,0,10,000,01,2,4,01,C01
200600055625,0,07,000,00,2,6,09,B01
200600055626,0,07,000,00,1,1,01,A01
200600055627,0,07,000,00,2,1,01,A01
200600055627,0,01,000,00,0,8,19,B01
200600055628,0,07,000,09,0,8,01,A01
200600055629,0,01,000,14,0,1,01,A01
200600055630,0,07,000,00,0,7,01,B01
200600055630,0,07,000,00,2,1,09,A01
200600055631,0,07,000,00,2,1,09,A01
200600055631,0,33,000,00,0,1,01,B01
200600055632,0,01,000,16,0,7,01,A01
200600055633,0,07,000,00,1,1,20,A01
200600055634,0,07,000,00,0,5,01,A01
200600055634,0,02,000,00,0,1,01,B01
200600055635,0,07,000,00,2,1,01,A01
200600055635,0,07,000,00,0,4,01,B01
200600055635,0,07,000,00,2,4,01,C01
200600055636,0,01,000,16,0,1,01,A01
200600055637,0,07,000,00,2,3,01,A01
200600055637,0,02,000,00,0,5,01,B01
200600055638,0,07,000,00,2,1,01,A01
200600055638,0,07,000,00,0,4,01,B01
200600055639,0,07,000,00,2,1,01,A01
200600055639,0,01,000,00,0,4,01,B01
200600055640,1,30,000,00,9,2,16,A01
200600055640,0,01,000,00,0,8,01,B01
200600055641,0,07,000,00,9,2,01,A01
200600055641,0,01,000,00,2,1,01,B01
200600055642,0,01,000,00,2,1,02,B01
200600055642,0,07,000,00,0,8,01,A01
200600055643,1,07,000,00,1,0,01,A01
200600055644,0,07,000,00,1,2,01,A01
200600055645,0,07,000,00,9,2,16,A01
200600055645,0,01,000,00,2,3,18,B01
200600055646,0,07,000,00,9,3,01,B01
200600055646,0,01,000,00,2,3,13,A01
200600055647,0,07,000,00,9,2,15,A01
200600055647,0,01,000,00,2,1,01,B01
200600055648,0,31,000,00,9,1,17,A01
200600055648,0,30,000,00,9,8,15,B01
200600055649,0,07,000,00,9,3,13,A01
200600055649,0,01,000,00,2,1,00,B01
200600055650,0,07,000,00,2,1,13,A01
200600055650,0,07,000,00,0,1,01,B01
200600055651,0,07,000,00,2,0,01,A01
200600055651,0,31,000,00,0,1,01,B01
200600055652,0,07,000,06,1,1,00,A01
200600055653,0,30,000,00,1,1,01,A01
200600055654,0,02,000,00,2,1,07,A01
200600055654,0,07,000,00,0,8,01,B01
200600055655,0,07,000,06,0,9,01,A01
200600055656,0,07,000,00,2,6,15,A01
200600055656,0,31,000,00,2,1,01,B01
200600055657,0,07,000,00,2,2,16,A01
200600055657,0,02,000,00,0,1,01,B01
200600055658,0,10,000,00,2,1,01,A01
200600055658,0,07,000,00,0,4,23,B01
200600055659,0,07,000,00,2,5,01,A01
200600055659,0,07,000,00,2,4,00,B01
200600055659,0,07,000,00,2,8,00,C01
200600055659,1,07,000,00,0,0,00,D01
200600055660,0,07,000,00,1,4,20,A01
200600055661,0,07,000,00,2,2,15,A01
200600055661,0,02,000,00,2,1,01,B01
200600055662,0,02,000,00,2,2,01,B01
200600055662,0,33,000,00,2,7,16,A01
200600055663,0,07,000,00,2,3,02,A01
200600055663,0,01,000,00,2,4,02,B01
200600055664,0,07,000,00,2,9,00,A01
200600055664,1,07,000,00,2,1,00,B01
200600055665,0,02,000,00,2,1,01,B01
200600055665,0,07,000,00,2,7,01,C01
200600055665,0,02,000,00,2,8,16,A01
200600055666,0,07,000,00,2,7,16,A01
200600055666,0,01,000,00,2,8,01,B01
200600055667,0,07,000,00,2,1,01,B01
200600055667,0,07,000,00,2,1,15,A01
200600055668,0,10,000,00,2,7,16,A01
200600055668,0,31,000,00,2,7,18,B01
200600055669,0,05,000,00,2,6,13,A01
200600055669,0,02,000,00,2,2,01,B01
200600055670,0,07,000,00,1,1,01,A01
200600055671,0,05,000,00,1,1,01,A01
200600055672,0,02,000,00,2,2,08,A01
200600055672,0,01,000,00,2,6,01,B01
200600055673,0,10,000,00,2,8,22,A01
200600055673,0,07,000,00,2,2,01,B01
200600055674,0,07,000,00,2,1,01,A01
200600055674,0,01,000,00,2,4,23,B01
200600055675,0,10,000,00,2,2,01,A01
200600055675,0,07,000,00,2,6,01,B01
200600055676,0,10,000,11,0,1,16,A01
200600055677,0,07,000,00,1,1,01,A01
200600055678,0,07,000,00,2,3,23,B01
200600055678,0,07,000,00,2,1,01,C01
200600055678,0,05,000,00,2,3,21,A01
200600055679,0,07,000,00,2,1,01,B01
200600055679,0,07,000,00,2,3,01,A01
200600055680,0,04,000,00,0,0,01,A01
200600055681,0,10,000,00,1,1,01,A01
200600055682,0,05,000,00,2,3,18,A01
200600055682,0,07,000,00,2,2,16,B01
200600055683,0,07,000,00,1,1,15,A01
200600055684,0,01,000,00,0,0,21,A01
200600055685,0,02,000,00,2,2,09,A01
200600055685,0,10,000,00,2,3,01,B01
200600055686,0,07,000,00,2,8,10,A01
200600055686,0,04,000,00,2,1,01,B01
200600055687,0,05,000,00,0,0,01,A01
200600055688,0,07,000,00,1,4,04,A01
200600055689,0,15,000,00,2,2,15,A01
200600055689,0,04,000,00,2,1,01,B01
200600055690,0,05,000,00,2,3,01,A01
200600055690,0,07,000,00,2,2,16,B01
200600055691,0,04,000,01,0,1,01,A01
200600055692,0,01,000,00,2,2,12,A01
200600055692,0,04,000,00,2,3,01,B01
200600055693,0,07,000,00,1,1,01,A01
200600055694,0,04,000,15,0,1,01,A01
200600055695,0,07,000,00,2,2,15,A01
200600055695,0,02,000,00,2,1,01,B01
200600055696,0,01,000,00,1,1,01,A01
200600055697,0,01,000,00,2,2,19,A01
200600055697,0,07,000,00,2,1,01,B01
200600055698,0,02,000,00,0,0,01,A01
200600055699,0,07,000,00,2,2,09,A01
200600055699,0,05,000,01,2,3,01,B01
200600055700,0,04,000,00,2,3,11,A01
200600055700,0,07,000,00,2,2,01,B01
200600055701,0,07,000,01,0,1,14,A01
200600055702,0,07,000,00,2,2,01,A01
200600055702,0,07,000,00,2,1,01,B01
200600055703,0,07,000,00,2,1,01,B01
200600055703,0,01,000,00,2,2,01,A01
200600055704,0,07,000,00,2,2,15,A01
200600055704,0,01,000,00,2,1,01,B01
200600055705,0,07,000,00,2,2,15,A01
200600055705,0,01,000,00,2,1,01,B01
200600055706,0,05,000,00,0,0,01,A01
200600055707,0,04,000,00,0,0,21,A01
200600055708,0,14,000,00,2,1,01,A01
200600055708,0,04,000,00,2,4,23,B01
200600055709,0,02,000,00,2,2,17,A01
200600055709,0,07,000,00,2,8,01,B01
200600055710,0,07,000,00,2,8,10,A01
200600055710,0,04,000,00,2,2,01,B01
200600055711,0,04,000,00,1,1,01,A01
200600055712,0,07,000,00,2,1,01,A01
200600055712,0,02,000,00,2,4,01,B01
200600055713,1,07,000,00,1,1,00,A01
200600055714,0,07,000,00,2,1,01,B01
200600055714,0,07,000,00,2,3,01,A01
200600055715,0,07,000,00,2,4,01,A01
200600055715,0,01,000,00,2,1,01,B01
200600055716,0,07,000,00,2,1,01,A01
200600055716,0,07,000,01,2,4,20,B01
200600055717,0,07,000,00,2,8,10,A01
200600055717,0,05,000,00,2,2,01,B01
200600055718,0,07,000,00,2,1,01,A01
200600055718,0,07,000,00,2,6,01,B01
200600055719,0,07,000,00,2,1,01,A01
200600055719,0,07,000,00,2,4,01,B01
200600055720,0,02,000,09,0,1,01,A01
200600055721,0,07,000,00,1,1,01,A01
200600055722,0,07,000,00,2,2,01,A01
200600055722,0,07,000,00,2,1,01,B01
200600055723,0,07,000,00,2,8,15,A01
200600055723,0,02,000,00,2,2,01,B01
200600055724,1,07,000,00,1,4,00,A01
200600055725,0,01,000,00,1,1,01,A01
200600055726,0,04,000,01,0,1,01,A01
200600055727,0,07,000,00,2,1,02,A01
200600055727,0,07,000,00,2,4,02,B01
200600055728,0,07,000,00,2,8,22,A01
200600055728,0,01,000,00,2,2,01,B01
200600055729,0,01,000,00,2,1,01,A01
200600055729,0,07,000,00,2,4,23,B01
200600055730,0,05,000,01,0,1,01,A01
200600055731,0,07,000,00,2,1,01,A01
200600055731,0,07,000,00,2,3,24,B01
200600055732,0,02,000,00,1,1,01,A01
200600055733,0,05,000,01,1,1,07,A01
200600055734,0,07,000,00,2,1,01,A01
200600055734,0,05,000,00,2,6,01,B01
200600055735,0,05,000,00,2,2,17,A01
200600055735,0,07,000,00,2,3,01,B01
200600055735,0,07,000,00,2,6,01,C01
200600055736,0,07,000,00,2,3,15,A01
200600055736,0,07,000,00,2,1,01,B01
200600055737,1,07,000,00,1,1,00,A01
200600055738,0,07,000,00,1,1,01,A01
200600055739,0,05,000,00,1,1,01,A01
200600055739,0,07,000,00,2,1,01,B01
200600055740,1,07,000,00,0,0,00,A01
200600055741,0,07,000,00,2,1,02,A01
200600055741,0,07,000,00,2,4,23,B01
200600055742,0,05,000,00,2,1,01,A01
200600055742,0,07,000,00,2,4,23,B01
200600055743,0,07,000,00,2,2,15,A01
200600055743,0,02,000,00,2,1,01,B01
200600055744,0,07,000,00,2,8,09,A01
200600055744,0,04,000,00,2,2,01,B01
200600055745,0,01,000,00,1,1,01,A01
200600055746,1,02,000,00,2,1,00,A01
200600055746,0,07,000,00,2,4,23,B01
200600055747,0,01,000,00,0,0,21,A01
200600055748,0,07,000,00,1,8,15,A01
200600055749,0,10,000,00,2,8,10,A01
200600055749,0,04,000,00,2,2,01,B01
200600055750,0,01,000,00,2,6,15,A01
200600055750,0,05,000,00,2,2,01,B01
200600055751,0,04,000,00,2,3,01,B01
200600055751,0,07,000,00,2,1,01,A01
200600055752,0,14,000,00,2,7,16,A01
200600055752,0,01,000,00,2,3,01,B01
200600055753,1,07,000,00,2,2,00,A01
200600055753,0,02,000,00,2,3,23,B01
200600055753,0,07,000,00,2,3,23,C01
200600055754,0,10,000,00,2,4,23,A01
200600055754,0,01,000,00,2,1,01,B01
200600055755,0,07,000,01,1,1,15,A01
200600055756,0,04,000,00,2,1,05,A01
200600055756,0,07,000,00,2,1,01,B01
200600055757,1,07,000,00,2,1,00,A01
200600055757,0,01,000,00,2,1,05,B01
200600055758,0,10,000,00,1,4,04,A01
200600055759,0,02,000,00,0,0,21,A01
200600055760,0,02,000,00,1,1,05,A01
200600055761,0,07,000,00,1,1,01,A01
200600055762,0,07,000,00,1,1,15,A01
200600055763,0,07,000,00,2,1,01,A01
200600055763,0,04,000,00,2,2,01,B01
200600055764,0,01,000,00,2,2,12,A01
200600055764,0,18,000,00,2,8,01,B01
200600055765,0,07,000,00,2,8,11,A01
200600055765,0,04,000,00,2,2,01,B01
200600055766,0,04,000,00,0,0,21,A01
200600055767,0,04,000,00,2,1,01,A01
200600055767,0,07,000,00,2,6,23,B01
200600055768,0,05,000,01,2,2,17,A01
200600055768,0,10,000,00,2,3,15,B01
200600055769,0,07,000,00,2,1,01,B01
200600055769,0,02,000,00,2,2,01,A01
200600055770,0,01,000,00,0,0,05,A01
200600055771,0,07,000,01,0,1,15,A01
200600055772,0,07,000,00,2,1,01,A01
200600055772,0,07,000,00,2,4,01,B01
200600055773,0,02,000,00,2,1,17,A01
200600055773,0,07,000,00,2,1,01,B01
200600055774,0,05,000,00,0,0,21,A01
200600055775,0,04,000,00,2,1,01,A01
200600055775,0,01,000,00,2,4,01,B01
200600055776,0,18,000,00,2,7,16,A01
200600055776,0,01,000,00,2,6,01,B01
200600055777,0,05,000,00,1,1,01,A01
200600055778,1,04,000,00,1,1,00,A01
200600055779,0,07,000,00,2,5,22,A01
200600055779,0,02,000,01,2,6,01,B01
200600055780,1,07,000,00,2,1,00,A01
200600055780,0,05,000,01,2,2,10,B01
200600055781,0,01,000,00,0,0,01,A01
200600055782,0,02,000,00,0,0,01,A01
200600055783,0,07,000,00,1,1,16,A01
200600055784,0,05,000,00,2,1,18,A01
200600055784,0,07,000,00,2,2,15,B01
200600055785,0,07,000,00,2,8,10,A01
200600055785,0,05,000,00,2,2,01,B01
200600055786,0,07,000,00,2,8,09,A01
200600055786,0,05,000,00,2,2,01,B01
200600055787,0,07,000,00,0,1,01,A01
200600055787,0,10,000,00,2,4,23,B01
200600055788,0,05,000,00,1,1,01,A01
200600055789,0,07,000,00,2,3,11,A01
200600055789,0,07,000,00,2,5,01,B01
200600055790,0,05,000,00,1,1,01,A01
200600055791,0,01,000,00,1,1,07,A01
200600055792,0,07,000,00,2,2,09,A01
200600055792,0,04,000,00,2,2,01,B01
200600055793,0,07,000,00,2,2,16,A01
200600055793,0,04,000,00,2,3,01,B01
200600055794,0,05,000,00,1,1,01,A01
200600055795,0,07,000,11,0,1,01,A01
200600055796,0,04,000,00,1,1,17,A01
200600055797,0,07,000,00,2,2,12,A01
200600055797,0,04,000,00,2,6,01,B01
200600055798,0,07,000,00,2,8,11,A01
200600055798,0,04,000,00,2,2,01,B01
200600055799,0,07,000,00,2,8,15,A01
200600055799,0,04,000,00,2,2,01,B01
200600055800,0,10,000,00,2,7,22,A01
200600055800,0,01,000,00,2,6,01,B01
200600055801,0,04,000,00,0,0,21,A01
200600055802,0,02,000,12,0,1,14,A01
200600055803,0,07,000,00,2,2,16,A01
200600055803,0,04,000,00,2,3,01,B01
200600055804,0,05,000,00,2,1,01,B01
200600055804,0,07,000,00,2,2,15,A01
200600055805,0,07,000,00,2,2,17,A01
200600055805,0,01,000,00,2,3,01,B01
200600055806,1,07,000,00,2,2,00,A01
200600055806,0,02,000,00,2,1,01,B01
200600055807,0,07,000,00,1,1,01,A01
200600055808,0,05,000,00,2,3,18,A01
200600055808,0,05,000,00,2,2,16,B01
200600055809,0,07,000,00,2,7,22,A01
200600055809,0,01,000,01,2,6,18,B01
200600055810,0,07,000,00,2,2,12,A01
200600055810,0,05,000,00,2,6,01,B01
200600055811,0,05,000,01,1,1,05,A01
200600055812,0,07,000,00,2,8,10,A01
200600055812,0,05,000,00,2,2,01,B01
200600055813,0,05,000,00,0,0,21,A01
200600055814,0,05,000,14,0,1,12,A01
200600055815,0,05,000,00,2,3,18,A01
200600055815,0,07,000,00,2,2,16,B01
200600055816,0,07,000,00,2,4,04,A01
200600055816,0,02,000,00,2,1,01,B01
200600055817,1,10,000,00,2,5,00,A01
200600055817,0,01,000,00,2,3,01,B01
200600055818,0,07,000,00,2,8,09,A01
200600055818,0,02,000,00,2,2,01,B01
200600055819,0,07,000,00,2,7,01,B01
200600055819,0,02,000,00,2,1,01,A01
200600055820,0,07,000,00,2,1,01,A01
200600055820,0,07,000,00,2,4,01,B01
200600055820,0,07,000,00,2,4,23,C01
200600055821,0,07,000,00,1,1,01,A01
200600055822,0,07,000,00,2,3,10,A01
200600055822,0,04,000,00,2,2,01,B01
200600055823,0,07,000,00,1,4,04,A01
200600055824,0,02,000,00,0,0,01,A01
200600055825,0,07,000,00,1,4,04,A01
200600055826,0,02,000,00,0,0,01,A01
200600055827,0,07,000,00,2,2,15,A01
200600055827,0,04,000,00,2,1,01,B01
200600055828,0,07,000,01,0,1,01,A01
200600055829,0,05,000,00,2,1,01,A01
200600055829,0,07,000,00,2,4,01,B01
200600055830,0,07,000,00,2,2,15,A01
200600055830,0,05,000,00,2,1,01,B01
200600055831,0,05,000,00,2,3,18,A01
200600055831,0,10,000,00,2,7,16,B01
200600055832,0,02,000,00,1,1,01,A01
200600055833,0,05,000,00,0,0,21,A01
200600055834,0,04,000,00,2,2,17,A01
200600055834,0,07,000,00,2,6,15,B01
200600055835,0,05,000,00,2,1,01,A01
200600055835,0,07,000,00,2,2,01,B01
200600055836,0,07,000,00,2,3,15,A01
200600055836,0,02,000,00,2,2,01,B01
200600055837,0,07,000,00,2,3,15,A01
200600055837,0,04,000,00,2,2,01,B01
200600055838,0,07,000,00,1,1,01,A01
200600055839,0,02,000,00,2,1,01,A01
200600055839,0,07,000,00,2,4,01,B01
200600055840,0,07,000,00,2,2,01,A01
200600055840,0,10,000,00,2,1,01,B01
200600055841,0,07,000,00,1,1,01,A01
200600055842,1,05,000,00,1,1,00,A01
200600055843,0,05,000,00,2,1,01,A01
200600055843,0,10,000,00,2,1,01,B01
200600055844,0,01,000,01,0,1,13,A01
200600055845,0,04,000,00,2,1,01,A01
200600055845,0,10,000,00,2,2,15,B01
200600055846,0,07,000,00,1,1,01,A01
200600055847,0,04,000,00,0,0,21,A01
200600055848,0,02,000,00,0,0,01,A01
200600055849,0,05,000,00,1,1,01,A01
200600055850,0,07,000,00,2,2,15,A01
200600055850,0,07,000,00,2,1,01,B01
200600055851,0,05,000,00,1,1,12,A01
200600055852,0,07,000,00,1,1,15,A01
200600055853,0,10,000,00,2,1,01,A01
200600055853,0,07,000,00,2,4,01,B01
200600055853,0,07,000,00,2,4,01,C01
200600055854,0,07,000,00,2,1,02,A01
200600055854,0,07,000,00,2,4,01,B01
200600055855,0,04,000,00,2,3,18,A01
200600055855,0,07,000,00,2,2,16,B01
200600055856,0,02,000,01,0,2,01,A01
200600055857,0,02,000,00,2,3,15,A01
200600055857,0,05,000,00,2,2,01,B01
200600055858,0,02,000,00,2,1,01,B01
200600055858,0,07,000,00,2,2,01,A01
200600055859,0,04,000,00,2,1,01,A01
200600055859,0,02,000,00,2,4,01,B01
200600055860,0,07,000,00,2,8,09,A01
200600055860,0,05,000,00,2,2,01,B01
200600055861,0,04,000,00,2,1,01,A01
200600055861,0,07,000,00,2,2,15,B01
200600055862,0,07,000,00,2,8,10,A01
200600055862,0,04,000,00,2,2,01,B01
200600055863,0,07,000,00,2,1,01,B01
200600055863,0,07,000,00,2,2,01,A01
200600055864,0,07,000,00,1,1,16,A01
200600055865,0,02,000,00,2,1,01,B01
200600055865,0,07,000,00,2,2,15,A01
200600055866,0,07,000,00,2,6,22,A01
200600055866,0,02,000,00,2,2,17,B01
200600055867,0,07,000,00,2,3,21,A01
200600055867,0,07,000,00,2,7,01,B01
200600055868,0,05,000,00,0,0,01,A01
200600055869,0,07,000,00,2,2,10,A01
200600055869,0,02,000,01,2,1,01,B01
200600055870,0,07,000,00,2,3,01,B01
200600055870,0,07,000,00,2,1,01,A01
200600055871,0,05,000,00,1,1,01,A01
200600055872,0,07,000,00,2,1,01,A01
200600055872,0,10,000,00,2,4,01,B01
200600055873,0,07,000,00,2,1,01,A01
200600055873,0,07,000,00,2,4,01,B01
200600055874,0,05,000,00,2,1,18,A01
200600055874,0,07,000,00,2,4,01,B01
200600055875,0,02,000,00,2,1,01,A01
200600055875,0,07,000,00,2,4,01,B01
200600055876,0,02,000,00,2,2,01,A01
200600055876,0,07,000,00,2,1,01,B01
200600055877,0,02,000,00,1,1,01,A01
200600055878,0,07,000,00,2,2,09,A01
200600055878,0,04,000,00,2,1,17,B01
200600055879,0,02,000,00,0,0,01,A01
200600055880,0,07,000,00,1,1,01,A01
200600055881,0,02,000,00,2,5,16,A01
200600055881,0,07,000,00,2,3,01,B01
200600055882,0,07,000,00,1,1,15,A01
200600055883,0,10,000,00,2,1,01,A01
200600055883,0,07,000,00,2,4,01,B01
200600055884,0,07,000,00,2,1,01,A01
200600055884,0,04,000,00,2,4,01,B01
200600055885,0,04,000,09,1,1,07,A01
200600055886,0,05,000,01,0,1,01,A01
200600055887,0,07,000,00,2,2,12,A01
200600055887,0,04,000,00,2,6,01,B01