Num_Acc,senc,catv,occutc,obs,obsm,choc,manv,num_veh
200600057348,0,07,000,00,2,8,10,A01
200600057348,0,32,000,00,2,1,17,B01
200600057349,0,33,000,00,2,1,01,B01
200600057349,0,07,000,00,2,8,15,A01
200600057350,0,07,000,00,2,3,09,A01
200600057350,0,30,000,00,2,1,01,B01
200600057351,0,34,000,00,0,7,01,B01
200600057351,0,13,000,16,0,7,04,A01
200600057352,0,07,000,00,0,4,00,B01
200600057352,0,07,000,00,2,1,01,A01
200600057353,0,07,000,00,2,4,04,A01
200600057353,0,07,000,00,2,1,09,B01
200600057354,0,07,000,00,1,2,00,A01
200600057355,0,02,000,00,2,1,17,A01
200600057355,0,07,000,00,2,3,19,B01
200600057356,0,07,000,00,0,3,13,A01
200600057356,0,07,000,00,0,2,01,B01
200600057356,0,07,000,00,0,6,01,C01
200600057356,0,07,000,00,0,6,01,D01
200600057356,0,07,000,00,0,1,01,E01
200600057357,0,33,000,00,2,1,01,A01
200600057357,0,07,000,00,0,6,15,B01
200600057358,0,32,000,00,2,1,02,A01
200600057358,0,13,000,00,0,4,00,B01
200600057359,0,01,000,00,2,1,00,A01
200600057359,0,07,000,00,0,4,03,B01
200600057360,0,07,000,00,1,2,01,A01
200600057361,0,33,000,01,1,1,01,A01
200600057362,0,33,000,00,2,1,01,B01
200600057362,0,07,000,00,2,3,15,A01
200600057363,0,13,000,00,0,7,15,B01
200600057363,0,33,000,00,0,7,05,A01
200600057364,0,07,000,00,1,1,01,A01
200600057365,0,07,000,00,1,1,01,A01
200600057366,0,07,000,00,1,3,01,A01
200600057367,0,30,000,00,2,6,01,B01
200600057367,0,07,000,00,9,3,01,A01
200600057368,0,07,000,01,2,1,02,B01
200600057368,0,10,000,01,2,4,02,A01
200600057369,0,07,000,00,2,1,01,A01
200600057369,0,07,000,00,0,4,01,B01
200600057370,0,07,000,00,2,3,10,A01
200600057370,0,31,000,00,2,1,02,B01
200600057371,0,07,000,00,2,1,01,A01
200600057371,0,07,000,00,2,8,16,B01
200600057372,0,07,000,00,0,6,12,A01
200600057372,0,07,000,00,2,2,11,B01
200600057373,0,07,000,00,0,4,02,A01
200600057373,1,07,000,00,2,2,02,B01
200600057374,0,07,000,00,0,1,00,B01
200600057374,0,30,000,00,0,1,05,A01
200600057375,0,07,000,08,0,1,12,A01
200600057376,0,07,000,00,2,1,07,A01
200600057377,0,07,000,00,1,2,02,A01
200600057378,0,07,000,08,2,2,01,A01
200600057378,0,07,000,00,2,1,01,B01
200600057379,0,07,000,00,2,7,01,B01
200600057379,0,07,000,00,2,1,01,A01
200600057380,0,36,000,00,0,3,13,A01
200600057380,0,07,000,00,2,3,02,B01
200600057381,0,07,000,02,0,1,01,A01
200600057382,0,07,000,00,2,1,01,A01
200600057382,0,07,000,00,2,5,01,B01
200600057383,0,33,000,00,2,1,01,B01
200600057383,0,07,000,00,2,1,15,A01
200600057384,0,33,000,00,0,7,12,A01
200600057384,0,07,000,00,0,8,00,B01
200600057385,1,30,000,00,0,0,00,A01
200600057386,0,07,000,00,2,1,01,B01
200600057386,0,07,000,00,2,8,15,A01
200600057387,0,07,000,00,2,1,02,B01
200600057387,0,07,000,00,2,6,09,A01
200600057388,0,30,000,00,2,1,01,B01
200600057388,0,07,000,00,2,2,01,A01
200600057389,0,02,000,00,9,1,02,A01
200600057389,0,01,000,00,0,4,02,B01
200600057390,0,32,000,00,1,0,17,A01
200600057391,0,07,000,00,1,6,04,A01
200600057392,0,07,000,00,2,2,09,A01
200600057392,0,10,000,00,2,1,01,B01
200600057393,0,10,000,00,2,4,23,A01
200600057393,0,02,000,00,2,1,02,B01
200600057394,0,10,000,00,2,1,02,A01
200600057394,0,10,000,00,2,4,23,B01
200600057395,0,33,000,00,0,1,01,A01
200600057396,0,32,000,00,1,0,02,A01
200600057397,0,07,000,00,2,1,02,A01
200600057397,0,07,000,00,2,1,02,B01
200600057397,0,07,000,00,2,4,02,C01
200600057398,0,07,000,00,1,2,01,A01
200600057399,0,30,000,00,2,1,02,A01
200600057399,0,10,000,00,0,4,02,B01
200600057400,0,07,000,00,0,3,01,A01
200600057400,0,01,000,00,2,1,01,B01
200600057401,0,10,000,00,2,1,15,A01
200600057401,0,03,000,00,0,6,15,B01
200600057402,0,32,000,00,2,1,01,A01
200600057402,0,07,000,00,0,8,15,B01
200600057403,0,33,000,00,2,2,15,B01
200600057403,0,10,000,00,2,1,01,A01
200600057404,0,07,000,01,0,1,01,A01
200600057405,0,07,000,00,2,1,01,A01
200600057405,0,07,000,00,0,4,23,B01
200600057406,0,33,000,00,2,1,02,B01
200600057406,0,07,000,00,2,2,15,A01
200600057407,0,07,000,00,1,1,15,A01
200600057408,0,07,000,00,2,2,20,A01
200600057408,0,33,000,00,2,1,21,B01
200600057409,1,07,000,00,2,0,19,A01
200600057410,0,07,000,00,2,3,15,A01
200600057410,0,05,000,00,2,7,01,B01
200600057411,0,05,000,00,2,7,17,A01
200600057411,0,07,000,00,2,3,15,B01
200600057412,0,07,000,00,2,1,01,A01
200600057412,0,07,000,00,2,1,01,B01
200600057413,0,07,000,00,1,1,01,A01
200600057414,0,07,000,00,2,1,02,A01
200600057414,0,07,000,00,2,4,15,B01
200600057415,0,07,000,00,2,3,09,A01
200600057415,0,05,000,00,0,5,01,B01
200600057416,0,07,000,00,1,2,02,A01
200600057417,0,37,033,00,1,2,01,A01
200600057418,0,07,000,00,1,1,09,A01
200600057419,0,07,000,00,1,3,04,A01
200600057420,0,07,000,00,2,3,15,A01
200600057420,0,33,000,00,2,1,02,B01
200600057421,0,30,000,00,2,2,01,B01
200600057421,0,07,000,00,2,5,04,A01
200600057422,0,07,000,00,9,2,02,A01
200600057422,0,01,000,00,2,3,15,B01
200600057423,0,13,000,00,1,2,02,A01
200600057424,0,07,000,00,1,1,01,A01
200600057425,0,10,000,00,2,1,15,A01
200600057425,0,30,000,00,0,8,01,B01
200600057426,0,02,000,00,2,1,00,B01
200600057426,0,07,000,00,2,3,09,A01
200600057427,0,07,000,00,2,1,09,A01
200600057427,0,33,000,00,2,1,01,B01
200600057428,0,07,000,00,2,5,00,A01
200600057428,1,07,000,00,0,0,00,B01
200600057429,0,02,000,00,2,3,09,A01
200600057429,0,07,000,00,2,2,00,B01
200600057430,0,07,000,00,2,1,09,A01
200600057430,0,31,000,00,2,7,16,B01
200600057431,0,32,000,00,2,1,17,A01
200600057431,0,07,000,00,0,8,16,B01
200600057432,0,30,000,00,2,1,17,A01
200600057432,0,07,000,00,2,3,01,B01
200600057433,0,07,000,00,1,1,02,A01
200600057434,1,07,000,00,1,0,00,A01
200600057435,0,07,000,00,2,3,11,A01
200600057435,0,14,000,02,0,2,01,B01
200600057436,0,07,000,00,1,3,01,A01
200600057437,0,10,000,00,2,6,17,A01
200600057437,0,31,000,00,2,8,02,B01
200600057438,0,07,000,00,1,2,02,A01
200600057439,0,01,000,00,2,1,21,A01
200600057439,0,07,000,00,2,1,01,B01
200600057440,0,07,000,00,2,1,02,A01
200600057440,0,07,000,00,2,9,02,B01
200600057440,0,07,000,00,2,9,02,C01
200600057441,0,07,000,00,2,1,01,B01
200600057441,0,07,000,00,2,8,01,A01
200600057442,0,05,000,01,2,6,01,B01
200600057442,0,07,000,00,2,3,15,A01
200600057443,0,07,000,01,2,1,01,A01
200600057444,0,07,000,00,1,1,01,A01
200600057445,1,07,000,00,1,1,01,A01
200600057446,0,02,000,00,2,1,01,A01
200600057446,0,07,000,00,2,6,01,B01
200600057447,0,07,000,00,2,7,15,A01
200600057447,0,04,000,00,2,1,02,B01
200600057448,0,05,000,00,2,1,01,A01
200600057449,0,02,000,00,1,1,01,A01
200600057450,0,07,000,00,1,1,01,A01
200600057451,0,07,000,00,1,1,01,A01
200600057452,0,05,000,00,2,1,01,A01
200600057452,0,07,000,01,2,3,01,B01
200600057453,0,07,000,00,1,1,01,A01
200600057454,0,07,000,00,2,3,01,A01
200600057454,0,07,000,00,2,5,01,B01
200600057454,0,07,000,00,2,5,01,C01
200600057455,2,02,000,00,2,7,10,A01
200600057455,0,07,000,00,2,8,01,B01
200600057456,0,08,000,00,2,1,01,A01
200600057456,0,07,000,00,2,5,01,B01
200600057456,0,07,000,00,2,5,01,C01
200600057457,0,07,000,00,2,1,00,A01
200600057457,0,07,000,00,2,1,01,B01
200600057458,0,07,000,00,2,2,13,A01
200600057458,0,13,000,00,2,1,01,B01
200600057459,0,02,000,00,1,1,01,A01
200600057460,0,07,000,00,2,5,15,A01
200600057460,0,04,000,00,2,1,01,B01
200600057461,0,05,000,06,0,1,01,A01
200600057462,0,07,000,00,2,1,15,A01
200600057462,0,05,000,00,1,1,01,B01
200600057463,0,07,000,00,2,4,01,A01
200600057464,0,05,000,00,2,4,02,A01
200600057464,0,07,000,00,2,4,00,B01
200600057465,0,01,000,01,0,1,01,A01
200600057465,0,17,000,00,9,4,00,B01
200600057466,0,99,000,00,0,0,00,B01
200600057467,0,07,000,00,0,1,01,A01
200600057467,0,07,000,00,0,4,00,B01
200600057467,0,07,000,00,0,4,00,C01
200600057468,0,07,000,14,0,1,00,A01
200600057468,0,04,000,00,2,4,23,B01
200600057469,0,07,000,00,2,0,01,A01
200600057469,0,05,000,12,0,7,00,B01
200600057470,0,07,000,00,2,1,01,A01
200600057470,0,07,000,00,2,4,01,B01
200600057470,0,07,000,00,2,4,01,C01
200600057471,0,07,000,00,2,1,01,A01
200600057471,0,07,000,00,2,4,01,B01
200600057471,0,07,000,00,2,4,01,C01
200600057471,0,07,000,00,2,4,01,D01
200600057472,0,07,000,00,2,1,01,A01
200600057472,0,05,000,00,2,4,01,B01
200600057473,0,07,000,00,2,3,09,A01
200600057473,0,05,000,00,2,1,01,B01
200600057474,0,04,000,00,2,1,01,A01
200600057474,0,07,000,00,2,3,01,B01
200600057475,0,07,000,00,2,1,15,A01
200600057475,0,02,000,00,2,1,01,B01
200600057476,0,07,000,00,2,1,01,A01
200600057476,0,07,000,00,2,4,02,B01
200600057476,0,07,000,00,2,4,02,C01
200600057477,0,07,000,00,2,1,01,A01
200600057477,0,07,000,00,2,4,01,B01
200600057478,0,07,000,00,2,5,09,A01
200600057478,0,07,000,00,2,3,01,B01
200600057479,0,07,000,00,2,3,01,A01
200600057479,0,07,000,00,2,1,01,B01
200600057480,0,99,000,00,1,1,01,A01
200600057481,0,02,000,00,0,8,00,A01
200600057482,0,17,000,00,2,5,12,A01
200600057482,0,07,000,00,2,8,18,B01
200600057483,0,07,000,00,2,5,23,A01
200600057483,0,07,000,00,2,1,02,B01
200600057483,0,07,000,00,2,1,02,C01
200600057484,0,07,000,00,1,4,04,A01
200600057485,0,30,000,01,0,7,00,A01
200600057486,0,31,000,00,0,0,01,A01
200600057487,1,07,000,00,0,0,00,A01
200600057487,0,32,000,00,1,1,01,B01
200600057488,0,07,000,00,1,1,01,A01
200600057489,0,07,000,00,1,7,01,A01
200600057490,0,30,000,00,2,1,01,A01
200600057490,0,07,000,00,2,4,23,B01
200600057491,0,32,000,00,2,2,09,A01
200600057491,0,07,000,00,2,3,09,B01
200600057492,0,07,000,00,2,1,15,A01
200600057492,0,31,000,00,2,7,01,B01
200600057493,0,30,000,00,2,7,01,A01
200600057493,0,07,000,00,2,1,01,B01
200600057494,0,07,000,00,2,3,09,A01
200600057494,0,02,000,00,2,2,09,B01
200600057495,0,07,000,00,9,3,00,A01
200600057495,0,01,000,01,0,1,01,B01
200600057496,0,07,000,00,2,1,00,A01
200600057496,0,07,000,00,0,4,01,B01
200600057497,0,07,000,00,2,1,09,A01
200600057497,0,33,000,00,2,1,02,B01
200600057498,0,10,000,00,2,1,02,A01
200600057498,0,07,000,00,0,4,02,B01
200600057499,0,37,001,00,1,1,02,A01
200600057500,0,07,000,00,2,1,02,A01
200600057500,0,07,000,00,2,0,23,B01
200600057500,0,07,000,00,0,4,23,C01
200600057501,0,10,000,00,2,2,02,A01
200600057501,0,07,000,00,2,4,02,B01
200600057502,0,02,000,00,0,0,00,A01
200600057503,0,07,000,00,2,2,01,A01
200600057503,0,07,000,00,2,1,00,B01
200600057504,0,33,000,15,0,2,02,A01
200600057505,0,07,000,00,2,1,01,A01
200600057505,0,07,000,00,2,4,01,B01
200600057505,0,07,000,00,2,4,01,C01
200600057506,0,07,000,00,2,1,15,A01
200600057506,0,01,000,00,2,0,01,B01
200600057507,0,02,000,00,0,0,01,A01
200600057507,0,07,000,00,2,2,01,B01
200600057508,0,07,000,00,2,5,12,A01
200600057508,0,33,000,00,2,1,01,B01
200600057509,0,07,000,14,0,0,01,A01
200600057510,0,18,000,00,2,2,15,A01
200600057510,0,07,000,00,0,7,01,B01
200600057511,0,14,000,00,2,1,01,A01
200600057511,0,07,000,00,0,1,02,B01
200600057511,0,07,000,00,2,1,02,C01
200600057511,0,07,000,00,0,4,01,D01
200600057512,0,07,000,00,0,1,15,A01
200600057512,0,31,000,00,2,0,15,B01
200600057513,0,07,000,03,2,1,01,A01
200600057513,0,10,000,03,2,3,01,B01
200600057514,0,07,000,00,2,2,22,A01
200600057514,0,30,000,00,2,3,18,B01
200600057515,0,02,000,00,2,1,01,A01
200600057515,0,07,000,00,0,4,23,B01
200600057516,0,30,000,00,2,1,02,A01
200600057516,0,07,000,00,2,5,01,B01
200600057517,0,07,000,00,1,2,01,A01
200600057518,0,02,000,00,2,1,01,B01
200600057518,0,10,000,00,2,1,15,A01
200600057519,0,10,000,00,0,4,00,B01
200600057519,0,17,000,00,2,1,01,A01
200600057520,0,02,000,00,2,1,01,A01
200600057520,0,10,000,00,0,8,01,B01
200600057521,0,07,000,00,1,1,01,A01
200600057522,0,07,000,00,2,3,01,B01
200600057522,0,32,000,00,2,1,17,A01
200600057523,0,07,000,15,1,1,01,A01
200600057524,0,07,000,00,2,8,15,A01
200600057524,0,07,000,00,2,2,01,B01
200600057525,0,07,000,00,1,1,01,A01
200600057526,0,07,000,00,1,3,01,A01
200600057527,0,07,000,00,1,2,01,A01
200600057528,0,33,000,00,2,7,01,A01
200600057528,0,07,000,00,2,8,01,B01
200600057529,0,14,000,00,2,3,01,A01
200600057529,0,07,000,01,2,3,01,B01
200600057530,0,07,000,06,0,3,01,A01
200600057531,0,34,000,00,2,1,01,A01
200600057531,0,07,000,00,2,4,15,B01
200600057532,0,07,000,00,2,1,09,A01
200600057532,0,01,000,00,2,4,01,B01
200600057533,0,07,000,00,2,2,15,A01
200600057533,0,33,000,00,2,1,01,B01
200600057534,0,07,000,00,0,5,15,A01
200600057535,0,34,000,00,2,1,15,A01
200600057535,0,07,000,00,2,1,01,B01
200600057536,0,07,000,00,2,1,01,A01
200600057536,0,07,000,00,2,4,01,B01
200600057537,0,07,000,15,0,1,01,A01
200600057538,1,30,000,00,1,7,01,A01
200600057539,0,07,000,00,1,1,01,A01
200600057540,0,07,000,00,2,1,13,A01
200600057540,0,07,000,00,2,1,01,B01
200600057541,0,07,000,09,1,2,14,A01
200600057542,0,33,000,11,0,7,01,A01
200600057543,0,07,000,00,2,8,01,B01
200600057543,0,01,000,00,2,1,01,A01
200600057544,0,07,000,03,0,1,01,A01
200600057545,0,07,000,00,2,1,01,A01
200600057545,0,07,000,00,2,8,15,B01
200600057546,0,07,000,00,2,1,01,A01
200600057546,0,07,000,00,2,4,02,B01
200600057547,0,07,000,00,1,3,01,A01
200600057548,0,38,016,00,1,2,01,A01
200600057549,0,07,000,00,2,1,01,A01
200600057549,0,07,000,00,2,1,01,B01
200600057550,0,07,000,00,2,8,01,A01
200600057550,0,07,000,00,2,1,01,B01
200600057551,0,07,000,00,2,1,15,A01
200600057551,0,07,000,00,2,3,01,B01
200600057552,0,07,000,00,2,3,15,A01
200600057552,0,31,000,00,2,7,17,B01
200600057553,0,31,000,00,2,1,03,B01
200600057553,0,07,000,00,2,6,11,A01
200600057554,1,99,000,00,2,1,06,A01
200600057554,0,02,000,00,2,1,01,B01
200600057555,0,32,000,01,0,1,21,B01
200600057555,1,07,000,00,2,4,20,A01
200600057556,0,07,000,00,2,2,01,A01
200600057556,0,30,000,00,2,1,01,B01
200600057557,0,07,000,06,0,2,15,A01
200600057558,0,07,000,00,2,3,01,A01
200600057558,0,33,000,12,2,1,01,B01
200600057559,1,99,000,00,0,0,00,A01
200600057559,0,01,000,12,0,0,01,B01
200600057560,0,31,000,00,2,1,02,A01
200600057560,0,07,000,00,2,6,02,B01
200600057561,0,07,000,00,0,1,00,A01
200600057562,0,02,000,00,2,7,17,A01
200600057562,0,07,000,00,2,3,15,B01
200600057563,0,02,000,00,2,3,15,A01
200600057563,0,07,000,00,2,1,17,B01
200600057564,0,30,000,01,2,8,01,A01
200600057564,0,07,000,00,2,1,15,B01
200600057565,0,07,000,00,1,2,16,A01
200600057566,0,33,000,00,1,1,02,A01
200600057567,0,07,000,00,2,4,02,A01
200600057567,0,07,000,00,2,1,02,B01
200600057568,0,07,000,00,2,7,15,A01
200600057568,0,02,000,00,2,1,01,B01
200600057569,1,07,000,00,1,7,01,A01
200600057570,0,07,000,00,1,1,01,A01
200600057571,0,07,000,00,1,3,01,A01
200600057572,0,07,000,12,1,1,01,A01
200600057573,0,01,000,00,1,1,00,A01
200600057574,0,07,000,00,1,1,01,A01
200600057575,0,33,000,08,0,1,01,A01
200600057576,0,07,000,00,2,1,01,A01
200600057576,0,07,000,00,2,2,12,B01
200600057577,0,07,000,00,1,1,01,A01
200600057578,0,01,000,00,0,7,01,A01
200600057579,0,07,000,00,2,1,01,A01
200600057579,0,07,000,00,0,4,01,B01
200600057580,0,01,000,00,0,7,01,A01
200600057580,0,02,000,00,0,7,01,B01
200600057581,0,01,000,00,1,2,01,A01
200600057582,0,33,000,00,2,1,01,A01
200600057582,0,38,000,00,2,4,01,B01
200600057583,0,37,003,04,0,3,01,A01
200600057584,0,32,000,00,1,1,01,A01
200600057585,0,07,000,00,1,1,00,A01
200600057586,0,02,000,00,2,1,01,A01
200600057586,0,10,000,00,2,7,01,B01
200600057587,0,02,000,00,2,1,01,A01
200600057587,0,07,000,00,2,4,15,B01
200600057588,0,32,000,00,2,1,01,A01
200600057588,0,07,000,00,2,1,01,B01
200600057589,1,07,000,00,2,1,05,A01
200600057589,0,07,000,00,2,3,01,B01
200600057590,0,07,000,00,2,1,00,A01
200600057590,0,07,000,00,2,8,23,B01
200600057591,0,07,000,00,2,1,02,A01
200600057591,0,07,000,00,2,4,02,B01
200600057592,0,07,000,00,1,7,01,A01
200600057593,0,07,000,00,2,3,16,A01
200600057593,0,07,000,00,2,5,01,B01
200600057594,0,30,000,00,2,7,01,A01
200600057594,0,07,000,00,2,1,01,B01
200600057595,0,07,000,00,0,1,01,A01
200600057595,0,07,000,00,0,4,01,B01
200600057596,0,07,000,00,2,4,04,A01
200600057596,0,07,000,00,2,2,01,B01
200600057597,0,33,000,00,2,1,01,A01
200600057597,0,07,000,00,2,4,09,B01
200600057598,0,07,000,00,2,1,01,A01
200600057599,0,07,000,00,2,4,01,A01
200600057599,0,07,000,00,0,2,01,B01
200600057599,0,07,000,00,2,0,01,C01
200600057600,0,07,000,00,2,3,09,A01
200600057600,0,31,000,00,2,7,09,B01
200600057601,0,07,000,00,1,0,01,A01
200600057602,0,32,000,00,2,0,01,A01
200600057602,0,07,000,00,0,4,01,B01
200600057603,0,07,000,00,2,0,01,A01
200600057603,0,32,000,00,0,0,00,B01
200600057604,0,37,000,00,2,1,09,A01
200600057604,0,31,000,00,2,0,01,B01
200600057605,0,32,000,00,2,0,01,A01
200600057605,0,07,000,00,2,1,01,B01
200600057606,0,07,000,12,0,2,01,A01
200600057607,0,30,000,00,1,0,01,A01
200600057608,0,07,000,00,2,1,01,A01
200600057608,0,31,000,00,2,8,01,B01
200600057609,0,32,000,00,0,1,01,A01
200600057610,0,07,000,00,2,1,01,A01
200600057610,0,07,000,00,2,4,01,B01
200600057611,0,32,000,00,1,1,01,A01
200600057612,0,07,000,00,1,0,01,A01
200600057613,0,33,000,00,2,1,01,A01
200600057613,0,07,000,00,2,1,01,B01
200600057614,0,02,000,00,0,0,01,A01
200600057615,0,07,000,00,2,1,01,A01
200600057615,0,07,000,00,2,4,23,B01
200600057615,0,07,000,00,2,4,23,C01
200600057616,0,30,000,00,2,3,16,A01
200600057616,0,07,000,00,2,5,16,B01
200600057617,0,07,000,00,2,1,01,A01
200600057617,0,07,000,00,2,1,00,B01
200600057617,0,07,000,00,2,4,01,C01
200600057618,0,07,000,00,2,2,15,A01
200600057618,0,07,000,00,2,2,01,B01
200600057619,0,07,000,00,2,8,01,A01
200600057619,0,31,000,00,2,0,09,B01
200600057620,0,07,000,00,2,2,16,A01
200600057620,0,32,000,00,2,6,07,B01
200600057621,0,02,000,00,2,1,16,A01
200600057621,0,07,000,00,2,1,16,B01
200600057622,0,07,000,00,1,2,01,A01
200600057623,0,31,000,00,2,1,16,A01
200600057623,0,07,000,00,2,7,16,B01
200600057624,0,33,000,00,1,1,01,A01
200600057625,0,07,000,00,2,4,02,A01
200600057625,0,07,000,01,0,1,02,B01
200600057626,0,33,000,00,2,8,01,A01
200600057626,0,07,000,00,2,5,12,B01
200600057627,0,07,000,00,2,8,11,A01
200600057627,0,33,000,03,2,7,17,B01
200600057628,0,33,000,08,0,9,02,A01
200600057629,0,07,000,00,2,2,17,A01
200600057629,0,33,000,00,2,8,14,B01
200600057630,0,07,000,00,2,8,13,A01
200600057630,0,15,000,00,2,2,01,B01
200600057631,0,33,000,00,2,1,00,A01
200600057631,0,07,000,00,0,6,11,B01
200600057632,0,07,000,00,2,4,02,A01
200600057632,0,33,000,00,2,1,02,B01
200600057633,0,33,000,00,9,1,01,A01
200600057634,0,33,000,00,0,8,21,A01
200600057634,2,34,000,00,0,0,01,B01
200600057635,0,07,000,06,0,3,02,A01
200600057635,0,10,000,00,2,2,00,B01
200600057635,0,07,000,00,0,6,21,C01
200600057635,0,17,000,06,2,2,21,D01
200600057635,1,07,000,06,0,3,00,E01
200600057636,0,07,000,03,0,1,02,A01
200600057637,0,07,000,00,0,4,01,A01
200600057637,0,07,000,00,2,1,02,B01
200600057638,0,07,000,00,0,4,02,A01
200600057638,0,07,000,00,2,4,02,B01
200600057638,0,10,000,00,2,1,02,C01
200600057639,0,07,000,00,0,4,02,A01
200600057639,0,33,000,00,2,1,02,B01
200600057640,0,07,000,03,2,8,01,A01
200600057640,0,15,000,00,2,2,12,B01
200600057640,0,33,000,03,0,4,01,C01
200600057641,0,99,000,00,2,2,12,A01
200600057641,0,07,000,00,2,8,01,B01
200600057642,0,07,000,00,2,8,01,A01
200600057642,0,15,000,00,2,7,12,B01
200600057643,0,07,000,04,0,9,01,A01
200600057644,0,07,000,00,2,4,02,A01
200600057644,0,07,000,00,2,1,02,B01
200600057645,0,33,000,00,2,8,03,A01
200600057645,0,07,000,00,2,7,01,B01
200600057645,0,07,000,00,0,4,01,C01
200600057646,0,07,000,00,2,2,01,A01
200600057646,0,07,000,00,2,7,01,C01
200600057646,0,07,000,00,2,4,01,B01
200600057647,0,13,000,00,0,4,02,A01
200600057647,0,07,000,00,2,1,02,B01
200600057648,0,10,000,04,0,8,02,A01
200600057648,0,14,000,00,2,8,01,B01
200600057649,0,31,000,00,0,0,12,A01
200600057650,0,07,000,00,2,2,09,A01
200600057650,0,33,000,00,2,0,03,B01
200600057650,0,07,000,00,2,6,00,C01
200600057651,0,07,000,00,2,5,12,A01
200600057651,0,33,000,00,2,8,01,B01
200600057652,0,07,000,00,2,1,02,A01
200600057652,0,07,000,00,0,4,02,B01
200600057653,0,07,000,00,2,6,11,A01
200600057653,0,33,000,00,2,1,01,B01
200600057654,0,07,000,02,0,8,14,A01
200600057655,0,10,000,00,2,1,02,A01
200600057655,0,07,000,00,2,4,02,B01
200600057656,0,07,000,00,0,2,12,A01
200600057657,0,10,000,00,0,4,02,A01
200600057657,0,07,000,00,2,4,02,B01
200600057657,0,07,000,00,2,1,02,C01
200600057658,0,10,000,00,0,4,01,A01
200600057658,0,10,000,00,2,4,01,B01
200600057658,0,10,000,00,2,1,02,C01
200600057658,0,07,000,00,0,8,01,D01
200600057659,0,31,000,00,0,0,14,A01
200600057660,0,07,000,00,2,2,02,A01
200600057660,0,15,000,00,2,2,00,B01
200600057660,0,07,000,00,2,3,00,C01
200600057661,0,07,000,03,0,2,14,A01
200600057662,0,31,000,00,2,8,03,A01
200600057662,0,07,000,00,2,7,00,B01
200600057662,0,07,000,00,2,6,01,C01
200600057663,0,07,000,04,9,9,11,A01
200600057663,0,15,000,00,0,0,13,B01
200600057663,0,10,000,00,0,0,00,C01
200600057664,0,07,000,00,0,3,11,A01
200600057664,0,33,000,00,0,2,00,B01
200600057665,0,14,000,00,0,0,00,A01
200600057666,0,10,000,03,2,7,01,A01
200600057666,0,07,000,00,2,8,01,B01
200600057666,0,10,000,00,0,0,02,T01
200600057667,0,33,000,00,1,1,02,A01
200600057668,0,07,000,00,0,3,01,A01
200600057669,0,10,000,03,0,3,06,A01
200600057669,0,17,000,03,2,1,01,B01
200600057669,0,07,000,00,0,1,01,C01
200600057669,0,07,000,00,2,1,02,E01
200600057669,0,07,000,00,2,8,00,D01
200600057669,0,07,000,00,9,0,02,H01
200600057669,0,10,000,00,9,0,02,G01
200600057669,0,07,000,00,9,8,01,F01
200600057670,0,34,000,00,2,1,02,A01
200600057670,0,07,000,00,0,6,01,B01
200600057671,0,33,000,00,2,1,02,A01
200600057671,0,07,000,00,0,4,02,B01
200600057672,0,07,000,00,2,2,01,A01
200600057672,0,33,000,00,2,8,03,B01
200600057672,0,07,000,00,2,6,01,C01
200600057672,0,10,000,00,2,4,01,D01
200600057673,0,07,000,00,2,6,00,C01
200600057673,0,07,000,00,2,5,14,B01
200600057673,0,05,000,00,2,1,01,A01
200600057674,0,07,000,00,2,5,12,B01
200600057674,0,05,000,00,2,2,01,A01
200600057675,0,05,000,00,0,7,02,A01
200600057676,0,05,000,14,0,1,00,A01
200600057677,0,10,000,04,0,2,12,A01
200600057678,0,07,000,00,2,8,11,B01
200600057678,0,14,000,00,2,2,12,A01
200600057679,0,07,000,04,0,1,16,A01
200600057680,0,07,000,03,0,1,14,A01
200600057681,0,07,000,06,0,1,21,A01
200600057682,0,07,000,00,0,0,00,A01
200600057683,0,07,000,00,2,1,02,B01
200600057683,0,07,000,05,0,4,02,A01
200600057684,0,07,000,00,0,8,21,A01
200600057685,0,07,000,00,0,4,02,C01
200600057685,0,07,000,00,2,9,02,B01
200600057685,0,07,000,00,0,1,02,A01
200600057686,0,07,000,00,0,4,01,C01
200600057686,0,07,000,00,2,4,01,B01
200600057686,0,07,000,00,2,1,01,A01
200600057687,0,07,000,00,2,3,11,A01
200600057687,0,04,000,00,2,2,02,B01
200600057688,0,13,000,04,0,0,00,A01
200600057689,0,07,000,16,0,1,14,A01
200600057690,0,07,000,04,0,1,01,A01
200600057691,0,07,000,00,0,2,01,C01
200600057691,0,05,000,00,2,1,03,B01
200600057691,0,05,000,00,2,6,11,A01
200600057692,0,10,000,14,0,1,02,B01
200600057692,0,15,000,00,0,8,02,A01
200600057693,0,07,000,00,0,6,01,B01
200600057693,0,14,000,00,0,2,12,A01
200600057694,0,07,000,00,2,4,02,D01
200600057694,0,07,000,00,2,4,02,C01
200600057694,0,07,000,00,2,1,02,B01
200600057694,0,10,000,00,0,4,02,A01
200600057695,0,07,000,00,0,4,02,A01
200600057695,0,07,000,00,2,1,02,B01
200600057696,0,07,000,00,2,1,01,D01
200600057696,0,07,000,00,2,1,01,C01
200600057696,0,07,000,00,2,1,01,B01
200600057696,0,07,000,01,0,4,01,A01
200600057697,0,07,000,03,0,2,02,A01
200600057698,0,07,000,04,0,1,00,A01
200600057699,0,05,000,04,0,8,02,A01