Num_Acc,senc,catv,occutc,obs,obsm,choc,manv,num_veh
200600057700,0,07,000,00,0,4,01,C01
200600057700,0,07,000,00,2,1,01,B01
200600057700,0,07,000,00,2,4,01,A01
200600057701,0,07,000,00,9,0,02,A01
200600057702,0,07,000,00,0,5,01,B01
200600057702,0,05,000,00,2,1,01,A01
200600057703,0,07,000,04,0,3,02,A01
200600057704,0,10,000,04,0,1,00,A01
200600057705,0,07,000,00,2,2,12,A01
200600057705,0,31,000,00,0,8,01,B01
200600057706,0,07,000,00,0,5,01,B01
200600057706,0,05,000,00,2,1,03,A01
200600057707,0,07,000,01,2,1,02,B01
200600057707,0,07,000,00,0,4,01,A01
200600057708,0,05,000,00,0,3,13,A01
200600057709,0,13,000,00,2,0,00,C01
200600057709,0,07,000,00,2,3,00,B01
200600057709,0,07,000,00,2,0,00,A01
200600057710,0,07,000,00,0,0,00,B01
200600057710,0,05,000,00,2,0,00,A01
200600057711,0,05,000,00,2,2,02,B01
200600057711,0,07,000,00,2,6,11,A01
200600057712,0,07,000,04,0,1,01,A01
200600057713,0,05,000,00,2,8,11,B01
200600057713,0,07,000,00,2,7,12,A01
200600057714,0,07,000,00,0,4,01,C01
200600057714,0,07,000,00,9,0,17,B01
200600057714,0,05,000,00,2,1,01,A01
200600057715,0,05,000,00,2,2,03,B01
200600057715,0,07,000,00,0,6,01,A01
200600057716,0,07,000,00,0,0,00,B01
200600057716,0,05,000,00,2,0,00,A01
200600057717,0,07,000,03,0,1,00,A01
200600057718,0,07,000,04,0,3,02,A01
200600057719,0,07,000,00,0,0,00,A01
200600057720,0,07,000,00,2,3,11,A01
200600057720,0,31,000,00,0,2,01,B01
200600057721,0,07,000,00,2,5,12,B01
200600057721,0,05,000,00,2,6,03,A01
200600057722,0,10,000,00,2,3,01,C01
200600057722,0,07,000,00,2,1,01,B01
200600057722,0,07,000,00,0,4,00,A01
200600057723,0,07,000,00,2,1,01,A01
200600057723,0,07,000,00,0,4,01,B01
200600057724,0,07,000,00,0,0,00,A01
200600057725,0,07,000,00,2,6,02,C01
200600057725,0,07,000,04,2,2,02,B01
200600057725,0,07,000,00,2,3,11,A01
200600057726,0,05,000,00,0,0,00,A01
200600057727,0,07,000,00,0,4,02,C01
200600057727,0,07,000,00,2,9,02,B01
200600057727,0,07,000,00,2,1,02,A01
200600057728,0,07,000,00,0,4,02,A01
200600057728,1,07,000,00,2,1,00,B01
200600057729,0,07,000,00,0,4,02,B01
200600057729,0,07,000,00,2,1,02,A01
200600057730,0,13,000,00,2,2,13,B01
200600057730,0,07,000,04,2,1,17,A01
200600057731,0,07,000,03,0,8,00,D01
200600057731,0,07,000,00,0,1,00,C01
200600057731,0,07,000,00,0,8,00,B01
200600057731,0,07,000,03,2,1,00,A01
200600057732,0,05,000,00,2,1,02,B01
200600057732,0,10,000,00,2,6,11,A01
200600057733,0,07,000,04,0,2,01,A01
200600057734,0,05,000,00,2,2,02,B01
200600057734,0,07,000,00,0,6,02,A01
200600057735,0,05,000,03,0,7,11,A01
200600057736,0,07,000,00,0,9,01,A01
200600057737,0,05,000,00,0,8,21,B01
200600057737,0,07,000,00,0,0,12,A01
200600057738,0,07,000,00,0,4,02,B01
200600057738,0,10,000,00,2,1,02,A01
200600057739,0,07,000,00,2,3,11,B01
200600057739,0,05,000,00,2,7,00,A01
200600057740,0,05,000,14,0,8,02,B01
200600057740,0,07,000,00,0,5,23,A01
200600057741,0,07,000,00,0,6,00,B01
200600057741,0,05,000,00,2,1,00,A01
200600057742,0,05,000,00,0,4,01,B01
200600057742,0,07,000,00,2,1,01,A01
200600057743,0,07,000,00,2,8,01,C01
200600057743,0,07,000,00,0,5,01,B01
200600057743,0,07,000,00,2,3,03,A01
200600057744,0,05,000,00,2,1,00,B01
200600057744,0,07,000,00,0,4,00,A01
200600057745,0,13,000,00,2,3,11,C01
200600057745,0,07,000,00,0,7,01,B01
200600057745,0,13,000,00,2,7,01,A01
200600057746,0,07,000,00,2,1,02,B01
200600057746,0,07,000,00,0,4,00,A01
200600057747,0,07,000,04,0,1,01,A01
200600057748,0,05,000,00,0,4,02,A01
200600057749,0,07,000,00,2,1,01,B01
200600057749,0,07,000,00,0,4,00,A01
200600057750,0,07,000,00,2,1,02,A01
200600057750,0,13,000,00,0,4,02,B01
200600057751,0,07,000,00,2,2,01,B01
200600057751,0,04,000,00,2,3,21,A01
200600057752,0,07,000,16,0,9,02,A01
200600057753,0,07,000,00,0,4,01,A01
200600057753,0,33,000,00,0,4,02,B01
200600057753,0,07,000,00,0,4,01,C01
200600057754,0,07,000,04,2,3,01,A01
200600057755,0,07,000,00,0,0,01,B01
200600057755,0,05,000,00,0,2,01,A01
200600057756,0,07,000,00,2,1,02,A01
200600057756,0,10,000,00,0,4,02,B01
200600057757,0,07,000,00,2,8,01,B01
200600057757,0,07,000,04,0,2,01,A01
200600057758,0,07,000,00,0,4,00,B01
200600057758,0,18,001,00,2,1,00,A01
200600057759,0,07,000,00,2,5,02,B01
200600057759,0,05,000,00,2,3,03,A01
200600057760,0,07,000,00,2,1,02,D01
200600057760,0,07,000,00,2,1,02,C01
200600057760,0,07,000,00,2,4,02,B01
200600057760,0,07,000,00,0,4,01,A01
200600057761,0,13,000,00,2,6,02,B01
200600057761,0,07,000,00,2,1,02,A01
200600057762,0,07,000,00,2,3,01,B01
200600057762,0,07,000,00,2,1,02,A01
200600057763,0,07,000,04,0,1,02,A01
200600057764,0,05,000,00,2,3,03,B01
200600057764,0,07,000,00,2,5,12,A01
200600057765,0,14,000,00,0,7,01,B01
200600057765,0,07,000,00,2,8,11,A01
200600057766,0,07,000,00,2,7,01,B01
200600057766,0,05,000,00,2,8,03,A01
200600057767,0,05,000,00,2,1,01,A01
200600057767,1,07,000,00,2,6,11,B01
200600057768,0,05,000,00,2,1,02,B01
200600057768,0,07,000,00,2,4,02,A01
200600057769,0,07,000,04,0,1,00,A01
200600057770,0,07,000,00,2,7,12,B01
200600057770,0,05,000,00,2,8,01,A01
200600057771,0,05,000,00,0,7,16,A01
200600057772,0,07,000,03,0,1,01,A01
200600057773,0,05,000,03,2,8,00,A01
200600057774,0,10,000,04,0,9,02,A01
200600057775,0,07,000,00,0,4,01,C01
200600057775,0,07,000,00,2,4,01,B01
200600057775,0,10,000,00,2,1,01,A01
200600057776,0,07,000,03,2,6,00,B01
200600057776,0,07,000,00,2,6,01,A01
200600057777,0,31,000,00,2,8,03,A01
200600057777,0,07,000,00,2,2,01,B01
200600057778,0,07,000,00,2,7,12,A01
200600057778,0,33,000,00,2,8,11,B01
200600057779,0,10,000,00,2,1,02,A01
200600057779,0,07,000,00,2,4,02,B01
200600057780,0,07,000,03,0,3,16,A01
200600057781,0,07,000,00,2,3,02,A01
200600057781,0,07,000,00,0,5,02,B01
200600057782,0,07,000,03,0,0,00,A01
200600057783,0,99,000,00,9,1,01,A01
200600057783,0,07,000,00,2,1,12,B01
200600057783,0,33,000,03,0,3,02,C01
200600057784,0,07,000,02,2,4,12,A01
200600057784,0,33,000,00,2,1,02,B01
200600057785,0,34,000,00,2,1,01,A01
200600057785,1,07,000,00,0,0,11,B01
200600057786,0,07,000,00,2,1,12,A01
200600057786,0,07,000,00,2,1,23,B01
200600057786,0,07,000,00,0,4,23,C01
200600057787,0,07,000,00,2,7,17,A01
200600057787,0,07,000,00,2,2,01,B01
200600057788,0,07,000,00,2,1,02,A01
200600057788,0,07,000,00,2,4,02,B01
200600057789,0,31,000,00,0,1,03,A01
200600057790,0,15,000,00,2,1,01,A01
200600057790,0,07,000,00,0,4,01,B01
200600057791,0,34,000,00,2,3,00,A01
200600057791,0,07,000,00,2,2,00,B01
200600057792,0,34,000,03,0,1,02,A01
200600057793,0,07,000,04,0,3,00,A01
200600057794,0,33,000,00,2,1,02,A01
200600057794,0,07,000,00,2,5,02,B01
200600057795,0,31,000,00,2,1,03,A01
200600057795,0,10,000,00,0,5,01,B01
200600057796,0,32,000,04,0,3,01,A01
200600057797,0,07,000,00,2,3,02,A01
200600057797,0,07,000,00,2,4,02,B01
200600057798,0,99,000,00,0,5,02,A01
200600057798,0,33,000,00,2,1,02,B01
200600057799,0,07,000,00,0,4,02,A01
200600057799,0,07,000,00,2,4,02,B01
200600057799,0,07,000,00,2,4,02,C01
200600057799,0,07,000,00,2,4,02,D01
200600057799,0,07,000,00,2,1,02,E01
200600057800,0,07,000,00,2,1,00,A01
200600057800,0,07,000,00,0,6,00,B01
200600057801,0,15,000,00,2,2,14,A01
200600057801,0,07,000,00,2,6,01,B01
200600057802,0,07,000,00,0,5,01,A01
200600057802,0,07,000,00,2,3,02,B01
200600057802,0,07,000,00,0,0,02,C01
200600057803,0,07,000,00,2,2,12,A01
200600057803,0,33,000,00,2,8,03,B01
200600057804,0,33,000,00,2,7,01,A01
200600057804,0,07,000,00,2,3,10,B01
200600057805,0,17,000,00,0,4,02,A01
200600057805,0,10,000,03,0,1,02,B01
200600057806,0,33,000,00,2,3,03,A01
200600057806,0,07,000,00,2,5,12,B01
200600057807,0,07,000,00,2,2,12,A01
200600057807,0,33,000,00,2,3,03,B01
200600057808,0,33,000,00,0,0,03,A01
200600057809,0,07,000,00,2,7,01,A01
200600057809,0,33,000,00,2,6,03,B01
200600057810,0,07,000,00,2,8,01,B01
200600057810,0,07,000,00,2,2,00,A01
200600057811,0,07,000,15,0,1,02,A01
200600057812,0,07,000,00,0,2,01,A01
200600057813,0,33,000,00,2,8,00,A01
200600057813,0,07,000,00,2,2,00,B01
200600057814,0,33,000,03,0,8,01,A01
200600057815,0,33,000,00,0,0,01,A01
200600057816,0,07,000,00,2,1,02,A01
200600057816,0,07,000,00,2,4,02,B01
200600057817,0,33,000,00,0,8,03,A01
200600057818,0,07,000,04,0,3,11,A01
200600057819,0,15,000,04,0,1,13,A01
200600057820,0,33,000,00,0,3,02,A01
200600057820,0,33,000,00,0,2,00,B01
200600057821,0,10,000,00,0,6,01,A01
200600057821,0,33,000,00,2,1,03,B01
200600057822,0,07,000,07,0,1,09,A01
200600057823,0,07,000,04,0,8,00,A01
200600057824,0,07,000,00,2,3,09,A01
200600057824,0,07,000,00,2,2,01,B01
200600057825,0,07,000,00,2,3,03,A01
200600057825,1,07,000,00,2,0,00,B01
200600057826,0,07,000,04,0,3,13,A01
200600057827,0,07,000,04,0,3,01,A01
200600057827,0,07,000,00,2,1,01,B01
200600057827,0,07,000,00,2,3,21,C01
200600057827,0,07,000,00,2,1,21,D01
200600057827,0,07,000,00,2,2,21,E01
200600057828,0,07,000,12,0,2,06,A01
200600057828,0,07,000,00,0,5,21,B01
200600057828,0,07,000,00,2,3,01,C01
200600057829,0,07,000,00,0,6,01,A01
200600057829,0,33,000,00,2,1,02,B01
200600057830,0,07,000,00,0,4,01,A01
200600057830,0,10,000,00,2,1,02,B01
200600057831,0,10,000,00,0,5,01,A01
200600057831,0,33,000,00,2,1,02,B01
200600057832,0,07,000,00,0,6,01,A01
200600057832,0,10,000,00,1,7,02,B01
200600057832,0,33,000,00,2,1,03,C01
200600057833,0,07,000,00,0,4,01,A01
200600057833,0,33,000,00,2,1,02,B01
200600057834,0,07,000,00,0,4,01,A01
200600057834,0,07,000,00,2,1,01,B01
200600057835,0,15,000,00,0,6,02,A01
200600057835,0,10,000,00,0,5,02,B01
200600057835,0,33,000,00,2,1,03,C01
200600057836,0,10,000,00,0,4,11,A01
200600057836,0,31,000,00,2,8,18,B01
200600057837,0,31,000,00,2,3,03,A01
200600057837,0,07,000,00,2,5,01,B01
200600057838,0,07,000,04,0,1,00,A01
200600057839,0,10,000,13,0,9,13,A01
200600057840,0,07,000,07,0,1,14,A01
200600057841,0,07,000,00,2,5,01,A01
200600057841,0,33,000,00,2,1,01,B01
200600057842,0,07,000,00,0,4,02,A01
200600057842,0,07,000,00,2,1,02,B01
200600057843,0,15,000,00,2,2,12,A01
200600057843,0,07,000,00,2,8,02,B01
200600057844,0,07,000,00,2,3,11,A01
200600057844,0,10,000,00,0,2,01,B01
200600057845,0,07,000,03,0,3,13,A01
200600057846,0,10,000,00,2,1,02,A01
200600057846,0,10,000,00,0,4,02,B01
200600057847,0,07,000,00,0,6,00,A01
200600057847,0,07,000,00,2,1,00,B01
200600057848,0,33,000,00,2,1,09,A01
200600057848,0,07,000,00,0,4,01,B01
200600057849,0,07,000,00,0,6,01,A01
200600057849,0,33,000,00,2,1,02,B01
200600057850,0,02,000,00,2,7,17,A01
200600057850,0,07,000,00,0,8,01,B01
200600057851,0,07,000,00,2,2,00,A01
200600057851,0,07,000,00,0,8,01,B01
200600057852,0,07,000,00,1,4,04,A01
200600057853,0,02,000,00,2,1,13,A01
200600057853,0,07,000,00,2,1,01,B01
200600057854,0,33,000,09,0,1,01,A01
200600057855,0,10,000,00,2,1,00,A01
200600057855,0,02,000,00,2,8,01,B01
200600057856,0,07,000,00,2,2,09,A01
200600057856,0,07,000,00,2,4,01,B01
200600057857,0,07,000,14,2,6,04,A01
200600057857,0,07,000,00,2,5,01,B01
200600057858,0,07,000,00,1,0,00,A01
200600057859,0,07,000,00,2,1,02,A01
200600057859,0,07,000,00,2,4,02,B01
200600057859,0,07,000,00,0,0,02,C01
200600057860,0,07,000,00,2,0,00,B01
200600057860,0,07,000,00,2,0,00,A01
200600057861,0,07,000,00,2,4,20,A01
200600057861,0,07,000,00,0,1,01,B01
200600057862,0,07,000,06,0,1,01,A01
200600057863,0,14,000,00,2,0,02,A01
200600057863,0,07,000,00,2,4,02,B01
200600057863,0,07,000,00,2,4,02,C01
200600057864,0,07,000,00,2,3,13,A01
200600057864,0,07,000,00,2,1,01,B01
200600057865,0,33,000,06,0,1,01,A01
200600057866,0,07,000,00,2,3,01,A01
200600057866,0,07,000,00,2,2,16,B01
200600057867,0,07,000,00,2,3,19,A01
200600057867,0,33,000,00,2,0,01,B01
200600057868,0,07,000,00,2,1,16,A01
200600057868,0,07,000,00,2,0,01,B01
200600057869,0,07,000,00,2,3,15,A01
200600057869,0,33,000,00,2,7,00,B01
200600057870,0,07,000,00,2,6,04,A01
200600057870,0,07,000,00,2,0,00,B01
200600057871,0,07,000,01,1,0,00,A01
200600057872,0,07,000,00,0,1,00,A01
200600057872,0,07,000,00,2,6,00,B01
200600057873,0,33,000,00,2,0,01,A01
200600057873,0,07,000,00,2,0,15,B01
200600057874,0,07,000,14,2,0,17,A01
200600057874,0,31,000,00,2,4,01,B01
200600057875,0,07,000,00,2,3,01,A01
200600057875,0,07,000,00,2,2,15,B01
200600057876,0,20,000,00,2,0,00,A01
200600057876,0,07,000,00,9,2,01,B01
200600057876,0,07,000,01,2,4,00,C01
200600057876,0,07,000,01,2,4,00,D01
200600057877,0,07,000,00,2,0,00,A01
200600057877,0,30,000,00,2,0,00,B01
200600057878,0,07,000,00,2,1,02,A01
200600057878,0,07,000,00,2,0,02,B01
200600057879,0,07,000,00,1,4,04,A01
200600057880,0,02,000,00,2,2,01,A01
200600057880,0,33,000,00,2,1,01,B01
200600057881,0,07,000,00,1,2,01,A01
200600057882,0,07,000,00,2,3,11,A01
200600057882,0,05,000,00,2,2,01,B01
200600057883,0,99,000,00,1,1,01,A01
200600057883,0,07,000,00,1,7,01,B01
200600057884,0,33,000,00,2,1,01,A01
200600057884,0,07,000,00,0,2,19,B01
200600057885,0,17,000,00,2,0,00,A01
200600057885,0,07,000,00,2,0,00,B01
200600057886,0,17,000,00,0,0,00,A01
200600057886,0,10,000,00,0,0,00,B01
200600057887,0,33,000,00,0,0,00,A01
200600057888,0,07,000,00,0,0,00,A01
200600057888,0,07,000,00,0,0,00,B01
200600057888,0,07,000,00,0,4,00,C01
200600057889,0,17,000,00,2,0,00,A01
200600057889,0,07,000,00,2,0,00,B01
200600057890,0,07,000,00,2,0,00,A01
200600057890,0,33,000,00,2,1,01,B01
200600057891,1,07,000,00,0,0,00,A01
200600057891,0,07,000,00,0,0,00,B01
200600057892,0,33,000,00,0,0,00,A01
200600057892,0,07,000,00,0,0,00,B01
200600057893,0,17,000,00,0,0,00,A01
200600057893,0,07,000,00,0,0,00,B01
200600057893,0,07,000,00,0,0,00,C01
200600057894,0,10,000,00,2,0,00,A01
200600057894,0,33,000,00,2,0,00,B01
200600057895,0,17,000,00,2,0,00,A01
200600057895,0,07,000,00,2,0,00,B01
200600057896,0,07,000,00,0,0,00,A01
200600057896,0,17,000,00,0,0,00,B01
200600057897,0,33,000,00,2,1,00,A01
200600057897,0,07,000,00,2,4,00,B01
200600057898,0,07,000,00,0,7,14,A01
200600057899,0,33,000,03,0,0,00,A01
200600057900,0,07,000,00,2,4,01,A01
200600057900,0,07,000,00,2,1,02,B01
200600057900,0,07,000,00,2,4,02,C01
200600057901,0,10,000,00,0,0,00,A01
200600057901,0,07,000,00,0,0,00,B01
200600057901,0,07,000,00,0,0,00,C01
200600057901,0,07,000,00,1,0,00,D01
200600057902,0,07,000,00,0,0,21,A01
200600057903,0,14,000,00,0,0,12,A01
200600057903,0,07,000,04,0,0,01,B01
200600057904,0,07,000,00,2,1,01,A01
200600057904,1,07,000,00,2,4,01,B01
200600057905,0,07,000,04,0,1,00,A01
200600057906,0,07,000,07,0,1,01,A01
200600057907,0,07,000,00,2,0,00,A01
200600057907,0,07,000,00,2,0,00,B01
200600057908,0,07,000,00,2,8,13,A01
200600057908,0,33,000,00,2,7,01,B01
200600057909,0,07,000,03,0,1,13,A01
200600057909,1,13,000,00,0,0,13,B01
200600057910,0,07,000,00,0,0,00,A01
200600057910,0,07,000,00,0,0,00,B01
200600057911,0,33,000,00,2,1,01,A01
200600057911,0,07,000,00,0,5,03,B01
200600057911,0,07,000,00,0,6,01,C01
200600057912,0,33,000,00,0,0,00,A01
200600057913,0,17,000,00,1,0,00,A01
200600057914,0,07,000,00,0,0,00,A01
200600057915,0,33,000,00,0,0,00,A01
200600057916,0,33,000,00,0,0,00,A01
200600057917,0,07,000,00,2,1,00,A01
200600057917,0,16,000,00,0,4,01,B01
200600057918,0,17,000,00,2,1,01,A01
200600057918,0,17,000,00,0,4,01,B01
200600057919,0,07,000,04,0,0,00,A01
200600057920,0,07,000,03,0,0,00,A01
200600057921,0,07,000,00,0,4,01,B01
200600057921,0,07,000,00,2,1,01,A01
200600057922,0,33,000,00,0,0,00,A01
200600057923,0,33,000,00,0,0,00,A01
200600057924,0,07,000,13,0,0,00,A01
200600057925,0,14,000,00,0,0,12,A01
200600057925,0,07,000,00,0,4,01,B01
200600057925,0,07,000,00,2,1,01,C01
200600057925,0,07,000,00,2,1,01,D01
200600057926,0,07,000,00,2,0,00,A01
200600057926,0,07,000,00,2,0,00,B01
200600057927,0,14,000,00,2,1,01,A01
200600057927,0,07,000,00,2,3,01,B01
200600057927,0,07,000,00,2,1,01,C01
200600057928,0,07,000,03,0,0,00,A01
200600057929,0,14,000,00,2,1,01,A01
200600057929,0,07,000,00,0,4,01,B01
200600057930,0,07,000,00,2,4,01,A01
200600057931,0,07,000,00,0,0,01,A01
200600057932,0,07,000,03,0,1,01,A01
200600057933,0,33,000,13,0,1,01,A01
200600057933,0,07,000,04,0,4,01,B01
200600057934,0,07,000,00,2,1,12,A01
200600057934,0,07,000,00,0,7,01,B01
200600057935,0,05,000,00,0,0,01,A01
200600057936,0,01,000,00,2,1,01,A01
200600057936,0,07,000,00,2,4,23,B01
200600057937,0,07,000,00,2,2,15,A01
200600057937,0,07,000,00,2,3,01,B01
200600057938,0,07,000,00,2,3,01,A01
200600057938,0,07,000,00,2,1,01,B01
200600057939,0,07,000,00,2,1,02,A01
200600057939,0,07,000,00,0,4,01,B01
200600057940,0,07,000,00,1,2,01,A01
200600057941,0,07,000,00,0,4,01,A01
200600057941,0,05,000,00,2,1,02,B01
200600057942,0,07,000,00,2,3,01,A01
200600057942,0,05,000,01,2,7,01,B01
200600057943,0,07,000,00,2,7,14,A01
200600057943,0,05,000,00,2,0,23,B01
200600057944,0,05,000,00,2,8,14,A01
200600057944,0,07,000,00,2,8,01,B01
200600057945,0,07,000,00,1,1,15,A01
200600057946,0,07,000,00,9,2,16,A01
200600057946,0,01,000,00,2,1,01,B01
200600057947,0,07,000,00,2,2,14,A01
200600057947,0,05,000,00,2,8,01,B01
200600057948,0,07,000,00,2,4,04,A01
200600057948,0,05,000,00,2,1,23,B01
200600057949,0,04,000,00,2,1,01,A01
200600057949,0,07,000,00,2,8,01,B01
200600057950,0,07,000,00,2,1,01,A01
200600057950,0,07,000,00,2,4,01,B01
200600057951,0,07,000,00,2,1,02,A01
200600057951,0,07,000,00,0,4,01,B01
200600057952,0,07,000,00,2,2,10,A01
200600057952,0,05,000,00,2,1,01,B01
200600057953,0,07,000,00,2,2,01,A01
200600057953,0,07,000,00,2,1,01,B01
200600057954,0,07,000,00,1,1,08,A01
200600057955,0,04,000,00,2,1,01,A01
200600057955,0,07,000,00,2,7,01,B01
200600057956,0,07,000,00,2,3,15,A01
200600057956,0,02,000,00,2,1,17,B01
200600057957,0,07,000,00,1,2,16,A01
200600057958,0,02,000,00,2,1,08,A01
200600057958,0,07,000,00,2,3,20,B01
200600057959,0,07,000,00,2,5,04,A01
200600057959,0,04,000,00,2,2,01,B01
200600057960,0,02,000,00,2,1,01,B01
200600057960,0,07,000,00,2,1,01,A01
200600057961,0,07,000,00,2,7,01,A01
200600057961,0,07,000,00,2,1,01,B01
200600057962,0,19,000,00,1,2,01,A01
200600057963,0,07,000,00,0,0,15,A01
200600057963,0,05,000,00,2,1,01,B01
200600057964,0,07,000,00,1,3,15,A01
200600057965,0,07,000,00,2,1,01,A01
200600057965,0,07,000,00,1,4,01,B01
200600057966,0,07,000,00,2,1,00,B01
200600057966,0,07,000,00,2,7,01,A01
200600057967,0,07,000,01,0,1,00,A01
200600057968,0,07,000,00,0,3,15,A01
200600057968,0,31,000,00,2,1,17,B01
200600057969,0,07,000,00,2,8,01,A01
200600057969,0,37,003,00,2,3,00,B01
200600057970,0,07,000,07,0,0,13,A01
200600057971,0,14,000,00,1,2,14,A01
200600057971,0,07,000,00,0,3,23,B01
200600057971,0,07,000,00,0,3,23,C01
200600057972,0,05,000,00,0,1,14,A01
200600057973,0,07,000,00,2,8,11,A01
200600057973,0,07,000,00,0,2,01,B01
200600057974,0,05,000,00,2,1,01,A01
200600057974,0,07,000,00,0,4,01,B01
200600057975,0,17,000,00,2,2,12,A01
200600057975,0,07,000,00,0,8,01,B01
200600057976,0,07,000,00,2,1,01,A01
200600057976,0,17,000,00,0,4,01,B01
200600057977,0,07,000,00,2,4,23,B01
200600057977,0,07,000,03,2,1,13,A01
200600057978,0,07,000,00,0,1,21,A01
200600057979,0,05,000,00,2,2,17,A01
200600057979,0,07,000,00,2,6,11,B01
200600057980,0,07,000,04,0,3,13,A01
200600057981,0,07,000,00,2,1,01,B01
200600057981,0,07,000,00,0,0,21,F01
200600057981,0,15,000,09,2,1,14,A01
200600057981,0,17,000,00,2,3,21,C01
200600057981,0,07,000,00,2,3,21,D01
200600057981,0,07,000,00,0,0,21,G01
200600057981,0,07,000,04,2,8,21,E01
200600057982,0,07,000,03,0,1,13,A01
200600057983,0,07,000,03,0,1,13,A01
200600057984,0,07,000,00,2,1,02,A01
200600057984,0,07,000,00,2,4,02,B01
200600057984,0,07,000,00,2,4,23,C01
200600057984,0,07,000,00,0,4,23,D01
200600057985,0,07,000,08,0,1,14,A01
200600057986,0,15,000,00,2,2,12,A01
200600057986,0,07,000,00,2,6,21,B01
200600057987,0,07,000,00,0,0,14,A01
200600057988,0,07,000,00,2,1,14,A01
200600057988,0,07,000,00,2,4,21,B01
200600057988,0,07,000,00,0,4,21,C01
200600057989,0,15,000,00,2,2,12,A01
200600057989,0,07,000,00,2,8,21,B01
200600057990,0,07,000,03,0,2,14,A01
200600057991,0,07,000,00,0,0,21,A01
200600057992,0,07,000,00,2,1,13,A01
200600057992,0,07,000,00,2,6,21,B01
200600057992,0,07,000,00,2,4,21,C01
200600057993,0,07,000,00,2,2,14,A01
200600057993,0,07,000,00,2,4,21,B01
200600057993,0,07,000,00,2,1,21,C01
200600057994,0,15,000,00,2,1,02,A01
200600057994,0,15,000,00,2,4,02,B01
200600057994,0,15,000,00,2,4,02,C01
200600057995,0,05,000,00,2,8,11,B01
200600057995,0,07,000,00,2,2,14,A01
200600057996,0,07,000,00,2,1,02,A01
200600057996,0,07,000,00,2,4,02,B01
200600057997,0,10,000,00,2,1,02,A01
200600057997,0,07,000,00,2,4,02,B01
200600057998,0,07,000,00,2,1,02,A01
200600057998,0,10,000,00,2,4,23,B01
200600057999,0,07,000,00,0,9,14,A01
200600058000,0,07,000,00,2,3,11,A01
200600058000,0,05,000,00,2,7,03,B01
200600058001,0,05,000,00,2,1,21,A01
200600058001,0,07,000,00,0,5,01,B01
200600058002,0,07,000,04,0,1,21,A01
200600058003,0,07,000,00,2,7,00,A01
200600058003,0,30,000,00,2,1,01,B01
200600058004,0,07,000,00,2,1,01,A01
200600058004,0,07,000,00,2,1,15,B01
200600058005,0,07,000,00,1,2,00,A01
200600058006,0,14,000,00,2,3,01,B01
200600058006,0,07,000,00,2,1,13,A01
200600058007,0,07,000,00,0,4,01,A01
200600058007,0,07,000,03,0,4,23,F01
200600058007,0,07,000,00,2,1,02,B01
200600058007,0,07,000,00,2,3,02,G01
200600058007,0,07,000,03,0,4,21,C01
200600058007,0,07,000,00,2,4,01,H01
200600058007,0,07,000,00,2,1,02,D01
200600058007,0,07,000,00,2,1,02,E01
200600058008,0,07,000,03,0,3,01,A01
200600058009,0,07,000,00,0,4,23,A01
200600058009,0,07,000,00,2,1,02,B01
200600058010,0,07,000,04,0,2,12,A01
200600058011,0,07,000,00,0,4,01,A01
200600058011,0,07,000,00,2,1,02,B01
200600058012,0,07,000,03,0,6,01,A01
200600058012,0,17,000,00,2,2,12,B01
200600058012,0,07,000,00,2,1,17,C01
200600058013,0,17,000,00,2,2,01,A01
200600058013,0,07,000,04,2,3,01,B01
200600058014,0,07,000,03,0,5,17,A01
200600058014,0,07,000,03,2,6,11,B01
200600058014,0,07,000,00,2,3,01,C01
200600058015,0,07,000,00,0,6,01,A01
200600058015,0,07,000,04,2,3,13,B01
200600058016,0,07,000,00,0,8,01,A01
200600058016,0,07,000,03,2,7,12,B01
200600058017,0,07,000,00,0,0,09,A01
200600058017,0,34,000,00,0,7,21,C01
200600058017,0,07,000,00,0,0,23,B01
200600058018,0,10,000,00,2,1,01,A01
200600058018,0,07,000,00,0,4,01,B01
200600058019,0,07,000,00,2,6,11,A01
200600058019,0,33,000,00,0,7,17,B01
200600058020,0,07,000,03,0,8,01,A01
200600058021,0,07,000,00,2,2,02,C01
200600058021,0,07,000,00,0,6,01,B01
200600058021,0,15,000,00,2,2,12,A01
200600058022,0,07,000,13,0,1,14,A01
200600058023,0,07,000,00,0,5,23,B01
200600058023,0,07,000,14,0,1,02,A01
200600058024,0,07,000,03,0,1,01,A01
200600058025,0,07,000,00,2,8,21,B01
200600058025,0,07,000,00,2,8,21,C01
200600058025,0,07,000,00,2,3,05,A01
200600058026,0,07,000,13,0,1,01,A01
200600058027,0,10,000,03,2,1,02,B01
200600058027,0,07,000,00,0,4,02,A01
200600058028,0,07,000,00,2,8,09,A01
200600058028,1,07,000,00,2,1,01,B01
200600058029,0,05,000,07,0,1,01,A01
200600058030,0,02,000,01,0,1,01,A01
200600058030,0,07,000,00,2,4,23,B01
200600058031,0,07,000,00,2,1,01,A01
200600058031,0,07,000,00,2,8,01,B01
200600058032,0,02,000,00,2,2,17,A01
200600058032,0,07,000,00,2,3,15,B01
200600058033,0,07,000,00,2,3,01,A01
200600058033,0,07,000,00,2,7,23,B01
200600058033,0,07,000,00,2,5,23,C01
200600058034,0,07,000,00,2,1,01,A01
200600058034,0,05,000,00,2,8,01,B01