Num_Acc,senc,catv,occutc,obs,obsm,choc,manv,num_veh
200600058035,0,07,000,00,2,5,01,A01
200600058035,0,07,000,00,2,2,01,B01
200600058036,0,07,000,00,2,1,01,A01
200600058036,0,07,000,00,2,5,01,B01
200600058037,0,01,000,00,2,1,01,A01
200600058037,0,07,000,00,2,1,15,B01
200600058038,0,07,000,02,0,1,16,A01
200600058039,0,07,000,00,2,2,16,A01
200600058039,0,01,000,00,2,1,01,B01
200600058040,0,07,000,00,2,3,24,A01
200600058040,0,01,000,01,0,1,01,B01
200600058041,0,07,000,00,1,1,01,A01
200600058042,0,01,000,00,2,1,01,A01
200600058042,0,07,000,00,2,4,23,B01
200600058043,0,07,000,00,2,3,01,A01
200600058043,0,07,000,00,2,2,01,B01
200600058044,0,01,000,00,2,1,01,A01
200600058044,0,07,000,00,2,2,01,B01
200600058045,0,07,000,00,2,1,01,A01
200600058045,0,02,000,00,2,1,15,B01
200600058046,0,02,000,00,2,1,01,A01
200600058046,0,07,000,00,2,1,01,B01
200600058047,0,05,000,01,0,0,01,A01
200600058048,0,04,000,00,2,7,01,A01
200600058048,0,07,000,00,2,3,15,B01
200600058049,0,07,000,00,2,2,01,A01
200600058049,0,05,000,00,2,1,01,B01
200600058050,0,07,000,00,1,2,01,A01
200600058051,0,07,000,00,2,1,01,A01
200600058051,0,07,000,00,2,6,01,B01
200600058052,0,07,000,00,2,2,15,A01
200600058052,0,07,000,00,2,1,01,B01
200600058053,1,07,000,00,2,0,01,A01
200600058053,0,30,000,09,0,3,01,B01
200600058054,0,07,000,00,2,1,13,A01
200600058054,0,33,000,00,2,7,01,B01
200600058055,0,07,000,00,2,3,13,A01
200600058055,0,07,000,00,2,2,01,B01
200600058056,0,37,000,00,2,1,01,B01
200600058056,0,07,000,00,2,7,01,A01
200600058057,0,07,000,00,1,3,01,A01
200600058058,0,33,000,14,9,1,01,A01
200600058059,0,17,000,13,0,7,21,A01
200600058059,1,07,000,00,0,0,17,B01
200600058060,0,07,000,04,0,1,11,A01
200600058061,0,33,000,03,2,2,14,A01
200600058061,0,07,000,00,0,8,01,B01
200600058062,0,33,000,00,2,1,03,A01
200600058062,0,07,000,00,0,6,01,B01
200600058063,0,17,000,00,2,2,01,A01
200600058063,0,07,000,00,2,6,03,B01
200600058064,0,07,000,04,0,1,00,A01
200600058065,0,07,000,04,0,3,02,A01
200600058066,0,32,000,00,0,8,14,A01
200600058067,0,10,000,00,1,2,02,A01
200600058068,0,07,000,04,2,2,12,A01
200600058068,0,07,000,04,2,8,00,B01
200600058069,0,07,000,00,1,3,00,A01
200600058070,0,10,000,00,2,1,02,A01
200600058070,0,07,000,00,2,4,02,B01
200600058070,0,07,000,00,2,4,02,C01
200600058070,0,07,000,00,0,4,02,D01
200600058071,0,07,000,00,0,4,05,C01
200600058071,0,07,000,00,2,4,05,B01
200600058071,0,07,000,00,2,2,03,A01
200600058072,0,07,000,00,2,1,02,A01
200600058072,0,07,000,00,0,5,02,B01
200600058073,0,07,000,00,2,1,02,A01
200600058073,0,07,000,00,2,4,02,B01
200600058073,0,07,000,00,2,4,02,C01
200600058073,0,07,000,00,0,4,02,D01
200600058074,0,07,000,00,2,1,02,A01
200600058074,0,15,000,00,2,4,01,B01
200600058075,0,07,000,00,2,1,02,A01
200600058075,0,07,000,00,2,4,02,B01
200600058075,0,07,000,00,2,4,02,C01
200600058076,0,07,000,00,0,7,12,A01
200600058076,0,14,000,00,2,8,11,B01
200600058077,0,07,000,00,0,1,09,A01
200600058077,0,07,000,10,0,2,01,B01
200600058078,0,07,000,00,2,1,02,A01
200600058078,1,07,000,00,0,0,02,B01
200600058079,0,07,000,04,0,1,00,A01
200600058079,1,07,000,00,0,0,00,B01
200600058080,0,07,000,00,2,1,02,A01
200600058080,0,07,000,00,2,4,02,B01
200600058081,0,17,000,00,2,1,02,A01
200600058081,0,07,000,00,0,4,02,B01
200600058082,0,07,000,00,2,1,02,A01
200600058082,0,07,000,00,0,4,00,B01
200600058083,0,10,000,00,0,3,01,A01
200600058083,0,10,000,00,2,1,01,B01
200600058084,0,31,000,00,0,7,02,A01
200600058085,0,15,000,01,0,2,01,A01
200600058085,0,10,000,03,0,6,24,B01
200600058086,0,07,000,00,2,1,02,A01
200600058086,0,07,000,00,2,1,02,B01
200600058086,0,07,000,00,2,4,02,C01
200600058087,0,33,000,04,0,1,01,A01
200600058088,0,07,000,12,2,1,01,A01
200600058088,0,07,000,00,2,4,01,B01
200600058088,0,07,000,00,0,5,01,C01
200600058089,0,07,000,04,0,1,01,A01
200600058090,0,07,000,04,0,1,16,A01
200600058091,0,07,000,00,2,1,02,A01
200600058091,0,07,000,00,2,4,02,B01
200600058091,0,07,000,00,9,1,02,C01
200600058091,0,07,000,00,0,4,02,D01
200600058092,0,07,000,15,0,1,02,A01
200600058092,0,07,000,15,0,4,23,B01
200600058092,0,07,000,00,0,4,23,C01
200600058093,0,07,000,00,2,1,02,A01
200600058093,0,07,000,00,2,4,02,B01
200600058093,0,07,000,00,0,4,02,C01
200600058094,0,10,000,00,2,1,01,A01
200600058094,0,07,000,00,0,4,02,B01
200600058095,0,10,000,00,2,3,02,A01
200600058095,0,07,000,00,2,4,02,B01
200600058096,0,07,000,04,0,3,13,A01
200600058097,0,07,000,00,1,1,15,A01
200600058098,0,07,000,00,1,0,00,A01
200600058099,0,02,000,00,2,1,01,A01
200600058099,0,10,000,00,2,4,01,B01
200600058100,0,07,000,00,1,2,17,A01
200600058101,0,30,000,00,0,0,11,A01
200600058102,0,07,000,00,1,3,22,A01
200600058102,0,01,000,01,0,7,21,B01
200600058103,0,07,000,00,1,2,00,A01
200600058104,0,33,000,04,0,3,02,A01
200600058105,0,02,000,00,2,1,02,A01
200600058105,0,07,000,00,0,6,02,B01
200600058106,0,07,000,12,0,2,16,A01
200600058107,0,07,000,00,2,1,02,A01
200600058107,0,07,000,00,2,4,02,B01
200600058107,0,34,000,00,2,4,02,C01
200600058107,0,07,000,00,2,4,02,D01
200600058108,0,34,000,00,2,1,03,A01
200600058108,0,07,000,00,0,4,01,B01
200600058109,0,07,000,00,2,1,02,A01
200600058109,0,07,000,00,2,4,02,B01
200600058109,0,07,000,00,2,4,02,C01
200600058110,0,10,000,00,0,8,11,A01
200600058110,0,33,000,00,2,2,01,B01
200600058111,0,07,000,00,2,5,02,A01
200600058111,0,18,000,00,2,3,02,B01
200600058112,0,33,000,00,2,8,02,B01
200600058112,0,07,000,00,2,7,14,A01
200600058113,0,33,000,00,2,3,12,A01
200600058113,0,07,000,00,0,5,01,B01
200600058114,0,34,000,12,0,9,01,A01
200600058115,0,33,000,00,1,2,21,A01
200600058116,0,07,000,00,2,1,02,B01
200600058116,0,07,000,00,0,4,01,A01
200600058117,0,07,000,00,0,2,02,B01
200600058117,0,07,000,00,2,1,02,E01
200600058117,0,07,000,00,0,3,02,A01
200600058117,0,14,000,00,2,1,02,D01
200600058117,0,14,000,00,0,4,02,C01
200600058118,0,07,000,04,0,2,01,A01
200600058119,0,33,000,00,0,8,12,B01
200600058119,0,07,000,00,0,4,12,A01
200600058120,0,34,000,04,0,4,02,A01
200600058121,0,07,000,00,0,9,21,A01
200600058122,0,33,000,00,2,1,00,B01
200600058122,0,07,000,03,2,6,01,A01
200600058123,0,07,000,00,2,3,02,B01
200600058123,1,07,000,00,2,7,02,A01
200600058124,0,07,000,05,0,1,00,A01
200600058125,0,07,000,00,2,7,02,B01
200600058125,0,07,000,00,0,6,01,A01
200600058126,0,10,000,00,1,2,02,A01
200600058127,0,07,000,00,2,3,05,A01
200600058127,0,07,000,00,2,3,21,B01
200600058128,0,07,000,00,2,3,02,B01
200600058128,0,07,000,00,0,4,01,A01
200600058129,0,07,000,00,2,1,02,B01
200600058129,0,07,000,00,0,4,02,A01
200600058130,0,07,000,00,0,9,00,A01
200600058131,0,07,000,00,0,0,00,A01
200600058132,0,07,000,04,0,3,01,A01
200600058133,0,07,000,00,2,1,02,B01
200600058133,0,07,000,00,0,4,02,A01
200600058134,0,07,000,00,0,8,00,A01
200600058135,0,07,000,03,0,9,01,A01
200600058136,0,07,000,03,0,1,01,A01
200600058137,0,07,000,00,2,4,02,A01
200600058137,0,07,000,00,2,1,02,B01
200600058138,0,07,000,03,0,1,12,B01
200600058138,0,07,000,03,0,3,00,A01
200600058139,0,10,000,00,0,4,02,A01
200600058139,0,07,000,00,2,1,02,B01
200600058140,0,15,000,00,0,2,14,A01
200600058141,0,10,000,03,0,3,02,A01
200600058142,0,07,000,13,0,2,00,A01
200600058143,0,07,000,00,0,2,00,A01
200600058144,0,07,000,00,0,4,02,A01
200600058144,0,07,000,00,2,1,02,C01
200600058144,0,07,000,00,2,4,02,B01
200600058145,0,07,000,00,2,6,02,A01
200600058145,0,07,000,00,0,8,13,B01
200600058146,0,07,000,00,2,7,02,B01
200600058146,0,07,000,03,2,1,02,A01
200600058146,0,07,000,00,2,1,02,C01
200600058147,0,07,000,03,0,0,00,A01
200600058148,0,17,000,03,0,3,11,A01
200600058149,0,33,000,03,2,7,01,A01
200600058149,0,07,000,00,2,3,13,B01
200600058150,0,07,000,00,2,1,02,B01
200600058150,0,07,000,00,0,5,02,A01
200600058150,0,07,000,00,2,4,01,C01
200600058151,0,07,000,00,2,1,02,B01
200600058151,0,07,000,00,0,4,02,A01
200600058152,0,07,000,00,0,1,02,A01
200600058153,0,10,000,00,2,1,02,C01
200600058153,0,07,000,00,2,1,02,B01
200600058153,0,07,000,00,2,4,01,A01
200600058154,0,07,000,02,0,1,02,A01
200600058155,0,35,000,00,0,0,01,A01
200600058156,0,02,000,00,2,7,12,A01
200600058156,0,07,000,00,2,3,16,B01
200600058157,0,07,000,00,2,2,01,B01
200600058157,0,07,000,00,2,3,01,A01
200600058158,0,07,000,00,2,1,15,A01
200600058158,0,01,000,00,2,1,01,B01
200600058159,0,07,000,00,2,5,17,A01
200600058159,0,01,000,00,2,1,01,B01
200600058160,0,33,000,00,9,8,17,A01
200600058160,0,07,000,00,2,8,15,B01
200600058161,0,07,000,00,1,1,01,A01
200600058162,0,10,000,00,2,2,01,B01
200600058162,0,10,000,00,0,3,01,A01
200600058163,0,07,000,00,1,1,01,A01
200600058164,0,01,000,00,2,4,00,A01
200600058164,1,99,000,00,9,1,00,B01
200600058165,0,07,000,00,0,2,09,A01
200600058165,0,33,000,00,2,3,01,B01
200600058166,0,07,000,00,2,1,01,A01
200600058166,0,07,000,00,2,8,01,B01
200600058166,0,07,000,00,2,1,01,C01
200600058167,0,07,000,00,2,2,15,A01
200600058167,0,02,000,00,2,1,17,B01
200600058168,0,01,000,00,2,1,02,A01
200600058168,0,07,000,00,0,4,23,B01
200600058169,0,02,000,00,2,1,02,B01
200600058169,0,07,000,00,2,3,15,A01
200600058170,0,07,000,00,2,7,15,A01
200600058170,0,33,000,00,2,1,01,B01
200600058171,0,07,000,00,2,1,02,A01
200600058171,0,07,000,00,2,4,02,B01
200600058172,0,07,000,00,1,7,01,A01
200600058173,0,05,000,00,0,0,21,A01
200600058173,0,07,000,00,0,0,16,B01
200600058174,0,37,003,00,2,7,16,B01
200600058174,0,30,000,00,2,7,18,A01
200600058175,0,07,000,00,2,1,13,A01
200600058175,0,07,000,00,2,1,00,B01
200600058176,0,15,000,00,2,5,15,A01
200600058176,0,33,000,00,2,1,21,B01
200600058177,0,07,000,00,2,1,02,A01
200600058177,0,34,000,00,2,1,05,B01
200600058178,0,07,000,00,1,1,01,A01
200600058179,0,07,000,00,2,1,05,A01
200600058179,0,10,000,00,2,1,21,B01
200600058180,0,07,000,00,9,1,15,A01
200600058180,0,02,000,00,2,7,01,B01
200600058181,0,99,000,00,2,1,05,A01
200600058181,0,07,000,00,9,1,01,B01
200600058182,0,07,000,06,0,1,00,A01
200600058183,0,07,000,00,0,3,10,A01
200600058183,0,33,000,00,2,1,21,B01
200600058184,0,07,000,04,0,3,01,A01
200600058185,0,10,000,00,2,1,13,A01
200600058185,0,07,000,00,2,3,01,B02
200600058186,0,02,000,00,2,7,17,A01
200600058186,0,01,000,00,2,8,13,B02
200600058187,0,07,000,01,0,1,01,A01
200600058188,0,02,000,00,2,1,01,A01
200600058188,0,07,000,00,9,2,15,B02
200600058189,0,07,000,00,2,3,01,A01
200600058189,0,07,000,00,2,3,01,B02
200600058190,0,07,000,00,2,2,15,A01
200600058190,0,07,000,00,2,2,01,B02
200600058191,0,10,000,00,2,8,15,A01
200600058191,0,33,000,00,2,1,01,B02
200600058192,0,07,000,13,0,7,01,A01
200600058193,0,07,000,06,0,1,01,A01
200600058194,0,21,000,00,2,3,01,A01
200600058194,0,07,000,00,2,1,13,B02
200600058195,0,07,000,00,2,1,05,A01
200600058195,0,10,000,00,2,1,01,B02
200600058195,0,07,000,00,2,3,01,C03
200600058196,0,07,000,13,0,1,14,A01
200600058197,0,30,000,00,2,2,17,A01
200600058197,0,07,000,00,2,8,15,B02
200600058198,0,07,000,13,0,2,02,A01
200600058199,0,07,000,00,2,3,13,A01
200600058199,0,15,000,00,2,8,01,B02
200600058199,0,10,000,00,2,1,01,D04
200600058200,0,07,000,13,0,1,01,A01
200600058201,0,21,000,00,9,8,15,A01
200600058201,0,01,000,00,0,7,15,B02
200600058202,0,07,000,00,0,5,01,A01
200600058202,0,02,000,00,2,1,01,B02
200600058203,0,07,000,00,2,3,01,A01
200600058203,0,07,000,00,2,7,15,B02
200600058204,0,07,000,00,1,2,01,A01
200600058205,0,14,000,06,2,7,17,A01
200600058205,0,37,000,00,2,8,15,B02
200600058206,0,10,000,00,2,1,01,A01
200600058206,0,10,000,00,2,1,01,B02
200600058207,0,31,000,00,2,1,13,A01
200600058207,0,07,000,00,2,2,00,B02
200600058208,0,07,000,03,0,9,01,A01
200600058209,0,07,000,00,0,1,01,A01
200600058210,0,07,000,00,1,3,02,A01
200600058211,0,02,000,01,0,1,01,A01
200600058212,0,10,000,00,1,3,17,A01
200600058213,0,01,000,00,2,1,13,A01
200600058213,0,20,000,00,2,1,01,B02
200600058214,0,07,000,13,0,1,01,A01
200600058215,0,36,000,06,0,3,15,A01
200600058216,0,07,000,00,2,3,01,A01
200600058216,0,02,000,00,2,4,01,B02
200600058217,0,07,000,00,2,8,01,A01
200600058217,0,02,000,00,2,7,10,B02
200600058218,0,07,000,13,0,3,01,A01
200600058219,0,07,000,16,0,1,01,A01
200600058220,0,07,000,01,0,3,13,A01
200600058221,0,07,000,01,0,1,01,A01
200600058221,0,10,000,15,0,7,00,B02
200600058222,0,07,000,00,0,9,01,A01
200600058223,0,07,000,00,0,7,13,A01
200600058223,0,07,000,00,0,1,00,B02
200600058224,0,07,000,00,1,2,01,A01
200600058225,0,07,000,06,0,1,01,A01
200600058226,0,07,000,00,2,3,13,A01
200600058226,0,07,000,00,2,3,01,B02
200600058227,0,33,000,00,2,1,02,A01
200600058227,0,13,000,00,0,6,01,B02
200600058228,0,33,000,12,0,1,01,A01
200600058229,0,07,000,00,2,5,01,B02
200600058229,0,30,000,00,2,1,19,A01
200600058230,0,07,000,00,2,3,19,A01
200600058230,0,30,000,00,2,1,01,B02
200600058231,0,02,000,00,1,1,01,A01
200600058232,0,07,000,00,2,3,01,A01
200600058232,0,01,000,00,2,7,19,B02
200600058233,0,10,000,00,2,5,01,B02
200600058233,0,07,000,00,2,2,15,A01
200600058234,0,07,000,00,9,5,17,A01
200600058234,0,01,000,00,0,8,01,B02
200600058235,0,15,000,00,2,1,01,A01
200600058235,0,14,000,00,2,1,01,B02
200600058236,0,21,000,00,2,3,09,A01
200600058236,0,02,000,00,2,1,01,B02
200600058237,0,14,000,00,2,3,13,A01
200600058237,0,07,000,00,2,3,01,B02
200600058238,0,02,000,00,9,6,17,A01
200600058238,0,01,000,00,0,6,00,B02
200600058239,0,07,000,00,2,2,13,A01
200600058239,0,10,000,00,2,3,01,B02
200600058240,0,14,000,02,0,1,00,A01
200600058241,0,07,000,16,2,7,15,A01
200600058241,0,33,000,00,0,2,01,B02
200600058242,0,36,000,00,0,0,00,A01
200600058243,0,10,000,15,1,1,14,A01
200600058244,0,07,000,13,0,2,01,A01
200600058245,0,07,000,00,2,7,01,A01
200600058245,0,07,000,00,2,1,19,B02
200600058246,0,07,000,00,2,3,01,A01
200600058246,0,02,000,00,2,2,01,B02
200600058247,0,30,000,00,0,7,00,A01
200600058248,0,02,000,00,2,1,17,A01
200600058248,0,10,000,00,2,3,15,B02
200600058249,0,33,000,00,0,1,01,A01
200600058250,0,21,000,00,2,8,13,A01
200600058250,0,31,000,00,2,1,01,B02
200600058251,0,07,000,00,1,2,00,A01
200600058252,0,31,000,00,0,0,01,A01
200600058253,0,33,000,00,2,1,01,A01
200600058253,0,07,000,00,2,8,01,B02
200600058254,0,07,000,00,2,6,01,A01
200600058254,0,17,000,00,2,3,01,B02
200600058255,0,01,000,00,2,1,01,B02
200600058255,0,07,000,00,2,6,19,A01
200600058256,0,07,000,00,2,7,01,A01
200600058256,0,17,000,07,2,1,01,B02
200600058257,0,07,000,00,0,9,14,A01
200600058258,0,07,000,00,2,8,19,A01
200600058258,0,33,000,01,2,1,01,B02
200600058258,0,07,000,00,0,5,24,C03
200600058259,0,20,000,00,2,5,04,A01
200600058259,0,30,000,00,2,1,23,B02
200600058260,0,07,000,00,2,1,01,A01
200600058260,0,07,000,00,2,7,13,B02
200600058261,0,07,000,13,0,3,01,A01
200600058262,0,33,000,00,2,3,01,A01
200600058262,0,07,000,00,2,3,15,B02
200600058263,0,32,000,00,2,6,09,A01
200600058264,0,33,000,05,0,1,01,A01
200600058265,0,07,000,05,0,7,00,A01
200600058266,0,15,000,00,0,0,01,A01
200600058267,0,07,000,13,0,3,01,A01
200600058268,0,07,000,13,0,1,11,A01
200600058269,0,14,000,02,0,0,01,A01
200600058270,0,10,000,00,2,1,01,A01
200600058270,0,01,000,00,2,1,15,B02
200600058271,0,07,000,00,2,7,01,A01
200600058271,0,07,000,00,2,1,01,B02
200600058272,0,07,000,00,2,8,24,A01
200600058272,0,07,000,00,2,3,01,B02
200600058272,0,33,000,01,2,1,01,C03
200600058273,0,07,000,00,0,0,01,A01
200600058273,0,17,000,00,0,3,01,B02
200600058274,0,07,000,13,0,9,00,A01
200600058275,0,07,000,00,1,1,01,A01
200600058276,0,07,000,00,2,1,02,A01
200600058276,0,07,000,00,0,4,23,B02
200600058277,0,07,000,03,0,9,01,A01
200600058278,0,07,000,00,2,3,01,A01
200600058278,0,07,000,00,2,2,01,B02
200600058279,0,17,000,06,0,1,01,A01
200600058280,0,10,000,00,9,1,21,A01
200600058280,0,01,000,00,2,2,19,B02
200600058281,0,07,000,00,2,3,01,A01
200600058281,0,21,000,00,2,8,01,B02
200600058282,0,07,000,00,2,1,01,A01
200600058282,0,07,000,00,2,1,01,B02
200600058283,0,07,000,00,2,4,23,A01
200600058283,0,30,000,00,2,1,02,B02
200600058284,0,07,000,00,0,0,01,A01
200600058284,0,07,000,14,0,3,01,B02
200600058284,0,07,000,14,0,1,01,C03
200600058285,0,33,000,16,0,9,01,A01
200600058286,0,07,000,00,2,5,17,A01
200600058286,0,07,000,00,2,2,01,B02
200600058287,0,07,000,01,0,1,02,A01
200600058287,0,07,000,00,0,4,01,B02
200600058288,0,02,000,00,2,1,01,A01
200600058288,0,07,000,00,2,6,23,B02
200600058289,0,07,000,00,2,3,01,A01
200600058289,0,21,000,00,2,3,01,B02
200600058290,0,07,000,00,2,1,13,A01
200600058290,0,07,000,00,2,3,01,B02
200600058291,0,07,000,00,2,3,00,A01
200600058291,0,07,000,00,2,3,13,B02
200600058292,0,07,000,00,9,1,01,A01
200600058292,0,01,000,00,2,1,15,B02
200600058293,0,07,000,08,0,1,21,A01
200600058294,0,07,000,00,2,1,01,A01
200600058294,0,07,000,00,2,1,01,B02
200600058295,0,07,000,00,2,3,13,A01
200600058295,0,14,000,00,2,6,01,B02
200600058296,0,07,000,00,2,2,00,A01
200600058296,0,31,000,00,2,7,00,B02
200600058297,0,31,000,00,2,1,06,A01
200600058297,0,07,000,00,2,0,19,B02
200600058298,0,07,000,13,0,1,01,A01
200600058299,0,07,000,00,2,1,01,B02
200600058299,0,14,000,00,2,7,19,A01
200600058300,0,33,000,00,0,8,21,A01
200600058301,0,07,000,13,6,1,01,A01
200600058302,0,33,000,00,2,1,00,A01
200600058302,0,07,000,00,2,1,01,B02
200600058303,0,07,000,00,0,1,00,A01
200600058304,0,15,000,00,9,7,01,A01
200600058304,0,01,000,00,9,3,01,B02
200600058305,0,07,000,00,2,1,01,A01
200600058305,0,07,000,00,2,8,19,B02
200600058306,0,07,000,00,6,1,01,A01
200600058307,0,07,000,13,0,1,00,A01
200600058308,0,07,000,00,2,1,11,A01
200600058308,0,38,000,00,2,3,01,B02
200600058309,0,33,000,12,0,9,06,A01
200600058310,0,14,000,00,0,4,02,A01
200600058310,0,14,000,00,2,1,02,B02
200600058310,0,14,000,00,0,0,00,C03
200600058310,0,14,000,00,0,0,00,D04
200600058311,0,07,000,02,2,3,17,A01
200600058311,0,07,000,00,2,3,17,B02
200600058311,0,07,000,00,2,3,02,C03
200600058312,0,07,000,02,0,3,00,A01
200600058313,0,07,000,00,2,8,13,A01
200600058313,0,10,000,00,2,8,01,B02
200600058314,0,07,000,00,0,3,13,A01
200600058315,0,07,000,00,2,3,17,A01
200600058315,0,07,000,00,2,3,01,B02
200600058316,0,07,000,00,2,3,15,A01
200600058316,0,34,000,00,2,1,01,B02
200600058317,0,14,000,01,0,1,01,A01
200600058318,0,07,000,13,0,1,01,A01
200600058319,0,07,000,08,0,1,16,A01
200600058320,0,07,000,00,2,3,13,A01
200600058320,0,07,000,00,2,1,01,B02
200600058321,0,07,000,00,2,9,13,A01
200600058321,0,10,000,00,2,8,01,B02
200600058321,0,07,000,00,2,1,01,C03
200600058322,0,10,000,00,0,6,23,A01
200600058322,0,07,000,04,2,1,01,B02
200600058323,1,99,000,00,1,0,01,A01
200600058324,0,07,000,01,0,5,01,A01
200600058325,0,07,000,00,1,2,01,A01
200600058326,0,33,000,00,2,3,01,A01
200600058326,0,07,000,00,2,1,19,B02
200600058327,0,07,000,00,1,0,14,A01
200600058327,0,20,000,00,0,0,23,B02
200600058328,0,17,000,00,0,9,01,A01
200600058329,0,33,000,00,2,1,01,A01
200600058329,0,07,000,00,0,2,19,B02
200600058330,0,02,000,00,2,3,13,A01
200600058330,0,07,000,00,2,1,01,B02
200600058331,0,07,000,06,0,1,01,A01
200600058332,0,33,000,00,2,1,02,A01
200600058332,0,10,000,00,2,4,02,B02
200600058333,0,07,000,08,0,8,00,A01
200600058334,0,07,000,00,0,8,00,A01
200600058334,0,07,000,00,2,1,00,B02
200600058335,0,02,000,00,2,1,01,A01
200600058335,0,02,000,00,2,1,01,B02
200600058336,0,07,000,13,0,9,01,A01
200600058337,0,31,000,00,2,1,01,A01
200600058337,0,07,000,00,2,1,15,B02
200600058338,0,01,000,00,2,7,17,A01
200600058338,0,07,000,00,9,6,15,B02
200600058339,0,07,000,00,0,1,02,A01
200600058339,0,01,000,00,0,4,15,B02
200600058340,0,07,000,15,0,3,01,A01
200600058341,0,07,000,13,0,9,01,A01
200600058342,0,14,000,00,2,1,13,A01
200600058342,0,14,000,00,0,3,15,B02
200600058343,0,07,000,02,0,8,01,A01
200600058344,0,07,000,00,2,3,01,A01
200600058344,0,10,000,00,2,3,01,B02
200600058345,0,30,000,00,2,1,01,A01
200600058345,0,07,000,00,2,8,06,B02
200600058346,0,30,000,00,2,1,01,A01
200600058346,0,07,000,00,2,2,19,B02
200600058347,0,07,000,00,2,2,20,A01
200600058347,0,02,000,00,2,1,01,B02
200600058348,0,33,000,00,2,8,15,A01
200600058348,0,07,000,00,2,8,01,B02
200600058349,0,02,000,12,0,7,01,A01
200600058350,0,02,000,00,2,1,13,A01
200600058350,0,02,000,00,2,1,13,B02
200600058351,0,14,000,00,9,1,01,A01
200600058351,0,01,000,00,2,4,01,B02
200600058352,0,07,000,00,0,0,01,A01
200600058353,0,07,000,08,9,9,14,A01
200600058354,0,02,000,00,0,7,19,A01
200600058355,0,07,000,00,2,1,15,A01
200600058355,0,33,000,00,2,1,01,B02
200600058356,0,07,000,15,0,8,00,A01
200600058357,0,30,000,00,0,1,02,A01
200600058357,0,07,000,00,2,8,01,B02
200600058358,0,07,000,00,2,2,19,A01
200600058358,0,33,000,00,2,1,02,B02
200600058359,0,07,000,00,0,4,13,A01
200600058360,0,07,000,00,1,2,24,A01
200600058361,0,07,000,00,1,2,02,A01
200600058362,0,33,000,00,0,0,00,A01
200600058363,0,33,000,16,0,0,01,A01
200600058364,0,33,000,00,0,1,17,A01
200600058364,0,07,000,00,0,5,15,B02
200600058365,0,02,000,01,0,1,22,B02
200600058365,0,07,000,00,0,8,22,A01
200600058366,0,07,000,06,0,0,01,A01
200600058367,0,03,000,00,2,3,01,A01
200600058367,0,07,000,00,2,2,19,B02
200600058368,0,33,000,00,0,0,01,A01
200600058369,0,02,000,00,0,3,01,A01
200600058369,0,07,000,00,2,3,01,B02
200600058370,0,07,000,02,0,2,01,A01
200600058371,0,07,000,06,2,3,01,A01
200600058371,0,01,000,00,0,4,01,B02
200600058372,0,01,000,00,2,6,00,A01
200600058372,0,07,000,00,9,3,00,B02
200600058373,0,31,000,00,2,1,17,A01
200600058373,0,07,000,00,2,8,17,B02
200600058374,0,07,000,00,2,8,09,A01
200600058374,0,07,000,00,2,1,01,B02
200600058375,0,31,000,00,2,1,02,A01
200600058375,0,07,000,00,9,4,02,B02
200600058376,0,07,000,06,2,2,17,A01
200600058376,0,07,000,00,0,3,01,B02
200600058377,0,31,000,08,0,2,01,A01
200600058378,0,07,000,00,2,3,13,A01
200600058378,0,07,000,00,2,1,01,B02
200600058379,0,07,000,00,9,1,01,A01
200600058379,0,01,000,00,2,1,01,B02
200600058380,0,07,000,00,0,0,00,A01
200600058381,0,07,000,13,2,9,17,A01
200600058381,0,07,000,00,2,6,01,B02
200600058382,0,07,000,00,1,1,00,A01
200600058383,0,10,000,00,1,3,01,A01
200600058384,0,07,000,00,2,3,15,A01
200600058384,0,30,000,00,2,1,01,B02
200600058385,0,07,000,00,2,8,19,A01
200600058385,0,33,000,00,2,1,01,B02
200600058385,0,07,000,00,2,8,19,C03
200600058385,0,33,000,00,0,0,00,D04
200600058386,0,07,000,00,2,3,01,A01
200600058386,0,21,000,00,2,4,04,B02
200600058387,0,07,000,00,2,3,01,A01
200600058387,0,07,000,00,2,1,01,B02
200600058388,0,38,000,11,0,1,01,A01
200600058389,0,07,000,00,2,1,00,A01
200600058389,0,14,000,00,0,5,15,B02
200600058390,0,07,000,00,2,3,13,A01
200600058390,0,07,000,00,2,3,01,B02
200600058391,0,07,000,00,2,8,19,A01
200600058391,0,15,000,00,2,2,01,B02
200600058392,0,07,000,00,2,3,19,A01
200600058392,0,30,000,00,2,7,00,B02
200600058393,0,02,000,00,2,1,17,A01
200600058393,0,07,000,00,2,1,01,B02
200600058394,0,07,000,00,0,1,13,A01
200600058394,0,10,000,00,0,1,00,B02
200600058395,0,07,000,00,2,3,10,A01
200600058395,0,33,000,00,2,1,01,B02
200600058396,0,07,000,00,1,2,13,A01
200600058397,0,07,000,00,2,1,21,A01
200600058397,0,10,000,00,0,0,00,C03
200600058397,0,07,000,00,2,1,01,D04
200600058398,0,02,000,00,2,3,13,A01
200600058398,0,07,000,00,2,3,01,B02
200600058399,0,07,000,00,5,3,01,A01
200600058400,0,07,000,00,2,8,01,A01
200600058400,0,07,000,00,2,8,13,B02
200600058401,0,07,000,00,2,1,02,A01
200600058401,0,07,000,00,2,4,02,B02
200600058401,0,07,000,00,2,4,02,C03
200600058401,0,07,000,00,2,3,02,D04