Num_Acc,senc,catv,occutc,obs,obsm,choc,manv,num_veh
200600058775,0,07,000,02,2,2,02,C03
200600058776,0,07,000,00,9,7,19,A01
200600058776,0,30,000,00,2,1,01,C03
200600058777,0,02,000,06,0,1,01,A01
200600058778,0,30,000,00,2,1,01,A01
200600058778,0,07,000,00,2,3,01,B02
200600058779,0,07,000,02,0,3,01,A01
200600058780,0,07,000,00,2,5,13,A01
200600058780,0,07,000,00,2,1,01,B02
200600058781,0,02,000,00,2,1,13,A01
200600058781,0,07,000,00,2,3,00,B02
200600058782,0,10,000,00,2,2,15,A01
200600058782,0,02,000,00,2,7,01,B02
200600058783,0,07,000,00,2,3,01,A01
200600058783,0,07,000,00,2,8,01,B02
200600058784,0,33,000,00,2,1,01,A01
200600058784,0,33,000,00,2,1,01,B02
200600058785,0,07,000,00,9,6,01,A01
200600058785,0,02,000,00,2,1,13,B02
200600058786,0,01,000,00,2,2,02,A01
200600058786,0,07,000,00,2,3,13,B02
200600058786,0,07,000,00,2,3,01,C03
200600058787,0,07,000,00,2,3,01,A01
200600058787,0,07,000,00,2,3,01,B02
200600058788,0,07,000,13,0,9,01,A01
200600058789,0,07,000,00,2,2,15,A01
200600058789,0,02,000,00,2,1,01,B02
200600058790,0,02,000,05,0,1,13,A01
200600058791,0,07,000,00,2,1,01,A01
200600058791,0,07,000,00,2,3,01,B02
200600058792,0,07,000,09,0,1,01,A01
200600058793,0,07,000,00,1,1,01,A01
200600058794,0,07,000,00,2,1,21,A01
200600058794,0,07,000,00,2,1,01,B02
200600058795,0,07,000,00,0,0,23,A01
200600058795,0,07,000,00,0,4,01,B02
200600058795,0,07,000,00,2,0,01,C03
200600058796,0,07,000,02,0,1,01,A01
200600058797,0,20,000,00,2,8,01,A01
200600058797,0,07,000,00,2,1,16,B02
200600058798,0,02,000,00,6,1,00,A01
200600058799,0,07,000,00,2,1,15,A01
200600058799,0,02,000,00,2,1,01,B02
200600058800,0,07,000,00,2,1,11,A01
200600058800,0,07,000,00,2,1,01,B02
200600058801,0,14,000,08,0,0,13,A01
200600058802,0,07,000,08,0,7,01,A01
200600058803,0,07,000,00,2,1,01,A01
200600058803,0,17,000,00,0,0,01,B02
200600058804,0,31,000,00,1,7,02,A01
200600058805,0,14,000,00,2,3,01,A01
200600058805,0,14,000,00,2,3,01,B02
200600058806,0,33,000,13,0,1,01,A01
200600058807,0,17,000,00,2,8,01,A01
200600058807,0,07,000,00,2,3,01,B02
200600058808,0,07,000,00,2,3,13,A01
200600058808,0,17,000,00,2,3,02,B02
200600058808,0,15,000,00,2,6,02,D04
200600058809,0,07,000,00,2,4,15,A01
200600058809,0,10,000,00,2,1,01,B02
200600058809,0,07,000,00,2,1,01,C03
200600058809,0,33,000,00,2,1,01,D04
200600058810,0,07,000,00,2,1,02,A01
200600058810,0,07,000,00,0,4,15,B02
200600058811,0,33,000,00,2,1,17,A01
200600058811,0,07,000,00,2,6,15,B02
200600058812,0,10,000,00,2,3,13,A01
200600058812,0,07,000,03,0,1,01,B02
200600058812,0,07,000,00,2,1,01,C03
200600058813,0,07,000,00,2,8,10,A01
200600058813,0,33,000,00,2,1,01,B02
200600058814,0,07,000,13,0,2,01,A01
200600058815,0,31,000,00,2,7,17,A01
200600058815,0,07,000,00,2,8,15,B02
200600058816,0,10,000,00,2,3,15,A01
200600058816,0,07,000,00,0,0,01,B02
200600058817,0,07,000,06,0,1,13,A01
200600058818,0,07,000,00,2,1,23,A01
200600058818,0,32,000,00,0,8,01,B02
200600058819,0,07,000,00,0,3,13,A01
200600058819,0,33,000,00,2,1,17,B02
200600058820,0,15,000,00,0,2,01,A01
200600058821,0,07,000,00,2,3,15,A01
200600058821,0,33,000,00,2,1,01,B02
200600058822,0,07,000,08,0,2,01,A01
200600058823,0,33,000,11,0,1,17,A01
200600058823,0,07,000,02,9,1,01,B02
200600058824,0,01,000,00,0,6,15,A01
200600058824,0,07,000,00,9,2,01,B02
200600058824,0,01,000,00,0,5,19,C03
200600058825,0,07,000,00,2,3,13,A01
200600058825,0,17,000,00,0,3,01,B02
200600058826,0,33,000,06,0,1,02,A01
200600058827,0,07,000,02,0,1,01,A01
200600058828,0,07,000,00,2,3,13,A01
200600058828,0,07,000,00,2,3,01,B02
200600058828,0,07,000,00,2,3,01,C03
200600058829,0,10,000,00,2,2,13,A01
200600058829,0,10,000,00,2,2,01,B02
200600058829,0,10,000,00,2,1,01,C03
200600058829,0,10,000,00,2,1,01,D04
200600058830,0,07,000,00,2,1,01,A01
200600058830,0,07,000,00,2,2,10,B02
200600058831,0,01,000,00,2,1,19,A01
200600058831,0,07,000,00,9,3,01,B02
200600058832,0,07,000,02,0,3,13,A01
200600058833,0,07,000,00,1,1,01,A01
200600058834,0,02,000,00,2,1,01,A01
200600058834,0,01,000,00,2,1,13,B02
200600058835,0,07,000,02,0,7,13,A01
200600058836,0,07,000,00,2,2,01,A01
200600058836,0,07,000,00,2,3,01,B02
200600058837,0,07,000,00,2,3,13,A01
200600058837,0,14,000,00,2,3,01,B02
200600058838,0,07,000,00,0,9,01,A01
200600058839,0,07,000,01,0,8,13,A01
200600058840,0,10,000,00,1,3,01,A01
200600058841,0,10,000,00,2,3,01,A01
200600058841,0,31,000,00,2,1,01,B02
200600058842,0,07,000,00,2,3,01,A01
200600058842,0,07,000,00,2,2,15,B02
200600058843,0,07,000,00,2,3,01,A01
200600058843,0,07,000,00,2,3,17,B02
200600058844,0,07,000,00,2,7,06,A01
200600058844,0,07,000,00,2,3,01,B02
200600058845,0,07,000,13,9,3,01,A01
200600058846,0,07,000,00,1,3,01,A01
200600058847,0,07,000,00,2,1,13,A01
200600058847,0,14,000,00,2,1,21,B02
200600058848,0,07,000,00,2,2,09,A01
200600058848,0,02,000,00,2,1,01,B02
200600058849,0,07,000,00,2,2,16,A01
200600058849,0,10,000,00,2,3,01,B02
200600058850,0,07,000,02,0,1,13,A01
200600058851,0,07,000,00,2,3,01,A01
200600058851,0,21,000,00,2,3,01,B02
200600058852,0,07,000,00,2,2,19,A01
200600058852,0,07,000,00,2,2,01,B02
200600058853,0,07,000,00,2,1,13,A01
200600058853,0,07,000,06,2,1,01,B02
200600058854,0,02,000,00,1,1,01,A01
200600058855,0,07,000,00,2,3,13,A01
200600058855,0,07,000,00,2,3,01,B02
200600058856,0,07,000,06,0,0,01,A01
200600058857,0,07,000,00,2,7,01,A01
200600058857,0,37,000,00,2,1,01,B02
200600058858,0,07,000,02,0,8,01,A01
200600058859,0,14,000,03,0,9,01,A01
200600058860,0,07,000,13,0,3,13,A01
200600058861,0,07,000,03,0,1,01,A01
200600058862,0,07,000,03,0,2,01,A01
200600058863,0,07,000,00,2,3,09,A01
200600058863,0,02,000,00,2,1,01,B02
200600058864,0,07,000,13,0,1,00,A01
200600058865,0,07,000,00,2,3,16,A01
200600058865,0,30,000,00,2,5,01,B02
200600058866,0,07,000,00,1,1,16,A01
200600058867,0,07,000,00,2,8,19,A01
200600058867,0,07,000,00,2,1,01,B02
200600058868,0,32,000,13,0,1,01,A01
200600058869,0,07,000,00,2,1,13,A01
200600058869,0,14,000,00,2,2,02,B02
200600058869,0,07,000,00,2,1,01,C03
200600058870,0,07,000,00,2,1,01,B02
200600058870,0,07,000,00,2,3,01,C03
200600058870,0,10,000,00,2,3,16,A01
200600058871,0,07,000,13,0,3,13,A01
200600058872,0,07,000,01,0,1,14,A01
200600058873,0,33,000,00,2,1,17,A01
200600058873,0,07,000,00,2,3,15,B02
200600058874,0,14,000,02,0,1,01,A01
200600058875,0,07,000,13,0,3,01,A01
200600058876,0,33,000,00,0,8,09,A01
200600058877,0,07,000,13,0,1,01,A01
200600058878,0,07,000,08,2,5,13,A01
200600058878,0,38,000,00,2,1,01,B02
200600058879,0,07,000,00,9,1,15,A01
200600058879,0,01,000,00,2,1,01,B02
200600058880,0,07,000,00,6,1,00,A01
200600058881,0,07,000,00,2,3,01,A01
200600058881,0,07,000,00,2,8,15,B02
200600058882,0,07,000,13,0,2,01,A01
200600058883,0,07,000,13,0,7,01,A01
200600058884,0,07,000,00,1,7,01,A01
200600058885,0,07,000,02,0,5,01,A01
200600058886,0,07,000,00,2,1,15,A01
200600058886,0,07,000,00,2,3,01,B02
200600058887,0,07,000,02,0,3,01,A01
200600058888,0,02,000,01,0,6,00,A01
200600058889,0,14,000,02,0,1,01,A01
200600058890,0,07,000,00,2,2,17,A01
200600058890,0,02,000,00,2,8,15,B02
200600058891,0,07,000,00,2,3,00,A01
200600058891,0,07,000,00,2,3,13,B02
200600058892,0,17,000,00,2,8,01,A01
200600058892,0,07,000,00,0,0,09,B02
200600058893,0,07,000,00,1,4,04,A01
200600058894,0,02,000,00,2,1,01,A01
200600058894,0,14,000,00,2,8,01,B02
200600058895,0,07,000,00,1,2,21,A01
200600058896,0,07,000,03,0,1,01,A01
200600058897,0,33,000,00,2,1,01,A01
200600058897,0,10,000,00,2,8,19,B02
200600058898,0,07,000,00,1,4,20,A01
200600058899,0,07,000,02,0,2,13,A01
200600058900,0,07,000,02,0,5,13,A01
200600058901,0,07,000,00,1,5,01,A01
200600058902,0,10,000,02,0,1,13,A01
200600058903,0,07,000,00,0,9,01,A01
200600058904,0,33,000,02,0,9,01,A01
200600058905,0,07,000,00,2,1,01,B02
200600058905,0,07,000,00,2,3,01,A01
200600058906,0,07,000,06,0,2,13,A01
200600058907,0,14,000,02,0,1,01,A01
200600058908,0,07,000,00,2,2,17,A01
200600058908,0,07,000,00,2,3,15,B02
200600058909,0,07,000,02,0,3,13,A01
200600058910,0,02,000,13,0,1,01,A01
200600058911,0,30,000,13,0,1,01,A01
200600058912,0,07,000,03,0,3,01,A01
200600058913,0,07,000,10,0,3,19,A01
200600058914,0,07,000,13,0,1,01,A01
200600058915,0,07,000,00,2,1,15,A01
200600058915,0,33,000,00,2,7,01,B02
200600058916,0,07,000,13,0,8,01,A01
200600058917,0,07,000,13,0,3,01,A01
200600058918,0,07,000,00,2,2,09,A01
200600058918,0,07,000,00,2,1,01,B02
200600058919,0,33,000,03,0,8,01,A01
200600058920,0,33,000,00,2,7,17,A01
200600058920,0,07,000,00,2,8,15,B02
200600058921,0,07,000,00,2,1,11,A01
200600058921,0,02,000,00,0,8,15,B02
200600058921,0,02,000,00,0,3,15,C03
200600058922,0,30,000,13,0,0,01,A01
200600058923,0,07,000,02,0,3,01,A01
200600058924,0,33,000,00,2,1,01,A01
200600058924,0,07,000,00,0,5,01,B02
200600058924,0,07,000,00,2,4,01,C03
200600058925,0,07,000,00,2,1,15,A01
200600058925,0,07,000,00,2,1,01,B02
200600058926,0,33,000,11,0,0,01,A01
200600058927,0,14,000,00,9,8,22,A01
200600058927,0,01,000,01,0,1,01,B02
200600058928,0,01,000,01,0,1,01,A01
200600058929,0,10,000,00,2,7,15,A01
200600058929,0,30,000,00,2,1,01,B02
200600058930,0,07,000,00,0,2,11,A01
200600058930,0,02,000,00,0,3,01,B02
200600058931,0,07,000,00,2,3,01,A01
200600058931,0,07,000,00,2,3,21,B02
200600058932,0,07,000,00,2,2,09,A01
200600058932,0,01,000,00,2,1,05,B02
200600058933,0,07,000,00,2,3,01,A01
200600058933,0,07,000,00,2,3,19,B02
200600058934,0,07,000,13,0,1,14,A01
200600058935,0,33,000,00,2,1,01,A01
200600058935,0,14,000,00,2,3,15,B02
200600058936,0,07,000,08,2,1,01,A01
200600058936,0,10,000,00,2,7,01,B02
200600058937,0,07,000,00,2,1,02,A01
200600058937,0,07,000,00,2,4,23,B02
200600058937,0,10,000,00,2,4,23,C03
200600058938,0,07,000,00,2,2,01,A01
200600058938,0,07,000,00,0,3,16,B02
200600058939,0,07,000,00,0,8,01,A01
200600058939,0,13,000,00,0,2,16,B02
200600058940,0,07,000,00,0,1,01,A01
200600058940,0,01,000,00,0,8,19,B02
200600058941,0,07,000,00,0,0,00,A01
200600058941,0,07,000,00,0,0,00,B02
200600058942,0,30,000,00,2,1,01,A01
200600058942,0,07,000,00,2,3,15,B02
200600058943,0,21,000,00,0,3,09,A01
200600058943,0,30,000,00,2,2,02,B02
200600058944,0,07,000,00,2,3,01,A01
200600058944,0,07,000,00,2,1,01,B02
200600058945,0,31,000,00,2,8,05,A01
200600058945,0,07,000,00,2,3,00,B02
200600058946,0,07,000,00,2,1,13,A01
200600058946,0,07,000,00,2,1,01,B02
200600058947,0,07,000,13,0,8,15,A01
200600058948,0,07,000,00,0,3,10,A01
200600058948,0,31,000,00,2,1,17,B02
200600058949,0,14,000,00,2,1,02,A01
200600058949,0,14,000,00,2,4,20,B02
200600058950,0,33,000,00,2,1,17,A01
200600058950,0,07,000,00,0,8,15,B02
200600058951,0,07,000,00,1,3,01,A01
200600058952,1,07,000,00,1,0,00,A01
200600058953,0,07,000,00,9,3,17,A01
200600058953,0,02,000,00,2,1,01,B02
200600058953,0,14,000,00,0,0,00,C03
200600058954,0,33,000,00,0,1,01,A01
200600058954,0,30,000,00,0,1,19,B02
200600058955,1,07,000,00,2,7,14,A01
200600058955,0,02,000,03,2,8,02,B02
200600058956,0,31,000,02,0,1,01,A01
200600058957,0,07,000,00,2,3,15,A01
200600058957,0,02,000,00,2,1,01,B02
200600058958,0,07,000,13,0,7,01,A01
200600058959,0,10,000,00,2,3,01,A01
200600058959,0,07,000,00,2,2,01,B02
200600058960,0,33,000,00,0,8,01,A01
200600058961,0,07,000,13,0,3,01,A01
200600058962,0,02,000,00,2,1,01,A01
200600058962,0,07,000,00,0,6,09,B02
200600058963,0,33,000,00,2,8,01,A01
200600058963,0,30,000,00,2,8,15,B02
200600058964,0,07,000,04,0,2,01,A01
200600058965,0,07,000,00,1,1,15,A01
200600058966,0,02,000,00,0,4,01,A01
200600058967,0,07,000,04,0,1,01,A01
200600058968,0,07,000,00,2,3,13,A01
200600058968,0,10,000,00,2,8,01,B02
200600058969,0,02,000,06,0,1,14,A01
200600058970,0,07,000,00,2,3,00,A01
200600058970,0,10,000,00,2,3,00,B02
200600058971,0,07,000,00,2,1,01,A01
200600058971,0,07,000,00,0,4,16,B02
200600058972,0,03,000,13,0,1,01,A01
200600058973,0,07,000,00,2,3,01,A01
200600058973,0,01,000,00,2,6,15,B02
200600058974,0,07,000,00,0,0,00,A01
200600058975,0,07,000,00,2,2,13,A01
200600058975,0,07,000,00,2,3,21,B02
200600058976,0,07,000,00,0,5,23,A01
200600058976,0,02,000,01,0,1,02,B02
200600058977,0,07,000,02,0,1,01,A01
200600058978,0,07,000,00,2,3,21,A01
200600058978,0,07,000,00,2,1,21,B02
200600058978,0,07,000,00,2,8,21,C03
200600058978,0,15,000,00,2,3,21,D04
200600058979,0,07,000,06,2,1,01,A01
200600058979,0,02,000,00,2,8,01,B02
200600058980,0,14,000,00,2,3,01,A01
200600058980,0,07,000,00,2,8,15,B02
200600058981,0,10,000,13,0,1,01,A01
200600058982,0,02,000,00,2,1,05,A01
200600058982,0,07,000,00,2,1,01,B02
200600058983,0,07,000,00,2,8,15,A01
200600058983,0,02,000,00,2,7,17,B02
200600058984,0,07,000,08,2,3,01,A01
200600058984,0,07,000,00,2,3,15,B02
200600058985,0,07,000,00,1,7,01,A01
200600058986,0,33,000,00,0,3,00,A01
200600058987,0,36,000,00,6,1,01,A01
200600058988,0,07,000,00,2,2,01,A01
200600058988,0,07,000,00,2,1,01,B02
200600058989,0,10,000,00,2,1,13,A01
200600058989,0,31,000,00,2,1,01,B02
200600058990,0,07,000,09,0,1,13,A01
200600058991,0,33,000,00,2,1,01,A01
200600058991,0,07,000,00,2,6,15,B02
200600058992,0,02,000,00,1,1,01,A01
200600058993,0,07,000,08,0,1,01,A01
200600058994,0,30,000,00,2,2,01,A01
200600058994,0,07,000,00,2,1,15,B02
200600058995,0,07,000,06,0,1,01,A01
200600058996,0,33,000,00,2,2,13,B02
200600058996,0,33,000,00,2,1,19,C03
200600058996,0,07,000,00,0,3,19,A01
200600058997,0,07,000,06,0,5,02,A01
200600058998,0,33,000,06,0,4,01,A01
200600058999,0,33,000,00,2,1,01,B02
200600058999,0,10,000,00,2,3,15,A01
200600059000,0,07,000,13,0,1,01,A01
200600059001,0,07,000,00,0,3,15,A01
200600059001,0,02,000,00,0,1,01,B02
200600059002,0,07,000,00,2,1,13,A01
200600059002,0,07,000,00,2,3,01,B02
200600059003,0,33,000,00,2,3,01,A01
200600059003,0,07,000,00,2,3,01,B02
200600059004,0,33,000,00,2,1,01,A01
200600059004,0,07,000,00,2,3,01,B02
200600059004,0,33,000,00,2,1,01,C03
200600059005,0,07,000,00,2,7,15,A01
200600059005,0,14,000,00,2,2,01,B02
200600059006,0,02,000,00,0,1,01,A01
200600059007,0,14,000,00,0,0,13,A01
200600059007,0,30,000,00,2,1,01,B02
200600059008,0,07,000,00,2,3,15,A01
200600059008,0,01,000,00,2,1,01,B02
200600059009,0,07,000,00,0,1,01,A01
200600059009,0,07,000,00,0,1,17,B02
200600059010,0,07,000,00,2,2,01,A01
200600059010,0,02,000,00,2,1,13,B02
200600059011,0,07,000,00,0,9,19,A01
200600059012,0,07,000,02,0,1,01,A01
200600059013,0,14,000,00,0,3,01,A01
200600059013,0,10,000,00,0,3,01,B02
200600059014,0,31,000,00,2,1,13,A01
200600059014,0,07,000,00,2,3,01,B02
200600059015,0,02,000,00,2,7,01,A01
200600059015,0,02,000,00,2,8,01,B02
200600059016,0,07,000,00,2,2,15,A01
200600059016,0,07,000,00,2,3,01,B02
200600059017,0,07,000,13,0,3,01,A01
200600059018,0,07,000,00,2,3,15,A01
200600059018,0,31,000,00,2,1,01,B02
200600059019,0,07,000,02,0,2,01,A01
200600059020,0,07,000,10,0,2,01,A01
200600059021,0,30,000,00,9,1,13,A01
200600059021,0,30,000,00,9,1,01,B02
200600059022,0,07,000,06,0,1,01,A01
200600059023,0,07,000,06,0,1,01,A01
200600059024,0,10,000,08,0,1,01,A01
200600059025,0,31,000,00,2,3,13,A01
200600059025,0,07,000,00,2,3,01,B02
200600059026,0,07,000,00,1,7,01,A01
200600059027,0,07,000,00,0,3,09,B02
200600059027,0,14,000,00,0,1,01,A01
200600059028,0,07,000,00,9,8,20,A01
200600059028,0,33,000,00,2,8,01,B02
200600059029,0,01,000,00,0,7,09,A01
200600059030,0,07,000,00,2,8,01,A01
200600059030,0,07,000,00,2,2,01,B02
200600059031,0,07,000,00,2,3,13,A01
200600059031,0,07,000,00,2,3,01,B02
200600059032,0,07,000,00,2,3,01,A01
200600059032,0,30,000,00,2,1,13,B02
200600059033,0,38,000,00,1,7,20,A01
200600059034,0,10,000,00,2,1,02,A01
200600059034,0,01,000,00,0,4,02,B02
200600059035,0,07,000,00,2,1,17,A01
200600059035,0,07,000,00,2,1,01,B02
200600059036,0,01,000,00,1,1,21,A01
200600059037,0,07,000,00,2,3,01,A01
200600059037,0,07,000,00,2,3,19,B02
200600059038,0,07,000,00,2,1,15,A01
200600059038,0,07,000,00,0,1,01,B02
200600059039,0,07,000,00,2,7,15,A01
200600059039,0,02,000,00,2,1,01,B02
200600059040,0,07,000,00,2,2,01,B02
200600059040,0,07,000,00,0,3,15,A01
200600059041,0,07,000,00,2,3,01,A01
200600059041,0,15,000,00,2,7,21,B02
200600059042,0,33,000,00,2,1,01,A01
200600059042,0,07,000,00,2,8,01,B02
200600059042,0,07,000,00,9,8,01,C03
200600059043,0,07,000,00,2,2,15,A01
200600059043,0,07,000,00,2,2,01,B02
200600059044,0,07,000,00,2,3,15,A01
200600059044,0,33,000,00,2,2,17,B02
200600059045,0,02,000,00,2,1,17,A01
200600059045,0,07,000,00,9,8,15,B02
200600059046,0,07,000,00,2,1,13,A01
200600059046,0,14,000,00,2,8,21,B02
200600059047,0,07,000,00,2,1,00,A01
200600059047,0,07,000,00,2,8,13,B02
200600059048,0,07,000,02,0,8,01,A01
200600059049,0,07,000,00,2,1,01,A01
200600059049,0,07,000,00,2,2,15,B02
200600059050,0,07,000,00,2,2,15,A01
200600059050,0,02,000,00,2,1,01,B02
200600059051,0,31,000,00,2,1,01,A01
200600059051,0,10,000,00,9,4,20,B02
200600059052,0,07,000,00,2,2,01,A01
200600059052,0,10,000,00,2,2,15,B02
200600059053,0,07,000,08,0,2,01,A01
200600059054,0,07,000,06,0,8,13,A01
200600059055,0,07,000,06,0,3,01,A01
200600059056,0,02,000,00,2,8,01,A01
200600059056,0,07,000,00,2,2,15,B02
200600059057,0,15,000,00,2,2,00,A01
200600059057,0,10,000,00,2,1,19,B02
200600059058,0,02,000,00,0,0,01,A01
200600059058,0,07,000,00,2,3,15,B02
200600059059,0,14,000,00,2,2,19,A01
200600059059,0,07,000,00,2,8,01,B02
200600059059,0,10,000,00,2,3,23,C03
200600059060,0,07,000,02,0,2,00,A01
200600059061,0,02,000,00,2,1,01,A01
200600059061,0,07,000,00,2,1,11,B02
200600059062,0,13,000,00,9,5,15,A01
200600059062,0,33,000,00,2,1,01,B02
200600059063,0,07,000,00,2,7,21,A01
200600059063,0,02,000,00,2,0,00,B02
200600059064,0,13,000,00,0,1,02,A01
200600059065,0,07,000,00,2,7,15,A01
200600059065,0,30,000,00,2,1,01,B02
200600059066,0,33,000,00,0,0,01,A01
200600059067,0,07,000,00,1,2,01,A01
200600059068,0,02,000,00,2,3,01,A01
200600059068,0,07,000,00,2,0,19,B02
200600059069,0,07,000,00,2,1,15,A01
200600059069,0,07,000,00,0,2,01,B02
200600059070,0,17,000,00,2,8,16,A01
200600059070,0,17,000,00,2,7,01,B02
200600059071,0,33,000,00,2,1,01,B02
200600059071,0,07,000,00,2,1,15,A01
200600059072,0,07,000,00,2,1,01,A01
200600059072,0,07,000,00,0,8,19,B02
200600059073,0,33,000,00,0,7,01,A01
200600059074,0,33,000,00,2,1,13,A01
200600059074,0,10,000,00,2,2,01,B02
200600059075,0,07,000,00,2,2,15,A01
200600059075,0,07,000,00,2,3,01,B02
200600059076,0,07,000,00,2,1,01,A01
200600059076,0,15,000,06,2,1,05,B02
200600059077,0,30,000,00,1,1,01,A01
200600059078,0,07,000,00,1,1,01,A01
200600059079,0,10,000,02,0,3,01,A01
200600059080,0,07,000,00,1,2,01,A01
200600059081,0,07,000,00,2,2,01,A01
200600059081,0,02,000,00,2,1,01,B02
200600059082,0,07,000,00,2,1,00,A01
200600059082,0,07,000,00,0,0,00,B02
200600059083,0,07,000,02,0,8,13,A01
200600059084,0,33,000,00,2,7,17,A01
200600059084,0,07,000,00,2,3,10,B02
200600059085,1,07,000,00,9,7,17,A01
200600059085,0,01,000,00,2,8,01,B02
200600059086,0,07,000,00,1,1,01,A01
200600059087,0,33,000,08,0,1,01,A01
200600059088,0,07,000,00,2,3,13,A01
200600059088,0,07,000,00,2,3,01,B02
200600059089,0,02,000,00,2,3,17,A01
200600059089,0,07,000,00,2,3,01,B02
200600059089,0,07,000,00,2,8,01,C03
200600059090,0,07,000,00,2,3,01,A01
200600059090,0,14,000,00,2,5,04,B02
200600059091,0,07,000,00,2,3,11,A01
200600059091,0,01,000,00,2,1,01,B02
200600059092,0,33,000,00,2,1,13,A01
200600059092,0,07,000,00,2,8,01,B02
200600059093,0,33,000,00,0,3,13,A01
200600059093,0,07,000,00,0,3,13,B02
200600059094,0,07,000,00,0,8,13,A01
200600059094,0,07,000,00,0,1,01,B02
200600059095,0,07,000,00,2,8,13,A01
200600059095,0,33,000,00,2,8,13,B02
200600059096,0,33,000,03,0,5,01,A01
200600059097,0,07,000,00,2,2,21,A01
200600059097,0,07,000,00,2,4,23,B02
200600059098,0,33,000,00,6,1,01,A01
200600059099,0,10,000,00,2,1,17,A01
200600059099,0,07,000,00,2,3,01,B02
200600059100,0,30,000,00,2,8,15,A01
200600059100,0,07,000,00,2,7,17,B02
200600059101,0,07,000,00,2,2,15,A01
200600059101,0,17,000,00,2,3,01,B02
200600059102,0,10,000,08,0,8,13,A01
200600059103,0,33,000,03,0,0,13,A01
200600059103,0,03,000,00,1,0,01,B02
200600059104,0,07,000,00,2,1,01,A01
200600059104,0,07,000,00,2,7,15,B02
200600059105,0,07,000,00,0,0,15,A01
200600059105,0,33,000,12,0,1,21,B02
200600059106,0,07,000,01,0,3,01,A01
200600059106,0,01,000,00,0,1,01,B02
200600059107,0,07,000,00,2,3,09,A01
200600059107,0,30,000,00,2,7,09,B02
200600059108,0,07,000,00,2,2,13,A01
200600059108,0,07,000,00,2,3,01,B02
200600059109,0,07,000,00,2,3,01,A01
200600059109,0,14,000,00,2,2,01,B02
200600059109,0,07,000,00,2,2,01,C03
200600059110,0,30,000,00,0,6,15,A01
200600059110,0,30,000,00,2,2,17,B02
200600059111,0,30,000,03,0,1,01,A01
200600059112,0,30,000,00,0,0,17,A01
200600059113,0,13,000,00,9,2,01,A01
200600059113,0,01,000,00,2,1,15,B02
200600059114,0,07,000,00,2,2,20,A01
200600059114,0,01,000,00,2,8,01,B02
200600059115,0,10,000,00,2,3,13,A01
200600059115,0,07,000,00,2,3,01,B02
200600059115,0,10,000,00,2,1,01,C03
200600059116,0,07,000,00,9,2,16,A01
200600059116,0,01,000,00,0,4,00,B02
200600059117,0,07,000,06,0,1,01,A01
200600059118,0,07,000,00,0,7,01,A01
200600059118,0,07,000,00,2,1,16,B02
200600059119,0,07,000,00,1,1,01,A01
200600059120,0,07,000,15,0,9,01,A01
200600059121,0,07,000,00,2,3,15,A01
200600059121,0,33,000,00,2,1,01,B02
200600059122,0,07,000,00,2,1,01,A01
200600059122,0,07,000,00,2,1,01,B02
200600059123,0,07,000,00,2,1,13,A01
200600059123,0,14,000,00,2,3,01,B02
200600059123,0,14,000,00,2,7,01,C03
200600059123,0,17,000,00,2,3,10,D04
200600059124,0,17,000,00,2,8,01,A01
200600059124,0,33,000,00,2,3,01,B02
200600059125,0,33,000,00,6,1,01,A01
200600059126,0,30,000,03,0,1,01,A01
200600059127,0,33,000,00,0,1,01,A01
200600059128,0,07,000,00,2,3,00,A01
200600059129,0,07,000,00,2,1,01,A01
200600059129,0,14,000,00,2,1,13,B02
200600059130,0,07,000,00,0,0,15,A01
200600059130,0,34,000,00,0,0,21,B02
200600059131,0,10,000,00,2,2,01,A01
200600059131,0,01,000,00,2,3,19,B02
200600059132,0,15,000,13,0,0,00,A01
200600059133,0,17,000,00,2,8,01,A01
200600059133,0,10,000,00,2,3,13,B02
200600059134,0,33,000,00,0,0,01,A01
200600059134,1,07,000,00,0,0,09,B02
200600059135,0,07,000,00,2,8,01,A01
200600059135,0,02,000,00,2,1,01,B02
200600059136,0,07,000,00,2,1,15,B02
200600059136,0,07,000,00,2,1,01,A01
200600059137,0,07,000,00,2,1,02,A01
200600059137,0,07,000,00,2,4,02,B02
200600059137,0,07,000,00,0,4,02,C03
200600059138,0,10,000,00,2,1,13,A01
200600059138,0,07,000,00,2,1,01,B02
200600059139,0,02,000,08,2,1,01,A01
200600059139,0,02,000,00,2,2,16,B02
200600059140,0,15,000,06,0,3,01,A01
200600059141,0,07,000,13,0,1,01,A01
200600059142,0,02,000,00,1,1,01,A01
200600059143,0,07,000,00,0,7,01,A01
200600059143,0,01,000,00,2,1,09,B02
200600059144,0,14,000,00,2,3,01,A01
200600059144,0,07,000,00,2,3,01,B02
200600059145,0,33,000,00,0,2,01,A01
200600059145,0,07,000,00,0,3,15,B02
200600059146,0,10,000,00,2,2,01,A01
200600059146,0,07,000,00,2,1,15,B02
200600059147,0,07,000,00,2,1,01,A01
200600059147,0,10,000,00,0,4,15,B02
200600059148,0,07,000,00,0,9,01,A01
200600059149,0,07,000,06,0,1,01,A01
200600059150,0,07,000,00,2,1,01,A01
200600059150,0,07,000,00,2,1,01,B02
200600059151,0,07,000,00,2,1,01,A01
200600059151,0,07,000,00,2,1,15,B02
200600059152,0,07,000,16,0,1,01,A01