Num_Acc,senc,catv,occutc,obs,obsm,choc,manv,num_veh
200600060271,0,07,000,00,1,0,01,A01
200600060272,0,07,000,00,2,1,02,A01
200600060272,0,07,000,00,2,4,02,B01
200600060272,0,07,000,00,2,4,02,C01
200600060273,0,07,000,00,1,1,01,A01
200600060274,0,07,000,00,2,2,15,A01
200600060274,0,07,000,08,2,6,01,B01
200600060275,0,07,000,00,2,1,02,A01
200600060275,0,07,000,00,2,4,02,B01
200600060275,0,07,000,00,2,4,02,C01
200600060276,0,07,000,00,2,1,01,B01
200600060276,0,07,000,00,2,2,19,A01
200600060277,0,34,000,00,2,1,01,A01
200600060277,0,07,000,00,2,3,11,B01
200600060277,0,07,000,00,2,1,01,C01
200600060278,0,07,000,00,2,2,13,A01
200600060278,0,30,000,00,2,1,10,B01
200600060279,0,30,000,00,2,7,01,B01
200600060279,0,07,000,00,2,2,15,A01
200600060280,0,07,000,00,1,3,01,A01
200600060281,0,07,000,00,2,6,02,B01
200600060281,0,02,000,00,2,1,02,A01
200600060282,0,07,000,00,0,0,00,A01
200600060283,0,07,000,00,1,2,01,A01
200600060284,0,99,000,00,2,1,13,A01
200600060284,0,07,000,00,1,7,00,B01
200600060285,0,07,000,00,2,2,15,A01
200600060285,0,02,000,00,2,1,01,B01
200600060286,0,31,000,00,2,2,14,A01
200600060286,0,02,000,00,2,1,01,B01
200600060287,0,33,000,00,1,1,01,A01
200600060288,0,02,000,00,2,1,06,A01
200600060288,0,07,000,00,2,1,01,B01
200600060289,0,07,000,00,2,7,15,A01
200600060289,0,32,000,00,2,1,01,B01
200600060290,0,07,000,00,2,3,15,A01
200600060290,0,31,000,00,2,1,08,B01
200600060291,0,07,000,00,1,1,01,A01
200600060292,0,07,000,00,2,2,15,A01
200600060292,0,33,000,00,2,1,01,B01
200600060293,0,07,000,00,2,1,01,B01
200600060293,0,07,000,00,2,7,15,A01
200600060294,0,07,000,00,2,3,15,A01
200600060294,0,32,000,00,2,1,01,B01
200600060294,0,07,000,00,2,4,01,C01
200600060295,0,02,000,00,2,1,05,A01
200600060295,0,07,000,00,2,1,01,B01
200600060296,0,07,000,00,1,2,16,A01
200600060297,0,30,000,00,2,1,01,A01
200600060297,0,07,000,00,2,8,15,B01
200600060298,0,07,000,00,2,3,15,A01
200600060298,0,02,000,00,2,1,01,B01
200600060299,0,30,000,00,2,1,17,A01
200600060299,0,07,000,00,2,8,15,B01
200600060300,0,32,000,00,2,1,17,A01
200600060300,0,07,000,00,2,8,15,B01
200600060300,0,07,000,00,2,7,24,C01
200600060301,0,07,000,00,2,8,15,A01
200600060302,0,02,000,00,2,1,01,B01
200600060302,0,02,000,00,2,1,05,A01
200600060303,0,07,000,00,2,3,09,A01
200600060303,0,30,000,00,2,1,17,B01
200600060304,0,07,000,00,2,6,15,A01
200600060304,0,33,000,00,2,1,00,B01
200600060305,0,30,000,00,2,1,17,A01
200600060305,0,07,000,00,2,8,15,B01
200600060306,0,07,000,00,1,1,01,A01
200600060307,0,32,000,00,1,1,01,A01
200600060308,0,02,000,00,2,1,01,A01
200600060308,0,07,000,00,2,7,01,B01
200600060309,0,07,000,00,2,3,09,A01
200600060309,0,32,000,00,2,1,01,B01
200600060310,0,32,000,00,2,4,01,B01
200600060311,0,07,000,00,1,1,00,A01
200600060312,0,07,000,00,2,6,01,B01
200600060312,0,07,000,00,2,8,01,C01
200600060312,0,07,000,00,2,2,15,A01
200600060313,0,07,000,00,1,1,15,A01
200600060314,0,07,000,00,1,1,01,A01
200600060315,0,10,000,00,1,7,15,A01
200600060316,0,07,000,00,2,2,09,A01
200600060316,0,02,000,00,2,1,01,B01
200600060317,0,07,000,00,9,0,01,A01
200600060317,0,31,000,00,0,1,01,B01
200600060318,0,07,000,07,2,2,15,A01
200600060319,0,31,000,00,2,1,01,B01
200600060319,0,07,000,00,2,1,15,A01
200600060320,0,07,000,00,2,1,01,A01
200600060321,0,07,000,00,1,1,00,A01
200600060322,0,10,000,00,2,1,01,A01
200600060322,0,07,000,00,2,4,02,B01
200600060322,0,07,000,00,2,4,02,C01
200600060323,0,07,000,00,2,1,01,A01
200600060323,0,07,000,00,2,1,01,C01
200600060323,0,07,000,00,2,3,09,B01
200600060324,0,07,000,00,2,3,01,B01
200600060324,0,30,000,00,2,1,13,A01
200600060325,0,07,000,00,2,3,15,A01
200600060325,0,33,000,00,2,1,17,B01
200600060326,0,07,000,00,2,8,15,A01
200600060326,0,33,000,00,2,7,17,B01
200600060327,0,07,000,00,2,1,01,A01
200600060327,0,07,000,00,2,2,15,B01
200600060328,0,30,000,00,2,2,17,A01
200600060328,0,07,000,00,2,3,15,B01
200600060329,0,33,000,00,2,1,00,B01
200600060330,1,30,000,00,1,1,01,A01
200600060331,0,30,000,12,0,8,01,A01
200600060332,0,30,000,00,2,0,01,A01
200600060332,0,10,000,00,2,3,01,B01
200600060333,0,02,000,00,2,1,02,A01
200600060333,0,07,000,00,0,8,15,B01
200600060334,0,07,000,00,2,7,09,A01
200600060334,0,07,000,00,2,3,01,B01
200600060335,0,07,000,00,2,2,01,A01
200600060335,0,02,000,00,2,5,01,B01
200600060336,0,01,000,00,2,1,13,A01
200600060336,0,07,000,00,2,8,01,B01
200600060337,0,07,000,00,2,1,01,B01
200600060337,0,07,000,00,2,4,01,C01
200600060337,0,07,000,00,2,1,01,A01
200600060338,0,10,000,00,1,2,16,A01
200600060339,0,02,000,00,2,1,17,A01
200600060339,0,07,000,00,2,2,09,B01
200600060340,0,02,000,00,2,1,17,A01
200600060340,0,20,000,00,2,6,01,B01
200600060341,0,07,000,00,2,1,01,A01
200600060341,0,07,000,00,2,4,02,B01
200600060341,0,07,000,00,0,4,02,C01
200600060342,0,33,000,00,1,1,13,A01
200600060342,0,14,000,00,0,8,01,B01
200600060342,0,07,000,00,0,8,01,C01
200600060343,0,07,000,00,2,3,15,A01
200600060343,0,32,000,00,0,6,01,B01
200600060344,0,02,000,00,2,1,01,A01
200600060344,0,30,000,00,0,1,01,B01
200600060345,0,32,000,00,2,1,01,A01
200600060345,0,33,000,00,0,0,01,B01
200600060346,0,32,000,00,2,1,17,A01
200600060346,0,32,000,00,2,1,01,B01
200600060346,0,07,000,00,0,8,01,C01
200600060347,0,02,000,10,0,1,01,A01
200600060348,0,33,000,12,0,2,01,A01
200600060349,0,07,000,00,2,2,16,A01
200600060349,0,02,000,00,2,3,02,B01
200600060350,0,07,000,14,0,1,02,A01
200600060350,0,07,000,00,0,4,23,B01
200600060351,0,07,000,00,2,6,02,B01
200600060351,0,01,000,00,2,1,02,A01
200600060352,0,07,000,00,2,1,15,A01
200600060352,0,02,000,00,2,0,00,B01
200600060353,0,07,000,00,2,8,01,A01
200600060353,0,33,000,00,0,8,01,B01
200600060354,0,07,000,00,0,1,01,A01
200600060354,0,02,000,00,0,0,01,B01
200600060355,0,07,000,00,2,1,01,A01
200600060355,0,07,000,00,2,1,01,B01
200600060356,0,07,000,00,2,1,01,A01
200600060356,0,32,000,00,2,7,01,B01
200600060357,0,07,000,00,2,0,09,A01
200600060357,0,05,000,00,2,8,02,B01
200600060358,0,07,000,00,2,1,02,A01
200600060358,0,07,000,00,2,4,02,B01
200600060359,0,02,000,00,2,1,13,A01
200600060359,0,07,000,00,2,6,01,B01
200600060359,0,07,000,00,2,8,01,C01
200600060360,0,05,000,00,2,1,13,A01
200600060360,0,07,000,00,2,3,01,B01
200600060361,0,10,000,00,2,2,12,A01
200600060361,0,05,000,00,2,8,02,B01
200600060362,0,30,000,00,2,1,18,A01
200600060362,0,07,000,00,2,8,15,B01
200600060363,0,07,000,00,2,1,01,A01
200600060363,0,07,000,00,2,4,01,B01
200600060363,0,07,000,00,2,4,01,C01
200600060364,0,13,000,00,2,0,01,A01
200600060364,0,07,000,00,2,6,02,B01
200600060365,0,07,000,00,2,2,09,A01
200600060365,0,02,000,00,2,1,01,B01
200600060366,0,07,000,00,0,0,00,A01
200600060366,0,01,000,00,2,0,00,B01
200600060367,0,07,000,01,1,2,02,A01
200600060368,0,07,000,00,1,1,01,A01
200600060369,0,07,000,00,2,3,15,A01
200600060369,0,05,000,00,2,1,17,B01
200600060370,0,31,000,00,1,1,01,A01
200600060371,0,01,000,00,2,1,19,A01
200600060371,0,33,000,00,2,8,01,B01
200600060372,0,02,000,00,2,1,09,A01
200600060372,0,02,000,00,2,7,02,B01
200600060373,0,05,000,00,2,1,02,A01
200600060373,0,07,000,00,2,4,01,B01
200600060374,0,02,000,00,2,1,02,A01
200600060374,0,07,000,00,2,4,02,B01
200600060375,0,07,000,00,2,3,15,A01
200600060375,0,33,000,00,2,1,01,B01
200600060376,0,07,000,06,2,2,09,A01
200600060376,0,07,000,00,2,3,01,B01
200600060377,0,31,000,00,2,1,02,A01
200600060377,0,07,000,00,2,4,02,B01
200600060378,0,31,000,01,9,1,01,A01
200600060378,1,07,000,00,0,0,22,B01
200600060379,0,01,000,01,0,1,02,A01
200600060380,0,07,000,00,1,2,01,A01
200600060381,0,02,000,00,2,1,16,A01
200600060381,0,07,000,00,2,3,02,B01
200600060382,0,07,000,08,0,1,01,A01
200600060383,0,07,000,00,1,3,01,A01
200600060384,0,02,000,00,2,3,05,A01
200600060384,0,07,000,00,2,2,01,B01
200600060385,0,31,000,00,2,3,02,B01
200600060385,0,07,000,00,2,3,02,A01
200600060386,0,34,000,00,2,7,17,A01
200600060386,0,07,000,00,2,8,15,B01
200600060387,0,33,000,00,2,0,01,A01
200600060387,0,07,000,00,2,2,16,B01
200600060388,0,32,000,00,2,1,01,A01
200600060388,0,10,000,00,2,7,15,B01
200600060389,0,07,000,00,2,1,01,B01
200600060389,0,07,000,00,2,1,15,A01
200600060390,0,07,000,00,2,1,01,A01
200600060390,0,02,000,00,2,8,01,B01
200600060391,0,32,000,00,2,1,15,A01
200600060391,0,10,000,00,2,2,01,B01
200600060392,0,07,000,00,2,0,11,A01
200600060392,0,32,000,00,2,8,02,B01
200600060393,0,07,000,00,2,8,15,A01
200600060393,0,14,000,00,2,2,02,B01
200600060394,0,07,000,01,0,5,13,A01
200600060395,0,07,000,00,2,3,15,A01
200600060395,0,05,000,00,2,7,02,B01
200600060396,0,02,000,00,0,1,01,A01
200600060397,0,07,000,00,2,3,01,A01
200600060397,0,02,000,00,2,6,01,B01
200600060398,0,10,000,00,2,3,15,A01
200600060398,0,32,000,00,2,1,02,B01
200600060399,0,05,000,00,2,1,01,A01
200600060399,0,10,000,00,2,6,15,B01
200600060400,0,07,000,00,2,2,01,A01
200600060400,0,07,000,00,2,3,01,B01
200600060401,0,05,000,00,2,2,01,A01
200600060401,0,07,000,00,2,3,01,B01
200600060402,1,17,000,00,2,0,09,A01
200600060402,0,07,000,00,2,8,01,B01
200600060403,0,01,000,00,2,1,09,A01
200600060403,0,07,000,00,2,1,15,B01
200600060404,0,07,000,00,2,1,01,A01
200600060405,0,05,000,00,2,2,02,A01
200600060406,0,05,000,00,2,9,17,A01
200600060406,0,07,000,00,2,8,01,B01
200600060406,0,07,000,00,2,1,01,C01
200600060406,0,07,000,00,2,1,01,D01
200600060407,0,10,000,00,2,0,10,A01
200600060407,0,32,000,00,2,1,01,B01
200600060408,0,02,000,00,2,1,01,A01
200600060408,0,07,000,00,2,1,15,B01
200600060409,0,07,000,00,1,1,15,A01
200600060410,0,18,022,00,2,3,01,A01
200600060410,0,07,000,00,2,1,01,B01
200600060410,0,10,000,00,1,4,01,C01
200600060410,0,07,000,00,2,4,01,D01
200600060411,0,07,000,00,2,2,01,A01
200600060411,0,07,000,00,2,6,01,B01
200600060412,0,07,000,14,0,1,01,A01
200600060412,0,07,000,00,2,4,02,B01
200600060413,0,07,000,00,2,3,09,A01
200600060413,0,02,000,00,2,1,01,B01
200600060414,0,05,000,00,1,1,13,A01
200600060414,0,07,000,00,1,1,01,B01
200600060414,0,07,000,00,2,8,01,C01
200600060415,0,07,000,00,1,1,15,A01
200600060416,0,07,000,00,9,2,15,A01
200600060416,0,02,000,00,2,9,01,B01
200600060417,0,04,000,00,2,1,01,A01
200600060417,0,07,000,00,2,7,16,B01
200600060418,0,07,000,00,2,3,01,A01
200600060418,0,07,000,00,2,3,15,B01
200600060419,0,05,000,00,0,7,01,A01
200600060420,0,07,000,00,2,1,01,A01
200600060420,0,07,000,00,2,1,15,B01
200600060421,0,02,000,00,1,1,00,A01
200600060422,0,07,000,00,2,3,01,A01
200600060422,0,07,000,00,2,3,23,B01
200600060422,0,07,000,00,2,1,23,C01
200600060423,0,04,000,00,2,1,01,A01
200600060423,0,01,000,00,2,6,01,B01
200600060424,0,14,000,00,2,0,01,A01
200600060424,0,10,000,00,2,4,00,B01
200600060424,0,02,000,01,2,1,01,C01
200600060425,0,05,000,00,2,1,01,A01
200600060425,0,07,000,00,2,4,01,B01
200600060426,0,02,000,00,2,8,18,A01
200600060426,0,07,000,00,2,7,23,B01
200600060427,0,05,000,00,2,1,00,A01
200600060427,0,07,000,00,2,3,15,B01
200600060428,0,05,000,00,2,2,13,A01
200600060428,0,07,000,00,2,8,15,B01
200600060429,0,07,000,00,2,3,15,A01
200600060429,0,02,000,01,2,1,01,B01
200600060430,0,07,000,00,1,1,01,A01
200600060431,0,07,000,00,2,2,15,A01
200600060431,0,02,000,00,2,1,01,B01
200600060432,0,07,000,00,2,7,15,A01
200600060432,0,05,000,00,2,1,01,B01
200600060433,0,02,000,00,1,1,01,A01
200600060434,0,07,000,00,2,3,01,B01
200600060434,0,05,000,00,2,1,15,A01
200600060435,0,07,000,00,2,1,01,A01
200600060435,0,01,000,00,2,8,01,B01
200600060436,0,05,000,00,2,1,01,B01
200600060436,0,07,000,00,2,0,15,A01
200600060437,0,05,000,00,1,1,01,A01
200600060438,0,07,000,14,0,1,02,A01
200600060438,0,07,000,14,0,4,02,B01
200600060438,0,07,000,00,2,4,02,C01
200600060439,0,07,000,14,0,1,01,A01
200600060439,0,07,000,14,2,4,23,B01
200600060439,0,07,000,00,2,4,23,C01
200600060440,0,02,000,00,2,1,02,A01
200600060440,0,10,000,00,2,4,23,B01
200600060441,0,18,001,00,2,1,02,A01
200600060441,0,05,000,00,2,4,23,B01
200600060442,1,13,000,00,0,0,00,A01
200600060442,0,02,000,00,0,0,00,B01
200600060443,0,07,000,08,2,1,15,A01
200600060443,0,07,000,00,2,8,17,B01
200600060444,0,07,000,00,0,3,13,A01
200600060444,0,07,000,00,2,3,02,B01
200600060445,0,18,024,00,2,1,01,A01
200600060445,0,10,000,00,2,4,01,B01
200600060446,0,10,000,00,2,1,09,A01
200600060446,0,07,000,00,2,2,01,B01
200600060447,0,05,000,00,1,1,01,A01
200600060448,0,07,000,00,1,1,01,A01
200600060449,0,07,000,00,1,3,01,A01
200600060450,0,07,000,00,2,3,02,A01
200600060450,0,01,000,00,2,4,23,B01
200600060451,0,07,000,00,2,1,01,A01
200600060451,0,07,000,00,2,4,01,B01
200600060452,0,07,000,00,9,1,23,A01
200600060452,0,05,000,00,2,1,01,B01
200600060453,0,07,000,00,2,5,15,A01
200600060453,0,02,000,00,2,1,02,B01
200600060454,0,02,000,00,2,8,15,A01
200600060454,0,02,000,00,2,8,01,B01
200600060455,0,02,000,00,1,0,01,A01
200600060456,0,07,000,00,2,1,15,A01
200600060456,0,07,000,00,2,1,01,B01
200600060457,0,07,000,00,1,1,16,A01
200600060458,0,07,000,00,2,1,13,A01
200600060458,0,02,000,00,2,1,01,B01
200600060459,0,02,000,00,2,8,02,A01
200600060459,0,05,000,00,2,1,15,B01
200600060460,0,07,000,00,2,3,15,A01
200600060460,0,05,000,00,2,8,02,B01
200600060461,0,07,000,01,0,3,13,A01
200600060462,0,05,000,00,2,1,01,A01
200600060462,0,07,000,00,1,4,01,B01
200600060463,0,07,000,00,2,7,05,A01
200600060463,0,04,000,00,2,1,09,B01
200600060464,0,13,000,00,2,2,12,A01
200600060464,0,07,000,00,2,8,01,B01
200600060465,0,10,000,01,1,7,14,A01
200600060466,0,07,000,00,2,1,02,A01
200600060466,0,07,000,00,2,4,02,B01
200600060466,0,07,000,00,2,4,02,C01
200600060467,0,02,000,00,1,1,00,A01
200600060467,0,07,000,00,2,1,23,B01
200600060468,0,10,000,00,0,0,15,A01
200600060468,0,02,000,00,0,0,01,B01
200600060469,0,02,000,00,2,0,00,A01
200600060469,0,07,000,00,2,0,00,B01
200600060470,0,05,000,00,0,0,01,B01
200600060470,1,07,000,00,0,0,15,A01
200600060471,0,02,000,00,2,1,02,A01
200600060471,0,07,000,00,2,4,23,B01
200600060472,0,07,000,00,2,0,23,A01
200600060472,0,02,000,00,2,0,21,B01
200600060472,1,07,000,00,2,0,00,C01
200600060473,0,07,000,00,2,1,01,A01
200600060473,0,07,000,00,2,4,02,B01
200600060474,0,07,000,00,2,7,00,A01
200600060474,0,05,000,00,2,3,00,B01
200600060475,0,02,000,01,0,0,21,A01
200600060475,1,07,000,00,0,0,17,B01
200600060476,0,07,000,00,2,1,15,A01
200600060476,0,05,000,00,2,1,01,B01
200600060477,0,07,000,00,2,8,02,A01
200600060477,0,02,000,00,2,2,02,B01
200600060478,0,02,000,00,2,8,00,A01
200600060478,0,02,000,00,2,8,02,B01
200600060479,0,10,000,00,2,1,01,B01
200600060479,0,07,000,00,2,2,01,A01
200600060480,0,07,000,00,2,3,09,A01
200600060480,0,05,000,00,2,3,01,B01
200600060481,0,05,000,00,1,1,02,A01
200600060482,0,04,000,00,2,1,00,A01
200600060482,0,10,000,00,2,3,00,B01
200600060483,0,07,000,00,1,1,02,A01
200600060484,0,07,000,00,2,3,09,A01
200600060484,0,05,000,00,2,1,02,B01
200600060485,0,07,000,00,2,3,00,A01
200600060485,0,07,000,00,2,8,02,B01
200600060486,0,05,000,00,2,7,01,B01
200600060486,0,07,000,00,2,2,09,A01
200600060487,0,05,000,00,2,1,02,A01
200600060487,0,07,000,00,2,4,02,B01
200600060488,0,02,000,00,0,2,01,A01
200600060489,0,05,000,08,0,3,00,A01
200600060489,0,05,000,08,0,1,01,B01
200600060490,0,07,000,00,2,7,12,A01
200600060490,0,05,000,00,2,1,02,B01
200600060491,0,07,000,00,2,2,02,A01
200600060491,0,07,000,00,2,5,02,B01
200600060491,0,07,000,00,2,4,02,C01
200600060491,0,07,000,00,2,4,23,D01
200600060492,0,05,000,00,0,2,21,A01
200600060492,0,07,000,00,0,0,00,B01
200600060493,0,07,000,00,2,8,23,B01
200600060493,0,07,000,00,2,3,15,A01
200600060494,0,02,000,00,2,1,01,A01
200600060494,1,07,000,00,2,0,15,B01
200600060495,1,07,000,00,0,0,13,C01
200600060495,0,07,000,00,2,8,01,A01
200600060495,0,07,000,00,2,3,24,B01
200600060496,0,18,000,00,2,1,02,A01
200600060496,0,07,000,00,2,4,23,B01
200600060497,0,04,000,00,2,2,02,A01
200600060497,0,10,000,00,2,5,02,B01
200600060498,0,07,000,00,0,0,19,A01
200600060498,0,05,000,14,0,1,14,B01
200600060498,0,04,000,00,0,6,23,C01
200600060499,0,07,000,14,0,2,01,A01
200600060499,0,07,000,00,2,4,23,B01
200600060499,0,07,000,00,0,5,15,C01
200600060500,0,07,000,00,2,8,02,A01
200600060500,0,05,000,00,2,1,02,B01
200600060501,0,07,000,00,2,1,02,A01
200600060501,0,07,000,00,2,4,02,B01
200600060502,0,07,000,00,2,7,10,A01
200600060502,0,07,000,00,2,1,01,B01
200600060503,0,07,000,00,2,1,15,A01
200600060503,0,02,000,00,2,1,01,B01
200600060504,0,07,000,00,2,5,15,B01
200600060504,0,05,000,00,2,1,01,A01
200600060505,0,07,000,00,2,7,15,A01
200600060505,0,02,000,00,2,1,01,B01
200600060506,0,07,000,00,2,0,15,A01
200600060506,0,05,000,00,0,0,01,B01
200600060507,0,07,000,00,2,6,09,A01
200600060507,0,05,000,00,2,1,01,B01
200600060508,0,04,000,00,2,1,02,A01
200600060508,0,10,000,00,2,5,23,B01
200600060509,0,07,000,00,2,1,02,A01
200600060509,0,04,000,00,2,3,09,B01
200600060510,0,07,000,00,2,3,15,A01
200600060510,0,02,000,00,2,7,16,B01
200600060511,0,07,000,00,1,2,01,A01
200600060512,0,07,000,00,2,2,13,A01
200600060512,0,02,000,00,0,8,15,B01
200600060513,0,07,000,00,1,1,01,A01
200600060514,0,33,000,00,1,0,00,A01
200600060515,0,07,000,00,1,1,01,A01
200600060516,0,31,000,08,0,3,01,A01
200600060517,0,07,000,00,1,1,16,A01
200600060518,1,07,000,00,0,0,13,C01
200600060518,0,07,000,03,2,3,21,A01
200600060518,0,07,000,03,2,1,01,B01
200600060519,0,07,000,00,2,1,01,A01
200600060519,0,07,000,00,2,4,01,B01
200600060519,0,07,000,00,2,4,11,C01
200600060520,0,07,000,02,2,1,13,A01
200600060520,0,07,000,01,2,3,01,B01
200600060520,0,07,000,01,2,6,01,C01
200600060521,0,07,000,00,1,1,01,A01
200600060522,0,07,000,08,0,1,16,A01
200600060523,0,10,000,00,1,4,04,A01
200600060524,0,07,000,00,9,1,01,B01
200600060524,0,01,000,00,2,1,13,A01
200600060525,0,33,000,00,2,8,02,A01
200600060525,0,07,000,00,2,7,16,B01
200600060526,0,07,000,00,1,7,01,A01
200600060527,0,07,000,00,1,3,01,A01
200600060528,0,02,000,00,0,2,01,A01
200600060528,0,07,000,00,2,1,01,B01
200600060529,0,07,000,08,0,3,01,A01
200600060530,0,01,000,00,2,1,17,B01
200600060530,0,02,000,00,2,8,15,A01
200600060531,0,07,000,00,2,2,01,A01
200600060531,0,07,000,00,0,1,01,B01
200600060532,0,33,000,00,1,1,01,A01
200600060533,1,07,000,00,2,1,15,A01
200600060533,0,33,000,00,2,1,01,B01
200600060534,0,07,000,02,0,2,01,A01
200600060535,0,07,000,00,1,4,04,A01
200600060536,0,07,000,00,1,1,01,A01
200600060537,0,02,000,00,2,8,14,A01
200600060537,0,07,000,00,2,7,16,B01
200600060538,0,07,000,00,2,1,01,A01
200600060538,0,07,000,00,2,1,01,B01
200600060539,0,17,000,03,0,1,01,A01
200600060540,0,07,000,00,1,2,09,A01
200600060541,0,02,000,00,2,3,01,B01
200600060541,0,07,000,00,2,3,01,A01
200600060542,0,07,000,00,2,6,00,A01
200600060542,0,30,000,00,2,1,00,B01
200600060543,0,07,000,00,2,4,13,A01
200600060543,0,07,000,00,2,1,01,B01
200600060544,0,07,000,00,0,0,15,A01
200600060544,0,32,000,12,0,0,01,B01
200600060545,1,07,000,00,1,0,00,A01
200600060546,0,32,000,00,2,0,23,A01
200600060546,0,07,000,00,2,2,01,B01
200600060547,0,33,000,00,2,9,01,B01
200600060547,0,07,000,00,2,2,17,A01
200600060547,0,07,000,00,2,1,01,C01
200600060548,0,07,000,00,0,1,21,A01
200600060549,0,07,000,14,0,1,01,A01
200600060550,0,07,000,00,2,1,02,B01
200600060550,0,07,000,00,2,1,05,A01
200600060551,0,07,000,00,9,3,16,A01
200600060552,0,07,000,00,1,4,20,A01
200600060553,0,34,000,00,2,1,01,A01
200600060553,0,07,000,00,2,2,01,B01
200600060554,0,07,000,00,2,2,01,A01
200600060554,0,30,000,00,2,3,01,B01
200600060555,0,07,000,02,0,1,00,A01
200600060555,0,07,000,14,0,1,00,B01
200600060556,0,07,000,00,2,3,15,B01
200600060556,0,07,000,00,2,1,17,A01
200600060557,0,33,000,00,2,1,01,B01
200600060557,0,07,000,00,2,5,15,A01
200600060558,0,07,000,00,2,4,01,B01
200600060558,1,37,001,00,2,1,01,A01
200600060559,0,01,000,00,2,1,01,B01
200600060559,0,07,000,00,2,3,24,A01
200600060560,0,10,000,00,0,4,02,B01
200600060560,0,07,000,00,2,1,02,A01
200600060561,0,07,000,01,0,1,13,A01
200600060562,0,07,000,00,1,7,01,A01
200600060563,0,07,000,00,2,7,01,B01
200600060563,0,33,000,00,2,8,00,A01
200600060564,0,07,000,00,9,3,23,B01
200600060564,0,33,000,02,2,1,02,A01
200600060565,0,07,000,00,2,2,01,B01
200600060565,0,07,000,00,2,1,01,A01
200600060566,0,02,000,00,2,0,01,B01
200600060566,0,07,000,00,2,1,01,A01
200600060567,0,02,000,00,2,4,17,A01
200600060567,0,02,000,00,2,8,01,C01
200600060567,0,07,000,00,2,1,16,B01
200600060568,0,02,000,00,2,1,01,B01
200600060568,0,07,000,00,2,2,16,A01
200600060569,0,13,000,00,2,3,15,A01
200600060569,0,36,000,00,2,3,01,B01
200600060570,0,10,000,00,1,1,01,A01
200600060571,0,07,000,00,2,3,01,A01
200600060571,0,01,000,00,2,7,01,B01
200600060572,0,15,000,00,2,1,01,A01
200600060572,0,07,000,00,2,4,02,B01
200600060572,0,07,000,00,2,4,02,C01
200600060573,0,14,000,00,2,1,01,A01
200600060573,0,07,000,00,2,8,01,B01
200600060574,0,07,000,08,2,7,15,A01
200600060574,0,05,000,00,2,1,01,B01
200600060575,0,02,000,00,1,1,01,A01
200600060576,0,05,000,00,2,1,01,A01
200600060576,0,07,000,00,0,6,23,B01
200600060577,0,02,000,00,1,1,01,A01
200600060578,0,07,000,00,1,3,17,A01
200600060579,0,07,000,00,1,7,01,A01
200600060580,0,07,000,00,2,1,01,A01
200600060580,0,07,000,00,2,4,23,B01
200600060581,0,07,000,01,0,9,02,A01
200600060582,0,07,000,00,0,3,09,A01
200600060582,0,07,000,00,0,2,00,B01
200600060583,0,07,000,00,1,1,01,A01
200600060584,0,07,000,00,2,3,13,A01
200600060584,0,17,000,00,2,3,01,B01
200600060585,0,07,000,01,2,2,21,A01
200600060585,0,14,000,00,2,3,21,B01
200600060586,0,07,000,00,2,1,02,A01
200600060586,0,07,000,00,2,4,02,B01
200600060587,0,10,000,00,9,6,04,A01
200600060587,0,01,000,00,2,1,00,B01
200600060588,0,33,000,00,2,1,01,A01
200600060588,0,07,000,00,2,2,15,B01
200600060589,0,07,000,00,2,4,01,D01
200600060589,0,07,000,00,2,4,01,C01
200600060589,0,07,000,00,2,4,01,B01
200600060589,0,07,000,00,2,1,01,A01
200600060590,0,07,000,00,0,0,00,B01
200600060590,0,07,000,00,0,0,00,A01
200600060591,0,02,000,00,2,0,07,A01
200600060591,0,07,000,00,2,2,12,B01
200600060592,0,07,000,00,2,0,02,A01
200600060592,0,07,000,00,0,4,02,B01
200600060593,0,07,000,00,2,1,01,A01
200600060593,0,32,000,00,2,8,01,B01
200600060594,0,07,000,00,2,3,00,A01
200600060594,0,07,000,00,2,8,02,B01
200600060595,0,02,000,00,2,1,01,A01
200600060595,0,07,000,00,2,8,01,B01
200600060596,0,07,000,00,2,1,01,A01
200600060596,0,07,000,00,2,4,01,B01
200600060597,0,02,000,00,2,3,02,A01
200600060597,0,32,000,00,2,5,02,B01
200600060598,1,33,000,00,1,1,01,A01
200600060599,0,33,000,00,0,1,00,A01
200600060599,0,02,000,00,0,1,09,B01
200600060600,0,07,000,00,1,2,01,A01
200600060601,0,07,000,00,1,1,01,A01
200600060602,0,07,000,00,2,6,10,A01
200600060602,0,02,000,00,2,1,02,B01
200600060603,0,07,000,00,0,0,02,A01
200600060603,0,33,000,00,0,0,00,B01
200600060604,0,33,000,00,2,1,02,A01
200600060604,0,07,000,00,0,5,23,B01
200600060605,0,34,000,00,2,1,02,A01
200600060605,0,07,000,00,2,4,02,B01
200600060606,0,07,000,00,2,3,02,A01
200600060606,0,33,000,00,2,4,23,B01
200600060607,0,34,000,00,0,0,00,A01
200600060608,0,07,000,01,0,1,01,A01
200600060609,0,07,000,00,0,1,00,A01
200600060610,0,07,000,00,0,3,13,A01
200600060610,0,07,000,00,0,3,01,B01
200600060611,0,14,000,00,0,2,00,B01
200600060611,0,30,000,00,2,7,00,A01
200600060612,0,07,000,00,2,3,05,A01
200600060612,1,07,000,00,0,0,00,B01
200600060613,0,07,000,00,2,5,04,A01
200600060613,0,07,000,00,2,1,01,B01