Num_Acc,senc,catv,occutc,obs,obsm,choc,manv,num_veh
200600060614,0,34,000,00,2,2,17,A01
200600060614,0,07,000,00,2,6,02,B01
200600060615,0,07,000,00,2,1,15,A01
200600060615,0,31,000,00,0,1,01,B01
200600060616,1,07,000,00,2,7,09,A01
200600060616,0,31,000,00,2,8,01,B01
200600060617,0,07,000,00,0,0,00,A01
200600060617,0,31,000,00,0,0,00,B01
200600060618,0,07,000,00,1,0,00,A01
200600060619,0,32,000,00,2,8,01,A01
200600060620,0,07,000,00,1,7,01,A01
200600060621,0,07,000,00,2,2,09,A01
200600060622,0,30,000,00,2,1,02,A01
200600060623,0,07,000,00,1,1,17,A01
200600060624,0,32,000,00,2,1,00,A01
200600060625,0,32,000,00,2,7,01,A01
200600060626,0,33,000,01,2,1,01,A01
200600060627,0,30,000,00,1,1,02,A01
200600060628,0,30,000,00,1,1,00,A01
200600060629,0,33,000,00,0,0,00,A01
200600060630,0,32,000,00,2,2,01,A01
200600060631,0,07,000,00,2,1,02,A01
200600060632,0,07,000,00,1,2,00,A01
200600060633,0,02,000,00,2,1,01,A01
200600060634,0,07,000,00,2,1,09,A01
200600060634,0,02,000,00,2,1,00,B01
200600060635,0,32,000,00,2,1,00,A01
200600060635,0,07,000,00,2,1,15,B01
200600060636,0,30,000,00,2,1,00,A01
200600060636,0,07,000,00,0,1,02,B01
200600060637,0,32,000,00,1,1,00,A01
200600060638,0,07,000,09,1,1,02,A01
200600060639,0,07,000,00,0,4,00,B01
200600060639,1,07,000,00,0,0,00,A01
200600060640,0,07,000,08,2,5,01,A01
200600060640,1,99,000,00,0,0,00,B01
200600060641,0,30,000,00,0,0,00,A01
200600060642,0,32,000,00,2,2,01,A01
200600060642,0,07,000,00,2,2,15,B01
200600060643,0,30,000,00,0,0,21,A01
200600060643,1,07,000,00,0,0,01,B01
200600060644,0,07,000,00,2,2,15,A01
200600060644,0,07,000,00,2,1,01,B01
200600060645,0,07,000,00,1,0,00,B01
200600060646,0,07,000,00,0,3,15,A01
200600060646,0,07,000,00,2,2,02,B01
200600060647,0,30,000,00,2,8,13,A01
200600060647,0,33,000,00,2,1,17,B01
200600060648,0,34,000,00,2,4,00,A01
200600060648,1,07,000,00,0,0,00,B01
200600060649,0,30,000,00,2,1,00,A01
200600060649,0,37,001,00,2,6,01,B01
200600060650,0,10,000,00,0,2,00,A01
200600060651,0,30,000,00,0,1,00,A01
200600060652,0,07,000,00,9,1,11,A01
200600060652,0,01,000,00,2,4,00,B01
200600060653,0,07,000,00,0,2,02,A01
200600060654,0,07,000,00,2,7,01,A01
200600060654,0,07,000,00,2,1,01,B01
200600060655,0,07,000,00,2,4,01,A01
200600060655,0,07,000,00,2,9,02,B01
200600060655,0,07,000,00,2,1,02,C01
200600060656,0,07,000,00,2,2,09,A01
200600060656,0,07,000,00,0,3,01,B01
200600060657,0,33,000,00,0,8,00,A01
200600060658,0,34,000,00,2,5,02,A01
200600060658,0,07,000,00,2,5,16,B01
200600060659,0,07,000,00,2,1,02,A01
200600060659,0,07,000,00,2,9,02,B01
200600060659,0,07,000,00,2,4,02,C01
200600060660,0,07,000,00,1,5,04,A01
200600060661,0,07,000,00,2,2,02,A01
200600060661,0,07,000,00,2,0,00,B01
200600060662,0,07,000,00,2,2,15,A01
200600060662,0,07,000,08,2,1,01,B01
200600060663,0,07,000,00,2,1,15,A01
200600060663,0,02,000,00,2,1,01,B01
200600060664,0,07,000,00,2,3,15,A01
200600060664,0,33,000,00,2,1,17,B01
200600060665,0,07,000,00,2,1,15,A01
200600060665,0,07,000,00,2,1,01,B01
200600060666,0,07,000,00,2,3,16,A01
200600060666,0,32,000,00,2,1,01,B01
200600060667,0,07,000,00,1,2,01,A01
200600060668,0,07,000,00,1,1,00,A01
200600060669,0,07,000,00,2,2,15,A01
200600060669,0,07,000,00,2,1,01,B01
200600060670,0,07,000,00,2,0,01,B01
200600060670,0,07,000,00,2,1,15,A01
200600060671,0,07,000,00,0,8,22,A01
200600060671,0,07,000,00,0,1,05,B01
200600060671,0,07,000,00,0,1,17,C01
200600060672,1,07,000,00,0,0,00,B01
200600060672,0,07,000,00,2,8,01,A01
200600060673,0,07,000,00,2,4,01,A01
200600060673,1,07,000,00,0,0,00,B01
200600060674,1,30,000,00,0,0,00,A01
200600060675,0,07,000,00,0,0,00,A01
200600060676,0,10,000,00,1,0,15,A01
200600060677,0,20,000,00,2,1,01,A01
200600060677,0,07,000,00,2,4,01,B01
200600060678,0,31,000,00,2,8,02,A01
200600060678,0,07,000,00,2,3,10,B01
200600060679,0,07,000,00,2,2,17,A01
200600060679,0,07,000,00,2,3,15,B01
200600060680,0,07,000,00,2,4,01,A01
200600060680,0,07,000,00,2,4,02,B01
200600060681,0,02,000,00,2,1,02,A01
200600060681,0,07,000,00,2,2,02,B01
200600060682,0,05,000,00,2,7,02,B01
200600060682,0,07,000,00,2,1,15,A01
200600060683,0,07,000,00,2,3,10,A01
200600060683,0,33,000,00,2,1,01,B01
200600060684,0,30,000,00,1,1,01,A01
200600060685,0,33,000,00,1,7,01,A01
200600060686,0,07,000,00,2,5,01,A01
200600060686,0,07,000,00,2,2,01,B01
200600060687,0,33,000,00,2,8,02,B01
200600060687,0,07,000,00,2,1,05,A01
200600060688,0,30,000,00,2,2,01,A01
200600060688,1,07,000,00,0,0,00,B01
200600060689,0,02,000,00,2,1,01,A01
200600060689,0,07,000,00,2,2,09,B01
200600060690,0,34,000,00,1,1,02,A01
200600060691,0,30,000,01,2,8,09,A01
200600060691,0,07,000,00,2,3,01,B01
200600060692,0,32,000,00,0,3,00,A01
200600060692,0,07,000,00,0,3,00,B01
200600060693,1,10,000,00,1,0,00,A01
200600060694,0,32,000,00,2,1,05,A01
200600060694,0,07,000,00,2,6,01,B01
200600060695,1,07,000,00,2,3,01,A01
200600060695,0,07,000,00,2,2,01,B01
200600060696,0,07,000,13,0,9,19,A01
200600060697,0,07,000,08,0,1,01,A01
200600060698,0,07,000,00,2,1,01,B01
200600060698,0,07,000,01,0,3,00,A01
200600060699,0,07,000,00,9,4,00,A01
200600060699,0,30,000,00,0,4,00,B01
200600060700,0,07,000,00,0,5,02,A01
200600060700,0,32,000,00,2,1,02,B01
200600060701,0,07,000,00,2,3,09,A01
200600060701,0,32,000,00,2,1,00,B01
200600060702,0,07,000,00,1,7,01,A01
200600060703,0,07,000,00,1,3,01,A01
200600060704,0,07,000,00,1,2,01,A01
200600060705,0,07,000,00,2,1,00,A01
200600060705,0,07,000,00,2,6,00,B01
200600060706,0,37,032,00,1,7,08,A01
200600060707,1,07,000,00,0,0,00,A01
200600060707,0,07,000,00,0,3,02,B01
200600060708,0,07,000,00,0,7,16,B01
200600060708,0,02,000,00,2,1,18,A01
200600060709,0,07,000,00,1,2,17,A01
200600060710,0,30,000,00,2,1,17,B01
200600060710,0,07,000,00,0,3,10,A01
200600060711,0,07,000,00,0,4,01,B01
200600060711,0,07,000,00,2,1,02,A01
200600060712,0,07,000,00,2,3,00,C01
200600060712,0,07,000,00,2,7,00,A01
200600060712,0,07,000,00,2,3,19,B01
200600060713,0,07,000,00,0,8,01,B01
200600060713,0,07,000,00,0,1,15,A01
200600060714,0,07,000,00,2,4,02,B01
200600060714,0,07,000,00,2,2,10,A01
200600060715,0,30,000,01,2,0,01,A01
200600060715,0,07,000,00,2,1,01,B01
200600060715,0,30,000,00,2,0,24,D01
200600060715,0,30,000,00,2,0,23,C01
200600060716,0,31,000,00,0,0,17,B01
200600060716,0,07,000,00,0,0,15,A01
200600060717,0,30,000,00,2,1,17,B01
200600060717,0,07,000,00,2,1,09,A01
200600060718,0,07,000,00,0,8,01,B01
200600060718,0,07,000,00,2,1,01,A01
200600060719,0,30,000,00,2,1,01,B01
200600060719,0,07,000,00,2,7,15,A01
200600060720,0,07,000,00,1,2,01,A01
200600060721,0,30,000,00,1,6,00,A01
200600060722,0,07,000,00,0,3,10,B01
200600060722,0,33,000,00,2,1,01,A01
200600060723,0,07,000,00,1,1,01,A01
200600060724,0,07,000,00,2,3,01,B01
200600060724,0,02,000,00,2,1,01,A01
200600060725,0,07,000,00,1,4,04,A01
200600060726,0,07,000,00,2,3,20,B01
200600060726,0,07,000,00,2,2,01,A01
200600060727,0,07,000,00,1,3,00,A01
200600060728,0,13,000,00,2,5,01,B01
200600060728,0,33,000,00,2,1,02,A01
200600060729,0,07,000,00,1,4,00,A01
200600060730,0,07,000,00,0,4,00,C01
200600060730,0,07,000,00,2,4,02,B01
200600060730,0,07,000,00,2,1,01,A01
200600060731,2,07,000,01,0,1,14,A01
200600060731,0,07,000,01,0,8,23,C01
200600060732,0,02,000,00,0,0,00,B01
200600060732,0,07,000,00,2,3,01,A01
200600060733,0,07,000,00,1,3,00,A01
200600060734,0,33,000,00,2,0,01,B01
200600060734,0,07,000,00,2,3,09,A01
200600060735,0,07,000,00,1,7,01,A01
200600060736,0,07,000,00,2,3,00,B01
200600060736,0,30,000,00,2,1,00,A01
200600060737,0,32,000,00,2,2,05,B01
200600060737,0,07,000,00,2,5,05,A01
200600060738,0,33,000,00,2,1,01,B01
200600060738,0,07,000,00,2,5,19,A01
200600060739,0,07,000,00,0,4,02,B01
200600060739,2,07,000,00,2,1,02,A01
200600060740,0,07,000,00,2,1,02,A01
200600060740,0,07,000,00,2,4,02,B01
200600060740,0,07,000,00,2,4,02,C01
200600060741,0,07,000,00,0,6,10,A01
200600060741,0,32,000,00,2,1,01,B01
200600060742,0,07,000,00,2,4,02,B01
200600060742,1,07,000,00,0,0,00,A01
200600060743,0,07,000,00,2,1,01,A01
200600060743,0,07,000,00,2,4,15,B01
200600060744,0,07,000,00,2,1,01,A01
200600060744,0,07,000,00,2,4,01,B01
200600060745,0,33,000,00,2,1,01,A01
200600060745,0,02,000,00,2,4,11,B01
200600060746,0,07,000,00,2,3,15,A01
200600060746,0,33,000,00,2,1,01,B01
200600060747,0,07,000,00,0,0,00,A01
200600060748,0,07,000,00,2,9,01,A01
200600060748,0,07,000,00,0,4,01,B01
200600060748,1,07,000,00,2,1,02,C01
200600060749,0,07,000,00,2,1,05,A01
200600060749,0,07,000,00,2,2,01,B01
200600060750,0,07,000,00,0,6,10,B01
200600060750,0,34,000,00,2,1,01,A01
200600060751,0,07,000,00,1,1,01,A01
200600060752,0,30,000,01,0,1,06,A01
200600060752,0,33,000,00,0,0,01,B01
200600060753,0,07,000,00,2,2,11,A01
200600060753,0,30,000,00,2,1,01,B01
200600060754,0,10,000,00,0,1,02,A01
200600060754,0,07,000,00,0,0,02,B01
200600060755,0,07,000,00,0,0,00,A01
200600060756,0,32,000,00,0,0,00,A01
200600060757,0,34,000,00,2,8,00,B01
200600060757,0,10,000,00,2,1,00,A01
200600060758,0,32,000,00,2,8,02,A01
200600060758,0,37,000,00,0,5,00,B01
200600060759,0,07,000,00,1,0,01,A01
200600060760,0,07,000,00,2,8,16,A01
200600060760,0,34,000,00,2,7,17,B01
200600060761,0,32,000,00,1,1,02,A01
200600060762,0,02,000,00,1,1,01,A01
200600060763,0,32,000,00,0,2,00,A01
200600060763,0,07,000,00,0,3,01,B01
200600060764,0,31,000,00,2,1,16,A01
200600060764,0,07,000,00,0,2,16,B01
200600060765,0,02,000,00,2,3,17,A01
200600060765,0,07,000,00,2,3,01,B01
200600060765,0,07,000,00,0,8,01,C01
200600060766,0,07,000,00,2,3,15,A01
200600060766,0,33,000,00,2,1,00,B01
200600060767,0,07,000,00,1,3,01,A01
200600060768,0,07,000,00,2,3,03,A01
200600060768,0,01,000,00,2,2,02,B01
200600060769,0,31,000,00,0,0,16,A01
200600060770,0,07,000,00,2,3,01,A01
200600060770,0,30,000,00,2,3,09,B01
200600060771,0,32,000,00,0,0,02,A01
200600060771,0,01,000,00,0,0,02,B01
200600060772,0,30,000,00,2,1,01,B01
200600060772,0,07,000,00,2,1,15,A01
200600060773,0,07,000,00,2,1,15,A01
200600060773,0,31,000,00,2,1,00,B01
200600060774,0,30,000,00,2,8,00,A01
200600060774,0,07,000,00,2,5,01,B01
200600060775,0,07,000,00,2,3,16,A01
200600060775,0,02,000,00,2,1,01,B01
200600060776,0,34,000,00,2,8,16,A01
200600060776,0,07,000,00,2,5,16,B01
200600060777,0,07,000,00,0,1,14,A01
200600060777,0,07,000,00,2,4,23,B01
200600060778,0,10,000,00,0,0,00,A01
200600060779,0,10,000,00,0,7,00,A01
200600060779,0,07,000,00,0,6,01,B01
200600060780,0,07,000,00,2,1,01,A01
200600060780,0,07,000,00,2,4,02,B01
200600060781,0,07,000,00,2,7,00,B01
200600060781,1,07,000,00,0,0,01,A01
200600060782,0,07,000,00,2,1,02,A01
200600060782,0,07,000,00,0,0,00,B01
200600060783,0,02,000,00,2,1,01,A01
200600060783,0,10,000,00,2,4,01,B01
200600060784,0,07,000,00,2,4,01,A01
200600060784,1,07,000,00,0,0,01,B01
200600060785,0,07,000,00,2,1,21,A01
200600060785,0,07,000,00,0,6,00,B01
200600060786,0,07,000,01,0,1,00,A01
200600060787,2,02,000,00,0,0,03,A01
200600060788,0,07,000,00,2,1,17,A01
200600060788,0,02,000,00,2,1,01,B01
200600060789,0,07,000,00,1,3,01,A01
200600060790,0,07,000,00,1,7,01,A01
200600060791,0,07,000,00,2,0,15,A01
200600060791,0,02,000,00,2,1,21,B01
200600060792,0,33,000,00,0,7,01,B01
200600060792,0,07,000,00,0,0,15,A01
200600060793,0,07,000,00,9,7,01,A01
200600060793,0,01,000,00,2,1,05,B01
200600060794,0,30,000,00,2,7,15,A01
200600060794,0,07,000,00,2,1,02,B01
200600060795,0,07,000,00,2,7,01,A01
200600060795,0,37,000,00,2,3,01,B01
200600060796,0,31,000,00,2,1,01,A01
200600060796,0,07,000,00,2,3,20,B01
200600060797,0,07,000,00,2,2,16,A01
200600060797,0,32,000,00,2,1,01,B01
200600060798,0,30,000,01,0,2,01,A01
200600060799,0,33,000,00,1,1,01,A01
200600060800,0,07,000,00,0,8,15,A01
200600060800,0,33,000,00,2,1,17,B01
200600060801,0,30,000,00,2,1,01,B01
200600060801,0,07,000,00,2,1,15,A01
200600060802,0,31,000,11,2,1,01,A01
200600060802,0,07,000,00,2,4,23,B01
200600060803,0,07,000,00,2,3,01,A01
200600060803,0,07,000,00,2,6,15,B01
200600060804,0,07,000,00,2,1,15,A01
200600060804,0,04,000,01,2,3,01,B01
200600060805,0,04,000,00,2,3,02,B01
200600060805,0,07,000,00,2,2,10,A01
200600060806,0,07,000,00,0,0,00,A01
200600060806,0,02,000,00,2,1,12,B01
200600060807,0,07,000,00,1,2,01,A01
200600060808,0,07,000,00,2,1,13,A01
200600060808,0,07,000,00,2,1,00,B01
200600060809,0,34,000,00,2,7,17,A01
200600060809,0,07,000,00,2,8,01,B01
200600060810,0,07,000,00,1,1,01,A01
200600060811,0,07,000,00,2,5,01,A01
200600060811,0,07,000,00,2,3,12,B01
200600060812,0,07,000,00,2,1,15,A01
200600060812,0,33,000,00,2,7,01,B01
200600060813,0,05,000,00,0,8,00,A01
200600060813,0,07,000,00,0,2,20,B01
200600060814,0,30,000,00,2,1,00,A01
200600060814,0,07,000,00,2,7,16,B01
200600060815,0,30,000,00,2,1,02,A01
200600060815,0,07,000,00,2,6,01,B01
200600060816,0,30,000,00,1,1,01,A01
200600060817,0,07,000,00,2,2,15,A01
200600060817,0,30,000,00,2,8,02,B01
200600060818,0,07,000,00,2,1,00,A01
200600060818,0,07,000,00,0,4,23,B01
200600060819,0,33,000,00,0,2,17,B01
200600060819,0,07,000,00,0,8,00,A01
200600060820,0,07,000,01,0,1,02,A01
200600060820,0,07,000,01,0,4,02,B01
200600060820,0,07,000,00,2,4,02,C01
200600060821,0,07,000,00,0,3,09,A01
200600060821,0,34,000,00,2,1,01,B01
200600060822,0,07,000,00,2,2,15,A01
200600060822,0,33,000,00,2,1,01,B01
200600060823,0,33,000,00,2,1,17,A01
200600060823,0,07,000,00,2,1,09,B01
200600060824,0,02,000,00,0,1,00,A01
200600060825,0,07,000,00,0,8,16,A01
200600060825,0,14,000,00,2,2,16,B01
200600060826,0,07,000,00,1,0,15,A01
200600060827,0,07,000,00,1,1,02,A01
200600060828,0,07,000,00,2,6,11,A01
200600060828,0,33,000,00,2,1,17,B01
200600060829,0,07,000,00,0,0,16,A01
200600060830,0,37,001,00,2,2,07,A01
200600060830,0,07,000,00,2,3,15,B01
200600060831,0,07,000,00,2,5,12,A01
200600060831,0,33,000,00,2,3,01,B01
200600060832,0,07,000,00,1,2,00,A01
200600060832,0,01,000,00,2,3,00,B01
200600060833,0,07,000,11,0,4,01,B01
200600060833,1,07,000,00,0,0,01,A01
200600060834,0,07,000,00,2,3,00,A01
200600060834,0,30,000,00,2,7,12,B01
200600060835,0,07,000,00,2,1,09,A01
200600060835,0,07,000,00,2,1,01,B01
200600060836,0,07,000,00,9,0,09,A01
200600060836,0,34,000,00,2,0,01,B01
200600060837,1,07,000,00,2,0,00,A01
200600060837,0,30,000,01,2,4,00,B01
200600060838,0,07,000,00,2,7,15,A01
200600060838,0,07,000,00,2,1,01,B01
200600060839,0,01,000,00,0,8,01,A01
200600060839,1,07,000,00,2,7,17,B01
200600060840,0,07,000,00,2,1,02,A01
200600060840,0,07,000,00,0,4,02,B01
200600060841,0,07,000,00,2,1,13,A01
200600060841,0,07,000,00,2,2,15,B01
200600060842,0,30,000,00,2,1,01,A01
200600060842,0,07,000,00,2,4,23,B01
200600060843,0,07,000,00,2,6,20,A01
200600060843,0,07,000,00,2,1,01,B01
200600060844,0,34,000,12,0,1,09,B01
200600060844,0,30,000,12,2,8,05,A01
200600060845,1,30,000,00,1,0,01,A01
200600060846,0,07,000,09,2,9,01,A01
200600060846,0,07,000,00,2,3,01,B01
200600060846,0,07,000,00,0,0,01,C01
200600060847,0,07,000,00,0,3,11,A01
200600060847,0,31,000,00,0,7,17,B01
200600060848,0,07,000,00,2,0,01,B01
200600060848,0,07,000,00,2,0,00,A01
200600060849,0,07,000,00,2,1,02,A01
200600060849,0,02,000,00,2,1,02,B01
200600060850,0,07,000,00,0,4,02,A01
200600060850,0,07,000,00,0,1,02,B01
200600060850,0,07,000,00,2,1,02,C01
200600060851,0,14,000,00,2,3,11,A01
200600060851,0,99,000,00,2,1,00,B01
200600060852,0,07,000,00,2,1,02,A01
200600060852,0,33,000,00,2,7,02,B01
200600060853,0,33,000,00,1,1,01,A01
200600060854,0,30,000,00,2,7,12,A01
200600060854,0,07,000,00,2,6,01,B01
200600060855,0,07,000,00,1,7,01,A01
200600060856,0,30,000,00,2,6,10,A01
200600060856,0,07,000,00,2,5,01,B01
200600060857,0,33,000,00,0,2,16,A01
200600060858,0,14,000,00,2,2,01,A01
200600060858,0,07,000,00,0,3,01,B01
200600060859,0,07,000,00,2,2,15,A01
200600060859,0,30,000,00,2,1,01,B01
200600060860,0,07,000,00,2,3,15,A01
200600060860,0,02,000,00,2,1,01,B01
200600060861,0,07,000,00,2,2,05,A01
200600060861,0,07,000,00,2,1,01,B01
200600060862,0,07,000,00,2,3,20,A01
200600060862,0,07,000,00,2,1,01,B01
200600060863,0,10,000,03,0,3,01,A01
200600060863,1,07,000,00,0,0,12,B01
200600060864,0,07,000,00,2,4,02,A01
200600060864,0,07,000,00,0,4,02,B01
200600060864,0,07,000,00,2,1,02,C01
200600060865,0,17,000,00,2,6,01,B01
200600060865,0,07,000,00,0,1,13,A01
200600060866,0,07,000,00,2,1,15,A01
200600060866,0,07,000,00,2,1,01,B01
200600060867,0,07,000,00,2,2,16,A01
200600060867,0,02,000,00,2,1,01,B01
200600060868,0,07,000,00,2,1,01,A01
200600060868,0,07,000,06,2,4,04,B01
200600060869,0,07,000,00,1,2,02,A01
200600060870,0,21,000,00,2,2,01,A01
200600060870,0,02,000,00,2,1,02,B01
200600060871,0,07,000,00,0,4,11,B01
200600060871,0,07,000,08,2,1,02,A01
200600060872,1,07,000,00,2,1,17,A01
200600060872,0,07,000,00,2,4,23,B01
200600060872,0,10,000,00,2,8,01,C01
200600060873,0,32,000,00,2,7,02,A01
200600060873,0,07,000,00,2,8,15,B01
200600060874,0,07,000,00,2,1,01,B01
200600060874,0,07,000,00,2,1,05,A01
200600060875,0,07,000,00,2,1,01,A01
200600060875,0,07,000,00,2,1,17,B01
200600060875,0,10,000,00,2,3,23,C01
200600060876,0,07,000,00,2,8,19,A01
200600060876,0,07,000,00,2,1,01,B01
200600060877,0,33,000,00,2,1,17,A01
200600060877,0,33,000,00,2,8,00,B01
200600060877,0,07,000,00,2,8,01,C01
200600060878,2,30,000,00,2,1,06,A01
200600060878,0,07,000,00,2,3,01,B01
200600060879,0,30,000,00,2,1,02,A01
200600060879,0,07,000,00,2,4,01,B01
200600060880,0,07,000,00,2,3,00,A01
200600060880,0,33,000,00,2,1,00,B01
200600060881,0,07,000,00,9,1,11,A01
200600060881,0,01,000,00,2,4,01,B01
200600060882,0,07,000,00,2,1,10,A01
200600060882,0,33,000,00,2,1,17,B01
200600060883,0,33,000,00,2,8,05,A01
200600060883,0,33,000,00,2,1,01,B01
200600060884,0,07,000,00,2,1,05,A01
200600060884,0,07,000,00,2,1,01,B01
200600060885,0,07,000,00,2,8,15,A01
200600060885,0,30,000,00,2,1,01,B01
200600060886,0,30,000,00,2,1,02,A01
200600060886,0,07,000,00,2,4,02,B01
200600060887,0,07,000,00,1,2,02,A01
200600060888,0,07,000,06,0,1,13,A01
200600060889,0,07,000,00,1,3,02,A01
200600060890,0,07,000,00,1,1,20,A01
200600060891,0,07,000,00,2,2,15,A01
200600060891,0,02,000,00,2,1,02,B01
200600060891,0,07,000,00,0,3,23,C01
200600060892,0,33,000,00,0,1,01,B01
200600060892,0,07,000,00,2,3,09,A01
200600060893,0,07,000,00,1,4,04,A01
200600060894,0,07,000,00,2,3,11,A01
200600060894,0,07,000,00,2,1,01,B01
200600060895,0,02,000,00,2,2,02,A01
200600060895,0,30,000,00,2,8,09,B01
200600060896,0,02,000,00,2,1,01,A01
200600060896,0,07,000,00,2,3,01,B01
200600060897,0,07,000,00,2,1,13,A01
200600060897,0,07,000,00,2,1,00,B01
200600060898,0,07,000,00,1,1,01,A01
200600060899,0,07,000,00,1,2,01,A01
200600060900,0,30,000,00,2,1,01,A01
200600060900,0,07,000,00,0,5,01,B01
200600060901,0,07,000,00,2,8,13,A01
200600060901,0,07,000,00,2,3,01,B01
200600060902,0,07,000,00,1,2,01,A01
200600060903,0,07,000,00,9,2,01,B01
200600060903,0,01,000,00,2,2,00,A01
200600060904,0,07,000,00,2,2,01,A01
200600060904,0,07,000,00,2,3,01,B01
200600060905,0,07,000,13,0,2,01,A01
200600060906,0,02,000,01,2,1,01,A01
200600060906,0,10,000,00,2,2,15,B01
200600060907,0,02,000,00,2,1,01,A01
200600060907,0,07,000,00,2,8,01,B01
200600060908,0,07,000,00,2,8,01,A01
200600060908,0,02,000,00,2,1,01,B01
200600060909,0,07,000,00,2,7,06,A01
200600060909,0,07,000,00,2,1,01,B01
200600060910,0,07,000,00,1,2,02,A01
200600060911,0,07,000,00,2,2,09,A01
200600060911,0,05,000,00,2,1,01,B01
200600060912,0,07,000,00,2,3,15,A01
200600060912,0,34,000,00,2,1,01,B01
200600060913,0,07,000,00,0,1,01,A01
200600060914,0,33,000,00,2,1,01,B01
200600060915,0,07,000,00,2,1,13,A01
200600060915,0,10,000,00,2,1,01,B01
200600060916,0,07,000,00,2,1,15,B01
200600060916,0,33,000,00,2,1,11,A01
200600060917,0,07,000,00,2,7,01,A01
200600060917,0,07,000,00,2,1,01,B01
200600060918,0,07,000,00,0,1,01,A01
200600060919,0,07,000,00,2,1,15,A01
200600060919,0,02,000,00,2,1,01,B01
200600060920,1,34,000,00,2,8,03,A01
200600060920,0,10,000,00,2,1,01,B01
200600060921,0,07,000,00,2,1,02,A01
200600060921,0,31,000,00,2,1,02,B01
200600060922,0,07,000,00,2,1,01,B01
200600060922,0,30,000,00,2,1,01,A01
200600060923,0,07,000,00,2,1,01,A01
200600060923,0,07,000,00,2,4,01,B01
200600060924,0,07,000,00,2,3,16,A01
200600060924,0,07,000,00,2,1,01,B01
200600060925,0,02,000,01,2,1,01,A01
200600060925,0,07,000,00,2,1,01,B01
200600060925,0,07,000,00,1,5,00,C01
200600060926,0,07,000,00,2,3,11,A01
200600060926,0,02,000,00,2,1,01,B01
200600060927,0,30,000,00,2,1,13,A01
200600060927,0,07,000,00,2,3,01,B01
200600060928,0,07,000,00,2,1,02,A01
200600060928,0,07,000,00,2,4,02,B01
200600060929,0,07,000,00,2,1,13,A01
200600060929,0,07,000,00,2,1,01,B01
200600060930,0,07,000,00,2,7,13,A01
200600060930,0,07,000,00,2,1,01,B01
200600060931,0,02,000,00,2,1,01,B01
200600060931,0,07,000,00,2,2,15,A01
200600060932,0,07,000,00,2,3,15,B01
200600060932,0,02,000,00,2,8,01,A01
200600060933,0,10,000,04,0,1,13,A01
200600060934,0,07,000,00,0,9,01,A01
200600060935,0,07,000,00,2,1,02,A01
200600060935,0,07,000,00,2,4,02,B01
200600060935,0,07,000,00,2,4,02,C01
200600060935,0,07,000,00,2,1,02,D01
200600060936,0,07,000,00,1,1,01,A01
200600060937,0,07,000,06,0,1,01,A01
200600060938,0,07,000,00,2,2,17,A01
200600060938,0,01,000,00,2,3,01,B01
200600060939,0,31,000,00,0,8,01,A01
200600060940,0,33,000,00,2,1,21,B01
200600060940,0,07,000,00,2,8,15,A01
200600060941,0,07,000,00,2,1,15,A01
200600060941,0,07,000,00,2,1,01,B01
200600060942,0,17,000,00,0,8,13,A01
200600060943,0,13,000,00,2,1,01,A01
200600060943,0,07,000,00,2,4,01,B01
200600060944,0,31,000,00,0,8,01,A01
200600060945,0,02,000,00,2,1,01,A01
200600060945,0,07,000,00,2,3,10,B01
200600060946,0,07,000,00,2,7,01,A01
200600060946,0,07,000,00,2,1,01,B01
200600060947,0,07,000,00,2,3,16,A01
200600060947,0,01,000,00,2,7,01,B01
200600060948,0,07,000,00,2,2,01,A01
200600060948,0,30,000,00,2,4,01,B01
200600060949,0,07,000,00,2,3,20,A01
200600060949,0,02,000,00,2,2,01,B01
200600060950,0,02,000,00,2,7,01,B01
200600060950,0,07,000,00,2,6,01,A01
200600060951,0,01,000,00,2,7,19,A01
200600060951,0,07,000,00,2,1,01,B01
200600060952,0,02,000,00,2,1,05,A01
200600060952,0,10,000,00,2,2,01,B01
200600060953,0,02,000,00,2,1,01,A01
200600060953,0,07,000,00,2,4,01,B01
200600060954,0,07,000,00,1,1,01,A01
200600060955,0,07,000,00,2,2,01,A01
200600060955,0,07,000,00,2,3,01,B01
200600060956,0,10,000,00,2,1,01,A01
200600060956,0,07,000,00,1,4,01,B01
200600060957,0,07,000,00,1,1,01,A01
200600060958,0,07,000,00,2,8,15,A01
200600060958,0,01,000,00,2,1,01,B01
200600060959,0,07,000,00,2,1,15,A01
200600060959,0,30,000,00,2,1,01,B01
200600060960,1,33,000,00,1,1,01,A01
200600060961,0,07,000,00,2,1,01,B01
200600060961,0,07,000,00,2,7,16,A01
200600060962,0,07,000,00,2,8,24,A01
200600060962,0,01,000,00,2,1,21,B01
200600060963,0,07,000,00,2,3,20,A01
200600060963,0,02,000,15,2,1,17,B01
200600060964,0,02,000,00,2,8,15,A01
200600060964,0,07,000,00,2,2,17,B01
200600060965,0,10,000,06,2,3,01,B01
200600060965,0,07,000,00,2,3,19,A01
200600060966,0,33,000,02,0,1,01,A01
200600060967,0,07,000,00,1,2,16,A01
200600060968,0,07,000,00,1,8,01,A01
200600060969,0,07,000,00,2,8,09,A01
200600060969,0,07,000,00,2,2,01,B01
200600060970,0,33,000,00,0,7,00,A01
200600060971,0,02,000,00,2,0,02,A01