Num_Acc,senc,catv,occutc,obs,obsm,choc,manv,num_veh
200600061330,0,07,000,00,2,2,01,A01
200600061331,0,10,000,00,2,6,04,A01
200600061331,0,33,000,00,2,9,01,B01
200600061332,0,07,000,00,1,2,01,A01
200600061333,0,07,000,00,2,1,01,B01
200600061333,2,07,000,00,2,0,15,A01
200600061334,1,07,000,00,1,1,01,A01
200600061335,0,10,000,00,2,2,15,A01
200600061335,0,30,000,00,2,1,01,B01
200600061336,0,07,000,00,2,2,15,A01
200600061336,0,30,000,00,2,1,01,B01
200600061337,0,07,000,00,2,1,02,A01
200600061337,0,07,000,00,2,6,15,B01
200600061338,0,02,000,00,2,1,01,B01
200600061338,0,07,000,00,2,3,11,A01
200600061339,0,10,000,00,2,7,19,B01
200600061339,0,02,000,00,2,1,01,A01
200600061340,0,30,000,00,2,3,01,B01
200600061340,0,07,000,00,2,3,15,A01
200600061341,0,07,000,00,2,2,15,A01
200600061341,0,01,000,00,2,3,01,B01
200600061342,0,07,000,00,1,1,01,A01
200600061343,0,07,000,00,1,0,01,A01
200600061344,0,07,000,00,2,1,02,A01
200600061344,0,07,000,00,2,4,01,B01
200600061344,0,07,000,00,2,4,01,C01
200600061344,0,07,000,00,2,1,01,D01
200600061344,0,13,000,00,2,4,01,E01
200600061345,0,07,000,00,9,3,09,A01
200600061345,0,01,000,00,2,7,01,B01
200600061346,0,01,000,00,1,0,05,A01
200600061347,1,30,000,00,1,0,00,A01
200600061348,0,07,000,00,2,6,04,A01
200600061348,0,34,000,00,2,8,01,B01
200600061349,0,07,000,00,2,5,16,A01
200600061349,0,30,000,00,2,8,01,B01
200600061350,0,33,000,00,2,7,15,A01
200600061350,0,02,000,00,2,8,01,B01
200600061351,0,07,000,08,0,1,13,A01
200600061352,0,34,000,05,0,1,01,A01
200600061353,0,07,000,00,2,1,02,A01
200600061353,0,07,000,00,2,4,02,B01
200600061353,0,07,000,00,2,4,02,C01
200600061353,0,07,000,00,2,4,02,D01
200600061353,0,07,000,00,2,4,02,E01
200600061354,0,31,000,00,2,2,00,A01
200600061354,0,07,000,00,2,8,00,B01
200600061355,0,07,000,05,0,8,00,A01
200600061356,0,07,000,02,0,1,01,A01
200600061357,0,17,000,00,2,5,16,A01
200600061357,0,02,000,00,2,9,01,B01
200600061358,0,30,000,00,2,2,01,A01
200600061358,0,07,000,00,2,6,01,B01
200600061359,0,01,000,00,2,3,00,A01
200600061359,0,07,000,00,9,7,00,B01
200600061360,0,01,000,00,2,2,01,A01
200600061360,0,07,000,00,9,1,16,B01
200600061361,0,07,000,00,2,1,01,A01
200600061361,0,07,000,00,0,4,23,B01
200600061362,0,30,000,00,2,0,17,A01
200600061362,0,07,000,00,2,8,01,B01
200600061363,0,02,000,00,0,0,21,A01
200600061364,0,10,000,00,2,7,15,A01
200600061364,0,33,000,00,2,1,01,B01
200600061365,0,01,000,00,2,1,01,A01
200600061365,0,21,000,00,2,7,01,B01
200600061366,0,07,000,00,1,1,01,A01
200600061367,0,07,000,00,2,1,01,A01
200600061367,0,07,000,00,2,4,23,B01
200600061368,0,30,000,00,2,1,00,A01
200600061368,1,07,000,00,2,0,00,B01
200600061369,0,10,000,00,2,8,24,A01
200600061369,0,02,000,00,2,1,17,B01
200600061370,0,02,000,00,2,8,01,A01
200600061370,0,10,000,00,0,0,00,B01
200600061371,0,07,000,00,2,8,01,B01
200600061371,0,01,000,00,2,1,01,A01
200600061372,0,37,012,00,2,2,16,A01
200600061372,0,01,000,00,2,3,01,B01
200600061373,0,07,000,08,0,1,01,A01
200600061374,0,07,000,00,2,6,01,A01
200600061374,0,33,000,00,2,2,03,B01
200600061374,0,07,000,00,2,4,01,C01
200600061375,0,01,000,00,2,1,00,A01
200600061375,0,07,000,00,2,7,01,B01
200600061376,0,07,000,00,1,2,01,A01
200600061377,0,07,000,00,2,3,15,A01
200600061377,0,01,000,00,2,1,01,B01
200600061378,0,07,000,00,2,8,01,A01
200600061378,0,33,000,00,2,1,01,B01
200600061379,0,37,001,00,2,3,01,A01
200600061379,2,07,000,00,2,8,05,B01
200600061380,0,07,000,00,2,5,09,A01
200600061380,0,30,000,00,2,3,01,B01
200600061381,0,31,000,00,0,7,01,A01
200600061382,0,30,000,00,2,9,08,A01
200600061382,0,07,000,00,2,2,15,B01
200600061383,0,07,000,00,2,1,02,A01
200600061383,0,07,000,00,2,4,02,B01
200600061383,0,07,000,00,2,4,02,C01
200600061384,1,01,000,00,1,1,07,A01
200600061385,0,33,000,00,2,1,01,B01
200600061385,0,10,000,00,2,3,15,A01
200600061386,0,07,000,00,2,3,19,A01
200600061386,0,31,000,00,2,7,01,B01
200600061387,0,07,000,00,2,0,01,A01
200600061387,0,07,000,00,2,0,01,B01
200600061388,0,07,000,00,1,6,00,A01
200600061389,0,01,000,00,2,4,01,A01
200600061389,0,14,000,00,9,5,01,B01
200600061390,0,07,000,00,2,1,05,A01
200600061390,0,07,000,00,2,1,01,B01
200600061391,0,07,000,12,0,9,00,A01
200600061392,0,07,000,00,2,1,13,A01
200600061392,0,07,000,00,2,4,01,B01
200600061393,0,33,000,00,2,8,01,A01
200600061393,0,07,000,00,2,2,15,B01
200600061394,0,17,000,00,2,2,00,A01
200600061394,0,10,000,00,2,4,01,B01
200600061394,0,07,000,00,2,8,01,C01
200600061395,0,01,000,00,2,0,01,A01
200600061395,0,07,000,00,2,1,15,B01
200600061396,0,02,000,00,2,7,00,A01
200600061396,0,07,000,00,2,1,00,B01
200600061397,0,07,000,00,2,3,15,A01
200600061397,0,02,000,00,2,1,05,B01
200600061398,0,10,000,00,2,1,01,A01
200600061398,0,07,000,00,2,4,01,B01
200600061399,0,07,000,00,2,1,02,A01
200600061399,0,07,000,00,2,1,02,B01
200600061399,0,10,000,00,2,4,02,C01
200600061399,0,07,000,00,2,4,02,D01
200600061400,0,07,000,00,2,1,13,A01
200600061400,0,07,000,00,2,1,01,B01
200600061400,0,07,000,00,2,1,01,C01
200600061401,0,31,000,00,2,1,18,A01
200600061401,0,07,000,00,2,2,16,B01
200600061402,0,30,000,00,2,3,17,A01
200600061402,0,07,000,00,2,3,15,B01
200600061403,0,01,000,00,2,1,01,A01
200600061403,0,01,000,00,2,1,01,B01
200600061404,0,07,000,00,9,7,01,B01
200600061404,0,02,000,00,2,8,10,A01
200600061405,0,37,006,00,1,2,16,A01
200600061406,0,07,000,03,2,3,01,B01
200600061406,0,07,000,00,2,1,13,A01
200600061407,0,07,000,00,0,4,23,B01
200600061407,0,07,000,00,2,1,02,A01
200600061408,0,02,000,00,2,8,01,B01
200600061408,0,07,000,00,2,3,17,A01
200600061409,0,07,000,00,2,2,15,B01
200600061409,0,30,000,00,2,8,18,A01
200600061410,1,07,000,00,1,8,01,A01
200600061411,0,02,000,00,2,1,01,A01
200600061411,0,07,000,00,2,6,15,B01
200600061412,0,07,000,00,2,3,01,A01
200600061412,0,07,000,00,2,3,01,B01
200600061413,0,07,000,00,1,1,01,A01
200600061414,0,07,000,00,2,1,01,A01
200600061414,0,07,000,00,2,4,01,B01
200600061415,0,07,000,00,2,8,13,A01
200600061415,0,38,059,00,2,3,01,B01
200600061416,0,07,000,00,2,1,01,A01
200600061416,0,07,000,00,2,4,02,B01
200600061416,0,07,000,00,2,4,02,C01
200600061417,0,07,000,00,2,1,01,A01
200600061417,0,10,000,00,2,9,02,B01
200600061417,0,07,000,00,2,4,02,C01
200600061418,0,07,000,00,1,3,01,A01
200600061419,0,07,000,00,2,1,01,A01
200600061420,0,02,000,00,0,0,15,A01
200600061421,0,07,000,00,2,3,16,A01
200600061421,0,01,000,00,0,4,01,B01
200600061422,0,02,000,00,2,1,01,A01
200600061422,0,07,000,00,2,4,02,B01
200600061423,0,10,000,00,2,1,01,A01
200600061423,0,07,000,00,2,4,02,B01
200600061424,0,07,000,00,2,1,01,A01
200600061424,0,07,000,00,2,4,02,B01
200600061424,0,07,000,00,2,4,02,C01
200600061425,0,31,000,14,0,1,17,A01
200600061425,0,10,000,00,2,3,23,B01
200600061426,0,02,000,00,2,1,15,A01
200600061426,0,07,000,00,2,2,01,B01
200600061427,0,33,000,00,2,7,17,A01
200600061427,0,07,000,00,2,3,01,B01
200600061428,0,07,000,00,2,1,01,A01
200600061428,0,37,001,00,2,3,17,B01
200600061429,0,07,000,00,2,1,01,A01
200600061429,0,01,000,00,2,8,01,B01
200600061430,0,02,000,00,2,1,13,A01
200600061430,0,07,000,00,2,1,01,B01
200600061431,0,02,000,00,1,1,01,A01
200600061432,0,10,000,00,1,0,16,A01
200600061433,0,07,000,00,2,3,01,A01
200600061433,0,07,000,00,2,1,01,B01
200600061433,0,07,000,00,0,3,01,C01
200600061434,0,07,000,00,2,1,15,A01
200600061434,0,07,000,00,2,1,01,B01
200600061435,0,07,000,00,2,6,15,A01
200600061435,0,02,000,14,0,1,01,B01
200600061436,0,07,000,00,2,1,16,A01
200600061436,0,37,020,00,2,3,01,B01
200600061437,0,07,000,14,0,1,01,A01
200600061437,0,07,000,00,0,4,23,B01
200600061438,0,07,000,00,2,7,16,A01
200600061438,0,31,000,00,2,1,01,B01
200600061439,0,01,000,01,1,1,01,A01
200600061440,0,07,000,00,2,1,15,A01
200600061440,0,31,000,00,2,1,01,B01
200600061441,0,07,000,00,2,1,01,A01
200600061441,0,07,000,01,0,1,01,B01
200600061442,0,40,000,00,1,1,01,A01
200600061443,1,07,000,00,1,0,16,A01
200600061444,0,01,000,00,0,0,01,A01
200600061444,0,07,000,00,2,2,01,B01
200600061445,0,33,000,00,2,2,17,A01
200600061445,0,07,000,00,2,3,15,B01
200600061446,0,07,000,00,2,1,15,A01
200600061446,0,07,000,00,2,1,01,B01
200600061447,0,07,000,00,2,6,13,A01
200600061447,0,33,000,00,2,1,01,B01
200600061448,0,07,000,00,1,3,01,A01
200600061449,0,07,000,00,2,5,15,A01
200600061449,0,33,000,00,2,1,01,B01
200600061450,0,07,000,14,0,3,01,A01
200600061450,0,07,000,00,0,5,01,B01
200600061451,0,07,000,00,2,4,04,A01
200600061451,0,01,000,00,2,7,01,B01
200600061452,1,07,000,00,2,0,16,A01
200600061452,0,02,000,00,2,1,01,B01
200600061453,0,10,000,00,2,7,01,A01
200600061453,0,01,000,00,2,8,01,B01
200600061454,0,02,000,00,1,1,01,A01
200600061455,0,33,000,00,0,7,01,A01
200600061456,0,33,000,00,2,1,01,A01
200600061456,0,01,000,00,0,4,01,B01
200600061457,0,07,000,00,1,2,01,A01
200600061458,0,02,000,00,2,1,01,A01
200600061458,0,10,000,00,2,8,15,B01
200600061459,0,07,000,00,2,5,01,A01
200600061459,0,01,000,00,2,3,01,B01
200600061460,0,33,000,00,2,1,01,A01
200600061460,0,07,000,00,2,1,15,B01
200600061461,0,01,000,00,2,1,15,A01
200600061461,0,02,000,00,2,1,01,B01
200600061462,0,02,000,00,2,1,01,A01
200600061462,0,07,000,00,2,3,01,B01
200600061463,0,33,000,00,0,1,01,A01
200600061464,0,33,000,01,2,1,01,A01
200600061464,0,07,000,00,0,2,20,B01
200600061465,0,07,000,00,2,3,01,A01
200600061465,0,01,000,00,2,1,01,B01
200600061466,1,07,000,00,2,3,15,A01
200600061466,0,07,000,00,2,3,01,B01
200600061467,0,07,000,12,0,1,01,A01
200600061468,0,40,000,00,1,1,01,A01
200600061469,0,40,000,00,1,1,01,A01
200600061470,0,33,000,12,0,1,01,A01
200600061471,0,07,000,00,2,7,15,A01
200600061471,0,07,000,00,2,1,01,B01
200600061472,0,33,000,00,2,8,15,A01
200600061472,0,10,000,14,0,1,01,B01
200600061473,0,30,000,00,2,8,13,A01
200600061473,0,10,000,00,0,7,20,B01
200600061474,0,07,000,14,0,8,01,A01
200600061474,0,07,000,00,0,3,23,B01
200600061475,0,10,000,01,0,1,13,A01
200600061476,0,07,000,12,0,2,01,A01
200600061477,0,07,000,00,2,3,15,A01
200600061477,0,35,000,00,2,1,01,B01
200600061478,0,10,000,00,2,2,16,A01
200600061478,0,02,000,00,2,8,01,B01
200600061479,0,07,000,14,0,1,02,A01
200600061479,0,07,000,14,0,4,02,B01
200600061479,0,07,000,00,0,5,23,C01
200600061480,0,40,000,00,2,1,01,B01
200600061480,0,07,000,00,2,7,01,A01
200600061481,0,02,000,00,2,7,01,B01
200600061481,0,07,000,00,2,1,15,A01
200600061482,0,10,000,00,2,1,01,A01
200600061482,0,07,000,00,2,4,02,B01
200600061482,0,07,000,00,0,4,02,C01
200600061483,0,07,000,00,2,5,14,A01
200600061483,0,31,000,01,2,1,01,B01
200600061484,0,02,000,00,1,1,01,A01
200600061485,0,07,000,00,2,3,15,A01
200600061485,0,01,000,00,2,1,01,B01
200600061486,0,33,000,00,2,1,02,A01
200600061486,0,07,000,00,0,4,15,B01
200600061487,0,07,000,00,0,2,01,A01
200600061487,0,02,000,00,2,7,18,B01
200600061488,0,07,000,00,2,1,01,A01
200600061488,0,07,000,00,2,3,01,B01
200600061489,0,07,000,00,1,3,01,A01
200600061490,0,07,000,00,1,0,15,A01
200600061491,0,02,000,00,1,1,01,A01
200600061492,0,07,000,00,2,3,01,A01
200600061492,0,02,000,00,2,1,01,B01
200600061493,0,02,000,00,2,1,01,A01
200600061493,0,10,000,00,2,4,01,B01
200600061494,0,07,000,14,0,1,02,A01
200600061494,0,07,000,14,2,4,23,B01
200600061494,0,10,000,14,2,4,23,C01
200600061494,0,07,000,00,2,4,23,D01
200600061495,0,07,000,00,0,4,04,A01
200600061495,0,02,000,00,2,1,01,B01
200600061496,0,07,000,00,0,0,01,A01
200600061496,0,07,000,07,0,1,15,B01
200600061497,0,07,000,00,2,2,16,A01
200600061497,0,02,000,01,2,1,01,B01
200600061498,0,07,000,00,2,3,13,A01
200600061498,0,33,000,00,2,7,13,B01
200600061499,0,02,000,14,0,7,17,A01
200600061499,0,10,000,00,2,8,15,B01
200600061500,0,07,000,00,1,2,01,A01
200600061501,0,33,000,00,2,7,01,A01
200600061501,0,07,000,00,2,2,01,B01
200600061502,0,07,000,00,2,1,01,A01
200600061502,0,07,000,00,2,5,15,B01
200600061503,0,07,000,00,2,1,15,A01
200600061503,0,01,000,00,2,1,01,B01
200600061504,0,07,000,00,2,1,01,A01
200600061504,0,01,000,00,2,8,15,B01
200600061505,0,01,000,00,1,1,01,A01
200600061505,0,01,000,00,0,0,01,B01
200600061506,0,31,000,00,2,2,14,A01
200600061506,0,07,000,00,0,0,12,B01
200600061507,0,07,000,00,2,1,01,A01
200600061507,0,07,000,00,2,4,01,B01
200600061508,0,07,000,13,0,1,01,A01
200600061508,0,07,000,00,2,1,23,B01
200600061508,0,07,000,00,2,1,23,C01
200600061509,0,07,000,00,2,3,15,A01
200600061509,0,31,000,00,2,1,01,B01
200600061510,0,07,000,00,1,4,04,A01
200600061511,0,33,000,00,2,7,17,A01
200600061511,0,07,000,00,2,2,15,B01
200600061512,0,10,000,00,2,1,01,A01
200600061512,0,10,000,12,0,2,01,B01
200600061513,0,02,000,00,2,1,05,A01
200600061513,0,02,000,00,2,1,01,B01
200600061514,0,07,000,00,2,1,01,A01
200600061514,0,07,000,00,2,7,01,B01
200600061515,0,02,000,00,2,1,01,A01
200600061515,0,07,000,00,2,7,01,B01
200600061516,0,07,000,00,2,3,01,A01
200600061516,0,33,000,00,0,7,01,B01
200600061517,0,02,000,00,1,1,15,A01
200600061518,0,07,000,14,1,4,04,A01
200600061519,0,37,025,01,1,2,07,A01
200600061520,0,07,000,00,0,3,15,A01
200600061520,0,02,000,00,2,1,01,B01
200600061521,0,07,000,00,2,1,01,A01
200600061521,0,02,000,00,2,7,15,B01
200600061522,0,02,000,00,2,1,17,A01
200600061522,0,07,000,00,2,3,15,B01
200600061523,0,02,000,00,1,1,17,A01
200600061524,0,07,000,12,0,1,01,A01
200600061525,0,31,000,00,0,0,01,A01
200600061526,0,07,000,00,2,2,15,A01
200600061526,0,02,000,00,2,7,01,B01
200600061527,0,07,000,01,0,2,01,A01
200600061528,0,02,000,14,0,1,01,A01
200600061528,0,07,000,00,0,4,23,B01
200600061529,1,14,000,00,2,0,02,A01
200600061529,0,01,000,00,2,8,02,B01
200600061530,0,07,000,14,0,1,01,A01
200600061530,0,07,000,00,0,4,23,B01
200600061531,0,02,000,00,2,1,17,A01
200600061531,0,07,000,00,0,8,15,B01
200600061532,0,02,000,00,0,2,01,A01
200600061532,1,10,000,00,0,0,00,B01
200600061533,0,07,000,00,2,1,01,A01
200600061533,0,01,000,00,0,4,02,B01
200600061534,2,07,000,00,2,1,01,A01
200600061534,0,07,000,00,2,6,01,B01
200600061534,0,07,000,00,2,4,01,C01
200600061535,0,07,000,00,2,3,15,A01
200600061535,0,02,000,00,0,8,01,B01
200600061536,0,07,000,00,0,4,23,B01
200600061536,0,02,000,00,2,1,12,A01
200600061537,0,07,000,00,2,3,01,A01
200600061537,0,07,000,00,0,3,01,B01
200600061538,0,10,000,00,1,1,16,A01
200600061539,0,07,000,00,2,1,01,A01
200600061539,0,07,000,00,2,4,01,B01
200600061540,0,07,000,01,2,1,01,A01
200600061540,0,07,000,00,2,4,01,B01
200600061540,0,07,000,00,0,4,23,C01
200600061541,0,07,000,00,2,3,15,A01
200600061541,0,02,000,00,2,9,01,B01
200600061542,0,32,000,00,2,0,13,A01
200600061542,0,07,000,00,2,3,01,B01
200600061543,0,07,000,00,2,3,09,A01
200600061543,0,33,000,00,2,1,01,B01
200600061544,1,02,000,00,1,0,01,A01
200600061545,0,07,000,00,2,1,15,A01
200600061545,0,02,000,00,2,7,01,B01
200600061546,0,02,000,00,2,8,01,A01
200600061546,0,17,000,00,2,1,01,B01
200600061547,0,15,000,00,2,8,15,B01
200600061547,0,07,000,00,2,1,01,A01
200600061548,0,01,000,00,2,1,01,A01
200600061548,0,07,000,01,2,1,01,B01
200600061549,0,07,000,02,0,9,01,A01
200600061550,0,30,000,00,2,1,18,A01
200600061550,0,07,000,00,2,2,15,B01
200600061551,0,07,000,00,2,2,15,A01
200600061551,0,31,000,00,2,1,01,B01
200600061552,0,02,000,01,0,1,01,A01
200600061552,0,02,000,01,2,1,02,B01
200600061553,0,07,000,00,2,9,01,A01
200600061553,0,07,000,01,2,3,01,B01
200600061554,0,10,000,00,1,3,01,A01
200600061555,0,07,000,00,2,1,15,A01
200600061555,0,02,000,00,2,1,01,B01
200600061556,0,10,000,00,2,2,01,A01
200600061556,0,10,000,00,2,1,01,B01
200600061557,0,33,000,00,2,1,01,A01
200600061557,0,07,000,00,2,4,01,B01
200600061558,0,07,000,00,0,4,10,A01
200600061558,0,33,000,00,2,1,01,B01
200600061559,0,10,000,00,2,1,15,A01
200600061559,0,07,000,00,2,1,01,B01
200600061560,0,30,000,00,9,8,01,A01
200600061560,0,37,000,00,0,0,14,B01
200600061561,0,33,000,00,2,8,15,A01
200600061561,0,07,000,00,0,8,17,B01
200600061562,0,07,000,00,1,3,15,A01
200600061563,0,10,000,00,2,1,01,A01
200600061563,0,07,000,06,0,7,01,B01
200600061564,0,02,000,00,2,8,01,A01
200600061564,0,07,000,00,0,1,15,B01
200600061565,0,07,000,00,0,6,15,A01
200600061565,0,33,000,00,2,3,01,B01
200600061566,0,17,000,00,2,5,16,A01
200600061566,0,02,000,00,2,1,01,B01
200600061567,0,07,000,00,2,1,02,A01
200600061567,0,07,000,00,0,4,23,B01
200600061567,0,07,000,00,0,4,23,C01
200600061567,0,07,000,01,0,4,23,D01
200600061568,0,30,000,00,0,8,01,A01
200600061568,0,07,000,00,2,3,15,B01
200600061569,0,07,000,00,1,3,01,A01
200600061570,0,07,000,00,9,1,02,A01
200600061570,0,01,000,00,2,4,02,B01
200600061571,0,07,000,00,2,3,15,A01
200600061571,0,30,000,01,2,1,17,B01
200600061572,0,33,000,00,2,1,01,A01
200600061572,0,07,000,00,2,5,01,B01
200600061573,0,07,000,00,2,1,00,A01
200600061573,0,30,000,00,2,7,00,B01
200600061574,0,34,000,00,0,5,00,A01
200600061575,0,33,000,03,2,1,02,A01
200600061575,0,07,000,00,0,5,02,B01
200600061576,0,10,000,00,2,3,01,A01
200600061576,0,07,000,00,2,3,13,B01
200600061577,1,07,000,00,1,0,13,A01
200600061578,0,01,000,00,2,7,01,B01
200600061578,0,07,000,00,2,1,09,A01
200600061579,0,07,000,00,2,1,02,A01
200600061579,0,07,000,00,0,4,23,B01
200600061580,0,07,000,13,0,9,13,A01
200600061581,0,07,000,13,0,1,13,A01
200600061582,0,07,000,00,2,4,21,B01
200600061582,0,07,000,00,2,1,02,A01
200600061583,0,07,000,00,2,1,16,A01
200600061583,0,07,000,00,2,2,01,B01
200600061584,0,35,000,00,0,0,00,A01
200600061585,0,30,000,00,1,1,01,A01
200600061586,0,31,000,00,1,1,17,A01
200600061587,0,30,000,00,2,1,17,A01
200600061587,0,10,000,00,2,6,16,B01
200600061588,0,02,000,00,2,1,02,A01
200600061588,0,07,000,00,2,5,02,B01
200600061589,0,30,000,00,2,1,00,B01
200600061589,0,07,000,00,2,3,19,A01
200600061590,0,07,000,00,2,3,19,A01
200600061590,0,07,000,00,2,7,19,B01
200600061591,0,30,000,00,1,1,00,A01
200600061592,0,07,000,00,2,2,01,A01
200600061592,0,07,000,00,2,3,01,B01
200600061593,1,07,000,00,1,0,02,A01
200600061594,0,07,000,00,2,2,09,A01
200600061594,0,33,000,00,2,1,01,B01
200600061595,0,02,000,00,1,1,01,A01
200600061596,0,01,000,00,2,8,19,A01
200600061596,0,07,000,00,9,3,01,B01
200600061597,0,07,000,00,1,2,04,A01
200600061598,0,07,000,02,0,2,14,A01
200600061599,0,07,000,00,2,1,01,A01
200600061599,0,02,000,00,2,1,01,B01
200600061600,0,30,000,16,0,8,14,A01
200600061601,0,02,000,00,0,7,00,A01
200600061602,0,33,000,00,2,1,17,B01
200600061602,0,07,000,00,2,8,09,A01
200600061603,0,07,000,00,2,8,10,A01
200600061603,0,07,000,00,2,1,01,B01
200600061604,0,33,000,03,0,8,01,A01
200600061605,0,07,000,00,2,5,15,A01
200600061605,0,07,000,00,0,1,01,B01
200600061606,0,30,000,00,2,8,19,A01
200600061606,0,07,000,00,0,0,00,B01
200600061607,0,33,000,00,2,1,17,A01
200600061607,0,07,000,00,2,6,15,B01
200600061608,0,07,000,00,2,2,15,A01
200600061608,0,30,000,00,2,1,01,B01
200600061609,0,31,000,14,0,8,00,A01
200600061610,0,07,000,00,1,1,01,A01
200600061611,0,07,000,00,2,2,01,A01
200600061611,0,30,000,00,2,4,23,B01
200600061612,0,07,000,00,2,2,01,A01
200600061612,0,07,000,00,2,8,06,B01
200600061613,0,02,000,00,2,3,01,A01
200600061613,1,07,000,00,2,0,05,B01
200600061614,0,07,000,13,0,1,01,A01
200600061615,0,07,000,02,0,1,14,A01
200600061616,0,01,000,00,0,0,01,A01
200600061617,0,32,000,00,2,1,01,A01
200600061617,0,07,000,00,2,3,15,B01
200600061618,0,07,000,00,2,5,15,A01
200600061618,0,30,000,00,2,1,01,B01
200600061619,0,07,000,00,2,3,15,B01
200600061619,0,30,000,00,2,1,07,A01
200600061620,1,07,000,00,0,0,01,A01
200600061621,0,02,000,00,2,1,00,A01
200600061621,0,07,000,00,2,3,15,B01
200600061622,0,07,000,06,0,1,01,A01
200600061623,0,10,000,00,1,4,04,A01
200600061624,0,20,000,00,1,2,01,A01
200600061625,0,07,000,00,2,1,01,B01
200600061625,0,07,000,00,2,2,15,A01
200600061626,0,05,000,00,2,1,01,A01
200600061626,0,07,000,00,2,6,23,B01
200600061627,0,30,000,00,2,1,01,B01
200600061627,0,07,000,00,2,2,15,A01
200600061628,0,07,000,00,2,7,01,A01
200600061628,0,30,000,00,2,1,01,B01
200600061629,0,07,000,00,2,1,01,B01
200600061629,0,33,000,00,2,6,15,A01
200600061630,0,31,000,00,2,1,17,A01
200600061630,0,07,000,00,2,1,01,B01
200600061631,0,07,000,00,2,8,19,B01
200600061631,0,31,000,00,2,1,01,A01
200600061632,0,31,000,00,2,1,01,A01
200600061632,0,07,000,00,2,7,16,B01
200600061633,0,07,000,00,2,8,11,A01
200600061633,0,30,000,00,2,7,01,B01
200600061634,0,07,000,00,1,1,02,A01
200600061635,0,10,000,00,2,5,15,A01
200600061635,0,07,000,00,2,3,01,B01
200600061635,0,07,000,00,2,3,01,C01
200600061636,0,07,000,00,2,1,13,A01
200600061636,0,07,000,00,2,1,01,B01
200600061637,0,34,000,00,2,3,02,A01
200600061637,0,07,000,00,2,2,01,B01
200600061638,0,07,000,13,0,2,01,A01
200600061639,0,10,000,00,2,3,02,A01
200600061639,0,30,000,00,0,4,01,B01
200600061640,0,07,000,00,2,2,15,A01
200600061640,0,07,000,00,2,1,01,B01
200600061641,0,07,000,00,0,3,19,A01
200600061641,0,33,000,00,2,1,01,B01
200600061642,0,07,000,00,2,1,15,A01
200600061642,0,07,000,00,2,3,01,B01
200600061643,0,07,000,00,1,1,01,A01
200600061644,0,07,000,00,0,8,01,A01
200600061644,0,07,000,00,2,1,01,B01
200600061645,0,07,000,00,2,1,02,A01
200600061645,0,07,000,00,2,4,02,B01
200600061645,0,07,000,00,2,4,02,C01
200600061646,0,07,000,00,1,2,01,A01
200600061647,0,07,000,00,2,1,02,A01
200600061647,0,07,000,00,2,4,02,B01
200600061648,0,33,000,00,2,1,15,A01
200600061648,0,07,000,00,0,8,01,B01
200600061649,0,07,000,00,2,1,15,A01
200600061649,0,02,000,00,2,1,01,B01
200600061650,0,07,000,00,2,1,01,A01
200600061650,0,07,000,00,2,6,01,B01
200600061651,0,10,000,00,1,2,01,A01
200600061652,0,10,000,13,0,9,01,A01
200600061653,0,07,000,00,2,1,02,A01
200600061653,0,07,000,00,1,4,02,B01
200600061653,0,07,000,00,2,4,02,C01
200600061654,0,33,000,00,0,0,01,A01
200600061654,0,07,000,14,0,1,01,B01
200600061654,0,30,000,13,0,1,01,C01
200600061655,0,07,000,00,1,2,01,A01
200600061656,0,07,000,00,2,5,16,A01
200600061656,0,02,000,00,2,1,01,B01
200600061657,0,33,000,00,0,0,01,A01
200600061657,1,07,000,00,0,0,00,B01
200600061658,0,07,000,00,0,0,10,A01
200600061658,0,05,000,00,0,0,01,B01
200600061659,0,07,000,00,9,3,15,A01
200600061659,0,33,000,00,2,2,01,B01
200600061660,0,02,000,00,2,1,01,A01
200600061660,0,10,000,00,2,4,23,B01
200600061661,0,07,000,00,2,3,01,A01
200600061661,0,02,000,00,2,1,01,B01
200600061662,0,02,000,00,2,1,01,B01
200600061662,0,07,000,00,2,2,16,A01
200600061663,0,07,000,00,2,3,00,A01
200600061663,0,30,000,00,2,1,00,B01
200600061664,0,07,000,00,0,1,09,A01
200600061665,0,02,000,01,0,2,01,A01
200600061666,0,01,000,00,0,0,01,A01
200600061667,0,10,000,00,1,5,01,A01
200600061668,0,07,000,00,2,2,01,A01
200600061668,0,07,000,00,2,1,09,B01
200600061669,0,30,000,00,2,9,00,A01
200600061669,0,07,000,00,2,5,23,B01
200600061669,0,07,000,00,2,3,01,C01
200600061670,0,07,000,02,0,9,13,A01
200600061671,0,07,000,00,1,2,01,A01
200600061672,0,07,000,12,0,1,13,A01
200600061673,0,14,000,00,1,4,04,A01
200600061674,0,07,000,00,2,3,13,A01
200600061674,0,33,000,00,2,7,17,B01
200600061675,0,07,000,01,0,2,00,A01
200600061676,0,07,000,00,2,6,04,A01
200600061676,0,33,000,00,1,1,23,B01
200600061677,0,02,000,00,2,1,13,A01
200600061677,0,07,000,00,2,3,01,B01
200600061678,2,07,000,00,2,1,15,A01
200600061678,0,07,000,00,2,3,01,B01
200600061679,0,37,000,00,1,2,01,A01
200600061680,0,33,000,12,0,7,21,A01
200600061681,0,07,000,07,0,1,00,A01
200600061682,0,07,000,00,2,2,16,A01