Num_Acc,senc,catv,occutc,obs,obsm,choc,manv,num_veh
200600062037,0,02,000,00,0,7,21,A01
200600062038,0,07,000,00,1,3,15,A01
200600062039,0,30,000,00,2,1,11,A01
200600062039,0,07,000,00,2,2,01,B01
200600062040,0,34,000,00,2,7,21,A01
200600062040,0,07,000,00,2,1,01,B01
200600062041,0,07,000,00,2,2,15,A01
200600062041,0,07,000,01,2,1,01,B01
200600062042,0,10,000,00,2,7,16,A01
200600062042,0,02,000,00,2,3,01,B01
200600062043,0,07,000,00,1,2,01,B01
200600062044,0,07,000,00,2,1,02,A01
200600062044,0,07,000,00,2,4,02,B01
200600062045,0,07,000,00,2,1,02,A01
200600062045,0,07,000,00,2,4,02,B01
200600062046,0,01,000,00,0,0,00,A01
200600062047,0,10,000,00,2,1,02,A01
200600062047,0,15,000,00,2,4,02,B01
200600062047,0,07,000,00,2,1,02,C01
200600062048,0,10,000,02,0,3,01,A01
200600062049,0,07,000,15,0,1,01,A01
200600062050,0,07,000,00,2,1,11,A01
200600062050,0,07,000,00,2,4,23,B01
200600062051,0,01,000,00,2,1,19,A01
200600062051,0,07,000,00,2,7,01,B01
200600062052,0,07,000,00,1,0,15,A01
200600062053,0,07,000,00,2,1,02,A01
200600062053,0,07,000,00,2,4,23,B01
200600062054,0,07,000,00,1,0,15,A01
200600062055,0,33,000,16,0,0,01,A01
200600062056,1,07,000,00,2,1,01,A01
200600062056,0,07,000,00,2,4,01,B01
200600062057,0,33,000,00,2,1,01,B01
200600062057,0,07,000,00,2,2,16,A01
200600062058,0,10,000,00,1,1,01,A01
200600062059,0,07,000,00,1,7,01,B01
200600062060,0,07,000,00,2,7,15,A01
200600062060,0,02,000,00,2,1,01,B01
200600062061,0,30,000,00,0,0,01,A01
200600062062,0,07,000,00,2,3,13,A01
200600062062,0,07,000,00,2,8,01,B01
200600062062,0,07,000,00,2,1,01,C01
200600062063,0,07,000,01,0,1,01,A01
200600062063,0,07,000,00,0,4,23,B01
200600062064,0,33,000,00,2,1,17,A01
200600062064,0,07,000,00,2,8,01,B01
200600062065,0,02,000,00,2,1,01,A01
200600062065,0,07,000,00,2,6,15,B01
200600062066,0,33,000,00,2,1,17,A01
200600062066,0,07,000,00,2,3,15,B01
200600062067,0,07,000,00,0,2,01,A01
200600062068,0,33,000,00,0,8,15,A01
200600062069,0,07,000,00,2,1,02,A01
200600062069,0,07,000,00,2,4,02,B01
200600062069,0,07,000,00,2,4,02,C01
200600062069,0,10,000,00,2,4,02,D01
200600062070,0,07,000,00,1,7,01,B01
200600062071,0,07,000,00,1,1,01,A01
200600062072,0,07,000,00,2,8,15,A01
200600062072,0,07,000,00,2,3,01,B01
200600062073,0,07,000,06,0,1,01,A01
200600062074,0,30,000,15,0,0,01,A01
200600062075,0,07,000,00,0,7,01,A01
200600062076,0,01,000,00,0,0,01,A01
200600062077,0,02,000,00,0,7,01,A01
200600062078,0,32,000,00,2,1,01,A01
200600062079,0,33,000,00,2,1,01,B01
200600062079,0,07,000,00,2,3,09,A01
200600062080,0,07,000,00,0,0,01,A01
200600062081,0,07,000,00,1,1,01,A01
200600062082,0,07,000,00,2,1,01,A01
200600062082,0,10,000,00,2,1,01,B01
200600062083,0,02,000,14,0,2,01,A01
200600062084,0,07,000,00,2,1,01,A01
200600062084,0,07,000,00,2,3,01,B01
200600062085,0,02,000,00,2,0,17,A01
200600062085,0,07,000,00,2,3,15,B01
200600062086,0,07,000,00,2,1,15,A01
200600062086,0,07,000,00,2,3,01,B01
200600062087,0,07,000,00,1,1,01,A01
200600062088,0,07,000,00,1,1,01,A01
200600062089,0,02,000,07,0,1,01,A01
200600062090,0,07,000,00,1,2,01,A01
200600062091,0,02,000,00,0,1,02,A01
200600062091,0,07,000,00,0,4,02,B01
200600062092,0,17,000,00,2,2,01,B01
200600062092,0,02,000,00,2,1,00,A01
200600062093,0,07,000,01,1,1,01,B01
200600062094,0,02,000,12,0,0,01,A01
200600062095,0,33,000,00,2,1,13,A01
200600062095,0,07,000,00,2,3,01,B01
200600062096,0,07,000,00,2,3,02,A01
200600062096,0,33,000,00,2,5,01,B01
200600062097,0,14,000,00,1,3,16,A01
200600062098,0,07,000,13,0,7,14,A01
200600062099,0,07,000,06,0,1,06,A01
200600062100,0,07,000,00,2,1,01,A01
200600062100,0,07,000,00,2,8,09,B01
200600062101,0,02,000,00,2,8,01,A01
200600062101,1,15,000,00,2,7,17,B01
200600062102,0,07,000,00,2,2,15,A01
200600062102,0,30,000,00,2,1,01,B01
200600062103,0,07,000,00,2,1,15,A01
200600062103,0,33,000,00,2,1,00,B01
200600062104,0,07,000,00,2,3,15,A01
200600062104,0,33,000,00,2,8,17,B01
200600062105,0,02,000,01,0,3,13,A01
200600062106,0,07,000,00,1,1,01,A01
200600062107,0,07,000,00,9,7,15,A01
200600062107,0,33,000,00,2,7,01,B01
200600062108,0,02,000,00,2,2,17,A01
200600062108,0,07,000,00,2,3,15,B01
200600062109,0,10,000,00,2,1,09,A01
200600062109,0,33,000,00,0,7,01,B01
200600062110,0,07,000,00,2,3,15,A01
200600062110,0,02,000,00,2,1,01,B01
200600062111,0,07,000,00,2,5,15,A01
200600062111,0,33,000,00,2,1,01,B01
200600062112,0,33,000,00,2,1,01,B01
200600062112,0,10,000,00,2,8,23,A01
200600062113,0,07,000,00,2,1,01,A01
200600062113,0,07,000,00,2,4,23,B01
200600062114,0,37,001,00,2,5,01,A01
200600062114,0,02,000,00,2,1,18,B01
200600062115,0,33,000,00,2,1,01,B01
200600062115,0,07,000,00,2,1,10,A01
200600062116,0,07,000,00,1,1,01,A01
200600062117,0,07,000,00,2,0,00,A01
200600062117,0,01,000,00,2,0,01,B01
200600062118,0,07,000,00,2,2,01,A01
200600062118,0,07,000,00,2,1,01,B01
200600062119,0,07,000,00,2,3,00,A01
200600062119,0,02,000,00,2,1,01,B01
200600062120,0,99,000,00,1,1,01,A01
200600062121,0,07,000,00,9,2,00,A01
200600062121,0,01,000,00,2,1,00,B01
200600062122,0,07,000,00,2,4,04,A01
200600062122,0,30,000,00,2,1,02,B01
200600062123,0,07,000,00,1,2,00,A01
200600062124,0,07,000,00,1,3,15,A01
200600062125,0,02,000,06,0,1,00,A01
200600062126,0,02,000,00,2,1,01,B01
200600062126,0,07,000,00,2,3,09,A01
200600062127,0,07,000,00,2,1,17,A01
200600062127,0,07,000,00,2,6,15,B01
200600062128,0,07,000,00,2,5,04,A01
200600062128,0,33,000,00,2,1,01,B01
200600062129,0,07,000,00,2,3,09,A01
200600062129,0,33,000,00,2,1,01,B01
200600062130,0,07,000,02,2,1,02,A01
200600062130,0,07,000,00,2,4,02,B01
200600062131,0,07,000,00,2,7,09,A01
200600062131,0,07,000,00,2,1,01,B01
200600062132,0,07,000,00,1,1,15,A01
200600062133,0,07,000,00,1,7,01,A01
200600062134,0,10,000,00,2,3,01,A01
200600062134,0,07,000,00,2,4,23,B01
200600062134,0,07,000,00,2,5,23,C01
200600062135,0,07,000,00,2,3,15,B01
200600062135,0,02,000,00,2,1,17,A01
200600062136,0,07,000,00,2,1,15,A01
200600062136,0,33,000,00,2,8,01,B01
200600062137,0,07,000,01,1,2,01,A01
200600062138,0,07,000,00,0,8,09,A01
200600062138,0,30,000,00,2,1,02,B01
200600062139,0,17,000,03,0,8,13,A01
200600062139,0,10,000,00,9,6,01,B01
200600062140,0,07,000,00,2,1,05,A01
200600062140,0,07,000,00,2,1,01,B01
200600062141,0,07,000,00,2,3,15,A01
200600062141,0,02,000,00,2,1,01,B01
200600062142,0,07,000,06,0,1,14,A01
200600062143,0,07,000,00,2,1,13,A01
200600062143,0,10,000,00,2,1,01,B01
200600062144,0,02,000,00,2,8,13,A01
200600062144,0,07,000,00,2,1,21,B01
200600062145,0,07,000,00,1,1,15,A01
200600062146,0,07,000,00,1,1,01,A01
200600062147,0,07,000,00,1,1,15,A01
200600062148,0,07,000,01,2,1,15,A01
200600062148,0,02,000,00,2,1,01,B01
200600062149,0,07,000,00,2,1,13,A01
200600062149,0,07,000,00,2,1,21,B01
200600062150,0,07,000,02,0,1,14,A01
200600062151,0,07,000,00,2,1,21,A01
200600062151,0,07,000,00,2,4,01,B01
200600062152,0,30,000,00,0,8,01,A01
200600062153,0,07,000,16,0,9,02,A01
200600062154,0,07,000,00,9,3,11,A01
200600062154,0,01,000,00,2,2,01,B01
200600062155,0,07,000,16,0,3,13,A01
200600062156,0,07,000,00,2,3,01,A01
200600062156,0,07,000,00,2,6,15,B01
200600062157,1,33,000,00,1,2,11,A01
200600062158,0,10,000,00,2,3,01,B01
200600062158,0,10,000,01,2,8,02,C01
200600062158,0,10,000,02,2,3,17,A01
200600062159,0,07,000,00,1,2,01,A01
200600062160,0,07,000,02,0,9,13,A01
200600062161,0,10,000,02,0,1,13,A01
200600062162,0,32,000,00,2,7,01,A01
200600062162,0,07,000,00,2,1,01,B01
200600062163,0,07,000,00,1,1,01,A01
200600062164,0,07,000,00,2,5,01,B01
200600062164,0,02,000,00,2,1,01,A01
200600062165,0,02,000,00,2,1,01,A01
200600062165,0,07,000,00,2,7,01,B01
200600062166,0,07,000,00,1,4,04,A01
200600062167,0,07,000,00,2,2,01,A01
200600062167,0,01,000,00,2,1,01,B01
200600062168,0,33,000,00,2,1,17,A01
200600062168,0,07,000,00,2,3,09,B01
200600062169,0,33,000,12,0,7,01,A01
200600062170,0,02,000,00,2,4,01,A01
200600062170,0,01,000,00,2,1,15,B01
200600062171,0,07,000,00,2,7,15,A01
200600062171,0,30,000,00,2,1,14,B01
200600062172,0,02,000,00,0,7,01,A01
200600062173,0,07,000,00,2,3,10,A01
200600062173,0,30,000,00,2,1,01,B01
200600062174,0,07,000,00,2,7,16,A01
200600062174,0,31,000,00,2,8,01,B01
200600062175,0,07,000,00,2,1,01,A01
200600062175,0,33,000,00,2,2,01,B01
200600062176,1,01,000,00,1,1,01,A01
200600062177,0,07,000,00,2,1,15,A01
200600062177,0,10,000,00,2,1,01,B01
200600062178,0,07,000,00,2,7,01,B01
200600062178,0,02,000,00,2,1,09,A01
200600062179,0,07,000,00,1,1,01,A01
200600062180,1,07,000,00,0,0,19,A01
200600062180,0,31,000,00,0,0,01,B01
200600062181,0,07,000,00,2,8,09,A01
200600062181,0,33,000,00,2,1,01,B01
200600062182,0,07,000,00,1,7,01,A01
200600062183,0,07,000,00,2,1,01,A01
200600062183,0,10,000,00,2,4,23,B01
200600062184,0,10,000,00,2,3,23,A01
200600062184,0,30,000,00,2,1,01,B01
200600062185,0,07,000,00,2,1,01,A01
200600062185,0,07,000,00,2,4,01,B01
200600062186,0,07,000,00,1,1,15,A01
200600062187,0,07,000,02,0,5,01,A01
200600062188,0,07,000,00,2,2,15,A01
200600062188,0,07,000,00,2,1,01,B01
200600062189,0,07,000,00,2,3,19,A01
200600062189,0,30,000,00,2,1,01,B01
200600062190,0,07,000,00,1,8,21,A01
200600062191,0,07,000,00,2,1,15,A01
200600062191,0,07,000,00,2,1,01,B01
200600062192,0,07,000,00,2,3,11,A01
200600062192,0,07,000,00,2,2,01,B01
200600062193,0,07,000,00,1,7,01,A01
200600062194,0,01,000,00,2,1,01,A01
200600062194,0,07,000,00,2,5,23,B01
200600062195,0,30,000,00,2,1,01,A01
200600062195,0,07,000,00,2,8,06,B01
200600062196,0,07,000,00,1,2,01,A01
200600062197,0,07,000,00,2,3,09,A01
200600062197,0,33,000,00,2,5,01,B01
200600062198,1,07,000,00,1,2,01,A01
200600062199,0,07,000,00,1,2,01,A01
200600062200,0,31,000,00,2,1,01,A01
200600062200,0,07,000,00,2,7,16,B01
200600062201,0,07,000,00,1,7,01,A01
200600062202,1,07,000,00,2,0,02,A01
200600062202,0,01,000,00,2,8,02,B01
200600062203,0,10,000,00,1,1,01,A01
200600062204,0,07,000,00,2,3,13,A01
200600062204,0,07,000,00,2,3,01,B01
200600062205,0,07,000,02,0,2,01,A01
200600062206,0,01,000,00,2,1,11,A01
200600062206,0,40,000,00,2,7,01,B01
200600062207,0,02,000,08,2,3,01,A01
200600062207,0,02,000,00,2,8,01,B01
200600062208,1,07,000,00,2,0,00,A01
200600062208,0,07,000,00,2,4,23,B01
200600062209,0,07,000,00,2,7,01,B01
200600062209,0,07,000,00,2,2,09,A01
200600062210,0,02,000,00,1,1,01,A01
200600062211,0,02,000,01,2,1,01,A01
200600062211,0,02,000,00,2,4,01,B01
200600062212,0,07,000,00,2,2,01,A01
200600062212,0,07,000,00,2,4,20,B01
200600062213,0,07,000,00,1,3,01,A01
200600062214,0,01,000,00,2,1,05,A01
200600062214,0,07,000,00,2,2,12,B01
200600062215,0,07,000,00,2,8,15,A01
200600062215,0,07,000,00,2,1,01,B01
200600062216,0,02,000,00,2,1,01,A01
200600062216,0,07,000,00,2,4,16,B01
200600062217,0,01,000,00,2,1,05,A01
200600062217,0,37,010,00,2,1,01,B01
200600062218,0,07,000,00,2,1,01,A01
200600062218,0,07,000,00,2,1,02,B01
200600062218,0,07,000,00,2,4,02,C01
200600062219,0,02,000,00,1,1,01,A01
200600062220,0,07,000,00,1,4,04,A01
200600062221,0,07,000,14,2,7,01,B01
200600062221,0,07,000,00,2,1,19,A01
200600062222,0,01,000,00,0,4,01,B01
200600062222,0,07,000,00,2,1,01,A01
200600062223,0,07,000,00,0,7,15,A01
200600062223,0,02,000,00,2,1,01,B01
200600062224,0,07,000,00,2,4,01,A01
200600062224,0,07,000,00,2,1,01,B01
200600062224,0,02,000,00,2,1,01,C01
200600062225,0,07,000,00,2,1,15,A01
200600062225,0,07,000,00,0,2,01,B01
200600062226,0,01,000,00,2,1,16,A01
200600062226,0,07,000,00,2,3,01,B01
200600062227,0,07,000,00,2,0,09,A01
200600062227,0,30,000,00,2,0,21,B01
200600062228,0,07,000,00,2,1,01,A01
200600062228,0,07,000,00,2,4,01,B01
200600062228,0,07,000,00,2,4,01,C01
200600062229,0,10,000,00,2,1,01,A01
200600062229,0,07,000,00,2,4,01,B01
200600062230,0,10,000,00,2,3,09,A01
200600062230,0,01,000,00,2,7,01,B01
200600062231,0,07,000,00,2,2,01,A01
200600062231,0,02,000,00,2,1,01,B01
200600062232,0,07,000,13,0,1,01,A01
200600062233,0,07,000,00,2,1,01,A01
200600062233,0,07,000,00,2,4,01,B01
200600062233,0,07,000,00,2,4,01,C01
200600062234,0,37,000,00,2,3,01,B01
200600062234,0,07,000,00,2,8,16,A01
200600062235,0,30,000,00,2,1,01,A01
200600062235,0,07,000,00,2,8,15,B01
200600062236,0,07,000,00,2,1,01,A01
200600062236,0,07,000,08,2,1,01,B01
200600062237,0,01,000,00,2,1,01,A01
200600062237,1,07,000,00,2,0,01,B01
200600062238,0,07,000,00,2,1,01,A01
200600062238,0,01,000,00,2,7,01,B01
200600062239,0,07,000,00,2,8,22,A01
200600062239,0,01,000,00,2,1,01,B01
200600062240,0,33,000,00,0,1,01,A01
200600062241,0,30,000,16,0,1,01,A01
200600062242,0,30,000,00,2,1,01,B01
200600062242,0,07,000,00,2,1,01,A01
200600062243,0,07,000,06,0,1,01,A01
200600062244,0,07,000,00,2,1,01,A01
200600062244,0,07,000,00,2,1,01,B01
200600062244,0,07,000,00,2,1,01,C01
200600062244,0,07,000,00,2,1,01,D01
200600062244,0,07,000,00,2,4,01,E01
200600062245,0,07,000,00,2,2,15,A01
200600062245,0,02,000,00,2,1,01,B01
200600062246,0,07,000,00,2,1,01,A01
200600062246,0,07,000,00,2,4,23,B01
200600062246,0,07,000,00,2,8,01,C01
200600062247,0,31,000,00,0,7,01,A01
200600062248,0,30,000,00,1,8,16,A01
200600062249,0,07,000,00,2,1,01,A01
200600062249,0,07,000,00,2,1,01,B01
200600062250,0,30,000,00,0,8,01,A01
200600062251,0,30,000,00,2,1,01,A01
200600062251,0,30,000,00,2,8,15,B01
200600062252,0,02,000,00,0,0,01,A01
200600062253,0,07,000,00,2,1,01,A01
200600062253,0,07,000,00,2,8,01,B01
200600062254,0,07,000,00,2,5,15,A01
200600062254,0,01,000,00,2,1,01,B01
200600062255,0,07,000,00,2,0,15,A01
200600062255,0,30,000,00,2,1,01,B01
200600062256,0,07,000,00,2,1,01,A01
200600062256,0,30,000,00,2,1,01,B01
200600062257,0,07,000,00,2,3,15,A01
200600062257,0,07,000,00,2,3,01,B01
200600062258,0,02,000,00,2,1,01,B01
200600062258,0,07,000,00,2,1,09,A01
200600062259,0,07,000,00,2,3,13,A01
200600062259,0,07,000,00,2,5,23,B01
200600062260,0,07,000,00,1,1,01,A01
200600062261,0,07,000,00,1,1,13,A01
200600062262,0,07,000,00,1,1,01,A01
200600062263,0,07,000,00,1,4,04,A01
200600062264,0,07,000,00,2,1,01,A01
200600062264,0,07,000,00,2,4,01,B01
200600062265,0,14,000,00,2,1,02,A01
200600062265,0,07,000,00,2,4,02,B01
200600062265,0,07,000,00,2,4,23,C01
200600062265,0,07,000,00,2,4,23,D01
200600062265,0,07,000,00,2,4,23,E01
200600062266,0,02,000,00,2,1,02,A01
200600062266,0,07,000,00,2,4,23,B01
200600062267,0,10,000,00,2,8,01,B01
200600062267,0,07,000,00,2,8,13,A01
200600062268,0,07,000,00,2,1,15,A01
200600062268,0,07,000,00,2,1,01,B01
200600062269,0,02,000,00,2,1,02,A01
200600062269,0,07,000,00,2,4,02,B01
200600062270,0,07,000,00,1,4,04,A01
200600062271,0,07,000,00,2,8,05,A01
200600062271,0,07,000,00,2,8,01,B01
200600062272,0,33,000,00,2,1,01,B01
200600062272,0,07,000,00,2,8,01,A01
200600062273,0,07,000,00,1,4,04,A01
200600062274,0,07,000,00,1,1,01,A01
200600062275,0,07,000,00,2,1,01,B01
200600062275,0,07,000,00,2,6,19,A01
200600062276,0,07,000,00,2,3,01,B01
200600062276,0,07,000,00,2,2,01,A01
200600062277,0,33,000,00,2,1,01,A01
200600062277,0,07,000,00,2,4,16,B01
200600062278,0,02,000,00,1,1,17,A01
200600062279,1,10,000,00,9,0,05,A01
200600062279,0,31,000,00,9,8,01,B01
200600062280,0,33,000,00,2,0,01,B01
200600062280,0,07,000,00,2,8,09,A01
200600062281,0,07,000,00,1,2,01,A01
200600062282,0,07,000,00,2,6,15,A01
200600062282,0,32,000,00,0,1,01,B01
200600062283,0,07,000,00,1,1,01,A01
200600062283,0,07,000,00,9,0,01,B01
200600062284,0,30,000,00,2,1,02,A01
200600062284,0,01,000,00,2,4,01,B01
200600062285,0,07,000,00,2,1,02,A01
200600062285,0,07,000,00,2,1,02,B01
200600062285,0,07,000,00,2,4,02,C01
200600062285,0,07,000,00,2,4,01,D01
200600062286,0,01,000,00,2,1,19,A01
200600062286,0,07,000,00,2,1,01,B01
200600062287,0,07,000,00,2,1,02,A01
200600062287,0,07,000,00,2,4,01,B01
200600062288,0,07,000,00,2,1,02,A01
200600062288,0,07,000,00,2,4,01,B01
200600062289,0,07,000,00,2,3,15,A01
200600062289,0,07,000,00,2,2,01,B01
200600062290,0,07,000,00,2,1,05,A01
200600062290,0,07,000,00,2,1,01,B01
200600062291,0,10,000,00,1,3,01,A01
200600062292,0,07,000,00,1,3,01,A01
200600062293,0,07,000,00,1,0,01,A01
200600062294,0,07,000,00,2,1,01,A01
200600062294,0,01,000,00,2,4,19,B01
200600062295,1,07,000,00,2,0,01,A01
200600062295,0,33,000,00,2,3,01,B01
200600062296,0,07,000,00,2,7,15,A01
200600062296,0,07,000,00,2,1,01,B01
200600062297,0,02,000,00,2,0,02,A01
200600062297,0,07,000,00,2,6,15,B01
200600062298,0,07,000,00,1,1,01,A01
200600062299,0,07,000,00,2,1,16,A01
200600062299,0,07,000,06,2,1,01,B01
200600062300,0,07,000,00,1,2,14,A01
200600062301,0,30,000,06,0,1,13,A01
200600062302,0,02,000,16,0,1,01,A01
200600062303,0,07,000,00,2,1,13,A01
200600062303,0,07,000,00,2,3,01,B01
200600062303,0,07,000,00,2,1,01,C01
200600062304,0,03,000,00,1,4,00,A01
200600062305,0,02,000,00,2,8,01,A01
200600062306,0,07,000,00,1,7,01,A01
200600062307,0,33,000,16,0,7,01,A01
200600062308,0,10,000,00,2,4,02,C01
200600062308,0,10,000,00,2,4,02,B01
200600062308,0,37,001,00,2,1,02,A01
200600062309,0,07,000,00,0,9,01,A01
200600062310,0,07,000,06,0,1,01,A01
200600062311,0,07,000,00,2,1,09,A01
200600062311,0,01,000,00,2,1,01,B01
200600062312,0,02,000,00,2,1,01,B01
200600062312,0,07,000,00,2,3,15,A01
200600062313,0,07,000,00,2,8,09,A01
200600062313,0,07,000,00,2,3,01,B01
200600062314,0,02,000,00,2,1,01,A01
200600062314,0,07,000,00,2,7,01,B01
200600062315,0,02,000,00,2,1,01,B01
200600062315,0,07,000,00,2,3,15,A01
200600062316,0,07,000,00,2,2,15,A01
200600062316,0,33,000,00,2,1,01,B01
200600062317,0,02,000,00,2,1,13,A01
200600062317,0,07,000,00,2,2,15,B01
200600062318,0,07,000,00,2,1,01,B01
200600062318,0,07,000,00,2,3,09,A01
200600062319,0,02,000,00,0,0,00,A01
200600062320,0,02,000,00,0,0,00,A01
200600062321,0,02,000,00,2,1,01,B01
200600062321,0,07,000,00,2,5,01,A01
200600062322,0,07,000,00,1,8,00,A01
200600062323,0,07,000,00,2,8,00,A01
200600062323,0,02,000,00,2,1,01,B01
200600062324,0,07,000,00,2,1,01,A01
200600062324,0,07,000,00,0,4,23,B01
200600062325,0,07,000,00,2,1,01,A01
200600062325,0,07,000,00,2,4,01,B01
200600062325,0,07,000,00,0,4,23,C01
200600062326,0,02,000,00,2,3,01,A01
200600062326,0,07,000,00,2,7,16,B01
200600062327,0,07,000,00,0,6,15,A01
200600062327,0,31,000,00,2,1,01,B01
200600062328,0,02,000,00,1,0,01,A01
200600062329,0,02,000,00,2,1,01,A01
200600062329,0,07,000,00,0,6,00,B01
200600062330,0,02,000,00,2,1,17,A01
200600062330,0,07,000,00,2,4,15,B01
200600062331,1,07,000,00,0,0,00,A01
200600062331,0,33,000,00,2,5,00,B01
200600062332,0,02,000,00,0,8,01,A01
200600062332,0,07,000,00,0,0,01,B01
200600062333,0,33,000,08,0,1,00,A01
200600062334,0,33,000,06,0,1,00,A01
200600062335,0,07,000,00,2,1,01,B01
200600062335,0,07,000,00,2,2,09,A01
200600062336,0,07,000,00,1,1,02,A01
200600062337,0,30,000,11,2,3,17,A01
200600062337,0,15,000,00,9,3,02,B01
200600062338,0,30,000,06,0,1,00,A01
200600062339,0,07,000,00,2,2,17,A01
200600062339,0,07,000,00,2,8,15,B01
200600062340,0,07,000,00,2,5,00,A01
200600062340,0,30,000,00,2,1,01,B01
200600062341,0,07,000,00,9,1,00,A01
200600062341,0,01,000,00,0,8,01,B01
200600062342,0,07,000,00,2,2,17,A01
200600062342,0,07,000,00,2,1,01,B01
200600062342,0,16,000,00,2,8,01,C01
200600062343,0,30,000,00,1,1,16,A01
200600062344,0,07,000,00,2,0,02,A01
200600062344,0,01,000,00,0,4,01,B01
200600062345,0,07,000,00,2,2,15,A01
200600062345,0,02,000,00,2,1,01,B01
200600062346,0,03,000,00,2,1,14,A01
200600062346,0,07,000,00,2,8,01,B01
200600062347,0,10,000,00,2,1,01,A01
200600062347,0,07,000,00,2,8,15,B01
200600062348,0,30,000,00,2,1,01,A01
200600062348,0,07,000,08,2,2,16,B01
200600062349,0,02,000,00,2,1,15,A01
200600062349,0,07,000,00,2,1,01,B01
200600062350,0,02,000,00,2,3,01,B01
200600062350,0,07,000,00,2,2,16,A01
200600062351,0,07,000,00,2,2,15,A01
200600062351,0,02,000,00,2,1,01,B01
200600062352,0,07,000,00,2,2,15,A01
200600062352,0,02,000,00,2,1,01,B01
200600062353,0,07,000,08,2,1,15,A01
200600062353,0,07,000,00,2,1,01,B01
200600062354,0,10,000,00,2,6,11,A01
200600062354,0,33,000,00,2,1,01,B01
200600062355,0,07,000,00,2,3,01,B01
200600062355,0,07,000,00,0,3,16,A01
200600062356,0,07,000,00,2,3,09,A01
200600062356,0,33,000,00,2,1,21,B01
200600062357,0,30,000,00,2,1,06,A01
200600062357,0,10,000,00,2,1,01,B01
200600062358,0,30,000,00,2,7,03,A01
200600062358,0,07,000,00,2,1,01,B01
200600062359,0,07,000,00,2,1,01,A01
200600062359,0,07,000,00,2,1,01,B01
200600062360,0,07,000,00,2,2,02,A01
200600062360,0,07,000,00,2,5,16,B01
200600062361,0,30,000,00,1,1,01,A01
200600062362,0,07,000,13,0,5,01,A01
200600062363,0,07,000,00,2,8,15,A01
200600062363,0,30,000,00,2,3,01,B01
200600062364,0,07,000,00,2,8,15,A01
200600062364,0,34,000,00,2,1,01,B01
200600062365,0,01,000,00,2,1,02,B01
200600062366,0,07,000,00,2,2,01,A01
200600062366,0,07,000,00,2,4,23,B01
200600062367,0,02,000,00,2,1,17,B01
200600062368,0,34,000,00,2,1,17,A01
200600062368,0,07,000,00,2,6,15,B01
200600062369,0,07,000,00,1,2,01,A01
200600062370,0,07,000,00,2,5,20,A01
200600062370,0,02,000,00,2,1,01,B01
200600062371,0,07,000,00,2,2,16,A01
200600062371,0,30,000,00,2,1,01,B01
200600062372,0,07,000,00,1,1,01,A01
200600062373,0,07,000,02,0,1,01,A01
200600062374,0,07,000,00,2,5,16,A01
200600062374,0,01,000,00,2,0,01,B01
200600062375,0,07,000,00,2,7,19,A01
200600062375,0,07,000,00,2,1,02,B01
200600062376,0,07,000,00,1,1,01,A01
200600062377,0,07,000,03,0,1,02,A01
200600062378,0,31,000,05,0,1,01,A01
200600062379,0,01,000,00,2,8,11,A01
200600062379,0,07,000,00,2,2,01,B01
200600062380,0,07,000,00,2,1,01,A01
200600062380,0,01,000,00,2,1,01,B01
200600062381,0,30,000,00,2,1,00,A01
200600062382,0,33,000,00,0,7,17,B01
200600062382,0,07,000,00,0,0,15,A01
200600062383,0,07,000,00,2,3,15,A01
200600062383,0,01,000,00,2,1,23,B01
200600062384,0,07,000,00,1,1,01,A01
200600062385,0,07,000,00,2,2,15,A01
200600062385,0,31,000,00,2,1,02,B01
200600062386,0,07,000,00,4,2,01,A01
200600062386,0,07,000,00,2,3,01,B01
200600062387,0,07,000,00,1,0,01,A01
200600062388,0,07,000,00,2,8,15,A01
200600062388,2,07,000,00,2,1,01,B01
200600062389,0,01,000,00,2,1,01,A01
200600062389,0,37,001,00,9,1,01,B01
200600062390,0,07,000,00,2,8,19,A01
200600062390,0,31,000,00,2,1,01,B01
200600062391,0,01,000,14,0,5,15,A01
200600062391,0,07,000,00,2,5,15,B01
200600062392,1,07,000,00,2,0,00,A01
200600062392,0,02,000,00,2,4,01,B01
200600062393,0,07,000,00,2,8,16,A01
200600062393,0,07,000,00,2,1,01,B01
200600062394,0,31,000,00,2,8,01,A01
200600062394,0,07,000,00,2,1,01,B01
200600062395,0,02,000,01,0,1,01,A01
200600062396,0,02,000,00,2,1,01,A01
200600062396,0,02,000,00,2,1,01,C01
200600062396,0,07,000,00,2,3,01,D01
200600062396,0,07,000,00,2,5,16,B01
200600062397,0,07,000,00,2,3,01,A01
200600062398,0,10,000,00,1,2,01,A01
200600062399,0,07,000,00,0,0,15,A01
200600062399,0,33,000,00,0,0,01,B01
200600062400,0,07,000,00,2,2,15,A01
200600062400,0,07,000,00,2,1,02,B01
200600062400,0,07,000,00,2,1,23,C01
200600062401,0,07,000,00,2,1,01,A01
200600062401,0,07,000,00,2,4,01,B01
200600062402,0,07,000,00,9,2,16,A01
200600062402,0,02,000,00,2,1,01,B01
200600062403,0,30,000,00,2,1,01,A01
200600062403,0,07,000,00,2,8,01,B01
200600062404,0,07,000,00,1,2,01,A01
200600062405,0,15,000,00,1,3,15,A01
200600062406,0,07,000,00,9,2,16,A01
200600062406,0,30,000,00,2,1,01,B01