Num_Acc,senc,catv,occutc,obs,obsm,choc,manv,num_veh
200600062407,0,07,000,00,2,5,01,A01
200600062407,0,07,000,00,2,1,01,B01
200600062408,0,07,000,00,2,8,15,B01
200600062408,0,02,000,00,2,1,15,A01
200600062409,0,07,000,00,1,1,15,A01
200600062410,0,07,000,00,2,2,23,A01
200600062410,0,01,000,01,0,1,01,B01
200600062411,0,07,000,00,1,1,01,A01
200600062412,0,07,000,00,1,1,01,A01
200600062413,0,30,000,00,2,1,01,A01
200600062413,0,07,000,00,9,4,01,B01
200600062414,0,07,000,00,2,2,11,A01
200600062414,0,07,000,00,2,6,01,B01
200600062415,1,07,000,00,2,0,00,A01
200600062415,0,37,002,00,2,0,00,B01
200600062416,0,07,000,00,1,1,02,A01
200600062417,0,07,000,00,1,7,17,A01
200600062418,0,01,000,00,2,8,01,A01
200600062418,0,14,000,00,2,0,16,B01
200600062419,0,07,000,00,2,1,02,A01
200600062419,0,07,000,13,0,2,14,C01
200600062419,0,07,000,00,2,8,15,B01
200600062420,1,07,000,00,1,1,01,A01
200600062421,0,02,000,00,2,5,01,A01
200600062421,0,07,000,00,2,5,16,B01
200600062422,0,02,000,00,0,7,01,A01
200600062423,0,07,000,00,2,0,00,A01
200600062423,0,32,000,00,1,0,01,B01
200600062424,0,02,000,00,0,0,01,A01
200600062425,0,07,000,00,2,1,01,A01
200600062425,2,07,000,00,2,1,05,B01
200600062426,2,07,000,00,2,3,10,A01
200600062426,0,33,000,00,0,5,01,B01
200600062427,0,07,000,00,1,1,01,A01
200600062428,0,07,000,00,1,0,15,A01
200600062429,0,02,000,00,2,0,02,B01
200600062429,0,07,000,00,2,5,22,A01
200600062430,0,30,000,00,2,9,01,B01
200600062430,1,07,000,00,2,3,01,A01
200600062431,0,07,000,00,1,2,01,A01
200600062432,0,31,000,00,2,7,02,B01
200600062432,1,07,000,00,2,0,10,A01
200600062433,0,07,000,00,1,2,09,B01
200600062433,0,02,000,00,2,8,01,A01
200600062434,0,02,000,00,2,1,02,B01
200600062434,0,07,000,00,2,2,16,A01
200600062435,0,07,000,00,2,8,01,B01
200600062435,0,34,000,00,2,1,16,A01
200600062436,0,02,000,05,0,9,01,A01
200600062437,0,07,000,00,1,1,01,A01
200600062438,1,07,000,00,1,0,01,A01
200600062439,0,07,000,06,0,9,01,A01
200600062440,0,07,000,00,2,9,01,B01
200600062440,0,07,000,00,2,1,01,A01
200600062441,0,30,000,00,2,1,01,B01
200600062441,0,07,000,00,2,6,15,A01
200600062442,0,07,000,05,0,1,01,A01
200600062443,0,07,000,00,1,1,01,A01
200600062444,1,07,000,00,1,0,00,A01
200600062445,0,07,000,00,2,3,01,A01
200600062445,0,30,000,00,2,1,01,B01
200600062446,0,07,000,00,2,3,13,B01
200600062446,0,30,000,00,2,1,01,A01
200600062447,1,07,000,00,2,0,02,A01
200600062447,0,07,000,00,2,4,01,B01
200600062448,1,07,000,00,1,0,00,A01
200600062449,0,07,000,00,2,4,02,B01
200600062449,0,07,000,00,2,1,01,A01
200600062450,0,01,000,00,2,0,19,B01
200600062450,0,07,000,00,2,2,01,A01
200600062451,0,02,000,00,1,0,01,A01
200600062452,0,07,000,00,1,1,01,A01
200600062453,0,07,000,00,2,1,01,A01
200600062453,0,07,000,00,2,8,02,C01
200600062453,0,07,000,00,2,6,01,B01
200600062454,0,07,000,00,2,4,02,C01
200600062454,0,07,000,00,2,9,02,B01
200600062454,0,07,000,00,2,1,01,A01
200600062455,0,07,000,00,2,5,04,A01
200600062455,0,02,000,00,2,1,01,B01
200600062456,0,07,000,00,1,0,01,A01
200600062457,0,07,000,00,1,0,01,A01
200600062458,0,02,000,00,2,0,01,A01
200600062458,0,07,000,00,2,2,15,B01
200600062459,0,01,000,00,2,1,01,B01
200600062459,1,07,000,00,2,5,20,A01
200600062460,1,07,000,00,1,0,01,A01
200600062461,0,07,000,00,1,3,01,A01
200600062462,0,01,000,00,2,1,01,B01
200600062462,0,07,000,14,2,3,01,A01
200600062463,0,01,000,00,2,4,01,B01
200600062463,1,07,000,00,2,0,00,A01
200600062464,0,02,000,00,1,1,01,B01
200600062464,0,07,000,00,2,7,15,A01
200600062465,0,07,000,00,2,1,01,A01
200600062465,0,07,000,00,2,8,01,B01
200600062466,0,07,000,01,1,1,01,A01
200600062467,0,07,000,00,0,9,01,A01
200600062468,0,31,000,00,2,7,01,A01
200600062469,1,07,000,00,2,0,01,A01
200600062469,0,02,000,00,2,8,01,B01
200600062470,0,02,000,00,0,9,01,A01
200600062471,0,07,000,00,2,3,01,B01
200600062471,0,02,000,00,2,1,17,A01
200600062472,0,07,000,00,2,1,01,B01
200600062472,0,07,000,00,2,9,01,A01
200600062473,0,07,000,00,2,1,01,B01
200600062473,0,01,000,00,2,0,01,A01
200600062474,0,07,000,00,1,0,16,A01
200600062475,0,01,000,00,2,0,19,B01
200600062475,0,07,000,00,2,0,01,A01
200600062476,0,07,000,00,2,3,01,B01
200600062476,0,31,000,00,2,9,01,A01
200600062477,1,07,000,00,1,0,00,A01
200600062478,1,07,000,00,2,0,00,A01
200600062478,0,01,000,00,2,0,00,B01
200600062479,0,33,000,00,2,9,02,B01
200600062479,0,07,000,00,1,6,13,A01
200600062480,1,07,000,00,2,0,00,A01
200600062480,0,02,000,00,2,4,01,B01
200600062481,0,07,000,00,2,8,01,B01
200600062481,0,01,000,00,2,9,19,A01
200600062482,0,07,000,00,2,4,02,C01
200600062482,0,07,000,00,2,6,02,B01
200600062482,0,07,000,00,2,2,01,A01
200600062483,0,07,000,00,2,0,20,A01
200600062483,0,33,000,00,2,0,01,B01
200600062484,0,02,000,15,0,1,01,A01
200600062485,0,02,000,00,2,1,01,A01
200600062485,0,07,000,00,2,7,01,B01
200600062486,0,02,000,01,0,1,02,A01
200600062487,0,10,000,00,2,1,02,A01
200600062487,0,07,000,00,0,4,20,B01
200600062488,0,07,000,00,0,7,00,A01
200600062488,0,07,000,00,0,1,00,B01
200600062489,0,07,000,00,2,3,11,A01
200600062489,0,07,000,00,2,2,01,B01
200600062490,0,07,000,00,1,1,01,A01
200600062491,0,07,000,00,2,8,15,A01
200600062491,0,33,000,00,0,0,01,B01
200600062492,0,01,000,00,2,3,01,A01
200600062492,0,02,000,00,2,2,01,B01
200600062493,0,10,000,00,0,2,01,A01
200600062494,0,02,000,00,2,1,01,B01
200600062494,0,07,000,00,2,1,00,A01
200600062495,0,30,000,00,2,2,01,A01
200600062495,0,07,000,00,2,3,15,B01
200600062496,0,07,000,00,2,3,16,A01
200600062496,0,30,000,00,2,1,01,B01
200600062497,0,04,000,00,2,1,01,A01
200600062497,0,07,000,00,2,4,01,B01
200600062498,0,01,000,00,2,4,15,A01
200600062498,0,02,000,00,2,1,01,B01
200600062499,0,07,000,00,1,1,01,A01
200600062500,0,07,000,00,2,2,15,A01
200600062500,0,31,000,00,2,1,01,B01
200600062501,0,07,000,00,1,2,01,A01
200600062502,0,07,000,00,1,1,01,A01
200600062503,0,07,000,00,2,1,01,A01
200600062503,0,07,000,00,2,6,01,B01
200600062504,0,07,000,00,2,2,09,A01
200600062504,0,30,000,00,2,2,17,B01
200600062505,0,30,000,00,2,1,01,B01
200600062505,0,07,000,00,2,3,15,A01
200600062506,0,01,000,00,2,1,19,A01
200600062506,0,07,000,00,2,1,01,B01
200600062507,0,07,000,00,2,2,16,A01
200600062507,0,30,000,00,2,1,01,B01
200600062508,0,07,000,00,1,2,01,A01
200600062509,0,07,000,00,2,3,13,A01
200600062509,0,01,000,00,2,1,19,B01
200600062510,0,02,000,00,2,1,02,A01
200600062510,0,07,000,00,2,5,02,B01
200600062511,0,07,000,00,2,1,01,B01
200600062511,0,30,000,00,2,8,15,A01
200600062512,0,07,000,00,2,3,15,A01
200600062512,0,05,000,00,2,1,01,B01
200600062513,0,07,000,00,1,1,01,A01
200600062514,0,07,000,00,1,1,01,A01
200600062515,0,07,000,00,1,2,01,A01
200600062516,0,07,000,00,1,1,01,A01
200600062517,0,33,000,00,2,1,02,B01
200600062517,0,07,000,00,0,5,02,A01
200600062518,0,33,000,01,0,1,01,A01
200600062519,0,07,000,00,2,6,15,A01
200600062519,0,05,000,00,2,2,17,B01
200600062520,0,05,000,12,0,1,16,A01
200600062521,0,07,000,00,2,3,00,B01
200600062521,0,07,000,08,2,3,00,A01
200600062522,0,07,000,14,0,1,23,E01
200600062522,0,10,000,00,0,4,23,F01
200600062522,0,15,000,00,0,0,23,D01
200600062522,0,10,000,14,0,5,23,C01
200600062522,0,10,000,00,0,1,23,B01
200600062522,0,07,000,14,0,2,03,A01
200600062523,0,07,000,00,2,1,00,E01
200600062523,0,07,000,00,2,8,00,B01
200600062523,0,07,000,00,2,8,00,D01
200600062523,0,07,000,00,9,3,00,C01
200600062523,0,07,000,00,2,8,13,A01
200600062524,0,10,000,00,1,2,21,A01
200600062525,0,07,000,00,1,1,01,A01
200600062526,0,30,000,00,2,1,17,A01
200600062526,0,14,000,00,2,6,15,B01
200600062527,0,02,000,00,2,1,17,A01
200600062527,0,07,000,00,2,3,15,B01
200600062528,0,02,000,00,2,7,01,B01
200600062528,0,07,000,00,2,1,16,A01
200600062529,0,07,000,00,2,3,13,A01
200600062529,0,07,000,00,2,3,01,B01
200600062530,0,07,000,00,1,7,01,A01
200600062531,0,07,000,00,2,2,16,A01
200600062531,0,30,000,08,2,1,01,B01
200600062532,0,07,000,00,9,2,01,A01
200600062533,0,07,000,06,0,1,01,A01
200600062534,0,07,000,00,0,0,19,A01
200600062534,0,05,000,00,0,0,01,B01
200600062535,0,02,000,01,0,1,14,A01
200600062536,0,02,000,00,2,1,01,A01
200600062536,1,07,000,00,0,7,15,B01
200600062537,0,14,000,00,0,3,01,B01
200600062537,0,05,000,00,2,1,01,A01
200600062538,0,07,000,00,2,2,02,A01
200600062538,0,02,000,00,2,4,02,B01
200600062539,0,07,000,00,0,2,00,A01
200600062539,0,33,000,00,2,1,00,B01
200600062540,0,07,000,00,1,0,01,A01
200600062541,0,31,000,00,2,7,01,A01
200600062541,1,07,000,00,2,1,00,B01
200600062542,0,10,000,00,1,4,04,A01
200600062543,0,07,000,00,9,8,01,D01
200600062543,0,07,000,00,0,3,01,C01
200600062543,0,07,000,00,2,3,13,A01
200600062543,0,07,000,00,2,3,17,B01
200600062544,0,07,000,00,0,8,15,B01
200600062544,0,10,000,00,2,1,01,A01
200600062545,0,02,000,00,1,1,17,A01
200600062546,0,07,000,00,2,2,20,A01
200600062546,0,33,000,00,2,1,01,B01
200600062547,0,07,000,00,1,3,01,A01
200600062548,2,07,000,00,2,1,02,A01
200600062548,0,07,000,00,2,4,01,B01
200600062549,0,30,000,00,1,1,01,A01
200600062550,0,14,000,00,2,1,01,B01
200600062550,0,10,000,00,2,6,01,C01
200600062550,0,07,000,00,2,3,19,A01
200600062551,0,07,000,00,2,1,05,B01
200600062551,0,07,000,00,2,1,10,A01
200600062552,0,07,000,00,1,3,01,A01
200600062553,0,33,000,01,0,1,01,A01
200600062553,0,07,000,00,2,4,24,B01
200600062554,0,07,000,00,0,1,14,A01
200600062555,0,02,000,01,0,1,11,A01
200600062555,0,07,000,00,2,1,01,B01
200600062556,0,02,000,00,0,1,01,A01
200600062557,0,07,000,00,2,1,15,B01
200600062557,2,07,000,00,2,1,01,A01
200600062558,1,10,000,00,1,0,14,A01
200600062559,0,99,000,00,2,1,13,A01
200600062559,0,07,000,00,2,1,01,B01
200600062560,0,07,000,00,2,3,09,A01
200600062560,0,02,000,00,2,1,01,B01
200600062561,0,02,000,00,2,1,17,A01
200600062561,0,07,000,00,2,3,15,B01
200600062562,0,07,000,00,2,1,01,B01
200600062562,0,07,000,00,2,1,15,A01
200600062563,0,07,000,00,2,3,15,B01
200600062563,0,30,000,00,2,1,17,A01
200600062564,0,07,000,00,2,1,01,A01
200600062564,0,07,000,00,2,3,01,B01
200600062565,1,07,000,00,1,0,00,A01
200600062566,0,33,000,00,2,1,02,A01
200600062566,0,07,000,00,9,5,17,B01
200600062567,0,07,000,00,1,3,01,A01
200600062568,0,07,000,00,9,2,02,A01
200600062568,0,30,000,00,2,4,02,B01
200600062569,0,07,000,00,2,3,16,A01
200600062569,0,02,000,00,0,4,01,B01
200600062570,0,02,000,01,2,1,06,A01
200600062570,0,07,000,00,0,3,10,B01
200600062571,1,07,000,00,1,0,01,A01
200600062572,0,07,000,01,1,0,14,A01
200600062573,0,02,000,00,2,1,01,A01
200600062573,0,07,000,00,0,2,01,B01
200600062574,0,07,000,00,2,6,15,A01
200600062574,0,07,000,00,2,1,01,B01
200600062575,0,30,000,01,0,1,14,A01
200600062576,0,07,000,00,0,0,09,A01
200600062576,0,33,000,00,0,0,21,B01
200600062577,0,07,000,00,0,2,01,A01
200600062577,0,07,000,00,2,1,01,B01
200600062578,0,32,000,00,2,1,01,B01
200600062578,1,07,000,00,9,8,15,A01
200600062579,0,07,000,00,0,3,20,A01
200600062579,0,02,000,00,2,1,01,B01
200600062580,0,07,000,00,2,3,13,A01
200600062580,0,14,000,00,0,3,01,B01
200600062581,0,07,000,00,2,2,01,A01
200600062581,0,33,000,00,2,7,01,B01
200600062582,0,07,000,00,9,6,09,A01
200600062582,0,33,000,00,2,1,12,B01
200600062583,0,07,000,00,2,1,01,B01
200600062583,0,02,000,00,2,8,00,A01
200600062584,0,07,000,00,0,6,00,B01
200600062584,0,02,000,00,2,1,00,A01
200600062585,0,07,000,15,0,1,00,A01
200600062586,0,07,000,00,2,8,01,B01
200600062586,1,07,000,00,2,1,15,A01
200600062587,0,07,000,00,2,1,01,A01
200600062587,0,07,000,00,2,3,01,B01
200600062588,0,07,000,00,2,3,15,B01
200600062588,0,30,000,00,2,3,01,A01
200600062589,0,07,000,00,2,2,15,A01
200600062589,0,33,000,00,2,1,00,B01
200600062590,0,07,000,00,2,4,02,B01
200600062590,2,07,000,00,2,1,02,A01
200600062591,0,31,000,00,2,4,01,B01
200600062591,0,07,000,00,2,1,01,A01
200600062592,0,01,000,00,2,1,06,A01
200600062592,0,07,000,00,2,3,00,B01
200600062593,0,07,000,00,2,8,11,A01
200600062593,0,33,000,00,2,1,01,B01
200600062594,0,02,000,00,2,3,15,A01
200600062594,0,33,000,00,2,8,01,B01
200600062595,0,02,000,00,2,1,13,A01
200600062595,0,99,000,00,2,1,01,B01
200600062596,0,07,000,01,0,1,01,A01
200600062597,0,02,000,00,2,1,01,A01
200600062597,0,14,000,00,2,4,23,B01
200600062598,0,14,000,00,1,2,16,A01
200600062599,0,07,000,00,2,1,01,A01
200600062599,0,07,000,00,2,4,01,B01
200600062599,0,07,000,00,2,4,15,C01
200600062600,0,07,000,00,1,1,01,A01
200600062601,0,07,000,00,2,1,19,A01
200600062601,0,07,000,00,2,8,01,B01
200600062602,0,07,000,00,2,3,13,A01
200600062602,0,07,000,00,2,3,01,B01
200600062603,0,07,000,00,2,2,01,B01
200600062603,0,01,000,00,2,1,01,A01
200600062604,0,07,000,00,2,1,01,A01
200600062604,0,07,000,00,2,8,01,B01
200600062605,0,07,000,00,2,1,13,A01
200600062605,0,07,000,00,2,8,24,B01
200600062606,0,07,000,16,0,1,01,A01
200600062607,0,07,000,00,2,1,01,A01
200600062607,0,07,000,00,2,1,01,B01
200600062608,0,30,000,09,0,1,01,A01
200600062609,0,07,000,00,2,7,15,A01
200600062609,0,33,000,00,2,1,01,B01
200600062610,1,07,000,00,2,0,16,A01
200600062610,0,33,000,00,0,0,01,B01
200600062611,0,10,000,00,1,1,01,A01
200600062612,0,07,000,00,2,6,10,A01
200600062612,0,02,000,00,2,3,01,B01
200600062613,0,07,000,00,2,1,15,A01
200600062613,0,33,000,00,2,8,01,B01
200600062613,0,07,000,00,2,4,01,C01
200600062614,0,33,000,00,2,1,17,A01
200600062614,0,10,000,00,2,8,19,B01
200600062615,0,07,000,00,2,1,01,A01
200600062615,0,07,000,00,2,4,01,B01
200600062615,0,07,000,00,2,4,01,C01
200600062616,0,07,000,00,2,3,01,B01
200600062616,0,02,000,00,2,2,16,A01
200600062617,0,07,000,00,0,0,00,A01
200600062618,0,07,000,00,2,3,01,A01
200600062618,0,07,000,00,2,8,01,B01
200600062619,0,07,000,00,2,1,00,A01
200600062620,0,07,000,00,2,7,12,A01
200600062620,0,02,000,01,2,3,01,B01
200600062621,0,07,000,00,2,5,15,A01
200600062621,0,30,000,00,2,1,01,B01
200600062621,0,07,000,00,2,3,01,C01
200600062622,0,07,000,00,2,1,15,A01
200600062622,0,31,000,00,2,1,01,B01
200600062623,0,10,000,00,1,4,04,A01
200600062624,0,07,000,00,2,7,23,A01
200600062624,0,01,000,00,2,1,18,B01
200600062625,0,07,000,02,2,1,01,A01
200600062625,0,10,000,00,2,4,01,B01
200600062626,0,07,000,00,2,2,15,A01
200600062626,0,02,000,00,2,1,01,B01
200600062627,0,01,000,00,2,1,05,B01
200600062627,0,07,000,00,2,0,16,A01
200600062628,0,02,000,00,2,1,01,A01
200600062628,0,07,000,00,2,7,15,B01
200600062629,0,07,000,09,0,1,14,A01
200600062630,0,07,000,00,2,1,01,A01
200600062630,0,07,000,00,2,4,01,B01
200600062631,1,07,000,00,0,0,15,A01
200600062631,0,07,000,00,2,3,02,B01
200600062631,0,07,000,00,0,4,01,C01
200600062632,0,07,000,00,2,1,01,A01
200600062632,0,07,000,09,2,8,01,B01
200600062633,0,07,000,00,1,1,01,A01
200600062634,0,07,000,00,2,7,01,A01
200600062634,0,33,000,00,2,1,01,B01
200600062635,0,07,000,00,1,3,01,A01
200600062636,0,07,000,00,2,2,02,A01
200600062636,0,07,000,00,2,1,23,B01
200600062636,0,07,000,00,2,4,23,C01
200600062637,0,07,000,00,2,6,00,A01
200600062637,0,07,000,00,0,0,00,B01
200600062638,0,07,000,00,2,1,15,A01
200600062638,0,30,000,00,2,1,01,B01
200600062639,0,07,000,00,2,1,01,A01
200600062639,0,02,000,00,2,4,23,B01
200600062640,0,07,000,00,2,4,01,B01
200600062640,0,02,000,00,2,1,09,A01
200600062641,0,07,000,00,1,2,15,A01
200600062642,0,02,000,00,2,1,01,A01
200600062642,0,07,000,00,2,1,01,B01
200600062643,0,07,000,00,2,1,01,A01
200600062643,0,07,000,00,2,8,01,B01
200600062644,0,30,000,00,2,1,01,A01
200600062644,0,07,000,00,2,5,23,B01
200600062645,0,07,000,00,2,3,01,A01
200600062645,0,07,000,01,2,1,01,B01
200600062646,0,02,000,08,0,1,00,A01
200600062647,0,02,000,00,1,1,01,A01
200600062648,0,10,000,00,2,5,16,A01
200600062648,0,02,000,00,2,8,01,B01
200600062649,0,07,000,00,2,8,19,A01
200600062649,0,30,000,00,2,1,01,B01
200600062650,0,07,000,00,2,2,15,A01
200600062650,0,32,000,00,2,1,01,B01
200600062651,0,07,000,00,2,3,22,A01
200600062651,0,01,000,01,0,1,01,B01
200600062652,0,02,000,00,2,6,01,A01
200600062652,0,07,000,00,2,6,01,B01
200600062653,0,01,000,00,2,0,01,A01
200600062653,0,07,000,00,2,0,01,B01
200600062654,0,31,000,00,2,1,12,A01
200600062654,0,07,000,00,2,8,01,B01
200600062655,0,02,000,00,2,3,11,A01
200600062655,0,07,000,00,2,5,01,B01
200600062656,0,07,000,06,0,5,01,A01
200600062657,0,07,000,00,2,3,01,A01
200600062657,0,01,000,00,2,1,15,B01
200600062658,0,07,000,00,2,7,15,A01
200600062658,0,33,000,00,2,1,01,B01
200600062659,0,07,000,00,2,1,02,A01
200600062659,0,07,000,00,2,6,02,B01
200600062660,0,10,000,00,1,7,01,A01
200600062661,0,10,000,00,0,0,11,A01
200600062661,0,07,000,02,0,1,01,B01
200600062662,0,07,000,00,2,1,01,A01
200600062662,0,33,000,00,2,6,01,B01
200600062663,0,07,000,00,2,8,19,A01
200600062663,0,07,000,00,2,1,01,B01
200600062664,0,07,000,00,2,1,02,A01
200600062664,0,07,000,00,2,4,02,B01
200600062665,0,07,000,01,0,2,14,A01
200600062666,0,07,000,00,2,8,10,A01
200600062666,0,07,000,00,2,1,01,B01
200600062667,0,30,000,00,2,8,01,A01
200600062667,0,07,000,00,2,1,01,B01
200600062668,0,30,000,00,2,2,15,A01
200600062668,0,07,000,00,2,2,01,B01
200600062669,0,33,000,12,0,1,00,A01
200600062670,0,07,000,00,2,1,02,A01
200600062670,0,07,000,00,0,4,02,B01
200600062671,0,10,000,00,9,1,15,A01
200600062671,0,33,000,03,2,1,21,B01
200600062672,0,07,000,00,2,1,01,A01
200600062672,0,07,000,00,2,4,01,B01
200600062673,0,07,000,00,2,1,16,A01
200600062673,0,33,000,00,2,7,01,B01
200600062674,0,07,000,00,2,2,01,B01
200600062674,0,07,000,00,2,6,01,A01
200600062675,0,07,000,00,2,3,13,A01
200600062675,0,07,000,00,2,3,01,B01
200600062675,0,07,000,00,2,1,01,C01
200600062676,0,07,000,00,2,1,01,A01
200600062676,0,07,000,00,2,8,01,B01
200600062677,0,07,000,00,2,2,01,B01
200600062677,0,02,000,00,2,1,01,A01
200600062678,0,02,000,08,0,2,14,A01
200600062679,0,07,000,00,2,2,16,A01
200600062679,0,02,000,00,2,1,01,B01
200600062680,0,07,000,00,1,1,01,A01
200600062681,0,07,000,08,0,1,14,A01
200600062682,0,10,000,00,2,6,13,A01
200600062682,0,05,000,00,2,7,17,B01
200600062683,0,02,000,00,2,3,01,A01
200600062683,0,30,000,00,2,2,00,B01
200600062684,0,07,000,00,2,1,09,A01
200600062684,0,02,000,00,2,1,01,B01
200600062685,0,07,000,00,2,2,13,A01
200600062685,0,07,000,00,2,2,01,B01
200600062686,0,07,000,00,2,8,01,B01
200600062686,0,02,000,00,2,1,01,A01
200600062687,0,02,000,00,2,7,02,A01
200600062687,0,07,000,00,0,3,02,B01
200600062688,0,02,000,09,0,5,20,A01
200600062689,0,02,000,01,2,2,02,A01
200600062689,0,07,000,00,0,8,02,B01
200600062690,0,07,000,00,1,2,01,A01
200600062691,0,07,000,00,2,2,17,A01
200600062691,0,02,000,00,2,5,15,B01
200600062692,0,07,000,00,2,3,15,A01
200600062692,0,30,000,00,2,1,17,B01
200600062693,0,07,000,00,2,1,02,A01
200600062693,0,07,000,00,2,4,02,B01
200600062694,0,07,000,00,9,7,09,A01
200600062694,0,02,000,00,2,1,01,B01
200600062695,0,02,000,12,0,1,21,A01
200600062695,1,07,000,00,0,0,15,B01
200600062696,0,07,000,00,2,4,01,B01
200600062696,0,07,000,00,2,1,01,A01
200600062697,0,07,000,00,2,4,02,B01
200600062697,0,07,000,00,2,1,02,A01
200600062698,0,07,000,00,2,3,01,B01
200600062698,0,07,000,00,2,1,01,A01
200600062699,0,07,000,10,0,1,01,A01
200600062700,0,07,000,00,1,1,01,A01
200600062701,0,07,000,00,2,6,24,B01
200600062701,0,07,000,00,2,1,01,A01
200600062702,0,01,000,00,2,1,01,B01
200600062702,0,07,000,00,2,2,15,A01
200600062703,0,30,000,00,2,7,01,B01
200600062703,0,07,000,00,2,1,15,A01
200600062704,0,07,000,00,2,6,01,B01
200600062704,0,30,000,00,2,1,02,A01
200600062705,0,07,000,00,1,1,01,A01
200600062706,0,02,000,01,0,2,01,A01
200600062707,0,07,000,00,1,2,01,A01
200600062708,0,07,000,00,2,1,00,A01
200600062708,0,07,000,00,2,4,01,B01
200600062709,0,01,000,00,2,1,01,B01
200600062709,0,07,000,00,2,3,15,A01
200600062710,0,30,000,00,2,3,01,B01
200600062710,0,07,000,00,2,3,15,A01
200600062711,0,07,000,00,2,1,15,A01
200600062711,0,02,000,00,2,1,01,B01
200600062712,0,07,000,00,2,3,15,A01
200600062712,0,34,000,00,2,1,01,B01
200600062713,0,01,000,01,0,1,01,B01
200600062713,0,07,000,00,2,3,22,A01
200600062714,1,02,000,00,1,1,15,A01
200600062715,0,07,000,13,0,1,13,A01
200600062716,0,02,000,00,2,4,02,B01
200600062716,0,02,000,00,2,1,01,A01
200600062717,0,02,000,00,2,1,01,B01
200600062717,0,07,000,00,2,1,01,A01
200600062717,0,07,000,00,2,3,01,C01
200600062718,0,07,000,00,2,1,01,B01
200600062718,0,07,000,00,2,1,15,A01
200600062719,0,02,000,00,2,3,01,B01
200600062719,0,07,000,00,2,6,16,A01
200600062720,0,07,000,00,2,4,02,C01
200600062720,0,07,000,00,2,4,02,B01
200600062720,0,07,000,00,2,1,02,A01
200600062721,0,01,000,00,2,8,01,B01
200600062721,0,07,000,00,2,1,16,A01
200600062722,0,07,000,00,2,3,15,A01
200600062722,0,01,000,00,2,1,23,B01
200600062723,0,07,000,00,2,2,15,A01
200600062723,0,30,000,00,2,1,01,B01
200600062724,0,30,000,00,2,1,01,B01
200600062724,0,07,000,00,2,2,15,A01
200600062725,0,02,000,00,1,1,01,B01
200600062725,0,10,000,00,2,1,15,A01
200600062726,0,07,000,00,2,4,23,B01
200600062726,0,10,000,00,2,1,02,A01
200600062727,0,07,000,00,1,1,01,A01
200600062728,0,07,000,00,2,1,00,A01
200600062728,0,30,000,00,2,3,00,B01
200600062729,0,30,000,00,2,4,23,B01
200600062729,0,02,000,00,2,1,02,A01
200600062730,0,30,000,00,2,1,01,B01
200600062730,0,07,000,00,2,3,10,A01
200600062731,0,02,000,00,2,1,01,B01
200600062731,0,10,000,00,2,3,09,A01
200600062732,0,07,000,01,2,1,01,B01
200600062732,0,07,000,00,2,2,15,A01
200600062733,0,02,000,00,2,1,00,B01
200600062733,0,07,000,00,2,8,09,A01
200600062734,0,07,000,00,0,1,15,B01
200600062734,0,07,000,00,2,3,01,A01
200600062735,0,07,000,00,1,1,01,A01
200600062736,0,07,000,00,2,1,01,B01
200600062736,0,01,000,00,2,2,09,A01
200600062737,0,07,000,00,2,4,01,B01
200600062737,0,02,000,00,2,1,02,A01
200600062738,0,02,000,00,1,1,01,A01
200600062739,0,07,000,00,2,3,09,A01
200600062739,0,02,000,00,2,1,01,B01
200600062740,0,01,000,00,2,1,01,B01
200600062740,0,07,000,00,2,2,16,A01
200600062741,0,07,000,00,2,5,01,B01
200600062741,0,02,000,00,2,1,15,A01
200600062742,0,07,000,00,2,4,23,C01
200600062742,0,07,000,00,2,4,23,B01
200600062742,0,07,000,00,2,1,01,A01
200600062743,0,30,000,00,2,1,01,B01
200600062743,0,07,000,00,2,2,15,A01
200600062744,0,02,000,00,2,4,02,B01
200600062744,0,07,000,00,2,1,17,A01
200600062745,0,02,000,00,2,8,15,B01
200600062745,0,33,000,00,2,1,17,A01
200600062746,0,07,000,00,2,1,01,B01
200600062746,0,33,000,00,2,1,21,A01
200600062747,0,33,000,00,2,8,13,B01
200600062747,0,02,000,00,2,7,17,A01
200600062748,0,07,000,00,2,2,15,A01
200600062748,0,02,000,00,2,7,01,B01
200600062749,0,07,000,00,2,1,01,B01
200600062749,0,02,000,00,2,1,13,A01
200600062750,0,07,000,00,2,1,01,B01
200600062750,0,07,000,00,2,1,06,A01
200600062751,0,07,000,01,0,1,01,A01
200600062752,0,10,000,00,9,2,02,A01
200600062752,0,01,000,00,0,0,09,B01
200600062753,0,07,000,00,1,2,01,A01
200600062754,0,07,000,00,2,1,01,B01
200600062754,0,07,000,00,2,1,19,A01
200600062755,0,07,000,15,0,3,00,B01
200600062755,0,02,000,15,0,1,17,A01
200600062756,0,02,000,00,2,1,01,A01
200600062756,0,07,000,00,2,3,09,B01
200600062757,0,07,000,00,2,1,15,A01
200600062757,0,01,000,00,2,1,01,B01
200600062758,0,07,000,00,2,4,04,A01
200600062758,0,07,000,00,0,1,01,B01
200600062759,0,07,000,00,2,1,01,A01
200600062759,0,10,000,00,2,7,15,B01
200600062760,0,01,000,00,2,0,11,A01
200600062760,0,07,000,00,2,7,01,B01
200600062761,0,02,000,00,1,0,01,A01
200600062762,0,07,000,00,2,1,01,A01
200600062762,0,07,000,00,2,4,01,B01