Num_Acc,senc,catv,occutc,obs,obsm,choc,manv,num_veh
200600062762,0,07,000,00,2,1,01,C01
200600062763,0,07,000,00,1,1,01,A01
200600062764,0,02,000,00,2,1,01,A01
200600062764,0,07,000,00,0,7,15,B01
200600062765,0,07,000,00,2,1,01,A01
200600062765,0,01,000,00,0,4,01,B01
200600062766,0,07,000,00,1,1,01,A01
200600062767,0,02,000,00,0,0,00,A01
200600062768,0,02,000,00,2,1,01,A01
200600062768,0,07,000,00,0,7,01,B01
200600062769,0,10,000,00,2,2,01,A01
200600062769,0,07,000,00,2,3,15,B01
200600062770,0,07,000,00,0,4,01,B01
200600062770,0,07,000,00,2,1,02,A01
200600062771,0,10,000,00,0,3,01,B01
200600062771,0,07,000,00,2,1,15,A01
200600062772,0,07,000,00,2,1,01,B01
200600062772,0,07,000,00,2,1,13,A01
200600062773,0,33,000,00,0,7,13,A01
200600062774,0,10,000,00,0,4,01,B01
200600062774,0,10,000,00,2,1,02,A01
200600062775,0,33,000,00,2,1,01,B01
200600062775,0,10,000,00,0,1,15,A01
200600062776,0,10,000,01,0,2,14,A01
200600062777,0,30,000,00,2,3,02,A01
200600062777,0,10,000,00,2,5,01,B01
200600062778,0,33,000,00,2,1,01,A01
200600062778,0,07,000,00,2,4,01,B01
200600062779,2,30,000,00,1,1,01,A01
200600062780,0,37,001,00,2,8,01,B01
200600062780,0,07,000,00,2,1,01,A01
200600062781,0,07,000,00,2,2,15,B01
200600062781,0,07,000,00,2,1,01,A01
200600062782,2,07,000,00,2,1,01,A01
200600062782,0,07,000,00,2,4,01,B01
200600062782,0,10,000,00,2,4,01,C01
200600062782,0,10,000,00,2,4,01,D01
200600062783,0,02,000,00,2,7,17,A01
200600062783,0,07,000,00,2,1,15,B01
200600062784,0,07,000,00,2,8,09,A01
200600062784,0,07,000,00,2,1,01,B01
200600062785,0,07,000,00,1,3,01,A01
200600062786,0,07,000,00,2,3,01,B01
200600062786,0,07,000,00,2,3,00,A01
200600062787,0,17,000,00,2,6,00,A01
200600062787,0,10,000,00,2,2,02,B01
200600062788,0,07,000,00,1,3,01,A01
200600062789,0,31,000,00,2,1,15,A01
200600062789,0,07,000,00,2,3,01,B01
200600062790,0,07,000,02,0,1,01,A01
200600062791,0,07,000,08,0,1,01,A01
200600062792,0,07,000,00,2,1,01,A01
200600062792,0,07,000,00,2,2,15,B01
200600062793,0,07,000,00,1,2,01,A01
200600062794,0,07,000,00,2,3,10,A01
200600062794,0,07,000,00,2,1,01,B01
200600062795,0,01,000,00,2,1,16,A01
200600062795,0,07,000,00,2,2,01,B01
200600062796,0,07,000,00,2,2,15,A01
200600062796,0,33,000,00,2,1,01,B01
200600062797,0,07,000,02,0,7,14,A01
200600062798,0,10,000,00,2,1,02,A01
200600062798,0,07,000,00,2,4,02,B01
200600062798,0,07,000,00,2,4,02,C01
200600062799,0,07,000,00,2,2,13,A01
200600062799,0,07,000,00,2,1,01,B01
200600062800,0,07,000,05,0,1,00,A01
200600062801,0,07,000,00,1,1,01,A01
200600062802,0,07,000,00,2,1,01,A01
200600062802,0,30,000,00,2,7,19,B01
200600062802,0,07,000,00,1,1,23,C01
200600062803,0,07,000,00,2,1,01,A01
200600062803,0,07,000,00,2,4,23,B01
200600062804,0,07,000,00,2,1,15,A01
200600062804,0,30,000,00,2,1,01,B01
200600062805,0,07,000,00,1,2,16,A01
200600062806,0,07,000,00,1,2,01,A01
200600062807,0,07,000,00,2,3,15,A01
200600062807,0,01,000,00,2,1,01,B01
200600062808,0,07,000,00,2,1,15,A01
200600062808,0,01,000,00,2,1,19,B01
200600062809,0,01,000,00,2,7,17,A01
200600062809,0,01,000,00,2,3,01,B01
200600062810,0,01,000,00,2,8,01,B01
200600062810,0,20,000,00,2,7,14,A01
200600062811,0,14,000,00,2,1,02,A01
200600062811,0,07,000,00,2,4,02,B01
200600062812,0,30,000,00,1,1,17,A01
200600062813,0,13,000,00,2,1,15,A01
200600062813,0,01,000,00,2,1,01,B01
200600062814,0,07,000,00,2,1,02,A01
200600062814,0,07,000,01,2,4,23,B01
200600062814,0,07,000,00,2,4,23,C01
200600062815,0,01,000,00,2,8,19,A01
200600062815,0,07,000,00,2,1,01,B01
200600062816,0,07,000,00,1,1,01,A01
200600062817,1,07,000,00,2,0,17,A01
200600062817,0,01,000,00,2,8,11,B01
200600062818,0,02,000,00,1,0,01,A01
200600062819,0,33,000,00,2,3,01,A01
200600062819,0,07,000,00,2,3,15,B01
200600062820,0,07,000,00,2,3,15,A01
200600062820,0,01,000,00,2,1,01,B01
200600062821,1,07,000,00,1,1,01,A01
200600062822,0,33,000,00,2,7,17,A01
200600062822,0,01,000,00,2,1,01,B01
200600062822,0,01,000,00,2,8,15,C01
200600062823,0,07,000,00,2,8,10,A01
200600062823,0,02,000,00,2,1,01,B01
200600062824,0,01,000,00,1,1,01,A01
200600062825,0,07,000,00,2,3,01,A01
200600062825,0,07,000,00,2,1,01,B01
200600062826,0,07,000,00,2,1,01,A01
200600062826,0,07,000,00,2,1,01,B01
200600062827,1,30,000,00,1,0,01,A01
200600062828,0,07,000,00,2,3,01,B01
200600062828,0,07,000,00,2,2,01,A01
200600062829,0,07,000,01,0,1,01,A01
200600062829,0,37,001,00,2,4,24,B01
200600062830,0,33,000,00,1,3,01,A01
200600062831,0,07,000,00,2,1,01,B01
200600062831,0,01,000,00,2,1,01,A01
200600062832,0,07,000,00,2,2,01,B01
200600062832,0,07,000,00,2,1,01,A01
200600062833,0,33,000,00,2,9,17,A01
200600062833,0,37,026,00,2,1,01,B01
200600062833,0,07,000,00,2,3,01,C01
200600062834,0,07,000,00,2,1,15,A01
200600062834,0,07,000,00,2,8,01,B01
200600062835,0,07,000,00,1,1,01,A01
200600062836,0,13,000,00,2,1,01,A01
200600062836,0,07,000,00,2,3,11,B01
200600062837,0,07,000,00,1,8,00,A01
200600062838,0,07,000,00,2,6,15,A01
200600062838,0,33,000,00,2,1,17,B01
200600062839,0,40,000,00,2,1,01,A01
200600062839,0,01,000,00,4,1,01,B01
200600062840,0,07,000,00,2,3,15,A01
200600062840,0,01,000,00,2,8,15,B01
200600062841,0,02,000,00,2,1,01,A01
200600062841,0,07,000,00,2,8,01,B01
200600062842,0,07,000,00,2,8,22,A01
200600062842,0,01,000,01,2,1,01,B01
200600062842,0,07,000,00,2,1,01,C01
200600062843,0,14,000,00,4,5,16,A01
200600062843,0,40,000,00,2,1,01,B01
200600062844,0,07,000,00,2,2,01,A01
200600062844,0,01,000,00,2,0,00,B01
200600062845,0,07,000,00,2,8,22,A01
200600062845,0,01,000,01,0,1,01,B01
200600062845,0,37,042,00,2,7,01,C01
200600062846,0,07,000,01,0,0,01,A01
200600062847,0,07,000,00,2,8,22,A01
200600062847,0,01,000,01,2,1,01,B01
200600062848,0,40,000,00,1,1,01,A01
200600062849,0,07,000,00,2,3,15,A01
200600062849,0,07,000,00,2,1,01,B01
200600062850,0,07,000,09,0,1,14,A01
200600062851,0,40,000,00,1,1,01,A01
200600062852,0,07,000,00,2,1,01,A01
200600062852,0,01,000,00,2,7,19,B01
200600062853,0,33,000,00,2,1,01,A01
200600062853,0,07,000,00,2,3,10,B01
200600062853,0,10,000,00,2,3,01,C01
200600062853,0,07,000,00,2,3,01,D01
200600062854,0,07,000,00,2,2,15,A01
200600062854,0,02,000,00,2,1,01,B01
200600062855,0,07,000,00,2,1,01,A01
200600062855,0,07,000,00,2,4,23,B01
200600062856,0,07,000,00,2,2,16,A01
200600062856,0,01,000,00,2,3,01,B01
200600062857,0,07,000,00,2,1,15,A01
200600062857,0,01,000,00,2,1,01,B01
200600062858,0,30,000,00,2,6,01,A01
200600062858,0,02,000,00,2,5,02,B01
200600062859,0,07,000,00,2,2,12,A01
200600062859,0,31,000,01,2,1,01,B01
200600062860,0,07,000,00,2,1,01,A01
200600062860,0,10,000,00,2,8,15,B01
200600062861,0,07,000,00,2,2,00,A01
200600062861,0,30,000,00,2,6,00,B01
200600062862,1,30,000,00,2,7,01,A01
200600062862,0,30,000,00,2,1,01,B01
200600062863,0,37,010,00,1,7,01,A01
200600062864,0,07,000,00,2,2,16,A01
200600062864,0,01,000,00,2,8,01,B01
200600062865,0,07,000,00,2,2,01,A01
200600062865,0,30,000,00,2,1,15,B01
200600062866,0,07,000,00,1,2,01,A01
200600062867,0,07,000,00,2,1,15,A01
200600062867,0,34,000,00,2,1,01,B01
200600062868,0,07,000,00,2,3,15,A01
200600062868,0,33,000,00,2,1,17,B01
200600062869,0,07,000,00,2,3,15,A01
200600062869,0,34,000,00,2,1,01,B01
200600062870,0,01,000,00,2,1,01,A01
200600062870,0,31,000,00,2,1,01,B01
200600062871,0,07,000,00,2,2,15,A01
200600062871,0,02,000,00,2,1,01,B01
200600062872,0,07,000,00,2,8,15,A01
200600062872,0,30,000,00,2,1,08,B01
200600062873,0,07,000,00,1,2,17,A01
200600062874,0,02,000,00,2,1,01,B01
200600062874,0,07,000,00,2,7,09,A01
200600062875,0,33,000,02,0,1,01,A01
200600062876,0,07,000,12,0,3,00,A01
200600062877,0,07,000,00,2,3,15,A01
200600062877,0,30,000,00,2,1,01,B01
200600062878,0,07,000,00,2,7,17,A01
200600062878,0,30,000,00,2,8,15,B01
200600062879,0,07,000,00,0,3,02,A01
200600062879,0,30,000,00,2,1,02,B01
200600062880,0,33,000,09,2,1,01,A01
200600062880,0,07,000,00,2,3,15,B01
200600062881,0,14,000,00,1,4,04,A01
200600062882,0,07,000,00,2,3,01,B01
200600062882,0,07,000,00,2,2,01,A01
200600062883,0,07,000,00,1,1,02,A01
200600062884,0,10,000,00,2,4,04,A01
200600062884,0,07,000,00,2,7,01,B01
200600062885,2,30,000,00,1,1,01,A01
200600062886,1,10,000,00,0,0,15,A01
200600062886,0,01,000,00,2,3,01,B01
200600062887,0,07,000,00,1,0,15,A01
200600062888,0,07,000,00,1,8,00,A01
200600062889,0,03,000,00,2,1,02,A01
200600062889,0,07,000,00,2,4,23,C01
200600062889,0,07,000,00,2,5,23,D01
200600062889,0,02,000,00,2,4,01,B01
200600062890,0,07,000,14,0,1,02,A01
200600062890,0,07,000,00,0,4,23,B01
200600062891,0,07,000,00,1,2,15,A01
200600062892,0,40,000,00,1,2,01,A01
200600062893,0,40,000,00,9,2,01,A01
200600062893,0,01,000,00,4,3,06,B01
200600062894,0,07,000,00,1,3,01,A01
200600062895,1,07,000,00,2,8,15,A01
200600062895,0,01,000,00,0,7,17,B01
200600062896,0,07,000,00,0,4,02,C01
200600062896,0,07,000,00,2,4,02,B01
200600062896,0,07,000,00,2,1,02,A01
200600062897,0,07,000,12,0,9,01,A01
200600062898,0,07,000,00,2,1,01,B01
200600062898,0,04,000,00,2,1,15,A01
200600062899,0,07,000,00,2,3,01,A01
200600062899,0,07,000,00,2,2,01,B01
200600062900,0,02,000,00,2,7,18,A01
200600062900,0,07,000,00,2,3,15,B01
200600062901,0,07,000,00,2,0,01,A01
200600062901,0,07,000,00,0,3,15,C01
200600062901,0,07,000,00,2,7,01,B01
200600062902,0,07,000,00,2,1,15,A01
200600062902,0,32,000,00,2,8,00,B01
200600062903,0,07,000,00,1,0,01,A01
200600062904,0,07,000,00,2,3,15,A01
200600062904,0,07,000,00,2,3,01,B01
200600062905,0,07,000,00,9,1,15,A01
200600062905,0,01,000,00,2,1,01,B01
200600062906,0,07,000,00,9,8,22,A01
200600062906,0,01,000,01,0,1,01,B01
200600062907,0,07,000,11,0,1,01,A01
200600062908,0,07,000,00,1,4,20,A01
200600062909,0,07,000,00,9,1,01,B01
200600062909,0,02,000,00,2,1,01,A01
200600062910,0,07,000,00,1,3,01,A01
200600062911,0,07,000,00,0,7,15,A01
200600062911,0,33,000,00,2,1,01,B01
200600062912,0,07,000,00,2,2,15,A01
200600062912,0,01,000,00,2,1,01,B01
200600062913,0,07,000,00,2,5,16,A01
200600062913,0,30,000,00,2,1,01,B01
200600062914,0,20,000,00,2,1,01,A01
200600062914,0,07,000,00,2,2,01,B01
200600062915,0,31,000,00,2,1,17,A01
200600062915,0,37,000,00,2,8,15,B01
200600062916,0,33,000,00,0,8,15,A01
200600062917,0,07,000,00,1,2,01,A01
200600062918,0,01,000,00,2,1,05,A01
200600062918,0,07,000,00,2,1,01,B01
200600062919,0,07,000,00,2,1,01,A01
200600062919,0,32,000,00,2,6,01,B01
200600062920,0,07,000,00,2,2,01,A01
200600062920,0,32,000,00,2,1,17,B01
200600062921,0,07,000,09,2,1,01,A01
200600062921,0,07,000,06,2,5,01,B01
200600062922,0,07,000,00,1,0,01,A01
200600062923,0,10,000,00,1,2,01,A01
200600062924,0,07,000,06,2,5,01,A01
200600062924,0,07,000,00,2,3,01,B01
200600062925,0,01,000,00,2,1,01,A01
200600062925,0,07,000,00,2,3,01,B01
200600062926,0,07,000,00,2,1,01,A01
200600062926,0,10,000,00,2,4,23,B01
200600062926,0,07,000,00,2,4,23,C01
200600062927,0,07,000,00,1,3,01,A01
200600062928,0,33,000,00,2,1,01,B01
200600062928,0,07,000,00,2,2,15,A01
200600062929,0,30,000,00,2,1,17,B01
200600062929,0,30,000,00,2,1,17,C01
200600062929,0,07,000,00,2,8,15,A01
200600062930,0,07,000,02,0,1,00,A01
200600062931,0,07,000,00,2,1,02,A01
200600062931,0,07,000,00,2,4,23,B01
200600062932,0,07,000,00,2,1,02,A01
200600062932,0,07,000,00,2,4,02,B01
200600062933,0,07,000,00,9,1,17,A01
200600062933,0,01,000,00,2,1,01,F01
200600062933,0,01,000,00,2,1,01,B01
200600062933,0,01,000,00,2,1,01,G01
200600062933,0,01,000,00,2,1,01,C01
200600062933,0,01,000,00,2,1,01,H01
200600062933,0,01,000,00,2,1,01,D01
200600062933,0,01,000,00,2,1,01,I01
200600062933,0,01,000,00,2,1,01,E01
200600062933,0,01,000,00,2,1,01,J01
200600062934,0,07,000,00,2,1,02,A01
200600062934,0,07,000,00,2,4,23,B01
200600062935,0,02,000,00,2,1,01,B01
200600062935,0,07,000,00,2,3,15,A01
200600062936,0,07,000,00,0,5,15,B01
200600062936,0,30,000,00,2,1,02,A01
200600062937,0,07,000,00,2,2,15,B01
200600062937,0,02,000,00,2,1,05,A01
200600062938,0,02,000,00,2,1,01,B01
200600062938,0,07,000,00,2,2,15,A01
200600062939,0,07,000,00,9,3,09,A01
200600062939,0,02,000,00,2,7,01,B01
200600062940,0,02,000,00,2,8,01,A01
200600062940,0,07,000,00,0,7,01,B01
200600062941,0,07,000,00,1,1,01,A01
200600062942,0,07,000,00,1,1,01,A01
200600062943,0,07,000,00,2,3,09,A01
200600062943,0,02,000,00,2,1,17,B01
200600062944,0,07,000,00,2,5,01,A01
200600062944,0,02,000,00,2,1,01,B01
200600062945,0,07,000,00,1,1,01,A01
200600062946,1,07,000,00,2,1,01,A01
200600062946,0,07,000,00,2,4,23,B01
200600062946,0,07,000,00,2,4,23,C01
200600062947,0,07,000,00,2,1,09,A01
200600062947,0,07,000,00,2,1,21,B01
200600062947,0,07,000,00,2,1,01,C01
200600062947,0,10,000,00,0,1,01,D01
200600062948,0,07,000,00,2,2,01,A01
200600062948,0,07,000,01,2,6,09,B01
200600062949,0,33,000,14,0,0,06,A01
200600062950,0,02,000,00,2,1,01,B01
200600062950,0,37,008,00,2,3,01,A01
200600062951,0,30,000,12,0,1,13,A01
200600062952,0,30,000,00,2,4,17,A01
200600062952,0,02,000,00,0,1,01,B01
200600062953,0,07,000,00,1,1,01,A01
200600062954,0,31,000,00,2,1,13,A01
200600062954,0,07,000,00,0,5,15,B01
200600062954,0,07,000,00,0,4,01,C01
200600062955,0,07,000,00,1,4,04,A01
200600062956,0,07,000,00,2,3,15,A01
200600062956,0,07,000,06,2,1,01,B01
200600062957,0,07,000,00,2,6,01,A01
200600062957,0,02,000,00,2,1,01,B01
200600062958,0,07,000,00,2,7,15,A01
200600062958,0,02,000,00,2,3,11,B01
200600062959,0,30,000,00,2,5,01,B01
200600062959,0,07,000,00,2,2,01,A01
200600062960,0,07,000,00,2,1,01,A01
200600062960,0,07,000,00,2,3,01,B01
200600062961,0,07,000,00,2,1,01,A01
200600062961,0,07,000,00,2,3,01,B01
200600062962,0,33,000,15,0,1,17,A01
200600062963,0,02,000,16,0,1,01,A01
200600062964,0,07,000,00,2,2,01,A01
200600062964,0,07,000,00,0,5,01,B01
200600062965,0,07,000,13,0,9,01,A01
200600062966,0,07,000,00,2,1,01,A01
200600062966,0,07,000,00,2,1,01,B01
200600062966,0,07,000,00,0,4,01,C01
200600062967,0,07,000,00,2,2,01,A01
200600062967,0,01,000,00,0,1,01,B01
200600062968,0,02,000,00,2,1,01,A01
200600062968,0,07,000,00,0,1,01,B01
200600062969,0,07,000,00,2,1,01,A01
200600062969,0,07,000,00,0,4,23,B01
200600062970,0,07,000,00,2,3,01,A01
200600062970,0,37,001,00,2,3,01,B01
200600062971,0,33,000,00,2,1,01,A01
200600062971,0,07,000,00,0,2,09,B01
200600062972,0,07,000,00,1,1,01,A01
200600062973,0,02,000,00,1,5,01,A01
200600062974,0,02,000,00,2,1,01,A01
200600062974,0,07,000,00,0,4,01,B01
200600062975,0,07,000,00,1,3,01,A01
200600062976,0,02,000,00,0,8,01,A01
200600062977,0,07,000,00,2,2,01,A01
200600062977,0,07,000,00,0,2,01,B01
200600062978,0,07,000,00,2,1,01,A01
200600062978,0,07,000,00,0,0,01,B01
200600062979,0,07,000,00,1,1,01,A01
200600062980,1,07,000,00,1,2,01,A01
200600062981,0,02,000,16,0,8,01,A01
200600062982,0,33,000,00,2,8,17,A01
200600062982,0,07,000,00,0,8,01,B01
200600062983,0,02,000,16,0,1,01,A01
200600062984,0,02,000,00,2,1,01,A01
200600062984,0,07,000,00,0,5,20,B01
200600062985,0,07,000,00,2,4,01,A01
200600062985,0,02,000,00,0,1,01,B01
200600062986,0,07,000,00,2,7,01,A01
200600062986,0,02,000,00,0,3,01,B01
200600062987,0,02,000,00,1,1,01,A01
200600062988,0,07,000,00,2,1,09,A01
200600062988,0,02,000,00,0,7,01,B01
200600062989,0,07,000,00,2,7,17,A01
200600062989,0,02,000,00,0,7,01,B01
200600062990,0,33,000,16,0,1,01,A01
200600062991,0,07,000,00,2,2,14,A01
200600062991,0,07,000,00,0,1,01,B01
200600062992,0,02,000,00,0,8,01,A01
200600062992,0,07,000,00,2,1,01,B01
200600062993,0,02,000,16,0,7,01,A01
200600062994,0,99,000,00,2,1,01,A01
200600062994,0,07,000,00,2,1,23,B01
200600062994,0,07,000,00,2,4,23,C01
200600062994,0,07,000,00,0,4,23,D01
200600062995,0,33,000,16,0,8,01,A01
200600062996,0,02,000,14,0,7,01,A01
200600062997,0,07,000,00,2,3,01,A01
200600062997,0,07,000,00,0,8,01,B01
200600062998,0,07,000,00,2,1,01,A01
200600062998,0,10,000,00,2,1,23,B01
200600062998,0,07,000,00,0,4,23,C01
200600062999,0,07,000,00,1,1,01,A01
200600063000,0,14,000,00,2,5,04,A01
200600063000,0,02,000,00,0,1,01,B01
200600063001,0,07,000,00,2,1,09,A01
200600063001,0,01,000,00,0,7,01,B01
200600063002,0,07,000,00,2,1,01,A01
200600063002,0,07,000,00,0,4,01,B01
200600063003,0,02,000,16,0,0,01,A01
200600063004,0,07,000,00,2,8,10,A01
200600063004,0,33,000,00,0,1,01,B01
200600063005,0,02,000,00,2,1,01,A01
200600063005,0,07,000,00,0,3,01,B01
200600063006,0,07,000,00,2,1,01,A01
200600063006,0,33,000,00,0,1,01,B01
200600063007,0,07,000,00,2,7,21,A01
200600063007,0,33,000,00,0,7,01,B01
200600063008,0,07,000,00,9,2,15,A01
200600063008,0,01,000,00,2,1,01,B01
200600063009,0,07,000,00,1,3,01,A01
200600063010,0,07,000,00,1,2,05,A01
200600063011,0,07,000,00,2,1,00,A01
200600063011,0,07,000,09,2,8,00,B01
200600063012,0,17,000,00,1,2,00,A01
200600063013,0,07,000,00,2,5,11,A01
200600063013,0,07,000,00,2,1,05,B01
200600063014,0,07,000,03,2,7,05,A01
200600063014,0,07,000,00,2,1,05,B01
200600063015,0,07,000,00,2,1,01,A01
200600063015,0,07,000,08,0,4,23,B01
200600063016,0,07,000,00,2,1,01,A01
200600063016,0,37,000,00,0,3,15,B01
200600063017,0,07,000,00,1,1,01,A01
200600063018,0,07,000,00,0,1,15,A01
200600063018,0,07,000,00,0,8,01,B01
200600063019,0,07,000,00,1,1,01,A01
200600063020,0,01,000,00,2,1,01,A01
200600063020,0,07,000,00,0,3,01,B01
200600063021,0,07,000,00,2,1,15,A01
200600063021,0,02,000,00,0,1,01,B01
200600063022,0,07,000,00,1,4,04,A01
200600063023,0,07,000,00,2,3,01,A01
200600063023,0,02,000,00,0,1,01,B01
200600063024,0,07,000,00,1,2,01,A01
200600063025,0,02,000,00,2,7,17,B01
200600063025,0,07,000,00,2,1,15,A01
200600063026,0,30,000,00,2,1,01,B01
200600063026,0,07,000,00,2,8,15,A01
200600063027,0,07,000,00,2,1,01,B01
200600063027,0,07,000,00,2,2,15,A01
200600063028,0,33,000,00,2,1,01,B01
200600063028,0,07,000,00,2,1,15,A01
200600063029,0,30,000,00,2,2,01,B01
200600063029,0,07,000,00,2,8,09,A01
200600063030,0,07,000,00,2,1,01,A01
200600063030,0,07,000,00,0,4,01,B01
200600063031,0,07,000,00,2,7,15,A01
200600063031,0,33,000,00,2,1,01,B01
200600063032,0,07,000,00,2,3,10,A01
200600063032,0,33,000,00,2,1,00,B01
200600063033,0,07,000,00,1,4,20,A01
200600063034,0,30,000,00,2,1,16,A01
200600063034,0,07,000,00,2,1,01,B01
200600063035,0,02,000,00,2,2,01,A01
200600063035,0,10,000,00,2,2,01,B01
200600063036,0,14,000,01,1,7,16,A01
200600063037,0,07,000,00,1,4,04,A01
200600063038,0,02,000,00,2,2,17,A01
200600063038,0,07,000,00,2,3,01,B01
200600063038,0,07,000,00,2,2,01,C01
200600063039,0,05,000,00,0,0,21,A01
200600063040,0,04,000,00,2,2,08,A01
200600063040,0,07,000,00,2,8,15,B01
200600063041,0,07,000,00,1,1,01,A01
200600063042,0,07,000,00,1,1,01,A01
200600063043,0,02,000,00,0,0,01,A01
200600063044,0,10,000,00,2,6,11,A01
200600063044,0,02,000,00,2,2,01,B01
200600063045,0,07,000,00,2,8,11,A01
200600063045,0,05,000,00,2,2,01,B01
200600063046,0,02,000,00,2,2,01,A01
200600063046,0,07,000,00,2,8,24,B01
200600063047,0,02,000,00,2,3,18,A01
200600063047,0,10,000,00,2,2,16,B01
200600063048,0,07,000,00,2,8,15,A01
200600063048,0,18,000,00,2,2,07,B01
200600063049,0,10,000,00,2,1,01,A01
200600063049,0,07,000,00,2,4,23,B01
200600063050,0,07,000,00,2,1,01,A01
200600063050,0,18,000,00,2,2,15,B01
200600063051,0,04,000,00,1,1,01,A01
200600063052,0,17,000,00,2,1,01,A01
200600063052,0,07,000,00,2,4,01,B01
200600063052,0,07,000,00,2,1,01,C01
200600063053,0,05,000,00,2,1,01,A01
200600063053,0,07,000,00,2,4,01,B01
200600063054,0,02,000,01,2,3,18,A01
200600063054,0,07,000,00,2,5,01,B01
200600063055,0,02,000,00,2,3,18,A01
200600063055,0,02,000,00,2,2,01,B01
200600063056,0,07,000,00,2,2,10,A01
200600063056,0,05,000,00,2,1,01,B01
200600063057,0,18,000,00,1,1,07,A01
200600063058,0,05,000,12,0,3,13,A01
200600063059,0,07,000,00,2,1,01,A01
200600063059,0,10,000,00,2,4,23,B01
200600063060,0,04,000,00,2,2,01,A01
200600063060,0,07,000,00,2,1,01,B01
200600063061,0,07,000,00,2,8,15,A01
200600063061,0,02,000,00,2,2,01,B01
200600063062,1,07,000,00,2,2,00,A01
200600063062,0,02,000,00,2,1,01,B01
200600063063,1,07,000,00,1,1,00,A01
200600063064,1,02,000,00,1,1,00,A01
200600063065,0,05,000,00,0,0,01,A01
200600063066,0,02,000,00,0,0,21,A01
200600063067,0,02,000,00,1,1,01,A01
200600063068,0,07,000,00,2,4,24,A01
200600063068,0,07,000,00,2,1,01,B01
200600063069,0,05,000,00,2,3,01,A01
200600063069,0,07,000,00,2,2,01,B01
200600063070,0,04,000,00,2,2,01,A01
200600063070,0,02,000,00,2,1,01,B01
200600063071,0,07,000,00,2,8,09,A01
200600063071,0,04,000,00,2,2,01,B01
200600063072,1,07,000,00,2,5,00,A01
200600063072,0,02,000,00,2,6,01,B01
200600063073,0,07,000,00,2,1,05,A01
200600063073,0,02,000,00,2,1,01,B01
200600063074,0,04,000,00,2,2,01,A01
200600063074,0,07,000,00,2,1,15,B01
200600063075,0,07,000,00,2,8,15,A01
200600063075,0,04,000,00,2,2,01,B01
200600063076,0,07,000,00,1,1,07,A01
200600063077,0,05,000,11,0,8,01,A01
200600063078,0,07,000,04,0,1,01,A01
200600063079,0,10,000,00,2,7,22,A01
200600063079,0,02,000,00,2,3,01,B01
200600063080,0,05,000,00,1,1,01,A01
200600063081,0,07,000,12,0,1,01,A01
200600063082,0,02,000,00,0,0,21,A01
200600063083,0,01,000,00,1,1,05,A01
200600063084,0,02,000,11,0,3,13,A01
200600063085,0,07,000,00,2,5,16,A01
200600063085,0,04,000,00,2,3,01,B01
200600063086,0,10,000,00,2,8,22,A01
200600063086,0,04,000,15,2,2,17,B01
200600063087,0,04,000,01,0,3,01,A01
200600063088,0,07,000,00,2,2,15,A01
200600063088,0,05,000,00,2,1,01,B01
200600063089,0,10,000,00,2,3,13,A01
200600063089,0,02,000,00,2,2,17,B01
200600063090,0,05,000,00,2,2,15,A01
200600063090,0,07,000,00,2,3,16,B01
200600063091,0,07,000,00,1,1,01,A01
200600063092,0,04,000,00,1,1,21,A01
200600063093,0,02,000,00,1,1,01,A01
200600063094,0,05,000,01,0,3,01,A01
200600063095,0,04,000,00,0,0,21,A01
200600063096,0,02,000,00,1,1,01,A01
200600063097,0,07,000,00,1,1,01,A01
200600063098,0,05,000,00,1,1,01,A01
200600063099,0,05,000,00,0,0,01,A01
200600063100,0,07,000,00,2,2,01,B01
200600063100,0,01,000,00,2,1,05,A01
200600063101,0,05,000,00,2,1,01,B01
200600063101,0,02,000,00,2,2,01,A01
200600063102,0,10,000,00,2,3,09,A01
200600063102,0,04,000,00,2,2,01,B01
200600063103,1,07,000,00,2,2,00,A01
200600063103,0,04,000,00,2,6,01,B01
200600063104,0,04,000,00,2,1,01,A01
200600063104,0,07,000,00,2,4,23,B01
200600063105,0,02,000,00,2,1,07,A01
200600063105,0,07,000,00,2,4,07,B01
200600063106,0,02,000,00,1,1,01,A01
200600063107,0,07,000,00,2,8,11,A01
200600063107,0,02,000,00,2,2,01,B01
200600063108,0,07,000,00,2,1,01,A01
200600063108,0,07,000,00,2,4,23,B01
200600063109,0,07,000,00,2,8,22,A01
200600063109,0,05,000,00,2,2,01,B01
200600063110,0,07,000,00,1,8,15,A01
200600063111,0,02,000,00,2,1,01,A01
200600063111,0,07,000,00,2,4,23,B01
200600063112,0,05,000,00,0,0,01,A01
200600063113,0,02,000,00,2,1,01,A01
200600063113,0,07,000,00,2,4,23,B01
200600063114,0,05,000,00,2,6,07,A01
200600063114,0,07,000,00,2,2,12,B01
200600063115,0,07,000,00,1,1,01,A01
200600063116,0,05,000,00,2,1,01,A01
200600063116,0,07,000,00,2,8,15,B01
200600063117,0,07,000,00,2,1,01,A01
200600063117,0,07,000,00,2,4,01,B01
200600063118,0,01,000,00,2,2,05,A01
200600063118,0,07,000,00,2,1,01,B01
200600063119,0,04,000,00,0,0,17,A01
200600063120,0,05,000,00,2,1,01,A01
200600063120,0,10,000,00,2,4,01,B01
200600063121,0,04,000,00,2,3,09,A01
200600063121,0,04,000,00,2,1,01,B01
200600063122,0,07,000,00,2,1,01,B01