Num_Acc,senc,catv,occutc,obs,obsm,choc,manv,num_veh
200600063510,0,02,000,00,1,1,01,A01
200600063511,0,04,000,00,2,3,01,A01
200600063511,0,07,000,00,2,2,16,B01
200600063512,0,02,000,00,2,2,10,A01
200600063512,0,07,000,00,2,1,01,B01
200600063513,0,05,000,12,0,1,01,A01
200600063514,0,10,000,00,2,1,01,A01
200600063514,0,07,000,00,2,4,01,B01
200600063515,0,02,000,00,1,1,01,A01
200600063516,0,14,000,00,2,2,15,A01
200600063516,0,02,000,00,2,1,01,B01
200600063517,0,07,000,00,1,1,01,A01
200600063518,0,07,000,00,2,2,15,A01
200600063518,0,02,000,00,2,1,01,B01
200600063519,0,07,000,00,2,2,16,A01
200600063519,0,04,000,00,2,6,01,B01
200600063520,0,07,000,09,2,1,01,A01
200600063520,0,07,000,00,2,3,01,B01
200600063521,0,07,000,00,2,8,01,B01
200600063521,0,07,000,00,2,2,01,A01
200600063522,0,07,000,00,2,1,01,B01
200600063522,0,07,000,00,2,1,05,A01
200600063523,0,07,000,00,1,1,01,A01
200600063524,0,14,000,00,2,8,13,A01
200600063524,0,04,000,00,2,2,01,B01
200600063525,0,02,000,00,0,0,01,A01
200600063526,0,05,000,00,2,5,17,A01
200600063526,0,07,000,00,2,8,15,B01
200600063527,0,05,000,00,1,1,01,A01
200600063528,0,05,000,00,2,2,01,A01
200600063528,0,07,000,00,2,8,01,B01
200600063529,0,02,000,00,0,1,01,A01
200600063530,0,07,000,00,1,1,01,A01
200600063531,0,02,000,00,2,3,01,B01
200600063531,0,10,000,00,2,2,01,A01
200600063532,0,07,000,00,2,7,22,A01
200600063532,0,04,000,00,2,6,18,B01
200600063533,0,04,000,09,0,1,01,A01
200600063534,0,07,000,00,1,1,01,A01
200600063535,0,05,000,00,0,0,01,A01
200600063536,0,07,000,00,2,8,10,A01
200600063536,0,04,000,00,2,1,01,B01
200600063537,0,07,000,00,2,8,15,A01
200600063537,0,05,000,00,2,1,01,B01
200600063538,0,04,000,00,2,8,01,B01
200600063538,0,07,000,00,2,2,01,A01
200600063539,0,07,000,00,2,1,15,A01
200600063539,0,07,000,00,2,1,01,B01
200600063539,0,05,000,00,2,1,01,C01
200600063540,0,07,000,00,1,1,01,A01
200600063541,0,07,000,00,2,3,01,B01
200600063541,0,07,000,00,2,2,01,A01
200600063542,0,02,000,00,0,2,21,A01
200600063543,1,07,000,00,2,1,00,A01
200600063543,0,05,000,00,2,4,01,B01
200600063543,0,07,000,00,2,4,01,C01
200600063544,0,07,000,00,1,1,01,A01
200600063545,0,07,000,00,2,8,22,A01
200600063545,0,05,000,00,2,1,16,B01
200600063546,0,18,000,00,2,3,13,A01
200600063546,0,01,000,00,2,2,21,B01
200600063546,0,07,000,00,2,1,01,C01
200600063547,0,07,000,00,2,2,16,A01
200600063547,0,05,000,00,2,3,01,B01
200600063548,0,07,000,00,2,8,15,A01
200600063548,0,05,000,00,2,2,01,B01
200600063549,0,07,000,00,2,2,16,A01
200600063549,0,01,000,00,2,6,01,B01
200600063550,0,05,000,00,2,3,07,A01
200600063550,0,10,000,00,2,7,16,B01
200600063551,0,05,000,00,0,0,21,A01
200600063552,0,07,000,12,0,1,01,A01
200600063553,0,05,000,00,2,1,02,A01
200600063553,0,05,000,00,2,4,02,B01
200600063554,0,04,000,00,0,0,21,A01
200600063555,0,01,000,00,2,6,11,A01
200600063555,0,05,000,00,2,2,01,B01
200600063556,0,01,000,00,2,3,18,A01
200600063556,0,10,000,00,2,5,01,B01
200600063557,0,07,000,00,2,8,01,B01
200600063557,0,02,000,00,2,1,01,A01
200600063558,0,07,000,00,1,1,16,A01
200600063559,0,07,000,00,2,2,14,A01
200600063559,0,02,000,00,2,3,01,B01
200600063560,0,07,000,00,2,1,02,A01
200600063560,0,07,000,00,2,4,23,B01
200600063561,0,14,000,00,2,2,15,A01
200600063561,0,04,000,00,2,1,23,B01
200600063562,0,04,000,01,0,1,01,A01
200600063563,1,07,000,00,2,5,00,A01
200600063563,0,02,000,00,2,3,12,B01
200600063564,1,05,000,00,2,1,00,A01
200600063564,0,05,000,00,2,3,01,B01
200600063565,0,07,000,00,2,2,15,A01
200600063565,0,05,000,00,2,1,01,B01
200600063566,0,07,000,00,1,5,01,A01
200600063567,0,05,000,00,2,1,01,A01
200600063567,0,07,000,00,2,4,12,B01
200600063568,0,10,000,00,2,1,02,A01
200600063568,0,05,000,00,2,4,23,B01
200600063569,0,07,000,00,2,2,10,A01
200600063569,0,05,000,00,2,3,01,B01
200600063570,0,07,000,00,2,2,01,A01
200600063570,0,04,000,00,2,1,01,B01
200600063571,0,02,000,00,2,3,02,A01
200600063571,0,04,000,00,2,1,01,B01
200600063572,0,05,000,00,2,3,03,A01
200600063572,0,18,000,00,2,5,01,B01
200600063573,0,07,000,00,2,6,15,B01
200600063573,0,04,000,00,2,3,05,A01
200600063574,0,04,000,00,2,4,17,A01
200600063574,0,02,000,00,2,2,01,B01
200600063575,0,10,000,00,2,7,16,A01
200600063575,0,05,000,00,2,2,01,B01
200600063576,0,07,000,00,2,2,16,A01
200600063576,0,04,000,00,2,3,01,B01
200600063577,0,07,000,00,1,1,01,A01
200600063578,0,07,000,00,2,6,09,A01
200600063578,0,04,000,00,2,1,01,B01
200600063579,0,04,000,00,2,3,11,A01
200600063579,0,07,000,00,2,7,15,B01
200600063580,0,05,000,00,0,0,01,A01
200600063581,0,07,000,01,0,2,01,A01
200600063581,0,10,000,00,2,4,24,B01
200600063582,0,05,000,00,1,1,01,A01
200600063583,0,07,000,00,2,1,15,A01
200600063583,0,02,000,00,2,1,01,B01
200600063584,0,07,000,00,1,4,04,A01
200600063585,0,07,000,00,2,2,15,A01
200600063585,0,05,000,00,2,1,01,B01
200600063586,0,10,000,00,2,8,11,A01
200600063586,0,05,000,00,2,2,01,B01
200600063587,0,05,000,00,2,2,05,A01
200600063587,0,07,000,00,2,8,21,B01
200600063588,0,05,000,00,1,2,01,A01
200600063589,0,07,000,00,1,3,15,A01
200600063590,0,07,000,02,0,3,01,A01
200600063591,0,02,000,00,1,1,01,A01
200600063592,0,05,000,00,1,1,01,A01
200600063593,0,07,000,00,2,3,10,A01
200600063593,0,02,000,00,2,2,01,B01
200600063594,0,05,000,00,0,0,17,A01
200600063595,0,07,000,00,1,1,01,A01
200600063596,0,05,000,00,0,0,21,A01
200600063597,0,05,000,00,0,0,21,A01
200600063598,0,05,000,00,1,1,01,A01
200600063599,0,03,000,00,2,2,12,A01
200600063599,0,04,000,00,2,6,01,B01
200600063599,0,07,000,00,2,4,01,C01
200600063600,0,07,000,00,2,8,15,A01
200600063600,0,05,000,00,2,2,01,B01
200600063601,0,10,000,00,1,1,01,A01
200600063602,0,05,000,00,2,3,18,A01
200600063602,0,07,000,00,2,7,16,B01
200600063603,0,07,000,00,2,1,01,A01
200600063603,0,05,000,01,2,4,01,B01
200600063604,0,07,000,07,0,1,15,A01
200600063605,0,01,000,00,2,1,01,A01
200600063605,0,01,000,00,2,4,01,B01
200600063605,0,01,000,00,2,4,01,C01
200600063605,0,01,000,00,2,4,01,D01
200600063605,0,01,000,00,2,4,01,E01
200600063606,0,07,000,00,2,2,01,A01
200600063606,0,02,000,00,2,1,01,B01
200600063607,0,07,000,00,2,2,15,A01
200600063607,0,05,000,00,2,1,01,B01
200600063608,0,04,000,00,0,0,01,A01
200600063609,0,07,000,00,2,1,01,B01
200600063609,0,05,000,00,2,2,01,A01
200600063610,0,07,000,00,2,2,12,A01
200600063610,0,05,000,00,2,3,01,B01
200600063611,2,07,000,00,2,2,00,A01
200600063611,0,02,000,00,2,1,01,B01
200600063612,0,02,000,00,2,3,01,A01
200600063612,0,07,000,00,2,2,16,B01
200600063613,0,07,000,00,2,8,01,A01
200600063613,0,07,000,00,2,1,01,B01
200600063614,0,02,000,00,2,1,01,A01
200600063614,0,07,000,00,2,4,01,B01
200600063615,0,02,000,00,0,0,01,A01
200600063616,0,07,000,00,1,4,04,A01
200600063617,0,07,000,00,2,1,05,A01
200600063617,0,01,000,00,2,1,01,B01
200600063618,0,07,000,00,2,1,01,B01
200600063618,0,02,000,00,2,3,01,A01
200600063619,0,07,000,00,2,2,10,A01
200600063619,0,01,000,00,2,1,01,B01
200600063620,0,07,000,01,0,1,01,A01
200600063621,0,04,000,00,2,2,17,A01
200600063621,0,07,000,00,2,8,15,B01
200600063622,0,07,000,00,1,1,01,A01
200600063623,0,07,000,00,2,2,15,A01
200600063623,0,04,000,00,2,1,01,B01
200600063624,0,05,000,00,2,1,01,A01
200600063624,0,07,000,00,2,4,23,B01
200600063625,0,07,000,00,2,8,15,A01
200600063625,0,01,000,00,2,2,17,B01
200600063626,0,07,000,00,2,1,01,A01
200600063626,0,07,000,00,2,4,01,B01
200600063627,0,07,000,00,1,1,01,A01
200600063628,0,07,000,00,1,1,01,A01
200600063629,0,07,000,00,2,7,16,A01
200600063629,0,04,000,00,2,3,01,B01
200600063630,0,05,000,01,0,3,18,A01
200600063630,0,10,000,00,2,5,24,B01
200600063631,0,02,000,00,2,1,21,A01
200600063631,0,07,000,00,2,4,23,B01
200600063632,0,04,000,00,0,0,01,A01
200600063633,1,07,000,00,2,4,00,A01
200600063633,0,02,000,00,2,1,01,B01
200600063634,0,02,000,00,2,3,19,A01
200600063634,0,02,000,00,2,1,01,B01
200600063635,0,01,000,00,2,3,18,A01
200600063635,0,07,000,00,2,2,01,B01
200600063636,0,07,000,00,1,1,01,A01
200600063637,0,04,000,00,2,2,14,A01
200600063637,0,07,000,00,2,8,01,B01
200600063638,0,02,000,07,0,3,16,A01
200600063639,1,07,000,01,0,0,00,A01
200600063639,0,07,000,00,2,4,24,B01
200600063640,0,14,000,00,1,1,16,A01
200600063641,0,10,000,00,1,2,16,A01
200600063642,0,02,000,00,0,0,01,A01
200600063643,0,02,000,00,2,2,01,A01
200600063643,0,02,000,00,2,1,01,B01
200600063644,0,07,000,00,2,2,15,A01
200600063644,0,04,000,00,2,1,01,B01
200600063645,0,07,000,00,2,1,02,A01
200600063645,0,04,000,00,2,4,01,B01
200600063646,0,05,000,00,0,0,01,A01
200600063647,0,10,000,00,2,3,15,A01
200600063647,0,04,000,00,2,2,01,B01
200600063648,0,07,000,00,2,3,09,A01
200600063648,0,04,000,00,2,2,01,B01
200600063649,0,07,000,00,1,1,24,A01
200600063650,0,07,000,07,0,3,01,A01
200600063651,0,04,000,00,0,0,01,A01
200600063652,0,05,000,00,2,2,01,A01
200600063652,0,07,000,00,2,8,01,B01
200600063653,0,07,000,00,1,2,01,A01
200600063654,1,02,000,00,1,1,00,A01
200600063655,0,02,000,00,2,3,18,A01
200600063655,0,07,000,00,2,2,01,B01
200600063656,0,05,000,00,2,4,12,A01
200600063656,0,10,000,00,2,1,01,B01
200600063657,0,01,000,00,2,3,05,A01
200600063657,0,04,000,00,2,1,20,B01
200600063658,0,07,000,00,2,2,10,A01
200600063658,0,05,000,00,2,1,01,B01
200600063659,0,07,000,00,1,1,01,A01
200600063660,0,07,000,00,2,1,01,A01
200600063660,0,10,000,01,2,4,01,B01
200600063661,0,07,000,00,2,8,10,A01
200600063661,0,18,000,00,2,2,01,B01
200600063662,0,07,000,00,2,1,15,A01
200600063662,0,04,000,00,2,1,01,B01
200600063663,0,02,000,00,0,0,01,A01
200600063664,0,07,000,00,2,1,01,A01
200600063664,0,07,000,00,2,4,01,B01
200600063665,0,07,000,00,1,1,16,A01
200600063666,0,07,000,00,2,8,10,A01
200600063666,0,02,000,00,2,2,01,B01
200600063667,0,10,000,00,2,8,15,A01
200600063667,0,02,000,00,2,1,01,B01
200600063668,0,10,000,00,2,8,15,A01
200600063668,0,02,000,00,2,2,01,B01
200600063669,0,05,000,00,2,1,01,A01
200600063669,0,07,000,00,2,2,15,B01
200600063670,0,02,000,00,2,1,01,A01
200600063670,0,07,000,00,2,4,16,B01
200600063671,0,10,000,00,2,8,01,B01
200600063671,0,04,000,00,2,2,01,A01
200600063672,0,07,000,00,2,8,22,A01
200600063672,0,01,000,00,2,1,01,B01
200600063673,0,10,000,00,2,8,22,A01
200600063673,0,05,000,00,2,2,01,B01
200600063674,0,07,000,00,2,5,16,A01
200600063674,0,02,000,00,2,6,01,B01
200600063675,0,07,000,00,1,1,01,A01
200600063676,0,07,000,00,2,3,09,A01
200600063676,0,05,000,00,2,2,01,B01
200600063676,0,07,000,00,2,1,01,C01
200600063677,0,07,000,00,2,2,01,B01
200600063677,0,07,000,00,2,8,01,A01
200600063678,0,07,000,01,0,1,01,A01
200600063679,0,04,000,00,2,3,18,A01
200600063679,0,10,000,00,2,5,01,B01
200600063680,1,07,000,01,1,1,00,A01
200600063681,0,07,000,00,1,1,01,A01
200600063682,0,02,000,00,1,1,01,A01
200600063683,0,07,000,00,2,8,15,A01
200600063683,0,05,000,00,2,2,01,B01
200600063684,0,01,000,00,2,3,19,A01
200600063684,0,04,000,00,2,1,01,B01
200600063685,1,07,000,00,2,8,00,A01
200600063685,0,04,000,01,2,2,01,B01
200600063686,0,05,000,00,1,1,01,A01
200600063687,0,01,000,00,2,3,18,A01
200600063687,0,14,000,00,2,7,01,B01
200600063687,0,07,000,00,2,8,01,C01
200600063688,0,02,000,00,2,1,01,A01
200600063688,0,07,000,00,2,4,01,B01
200600063689,0,18,000,00,2,3,22,A01
200600063689,0,01,000,00,2,2,01,B01
200600063690,0,05,000,00,2,6,15,A01
200600063690,0,05,000,00,2,2,01,B01
200600063691,0,01,000,00,2,2,21,A01
200600063691,0,07,000,00,2,6,01,B01
200600063692,0,07,000,00,1,1,01,A01
200600063693,0,02,000,00,0,0,15,A01
200600063694,0,05,000,00,2,3,01,B01
200600063694,0,07,000,00,2,1,01,A01
200600063695,0,05,000,00,1,1,01,A01
200600063696,0,05,000,00,1,3,21,A01
200600063697,0,07,000,00,1,7,16,A01
200600063698,0,07,000,00,1,1,09,A01
200600063699,0,07,000,02,0,1,01,A01
200600063700,0,07,000,00,1,1,01,A01
200600063701,0,07,000,00,2,2,02,A01
200600063701,0,04,000,00,2,4,02,B01
200600063701,0,07,000,00,2,4,01,C01
200600063702,0,02,000,00,2,1,01,A01
200600063702,0,10,000,00,2,7,20,B01
200600063703,0,02,000,00,2,3,01,A01
200600063703,0,07,000,00,2,2,16,B01
200600063704,0,07,000,00,2,7,22,A01
200600063704,0,05,000,00,2,6,01,B01
200600063705,0,07,000,00,2,2,15,A01
200600063705,0,04,000,00,2,1,01,B01
200600063706,0,18,000,00,2,1,01,A01
200600063706,0,18,000,00,2,4,01,B01
200600063707,0,07,000,00,1,1,15,A01
200600063708,0,05,000,00,0,0,01,A01
200600063709,0,05,000,12,0,1,01,A01
200600063710,1,07,000,00,2,5,00,A01
200600063710,0,05,000,00,2,3,03,B01
200600063711,0,07,000,00,2,2,01,A01
200600063711,0,04,000,00,2,3,01,B01
200600063712,1,07,000,00,2,8,00,A01
200600063712,0,07,000,00,2,2,01,B01
200600063713,0,05,000,00,2,2,17,A01
200600063713,0,07,000,00,2,8,15,B01
200600063714,0,02,000,00,2,1,07,A01
200600063714,0,18,000,00,2,4,01,B01
200600063715,0,05,000,00,0,0,21,A01
200600063716,0,02,000,00,0,0,21,A01
200600063717,0,07,000,00,2,2,12,A01
200600063717,0,04,000,00,2,6,01,B01
200600063718,0,14,000,00,2,7,22,A01
200600063718,0,01,000,00,2,6,01,B01
200600063719,0,05,000,00,2,1,01,B01
200600063719,0,07,000,00,2,3,01,A01
200600063720,0,04,000,00,0,0,21,A01
200600063721,0,07,000,00,2,2,12,A01
200600063721,0,04,000,00,2,6,01,B01
200600063722,0,07,000,00,1,1,15,A01
200600063723,0,07,000,00,2,1,01,A01
200600063723,0,04,000,00,2,3,01,B01
200600063724,0,05,000,00,2,2,17,A01
200600063724,0,07,000,00,2,8,15,B01
200600063725,0,07,000,00,1,4,04,A01
200600063726,0,07,000,00,2,3,09,A01
200600063726,0,04,000,00,2,2,01,B01
200600063727,0,14,000,00,1,1,01,A01
200600063728,0,14,000,00,2,1,01,A01
200600063728,0,04,000,00,2,4,01,B01
200600063729,1,10,000,00,2,7,00,A01
200600063729,0,05,000,01,2,6,01,B01
200600063730,0,07,000,08,2,2,01,A01
200600063730,0,07,000,00,2,3,01,B01
200600063731,0,02,000,12,0,1,16,A01
200600063732,0,03,000,00,2,4,15,A01
200600063732,0,04,000,00,2,3,15,B01
200600063733,0,04,000,00,2,4,15,A01
200600063733,0,07,000,00,2,2,01,B01
200600063734,0,07,000,00,2,3,13,A01
200600063734,0,04,000,00,2,2,17,B01
200600063735,0,07,000,00,2,1,15,A01
200600063735,0,02,000,00,2,1,01,B01
200600063736,1,07,000,00,2,0,00,A01
200600063736,0,02,000,00,2,3,01,B01
200600063737,0,02,000,00,2,2,15,A01
200600063737,0,02,000,00,2,1,01,B01
200600063738,0,07,000,00,2,8,10,A01
200600063738,0,05,000,00,2,1,01,B01
200600063739,0,02,000,00,2,2,15,A01
200600063739,0,05,000,00,2,3,01,B01
200600063740,1,02,000,00,1,0,00,A01
200600063741,0,07,000,00,1,4,04,A01
200600063742,0,05,000,00,0,0,21,A01
200600063743,0,07,000,00,2,3,11,A01
200600063743,0,02,000,00,2,2,01,B01
200600063744,1,07,000,00,2,2,00,A01
200600063744,0,05,000,00,2,3,01,B01
200600063745,0,02,000,08,0,1,01,A01
200600063746,0,07,000,00,1,1,01,A01
200600063747,0,01,000,14,0,1,01,A01
200600063748,0,18,000,00,1,1,16,A01
200600063749,0,07,000,00,2,3,11,A01
200600063749,0,05,000,00,2,2,01,B01
200600063750,0,07,000,00,2,1,01,B01
200600063750,0,07,000,00,2,2,01,A01
200600063751,0,04,000,00,0,0,01,A01
200600063752,0,04,000,00,2,3,18,A01
200600063752,0,07,000,00,2,2,01,B01
200600063753,0,07,000,00,2,3,09,A01
200600063753,0,02,000,00,2,2,01,B01
200600063754,0,18,000,00,1,1,01,A01
200600063755,0,05,000,09,0,1,01,A01
200600063755,0,04,000,00,0,0,01,B01
200600063756,1,07,000,09,1,1,00,A01
200600063757,0,07,000,00,2,1,01,A01
200600063757,0,07,000,00,2,1,01,B01
200600063758,0,02,000,00,2,3,18,A01
200600063758,0,07,000,00,2,7,01,B01
200600063759,0,07,000,00,2,1,01,A01
200600063759,0,07,000,00,2,4,01,B01
200600063760,1,07,000,00,2,4,00,A01
200600063760,0,02,000,00,2,1,01,B01
200600063761,0,07,000,00,1,1,01,A01
200600063762,0,07,000,00,2,8,22,A01
200600063762,0,04,000,00,2,2,01,B01
200600063763,0,04,000,00,1,1,01,A01
200600063764,0,02,000,00,1,1,01,A01
200600063765,0,04,000,00,2,3,01,A01
200600063765,0,07,000,00,2,2,16,B01
200600063766,0,10,000,00,2,8,10,A01
200600063766,0,05,000,00,2,2,01,B01
200600063767,0,05,000,00,2,3,18,A01
200600063767,0,18,000,00,2,2,12,B01
200600063768,0,18,000,00,1,3,01,A01
200600063769,0,01,000,00,2,1,01,A01
200600063769,0,01,000,00,2,4,01,B01
200600063770,0,07,000,00,1,2,01,A01
200600063771,0,07,000,00,2,1,01,A01
200600063771,0,05,000,00,2,4,01,B01
200600063772,0,07,000,00,2,8,15,A01
200600063772,0,02,000,00,2,1,01,B01
200600063773,0,05,000,00,2,2,16,A01
200600063773,0,02,000,00,2,6,01,B01
200600063774,0,07,000,09,0,1,01,A01
200600063775,0,10,000,00,2,7,09,A01
200600063775,0,02,000,00,2,1,01,B01
200600063776,0,10,000,00,1,1,01,A01
200600063777,0,05,000,09,0,1,01,A01
200600063778,1,07,000,00,2,0,00,A01
200600063778,0,02,000,00,2,2,01,B01
200600063779,0,07,000,00,2,8,10,A01
200600063779,0,04,000,00,2,2,01,B01
200600063780,0,02,000,00,0,0,21,A01
200600063781,0,04,000,00,0,0,21,A01
200600063782,0,01,000,00,2,3,01,A01
200600063782,0,07,000,00,2,1,01,B01
200600063783,0,07,000,00,1,4,20,A01
200600063784,0,02,000,00,2,2,17,A01
200600063784,0,07,000,00,2,8,15,B01
200600063785,0,07,000,00,2,8,10,A01
200600063785,0,04,000,00,2,2,01,B01
200600063786,0,05,000,14,0,1,01,A01
200600063787,0,10,000,00,2,1,01,B01
200600063787,0,10,000,00,2,2,01,A01
200600063788,0,02,000,14,0,1,01,A01
200600063789,0,10,000,00,2,8,11,A01
200600063789,0,02,000,00,2,2,01,B01
200600063790,0,07,000,00,1,4,04,A01
200600063791,0,07,000,07,0,1,16,A01
200600063792,0,07,000,00,2,3,09,A01
200600063792,0,02,000,00,2,1,01,B01
200600063793,0,07,000,00,2,1,01,B01
200600063793,0,02,000,00,2,2,01,A01
200600063794,0,07,000,00,2,2,15,A01
200600063794,0,05,000,00,2,1,01,B01
200600063795,0,02,000,00,2,3,01,A01
200600063795,0,18,000,00,2,2,16,B01
200600063796,0,02,000,00,1,1,01,A01
200600063797,0,05,000,00,1,1,15,A01
200600063798,0,02,000,00,2,2,17,A01
200600063798,0,07,000,00,2,8,15,B01
200600063799,0,05,000,00,2,2,01,A01
200600063799,0,02,000,00,2,1,15,B01
200600063800,1,07,000,00,1,1,00,A01
200600063801,0,10,000,00,1,1,04,A01
200600063802,0,05,000,04,0,1,01,A01
200600063803,0,07,000,00,2,1,01,A01
200600063803,0,07,000,00,2,4,01,B01
200600063803,0,05,000,00,2,2,01,C01
200600063804,0,10,000,00,2,1,01,A01
200600063804,0,07,000,00,2,4,01,B01
200600063805,1,07,000,00,2,5,00,A01
200600063805,0,05,000,00,2,3,01,B01
200600063806,0,05,000,00,2,1,01,A01
200600063806,0,07,000,00,2,4,01,B01
200600063806,0,07,000,00,2,7,01,C01
200600063807,0,05,000,00,0,1,01,A01
200600063808,0,07,000,00,2,7,12,A01
200600063808,0,05,000,00,2,3,01,B01
200600063809,0,07,000,00,2,3,11,A01
200600063809,0,05,000,00,2,1,01,B01
200600063809,0,07,000,00,2,3,01,C01
200600063810,0,07,000,00,2,4,23,A01
200600063810,0,07,000,00,2,1,01,B01
200600063811,0,10,000,00,2,2,15,A01
200600063811,0,02,000,00,2,1,01,B01
200600063812,0,07,000,00,2,1,02,A01
200600063812,0,10,000,00,2,4,02,B01
200600063813,0,07,000,00,2,2,12,A01
200600063813,0,04,000,00,2,3,01,B01
200600063814,0,17,000,00,2,5,01,A01
200600063814,0,05,000,06,2,3,09,B01
200600063815,0,05,000,00,0,0,21,A01
200600063816,0,07,000,00,2,7,12,A01
200600063816,0,05,000,00,2,3,03,B01
200600063817,0,07,000,00,2,1,01,A01
200600063817,0,07,000,00,2,4,01,B01
200600063818,0,07,000,00,2,8,20,A01
200600063818,0,05,000,00,2,2,01,B01
200600063819,0,03,000,00,0,0,01,A01
200600063820,0,07,000,00,2,2,09,A01
200600063820,0,02,000,00,2,3,01,B01
200600063821,0,05,000,00,0,0,21,A01
200600063822,0,01,000,00,0,0,21,A01
200600063823,0,04,000,00,2,1,01,A01
200600063823,0,07,000,00,2,4,01,B01
200600063824,0,02,000,00,2,1,01,A01
200600063824,0,10,000,00,2,4,23,B01
200600063825,0,07,000,00,2,2,12,A01
200600063825,0,04,000,01,2,3,01,B01
200600063826,0,10,000,00,2,6,10,A01
200600063826,0,04,000,00,2,2,01,B01
200600063827,0,05,000,00,1,1,01,A01
200600063828,0,07,000,00,1,3,10,A01
200600063829,0,05,000,00,2,3,18,A01
200600063829,0,07,000,00,2,2,12,B01
200600063830,0,02,000,00,2,2,17,A01
200600063830,0,07,000,00,2,8,15,B01
200600063831,0,07,000,00,1,2,01,A01
200600063832,0,02,000,00,2,1,01,A01
200600063832,0,07,000,00,2,2,15,B01
200600063833,0,07,000,00,2,5,12,A01
200600063833,0,05,000,00,2,1,01,B01
200600063834,0,07,000,09,0,1,01,A01
200600063835,0,07,000,00,2,7,22,A01
200600063835,0,05,000,00,2,6,18,B01
200600063835,0,10,000,00,2,4,01,C01
200600063836,0,05,000,14,0,1,01,A01
200600063837,0,05,000,00,2,1,01,A01
200600063837,0,07,000,00,2,4,01,B01
200600063838,1,07,000,00,2,2,00,A01
200600063838,0,05,000,00,2,6,01,B01
200600063839,1,15,000,00,2,0,00,A01
200600063839,0,07,000,04,2,4,01,B01
200600063840,0,07,000,12,2,1,01,A01
200600063840,0,07,000,00,2,4,01,B01
200600063841,0,07,000,00,2,2,09,A01
200600063841,0,07,000,00,0,8,23,B01
200600063842,0,10,000,00,1,0,15,A01
200600063843,0,07,000,00,2,1,11,A01
200600063843,0,07,000,00,2,1,01,B01
200600063844,0,07,000,00,2,3,15,A01
200600063844,0,30,000,00,2,1,01,B01
200600063845,0,30,000,00,2,1,01,B01
200600063845,0,07,000,00,2,2,15,A01
200600063846,0,07,000,00,2,2,15,A01
200600063846,0,07,000,00,2,3,01,B01
200600063847,0,07,000,00,2,7,15,A01
200600063847,0,02,000,00,2,1,01,B01
200600063848,0,07,000,00,2,1,01,A01
200600063848,0,07,000,00,2,8,01,B01
200600063849,0,07,000,00,1,2,01,A01
200600063850,0,07,000,03,0,9,01,A01
200600063851,0,07,000,00,2,2,01,A01
200600063851,0,01,000,00,2,4,00,B01
200600063852,0,07,000,00,2,2,01,B01
200600063852,0,01,000,00,2,1,19,A01
200600063853,0,07,000,00,1,3,01,A01
200600063854,0,07,000,00,2,1,01,B01
200600063854,0,30,000,00,2,8,01,A01
200600063855,0,02,000,00,2,1,17,A01
200600063855,0,07,000,00,2,3,15,B01
200600063856,0,07,000,00,1,1,01,A01
200600063857,0,07,000,00,2,2,05,A01
200600063857,0,30,000,00,2,1,01,B01
200600063858,0,07,000,00,1,1,01,A01
200600063859,0,07,000,00,2,1,02,A01
200600063859,0,07,000,00,2,4,02,B01
200600063859,0,07,000,00,2,4,02,C01
200600063860,0,02,000,00,2,6,15,A01
200600063860,0,07,000,00,2,3,01,B01
200600063861,0,07,000,00,2,1,01,A01
200600063861,0,07,000,00,2,4,23,B01
200600063862,0,07,000,00,2,3,00,A01
200600063862,0,07,000,00,2,3,01,B01
200600063863,0,02,000,00,2,1,02,A01
200600063863,0,07,000,00,2,4,23,B01
200600063864,0,02,000,00,2,1,17,A01
200600063864,0,07,000,00,2,1,01,B01
200600063865,0,07,000,00,1,6,04,A01
200600063866,0,02,000,08,0,9,21,A01
200600063867,0,07,000,00,2,1,01,A01
200600063867,0,07,000,00,2,3,01,B01
200600063868,0,02,000,00,2,1,01,A01
200600063868,0,07,000,00,2,4,01,B01
200600063869,0,07,000,13,0,0,01,A01
200600063870,0,01,000,00,0,0,00,A01
200600063870,0,07,000,02,2,1,01,B01
200600063871,0,02,000,00,2,1,01,A01
200600063871,0,07,000,00,2,5,16,B01
200600063872,0,07,000,00,9,3,09,A01
200600063872,0,01,000,00,2,7,01,B01
200600063873,0,07,000,12,2,2,01,A01
200600063873,0,07,000,06,0,8,02,B01
200600063874,0,33,000,00,2,2,01,B01
200600063874,0,31,000,00,9,8,13,A01
200600063875,0,07,000,13,0,9,01,A01
200600063876,0,02,000,00,2,1,01,A01
200600063876,0,07,000,00,2,3,02,B01
200600063877,0,07,000,00,1,1,01,A01
200600063878,0,07,000,00,2,1,17,A01
200600063878,0,02,000,00,0,0,00,B01
200600063879,1,07,000,00,2,6,15,A01
200600063879,0,02,000,00,2,1,17,B01
200600063880,0,07,000,00,2,3,15,A01
200600063880,0,05,000,00,2,1,01,B01
200600063881,0,07,000,00,2,1,01,A01
200600063881,0,07,000,00,2,3,15,B01
200600063882,0,02,000,00,2,1,00,A01
200600063882,0,07,000,00,2,3,01,B01
200600063883,0,07,000,00,2,2,00,A01
200600063883,0,02,000,00,2,8,00,B01
200600063884,0,02,000,02,0,1,01,A01
200600063885,0,07,000,00,2,2,17,A01
200600063885,0,02,000,00,2,3,15,B01
200600063886,0,07,000,00,2,2,02,A01