Num_Acc,senc,catv,occutc,obs,obsm,choc,manv,num_veh
200600063886,0,07,000,00,2,4,02,B01
200600063887,0,02,000,00,1,2,00,A01
200600063888,0,33,000,04,0,7,01,A01
200600063889,0,02,000,00,2,2,15,A01
200600063890,0,07,000,02,2,1,16,A01
200600063890,0,07,000,12,2,8,01,B01
200600063891,0,07,000,02,0,1,01,A01
200600063892,0,02,000,00,2,8,15,A01
200600063892,0,07,000,00,2,1,01,B01
200600063893,0,15,000,09,0,0,01,A01
200600063894,0,07,000,03,2,1,01,A01
200600063894,0,07,000,00,2,4,04,B01
200600063895,2,07,000,08,2,2,01,A01
200600063895,0,33,000,00,2,4,16,B01
200600063896,0,07,000,00,2,6,15,A01
200600063896,0,02,000,12,2,7,15,B01
200600063897,0,33,000,00,2,7,17,A01
200600063897,0,07,000,00,2,8,15,B01
200600063898,0,07,000,00,2,7,13,A01
200600063898,0,07,000,00,2,1,01,B01
200600063898,0,07,000,00,2,1,01,C01
200600063899,0,07,000,00,1,3,01,A01
200600063900,0,33,000,00,2,1,02,A01
200600063900,0,07,000,00,0,8,02,B01
200600063901,0,07,000,00,2,4,04,A01
200600063901,0,02,000,00,2,1,02,B01
200600063902,0,07,000,00,2,1,01,B01
200600063902,0,32,000,00,2,8,15,A01
200600063903,0,07,000,00,2,3,02,A01
200600063903,0,07,000,00,0,5,23,B01
200600063904,0,07,000,00,2,1,01,A01
200600063904,0,07,000,00,2,3,15,B01
200600063905,0,07,000,00,2,3,01,A01
200600063905,0,07,000,00,2,4,15,B01
200600063905,0,07,000,00,2,3,01,C01
200600063906,0,02,000,00,2,7,00,A01
200600063906,0,07,000,00,0,6,01,B01
200600063907,0,31,000,00,2,1,02,A01
200600063907,0,07,000,00,2,4,02,B01
200600063908,0,07,000,00,2,1,01,A01
200600063908,0,07,000,00,2,4,15,B01
200600063909,0,07,000,00,2,3,19,A01
200600063909,0,07,000,00,2,3,01,B01
200600063910,0,07,000,00,1,3,00,A01
200600063911,0,07,000,15,2,2,13,A01
200600063911,0,07,000,00,2,1,00,B01
200600063912,0,07,000,00,2,3,01,B01
200600063912,0,07,000,00,2,2,15,A01
200600063913,0,07,000,08,0,8,02,A01
200600063914,0,07,000,04,0,9,01,A01
200600063915,0,07,000,00,1,1,01,A01
200600063916,0,07,000,00,2,4,11,A01
200600063916,0,33,000,00,2,1,01,B01
200600063917,0,07,000,00,2,7,15,A01
200600063917,0,33,000,00,2,1,01,B01
200600063918,0,07,000,00,1,1,01,A01
200600063919,0,07,000,06,2,1,02,A01
200600063919,0,07,000,00,0,5,01,B01
200600063919,0,07,000,08,0,6,01,C01
200600063920,0,07,000,00,2,7,15,A01
200600063920,0,07,000,00,2,1,01,B01
200600063921,0,31,000,00,2,1,01,B01
200600063921,0,07,000,00,2,3,16,A01
200600063922,0,01,000,12,0,1,01,A01
200600063923,0,07,000,00,2,3,05,A01
200600063923,0,33,000,00,2,1,01,B01
200600063924,0,07,000,00,1,7,01,A01
200600063925,0,07,000,00,2,3,13,A01
200600063925,0,02,000,00,2,3,01,B01
200600063926,0,07,000,00,2,3,15,A01
200600063926,0,30,000,00,2,1,01,B01
200600063927,0,07,000,06,0,1,01,A01
200600063928,0,07,000,00,1,7,01,A01
200600063929,0,07,000,00,2,7,15,A01
200600063929,0,07,000,00,2,1,01,B01
200600063930,0,07,000,00,2,8,09,A01
200600063930,0,02,000,00,2,1,01,B01
200600063931,0,02,000,00,0,1,00,A01
200600063931,0,07,000,00,0,8,00,B01
200600063932,0,07,000,00,0,6,15,B01
200600063932,0,02,000,00,2,1,13,A01
200600063933,0,07,000,00,1,1,02,A01
200600063934,0,32,000,00,2,8,17,A01
200600063934,0,07,000,00,0,8,15,B01
200600063935,1,07,000,00,1,0,01,A01
200600063936,0,07,000,08,0,1,00,A01
200600063937,0,10,000,15,0,1,01,A01
200600063938,0,07,000,09,0,3,01,A01
200600063939,0,07,000,00,1,1,01,A01
200600063940,0,07,000,00,1,3,15,A01
200600063941,0,07,000,00,0,5,10,A01
200600063941,0,07,000,00,2,1,00,B01
200600063941,0,07,000,00,2,0,01,C01
200600063942,0,02,000,00,2,7,01,A01
200600063942,0,07,000,00,2,1,02,B01
200600063943,0,07,000,03,2,1,02,A01
200600063943,0,03,000,03,0,4,02,B01
200600063944,0,02,000,14,2,3,02,A01
200600063944,0,07,000,00,0,6,02,B01
200600063945,0,07,000,00,2,1,01,B01
200600063945,0,32,000,00,2,3,09,A01
200600063946,0,07,000,00,1,3,01,A01
200600063947,0,01,000,00,2,8,19,A01
200600063947,0,07,000,00,9,1,01,B01
200600063948,0,07,000,00,2,8,01,B01
200600063948,0,07,000,00,0,2,09,A01
200600063949,0,01,000,00,2,3,19,B01
200600063949,0,07,000,00,2,3,16,A01
200600063950,0,07,000,00,0,6,15,A01
200600063950,0,30,000,00,2,1,17,B01
200600063951,0,07,000,00,2,1,01,B01
200600063951,0,32,000,00,2,1,01,A01
200600063952,0,07,000,00,2,2,00,A01
200600063952,0,07,000,00,2,1,00,B01
200600063953,0,07,000,00,2,1,02,B01
200600063953,0,30,000,00,2,1,17,A01
200600063954,0,07,000,00,1,2,00,A01
200600063955,0,07,000,00,0,7,15,A01
200600063955,0,01,000,00,0,1,01,B01
200600063956,0,07,000,00,1,4,04,A01
200600063957,0,07,000,00,2,2,19,A01
200600063957,0,33,000,00,2,1,01,B01
200600063958,0,15,000,03,0,1,01,A01
200600063958,0,07,000,00,0,0,01,B01
200600063959,0,07,000,04,2,7,00,B01
200600063959,0,30,000,00,2,1,15,A01
200600063960,0,07,000,00,2,3,15,A01
200600063960,0,31,000,00,2,1,17,B01
200600063961,0,30,000,00,2,1,01,A01
200600063961,0,07,000,00,2,3,15,B01
200600063962,0,07,000,01,0,1,01,A01
200600063963,0,07,000,00,2,3,01,A01
200600063963,0,07,000,00,2,3,01,B01
200600063964,0,07,000,00,2,7,01,B01
200600063964,0,02,000,00,2,1,01,A01
200600063965,0,07,000,00,2,6,11,A01
200600063965,0,33,000,00,2,1,01,B01
200600063966,0,07,000,00,2,2,12,A01
200600063966,0,33,000,00,2,8,17,B01
200600063967,0,10,000,00,2,4,23,C01
200600063967,0,10,000,00,2,5,11,A01
200600063967,0,17,000,00,2,3,01,B01
200600063968,0,07,000,00,2,3,01,B01
200600063968,0,07,000,00,2,3,17,A01
200600063969,0,07,000,00,2,3,01,A01
200600063969,0,07,000,00,2,3,01,B01
200600063970,0,14,000,00,2,1,01,A01
200600063970,0,01,000,00,2,7,01,B01
200600063971,0,07,000,08,2,8,01,B01
200600063971,2,07,000,00,2,1,02,A01
200600063972,0,07,000,00,2,1,01,A01
200600063972,0,07,000,00,2,6,01,B01
200600063973,0,13,000,00,2,1,02,A01
200600063973,0,07,000,00,2,4,02,B01
200600063974,0,07,000,00,2,1,01,A01
200600063974,0,07,000,00,2,4,23,B01
200600063974,0,07,000,00,0,4,23,C01
200600063975,0,01,000,00,2,3,11,A01
200600063975,0,10,000,00,2,2,11,B01
200600063976,0,07,000,15,0,0,14,A01
200600063977,0,07,000,00,2,2,16,A01
200600063977,0,01,000,00,2,1,19,B01
200600063978,0,33,000,00,0,8,21,A01
200600063979,0,30,000,00,2,1,01,B01
200600063979,0,07,000,00,2,1,09,A01
200600063980,0,30,000,01,0,6,01,A01
200600063981,0,07,000,00,2,1,02,A01
200600063981,0,07,000,00,2,4,02,B01
200600063981,0,07,000,00,0,4,02,C01
200600063982,0,07,000,00,2,3,13,A01
200600063982,0,01,000,00,2,2,16,B01
200600063983,0,30,000,00,0,8,01,A01
200600063984,0,33,000,00,2,1,09,A01
200600063984,0,07,000,00,2,2,21,B01
200600063985,0,07,000,01,0,1,14,A01
200600063986,0,10,000,00,1,1,20,A01
200600063987,0,13,000,00,2,3,09,A01
200600063987,0,10,000,00,0,5,01,B01
200600063988,0,33,000,00,1,1,13,A01
200600063989,0,31,000,00,2,1,01,B01
200600063989,0,10,000,00,2,5,09,A01
200600063990,0,07,000,02,0,1,13,A01
200600063991,0,33,000,00,2,1,01,B01
200600063991,0,07,000,00,2,7,09,A01
200600063992,0,30,000,12,0,7,14,A01
200600063993,0,07,000,04,0,3,05,A01
200600063994,0,07,000,00,2,4,04,A01
200600063994,0,34,000,00,2,7,02,B01
200600063995,0,07,000,00,6,9,02,A01
200600063996,0,30,000,00,2,2,01,A01
200600063996,0,07,000,00,9,3,16,B01
200600063997,0,10,000,00,2,1,02,A01
200600063997,0,07,000,00,2,4,02,B01
200600063998,0,07,000,00,2,5,02,A01
200600063998,0,07,000,00,2,1,02,B01
200600063999,0,07,000,00,1,2,02,A01
200600064000,0,37,002,00,1,1,00,A01
200600064001,0,07,000,15,0,1,02,A01
200600064002,0,02,000,00,2,1,01,A01
200600064002,0,07,000,00,2,1,10,B01
200600064003,0,07,000,00,0,3,00,A01
200600064004,0,07,000,02,0,3,00,A01
200600064005,2,07,000,08,0,8,00,A01
200600064006,0,07,000,00,2,1,01,A01
200600064006,0,07,000,00,2,8,01,B01
200600064007,0,07,000,00,1,1,01,A01
200600064008,0,07,000,00,0,3,00,B01
200600064008,0,02,000,00,0,1,17,A01
200600064009,0,02,000,00,2,1,17,A01
200600064009,0,07,000,00,2,3,01,B01
200600064010,0,07,000,00,2,1,02,A01
200600064010,0,07,000,00,2,1,02,B01
200600064010,0,07,000,00,2,4,02,C01
200600064011,0,01,000,00,1,1,00,A01
200600064012,0,07,000,00,2,2,01,A01
200600064012,0,07,000,00,2,3,16,B01
200600064013,0,07,000,00,2,2,00,A01
200600064013,0,07,000,00,2,0,00,B01
200600064014,0,07,000,00,2,1,01,A01
200600064014,0,07,000,00,2,1,02,B01
200600064014,0,07,000,00,2,4,02,C01
200600064015,0,07,000,00,2,8,01,A01
200600064015,0,15,000,00,2,3,23,B01
200600064016,0,07,000,00,1,1,01,A01
200600064017,0,33,000,11,0,8,01,A01
200600064018,0,07,000,00,1,4,04,A01
200600064019,0,31,000,00,2,1,17,A01
200600064019,0,07,000,00,2,3,15,B01
200600064020,0,14,000,00,2,2,15,A01
200600064020,0,10,000,00,2,3,01,B01
200600064021,0,07,000,00,2,1,02,A01
200600064021,0,07,000,00,2,4,02,B01
200600064022,0,30,000,00,2,1,05,A01
200600064022,0,07,000,00,2,2,01,B01
200600064023,0,30,000,00,2,1,01,A01
200600064023,0,01,000,00,2,1,01,B01
200600064024,0,07,000,01,2,1,14,A01
200600064024,0,07,000,01,2,3,01,B01
200600064025,0,33,000,00,2,8,01,B01
200600064025,0,07,000,00,2,8,17,A01
200600064026,0,07,000,00,1,2,01,A01
200600064027,0,07,000,00,2,1,02,A01
200600064027,0,07,000,00,2,4,02,B01
200600064028,0,07,000,00,2,4,01,A01
200600064028,0,03,000,00,0,4,02,B01
200600064029,0,33,000,00,1,0,01,A01
200600064030,0,07,000,00,2,5,16,A01
200600064030,0,10,000,00,2,3,01,B01
200600064031,1,07,000,00,2,7,17,A01
200600064031,0,07,000,02,2,8,01,B01
200600064031,0,07,000,00,9,1,02,C01
200600064032,0,07,000,00,2,3,13,A01
200600064032,0,07,000,00,2,6,01,B01
200600064032,0,07,000,00,2,1,01,C01
200600064033,0,07,000,00,2,8,10,A01
200600064033,0,33,000,00,2,7,17,B01
200600064034,0,33,000,01,2,8,01,A01
200600064034,0,07,000,00,2,2,15,B01
200600064035,0,07,000,00,2,1,15,B01
200600064035,0,07,000,00,2,1,01,A01
200600064036,0,10,000,00,2,1,01,B01
200600064036,0,07,000,00,2,3,01,A01
200600064037,0,07,000,00,1,3,01,A01
200600064037,0,07,000,00,1,1,01,B01
200600064038,0,02,000,00,1,1,01,A01
200600064039,0,07,000,00,2,3,15,A01
200600064039,0,33,000,00,2,7,17,B01
200600064040,0,07,000,00,2,1,09,A01
200600064040,0,07,000,00,2,7,01,B01
200600064041,0,07,000,00,2,1,01,A01
200600064041,0,07,000,00,0,4,23,B01
200600064042,0,07,000,00,2,1,01,A01
200600064042,0,07,000,00,2,7,01,B01
200600064043,0,01,000,00,2,1,01,A01
200600064043,0,07,000,00,9,8,01,B01
200600064044,0,07,000,00,2,8,19,A01
200600064044,0,33,000,00,2,1,01,B01
200600064045,0,07,000,00,1,2,15,A01
200600064046,0,07,000,00,1,2,01,A01
200600064047,0,33,000,00,0,5,17,A01
200600064047,0,07,000,00,2,1,15,B01
200600064048,0,07,000,00,2,1,01,A01
200600064048,0,07,000,00,2,1,01,B01
200600064049,0,33,000,00,2,1,02,B01
200600064049,0,07,000,00,0,5,09,A01
200600064050,0,07,000,01,1,4,04,A01
200600064051,0,07,000,00,1,4,04,A01
200600064052,0,07,000,00,0,0,16,A01
200600064053,0,20,000,00,2,8,19,A01
200600064053,0,07,000,00,2,1,01,B01
200600064054,1,07,000,00,1,8,15,A01
200600064055,0,07,000,00,2,5,17,A01
200600064055,0,18,001,00,2,8,23,B01
200600064056,0,02,000,00,2,1,18,A01
200600064056,0,07,000,00,2,7,15,B01
200600064057,0,07,000,00,1,1,16,A01
200600064058,0,14,000,00,1,3,01,A01
200600064059,0,07,000,00,9,7,15,A01
200600064059,0,33,000,00,2,1,01,B01
200600064060,0,30,000,02,0,1,13,A01
200600064061,0,07,000,00,2,1,01,B01
200600064061,0,07,000,00,2,8,01,A01
200600064062,0,10,000,00,2,1,19,A01
200600064062,0,07,000,00,2,8,01,B01
200600064063,0,07,000,00,2,0,00,A01
200600064063,0,02,000,00,2,1,01,B01
200600064064,0,07,000,00,2,1,01,A01
200600064064,0,07,000,00,2,4,01,B01
200600064065,0,10,000,00,1,4,04,A01
200600064066,0,02,000,00,2,1,01,A01
200600064066,0,10,000,00,2,1,01,B01
200600064067,1,02,000,00,1,1,01,A01
200600064068,0,07,000,02,0,1,01,A01
200600064069,0,10,000,00,2,1,15,A01
200600064069,0,01,000,00,2,1,15,B01
200600064070,0,07,000,00,2,2,15,A01
200600064070,0,07,000,00,2,3,01,B01
200600064071,0,07,000,00,2,3,01,A01
200600064071,0,07,000,00,2,3,01,B01
200600064072,0,07,000,01,1,2,01,A01
200600064073,0,30,000,00,2,1,01,A01
200600064073,0,07,000,00,2,3,15,B01
200600064074,0,07,000,00,1,2,01,A01
200600064075,0,07,000,00,2,7,15,A01
200600064075,0,07,000,00,2,1,01,B01
200600064076,0,07,000,08,0,1,01,A01
200600064077,0,10,000,00,1,1,01,A01
200600064078,0,10,000,00,2,1,15,A01
200600064078,0,33,000,00,2,1,01,B01
200600064079,0,10,000,00,2,1,15,A01
200600064079,0,02,000,00,2,1,01,B01
200600064080,0,07,000,00,2,1,01,A01
200600064080,0,07,000,00,2,4,01,B01
200600064081,0,33,000,11,0,1,01,A01
200600064082,0,07,000,00,2,1,16,A01
200600064082,0,36,000,00,2,1,15,B01
200600064083,0,07,000,00,2,1,01,A01
200600064083,0,07,000,00,2,4,01,B01
200600064083,0,10,000,00,2,4,01,C01
200600064084,0,10,000,00,1,2,01,A01
200600064085,0,07,000,00,2,5,01,A01
200600064085,0,30,000,00,2,1,01,B01
200600064086,0,07,000,00,2,1,15,A01
200600064086,0,01,000,00,2,1,01,B01
200600064087,0,01,000,00,2,1,05,A01
200600064087,0,07,000,00,2,3,01,B01
200600064088,0,01,000,00,2,1,01,A01
200600064088,0,07,000,00,2,2,15,B01
200600064089,0,07,000,00,2,2,01,A01
200600064089,0,07,000,00,2,1,15,B01
200600064090,0,15,000,00,0,0,17,A01
200600064090,0,07,000,16,0,8,01,B01
200600064091,0,07,000,00,2,0,15,A01
200600064091,0,02,000,16,0,7,01,B01
200600064092,0,07,000,00,2,1,01,A01
200600064092,0,07,000,00,2,7,01,B01
200600064093,0,02,000,00,2,1,17,A01
200600064093,0,07,000,00,2,3,15,B01
200600064094,0,10,000,00,2,2,01,A01
200600064094,0,01,000,00,2,4,01,B01
200600064095,0,30,000,00,1,1,01,A01
200600064096,0,15,000,00,2,2,01,A01
200600064096,0,01,000,00,2,6,00,B01
200600064097,0,07,000,13,0,1,19,A01
200600064098,0,30,000,01,0,1,01,A01
200600064099,0,07,000,00,2,3,15,A01
200600064099,0,02,000,00,2,1,01,B01
200600064100,1,07,000,00,2,1,16,A01
200600064100,0,02,000,00,2,4,01,B01
200600064101,0,30,000,00,2,1,13,A01
200600064101,0,07,000,00,2,3,01,B01
200600064102,0,07,000,00,2,1,01,A01
200600064102,0,07,000,00,2,4,23,B01
200600064103,0,07,000,13,0,1,16,A01
200600064104,0,02,000,00,2,7,16,A01
200600064104,0,07,000,00,2,8,01,B01
200600064105,0,07,000,00,2,3,09,A01
200600064105,0,01,000,00,2,1,15,B01
200600064106,0,01,000,00,2,1,01,A01
200600064106,0,07,000,00,2,7,01,B01
200600064107,1,07,000,00,2,8,18,A01
200600064107,0,07,000,02,2,7,01,B01
200600064108,0,07,000,00,2,6,15,A01
200600064108,0,33,000,00,2,1,15,B01
200600064109,0,07,000,12,2,1,01,A01
200600064109,0,07,000,12,2,8,01,B01
200600064110,0,07,000,00,2,8,01,B01
200600064110,0,01,000,00,2,1,09,A01
200600064111,0,07,000,00,2,1,01,A01
200600064111,0,07,000,00,2,4,23,B01
200600064111,0,07,000,00,2,4,23,C01
200600064112,0,07,000,13,0,1,13,A01
200600064113,0,03,000,00,1,3,02,A01
200600064114,0,07,000,02,5,5,21,A01
200600064115,1,07,000,00,1,7,04,A01
200600064116,0,30,000,00,5,3,21,A01
200600064117,0,07,000,00,2,2,17,A01
200600064117,0,10,000,00,2,3,01,B01
200600064118,0,07,000,06,0,1,15,A01
200600064119,0,07,000,00,2,3,15,A01
200600064119,0,31,000,00,2,8,01,B01
200600064120,0,07,000,00,2,1,01,A01
200600064120,0,07,000,00,2,4,01,B01
200600064121,0,07,000,00,2,1,19,A01
200600064121,0,07,000,00,2,2,01,B01
200600064122,0,99,000,00,2,1,00,A01
200600064122,0,37,020,00,2,7,01,B01
200600064123,0,30,000,00,2,1,01,A01
200600064123,1,07,000,00,2,4,02,B01
200600064124,0,07,000,13,0,1,01,A01
200600064125,0,07,000,00,2,7,01,A01
200600064125,0,01,000,00,2,8,19,B01
200600064126,0,07,000,00,2,4,02,A01
200600064127,0,07,000,00,2,1,01,A01
200600064127,0,10,000,00,2,8,19,B01
200600064128,0,07,000,00,2,3,17,A01
200600064128,0,07,000,00,2,3,01,B01
200600064129,0,32,000,01,2,1,02,A01
200600064129,0,07,000,00,2,2,02,B01
200600064130,0,33,000,00,2,8,15,A01
200600064130,0,07,000,00,2,3,23,B01
200600064131,0,33,000,00,2,1,13,A01
200600064131,0,01,000,00,2,8,01,B01
200600064132,0,33,000,00,2,1,01,A01
200600064132,0,07,000,00,2,7,10,B01
200600064133,0,31,000,00,2,1,01,A01
200600064133,0,07,000,00,2,1,15,B01
200600064134,0,07,000,00,1,1,15,A01
200600064135,0,07,000,00,2,1,13,A01
200600064135,0,07,000,00,2,1,01,B01
200600064136,0,07,000,00,2,1,15,A01
200600064136,0,07,000,00,2,1,02,B01
200600064137,0,01,000,00,2,8,19,A01
200600064137,0,07,000,00,9,1,21,B01
200600064138,0,07,000,00,2,2,15,A01
200600064138,0,31,000,00,2,3,18,B01
200600064139,0,07,000,00,1,1,01,A01
200600064140,0,07,000,00,2,3,15,A01
200600064140,0,33,000,00,2,1,01,B01
200600064141,0,02,000,00,2,1,16,A01
200600064141,0,01,000,00,2,1,15,B01
200600064142,0,07,000,00,2,2,19,A01
200600064142,0,34,000,00,2,2,01,B01
200600064143,0,07,000,00,2,3,06,A01
200600064143,0,07,000,00,2,3,00,B01
200600064144,0,33,000,00,0,9,01,A01
200600064145,0,07,000,00,1,0,15,A01
200600064146,0,32,000,00,2,1,19,B01
200600064146,0,07,000,00,2,2,11,A01
200600064147,0,02,000,00,2,1,13,A01
200600064147,0,07,000,00,9,3,23,B01
200600064148,0,33,000,00,2,2,01,B01
200600064148,0,07,000,00,2,2,19,A01
200600064149,0,30,000,00,2,1,01,A01
200600064149,0,07,000,00,0,4,02,B01
200600064150,0,02,000,00,2,1,01,B01
200600064150,0,07,000,00,0,3,00,A01
200600064151,0,07,000,00,0,4,23,C01
200600064151,0,07,000,00,2,4,02,B01
200600064151,0,07,000,00,2,1,02,A01
200600064152,0,33,000,01,2,1,17,A01
200600064152,0,07,000,00,2,3,20,B01
200600064153,0,07,000,00,1,0,00,A01
200600064154,0,07,000,00,1,1,01,A01
200600064155,0,07,000,00,2,1,15,A01
200600064155,0,33,000,00,2,1,01,B01
200600064156,0,07,000,00,1,1,01,A01
200600064157,0,07,000,00,1,1,01,A01
200600064158,0,32,000,01,9,1,01,A01
200600064158,0,01,000,00,2,0,19,B01
200600064158,0,37,000,00,2,8,23,C01
200600064159,0,07,000,00,2,1,01,A01
200600064159,0,07,000,00,2,1,01,B01
200600064159,0,07,000,00,2,1,01,C01
200600064160,0,07,000,00,2,3,01,B01
200600064160,0,30,000,00,2,1,01,A01
200600064161,0,14,000,00,1,2,01,A01
200600064162,0,32,000,00,1,1,12,A01
200600064163,0,07,000,00,2,1,02,A01
200600064163,0,07,000,00,2,4,01,B01
200600064164,0,07,000,06,0,1,00,A01
200600064165,0,10,000,00,1,2,01,A01
200600064166,0,10,000,00,1,5,04,A01
200600064167,1,07,000,00,1,1,17,A01
200600064168,0,07,000,00,1,2,01,A01
200600064169,0,30,000,00,2,1,02,A01
200600064169,0,07,000,00,0,4,23,B01
200600064170,0,07,000,00,1,3,02,A01
200600064171,0,07,000,00,2,8,15,A01
200600064171,0,30,000,00,2,1,21,B01
200600064172,0,07,000,00,1,2,02,A01
200600064173,0,07,000,15,2,1,01,A01
200600064173,0,07,000,00,2,7,01,B01
200600064174,0,07,000,00,2,6,15,A01
200600064174,0,31,000,08,2,8,17,B01
200600064175,0,07,000,00,2,2,09,A01
200600064175,0,33,000,00,2,1,01,B01
200600064176,0,07,000,00,1,4,04,A01
200600064177,0,07,000,00,1,2,16,A01
200600064178,0,07,000,00,2,8,01,B01
200600064178,0,07,000,00,2,3,13,A01
200600064179,0,07,000,00,0,1,01,A01
200600064179,0,07,000,00,0,8,01,B01
200600064179,0,07,000,00,2,0,01,C01
200600064180,0,30,000,00,2,1,17,A01
200600064180,0,07,000,00,0,3,15,B01
200600064181,0,30,000,00,2,1,02,A01
200600064181,0,07,000,00,2,4,02,B01
200600064182,0,07,000,00,2,7,16,A01
200600064182,0,33,000,00,2,1,01,B01
200600064183,0,07,000,00,2,8,01,A01
200600064183,1,07,000,00,0,0,00,B01
200600064184,0,33,000,00,1,1,01,A01
200600064185,0,10,000,00,0,4,01,A01
200600064185,0,10,000,00,2,1,01,B01
200600064186,0,07,000,00,2,2,15,A01
200600064186,0,31,000,00,2,3,02,B01
200600064187,0,07,000,00,2,1,15,A01
200600064187,0,33,000,00,2,1,01,B01
200600064188,1,99,000,00,1,0,00,A01
200600064189,0,01,000,00,1,1,17,A01
200600064190,0,33,000,00,2,1,07,A01
200600064190,0,07,000,00,2,2,16,B01
200600064191,0,33,000,00,2,6,02,A01
200600064191,0,07,000,00,0,4,15,B01
200600064192,0,07,000,00,2,1,02,A01
200600064192,0,07,000,00,2,4,02,B01
200600064193,0,07,000,00,1,1,01,A01
200600064194,0,02,000,15,2,7,13,B01
200600064194,0,07,000,00,2,2,15,A01
200600064195,0,34,000,00,2,1,07,A01
200600064195,0,07,000,00,0,0,16,B01
200600064196,0,07,000,00,2,3,15,A01
200600064196,0,30,000,00,2,1,01,B01
200600064197,0,99,000,00,2,1,02,A01
200600064197,0,07,000,00,0,4,02,B01
200600064198,0,07,000,00,2,8,10,A01
200600064198,0,07,000,00,2,2,01,B01
200600064199,0,31,000,00,0,0,00,A01
200600064199,1,07,000,00,0,0,00,B01
200600064200,0,30,000,00,2,7,01,A01
200600064200,0,07,000,00,2,3,10,B01
200600064201,0,07,000,00,2,5,16,A01
200600064201,0,01,000,00,2,8,18,B01
200600064202,0,07,000,08,0,2,01,A01
200600064203,0,07,000,08,0,3,13,A01
200600064204,0,10,000,00,1,0,00,A01
200600064205,0,10,000,00,1,3,01,A01
200600064206,0,33,000,00,2,1,01,A01
200600064206,0,07,000,00,2,1,19,B01
200600064206,0,07,000,00,2,6,23,C01
200600064207,0,02,000,00,2,1,18,A01
200600064207,0,07,000,00,2,5,15,B01
200600064208,0,07,000,00,2,4,04,A01
200600064208,0,30,000,00,2,1,01,B01
200600064209,0,07,000,00,2,2,16,A01
200600064209,0,05,000,00,2,1,01,B01
200600064210,0,13,000,01,0,1,01,A01
200600064210,0,07,000,00,0,4,23,B01
200600064211,0,13,000,00,2,7,12,A01
200600064211,0,33,000,15,2,1,01,B01
200600064212,0,07,000,00,2,2,15,A01
200600064212,0,30,000,00,2,1,01,B01
200600064213,0,07,000,00,2,1,02,A01
200600064213,0,02,000,00,2,1,02,B01
200600064213,0,07,000,00,0,4,01,C01
200600064214,0,33,000,00,2,1,17,A01
200600064214,0,07,000,00,2,1,15,B01
200600064215,0,07,000,00,1,2,01,A01
200600064216,0,07,000,00,2,7,01,A01
200600064216,0,33,000,08,2,1,14,B01
200600064217,0,10,000,00,1,2,15,A01
200600064218,0,07,000,00,2,1,02,A01
200600064218,0,07,000,00,0,4,01,B01
200600064219,0,07,000,15,0,1,00,A01
200600064220,0,07,000,00,2,1,16,A01
200600064220,0,07,000,00,2,1,01,B01
200600064221,0,07,000,00,2,3,13,A01
200600064221,0,07,000,00,2,2,01,B01
200600064222,0,07,000,04,2,2,13,A01
200600064222,0,17,000,00,0,0,01,B01
200600064222,0,31,000,00,2,1,01,C01
200600064222,0,10,000,00,2,1,01,D01
200600064223,0,07,000,00,2,1,02,A01
200600064223,0,07,000,00,0,4,15,B01
200600064224,0,37,001,00,1,1,01,A01
200600064225,0,32,000,00,2,1,02,A01
200600064225,0,07,000,00,2,4,23,B01
200600064226,0,07,000,03,0,1,01,A01
200600064227,0,30,000,00,2,1,18,A01
200600064227,0,10,000,00,2,7,16,B01
200600064228,0,33,000,00,2,1,01,A01
200600064228,0,07,000,00,0,8,01,B01
200600064229,0,07,000,00,2,1,02,A01
200600064229,0,33,000,00,2,0,02,B01
200600064230,0,07,000,00,2,1,01,A01
200600064230,0,07,000,00,2,3,15,B01
200600064231,0,07,000,00,1,3,01,A01
200600064232,0,34,000,00,2,9,18,A01
200600064232,0,07,000,00,2,3,23,B01
200600064233,1,07,000,00,2,5,17,A01
200600064233,0,07,000,00,2,1,01,B01
200600064234,0,07,000,00,2,1,02,A01
200600064234,0,07,000,00,2,1,02,B01
200600064234,0,07,000,00,2,1,02,C01
200600064234,0,07,000,00,0,4,02,D01
200600064235,0,30,000,00,2,1,17,A01
200600064235,0,07,000,00,2,1,01,B01
200600064235,0,07,000,00,2,8,01,C01
200600064236,0,30,000,00,0,7,01,A01
200600064237,0,07,000,00,2,3,10,A01
200600064237,0,07,000,00,2,1,01,B01
200600064238,0,07,000,00,2,2,16,A01
200600064238,0,30,000,00,2,1,01,B01
200600064239,0,07,000,08,0,1,01,A01
200600064240,0,07,000,00,2,8,19,A01
200600064240,0,33,000,00,2,1,01,B01
200600064241,0,07,000,00,2,8,20,A01
200600064241,0,30,000,00,2,1,11,B01
200600064242,0,07,000,00,1,1,01,A01
200600064243,0,07,000,00,2,8,19,A01
200600064243,0,07,000,00,2,1,01,B01
200600064244,0,30,000,00,1,1,01,A01
200600064245,0,10,000,00,2,1,15,A01
200600064245,0,30,000,00,2,7,01,B01
200600064246,0,07,000,00,2,8,01,B01
200600064246,0,02,000,00,2,1,01,A01
200600064247,0,10,000,00,2,3,09,A01
200600064247,0,02,000,00,2,1,01,B01
200600064248,0,07,000,00,2,3,15,A01
200600064248,0,07,000,00,2,1,01,B01
200600064248,0,07,000,00,2,1,01,C01