Num_Acc,senc,catv,occutc,obs,obsm,choc,manv,num_veh
200600064607,0,07,000,00,2,1,01,A01
200600064607,0,07,000,00,2,4,01,B01
200600064608,0,07,000,00,2,3,10,A01
200600064608,0,33,000,00,2,7,01,B01
200600064609,0,32,000,00,1,1,01,A01
200600064610,0,07,000,00,2,6,23,A01
200600064610,0,32,000,00,2,2,21,B01
200600064611,0,07,000,00,2,2,15,A01
200600064611,0,02,000,00,2,1,01,B01
200600064612,0,07,000,00,2,3,02,A01
200600064612,0,07,000,00,2,2,15,B01
200600064613,0,07,000,00,2,4,01,A01
200600064613,0,07,000,00,2,1,01,B01
200600064613,0,33,000,00,2,1,01,C01
200600064614,0,05,000,00,2,1,01,B01
200600064614,0,07,000,00,2,6,15,A01
200600064615,0,07,000,06,9,1,01,A01
200600064616,0,07,000,00,2,4,01,A01
200600064616,0,37,000,00,2,1,02,B01
200600064617,0,07,000,00,2,2,01,B01
200600064617,0,01,000,00,2,1,19,A01
200600064618,0,02,000,00,2,0,01,A01
200600064618,0,07,000,00,2,4,23,B01
200600064619,0,07,000,00,2,2,01,A01
200600064619,0,05,000,00,2,8,01,B01
200600064620,0,32,000,00,2,7,17,B01
200600064620,0,07,000,00,2,2,09,A01
200600064621,0,07,000,00,2,3,01,A01
200600064621,0,31,000,00,2,2,01,B01
200600064622,0,07,000,00,1,1,01,A01
200600064623,0,32,000,00,0,0,01,A01
200600064624,0,07,000,00,1,2,15,A01
200600064625,0,31,000,00,2,8,01,A01
200600064625,0,07,000,00,0,0,10,B01
200600064625,0,07,000,00,2,1,01,C01
200600064626,0,07,000,00,2,1,15,A01
200600064626,0,07,000,00,2,1,01,B01
200600064627,0,07,000,00,1,1,01,A01
200600064628,0,07,000,00,2,1,01,A01
200600064628,0,01,000,00,2,4,09,B01
200600064629,0,31,000,00,2,1,02,A01
200600064629,0,07,000,00,2,6,15,B01
200600064630,0,07,000,00,2,1,01,A01
200600064630,0,07,000,00,2,4,02,B01
200600064631,0,31,000,00,2,1,18,A01
200600064631,0,10,000,00,2,2,15,B01
200600064632,0,07,000,00,2,1,02,A01
200600064632,0,07,000,00,2,4,16,B01
200600064633,0,07,000,00,2,1,01,A01
200600064633,0,07,000,00,2,4,01,B01
200600064633,0,07,000,00,2,4,01,C01
200600064634,0,07,000,00,2,4,01,A01
200600064634,0,07,000,00,2,1,01,B01
200600064634,0,07,000,00,2,4,01,C01
200600064635,0,01,000,00,2,1,01,A01
200600064635,0,37,032,00,2,4,23,B01
200600064636,0,02,000,00,0,1,01,A01
200600064637,0,07,000,13,0,4,23,A01
200600064638,0,07,000,00,2,1,17,A01
200600064638,0,07,000,08,2,4,01,B01
200600064639,0,07,000,00,1,3,15,A01
200600064640,0,07,000,00,1,2,01,A01
200600064641,0,07,000,00,2,1,01,A01
200600064641,0,34,000,00,2,1,01,B01
200600064641,0,07,000,00,2,4,01,C01
200600064642,0,33,000,00,2,1,17,A01
200600064642,0,07,000,01,1,3,24,B01
200600064643,0,17,000,00,2,2,09,A01
200600064643,0,07,000,00,2,3,01,B01
200600064643,0,07,000,00,2,8,01,C01
200600064644,0,07,000,00,2,2,09,A01
200600064644,0,30,000,00,2,1,01,B01
200600064645,0,34,000,00,2,7,16,A01
200600064645,0,07,000,00,2,3,23,B01
200600064646,0,07,000,00,2,1,15,A01
200600064646,0,33,000,00,2,1,01,B01
200600064647,0,31,000,00,2,1,01,A01
200600064647,0,10,000,00,2,5,23,B01
200600064648,0,07,000,00,2,3,01,A01
200600064648,0,33,000,00,2,8,01,B01
200600064649,0,07,000,00,1,2,01,A01
200600064650,0,07,000,00,2,5,00,A01
200600064650,0,30,000,00,2,2,00,B01
200600064651,0,30,000,00,2,7,01,A01
200600064651,0,07,000,00,2,1,16,B01
200600064652,0,33,000,00,2,8,01,A01
200600064652,0,10,000,00,2,8,22,B01
200600064653,0,31,000,00,1,2,01,A01
200600064654,0,07,000,00,2,1,15,A01
200600064654,0,33,000,00,2,1,00,B01
200600064655,0,30,000,00,2,1,15,A01
200600064655,0,07,000,00,2,6,15,B01
200600064656,0,07,000,00,1,8,01,A01
200600064657,0,07,000,00,1,3,15,A01
200600064658,0,07,000,01,2,3,01,A01
200600064658,0,37,006,00,2,2,01,B01
200600064658,0,07,000,00,2,8,24,C01
200600064659,0,31,000,00,2,2,01,A01
200600064659,0,07,000,00,2,3,15,B01
200600064660,0,07,000,00,2,2,10,A01
200600064660,0,32,000,00,2,1,01,B01
200600064661,0,07,000,00,1,3,01,A01
200600064662,0,07,000,00,2,1,10,A01
200600064662,0,07,000,00,2,1,19,B01
200600064663,0,07,000,15,2,1,01,A01
200600064663,0,07,000,00,2,1,15,B01
200600064664,0,07,000,00,1,2,01,A01
200600064665,0,07,000,00,1,2,01,A01
200600064666,0,07,000,00,1,2,01,A01
200600064667,0,07,000,00,1,2,01,A01
200600064668,0,07,000,00,2,2,02,B01
200600064668,0,07,000,00,2,1,15,A01
200600064669,0,07,000,00,2,3,00,A01
200600064669,0,07,000,00,2,1,01,B01
200600064670,0,07,000,00,2,1,01,B01
200600064670,0,07,000,00,2,7,11,A01
200600064671,0,07,000,00,2,1,00,A01
200600064671,0,10,000,00,0,3,01,B01
200600064671,0,07,000,00,0,3,01,C01
200600064672,0,13,000,00,0,3,02,B01
200600064672,0,07,000,00,0,2,00,A01
200600064673,0,32,000,00,0,1,05,A01
200600064673,0,07,000,00,0,1,02,B01
200600064674,0,07,000,00,9,2,00,A01
200600064675,0,14,000,00,2,8,00,A01
200600064675,0,34,000,01,0,7,00,B01
200600064676,0,32,000,00,0,1,00,A01
200600064677,0,10,000,00,2,3,11,A01
200600064677,0,30,000,00,2,1,01,B01
200600064678,0,37,000,00,1,7,02,A01
200600064679,0,07,000,00,2,1,01,A01
200600064679,0,07,000,00,2,4,01,B01
200600064679,0,07,000,00,0,4,01,C01
200600064680,0,07,000,00,1,1,01,A01
200600064681,0,10,000,00,2,1,02,A01
200600064681,0,07,000,00,2,4,02,B01
200600064682,0,07,000,00,2,3,00,A01
200600064682,0,33,000,00,2,1,00,B01
200600064683,0,07,000,00,1,4,04,A01
200600064684,0,07,000,00,2,2,01,A01
200600064684,0,07,000,00,2,7,12,B01
200600064685,0,07,000,00,2,7,01,B01
200600064685,0,02,000,00,2,1,01,A01
200600064686,0,07,000,01,0,1,00,A01
200600064687,0,07,000,00,1,3,02,A01
200600064688,0,07,000,00,9,4,04,A01
200600064688,0,07,000,00,0,1,01,B01
200600064689,0,07,000,00,1,2,02,A01
200600064690,0,07,000,00,0,8,01,B01
200600064690,0,07,000,00,0,1,00,A01
200600064691,0,07,000,01,0,1,01,A01
200600064692,0,07,000,00,0,2,09,A01
200600064692,0,33,000,00,0,1,00,B01
200600064692,0,32,000,00,0,7,00,C01
200600064692,0,07,000,00,0,1,00,D01
200600064693,0,07,000,00,0,3,02,A01
200600064694,0,02,000,00,2,1,01,A01
200600064694,0,07,000,00,2,8,01,B01
200600064695,0,07,000,00,2,8,01,B01
200600064695,0,07,000,00,2,1,01,A01
200600064696,0,07,000,00,2,1,00,A01
200600064696,0,30,000,00,2,7,00,B01
200600064697,0,07,000,00,2,8,00,A01
200600064697,0,30,000,00,2,8,00,B01
200600064698,0,35,000,00,2,1,00,A01
200600064698,0,07,000,00,0,4,00,B01
200600064699,0,07,000,00,2,1,02,B01
200600064699,0,07,000,00,2,4,23,A01
200600064700,0,37,000,00,1,2,01,A01
200600064701,0,13,000,00,2,3,15,A01
200600064701,0,07,000,00,2,3,01,B01
200600064702,0,34,000,00,1,3,01,A01
200600064703,0,33,000,15,0,9,00,A01
200600064704,0,30,000,00,2,1,02,A01
200600064704,0,07,000,00,2,8,02,B01
200600064705,0,07,000,14,0,3,02,A01
200600064705,0,07,000,00,0,5,02,B01
200600064706,0,34,000,00,1,1,00,A01
200600064707,0,07,000,09,0,1,01,A01
200600064708,0,07,000,06,2,2,12,A01
200600064708,0,07,000,06,2,3,14,B01
200600064709,0,10,000,00,2,1,02,A01
200600064709,0,07,000,00,0,4,02,B01
200600064710,0,07,000,00,9,3,09,A01
200600064710,0,01,000,00,2,2,02,V01
200600064711,0,07,000,12,0,2,01,A01
200600064712,0,30,000,01,0,2,02,A01
200600064713,0,07,000,00,1,1,01,A01
200600064714,0,37,060,00,1,1,01,A01
200600064715,0,07,000,00,2,1,02,A01
200600064715,0,10,000,00,2,4,02,B01
200600064716,0,32,000,00,1,1,00,A01
200600064717,0,33,000,00,2,1,00,A01
200600064717,0,07,000,00,9,1,00,B01
200600064718,0,30,000,00,2,1,00,A01
200600064718,0,07,000,00,0,5,00,B01
200600064719,0,07,000,15,2,3,01,A01
200600064719,0,07,000,00,2,2,19,B01
200600064720,0,07,000,00,1,1,01,A01
200600064721,0,07,000,00,1,1,01,A01
200600064722,0,07,000,00,1,4,04,A01
200600064723,0,07,000,01,2,3,01,A01
200600064723,0,07,000,00,2,8,01,B01
200600064724,0,07,000,00,0,0,00,A01
200600064724,0,07,000,00,0,0,00,B01
200600064725,0,33,000,00,1,1,21,A01
200600064726,0,07,000,00,2,1,01,A01
200600064726,0,07,000,00,2,7,12,B01
200600064727,0,07,000,00,2,1,15,A01
200600064727,0,04,000,00,2,5,01,B01
200600064728,0,07,000,00,2,7,10,A01
200600064728,0,07,000,00,2,3,01,B01
200600064729,0,07,000,00,1,1,01,A01
200600064730,0,05,000,00,1,1,21,A01
200600064731,0,07,000,00,2,2,09,A01
200600064731,0,02,000,00,2,3,01,B01
200600064732,0,07,000,00,2,3,20,A01
200600064732,0,01,000,00,2,1,01,B01
200600064733,0,07,000,00,2,1,01,A01
200600064733,0,07,000,00,2,4,23,B01
200600064734,0,18,000,00,1,1,21,A01
200600064735,0,07,000,00,1,1,01,A01
200600064736,0,07,000,00,2,3,01,B01
200600064736,0,07,000,00,2,2,19,A01
200600064737,0,07,000,00,2,5,19,A01
200600064737,0,02,000,00,2,1,01,B01
200600064738,0,07,000,00,1,1,01,A01
200600064739,0,07,000,00,1,1,00,A01
200600064740,0,07,000,00,0,2,01,A01
200600064741,0,33,000,00,2,1,02,B01
200600064741,0,07,000,00,2,1,02,A01
200600064742,0,07,000,00,2,3,16,A01
200600064742,0,02,000,00,2,3,00,B01
200600064743,0,07,000,00,2,2,09,A01
200600064743,0,34,000,01,2,8,17,B01
200600064744,0,07,000,00,0,1,00,A01
200600064745,0,07,000,00,1,1,15,A01
200600064746,0,07,000,00,0,7,17,A01
200600064746,0,07,000,00,2,1,01,B01
200600064747,0,07,000,00,0,2,15,A01
200600064747,0,33,000,00,2,1,01,B01
200600064748,0,07,000,14,0,2,01,A01
200600064749,0,07,000,00,1,0,00,A01
200600064750,0,07,000,00,0,5,01,B01
200600064750,0,01,000,00,2,1,02,A01
200600064751,0,30,000,00,2,8,19,B01
200600064751,0,07,000,00,2,3,11,A01
200600064752,0,07,000,00,0,2,15,A01
200600064752,0,01,000,00,0,3,16,B01
200600064753,0,07,000,00,2,8,01,A01
200600064753,0,07,000,00,2,2,01,B01
200600064754,0,10,000,00,1,2,01,A01
200600064755,0,07,000,00,1,0,01,A01
200600064756,0,07,000,00,0,0,04,A01
200600064757,0,07,000,00,0,0,02,A01
200600064757,0,02,000,00,0,6,02,B01
200600064758,0,07,000,00,0,3,15,A01
200600064758,0,33,000,00,0,1,00,B01
200600064759,0,07,000,00,1,3,01,A01
200600064760,0,07,000,00,1,7,01,A01
200600064761,0,07,000,01,0,2,02,A01
200600064762,0,07,000,00,0,6,01,A01
200600064763,0,33,000,14,0,2,02,A01
200600064763,0,07,000,00,2,5,23,B01
200600064764,0,33,000,00,2,3,00,A01
200600064764,0,07,000,00,2,3,01,B01
200600064765,0,07,000,00,2,1,02,A01
200600064765,0,07,000,00,0,4,23,B01
200600064766,0,07,000,01,1,2,01,A01
200600064767,0,32,000,00,2,8,10,A01
200600064767,0,07,000,00,2,3,10,B01
200600064768,0,33,000,00,2,1,02,A01
200600064768,0,07,000,00,2,6,23,B01
200600064769,0,10,000,00,1,1,01,A01
200600064770,0,07,000,00,0,7,16,B01
200600064770,0,32,000,00,0,8,02,A01
200600064771,0,07,000,00,1,3,01,A01
200600064772,0,10,000,01,0,2,02,A01
200600064772,0,07,000,00,2,6,23,B01
200600064773,0,07,000,00,2,1,01,A01
200600064773,0,07,000,00,2,3,01,B01
200600064774,0,07,000,00,2,2,15,A01
200600064774,0,07,000,00,2,1,01,B01
200600064775,0,02,000,00,2,1,17,A01
200600064775,0,07,000,00,2,3,15,B01
200600064776,0,07,000,00,1,1,15,A01
200600064777,0,07,000,00,1,3,01,A01
200600064778,0,07,000,00,2,1,01,A01
200600064778,0,10,000,00,0,7,15,B01
200600064779,0,07,000,00,1,1,01,A01
200600064780,0,02,000,00,2,1,01,B01
200600064780,0,07,000,00,2,7,01,A01
200600064781,0,07,000,00,2,8,10,A01
200600064781,0,07,000,00,2,3,11,B01
200600064782,0,07,000,00,2,3,01,A01
200600064782,0,30,000,00,2,1,17,B01
200600064783,0,07,000,00,2,3,13,A01
200600064783,0,01,000,00,2,1,01,B01
200600064784,0,07,000,00,2,1,02,A01
200600064784,0,07,000,00,2,4,02,B01
200600064784,0,07,000,00,2,4,02,C01
200600064785,0,07,000,01,0,1,13,A01
200600064786,0,01,000,12,0,1,00,A01
200600064787,0,01,000,00,2,2,19,A01
200600064787,0,07,000,00,2,3,01,B01
200600064788,0,32,000,00,2,7,01,A01
200600064788,0,07,000,00,2,3,01,B01
200600064789,0,07,000,00,0,1,01,A01
200600064789,1,07,000,00,0,2,15,B01
200600064790,0,18,001,00,1,8,01,A01
200600064791,0,07,000,00,2,1,15,A01
200600064791,0,05,000,00,2,1,01,B01
200600064792,0,07,000,00,1,2,01,A01
200600064793,0,32,000,00,2,4,15,A01
200600064793,0,07,000,00,2,2,15,B01
200600064794,0,07,000,01,2,1,02,A01
200600064795,0,07,000,01,0,2,02,A01
200600064796,1,07,000,00,1,1,01,A01
200600064797,0,07,000,01,2,7,01,B01
200600064797,0,07,000,00,2,1,00,A01
200600064798,0,34,000,00,2,1,01,B01
200600064798,0,07,000,00,0,2,11,A01
200600064799,0,02,000,00,1,1,02,A01
200600064800,0,07,000,00,1,2,01,B01
200600064800,0,01,000,00,2,3,19,A01
200600064801,0,07,000,00,0,1,02,A01
200600064801,0,30,000,00,0,4,02,B01
200600064802,0,30,000,01,2,1,02,A01
200600064802,0,07,000,00,2,6,02,B01
200600064803,0,07,000,00,0,1,00,A01
200600064803,0,01,000,00,2,1,01,B01
200600064804,0,02,000,00,2,1,01,A01
200600064804,0,07,000,00,2,2,01,B01
200600064805,1,34,000,00,1,0,00,A01
200600064806,0,07,000,00,0,3,01,A01
200600064807,0,02,000,00,2,1,05,A01
200600064807,0,07,000,00,9,8,00,B01
200600064808,0,07,000,00,0,0,00,A01
200600064809,0,07,000,00,2,7,00,A01
200600064809,0,07,000,00,2,3,00,B01
200600064810,0,10,000,00,1,1,02,A01
200600064811,0,07,000,00,2,1,09,A01
200600064811,0,02,000,00,2,1,01,B01
200600064812,0,07,000,00,2,1,01,A01
200600064812,0,13,000,00,2,5,02,B01
200600064813,0,07,000,00,0,4,02,B01
200600064813,0,02,000,00,0,0,00,A01
200600064814,0,07,000,02,0,1,02,A01
200600064815,0,07,000,06,0,1,01,A01
200600064816,0,07,000,08,0,1,00,A01
200600064817,0,07,000,00,2,3,15,A01
200600064817,0,02,000,00,2,1,02,B01
200600064818,0,07,000,00,0,1,18,A01
200600064818,0,07,000,00,0,7,10,B01
200600064819,0,05,000,00,1,2,02,A01
200600064820,0,07,000,00,1,2,02,A01
200600064821,0,07,000,00,2,7,02,A01
200600064821,0,04,000,00,2,3,18,B01
200600064822,0,05,000,00,2,7,02,A01
200600064822,0,07,000,00,2,4,23,B01
200600064823,0,02,000,00,1,1,03,A01
200600064824,0,07,000,00,2,6,04,A01
200600064824,0,02,000,00,2,3,01,B01
200600064825,0,07,000,00,1,4,04,A01
200600064826,0,07,000,15,0,1,21,A01
200600064827,1,30,000,00,0,0,17,A01
200600064827,0,07,000,00,2,8,01,B01
200600064828,0,32,000,00,2,3,17,A01
200600064828,0,07,000,00,2,1,01,B01
200600064829,0,37,000,00,0,7,00,B01
200600064829,0,01,000,00,2,1,19,A01
200600064830,0,07,000,00,0,0,15,A01
200600064831,0,02,000,00,0,1,16,A01
200600064831,0,37,000,00,0,7,19,B01
200600064832,0,07,000,00,0,2,15,A01
200600064832,0,07,000,00,0,1,16,B01
200600064833,0,07,000,00,1,3,02,A01
200600064834,0,07,000,00,2,1,01,A01
200600064834,0,34,000,00,2,7,09,B01
200600064835,0,30,000,00,2,1,05,A01
200600064835,0,07,000,00,2,1,01,B01
200600064836,0,07,000,00,2,5,10,A01
200600064836,0,34,000,00,2,1,01,B01
200600064837,0,07,000,00,1,1,01,A01
200600064838,0,07,000,00,2,2,01,A01
200600064838,0,07,000,00,2,1,01,B01
200600064838,0,07,000,00,2,1,23,C01
200600064839,0,07,000,00,1,1,09,A01
200600064840,2,07,000,00,1,3,11,A01
200600064840,0,02,000,00,2,7,01,B01
200600064841,0,10,000,00,2,3,01,A01
200600064841,0,07,000,00,2,3,01,B01
200600064841,0,34,000,00,2,1,01,C01
200600064842,0,07,000,00,2,4,01,A01
200600064842,0,07,000,00,2,1,01,B01
200600064843,0,33,000,00,0,1,02,A01
200600064843,0,13,000,00,0,5,00,B01
200600064844,0,33,000,00,9,0,21,A01
200600064844,0,33,000,00,2,0,21,B01
200600064845,0,07,000,00,2,2,15,A01
200600064845,0,33,000,00,2,1,03,B01
200600064846,0,37,000,00,1,2,01,A01
200600064847,0,03,000,00,2,1,01,A01
200600064847,0,30,000,00,2,1,01,B01
200600064847,0,03,000,00,2,1,01,C01
200600064847,0,10,000,00,2,6,01,D01
200600064847,0,10,000,00,2,3,06,E01
200600064848,1,07,000,00,1,1,02,A01
200600064849,0,07,000,00,2,2,02,A01
200600064849,0,07,000,00,2,1,02,B01
200600064850,0,07,000,00,2,1,02,A01
200600064850,0,07,000,00,2,6,23,B01
200600064851,0,07,000,00,2,5,15,A01
200600064851,0,37,015,00,2,2,02,B01
200600064852,0,07,000,00,2,1,01,A01
200600064852,0,07,000,00,2,3,16,B01
200600064853,0,33,000,00,2,3,01,A01
200600064853,0,07,000,00,2,5,09,B01
200600064854,0,15,000,00,2,0,01,A01
200600064854,0,07,000,15,0,8,02,B01
200600064855,0,07,000,00,2,2,11,A01
200600064855,0,07,000,00,2,1,02,B01
200600064856,0,07,000,00,2,1,02,A01
200600064856,0,07,000,00,2,4,02,B01
200600064857,0,07,000,16,0,1,05,A01
200600064857,0,07,000,00,0,1,00,B01
200600064858,0,10,000,00,2,1,02,A01
200600064858,0,07,000,00,2,9,23,B01
200600064858,0,07,000,00,2,4,23,C01
200600064859,0,07,000,00,2,3,11,A01
200600064859,0,33,000,00,2,6,12,B01
200600064860,0,07,000,00,2,3,10,A01
200600064860,0,34,000,00,2,2,00,B01
200600064861,0,07,000,00,2,1,01,A01
200600064861,0,01,000,00,2,8,01,B01
200600064862,0,07,000,00,9,1,10,A01
200600064862,0,32,000,00,2,7,01,B01
200600064863,0,32,000,00,1,1,02,A01
200600064864,0,10,000,00,1,4,04,A01
200600064865,0,07,000,00,0,2,17,A01
200600064866,0,07,000,00,2,8,01,A01
200600064866,0,07,000,00,2,2,01,B01
200600064867,0,07,000,00,1,3,01,A01
200600064868,0,07,000,00,1,3,01,A01
200600064869,0,02,000,01,0,2,02,A01
200600064870,1,99,000,00,0,0,00,A01
200600064870,0,32,000,00,2,2,02,B01
200600064871,0,07,000,01,1,3,02,A01
200600064872,0,33,000,00,2,1,01,B01
200600064872,0,07,000,00,2,3,09,A01
200600064873,0,32,000,00,1,1,01,A01
200600064874,0,07,000,00,0,7,00,B01
200600064874,0,07,000,16,0,1,00,A01
200600064875,0,32,000,00,0,9,02,B01
200600064875,0,07,000,00,0,3,02,A01
200600064876,0,07,000,00,0,1,01,B01
200600064876,0,07,000,00,0,8,01,A01
200600064877,0,07,000,01,0,2,02,A01
200600064878,2,07,000,00,2,1,02,A01
200600064878,0,07,000,00,2,1,02,B01
200600064878,0,07,000,00,2,4,02,C01
200600064879,0,30,000,00,0,0,00,A01
200600064880,0,07,000,07,2,1,01,A01
200600064880,0,07,000,00,2,3,02,B01
200600064881,0,07,000,00,0,4,01,A01
200600064881,0,07,000,00,2,1,02,B01
200600064881,0,07,000,00,2,1,02,C01
200600064882,0,32,000,00,2,1,00,A01
200600064882,0,10,000,00,2,2,15,B01
200600064883,0,07,000,00,1,3,02,A01
200600064884,0,07,000,00,0,2,01,A01
200600064884,0,34,000,00,2,1,01,B01
200600064885,0,07,000,00,1,1,02,A01
200600064886,0,33,000,00,2,7,02,A01
200600064886,0,15,000,00,2,8,02,B01
200600064887,0,07,000,00,2,2,01,B01
200600064887,2,10,000,00,2,8,10,A01
200600064888,0,07,000,00,2,1,02,A01
200600064888,0,07,000,00,0,4,02,B01
200600064889,0,07,000,00,2,1,02,A01
200600064889,0,07,000,00,2,4,02,B01
200600064889,0,07,000,00,0,4,02,C01
200600064890,0,07,000,00,2,1,02,B01
200600064890,0,02,000,00,2,8,09,A01
200600064891,0,07,000,00,2,1,13,A01
200600064891,0,07,000,00,2,1,01,B01
200600064892,0,37,001,00,0,1,00,A01
200600064892,0,07,000,00,0,9,00,B01
200600064892,0,07,000,00,0,4,00,C01
200600064893,1,07,000,00,0,0,00,A01
200600064893,0,01,000,00,0,0,00,B01
200600064894,0,07,000,00,0,4,02,B01
200600064894,0,07,000,00,0,1,02,A01
200600064895,0,07,000,00,0,6,15,B01
200600064895,0,31,000,00,0,1,17,A01
200600064896,0,07,000,01,0,2,00,A01
200600064896,0,07,000,01,0,6,24,B01
200600064897,0,07,000,00,2,2,02,A01
200600064897,0,07,000,00,2,8,16,B01
200600064898,0,30,000,00,2,7,17,A01
200600064898,0,02,000,00,2,3,01,B01
200600064899,1,07,000,00,2,3,15,A01
200600064899,0,02,000,12,2,7,01,B01
200600064900,0,07,000,00,2,2,02,A01
200600064900,0,30,000,00,2,8,01,B01
200600064901,0,07,000,00,1,2,01,A01
200600064902,0,32,000,00,2,8,01,B01
200600064902,1,07,000,00,2,2,14,A01
200600064903,0,31,000,12,0,3,01,A01
200600064904,0,10,000,00,1,4,04,A01
200600064905,0,37,010,00,1,1,01,A01
200600064906,0,07,000,00,2,1,15,B01
200600064906,0,07,000,00,2,1,15,A01
200600064907,0,15,000,00,2,3,15,A01
200600064907,0,07,000,00,2,3,01,B01
200600064908,0,07,000,00,2,1,00,B01
200600064908,0,07,000,00,2,3,00,A01
200600064909,0,37,000,00,2,1,02,A01
200600064909,0,07,000,00,2,4,02,B01
200600064909,0,07,000,00,0,4,02,C01
200600064910,0,07,000,00,2,3,15,A01
200600064910,0,33,000,00,2,1,01,B01
200600064911,0,07,000,06,0,3,02,A01
200600064912,0,07,000,00,2,2,00,B01
200600064912,0,07,000,00,2,3,00,A01
200600064913,0,07,000,00,2,1,11,A01
200600064913,0,31,000,00,2,8,00,B01
200600064914,0,10,000,00,2,3,15,A01
200600064914,0,30,000,00,2,1,01,B01
200600064915,0,33,000,00,2,1,17,A01
200600064915,0,07,000,00,2,8,15,B01
200600064916,0,33,000,00,1,1,01,A01
200600064917,0,07,000,00,2,2,00,B01
200600064917,0,07,000,00,2,3,00,C01
200600064917,0,31,000,00,2,1,00,A01
200600064918,0,07,000,00,1,2,01,A01
200600064919,0,37,035,00,1,5,07,A01
200600064920,0,07,000,04,0,9,00,A01
200600064921,0,07,000,00,1,3,01,A01
200600064922,0,07,000,00,2,7,12,A01
200600064922,0,33,000,00,2,8,02,B01
200600064923,0,30,000,00,2,1,02,A01
200600064923,0,07,000,00,2,4,23,B01
200600064924,0,10,000,00,2,5,09,A01
200600064924,0,32,000,00,2,5,24,B01
200600064925,0,10,000,00,2,3,10,A01
200600064925,0,33,000,00,2,3,21,B01
200600064926,0,07,000,00,1,3,02,A01
200600064927,0,07,000,00,2,3,15,A01
200600064927,0,01,000,00,2,1,01,B01
200600064928,0,07,000,00,2,2,16,A01
200600064928,0,14,000,00,2,7,01,B01
200600064929,0,07,000,00,1,2,01,A01
200600064930,0,07,000,00,1,3,01,A01
200600064931,0,07,000,00,2,3,01,B01
200600064931,0,07,000,00,2,3,15,A01
200600064932,0,07,000,00,1,3,17,A01
200600064933,0,02,000,00,0,0,17,A01
200600064933,1,07,000,01,0,2,21,B01
200600064934,0,07,000,00,2,1,16,B01
200600064934,0,02,000,00,2,1,05,A01
200600064935,0,07,000,00,1,4,00,A01
200600064936,0,07,000,00,1,2,01,A01
200600064937,0,07,000,00,9,8,24,A01
200600064937,0,01,000,01,0,1,02,B01
200600064938,0,07,000,00,1,1,01,A01
200600064939,0,07,000,00,1,2,01,A01
200600064940,0,33,000,00,2,1,02,B01
200600064940,0,07,000,00,2,2,10,A01
200600064941,0,07,000,00,2,2,01,A01
200600064941,0,01,000,00,0,1,01,B01
200600064942,0,33,000,00,2,1,02,B01
200600064942,0,07,000,00,2,4,15,A01
200600064943,0,30,000,00,2,1,02,A01
200600064944,0,07,000,00,2,1,01,B01
200600064944,0,02,000,00,2,1,15,A01
200600064945,0,07,000,00,2,1,01,B01
200600064945,0,07,000,00,2,2,15,A01
200600064946,0,30,000,00,2,0,01,A01
200600064946,0,37,001,00,2,0,01,B01
200600064947,0,07,000,00,1,2,01,A01
200600064948,0,33,000,00,1,1,01,A01
200600064949,0,07,000,00,2,4,07,A01
200600064949,0,37,062,00,2,2,02,B01
200600064950,0,07,000,15,2,1,05,A01
200600064950,0,07,000,00,2,6,01,B01
200600064951,0,37,035,00,1,2,00,A01
200600064952,0,07,000,00,2,1,01,A01
200600064952,0,07,000,00,0,4,23,B01
200600064953,0,01,000,00,2,1,00,A01
200600064953,0,07,000,00,2,2,00,B01
200600064954,0,07,000,00,2,2,02,A01
200600064954,0,07,000,00,0,6,02,B01
200600064955,0,01,000,00,2,1,16,A01
200600064955,0,07,000,00,0,3,16,B01
200600064956,0,02,000,00,1,3,00,A01
200600064957,0,07,000,00,2,1,09,A01
200600064957,0,33,000,00,2,2,00,B01
200600064958,0,07,000,00,1,1,00,A01
200600064959,0,02,000,00,2,1,01,A01
200600064959,0,07,000,00,2,8,14,B01
200600064960,0,07,000,00,1,1,00,A01
200600064961,0,07,000,00,1,1,01,A01
200600064962,0,07,000,09,0,4,04,A01
200600064963,0,33,000,00,2,1,02,A01
200600064963,0,01,000,00,2,7,19,B01
200600064964,0,07,000,00,2,3,16,A01
200600064964,0,01,000,00,2,1,19,B01
200600064965,1,01,000,00,1,0,00,A01
200600064966,0,37,001,00,1,2,00,A01
200600064967,0,07,000,00,2,2,10,A01
200600064967,0,33,000,00,2,0,10,B01
200600064968,0,30,000,00,2,0,01,A01
200600064968,1,07,000,00,0,0,13,B01
200600064969,0,07,000,00,2,7,00,A01
200600064969,0,07,000,00,2,1,00,B01
200600064970,0,07,000,00,2,1,00,A01
200600064970,0,17,000,00,2,4,00,B01
200600064971,0,07,000,00,2,1,02,B01
200600064971,0,01,000,00,2,7,01,A01
200600064972,0,33,000,00,2,4,03,A01
200600064972,0,07,000,00,2,1,02,B01
200600064973,0,07,000,00,2,1,02,A01
200600064973,0,02,000,00,2,4,09,B01
200600064974,0,33,000,00,0,1,00,A01
200600064975,0,07,000,00,1,4,04,A01
200600064976,0,33,000,00,2,1,01,A01
200600064976,0,07,000,00,0,4,15,B01
200600064977,0,07,000,00,2,1,01,A01
200600064977,0,07,000,00,2,4,01,B01
200600064977,0,07,000,00,2,1,01,C01
200600064977,0,07,000,00,2,4,01,D01