Num_Acc,senc,catv,occutc,obs,obsm,choc,manv,num_veh
200600065684,0,07,000,00,2,4,02,C01
200600065684,0,07,000,00,2,4,02,D01
200600065684,0,07,000,00,0,4,02,E01
200600065685,0,07,000,00,2,1,02,A01
200600065685,0,07,000,00,0,4,02,B01
200600065686,0,15,000,00,2,1,02,A01
200600065686,0,15,000,00,2,4,23,B01
200600065686,0,13,000,00,0,4,23,C01
200600065687,0,07,000,01,0,1,00,B01
200600065687,0,07,000,03,0,3,13,A01
200600065688,0,07,000,00,2,3,02,A01
200600065689,0,32,000,06,0,8,13,A01
200600065690,0,07,000,00,0,5,11,A01
200600065690,0,07,000,00,2,7,17,B01
200600065691,0,32,000,12,0,7,09,A01
200600065692,0,07,000,03,0,1,02,A01
200600065693,0,07,000,00,2,3,02,A01
200600065693,0,07,000,00,2,2,12,B01
200600065694,0,34,000,10,0,8,01,A01
200600065695,0,33,000,15,0,7,11,A01
200600065696,0,07,000,00,0,4,01,A01
200600065696,0,07,000,00,2,1,02,B01
200600065697,0,17,000,04,0,8,00,A01
200600065698,0,07,000,00,0,0,01,A01
200600065699,0,33,000,00,0,8,01,A01
200600065700,0,07,000,00,9,1,05,B01
200600065700,0,07,000,03,0,3,02,A01
200600065701,0,33,000,00,0,4,00,B01
200600065701,0,07,000,00,2,2,11,A01
200600065702,0,07,000,00,2,1,02,B01
200600065702,0,07,000,00,2,4,02,A01
200600065703,0,15,000,00,2,2,12,B01
200600065703,0,07,000,00,2,3,01,A01
200600065704,2,07,000,00,2,1,02,B01
200600065704,2,07,000,00,0,4,02,A01
200600065705,0,33,000,00,2,2,01,A01
200600065705,0,07,000,00,2,3,11,B01
200600065705,0,07,000,00,2,4,01,C01
200600065706,0,33,000,00,2,1,03,A01
200600065706,0,07,000,00,2,4,01,B01
200600065706,0,10,000,00,2,4,01,C01
200600065707,0,32,000,00,0,7,02,A01
200600065708,0,07,000,03,0,1,01,A01
200600065709,0,07,000,00,2,1,02,B01
200600065709,0,07,000,03,0,2,01,A01
200600065710,0,07,000,00,2,4,02,A01
200600065710,0,07,000,00,2,1,02,B01
200600065711,0,07,000,04,0,7,12,A01
200600065712,0,33,000,09,0,1,00,A01
200600065713,0,07,000,00,0,9,02,A01
200600065713,0,07,000,00,0,2,02,B01
200600065714,0,07,000,00,0,4,02,A01
200600065714,0,07,000,00,2,1,02,F01
200600065714,0,07,000,00,2,1,02,E01
200600065714,0,07,000,00,2,1,02,D01
200600065714,0,07,000,00,2,1,02,C01
200600065714,0,07,000,00,2,4,02,B01
200600065715,0,07,000,02,0,1,21,A01
200600065716,0,07,000,03,0,1,01,A01
200600065717,0,07,000,00,2,1,00,B01
200600065717,0,07,000,00,0,7,01,A01
200600065718,0,07,000,03,0,1,01,A01
200600065719,0,07,000,03,0,3,12,A01
200600065720,0,07,000,00,2,1,12,B01
200600065720,0,07,000,00,0,4,01,A01
200600065721,0,07,000,00,2,1,00,B01
200600065721,0,07,000,00,0,4,00,A01
200600065722,1,07,000,00,2,1,02,B01
200600065722,0,07,000,00,2,4,02,A01
200600065723,0,07,000,00,2,1,02,B01
200600065723,0,07,000,00,2,4,01,A01
200600065724,0,10,000,16,0,0,01,A01
200600065725,0,07,000,00,2,0,01,A01
200600065725,0,07,000,00,0,1,01,B01
200600065725,0,07,000,00,0,4,00,C01
200600065726,0,07,000,03,0,3,01,A01
200600065727,0,10,000,04,0,9,00,A01
200600065727,0,10,000,00,0,0,23,B01
200600065727,0,10,000,00,0,6,23,C01
200600065727,0,10,000,01,0,2,21,D01
200600065728,0,07,000,04,0,3,13,A01
200600065729,0,07,000,05,0,1,02,A01
200600065729,0,07,000,14,0,1,02,B01
200600065730,0,07,000,14,2,1,02,B01
200600065730,0,07,000,03,0,8,01,A01
200600065731,0,07,000,00,0,1,13,B01
200600065731,0,10,000,00,2,7,00,A01
200600065732,0,33,000,00,2,1,02,B01
200600065732,0,10,000,00,2,4,13,A01
200600065733,0,07,000,04,0,1,01,A01
200600065734,0,10,000,00,2,1,02,B01
200600065734,0,10,000,00,0,4,02,A01
200600065735,0,33,000,00,2,1,01,B01
200600065735,0,10,000,00,0,6,11,A01
200600065736,0,07,000,00,2,2,12,B01
200600065736,0,33,000,00,2,8,01,A01
200600065737,0,32,000,12,0,4,02,A01
200600065737,0,07,000,00,2,2,02,B01
200600065738,0,07,000,13,0,2,01,A01
200600065739,0,07,000,00,2,6,02,A01
200600065739,0,07,000,00,2,2,14,B01
200600065740,0,07,000,00,0,4,00,A01
200600065740,0,07,000,00,2,4,02,B01
200600065740,0,07,000,00,2,1,02,C01
200600065741,0,07,000,00,0,9,01,A01
200600065742,0,07,000,03,0,2,14,A01
200600065743,0,07,000,03,0,2,00,A01
200600065744,0,07,000,00,0,8,02,A01
200600065744,0,07,000,00,9,1,01,F01
200600065744,0,17,000,00,0,6,02,B01
200600065744,0,07,000,14,0,6,02,C01
200600065744,0,16,000,01,2,2,11,D01
200600065744,0,07,000,00,0,7,01,E01
200600065745,0,07,000,00,0,0,01,A01
200600065746,0,13,000,00,2,2,06,A01
200600065746,0,07,000,00,2,3,01,B01
200600065747,0,07,000,13,0,4,02,A01
200600065748,0,07,000,00,0,2,12,A01
200600065748,0,01,000,00,0,0,01,B01
200600065749,0,14,000,00,0,3,16,A01
200600065750,0,07,000,00,1,3,15,A01
200600065751,0,07,000,00,1,1,01,A01
200600065752,0,07,000,00,1,1,01,A01
200600065753,0,07,000,00,1,1,01,A01
200600065754,2,07,000,00,1,0,00,A01
200600065755,0,10,000,00,2,7,04,A01
200600065755,0,33,000,00,2,1,01,B01
200600065756,0,07,000,00,2,2,15,A01
200600065756,0,07,000,00,2,1,01,B01
200600065757,0,07,000,00,2,1,15,A01
200600065757,0,02,000,00,2,3,01,B01
200600065758,0,07,000,00,2,3,01,B01
200600065758,0,07,000,00,2,7,01,A01
200600065759,2,07,000,00,9,2,15,A01
200600065759,0,02,000,00,2,1,21,B01
200600065760,0,07,000,00,2,3,19,A01
200600065760,0,30,000,00,2,1,00,B01
200600065761,0,07,000,02,0,1,01,A01
200600065762,0,07,000,02,0,7,17,A01
200600065763,0,07,000,00,0,6,10,A01
200600065763,0,02,000,00,2,6,13,B01
200600065764,0,07,000,00,1,1,01,A01
200600065765,0,01,000,00,0,1,01,B01
200600065765,0,07,000,00,0,0,22,A01
200600065766,0,02,000,00,2,2,17,A01
200600065766,0,07,000,00,2,3,17,B01
200600065767,0,07,000,00,1,1,01,A01
200600065768,0,07,000,00,1,2,01,A01
200600065769,0,07,000,00,2,3,15,B01
200600065769,0,02,000,00,2,1,00,A01
200600065770,0,02,000,00,2,1,01,B01
200600065770,0,07,000,00,2,3,09,A01
200600065771,0,33,000,00,2,1,01,A01
200600065772,0,07,000,00,1,1,15,A01
200600065773,0,07,000,00,1,2,01,A01
200600065774,0,07,000,00,1,2,01,A01
200600065775,0,07,000,00,2,3,15,A01
200600065775,2,07,000,00,2,2,01,B01
200600065776,0,10,000,00,9,3,01,B01
200600065776,0,30,000,00,2,1,19,A01
200600065777,0,07,000,00,2,3,11,A01
200600065777,0,33,000,01,0,9,17,B01
200600065778,0,07,000,00,1,3,01,A01
200600065779,0,07,000,01,2,3,20,A01
200600065779,0,31,000,01,2,2,01,B01
200600065780,0,01,000,00,2,1,15,A01
200600065780,1,07,000,00,2,1,01,B01
200600065781,0,07,000,00,0,8,19,B01
200600065781,0,10,000,00,2,1,19,A01
200600065782,0,07,000,00,2,3,01,B01
200600065782,0,07,000,00,2,6,09,A01
200600065783,0,07,000,00,0,4,23,B01
200600065783,0,07,000,14,0,1,02,A01
200600065784,0,07,000,02,0,1,13,A01
200600065785,0,07,000,00,2,3,01,B01
200600065785,0,01,000,00,2,1,13,A01
200600065786,0,32,000,14,2,3,17,B01
200600065786,0,30,000,00,2,3,17,A01
200600065787,0,01,000,00,2,1,16,B01
200600065787,0,07,000,00,2,5,15,A01
200600065788,0,07,000,00,0,4,23,B01
200600065788,0,07,000,00,2,1,02,A01
200600065789,0,07,000,00,2,4,23,B01
200600065789,0,07,000,14,0,1,01,A01
200600065790,0,30,000,00,2,1,17,B01
200600065790,0,07,000,00,2,8,15,A01
200600065791,0,30,000,00,2,1,01,B01
200600065791,0,07,000,00,2,2,15,A01
200600065792,0,17,000,00,1,5,15,A01
200600065793,0,01,000,00,2,1,01,B01
200600065793,0,07,000,00,1,5,16,A01
200600065794,0,07,000,00,2,8,01,C01
200600065794,0,07,000,06,2,1,01,B01
200600065794,0,07,000,00,2,1,13,A01
200600065795,0,07,000,00,1,4,04,A01
200600065796,0,07,000,14,2,2,01,A01
200600065796,0,07,000,00,2,1,01,B01
200600065796,0,14,000,00,2,3,01,C01
200600065797,0,07,000,00,1,3,02,A01
200600065798,0,07,000,06,0,9,01,A01
200600065799,0,30,000,00,2,1,01,A01
200600065799,1,07,000,00,2,5,15,B01
200600065800,0,07,000,00,2,3,01,B01
200600065800,0,02,000,00,1,1,17,A01
200600065801,0,07,000,00,2,3,16,A01
200600065801,0,07,000,00,2,1,13,B01
200600065802,0,10,000,00,1,3,15,A01
200600065803,0,07,000,00,1,0,01,A01
200600065804,0,07,000,00,2,3,15,B01
200600065804,0,02,000,00,2,1,05,A01
200600065805,0,07,000,00,0,1,00,A01
200600065805,0,07,000,00,0,3,00,B01
200600065806,0,30,000,00,2,7,01,B01
200600065806,0,07,000,00,2,3,09,A01
200600065807,0,07,000,12,0,5,01,B01
200600065807,1,07,000,00,0,2,01,A01
200600065808,0,07,000,00,0,7,01,A01
200600065808,0,07,000,00,2,1,01,B01
200600065809,0,07,000,00,2,3,01,A01
200600065809,0,07,000,00,2,1,01,B01
200600065810,0,07,000,00,2,2,16,B01
200600065810,0,30,000,00,2,1,02,A01
200600065811,0,30,000,00,2,1,01,B01
200600065811,0,10,000,00,2,8,20,A01
200600065812,0,07,000,00,2,1,15,A01
200600065812,0,31,000,00,2,1,01,B01
200600065813,0,07,000,00,1,1,00,A01
200600065814,0,32,000,08,0,0,00,A01
200600065814,1,07,000,00,0,0,00,B01
200600065815,0,02,000,12,0,1,01,A01
200600065816,0,33,000,00,2,1,13,A01
200600065816,0,10,000,00,2,1,01,B01
200600065816,0,07,000,00,0,0,15,C01
200600065817,0,07,000,00,1,3,01,A01
200600065818,0,10,000,00,2,2,00,A01
200600065819,1,07,000,00,1,0,13,A01
200600065819,0,07,000,00,0,0,00,B01
200600065820,0,07,000,00,2,1,02,A01
200600065820,0,07,000,00,2,4,02,B01
200600065820,0,07,000,00,2,4,02,C01
200600065821,0,07,000,00,2,2,15,A01
200600065821,0,34,000,00,2,1,01,B01
200600065822,0,07,000,00,0,0,00,B01
200600065822,0,33,000,00,0,0,00,A01
200600065823,0,99,000,00,2,1,00,A01
200600065823,0,03,000,00,2,3,00,B01
200600065824,0,30,000,00,2,7,00,B01
200600065824,0,07,000,00,2,1,00,A01
200600065825,0,07,000,00,2,6,09,A01
200600065825,0,31,000,00,2,1,01,B01
200600065826,0,07,000,00,2,1,13,A01
200600065826,0,14,000,00,2,1,01,B01
200600065827,0,32,000,00,2,1,13,A01
200600065827,0,10,000,00,2,1,01,B01
200600065828,0,07,000,00,1,2,01,A01
200600065829,0,07,000,00,2,7,15,A01
200600065829,0,33,000,00,2,1,01,B01
200600065830,0,07,000,14,0,1,05,A01
200600065830,0,07,000,14,2,1,23,B01
200600065830,0,07,000,00,0,1,23,C01
200600065830,0,07,000,00,0,1,23,D01
200600065831,0,07,000,00,2,1,02,A01
200600065831,0,07,000,00,2,4,02,B01
200600065832,0,10,000,00,2,1,00,A01
200600065832,0,07,000,00,2,3,01,B01
200600065833,0,07,000,00,2,3,13,A01
200600065833,0,07,000,00,2,3,01,B01
200600065834,0,30,000,00,2,1,02,A01
200600065834,0,07,000,00,2,4,02,B01
200600065835,0,07,000,00,2,2,00,A01
200600065835,0,01,000,00,2,1,01,B01
200600065836,0,07,000,00,2,1,02,A01
200600065836,0,03,000,01,2,4,02,B01
200600065837,0,02,000,00,2,1,01,A01
200600065837,0,07,000,00,2,1,01,B01
200600065837,0,38,002,00,2,4,01,C01
200600065837,0,38,001,00,2,1,01,D01
200600065838,0,07,000,00,2,6,15,A01
200600065838,0,07,000,00,2,2,01,B01
200600065839,0,07,000,00,2,4,04,A01
200600065840,0,31,000,00,2,1,01,A01
200600065840,0,10,000,00,2,6,02,B01
200600065841,0,02,000,00,1,1,01,A01
200600065842,0,07,000,00,2,3,09,A01
200600065842,0,31,000,00,2,1,01,B01
200600065843,0,07,000,00,2,1,02,A01
200600065843,0,07,000,00,2,4,02,B01
200600065844,1,07,000,00,2,1,02,A01
200600065844,0,07,000,00,2,4,01,B01
200600065845,0,07,000,00,2,3,15,A01
200600065845,0,34,000,00,2,1,17,B01
200600065846,0,10,000,00,2,1,02,A01
200600065846,0,07,000,00,2,4,02,B01
200600065846,0,07,000,00,2,4,01,C01
200600065847,0,02,000,00,2,4,15,A01
200600065847,0,07,000,00,2,2,08,B01
200600065848,0,07,000,01,0,1,13,A01
200600065849,0,07,000,00,1,8,01,A01
200600065850,0,07,000,00,2,1,01,A01
200600065850,0,07,000,00,2,2,01,B01
200600065851,0,07,000,00,2,3,09,A01
200600065851,0,07,000,00,2,2,01,B01
200600065852,0,02,000,00,2,1,01,A01
200600065852,0,07,000,00,2,4,01,B01
200600065853,0,10,000,00,2,7,15,A01
200600065853,0,33,000,00,2,1,01,B01
200600065854,0,32,000,00,2,1,01,A01
200600065854,0,07,000,00,2,4,01,B01
200600065855,0,33,000,00,2,8,01,A01
200600065855,0,10,000,00,2,7,16,B01
200600065856,0,30,000,00,2,1,01,A01
200600065856,0,07,000,00,2,4,01,B01
200600065857,0,30,000,00,2,1,01,B01
200600065857,0,10,000,00,2,7,01,A01
200600065858,0,07,000,00,2,5,01,A01
200600065858,0,33,000,00,2,1,01,B01
200600065859,0,30,000,00,2,1,01,A01
200600065859,0,07,000,00,2,8,15,B01
200600065860,0,07,000,00,1,1,01,A01
200600065861,0,07,000,00,2,1,01,B01
200600065861,0,07,000,15,2,6,09,A01
200600065862,0,07,000,00,2,8,15,A01
200600065862,0,33,000,00,2,7,17,B01
200600065863,0,30,000,00,1,1,01,A01
200600065864,0,31,000,00,1,1,01,A01
200600065865,0,07,000,00,2,1,15,A01
200600065865,0,30,000,00,2,1,15,B01
200600065866,0,07,000,00,2,1,15,A01
200600065866,0,33,000,00,2,1,01,B01
200600065867,0,01,000,00,2,3,01,B01
200600065867,0,07,000,00,2,1,16,A01
200600065868,0,07,000,00,1,1,15,A01
200600065869,0,07,000,00,2,7,22,A01
200600065869,0,33,000,00,2,1,00,B01
200600065870,0,10,000,00,1,4,04,A01
200600065871,0,07,000,00,2,1,00,A01
200600065871,0,07,000,00,2,5,00,B01
200600065872,0,30,000,00,2,1,02,A01
200600065872,0,07,000,00,2,6,20,B01
200600065873,0,07,000,00,1,4,20,A01
200600065874,0,07,000,00,2,3,00,A01
200600065874,0,02,000,00,2,1,01,B01
200600065875,0,07,000,00,2,8,10,A01
200600065875,0,33,000,00,2,1,01,B01
200600065876,0,07,000,00,1,1,01,A01
200600065877,0,07,000,00,2,3,01,A01
200600065877,0,33,000,00,2,2,17,B01
200600065878,0,30,000,00,2,1,01,A01
200600065878,0,34,000,00,2,7,01,B01
200600065879,0,07,000,00,2,3,15,A01
200600065879,0,30,000,00,2,1,01,B01
200600065880,0,31,000,00,2,1,17,A01
200600065880,0,10,000,00,2,8,15,B01
200600065881,0,31,000,00,1,1,17,A01
200600065882,0,07,000,00,2,4,23,B01
200600065882,0,07,000,00,2,1,01,A01
200600065882,0,07,000,00,2,4,23,C01
200600065883,0,07,000,00,2,2,15,A01
200600065883,0,32,000,00,2,1,01,B01
200600065884,0,30,000,00,2,5,01,A01
200600065884,0,07,000,00,2,2,19,B01
200600065885,0,30,000,00,2,1,17,A01
200600065885,0,07,000,00,2,8,09,B01
200600065886,0,30,000,00,2,7,15,A01
200600065886,0,02,000,00,2,1,01,B01
200600065887,0,32,000,00,2,1,01,B01
200600065887,0,07,000,00,2,2,15,A01
200600065888,0,32,000,00,2,1,02,A01
200600065888,0,15,000,00,0,4,02,B01
200600065889,0,07,000,00,2,1,02,A01
200600065889,0,07,000,00,0,4,02,B01
200600065890,0,07,000,00,2,6,04,A01
200600065890,0,31,000,00,2,1,01,B01
200600065891,0,07,000,06,2,2,15,A01
200600065891,0,07,000,00,2,3,01,B01
200600065892,0,07,000,00,2,3,13,A01
200600065892,0,07,000,00,2,3,01,B01
200600065893,0,07,000,00,2,3,01,E01
200600065893,0,07,000,00,2,8,01,F01
200600065893,0,07,000,00,2,0,13,A01
200600065893,0,07,000,00,2,8,01,C01
200600065893,0,07,000,00,0,0,01,D01
200600065893,0,07,000,00,2,1,01,G01
200600065894,0,07,000,00,2,1,17,A01
200600065894,0,20,000,00,2,5,23,B01
200600065895,0,07,000,00,2,2,01,B01
200600065895,0,07,000,00,2,3,15,A01
200600065896,0,34,000,13,0,1,13,A01
200600065897,0,07,000,01,2,3,13,A01
200600065897,0,32,000,00,0,1,01,B01
200600065897,0,07,000,00,0,1,01,C01
200600065898,0,38,001,00,1,5,01,A01
200600065899,0,10,000,00,2,4,04,A01
200600065899,0,33,000,00,0,2,23,B01
200600065900,0,07,000,00,1,3,01,A01
200600065901,0,07,000,00,2,2,01,A01
200600065901,0,33,000,00,2,8,01,B01
200600065902,0,07,000,00,2,2,01,A01
200600065902,0,32,000,00,2,3,01,B01
200600065903,0,07,000,00,2,3,09,A01
200600065903,0,07,000,00,2,1,01,B01
200600065904,0,07,000,00,1,2,16,A01
200600065905,0,30,000,00,2,8,03,A01
200600065905,0,07,000,00,2,7,02,B01
200600065906,0,07,000,00,2,1,01,A01
200600065906,0,07,000,00,2,4,01,B01
200600065907,0,07,000,00,1,1,01,A01
200600065908,0,02,000,00,2,1,02,A01
200600065908,0,07,000,00,2,4,23,B01
200600065909,0,30,000,00,2,1,01,B01
200600065909,0,07,000,00,2,2,01,A01
200600065910,0,07,000,01,0,7,01,A01
200600065910,0,07,000,00,2,6,24,B01
200600065911,0,07,000,00,2,3,02,A01
200600065911,0,07,000,00,2,3,15,B01
200600065912,0,07,000,00,2,3,01,A01
200600065912,0,33,000,00,2,2,16,B01
200600065913,0,33,000,00,2,1,01,B01
200600065913,0,07,000,00,2,8,15,A01
200600065914,1,02,000,00,2,0,03,A01
200600065914,0,07,000,00,2,7,12,B01
200600065915,0,02,000,01,2,8,02,A01
200600065915,0,07,000,00,2,1,02,B01
200600065916,0,07,000,00,2,3,01,B01
200600065916,0,07,000,00,2,1,15,A01
200600065917,0,07,000,00,1,1,21,A01
200600065918,0,02,000,14,0,1,02,A01
200600065918,0,07,000,00,2,4,23,B01
200600065919,0,32,000,00,1,7,01,A01
200600065920,0,07,000,00,1,1,01,A01
200600065921,0,07,000,00,2,2,16,A01
200600065921,0,01,000,00,2,0,16,B01
200600065922,0,07,000,00,2,1,01,A01
200600065922,0,07,000,00,2,4,01,B01
200600065923,0,07,000,15,1,2,21,A01
200600065924,0,02,000,00,2,8,17,A01
200600065924,0,07,000,00,2,2,02,B01
200600065925,0,07,000,00,2,2,01,A01
200600065925,0,30,000,00,2,8,01,B01
200600065926,0,30,000,00,2,1,01,A01
200600065926,0,07,000,00,2,3,01,B01
200600065927,0,07,000,00,1,1,04,A01
200600065928,0,07,000,00,2,1,01,A01
200600065928,0,07,000,00,2,3,01,B01
200600065929,0,07,000,00,1,3,02,A01
200600065930,0,30,000,00,2,6,02,A01
200600065930,1,10,000,00,2,2,10,B01
200600065931,0,02,000,00,2,1,05,A01
200600065931,0,07,000,00,2,8,01,B01
200600065932,0,07,000,01,0,1,01,A01
200600065933,0,01,000,00,2,4,11,A01
200600065933,0,07,000,00,2,2,01,B01
200600065934,0,02,000,00,2,6,03,A01
200600065934,0,07,000,00,2,7,01,B01
200600065935,0,07,000,00,2,1,00,A01
200600065935,0,07,000,00,2,7,23,B01
200600065935,0,07,000,00,2,6,02,C01
200600065935,0,07,000,00,2,4,02,D01
200600065935,0,33,000,00,2,4,02,E01
200600065936,0,07,000,00,2,3,15,A01
200600065936,0,02,000,00,2,7,17,B01
200600065937,0,07,000,00,2,2,09,A01
200600065937,0,07,000,00,2,7,01,B01
200600065938,0,10,000,00,2,1,02,A01
200600065938,0,07,000,00,2,4,02,B01
200600065939,0,07,000,00,1,1,15,A01
200600065940,0,07,000,00,1,1,02,A01
200600065941,0,07,000,00,2,5,02,A01
200600065941,0,30,000,00,2,1,02,B01
200600065942,0,14,000,00,0,4,24,A01
200600065942,0,07,000,01,0,1,01,B01
200600065943,0,07,000,01,0,4,04,A01
200600065944,0,32,000,00,2,1,01,A01
200600065944,0,14,000,00,9,4,01,B01
200600065945,0,07,000,00,1,4,04,A01
200600065946,0,07,000,00,2,1,13,A01
200600065946,0,07,000,00,2,3,02,B01
200600065947,0,33,000,00,2,8,01,A01
200600065947,0,07,000,00,2,5,21,B01
200600065948,0,15,000,00,2,5,15,A01
200600065948,0,02,000,00,2,1,01,B01
200600065949,0,33,000,00,2,1,02,A01
200600065949,0,07,000,00,2,4,01,B01
200600065950,0,07,000,00,2,5,01,A01
200600065950,0,32,000,00,2,1,01,B01
200600065951,0,07,000,00,2,5,15,A01
200600065951,0,30,000,00,2,1,02,B01
200600065952,1,07,000,00,2,0,00,A01
200600065952,0,01,000,00,2,0,00,B01
200600065953,0,07,000,00,2,1,01,B01
200600065953,0,07,000,00,2,3,01,A01
200600065954,0,07,000,00,1,4,04,A01
200600065955,0,07,000,00,2,1,01,A01
200600065955,0,07,000,00,2,8,01,B01
200600065956,0,31,000,06,0,0,00,A01
200600065957,0,07,000,00,2,8,09,A01
200600065957,0,33,000,00,2,1,01,B01
200600065958,0,10,000,00,1,1,15,A01
200600065959,0,07,000,00,2,5,16,A01
200600065959,0,31,000,00,2,1,15,B01
200600065960,0,07,000,00,2,0,10,A01
200600065960,0,02,000,00,2,1,17,B01
200600065961,0,07,000,00,2,1,15,A01
200600065961,0,10,000,00,2,1,02,B01
200600065962,0,07,000,00,2,3,01,A01
200600065962,0,31,000,00,2,7,01,B01
200600065963,0,07,000,00,1,1,15,A01
200600065964,0,32,000,00,2,0,01,B01
200600065964,1,01,000,00,2,0,09,A01
200600065965,0,07,000,00,2,2,01,A01
200600065965,0,07,000,00,2,2,15,B01
200600065966,0,07,000,00,2,3,09,A01
200600065966,0,32,000,00,2,2,01,B01
200600065967,0,07,000,00,1,7,15,A01
200600065968,0,10,000,00,0,0,09,A01
200600065968,0,07,000,14,0,1,21,B01
200600065969,0,07,000,00,2,1,02,A01
200600065969,0,07,000,00,2,4,02,B01
200600065969,0,07,000,00,2,4,01,C01
200600065970,0,30,000,00,1,1,02,A01
200600065971,0,07,000,00,2,1,01,B01
200600065971,0,07,000,00,2,2,01,A01
200600065972,0,07,000,00,2,3,09,A01
200600065972,0,32,000,00,2,1,01,B01
200600065973,0,31,000,00,2,1,01,A01
200600065973,0,10,000,00,2,4,01,B01
200600065974,0,14,000,00,1,7,01,A01
200600065975,0,07,000,00,2,0,01,A01
200600065975,0,34,000,00,2,1,01,B01
200600065976,0,31,000,00,0,0,01,A01
200600065977,0,07,000,00,1,1,01,A01
200600065978,0,07,000,01,0,1,01,A01
200600065979,0,02,000,00,2,1,17,A01
200600065979,0,07,000,00,2,3,17,B01
200600065979,0,07,000,00,2,5,01,C01
200600065980,0,07,000,00,2,3,15,A01
200600065980,0,34,000,00,2,1,01,B01
200600065981,0,07,000,00,2,2,10,A01
200600065981,0,33,000,00,2,1,01,B01
200600065982,0,07,000,00,2,3,10,A01
200600065982,0,30,000,00,2,1,01,B01
200600065983,0,01,000,00,2,1,01,A01
200600065983,0,02,000,00,9,1,01,B01
200600065983,0,37,000,00,9,7,01,C01
200600065984,0,33,000,00,2,1,13,A01
200600065984,0,07,000,00,2,3,01,B01
200600065985,0,07,000,14,0,4,01,A01
200600065986,0,02,000,00,2,1,00,A01
200600065986,0,01,000,00,2,4,01,B01
200600065986,0,01,000,00,2,4,01,C01
200600065987,0,34,000,00,2,8,01,A01
200600065988,0,07,000,00,2,7,01,A01
200600065988,0,07,000,00,2,1,01,B01
200600065989,0,07,000,00,2,3,15,A01
200600065989,0,30,000,00,2,1,01,B01
200600065990,0,07,000,00,2,1,01,A01
200600065990,0,07,000,15,0,4,01,B01
200600065990,0,07,000,00,0,4,01,C01
200600065991,0,30,000,00,2,1,02,A01
200600065991,0,37,000,00,2,1,00,B01
200600065992,0,10,000,00,1,8,01,A01
200600065993,0,07,000,00,2,1,15,A01
200600065993,0,02,000,00,2,1,01,B01
200600065994,0,31,000,03,0,9,21,A01
200600065995,0,30,000,00,0,0,01,A01
200600065996,0,07,000,08,0,1,14,A01
200600065997,0,07,000,00,1,1,01,A01
200600065998,0,33,000,01,0,0,01,A01
200600065999,0,02,000,00,2,1,01,A01
200600065999,0,07,000,00,2,8,13,B01
200600066000,0,07,000,12,0,1,14,A01
200600066001,0,33,000,00,2,1,12,A01
200600066001,0,14,000,00,2,4,01,B01
200600066002,0,07,000,00,2,2,10,A01
200600066002,0,37,022,00,2,2,01,B01
200600066003,0,07,000,00,2,1,01,B01
200600066003,0,02,000,00,2,0,15,A01
200600066004,0,30,000,01,2,1,18,A01
200600066004,0,07,000,00,2,7,16,B01
200600066005,0,02,000,00,2,8,02,A01
200600066005,1,07,000,00,2,0,13,B01
200600066006,0,07,000,00,2,3,09,A01
200600066006,0,30,000,00,2,0,02,B01
200600066007,0,07,000,00,2,7,15,A01
200600066007,0,02,000,00,2,1,01,B01
200600066008,0,02,000,00,1,1,01,A01
200600066009,0,33,000,00,1,3,02,A01
200600066010,0,02,000,00,2,1,01,A01
200600066010,0,33,000,00,2,7,19,B01
200600066011,0,07,000,00,2,7,15,A01
200600066011,0,31,000,00,2,8,01,B01
200600066012,0,07,000,00,2,1,01,A01
200600066012,0,07,000,00,2,4,01,B01
200600066013,0,07,000,00,0,0,00,A01
200600066013,0,07,000,00,2,4,00,B01
200600066014,0,32,000,01,0,7,01,A01
200600066015,0,30,000,00,2,2,01,A01
200600066015,0,30,000,00,0,2,01,B01
200600066016,0,31,000,00,1,1,02,A01
200600066017,0,07,000,00,2,3,02,A01
200600066017,0,07,000,01,2,1,02,B01
200600066018,0,30,000,00,2,0,09,A01
200600066018,0,33,000,00,2,8,01,B01
200600066019,0,07,000,00,2,1,16,A01
200600066019,0,32,000,00,2,4,16,B01
200600066020,0,07,000,00,2,1,01,A01
200600066020,0,07,000,00,2,2,01,B01
200600066021,0,07,000,00,2,7,15,A01
200600066021,0,33,000,00,2,7,01,B01
200600066022,0,02,000,14,0,1,01,A01
200600066022,0,07,000,00,2,4,02,B01
200600066023,0,02,000,00,2,7,01,A01
200600066023,0,07,000,00,2,2,00,B01
200600066024,0,07,000,00,9,3,15,A01
200600066024,0,02,000,00,2,1,17,B01
200600066025,0,07,000,00,1,1,01,A01
200600066026,0,07,000,00,2,7,13,A01
200600066026,0,02,000,00,2,7,17,B01
200600066027,0,07,000,00,2,7,01,A01
200600066027,0,07,000,00,2,1,01,B01
200600066028,0,07,000,00,1,1,01,A01
200600066029,0,02,000,14,0,1,01,A01
200600066029,0,07,000,00,2,4,02,B01
200600066030,0,07,000,00,1,2,01,A01
200600066031,0,07,000,00,2,1,01,A01
200600066031,0,33,000,00,2,5,23,B01
200600066032,0,34,000,00,2,1,01,A01
200600066032,0,07,000,00,2,8,01,B01
200600066033,0,07,000,00,2,5,16,A01
200600066033,0,33,000,00,2,2,16,B01
200600066034,0,33,000,00,2,1,17,A01
200600066034,0,07,000,00,2,1,02,C01
200600066034,0,07,000,00,2,1,09,B01