Num_Acc,senc,catv,occutc,obs,obsm,choc,manv,num_veh
200600066375,0,07,000,00,2,3,01,A01
200600066375,0,07,000,00,2,3,01,B01
200600066376,0,10,000,00,2,3,01,B01
200600066376,0,07,000,00,2,8,19,A01
200600066377,0,07,000,00,1,3,01,A01
200600066378,0,07,000,00,2,8,09,A01
200600066378,0,33,000,00,2,1,01,B01
200600066379,0,07,000,00,2,2,17,A01
200600066379,0,02,000,00,2,8,15,B01
200600066380,0,07,000,00,2,5,21,B01
200600066380,0,07,000,00,2,2,09,A01
200600066381,0,07,000,00,1,1,00,A01
200600066382,0,07,000,00,2,1,02,A01
200600066382,0,07,000,00,2,4,23,B01
200600066383,0,30,000,00,2,1,02,A01
200600066383,0,07,000,00,2,5,15,B01
200600066384,0,07,000,00,2,6,00,A01
200600066384,0,17,000,00,2,2,01,B01
200600066384,0,07,000,00,2,6,01,C01
200600066385,0,33,000,00,2,8,15,A01
200600066385,0,16,000,00,2,7,01,B01
200600066386,0,07,000,00,2,3,15,A01
200600066386,0,30,000,00,2,1,17,B01
200600066387,0,07,000,00,2,8,09,A01
200600066387,0,30,000,00,2,1,09,B01
200600066388,0,10,000,00,2,1,02,A01
200600066388,0,07,000,00,2,4,02,B01
200600066389,0,10,000,00,2,4,01,A01
200600066389,0,07,000,00,2,1,01,B01
200600066389,0,07,000,00,2,4,04,C01
200600066390,0,33,000,00,0,1,01,B01
200600066390,0,07,000,00,2,1,01,C01
200600066390,0,07,000,00,2,9,13,A01
200600066391,0,07,000,00,2,1,01,A01
200600066391,0,07,000,00,2,1,05,B01
200600066392,0,30,000,00,2,1,05,A01
200600066392,0,07,000,00,2,1,01,B01
200600066393,0,07,000,00,2,1,17,A01
200600066393,0,07,000,00,2,1,01,B01
200600066394,0,07,000,00,9,1,16,A01
200600066394,0,01,000,00,2,0,01,B01
200600066395,0,07,000,00,2,1,02,A01
200600066395,0,07,000,00,1,4,02,B01
200600066396,0,33,000,00,2,2,01,B01
200600066396,0,07,000,00,2,3,16,A01
200600066397,0,07,000,00,2,5,15,A01
200600066397,0,07,000,00,2,1,01,B01
200600066398,0,07,000,00,2,3,20,A01
200600066398,0,07,000,00,0,2,01,B01
200600066399,0,07,000,00,2,1,01,A01
200600066399,0,07,000,00,2,3,01,B01
200600066400,0,07,000,00,1,3,01,A01
200600066401,0,07,000,00,0,0,15,A01
200600066401,0,02,000,00,2,0,01,B01
200600066402,0,07,000,00,1,1,07,A01
200600066403,0,30,000,00,1,2,01,A01
200600066404,0,07,000,00,2,7,01,A01
200600066404,0,33,000,00,2,8,01,B01
200600066405,0,02,000,00,2,1,03,A01
200600066405,0,07,000,00,0,8,01,B01
200600066405,0,07,000,00,0,1,01,C01
200600066406,0,10,000,00,2,2,01,A01
200600066406,0,30,000,00,0,8,02,B01
200600066407,0,10,000,00,0,0,15,A01
200600066407,0,07,000,00,1,1,14,B01
200600066408,0,07,000,00,9,3,01,A01
200600066408,0,01,000,00,0,4,01,B01
200600066409,0,07,000,00,1,1,15,A01
200600066410,0,07,000,00,1,1,15,A01
200600066411,0,33,000,00,2,1,13,A01
200600066411,0,33,000,00,2,1,01,B01
200600066412,0,07,000,00,2,2,01,B01
200600066412,0,07,000,00,2,3,15,A01
200600066413,0,02,000,00,1,1,01,A01
200600066414,0,07,000,00,2,7,15,A01
200600066414,0,30,000,00,2,1,01,B01
200600066415,1,07,000,00,1,2,01,A01
200600066416,0,07,000,00,1,1,15,A01
200600066417,0,02,000,00,2,1,00,A01
200600066417,0,07,000,00,2,8,00,B01
200600066418,0,07,000,00,2,8,15,A01
200600066418,0,07,000,00,2,1,01,B01
200600066419,0,07,000,10,2,1,01,A01
200600066420,0,30,000,00,2,1,01,A01
200600066420,0,37,001,00,2,4,01,B01
200600066421,0,07,000,00,9,1,15,A01
200600066421,0,01,000,00,2,1,01,B01
200600066422,0,30,000,01,0,1,02,A01
200600066422,0,07,000,00,2,4,02,B01
200600066423,0,07,000,00,2,1,01,A01
200600066423,0,07,000,00,2,4,01,B01
200600066423,0,07,000,00,2,4,04,C01
200600066424,0,07,000,00,2,1,15,A01
200600066424,0,33,000,00,2,1,01,B01
200600066425,0,07,000,00,2,1,01,A01
200600066425,0,07,000,00,2,1,01,B01
200600066426,0,07,000,00,2,1,13,A01
200600066426,0,07,000,00,2,1,01,B01
200600066426,0,07,000,00,2,1,01,C01
200600066427,0,02,000,00,2,1,01,B01
200600066427,0,07,000,00,2,1,15,A01
200600066428,0,07,000,15,1,3,05,A01
200600066429,0,07,000,00,1,1,01,A01
200600066430,0,07,000,00,2,1,01,A01
200600066430,0,01,000,00,2,3,01,B01
200600066431,0,07,000,00,2,3,15,A01
200600066431,0,30,000,01,2,8,01,B01
200600066432,0,07,000,00,2,1,01,B01
200600066432,0,37,001,00,2,3,15,A01
200600066433,0,07,000,06,2,7,01,A01
200600066433,0,10,000,00,2,1,01,B01
200600066434,0,07,000,00,1,2,15,A01
200600066435,0,33,000,02,0,8,01,A01
200600066436,0,07,000,00,2,1,13,A01
200600066436,0,07,000,00,2,1,01,B01
200600066437,0,30,000,00,2,3,01,A01
200600066437,0,07,000,00,2,1,01,B01
200600066438,0,07,000,00,2,3,02,B01
200600066438,0,02,000,00,2,2,02,A01
200600066439,0,02,000,00,2,8,10,A01
200600066439,0,33,000,00,2,1,01,B01
200600066440,0,07,000,00,2,8,01,B01
200600066440,0,02,000,00,2,1,15,A01
200600066441,0,30,000,00,2,1,17,A01
200600066441,0,07,000,00,2,8,15,B01
200600066442,0,07,000,06,0,1,13,A01
200600066443,0,33,000,00,2,1,16,A01
200600066443,0,02,000,00,2,1,01,B01
200600066444,0,07,000,00,2,1,02,A01
200600066444,0,07,000,00,2,4,02,B01
200600066445,0,14,000,00,2,1,01,A01
200600066445,0,07,000,00,2,4,01,B01
200600066446,0,07,000,00,2,2,09,A01
200600066446,0,02,000,00,2,7,01,B01
200600066447,0,07,000,00,2,5,14,A01
200600066447,0,02,000,00,2,3,01,B01
200600066448,0,07,000,00,2,1,13,A01
200600066448,0,07,000,00,2,8,01,B01
200600066449,0,07,000,00,2,2,15,A01
200600066449,0,07,000,00,2,1,01,B01
200600066450,0,07,000,00,2,1,01,A01
200600066450,0,07,000,00,2,4,01,B01
200600066451,0,07,000,00,2,1,15,A01
200600066451,0,01,000,00,2,8,01,B01
200600066452,0,07,000,00,2,1,23,A01
200600066452,0,33,000,12,2,0,01,B01
200600066453,0,07,000,00,2,2,02,A01
200600066453,0,07,000,00,2,4,02,B01
200600066454,0,07,000,00,2,1,01,A01
200600066454,0,10,000,00,2,4,23,B01
200600066454,0,07,000,00,2,4,23,C01
200600066455,0,07,000,00,1,3,01,A01
200600066456,0,02,000,00,2,3,00,A01
200600066456,0,07,000,00,2,3,01,B01
200600066457,0,07,000,00,1,2,01,A01
200600066458,0,30,000,00,2,1,01,A01
200600066458,0,07,000,00,2,4,02,B01
200600066459,0,07,000,00,1,1,01,A01
200600066460,0,07,000,05,0,0,01,A01
200600066461,0,07,000,00,2,3,23,A01
200600066461,0,30,000,00,2,1,01,B01
200600066462,0,02,000,00,2,1,01,B01
200600066462,0,07,000,00,2,8,15,A01
200600066463,0,02,000,00,2,7,14,A01
200600066463,0,02,000,00,2,8,01,B01
200600066464,1,07,000,00,1,0,14,A01
200600066465,0,07,000,04,0,0,01,A01
200600066466,0,07,000,00,1,1,01,A01
200600066467,0,07,000,09,0,1,14,A01
200600066468,0,02,000,00,2,1,01,A01
200600066468,0,07,000,00,2,8,01,B01
200600066469,0,07,000,00,1,0,01,A01
200600066470,0,02,000,12,0,1,01,A01
200600066471,0,07,000,00,2,3,01,A01
200600066471,0,33,000,00,0,4,01,B01
200600066472,0,07,000,00,1,1,01,A01
200600066473,0,07,000,00,1,1,01,A01
200600066474,0,07,000,00,1,1,01,A01
200600066475,0,07,000,00,1,1,01,A01
200600066476,0,07,000,13,0,9,13,A01
200600066477,0,07,000,00,2,2,15,A01
200600066477,0,02,000,00,2,1,01,B01
200600066478,0,07,000,00,2,3,15,A01
200600066478,0,01,000,00,2,1,01,B01
200600066479,0,10,000,00,2,1,02,A01
200600066479,0,10,000,00,2,4,01,B01
200600066479,0,07,000,00,0,4,01,C01
200600066479,0,07,000,00,2,1,01,D01
200600066480,0,07,000,00,2,1,01,A01
200600066480,0,07,000,00,0,4,15,B01
200600066480,0,10,000,11,0,1,01,C01
200600066481,0,02,000,00,2,1,01,A01
200600066481,0,07,000,00,2,5,19,B01
200600066482,0,07,000,00,2,3,13,A01
200600066482,0,07,000,00,2,6,23,B01
200600066483,0,30,000,00,2,1,02,A01
200600066483,0,01,000,00,0,4,02,B01
200600066484,0,02,000,00,2,7,17,A01
200600066484,0,07,000,00,0,8,15,B01
200600066485,0,07,000,00,2,8,19,A01
200600066485,0,07,000,00,2,1,01,B01
200600066486,0,07,000,00,2,2,15,A01
200600066486,0,07,000,00,2,3,01,B01
200600066487,0,07,000,00,1,7,01,A01
200600066488,0,07,000,00,2,1,02,A01
200600066488,0,33,000,00,2,0,02,B01
200600066489,0,31,000,00,2,1,01,B01
200600066489,0,07,000,00,2,3,15,A01
200600066490,1,07,000,00,1,0,00,A01
200600066491,0,07,000,10,0,2,01,A01
200600066492,0,07,000,00,2,2,09,A01
200600066492,0,33,000,01,2,0,17,B01
200600066493,0,02,000,01,2,8,00,A01
200600066493,0,07,000,00,9,3,01,B01
200600066494,0,07,000,00,2,1,01,A01
200600066494,0,10,000,00,2,4,02,B01
200600066495,0,07,000,00,1,3,00,A01
200600066496,0,07,000,00,1,3,01,A01
200600066497,0,07,000,00,2,0,00,A01
200600066497,0,07,000,00,2,1,01,B01
200600066498,0,07,000,13,0,1,01,A01
200600066499,0,07,000,00,2,2,01,A01
200600066499,0,07,000,00,2,4,23,B01
200600066500,0,07,000,00,1,8,00,A01
200600066501,0,07,000,00,2,2,15,A01
200600066501,0,31,000,00,2,1,01,B01
200600066502,0,07,000,00,2,5,01,A01
200600066502,0,02,000,00,2,1,01,B01
200600066503,0,02,000,01,0,5,21,A01
200600066503,0,07,000,00,0,0,09,B01
200600066504,0,02,000,00,2,8,11,A01
200600066504,0,07,000,00,2,7,01,B01
200600066505,0,07,000,00,2,2,01,B01
200600066505,0,07,000,00,2,8,09,A01
200600066506,0,07,000,00,2,4,23,B01
200600066506,0,07,000,00,2,1,02,A01
200600066506,0,10,000,00,2,4,23,C01
200600066507,1,07,000,00,2,1,01,A01
200600066507,0,02,000,00,2,4,02,B01
200600066508,0,07,000,00,2,7,15,A01
200600066508,0,02,000,00,2,1,01,B01
200600066509,0,30,000,00,2,1,02,A01
200600066509,0,07,000,00,2,4,01,B01
200600066510,0,07,000,00,2,6,09,A01
200600066510,0,02,000,00,2,7,17,B01
200600066511,0,07,000,00,2,3,15,A01
200600066511,0,02,000,00,2,1,01,B01
200600066512,0,07,000,00,1,2,01,A01
200600066513,0,07,000,00,1,3,01,A01
200600066514,0,07,000,00,1,4,04,A01
200600066515,0,07,000,00,2,1,16,A01
200600066515,0,02,000,00,2,1,01,B01
200600066516,0,07,000,00,2,4,23,A01
200600066516,0,07,000,00,2,1,01,B01
200600066517,0,07,000,00,1,1,01,A01
200600066518,0,01,000,00,2,8,19,A01
200600066518,0,07,000,00,2,2,01,B01
200600066519,0,07,000,00,2,1,15,A01
200600066519,0,07,000,00,2,1,01,B01
200600066520,0,07,000,00,2,5,15,A01
200600066520,0,02,000,00,2,3,16,B01
200600066521,0,33,000,00,2,1,02,A01
200600066521,0,07,000,00,2,3,10,B01
200600066522,0,02,000,00,2,2,01,A01
200600066522,0,07,000,00,2,3,16,B01
200600066523,0,02,000,00,2,1,07,A01
200600066523,0,07,000,00,2,7,16,B01
200600066524,0,07,000,00,2,1,23,A01
200600066524,0,02,000,00,2,1,01,B01
200600066525,0,07,000,00,2,2,15,A01
200600066525,0,31,000,00,2,1,01,B01
200600066526,0,07,000,00,2,1,15,A01
200600066526,0,02,000,00,2,1,01,B01
200600066527,0,07,000,00,2,1,16,A01
200600066527,0,10,000,00,2,8,01,B01
200600066528,0,07,000,00,2,6,15,A01
200600066528,0,02,000,00,2,1,01,B01
200600066529,0,10,000,00,1,2,01,A01
200600066530,0,02,000,00,2,1,18,A01
200600066530,0,07,000,00,2,5,15,B01
200600066531,0,10,000,00,1,4,04,A01
200600066532,0,07,000,00,2,1,15,A01
200600066532,0,02,000,00,2,1,01,B01
200600066533,0,37,023,00,2,3,01,A01
200600066533,0,07,000,00,2,8,15,B01
200600066534,0,33,000,00,2,1,01,A01
200600066534,0,07,000,00,2,2,15,B01
200600066535,0,07,000,00,2,1,01,A01
200600066535,0,07,000,00,2,4,01,B01
200600066536,2,02,000,00,1,1,01,A01
200600066537,0,07,000,00,2,1,01,A01
200600066537,0,07,000,00,2,3,15,B01
200600066538,0,07,000,00,2,2,01,A01
200600066538,0,01,000,00,2,3,11,B01
200600066539,0,30,000,00,2,1,17,A01
200600066539,0,07,000,00,2,6,15,B01
200600066540,0,07,000,00,2,7,01,B01
200600066540,0,07,000,00,2,1,01,A01
200600066541,0,10,000,00,2,1,02,A01
200600066541,0,07,000,00,2,1,02,B01
200600066541,0,07,000,00,2,4,02,C01
200600066542,0,07,000,00,1,2,01,A01
200600066543,2,10,000,00,1,1,01,A01
200600066544,0,07,000,13,0,2,00,A01
200600066545,0,07,000,00,1,1,19,A01
200600066546,0,07,000,00,1,1,01,A01
200600066547,0,07,000,00,2,1,02,A01
200600066547,0,01,000,00,2,4,02,B01
200600066548,0,07,000,00,2,2,02,A01
200600066548,0,07,000,00,2,4,02,B01
200600066548,0,07,000,00,2,4,02,C01
200600066548,0,10,000,00,2,4,02,D01
200600066549,0,07,000,00,1,5,04,A01
200600066550,0,07,000,12,1,1,14,A01
200600066551,0,07,000,00,1,3,15,A01
200600066552,0,10,000,00,4,1,01,B01
200600066552,0,07,000,00,2,8,01,A01
200600066553,0,07,000,01,0,1,01,A01
200600066554,0,07,000,00,1,2,01,A01
200600066555,0,07,000,00,1,1,01,A01
200600066556,0,07,000,00,0,1,02,A01
200600066556,0,07,000,00,2,4,02,B01
200600066557,0,07,000,00,0,5,02,B01
200600066557,0,30,000,00,0,2,02,A01
200600066558,0,07,000,00,2,8,10,A01
200600066558,0,02,000,00,2,1,01,B01
200600066559,0,07,000,00,1,1,01,A01
200600066560,0,07,000,01,0,6,01,B01
200600066560,0,03,000,00,2,1,01,A01
200600066561,0,07,000,00,2,1,00,A01
200600066561,0,07,000,00,0,3,00,B01
200600066562,0,07,000,00,2,7,01,B01
200600066562,0,02,000,00,2,1,01,A01
200600066563,0,07,000,06,0,0,00,A01
200600066563,0,07,000,00,0,5,00,B01
200600066564,0,07,000,06,2,2,01,B01
200600066564,0,07,000,00,2,3,19,A01
200600066565,0,07,000,00,2,3,17,A01
200600066565,0,07,000,00,2,3,01,B01
200600066566,0,07,000,00,2,3,13,A01
200600066566,0,07,000,00,2,3,01,B01
200600066567,0,02,000,01,2,1,18,A01
200600066567,0,07,000,00,2,2,16,B01
200600066568,0,07,000,00,2,3,01,A01
200600066568,0,02,000,00,2,1,01,B01
200600066569,0,07,000,00,2,1,01,A01
200600066569,0,07,000,00,2,2,01,B01
200600066570,0,07,000,11,2,1,17,A01
200600066570,0,07,000,00,2,1,01,C01
200600066570,0,07,000,11,0,6,11,B01
200600066571,0,02,000,00,0,1,02,B01
200600066571,0,07,000,00,0,6,02,A01
200600066572,0,07,000,00,9,0,09,A01
200600066572,0,05,000,09,0,8,01,B01
200600066573,0,07,000,00,0,3,15,A01
200600066573,0,02,000,00,2,1,01,B01
200600066574,0,07,000,00,2,8,19,A01
200600066574,0,07,000,00,2,2,01,B01
200600066575,0,07,000,00,2,2,15,A01
200600066575,0,02,000,00,2,1,01,B01
200600066576,0,07,000,00,2,2,01,A01
200600066576,0,07,000,00,2,2,15,B01
200600066577,0,07,000,00,2,3,15,A01
200600066577,0,02,000,00,2,1,01,B01
200600066578,0,13,000,00,2,3,01,A01
200600066578,0,02,000,00,2,1,01,B01
200600066579,0,07,000,00,2,3,01,A01
200600066580,0,07,000,00,2,2,01,A01
200600066581,0,02,000,00,2,1,01,B01
200600066581,0,07,000,00,2,3,15,A01
200600066582,0,30,000,00,0,1,00,A01
200600066583,0,07,000,00,2,3,09,A01
200600066583,0,01,000,00,2,1,01,B01
200600066584,0,07,000,00,2,1,01,B01
200600066584,0,07,000,00,2,2,01,A01
200600066585,0,07,000,00,1,3,09,A01
200600066586,0,07,000,00,0,4,02,A01
200600066586,0,07,000,00,0,1,02,B01
200600066587,0,07,000,04,0,2,01,A01
200600066588,0,10,000,00,1,1,16,A01
200600066589,0,07,000,00,1,1,00,A01
200600066590,0,07,000,00,2,2,15,A01
200600066590,0,33,000,00,2,1,01,B01
200600066591,0,07,000,00,1,1,01,A01
200600066592,0,07,000,00,1,2,01,A01
200600066593,0,07,000,00,2,1,09,A01
200600066593,0,07,000,00,2,1,01,B01
200600066593,0,07,000,00,2,1,01,C01
200600066594,0,07,000,01,0,1,01,A01
200600066594,0,07,000,01,0,4,01,B01
200600066594,0,07,000,00,2,2,01,C01
200600066594,0,07,000,00,0,4,01,D01
200600066595,0,07,000,00,1,1,20,A01
200600066596,0,07,000,02,0,7,01,A01
200600066597,0,33,000,00,5,2,01,A01
200600066598,0,07,000,00,1,7,17,A01
200600066599,1,07,000,00,2,1,02,A01
200600066599,0,07,000,00,0,4,23,B01
200600066600,0,07,000,00,2,1,01,A01
200600066600,0,07,000,00,0,4,01,B01
200600066601,0,07,000,00,2,1,01,B01
200600066601,0,07,000,00,2,7,19,A01
200600066602,0,07,000,00,2,1,13,A01
200600066602,0,01,000,00,2,8,13,B01
200600066603,0,15,000,00,0,7,10,A01
200600066603,0,33,000,00,2,1,01,B01
200600066604,0,07,000,00,1,3,01,A01
200600066605,0,07,000,00,2,1,01,A01
200600066605,0,07,000,00,2,4,00,B01
200600066606,0,07,000,00,1,4,04,A01
200600066607,0,07,000,00,0,2,01,A01
200600066607,0,07,000,00,0,3,09,B01
200600066608,0,10,000,00,0,1,02,A01
200600066608,0,07,000,00,2,4,02,B01
200600066608,0,07,000,00,2,4,02,C01
200600066609,0,37,001,00,1,0,01,A01
200600066610,0,07,000,00,1,1,01,A01
200600066611,0,07,000,00,1,2,01,A01
200600066612,0,07,000,00,9,1,01,A01
200600066612,0,01,000,00,2,9,02,B01
200600066613,0,10,000,00,2,1,00,A01
200600066613,0,07,000,00,2,4,02,B01
200600066614,0,07,000,00,0,3,01,A01
200600066615,0,07,000,00,2,1,01,A01
200600066615,0,07,000,00,2,8,15,B01
200600066616,2,05,000,00,2,1,01,A01
200600066616,0,02,000,00,2,1,19,B01
200600066617,0,07,000,06,0,2,01,A01
200600066618,0,02,000,00,2,5,15,A01
200600066618,0,07,000,00,2,1,15,B01
200600066619,0,07,000,14,0,1,01,A01
200600066620,0,07,000,00,1,3,01,A01
200600066621,0,07,000,00,2,1,01,A01
200600066621,0,15,000,00,0,4,15,B01
200600066622,0,07,000,00,1,1,01,A01
200600066623,0,07,000,00,2,2,15,A01
200600066623,0,05,000,00,0,1,01,B01
200600066624,0,07,000,08,0,4,01,B01
200600066624,0,07,000,00,2,4,09,A01
200600066625,0,07,000,00,1,6,01,A01
200600066626,0,07,000,00,2,8,20,A01
200600066626,0,02,000,00,2,1,01,B01
200600066627,0,07,000,00,2,3,01,B01
200600066627,0,07,000,00,2,1,01,C01
200600066627,0,07,000,00,2,3,09,A01
200600066628,1,07,000,00,2,1,09,A01
200600066628,0,05,000,00,2,7,01,B01
200600066629,0,07,000,00,2,1,13,A01
200600066629,0,10,000,00,2,1,01,B01
200600066630,0,02,000,00,2,7,01,B01
200600066630,0,07,000,00,2,1,09,A01
200600066631,0,07,000,00,2,3,01,A01
200600066631,0,07,000,00,2,1,01,B01
200600066632,0,07,000,00,2,3,09,A01
200600066632,0,04,000,00,2,1,01,B01
200600066632,0,07,000,00,2,3,01,C01
200600066633,0,30,000,00,2,4,02,B01
200600066633,0,07,000,00,2,3,16,A01
200600066634,0,07,000,00,2,1,17,A01
200600066634,0,07,000,01,2,8,15,B01
200600066635,0,07,000,12,0,1,01,A01
200600066636,0,07,000,00,1,1,02,A01
200600066637,0,33,000,00,2,1,02,B01
200600066637,0,07,000,00,2,7,15,A01
200600066638,0,07,000,00,1,2,02,A01
200600066639,0,07,000,00,2,7,11,A01
200600066639,0,33,000,00,2,1,01,B01
200600066640,0,07,000,00,0,1,01,A01
200600066641,0,07,000,00,2,8,01,B01
200600066641,0,07,000,00,2,1,02,A01
200600066642,0,07,000,00,2,1,15,A01
200600066642,0,02,000,00,2,1,02,B01
200600066643,0,02,000,00,2,1,01,B01
200600066643,0,07,000,00,2,8,09,A01
200600066644,0,07,000,00,2,7,15,A01
200600066644,0,07,000,00,2,1,01,B01
200600066645,0,07,000,00,2,1,02,A01
200600066645,0,07,000,00,2,4,02,B01
200600066646,0,07,000,00,2,2,15,A01
200600066646,0,33,000,00,2,1,02,B01
200600066647,0,07,000,00,2,5,15,A01
200600066647,0,33,000,00,2,1,01,B01
200600066648,0,07,000,00,2,1,15,A01
200600066648,0,33,000,00,2,1,01,B01
200600066649,0,07,000,00,2,2,15,A01
200600066649,0,02,000,00,2,1,01,B01
200600066650,0,07,000,00,2,3,09,A01
200600066650,0,02,000,00,2,1,01,B01
200600066651,0,07,000,00,2,2,15,A01
200600066651,0,33,000,00,2,1,01,B01
200600066652,0,15,000,00,2,3,15,A01
200600066652,0,07,000,00,2,1,01,B01
200600066653,0,07,000,00,2,2,00,A01
200600066653,0,07,000,00,2,1,01,B01
200600066654,0,10,000,00,2,1,13,A01
200600066654,0,21,000,00,2,1,01,B01
200600066655,0,02,000,00,2,1,01,A01
200600066655,0,07,000,00,2,3,15,B01
200600066656,0,07,000,00,1,1,01,A01
200600066657,0,15,000,12,0,8,09,A01
200600066658,0,07,000,01,0,1,02,A01
200600066658,0,07,000,00,0,4,23,B01
200600066659,0,07,000,00,2,3,15,A01
200600066659,0,07,000,00,2,3,01,B01
200600066660,0,15,000,01,0,1,02,A01
200600066660,0,07,000,00,2,4,23,B01
200600066661,0,02,000,14,0,7,01,A01
200600066662,0,07,000,00,2,8,01,B01
200600066662,0,07,000,00,2,3,19,A01
200600066663,0,07,000,00,2,1,01,B01
200600066663,0,07,000,00,2,8,19,A01
200600066664,0,33,000,00,2,3,01,B01
200600066664,1,35,000,00,2,0,19,A01
200600066665,0,07,000,01,0,1,01,A01
200600066666,0,32,000,00,2,1,01,A01
200600066666,0,07,000,00,2,6,15,B01
200600066667,0,30,000,00,5,2,01,A01
200600066668,0,30,000,00,0,0,01,A01
200600066669,0,07,000,00,2,3,01,A01
200600066669,0,01,000,00,2,1,01,B01
200600066670,0,14,000,00,2,6,01,A01
200600066670,0,07,000,00,2,5,15,B01
200600066671,0,07,000,01,2,1,01,A01
200600066671,0,07,000,00,2,4,23,C01
200600066671,0,07,000,00,2,4,23,D01
200600066671,0,07,000,00,2,4,23,E01
200600066672,0,30,000,00,2,4,01,A01
200600066672,1,07,000,00,0,0,00,B01
200600066673,0,30,000,00,2,1,01,A01
200600066673,0,01,000,00,2,7,19,B01
200600066674,0,07,000,00,2,1,00,A01
200600066674,0,01,000,00,2,0,00,B01
200600066675,0,07,000,00,1,3,01,A01
200600066676,0,07,000,00,2,3,15,A01
200600066676,0,02,000,00,2,9,15,B01
200600066677,0,07,000,00,1,1,01,A01
200600066678,0,02,000,00,0,9,21,A01
200600066679,0,31,000,00,2,8,09,A01
200600066679,0,07,000,00,2,8,01,B01
200600066680,0,07,000,00,2,2,09,A01
200600066680,0,07,000,00,2,1,01,B01
200600066680,0,07,000,00,2,8,23,C01
200600066681,0,07,000,00,2,1,21,A01
200600066681,0,07,000,00,2,1,01,B01
200600066682,0,07,000,00,2,1,19,B01
200600066682,0,07,000,00,2,1,19,A01
200600066683,0,02,000,00,2,1,01,A01
200600066683,0,07,000,00,0,4,01,B01
200600066684,0,07,000,00,2,1,00,A01
200600066684,0,07,000,00,0,1,00,B01
200600066685,0,02,000,00,0,1,01,A01
200600066686,0,07,000,00,1,1,01,A01
200600066687,0,07,000,00,2,3,15,A01
200600066687,0,02,000,00,2,3,10,B01
200600066688,0,07,000,00,2,3,15,A01
200600066688,0,33,000,00,2,7,17,B01
200600066689,0,02,000,00,2,1,07,A01
200600066689,0,07,000,00,2,3,15,B01
200600066690,0,07,000,00,1,2,09,A01
200600066691,0,10,000,00,2,3,01,B01
200600066691,0,07,000,00,2,8,01,A01
200600066692,0,07,000,00,2,1,01,A01
200600066692,0,07,000,00,0,4,23,B01
200600066692,0,07,000,00,0,4,23,C01
200600066693,0,07,000,00,2,4,23,A01
200600066693,0,07,000,00,2,1,01,B01
200600066694,1,07,000,00,1,2,01,A01
200600066695,0,07,000,00,2,2,01,B01
200600066695,0,07,000,00,2,3,01,A01
200600066696,0,07,000,00,2,3,13,A01
200600066696,0,15,000,00,2,3,01,B01
200600066696,0,07,000,00,2,6,14,C01
200600066697,0,30,000,00,0,1,02,A01
200600066697,0,07,000,00,0,4,23,B01
200600066698,0,07,000,00,1,2,01,A01
200600066699,0,07,000,00,1,1,01,A01
200600066700,0,07,000,00,2,1,15,A01
200600066700,0,07,000,00,2,3,00,B01
200600066701,1,07,000,00,0,0,00,A01
200600066701,0,33,000,00,2,4,01,B01
200600066702,0,07,000,01,0,3,13,A01
200600066703,0,07,000,00,2,3,01,B01
200600066703,0,07,000,00,0,2,00,A01
200600066704,0,31,000,00,1,1,17,A01
200600066705,0,31,000,00,2,1,01,A01
200600066705,0,07,000,00,0,5,16,B01
200600066706,0,14,000,00,2,7,15,A01
200600066706,0,33,000,00,2,1,01,B01
200600066707,1,07,000,00,1,1,01,A01
200600066708,0,07,000,00,1,1,01,A01
200600066709,0,07,000,00,1,1,01,A01
200600066710,0,33,000,00,0,2,13,A01
200600066710,0,07,000,00,0,3,01,B01
200600066711,0,07,000,00,0,3,01,B01
200600066711,0,30,000,00,0,1,01,A01
200600066712,0,07,000,00,0,2,01,A01
200600066713,0,07,000,00,2,1,01,A01
200600066713,0,07,000,00,0,4,23,B01
200600066714,0,30,000,00,0,0,01,A01
200600066715,0,07,000,00,2,8,15,A01
200600066715,0,33,000,00,2,7,17,B01
200600066716,0,07,000,00,2,1,17,A01
200600066716,0,07,000,00,2,1,01,B01
200600066716,1,07,000,00,0,0,01,C01
200600066717,0,07,000,00,4,1,01,A01
200600066717,0,07,000,00,2,1,01,B01
200600066718,0,31,000,00,0,0,01,A01
200600066719,1,07,000,00,0,0,00,A01
200600066719,0,07,000,00,2,4,01,B01
200600066720,0,07,000,00,1,3,01,A01
200600066721,0,33,000,00,0,0,01,A01
200600066722,0,07,000,00,2,7,15,A01
200600066722,0,10,000,00,2,1,01,B01
200600066722,0,07,000,00,2,1,01,C01
200600066723,0,07,000,00,2,2,16,A01
200600066723,0,02,000,00,2,1,01,B01
200600066724,0,07,000,00,1,4,04,A01
200600066725,0,07,000,00,2,1,01,A01
200600066725,0,07,000,00,2,8,12,B01
200600066726,0,07,000,00,1,2,01,A01
200600066727,0,07,000,00,1,2,01,A01
200600066728,0,07,000,03,2,1,05,A01
200600066728,0,07,000,03,2,1,01,B01
200600066728,0,07,000,00,2,1,01,C01
200600066729,0,07,000,08,0,2,01,A01
200600066730,0,07,000,00,1,3,02,A01
200600066731,0,31,000,00,1,1,01,A01
200600066732,0,33,000,00,2,1,01,B01
200600066732,0,07,000,00,0,6,19,A01
200600066733,0,07,000,13,0,7,14,A01
200600066734,0,07,000,10,9,3,21,A01
200600066735,0,07,000,16,2,1,13,A01