Num_Acc,senc,catv,occutc,obs,obsm,choc,manv,num_veh
200600066735,0,07,000,00,2,1,01,B01
200600066736,0,07,000,00,2,1,09,A01
200600066736,0,02,000,00,2,7,01,B01
200600066737,0,07,000,00,1,1,15,A01
200600066738,0,07,000,00,2,1,13,A01
200600066738,0,07,000,00,2,1,01,B01
200600066739,0,07,000,00,2,1,09,A01
200600066739,0,07,000,00,2,1,09,B01
200600066740,0,07,000,00,1,1,01,A01
200600066741,0,07,000,00,1,1,01,A01
200600066742,0,07,000,00,2,1,13,A01
200600066742,0,07,000,00,2,1,01,B01
200600066742,0,10,000,00,2,3,01,C01
200600066743,1,07,000,00,1,1,01,A01
200600066744,0,07,000,00,1,4,04,A01
200600066745,0,07,000,00,2,3,13,A01
200600066745,0,07,000,00,2,3,01,B01
200600066746,0,10,000,00,0,0,17,A01
200600066747,0,07,000,00,2,1,01,B01
200600066747,0,07,000,00,2,2,19,A01
200600066747,0,07,000,00,2,8,23,C01
200600066748,0,07,000,00,2,3,13,A01
200600066748,0,07,000,00,2,8,01,B01
200600066748,0,07,000,00,2,6,01,C01
200600066749,0,07,000,00,2,1,13,A01
200600066749,0,07,000,00,2,1,01,B01
200600066750,0,07,000,08,0,1,01,A01
200600066751,0,07,000,00,2,3,01,A01
200600066751,0,30,000,00,2,2,02,B01
200600066752,0,07,000,08,2,5,01,B01
200600066752,1,07,000,00,2,1,01,A01
200600066753,0,33,000,09,2,1,01,A01
200600066753,0,07,000,09,2,1,01,B01
200600066754,0,07,000,00,0,1,15,A01
200600066754,1,30,000,00,2,0,01,B01
200600066755,0,01,000,00,2,1,05,A01
200600066755,0,07,000,00,2,2,01,B01
200600066756,0,01,000,00,2,1,01,A01
200600066756,0,32,000,00,2,1,01,B01
200600066757,1,07,000,00,2,0,11,A01
200600066757,0,34,000,00,2,1,01,B01
200600066758,0,07,000,00,2,3,09,A01
200600066758,0,01,000,00,2,7,01,B01
200600066759,0,07,000,06,0,1,21,A01
200600066760,0,07,000,00,2,1,01,B01
200600066760,0,07,000,00,2,5,01,A01
200600066761,0,02,000,00,2,8,01,A01
200600066761,0,07,000,00,2,2,01,B01
200600066762,0,07,000,00,2,2,15,A01
200600066762,0,30,000,00,2,1,01,B01
200600066763,0,07,000,00,0,9,00,A01
200600066764,0,07,000,00,2,8,17,A01
200600066764,0,07,000,00,2,1,01,B01
200600066765,0,07,000,00,1,1,01,A01
200600066766,0,07,000,00,2,3,01,B01
200600066766,2,07,000,00,2,0,00,A01
200600066767,0,07,000,00,1,1,01,A01
200600066768,0,02,000,00,2,1,01,B01
200600066768,0,07,000,00,2,8,01,A01
200600066769,0,07,000,04,0,1,01,A01
200600066770,0,07,000,00,2,6,24,B01
200600066770,0,33,000,01,0,0,00,A01
200600066771,0,07,000,06,0,3,01,A01
200600066772,0,07,000,00,2,1,09,A01
200600066772,0,33,000,00,2,0,01,B01
200600066773,0,33,000,13,0,9,01,A01
200600066774,0,07,000,00,2,6,01,B01
200600066774,0,07,000,00,2,3,01,A01
200600066775,0,07,000,13,0,1,01,A01
200600066776,0,07,000,00,1,0,01,A01
200600066777,0,07,000,00,2,7,16,A01
200600066777,0,02,000,00,2,1,02,B01
200600066778,0,07,000,11,0,3,01,A01
200600066779,0,07,000,09,2,0,00,A01
200600066779,0,07,000,00,2,5,00,B01
200600066780,0,33,000,00,2,1,01,A01
200600066780,0,07,000,00,2,7,15,B01
200600066781,0,07,000,00,2,8,09,A01
200600066781,0,02,000,00,2,1,01,B01
200600066782,0,07,000,00,2,3,15,A01
200600066782,0,07,000,00,2,2,01,B01
200600066782,0,30,000,00,2,1,01,C01
200600066783,0,07,000,16,0,0,01,A01
200600066784,0,07,000,00,2,1,01,A01
200600066784,0,07,000,00,2,4,01,B01
200600066785,0,15,000,00,2,6,12,A01
200600066785,0,07,000,00,2,6,01,B01
200600066786,0,07,000,00,2,1,01,A01
200600066786,0,07,000,00,2,4,01,B01
200600066786,0,07,000,00,0,4,01,C01
200600066787,0,07,000,06,0,3,00,A01
200600066788,0,07,000,00,2,1,09,A01
200600066788,0,02,000,00,2,0,01,B01
200600066789,0,07,000,00,2,1,19,A01
200600066789,0,07,000,00,2,1,01,B01
200600066790,0,30,000,00,1,1,01,A01
200600066791,0,07,000,00,1,2,00,A01
200600066792,0,07,000,13,0,0,14,A01
200600066793,0,33,000,08,0,7,01,A01
200600066794,0,10,000,00,2,1,01,A01
200600066794,0,07,000,00,2,3,15,B01
200600066795,0,07,000,00,2,6,15,A01
200600066795,0,02,000,00,2,1,01,B01
200600066796,0,33,000,12,0,1,01,A01
200600066797,0,30,000,00,2,1,01,B01
200600066797,0,07,000,00,2,5,01,A01
200600066798,0,07,000,04,0,3,02,A01
200600066799,0,07,000,00,1,1,02,A01
200600066800,0,07,000,00,1,1,01,A01
200600066801,0,07,000,00,2,6,16,A01
200600066801,0,02,000,00,2,1,01,B01
200600066802,0,07,000,00,1,1,02,A01
200600066803,0,07,000,00,2,3,15,A01
200600066803,0,02,000,00,2,1,01,B01
200600066804,0,07,000,02,0,1,01,A01
200600066805,0,07,000,00,1,3,16,A01
200600066806,0,07,000,08,0,9,01,A01
200600066807,0,07,000,00,9,3,02,B01
200600066807,0,31,000,06,2,1,02,A01
200600066808,0,31,000,00,5,1,01,B01
200600066809,0,10,000,13,0,3,01,A01
200600066810,0,07,000,00,1,1,01,A01
200600066811,0,30,000,00,2,1,05,A01
200600066811,0,07,000,00,2,1,01,B01
200600066812,0,07,000,00,1,3,01,A01
200600066813,0,15,000,03,2,1,14,A01
200600066813,0,07,000,00,0,5,01,F01
200600066813,0,07,000,03,0,4,01,B01
200600066813,0,07,000,00,0,7,01,G01
200600066813,0,07,000,00,0,3,01,C01
200600066813,0,07,000,00,0,2,01,H01
200600066813,0,07,000,00,0,3,01,D01
200600066813,0,07,000,00,0,6,01,I01
200600066813,0,07,000,00,0,2,01,E01
200600066813,0,07,000,00,0,4,01,J01
200600066814,0,10,000,00,2,1,02,A01
200600066814,0,10,000,00,2,4,02,B01
200600066814,0,10,000,00,2,4,02,C01
200600066815,0,01,000,00,1,1,01,A01
200600066816,0,07,000,08,0,9,00,A01
200600066817,0,02,000,00,2,3,01,A01
200600066817,0,07,000,00,2,5,23,B01
200600066818,0,07,000,01,0,1,00,A01
200600066819,0,07,000,00,2,7,00,A01
200600066819,0,07,000,00,2,1,01,B01
200600066820,0,07,000,00,2,5,01,A01
200600066820,0,02,000,00,2,9,01,B01
200600066820,0,07,000,00,2,1,01,C01
200600066821,0,02,000,00,2,1,05,A01
200600066821,0,37,000,00,2,3,01,B01
200600066822,0,07,000,00,2,3,01,A01
200600066822,0,07,000,00,2,7,12,B01
200600066823,0,07,000,00,2,8,02,A01
200600066823,0,07,000,00,2,9,02,B01
200600066824,0,07,000,00,1,2,20,A01
200600066825,0,10,000,00,2,2,15,A01
200600066825,0,02,000,00,2,1,07,B01
200600066826,0,17,000,00,0,8,16,A01
200600066827,0,07,000,00,2,1,02,A01
200600066827,0,07,000,00,2,4,02,B01
200600066827,0,07,000,00,2,4,02,C01
200600066827,0,07,000,00,2,4,00,D01
200600066828,0,07,000,00,2,2,16,A01
200600066828,0,02,000,00,2,1,01,B01
200600066829,0,07,000,00,2,3,15,A01
200600066829,0,33,000,00,2,1,01,B01
200600066830,0,02,000,00,2,7,01,A01
200600066830,0,07,000,00,2,0,16,B01
200600066831,0,07,000,00,2,2,01,A01
200600066831,0,10,000,00,2,8,15,B01
200600066832,0,07,000,00,2,1,01,A01
200600066832,0,01,000,00,2,3,19,B01
200600066833,0,31,000,00,0,7,01,A01
200600066834,0,10,000,00,9,2,09,A01
200600066834,0,01,000,00,2,1,05,B01
200600066835,0,07,000,00,1,2,01,A01
200600066836,0,32,000,00,9,1,02,A01
200600066836,0,01,000,00,2,4,02,B01
200600066837,0,10,000,00,2,1,09,A01
200600066837,0,33,000,00,2,2,01,B01
200600066838,0,10,000,00,2,8,10,A01
200600066838,0,33,000,00,2,1,01,B01
200600066839,0,07,000,00,2,1,02,A01
200600066839,0,07,000,00,2,4,02,B01
200600066839,0,07,000,00,0,4,02,C01
200600066840,0,07,000,00,2,3,15,A01
200600066840,0,33,000,00,2,7,17,B01
200600066841,0,07,000,00,2,2,12,A01
200600066841,0,33,000,00,2,8,01,B01
200600066842,0,07,000,00,1,1,01,A01
200600066843,0,07,000,05,0,3,01,A01
200600066844,0,07,000,00,2,3,15,A01
200600066844,0,30,000,00,2,1,01,B01
200600066845,0,07,000,05,0,1,01,A01
200600066846,0,07,000,03,0,9,01,A01
200600066847,0,07,000,00,2,1,01,A01
200600066847,0,07,000,00,2,3,16,B01
200600066848,0,10,000,00,2,3,01,A01
200600066848,0,31,000,00,2,1,01,B01
200600066849,0,30,000,15,0,8,00,A01
200600066850,0,07,000,00,2,1,15,A01
200600066850,0,34,000,00,2,2,01,B01
200600066851,0,07,000,00,2,3,11,A01
200600066851,0,07,000,00,2,2,01,B01
200600066852,0,01,000,00,1,0,11,A01
200600066853,0,33,000,00,0,1,01,A01
200600066854,0,07,000,00,2,2,21,A01
200600066854,0,33,000,00,2,7,15,B01
200600066855,0,07,000,00,1,7,01,A01
200600066856,0,07,000,00,2,3,16,A01
200600066856,0,30,000,00,2,7,15,B01
200600066857,0,07,000,06,0,1,01,A01
200600066858,0,07,000,00,2,4,00,A01
200600066858,0,07,000,00,2,1,00,B01
200600066859,0,10,000,00,0,8,15,A01
200600066860,0,07,000,00,1,3,01,A01
200600066861,0,10,000,00,1,3,01,A01
200600066862,0,07,000,00,2,3,02,A01
200600066862,0,31,000,00,2,4,02,B01
200600066863,0,02,000,00,2,9,01,A01
200600066863,0,07,000,00,2,1,01,B01
200600066863,0,07,000,00,2,6,00,C01
200600066864,0,07,000,00,2,8,15,A01
200600066864,0,33,000,00,2,7,01,B01
200600066865,0,07,000,00,2,3,09,A01
200600066865,0,02,000,00,2,1,01,B01
200600066866,0,07,000,00,2,2,09,A01
200600066866,0,07,000,00,2,1,01,B01
200600066867,0,07,000,00,2,1,02,A01
200600066867,0,07,000,00,2,4,02,B01
200600066868,0,07,000,00,2,1,15,A01
200600066869,0,07,000,00,1,2,01,A01
200600066870,0,01,000,00,2,1,09,A01
200600066870,0,37,001,00,9,2,07,B01
200600066871,0,07,000,00,2,2,11,A01
200600066871,0,07,000,00,2,4,02,B01
200600066871,0,07,000,00,2,4,02,C01
200600066872,0,07,000,15,0,1,00,A01
200600066873,0,02,000,00,2,8,01,B01
200600066873,0,07,000,00,9,2,16,A01
200600066874,0,07,000,00,2,1,02,A01
200600066874,0,07,000,00,2,4,02,B01
200600066875,0,07,000,00,2,4,11,A01
200600066875,0,07,000,00,2,9,01,B01
200600066876,0,02,000,00,2,3,11,A01
200600066876,0,07,000,00,2,6,01,B01
200600066876,0,07,000,00,2,3,01,C01
200600066877,0,07,000,00,1,3,01,A01
200600066878,0,07,000,00,2,1,21,A01
200600066878,0,07,000,00,2,4,24,B01
200600066878,0,07,000,03,0,3,01,C01
200600066878,0,07,000,00,0,0,00,D01
200600066879,0,10,000,00,9,8,23,A01
200600066879,0,01,000,00,2,2,17,B01
200600066880,0,33,000,00,2,1,02,A01
200600066880,0,07,000,00,2,4,02,B01
200600066881,0,33,000,04,0,8,01,A01
200600066882,0,33,000,00,2,8,15,A01
200600066882,0,07,000,00,2,3,01,B01
200600066883,0,10,000,06,9,3,00,A01
200600066883,0,30,000,00,2,1,01,B01
200600066884,0,13,000,00,2,1,02,A01
200600066884,0,07,000,00,2,4,02,B01
200600066885,0,07,000,00,1,3,01,A01
200600066886,0,07,000,04,0,1,00,A01
200600066887,0,10,000,04,0,1,01,A01
200600066888,0,07,000,00,2,7,00,A01
200600066888,0,13,000,00,2,1,01,B01
200600066889,0,07,000,00,1,1,01,A01
200600066890,0,33,000,16,0,8,00,A01
200600066891,0,07,000,00,2,1,02,A01
200600066891,0,07,000,00,2,4,01,B01
200600066892,0,02,000,00,2,1,01,A01
200600066892,0,07,000,00,2,3,15,B01
200600066893,0,31,000,00,2,1,02,A01
200600066893,0,07,000,00,2,4,01,B01
200600066894,0,31,000,00,2,2,01,A01
200600066894,0,07,000,00,2,8,15,B01
200600066895,0,07,000,00,2,7,09,A01
200600066895,0,02,000,00,2,1,01,B01
200600066896,0,13,000,00,2,2,15,A01
200600066896,0,34,000,00,2,2,01,B01
200600066897,0,31,000,00,2,1,07,A01
200600066897,0,07,000,00,2,2,15,B01
200600066898,0,07,000,00,1,3,01,A01
200600066899,0,07,000,00,2,3,01,A01
200600066899,0,07,000,00,2,8,09,B01
200600066900,0,33,000,00,2,1,09,A01
200600066900,0,07,000,00,2,3,01,B01
200600066901,0,10,000,00,2,1,02,A01
200600066901,0,13,000,00,2,4,02,B01
200600066902,0,07,000,00,2,2,07,A01
200600066902,0,07,000,00,2,8,15,B01
200600066903,0,07,000,05,0,9,13,A01
200600066904,0,07,000,00,1,7,01,A01
200600066905,0,07,000,00,2,1,01,A01
200600066905,0,07,000,00,2,4,01,B01
200600066906,0,07,000,00,2,3,13,A01
200600066906,0,07,000,00,2,3,01,B01
200600066907,0,02,000,00,5,1,01,B01
200600066908,0,07,000,00,2,1,01,A01
200600066908,0,07,000,00,2,1,01,B01
200600066908,0,07,000,00,2,4,01,C01
200600066908,0,07,000,00,2,4,01,D01
200600066909,1,07,000,00,2,1,15,A01
200600066909,0,07,000,00,2,1,01,B01
200600066910,0,02,000,01,0,1,14,A01
200600066911,0,14,000,00,2,1,01,A01
200600066911,0,07,000,00,0,4,01,B01
200600066912,0,07,000,00,2,1,01,A01
200600066912,0,07,000,00,2,1,02,B01
200600066912,0,07,000,00,2,4,01,C01
200600066913,0,07,000,00,2,2,01,A01
200600066913,0,07,000,00,2,6,01,B01
200600066914,0,33,000,00,2,2,01,B01
200600066914,0,07,000,00,2,1,16,A01
200600066915,0,07,000,00,2,8,15,A01
200600066915,0,30,000,00,2,7,01,B01
200600066916,0,07,000,00,1,2,01,A01
200600066917,0,07,000,00,2,3,01,A01
200600066917,0,33,000,00,2,1,01,B01
200600066918,0,07,000,06,0,1,02,A01
200600066919,0,01,000,00,2,7,19,A01
200600066919,0,07,000,00,2,2,01,B01
200600066920,0,33,000,00,2,1,01,A01
200600066920,0,01,000,12,2,7,19,B01
200600066921,0,10,000,01,0,1,02,A01
200600066921,0,07,000,01,0,1,23,B01
200600066921,0,07,000,01,0,1,23,C01
200600066921,0,07,000,01,2,1,23,D01
200600066921,0,10,000,00,0,4,23,E01
200600066922,0,07,000,01,0,1,16,A01
200600066923,0,15,000,10,2,3,01,B01
200600066923,0,07,000,00,2,3,13,A01
200600066924,0,07,000,00,2,1,01,B01
200600066924,0,07,000,00,2,1,13,A01
200600066925,0,07,000,10,0,1,13,A01
200600066926,0,07,000,00,2,3,01,A01
200600066926,0,01,000,00,2,1,19,B01
200600066927,0,07,000,00,2,2,01,A01
200600066927,0,07,000,00,2,1,01,B01
200600066928,0,30,000,00,2,1,01,B01
200600066928,0,07,000,00,2,6,19,A01
200600066929,0,07,000,00,2,7,13,A01
200600066929,0,33,000,00,2,7,01,B01
200600066929,0,07,000,14,0,0,01,C01
200600066930,0,07,000,00,2,1,15,A01
200600066930,0,33,000,00,2,1,01,B01
200600066931,1,33,000,00,2,0,01,A01
200600066931,0,01,000,00,2,1,01,B01
200600066932,0,07,000,00,2,8,01,A01
200600066932,0,07,000,00,2,1,01,B01
200600066933,0,07,000,06,0,8,01,A01
200600066934,0,10,000,00,1,6,04,A01
200600066935,0,07,000,00,2,8,22,A01
200600066935,0,33,000,14,0,1,01,B01
200600066936,0,31,000,00,2,1,01,A01
200600066936,0,07,000,00,2,2,15,B01
200600066937,0,07,000,00,1,1,01,A01
200600066938,0,07,000,00,2,3,15,A01
200600066938,0,01,000,00,2,0,01,B01
200600066939,0,07,000,00,2,1,15,A01
200600066939,0,02,000,00,2,8,01,B01
200600066940,0,07,000,00,2,3,01,A01
200600066940,0,02,000,00,2,1,13,B01
200600066941,0,07,000,00,2,2,16,A01
200600066941,0,02,000,00,0,8,01,B01
200600066942,0,07,000,00,2,1,15,A01
200600066942,0,31,000,00,2,8,01,B01
200600066943,0,07,000,01,2,1,15,A01
200600066943,0,33,000,00,2,2,01,B01
200600066944,0,33,000,00,2,1,02,A01
200600066944,0,07,000,00,2,4,01,B01
200600066945,0,07,000,00,1,2,23,A01
200600066946,0,07,000,00,2,2,01,A01
200600066946,0,01,000,00,2,1,19,B01
200600066947,0,07,000,00,2,1,01,A01
200600066947,0,02,000,00,2,7,01,B01
200600066948,0,07,000,00,2,1,15,A01
200600066948,0,07,000,00,2,1,01,B01
200600066949,0,07,000,00,2,2,15,A01
200600066949,0,33,000,00,0,1,00,B01
200600066950,0,07,000,00,2,2,15,A01
200600066950,0,02,000,00,2,1,01,B01
200600066951,0,07,000,00,2,1,15,A01
200600066951,0,07,000,08,2,1,01,B01
200600066952,0,07,000,00,1,4,04,A01
200600066953,0,07,000,14,0,1,02,A01
200600066953,0,07,000,00,2,5,02,B01
200600066953,0,33,000,00,1,1,01,C01
200600066954,0,07,000,00,2,7,16,A01
200600066954,0,02,000,00,2,8,01,B01
200600066955,0,14,000,00,1,1,01,A01
200600066956,0,07,000,00,2,2,20,A01
200600066956,0,02,000,01,2,1,01,B01
200600066957,0,14,000,00,0,0,15,A01
200600066957,0,31,000,00,0,0,01,B01
200600066958,0,07,000,06,0,7,01,A01
200600066959,0,02,000,00,2,1,01,A01
200600066959,0,07,000,00,2,4,01,B01
200600066960,0,07,000,01,1,1,01,A01
200600066961,2,02,000,00,1,0,00,A01
200600066962,0,07,000,00,2,2,15,A01
200600066962,0,02,000,00,2,1,17,B01
200600066963,0,07,000,00,2,1,01,A01
200600066963,0,07,000,00,2,4,04,B01
200600066964,0,07,000,00,2,3,15,A01
200600066964,0,33,000,01,2,1,15,B01
200600066965,0,07,000,07,0,1,01,A01
200600066966,0,10,000,00,2,1,17,A01
200600066966,0,31,000,00,2,6,15,B01
200600066967,0,07,000,00,2,3,15,A01
200600066967,0,31,000,00,2,1,01,B01
200600066968,0,07,000,00,2,3,15,A01
200600066968,0,07,000,00,2,1,01,B01
200600066969,0,02,000,00,1,1,01,A01
200600066969,0,07,000,00,0,3,16,B01
200600066970,0,02,000,00,2,1,01,A01
200600066970,0,07,000,00,2,4,01,B01
200600066971,0,07,000,00,2,1,01,A01
200600066971,0,07,000,00,2,8,01,B01
200600066971,0,07,000,00,2,3,16,C01
200600066972,0,07,000,00,1,3,15,A01
200600066973,0,10,000,00,2,3,01,A01
200600066973,0,07,000,00,2,6,15,B01
200600066974,0,07,000,00,2,1,02,A01
200600066974,0,07,000,00,0,4,02,B01
200600066975,0,07,000,00,1,3,01,A01
200600066976,0,07,000,00,2,2,15,A01
200600066976,0,01,000,00,2,0,01,B01
200600066977,0,07,000,00,2,5,15,A01
200600066977,0,02,000,00,2,3,01,B01
200600066978,0,07,000,00,2,3,09,A01
200600066978,0,07,000,00,2,1,01,B01
200600066979,0,07,000,00,2,3,15,A01
200600066979,0,02,000,00,2,1,01,B01
200600066980,0,33,000,07,2,7,17,A01
200600066980,0,07,000,00,2,8,01,B01
200600066981,0,07,000,14,0,1,01,A01
200600066981,0,07,000,14,0,4,01,B01
200600066981,0,07,000,14,0,4,23,C01
200600066981,0,10,000,00,0,4,23,D01
200600066982,0,07,000,00,2,1,16,A01
200600066982,0,01,000,01,2,7,19,B01
200600066983,0,07,000,00,2,2,15,A01
200600066983,0,02,000,00,2,1,01,B01
200600066984,0,07,000,08,0,1,01,A01
200600066985,0,02,000,00,0,1,01,A01
200600066986,0,07,000,00,2,6,15,A01
200600066986,0,07,000,00,2,2,01,B01
200600066987,0,40,000,00,1,2,01,A01
200600066988,0,01,000,00,0,1,01,A01
200600066988,0,02,000,00,2,2,01,B01
200600066989,0,10,000,00,2,3,16,A01
200600066989,0,10,000,00,2,1,01,B01
200600066990,0,10,000,00,2,2,17,A01
200600066990,0,01,000,00,2,1,15,B01
200600066991,0,01,000,00,2,1,19,A01
200600066991,0,07,000,00,2,1,01,B01
200600066992,0,07,000,00,2,1,01,A01
200600066992,0,07,000,00,2,6,04,B01
200600066993,0,07,000,00,2,3,15,B01
200600066993,0,07,000,00,2,3,01,A01
200600066994,0,07,000,14,0,1,01,A01
200600066994,0,07,000,14,0,4,23,B01
200600066994,0,07,000,00,0,4,23,C01
200600066995,0,07,000,01,2,1,15,A01
200600066995,0,33,000,00,2,1,01,B01
200600066996,0,10,000,00,2,3,15,A01
200600066996,0,07,000,00,2,3,01,B01
200600066997,0,07,000,00,1,1,01,A01
200600066998,0,07,000,00,2,7,14,A01
200600066998,0,01,000,00,0,8,01,B01
200600066999,0,07,000,14,0,1,01,A01
200600066999,0,07,000,14,0,4,23,B01
200600066999,0,07,000,00,0,4,23,C01
200600067000,0,07,000,14,0,1,01,A01
200600067000,0,10,000,00,0,4,23,B01
200600067001,0,07,000,00,2,1,01,A01
200600067001,0,07,000,15,0,4,02,B01
200600067001,0,07,000,14,0,4,23,C01
200600067001,0,07,000,00,0,4,23,D01
200600067002,0,07,000,00,1,1,16,A01
200600067003,0,02,000,00,0,9,01,A01
200600067004,0,37,000,00,1,1,01,A01
200600067005,0,07,000,00,2,1,01,A01
200600067005,0,07,000,00,0,2,01,B01
200600067006,0,07,000,00,1,1,01,A01
200600067007,0,07,000,00,2,1,15,A01
200600067007,0,02,000,00,2,1,01,B01
200600067008,0,07,000,00,2,6,01,A01
200600067008,0,07,000,00,2,1,01,B01
200600067009,0,33,000,00,2,8,14,A01
200600067009,0,14,000,00,2,7,16,B01
200600067010,0,10,000,14,0,1,01,A01
200600067010,0,07,000,00,0,4,23,B01
200600067011,0,14,000,06,2,5,04,A01
200600067011,0,37,000,00,0,7,01,B01
200600067012,0,07,000,09,0,1,01,A01
200600067013,0,07,000,01,0,3,01,A01
200600067014,0,07,000,00,2,1,15,A01
200600067014,0,02,000,00,2,1,01,B01
200600067015,0,01,000,00,2,4,13,A01
200600067015,0,38,004,00,0,7,01,B01
200600067016,0,02,000,01,2,1,01,A01
200600067016,0,07,000,00,2,1,01,B01
200600067017,0,07,000,00,2,3,22,A01
200600067017,0,01,000,01,0,1,01,B01
200600067018,0,07,000,00,2,3,22,A01
200600067018,0,01,000,14,0,1,01,B01
200600067019,0,07,000,00,1,1,01,A01
200600067020,0,07,000,00,0,7,15,A01
200600067020,0,01,000,00,2,1,16,B01
200600067021,0,07,000,00,1,4,04,A01
200600067022,0,02,000,00,2,1,01,A01
200600067022,0,07,000,00,2,7,15,B01
200600067023,0,07,000,00,0,2,15,A01
200600067023,0,02,000,00,2,1,01,B01
200600067024,0,07,000,00,2,1,15,A01
200600067024,0,01,000,00,0,3,01,B01
200600067025,0,07,000,00,0,5,15,A01
200600067025,0,33,000,00,2,1,01,B01
200600067026,0,10,000,00,2,1,15,A01
200600067026,0,31,000,00,2,2,01,B01
200600067027,0,31,000,00,2,1,01,A01
200600067027,0,17,000,00,2,8,01,B01
200600067028,2,07,000,00,2,1,12,A01
200600067028,0,07,000,01,0,8,01,B01
200600067028,0,07,000,00,0,3,00,C01
200600067029,0,01,000,00,2,1,01,A01
200600067029,0,07,000,00,2,3,01,B01
200600067030,0,07,000,00,2,1,15,A01
200600067030,0,02,000,00,2,0,01,B01
200600067031,0,07,000,00,2,1,01,A01
200600067031,0,07,000,00,0,4,02,B01
200600067032,0,07,000,00,2,1,09,A01
200600067032,0,07,000,00,2,2,01,B01
200600067033,0,07,000,00,1,1,04,A01
200600067034,0,07,000,00,2,1,01,A01
200600067034,0,07,000,00,2,6,01,B01
200600067035,0,02,000,00,2,1,01,A01
200600067035,0,07,000,00,2,2,15,B01
200600067036,0,01,000,00,1,1,01,A01
200600067037,0,07,000,14,0,2,00,A01
200600067037,0,30,000,00,2,4,23,B01
200600067038,0,40,000,00,1,3,01,A01
200600067039,0,07,000,00,2,2,23,A01
200600067039,0,33,000,00,2,1,01,B01
200600067040,0,07,000,00,2,1,01,A01
200600067040,0,02,000,00,0,4,23,B01
200600067041,0,33,000,00,2,1,01,A01
200600067041,0,07,000,00,2,6,15,B01
200600067042,0,02,000,00,2,1,01,A01
200600067042,0,07,000,00,2,3,09,B01
200600067043,0,02,000,00,2,4,09,A01
200600067043,0,17,000,00,2,5,01,B01
200600067044,0,07,000,00,1,2,01,A01
200600067045,0,07,000,00,2,3,15,A01
200600067045,0,02,000,06,2,1,18,B01
200600067046,0,07,000,04,0,3,13,A01
200600067047,1,07,000,00,1,3,00,A01
200600067048,0,31,000,00,0,7,00,A01
200600067049,0,07,000,00,1,1,01,A01
200600067050,0,07,000,00,1,1,01,A01
200600067051,0,07,000,00,2,1,01,A01
200600067051,0,07,000,00,2,5,01,B01
200600067052,0,10,000,06,0,8,16,A01
200600067053,0,07,000,02,0,3,00,A01
200600067054,0,10,000,00,2,0,13,A01
200600067054,0,10,000,00,2,8,01,B01
200600067055,0,07,000,00,2,1,13,A01
200600067055,0,07,000,00,2,3,01,B01
200600067055,0,07,000,00,2,3,01,C01
200600067056,0,07,000,00,0,2,00,A01
200600067057,0,07,000,06,0,4,00,A01
200600067058,1,07,000,00,2,1,02,C01
200600067058,0,30,000,00,2,4,02,A01
200600067058,0,02,000,00,2,4,02,B01
200600067059,0,30,000,00,2,7,05,A01
200600067059,0,07,000,00,2,3,01,B01
200600067060,0,07,000,02,0,2,14,A01
200600067061,0,32,000,16,0,0,02,A01
200600067062,0,10,000,00,0,1,02,A01
200600067062,0,07,000,00,2,4,02,B01
200600067063,0,07,000,00,1,0,02,A01
200600067064,0,07,000,00,2,1,02,A01
200600067064,0,07,000,00,2,4,02,B01
200600067064,0,07,000,00,2,4,02,C01
200600067065,0,07,000,00,1,3,01,A01
200600067066,0,30,000,00,9,0,00,B01
200600067067,0,30,000,00,2,7,17,B01
200600067067,0,07,000,00,2,1,15,A01
200600067068,0,10,000,00,9,4,00,A01
200600067069,0,07,000,00,2,7,01,A01
200600067069,0,30,000,00,2,7,01,B01
200600067070,0,14,000,00,2,1,00,B01
200600067071,0,07,000,00,2,3,15,A01
200600067071,0,02,000,00,2,8,21,B01
200600067072,0,07,000,00,2,1,13,A01
200600067072,0,07,000,00,2,0,03,B01
200600067073,0,07,000,00,2,7,00,A01
200600067073,0,33,000,00,2,1,00,B01
200600067074,0,07,000,00,2,8,09,A01
200600067074,0,02,000,00,2,3,00,B01
200600067075,0,30,000,00,2,7,01,B01
200600067075,0,07,000,00,2,8,00,A01
200600067076,0,07,000,00,2,0,00,B01
200600067076,0,07,000,00,2,0,15,A01
200600067077,0,14,000,00,2,2,01,B01
200600067077,0,07,000,00,2,0,00,A01
200600067078,0,33,000,05,0,7,01,A01
200600067079,0,05,000,00,0,7,01,A01
200600067080,0,07,000,04,2,8,01,A01
200600067080,0,07,000,00,2,8,01,B01
200600067081,0,05,000,00,2,1,17,A01
200600067081,0,07,000,00,2,3,15,B01
200600067082,0,07,000,00,2,3,15,A01
200600067082,0,32,000,00,2,1,01,B01
200600067083,0,07,000,00,2,1,02,A01
200600067083,0,07,000,00,2,4,01,B01
200600067083,0,07,000,00,2,4,02,C01
200600067084,0,07,000,00,1,1,15,A01
200600067085,0,07,000,00,2,3,01,B01
200600067085,0,05,000,00,2,1,19,A01
200600067086,0,10,000,00,2,3,10,A01
200600067086,0,33,000,00,2,5,01,B01
200600067087,0,19,000,00,2,3,00,B01
200600067087,0,01,000,00,4,3,00,A01
200600067088,0,07,000,00,1,1,01,A01
200600067089,0,07,000,00,2,8,15,A01
200600067089,0,07,000,00,2,1,01,B01
200600067090,0,07,000,03,2,2,01,A01
200600067090,0,07,000,00,0,6,01,B01