Num_Acc,senc,catv,occutc,obs,obsm,choc,manv,num_veh
200600067457,0,07,000,00,2,4,04,A01
200600067457,0,01,000,00,0,1,01,B01
200600067458,0,01,000,00,2,1,19,A01
200600067458,0,33,000,00,0,1,01,B01
200600067459,0,07,000,00,2,2,01,A01
200600067459,0,07,000,00,2,6,01,B01
200600067460,0,07,000,00,9,1,01,A01
200600067460,0,01,000,00,2,1,01,B01
200600067461,0,07,000,00,2,7,15,A01
200600067461,0,33,000,00,2,8,01,B01
200600067462,0,07,000,00,2,3,01,A01
200600067462,0,33,000,00,0,1,01,B01
200600067463,0,15,000,04,0,1,01,A01
200600067464,0,07,000,00,2,5,10,A01
200600067464,0,33,000,00,2,1,01,B01
200600067465,0,07,000,00,1,3,01,A01
200600067466,0,07,000,00,2,2,15,A01
200600067466,0,02,000,00,0,1,01,B01
200600067467,0,07,000,00,1,7,01,A01
200600067468,0,07,000,00,2,1,02,A01
200600067468,0,07,000,00,0,4,01,B01
200600067469,0,07,000,00,2,1,15,B01
200600067469,0,02,000,00,2,7,01,A01
200600067470,0,07,000,13,9,9,01,A01
200600067471,0,02,000,00,0,1,01,A01
200600067472,0,07,000,00,2,1,01,B01
200600067472,0,07,000,00,0,1,01,A01
200600067473,0,07,000,00,0,8,01,B01
200600067473,0,07,000,00,2,3,15,A01
200600067474,0,02,000,00,1,3,01,A01
200600067474,0,07,000,00,0,3,15,B01
200600067475,0,14,000,00,0,6,23,A01
200600067475,0,01,000,01,0,1,16,B01
200600067476,0,07,000,00,2,2,17,A01
200600067476,0,30,000,00,2,2,01,B01
200600067477,0,07,000,00,2,1,01,A01
200600067477,0,07,000,00,0,4,01,B01
200600067478,0,33,000,00,2,7,17,A01
200600067478,0,01,000,00,2,8,15,B01
200600067479,0,07,000,00,2,1,01,A01
200600067479,0,01,000,00,2,8,01,B01
200600067480,0,07,000,00,2,7,15,A01
200600067480,0,07,000,00,2,1,01,B01
200600067480,0,07,000,00,2,3,00,C01
200600067481,0,01,000,00,4,1,01,A01
200600067481,0,40,000,00,2,1,01,B01
200600067482,0,07,000,00,2,1,15,A01
200600067482,0,07,000,00,2,1,00,B01
200600067483,0,01,000,00,1,0,05,A01
200600067484,0,07,000,00,2,7,17,A01
200600067484,0,02,000,00,2,8,10,B01
200600067485,0,07,000,00,1,0,15,A01
200600067486,0,10,000,00,2,1,01,A01
200600067487,0,07,000,01,0,1,02,A01
200600067488,0,07,000,01,0,1,14,A01
200600067489,0,02,000,00,1,1,01,A01
200600067490,0,07,000,00,2,1,15,A01
200600067490,0,30,000,00,2,1,01,B01
200600067491,0,07,000,00,2,4,01,C01
200600067491,0,10,000,00,2,4,01,B01
200600067491,0,07,000,00,2,1,01,A01
200600067492,0,21,000,00,2,6,09,B01
200600067492,0,07,000,00,2,1,01,A01
200600067493,0,30,000,00,2,7,17,A01
200600067493,0,07,000,00,2,8,21,B01
200600067494,0,07,000,00,0,1,14,A01
200600067495,0,07,000,00,0,9,01,A01
200600067496,0,07,000,00,1,1,01,A01
200600067497,0,31,000,00,5,0,00,A01
200600067498,0,07,000,00,2,7,16,A01
200600067498,0,01,000,00,2,1,02,B01
200600067499,0,10,000,00,2,8,01,A01
200600067499,0,31,000,00,2,1,01,B01
200600067500,0,07,000,00,1,1,01,A01
200600067501,0,30,000,01,0,1,01,A01
200600067502,0,01,000,00,2,1,19,A01
200600067502,0,07,000,00,2,3,01,B01
200600067503,0,07,000,00,2,6,15,A01
200600067503,0,07,000,00,2,1,01,B01
200600067504,0,30,000,00,0,1,01,A01
200600067505,0,07,000,00,2,8,22,A01
200600067505,0,01,000,01,0,1,01,B01
200600067506,0,07,000,00,2,1,02,A01
200600067506,0,07,000,00,2,4,02,B01
200600067506,0,07,000,00,2,4,02,C01
200600067507,0,07,000,00,2,3,20,A01
200600067507,0,02,000,00,2,1,01,B01
200600067508,0,07,000,00,2,1,02,A01
200600067508,0,33,000,00,2,4,02,B01
200600067509,0,14,000,00,2,7,12,A01
200600067509,0,07,000,00,2,8,01,B01
200600067510,0,02,000,00,2,1,02,A01
200600067510,0,37,001,00,2,4,02,B01
200600067511,0,07,000,00,2,1,02,A01
200600067511,0,07,000,00,2,4,02,B01
200600067511,0,07,000,00,2,1,02,C01
200600067512,1,07,000,00,2,0,02,A01
200600067512,0,01,000,00,2,0,02,B01
200600067513,0,01,000,00,2,0,13,A01
200600067513,0,07,000,00,2,7,01,B01
200600067514,0,07,000,00,1,1,01,A01
200600067515,0,07,000,00,2,2,16,A01
200600067515,0,01,000,00,2,3,01,B01
200600067516,0,07,000,00,2,8,15,A01
200600067516,0,07,000,00,2,2,01,B01
200600067517,0,07,000,00,0,1,01,A01
200600067518,0,07,000,00,2,3,15,A01
200600067518,0,30,000,00,2,1,01,B01
200600067519,0,07,000,04,0,3,00,A01
200600067520,0,30,000,00,2,1,01,A01
200600067520,0,07,000,00,2,7,15,B01
200600067521,0,07,000,00,2,3,15,A01
200600067521,0,33,000,00,2,1,01,B01
200600067522,0,33,000,00,0,8,01,A01
200600067523,0,10,000,04,0,1,01,A01
200600067524,0,07,000,00,2,3,01,B01
200600067524,0,30,000,00,2,1,09,A01
200600067525,0,07,000,00,2,1,02,A01
200600067525,0,07,000,00,2,4,02,B01
200600067526,0,10,000,00,2,7,15,A01
200600067526,0,07,000,00,2,1,01,B01
200600067527,0,07,000,00,4,1,02,A01
200600067527,0,07,000,00,2,4,02,B01
200600067527,1,07,000,00,2,4,02,C01
200600067528,0,30,000,00,0,1,01,A01
200600067529,0,33,000,00,2,1,11,A01
200600067529,0,07,000,00,2,5,01,B01
200600067530,0,10,000,00,2,8,09,A01
200600067530,0,31,000,00,2,7,01,B01
200600067531,0,13,000,12,0,8,01,A01
200600067532,0,30,000,12,0,1,01,A01
200600067533,0,10,000,00,2,8,22,A01
200600067533,0,01,000,01,0,1,01,B01
200600067534,0,10,000,00,2,1,02,A01
200600067534,0,07,000,00,2,4,02,B01
200600067535,0,33,000,00,2,1,01,A01
200600067535,0,07,000,00,2,6,09,B01
200600067536,0,07,000,00,2,1,01,A01
200600067536,0,07,000,00,2,1,01,B01
200600067537,0,30,000,00,0,0,00,A01
200600067538,0,07,000,00,2,3,09,A01
200600067538,0,10,000,00,2,1,01,B01
200600067538,0,17,000,00,2,0,01,C01
200600067539,0,07,000,00,1,2,01,A01
200600067540,0,02,000,00,2,1,02,A01
200600067540,0,07,000,00,2,6,02,B01
200600067541,0,07,000,00,2,1,02,A01
200600067541,0,07,000,00,2,4,02,B01
200600067541,0,07,000,00,2,4,02,C01
200600067541,0,07,000,00,2,4,02,D01
200600067542,0,30,000,00,0,7,01,A01
200600067543,0,07,000,00,1,1,20,A01
200600067544,0,07,000,00,2,2,16,A01
200600067544,0,07,000,00,2,6,01,B01
200600067545,0,30,000,00,2,1,02,A01
200600067545,0,07,000,00,2,4,02,B01
200600067546,0,07,000,00,2,2,15,A01
200600067546,0,01,000,00,2,1,01,B01
200600067547,0,07,000,00,2,1,15,A01
200600067547,0,01,000,00,2,1,01,B01
200600067548,0,30,000,00,2,1,02,A01
200600067548,0,07,000,00,2,5,02,B01
200600067549,0,07,000,00,2,3,09,A01
200600067549,0,02,000,00,2,1,01,B01
200600067550,0,07,000,00,1,3,01,A01
200600067551,0,02,000,00,2,1,02,A01
200600067551,0,07,000,00,2,4,02,B01
200600067552,0,07,000,00,2,3,02,A01
200600067552,0,07,000,00,1,1,01,B01
200600067553,0,07,000,00,2,1,07,A01
200600067553,0,07,000,00,2,2,16,B01
200600067554,0,07,000,00,1,1,15,A01
200600067555,0,07,000,00,2,3,09,A01
200600067555,0,33,000,00,2,1,01,B01
200600067556,1,07,000,00,2,1,02,A01
200600067556,0,07,000,00,2,4,23,B01
200600067556,0,07,000,00,2,4,23,C01
200600067557,0,30,000,00,2,1,02,A01
200600067557,0,07,000,00,2,4,02,B01
200600067558,0,07,000,00,1,1,01,A01
200600067559,0,07,000,00,1,0,01,A01
200600067560,0,07,000,00,1,4,04,A01
200600067561,0,07,000,00,0,7,01,A01
200600067561,0,02,000,00,0,1,02,B01
200600067562,0,07,000,14,0,2,15,A01
200600067563,0,02,000,00,2,1,01,A01
200600067563,0,07,000,00,2,2,01,B01
200600067564,0,07,000,00,2,5,15,A01
200600067564,0,31,000,00,2,1,01,B01
200600067565,0,07,000,00,1,1,13,A01
200600067566,1,07,000,00,2,4,15,A01
200600067566,0,07,000,00,2,4,01,B01
200600067566,0,07,000,00,2,1,01,C01
200600067566,0,07,000,00,2,1,01,D01
200600067566,0,07,000,00,2,1,01,E01
200600067567,0,07,000,00,2,1,01,A01
200600067567,0,07,000,00,2,4,01,B01
200600067568,0,07,000,03,0,2,14,A01
200600067569,0,02,000,00,2,1,02,A01
200600067569,0,07,000,00,2,4,02,B01
200600067570,0,02,000,14,0,1,01,A01
200600067571,0,33,000,00,2,1,01,B01
200600067571,0,07,000,00,2,3,09,A01
200600067572,0,07,000,00,1,1,01,A01
200600067573,0,07,000,00,2,1,15,A01
200600067573,0,07,000,00,2,1,01,B01
200600067574,0,07,000,02,0,1,13,A01
200600067575,0,07,000,00,2,1,01,A01
200600067575,0,07,000,00,2,6,01,B01
200600067576,0,07,000,01,0,1,14,A01
200600067577,1,07,000,00,1,2,01,A01
200600067578,0,07,000,00,0,0,13,A01
200600067578,0,02,000,00,0,0,01,B01
200600067579,0,02,000,00,2,1,17,A01
200600067579,0,07,000,00,2,8,15,B01
200600067580,0,07,000,15,0,1,14,A01
200600067581,0,15,000,00,2,2,16,A01
200600067581,0,33,000,00,2,1,01,B01
200600067582,0,07,000,00,2,5,15,A01
200600067582,0,33,000,00,2,1,01,B01
200600067583,0,02,000,00,1,2,17,A01
200600067584,0,07,000,00,2,6,09,A01
200600067584,0,33,000,00,2,5,02,B01
200600067585,0,07,000,00,1,1,00,A01
200600067586,0,07,000,00,1,0,01,A01
200600067587,0,07,000,00,1,3,21,A01
200600067588,0,10,000,00,2,1,01,A01
200600067588,0,01,000,00,2,7,00,B01
200600067589,0,07,000,00,2,3,13,A01
200600067589,0,10,000,00,2,3,01,B01
200600067589,0,10,000,00,9,1,01,C01
200600067590,0,07,000,00,1,2,01,A01
200600067591,0,02,000,01,0,1,02,A01
200600067591,0,17,000,00,0,6,24,B01
200600067592,0,32,000,00,2,2,01,A01
200600067592,0,99,000,00,2,3,01,B01
200600067593,0,07,000,00,2,2,20,A01
200600067593,0,30,000,00,2,5,02,B01
200600067594,0,07,000,00,2,2,15,A01
200600067594,0,01,000,00,2,1,01,B01
200600067595,0,07,000,03,0,9,13,A01
200600067596,0,02,000,00,2,3,18,A01
200600067596,0,07,000,00,2,7,16,B01
200600067597,0,33,000,01,0,8,09,A01
200600067598,0,37,000,00,1,7,01,A01
200600067599,0,37,000,00,1,1,15,A01
200600067600,0,07,000,00,2,1,09,A01
200600067600,0,30,000,00,2,1,01,B01
200600067601,0,07,000,00,1,2,01,A01
200600067602,0,07,000,08,2,1,01,A01
200600067602,0,07,000,00,2,1,10,B01
200600067603,0,02,000,00,2,1,01,A01
200600067603,0,07,000,00,2,2,15,B01
200600067604,0,01,000,00,2,1,05,A01
200600067604,0,07,000,00,2,1,01,B01
200600067605,0,32,000,00,2,8,01,B01
200600067605,0,07,000,00,2,5,09,A01
200600067606,0,07,000,00,2,3,15,A01
200600067606,0,07,000,00,2,3,01,B01
200600067607,1,07,000,00,2,5,18,A01
200600067607,0,30,000,00,2,3,18,B01
200600067608,0,33,000,00,2,1,09,A01
200600067608,0,07,000,00,2,7,01,B01
200600067609,0,07,000,00,2,2,02,A01
200600067609,0,07,000,00,2,6,02,B01
200600067610,0,07,000,11,0,0,00,A01
200600067611,0,02,000,01,0,1,01,A01
200600067612,0,07,000,00,2,8,15,A01
200600067612,0,10,000,00,2,3,01,B01
200600067613,0,10,000,00,2,2,01,B01
200600067613,0,07,000,00,2,1,02,A01
200600067614,0,07,000,00,1,1,00,A01
200600067615,0,07,000,00,2,3,09,A01
200600067615,0,07,000,00,2,5,01,B01
200600067616,0,07,000,00,1,1,01,A01
200600067617,0,02,000,00,2,1,01,B01
200600067617,0,07,000,00,2,3,15,A01
200600067618,0,07,000,00,2,5,10,A01
200600067618,0,31,000,00,2,1,01,B01
200600067619,0,07,000,00,2,1,16,A01
200600067619,0,07,000,00,0,7,01,B01
200600067620,0,07,000,12,0,1,01,A01
200600067621,0,07,000,09,0,1,01,A01
200600067622,0,07,000,00,2,1,15,A01
200600067622,0,07,000,00,2,3,01,B01
200600067623,0,07,000,00,1,3,01,A01
200600067624,0,07,000,00,2,3,10,A01
200600067624,0,30,000,00,2,7,01,B01
200600067625,0,07,000,00,1,4,04,A01
200600067626,0,07,000,00,2,1,01,A01
200600067626,0,07,000,00,2,4,23,B01
200600067627,0,07,000,00,2,1,15,A01
200600067627,0,30,000,00,2,1,01,B01
200600067628,0,07,000,00,2,1,01,A01
200600067628,0,01,000,00,2,7,19,B01
200600067629,0,30,000,00,2,1,01,A01
200600067629,0,01,000,00,2,4,01,B01
200600067630,0,07,000,00,2,1,15,A01
200600067630,0,30,000,00,2,1,01,B01
200600067631,0,07,000,13,0,9,01,A01
200600067632,0,07,000,06,0,1,14,A01
200600067633,0,30,000,00,2,8,01,A01
200600067633,1,07,000,00,2,7,12,B01
200600067634,0,07,000,00,1,3,21,A01
200600067635,0,07,000,13,0,1,01,A01
200600067636,0,07,000,13,0,9,14,A01
200600067637,0,01,000,00,0,0,00,A01
200600067638,0,01,000,00,0,0,01,A01
200600067639,0,07,000,00,2,3,17,A01
200600067639,0,07,000,00,2,1,01,B01
200600067640,0,15,000,00,2,5,01,B01
200600067640,0,15,000,00,2,3,21,A01
200600067641,0,02,000,00,2,7,01,B01
200600067641,0,07,000,00,2,3,09,A01
200600067642,0,01,000,00,2,7,15,A01
200600067642,0,07,000,00,2,1,01,B01
200600067643,0,07,000,00,1,1,02,A01
200600067644,0,10,000,00,2,7,13,A01
200600067644,0,07,000,04,2,1,21,B01
200600067645,0,07,000,00,1,2,01,A01
200600067646,0,17,000,00,2,1,01,A01
200600067646,0,07,000,00,2,7,01,B01
200600067647,0,07,000,00,1,2,01,A01
200600067648,0,07,000,00,1,4,04,A01
200600067649,0,07,000,00,0,7,01,A01
200600067649,0,07,000,00,2,1,01,B01
200600067650,0,07,000,00,1,1,01,A01
200600067651,0,07,000,00,1,3,01,A01
200600067652,1,07,000,00,1,3,01,A01
200600067653,0,07,000,12,2,1,06,A01
200600067653,0,07,000,00,2,8,01,B01
200600067654,0,07,000,00,1,2,01,A01
200600067655,0,07,000,00,1,7,01,A01
200600067656,0,07,000,00,2,5,15,B01
200600067656,0,02,000,00,2,1,17,A01
200600067657,1,07,000,00,2,0,12,A01
200600067657,0,01,000,00,2,1,01,B01
200600067658,0,02,000,00,2,1,17,A01
200600067658,0,07,000,00,2,3,15,B01
200600067659,0,02,000,00,2,1,12,A01
200600067659,0,07,000,00,2,5,01,B01
200600067660,0,02,000,00,2,2,17,A01
200600067660,0,07,000,00,2,3,13,B01
200600067661,0,07,000,00,2,1,01,A01
200600067661,0,07,000,00,2,4,23,B01
200600067662,1,10,000,00,1,7,01,A01
200600067663,0,07,000,00,2,1,01,A01
200600067663,0,07,000,00,2,4,23,B01
200600067663,0,07,000,00,2,4,23,C01
200600067664,0,02,000,00,1,1,01,A01
200600067665,0,07,000,00,2,1,01,A01
200600067665,0,07,000,00,2,4,23,B01
200600067666,0,33,000,00,2,1,01,A01
200600067666,0,07,000,00,2,4,02,B01
200600067667,0,10,000,00,2,1,01,A01
200600067667,0,07,000,00,2,8,01,B01
200600067668,0,07,000,00,2,2,06,A01
200600067668,0,07,000,00,2,1,01,B01
200600067669,0,07,000,00,2,1,02,A01
200600067669,0,07,000,00,2,4,02,B01
200600067669,0,07,000,00,2,4,02,C01
200600067670,0,07,000,00,1,1,01,A01
200600067671,0,02,000,00,2,1,01,A01
200600067671,0,07,000,00,2,3,16,B01
200600067672,0,07,000,00,2,1,15,A01
200600067672,0,02,000,00,2,3,01,B01
200600067673,0,30,000,00,2,1,02,A01
200600067673,0,07,000,00,2,4,23,B01
200600067674,1,07,000,00,2,6,11,A01
200600067674,0,02,000,00,2,7,01,B01
200600067675,0,07,000,00,2,1,13,A01
200600067675,0,10,000,00,2,6,01,B01
200600067676,0,07,000,00,2,6,09,A01
200600067676,0,02,000,00,2,1,01,B01
200600067677,0,07,000,00,1,2,11,A01
200600067678,0,07,000,00,1,1,01,A01
200600067679,0,02,000,00,2,1,01,A01
200600067679,0,07,000,00,2,5,15,B01
200600067680,0,07,000,00,1,4,04,A01
200600067681,0,07,000,00,1,7,01,A01
200600067682,0,07,000,00,1,1,15,A01
200600067683,0,10,000,00,2,1,16,A01
200600067683,0,30,000,00,2,2,16,B01
200600067684,0,07,000,00,1,5,01,A01
200600067685,0,07,000,00,1,5,01,A01
200600067686,0,07,000,00,2,3,15,A01
200600067686,0,31,000,00,2,1,01,B01
200600067687,0,10,000,00,1,3,01,A01
200600067688,0,07,000,00,2,1,09,A01
200600067688,0,02,000,00,2,1,01,B01
200600067689,0,01,000,00,2,8,01,A01
200600067689,0,07,000,00,2,1,01,B01
200600067690,0,30,000,00,2,1,05,A01
200600067690,0,07,000,00,2,3,01,B01
200600067691,0,02,000,00,2,1,17,A01
200600067691,0,07,000,00,2,8,15,B01
200600067692,0,07,000,00,1,2,01,A01
200600067693,0,07,000,00,2,3,01,A01
200600067693,0,10,000,00,2,1,01,B01
200600067694,0,02,000,00,2,1,01,B01
200600067694,0,10,000,00,2,3,09,A01
200600067695,0,07,000,00,2,3,09,A01
200600067695,0,31,000,00,2,1,01,B01
200600067696,0,07,000,00,1,2,01,A01
200600067697,0,07,000,00,2,2,10,A01
200600067697,0,02,000,02,2,1,01,B01
200600067698,0,02,000,00,2,1,17,A01
200600067698,0,07,000,00,2,3,15,B01
200600067699,0,07,000,00,1,1,01,A01
200600067700,0,07,000,00,2,1,01,B01
200600067700,0,07,000,00,2,3,15,A01
200600067701,0,07,000,00,1,2,01,A01
200600067702,0,07,000,00,2,1,17,A01
200600067702,0,33,000,00,2,1,01,B01
200600067703,0,07,000,00,2,1,15,A01
200600067703,0,07,000,00,2,1,01,B01
200600067704,0,10,000,00,2,3,15,A01
200600067705,0,07,000,11,0,4,01,A01
200600067705,1,07,000,00,2,1,01,B01
200600067706,0,07,000,00,2,3,15,A01
200600067706,0,02,000,00,2,8,01,B01
200600067707,0,07,000,00,2,5,01,B01
200600067707,0,07,000,07,2,1,01,A01
200600067708,0,07,000,00,2,1,01,A01
200600067708,0,07,000,00,0,4,01,B01
200600067709,0,07,000,00,2,1,13,A01
200600067709,0,07,000,00,0,1,01,B01
200600067710,0,07,000,04,0,1,16,A01
200600067711,0,07,000,08,0,8,01,A01
200600067712,0,07,000,00,1,1,01,A01
200600067713,0,07,000,00,1,3,01,A01
200600067714,0,07,000,00,2,3,11,A01
200600067714,0,33,000,00,2,1,01,B01
200600067715,0,07,000,02,0,1,14,A01
200600067716,0,30,000,00,2,1,01,B01
200600067716,0,07,000,00,2,2,01,A01
200600067717,0,02,000,00,1,1,01,A01
200600067718,0,07,000,00,2,1,01,A01
200600067718,0,07,000,00,2,1,01,B01
200600067718,0,07,000,00,2,1,01,C01
200600067718,0,07,000,00,2,1,01,D01
200600067718,0,07,000,00,2,4,01,E01
200600067719,0,07,000,00,1,1,01,A01
200600067720,0,01,000,00,0,7,01,A01
200600067721,0,07,000,00,1,1,01,A01
200600067722,0,07,000,06,0,1,01,A01
200600067723,0,07,000,13,0,1,01,A01
200600067724,0,07,000,00,2,1,15,A01
200600067724,0,07,000,00,2,1,16,B01
200600067725,0,01,000,00,1,1,01,A01
200600067726,0,07,000,00,0,1,01,A01
200600067726,0,07,000,00,2,4,01,B01
200600067727,0,07,000,00,2,7,01,B01
200600067727,0,07,000,00,2,2,15,A01
200600067728,0,30,000,00,2,1,01,B01
200600067728,0,07,000,00,2,2,15,A01
200600067729,0,30,000,00,0,0,01,A01
200600067730,0,30,000,00,0,8,01,A01
200600067731,0,07,000,00,2,1,01,B01
200600067731,0,07,000,00,2,6,09,A01
200600067732,0,07,000,13,0,1,01,A01
200600067733,0,07,000,13,0,9,01,A01
200600067734,0,02,000,00,0,0,01,A01
200600067735,0,33,000,00,0,8,01,A01
200600067736,0,07,000,00,1,1,01,A01
200600067737,0,30,000,00,2,1,18,A01
200600067737,0,07,000,00,2,1,15,B01
200600067738,0,07,000,00,0,3,01,A01
200600067739,0,07,000,00,2,1,01,A01
200600067739,0,07,000,00,2,4,01,B01
200600067740,0,07,000,00,2,1,01,A01
200600067740,0,07,000,00,2,1,01,B01
200600067741,0,07,000,00,1,1,01,A01
200600067742,0,07,000,00,2,5,01,A01
200600067742,0,07,000,00,2,1,19,B01
200600067743,0,31,000,00,2,0,01,B01
200600067743,1,07,000,00,0,0,00,A01
200600067744,0,07,000,00,2,1,13,A01
200600067744,0,07,000,00,2,1,01,B01
200600067745,0,07,000,00,1,4,04,A01
200600067746,0,31,000,00,0,6,11,A01
200600067746,0,07,000,00,0,1,02,B01
200600067747,0,07,000,00,1,1,01,A01
200600067748,0,07,000,00,2,2,15,A01
200600067748,0,30,000,00,2,1,01,B01
200600067749,0,07,000,00,2,2,01,A01
200600067749,0,07,000,00,2,3,01,B01
200600067750,0,07,000,00,1,1,01,A01
200600067751,0,07,000,00,0,4,01,A01
200600067751,0,07,000,00,0,1,02,B01
200600067752,0,30,000,00,0,4,23,A01
200600067752,0,30,000,00,2,1,01,B01
200600067753,0,07,000,00,0,1,01,A01
200600067754,0,07,000,00,1,5,04,A01
200600067755,0,07,000,00,2,1,12,A01
200600067755,0,07,000,00,2,6,01,B01
200600067756,0,07,000,00,9,0,09,A01
200600067756,0,30,000,00,2,0,01,B01
200600067757,0,07,000,00,9,2,09,A01
200600067757,0,01,000,00,2,0,09,B01
200600067758,0,07,000,00,0,0,01,A01
200600067759,0,07,000,00,0,1,00,A01
200600067759,0,07,000,00,2,1,01,B01
200600067759,0,07,000,00,2,1,01,C01
200600067760,0,07,000,00,2,2,01,B01
200600067760,0,02,000,00,2,3,09,A01
200600067761,0,07,000,00,2,0,15,A01
200600067761,0,01,000,00,2,0,01,B01
200600067762,0,07,000,00,1,3,01,A01
200600067763,0,07,000,00,2,2,02,A01
200600067763,0,07,000,00,2,1,01,B01
200600067764,0,07,000,02,0,2,01,A01
200600067765,0,07,000,00,9,8,15,A01
200600067765,0,02,000,00,2,1,01,B01
200600067766,1,07,000,00,1,2,01,A01
200600067767,0,10,000,00,2,4,02,A01
200600067767,0,07,000,00,2,4,02,B01
200600067768,0,02,000,00,2,1,01,A01
200600067768,0,07,000,00,2,3,15,B01
200600067769,0,07,000,00,2,0,00,A01
200600067769,0,07,000,00,2,1,02,B01
200600067770,0,07,000,00,1,4,04,A01
200600067771,0,07,000,00,1,1,02,A01
200600067772,0,02,000,00,1,1,17,A01
200600067773,1,07,000,00,1,3,01,A01
200600067774,0,32,000,00,2,1,15,A01
200600067774,0,07,000,00,2,3,01,B01
200600067775,0,07,000,00,1,3,00,A01
200600067776,0,07,000,00,2,3,01,A01
200600067776,0,17,000,00,2,2,04,B01
200600067777,0,07,000,00,2,1,13,A01
200600067777,0,07,000,00,2,3,01,B01
200600067778,0,14,000,00,2,1,01,B01
200600067778,0,07,000,00,2,8,01,A01
200600067779,1,30,000,00,1,1,01,A01
200600067780,0,07,000,00,2,2,15,A01
200600067780,0,30,000,00,2,1,01,B01
200600067781,0,07,000,00,2,1,13,A01
200600067781,0,07,000,00,2,1,01,B01
200600067782,0,10,000,00,1,1,01,A01
200600067783,0,07,000,00,2,2,15,A01
200600067783,0,30,000,00,2,1,01,B01
200600067784,0,07,000,00,2,1,01,A01
200600067784,0,07,000,00,2,4,01,B01
200600067785,0,07,000,00,2,1,01,A01
200600067785,0,07,000,00,2,4,02,B01
200600067785,0,07,000,00,2,4,02,C01
200600067785,0,07,000,00,2,1,02,D01
200600067786,0,07,000,00,9,5,01,A01
200600067786,0,01,000,00,2,1,01,B01
200600067787,0,07,000,00,1,1,01,A01
200600067788,0,07,000,00,0,1,01,A01
200600067789,0,35,000,00,2,1,01,A01
200600067789,0,07,000,00,2,8,01,B01
200600067790,0,30,000,00,2,1,15,A01
200600067790,0,07,000,00,2,3,01,B01
200600067791,0,07,000,00,2,1,02,A01
200600067791,0,07,000,00,2,4,02,B01
200600067792,0,07,000,08,0,1,01,A01
200600067793,0,07,000,00,1,3,01,A01
200600067794,0,07,000,03,0,3,01,A01
200600067795,0,07,000,00,1,2,01,A01
200600067796,1,34,000,00,2,2,09,A01
200600067796,0,07,000,00,2,4,02,B01
200600067797,0,07,000,00,1,3,01,A01
200600067798,0,07,000,00,2,1,16,A01
200600067798,0,07,000,00,2,3,01,B01
200600067799,0,07,000,00,2,1,02,A01
200600067799,0,07,000,00,1,4,02,B01
200600067800,0,07,000,00,2,1,01,B01
200600067800,0,07,000,00,2,1,01,A01
200600067801,0,07,000,06,0,1,01,A01
200600067802,0,07,000,07,0,1,01,A01
200600067803,0,07,000,16,0,9,01,A01
200600067804,0,07,000,03,0,9,01,A01
200600067805,0,07,000,00,1,1,01,A01
200600067806,0,07,000,00,2,1,02,A01
200600067806,0,07,000,00,2,1,02,B01
200600067806,0,07,000,00,0,4,02,C01
200600067807,0,07,000,00,1,1,01,A01
200600067808,0,30,000,00,0,3,01,A01
200600067809,0,07,000,00,2,1,10,A01
200600067809,0,33,000,15,2,1,01,B01
200600067810,0,07,000,00,2,3,15,A01
200600067810,0,02,000,00,2,1,01,B01
200600067811,0,07,000,00,2,8,24,A01
200600067811,0,01,000,00,9,1,17,B01
200600067812,0,02,000,00,2,1,00,A01
200600067812,0,07,000,00,2,8,01,B01
200600067813,0,07,000,00,2,2,15,A01
200600067813,0,02,000,00,2,1,01,B01
200600067814,0,02,000,00,0,7,00,A01
200600067815,0,02,000,00,2,1,01,A01
200600067815,0,07,000,00,0,6,01,B01
200600067816,0,07,000,00,2,5,09,A01
200600067816,0,02,000,00,2,1,01,B01
200600067817,0,07,000,00,2,1,13,A01
200600067817,0,07,000,00,2,3,01,B01
200600067818,0,02,000,01,0,0,01,A01
200600067818,0,10,000,00,9,3,17,B01
200600067819,0,07,000,00,2,8,22,A01
200600067819,0,01,000,01,0,2,01,B01
200600067820,0,07,000,00,2,1,02,A01
200600067820,0,07,000,00,1,1,02,B01
200600067821,0,07,000,00,0,8,23,A01
200600067821,0,02,000,01,0,1,17,B01
200600067822,0,02,000,00,2,1,15,A01
200600067823,0,31,000,00,0,2,01,A01
200600067824,0,07,000,00,2,8,01,B01
200600067824,0,02,000,00,2,1,00,A01
200600067825,0,07,000,00,0,8,01,A01
200600067826,0,07,000,00,2,2,15,A01
200600067826,0,07,000,00,2,1,01,B01
200600067827,0,07,000,06,2,1,05,A01
200600067827,0,17,000,00,2,1,05,B01
200600067828,0,07,000,00,2,8,01,B01
200600067828,0,02,000,00,2,1,01,A01
200600067829,0,07,000,01,0,1,01,A01
200600067830,0,07,000,00,2,1,01,A01
200600067830,0,07,000,00,2,8,15,B01
200600067831,0,38,001,00,9,1,01,B01
200600067831,0,01,000,00,2,8,16,A01
200600067832,0,14,000,00,2,5,01,A01
200600067832,0,07,000,00,2,3,01,B01
200600067833,0,07,000,00,2,3,15,A01
200600067833,0,02,000,00,2,1,01,B01
200600067834,0,07,000,00,1,1,15,A01
200600067835,0,07,000,00,1,1,01,A01
200600067836,0,02,000,00,2,1,01,A01
200600067836,0,01,000,00,2,1,01,B01
200600067837,0,07,000,00,2,2,15,A01
200600067837,0,02,000,00,2,1,01,B01
200600067838,0,07,000,00,2,2,15,A01