Num_Acc,senc,catv,occutc,obs,obsm,choc,manv,num_veh
200600067838,0,02,000,00,2,1,01,B01
200600067839,0,02,000,00,2,1,17,A01
200600067839,0,07,000,00,1,3,15,B01
200600067840,1,07,000,00,2,0,00,A01
200600067840,0,01,000,00,2,2,15,B01
200600067841,0,07,000,00,1,1,15,A01
200600067842,0,07,000,00,2,4,00,A01
200600067842,0,01,000,00,2,3,01,B01
200600067843,0,07,000,00,1,1,01,A01
200600067844,0,07,000,00,2,1,15,A01
200600067844,0,02,000,00,2,1,01,B01
200600067845,0,07,000,00,2,3,15,A01
200600067845,0,02,000,00,2,1,01,B01
200600067846,0,07,000,00,2,2,15,A01
200600067846,0,02,000,00,2,1,01,B01
200600067847,0,07,000,00,2,2,15,A01
200600067847,0,02,000,00,2,1,01,B01
200600067848,0,02,000,00,2,1,01,A01
200600067848,0,31,000,00,2,1,01,B01
200600067849,0,07,000,00,2,5,16,A01
200600067849,0,02,000,00,2,1,01,B01
200600067850,0,07,000,00,2,5,15,A01
200600067850,0,02,000,00,2,1,01,B01
200600067851,0,07,000,00,2,1,23,A01
200600067851,0,01,000,00,2,4,00,B01
200600067852,0,07,000,00,1,1,01,A01
200600067853,0,07,000,00,2,2,01,A01
200600067853,0,07,000,00,2,2,01,B01
200600067854,0,07,000,00,1,4,04,A01
200600067855,0,07,000,08,2,1,01,A01
200600067855,0,07,000,00,2,1,00,B01
200600067856,0,02,000,00,2,1,00,A01
200600067856,0,07,000,00,2,3,10,B01
200600067857,0,07,000,00,2,3,09,A01
200600067858,0,07,000,00,1,3,01,A01
200600067859,0,07,000,00,2,3,01,A01
200600067859,0,33,000,00,2,1,13,B01
200600067860,0,07,000,00,2,2,01,A01
200600067860,0,07,000,00,2,1,01,B01
200600067861,0,02,000,00,0,0,01,A01
200600067862,0,07,000,00,2,1,01,A01
200600067862,0,07,000,00,2,4,15,B01
200600067863,0,07,000,00,2,7,19,A01
200600067863,0,02,000,00,2,1,02,B01
200600067864,0,10,000,09,2,1,09,A01
200600067864,0,07,000,00,2,1,01,B01
200600067865,0,30,000,00,0,8,02,B01
200600067865,1,07,000,00,0,0,00,A01
200600067866,0,07,000,02,0,9,02,A01
200600067867,0,07,000,03,0,1,17,A01
200600067868,0,07,000,00,2,7,15,A01
200600067868,0,33,000,00,2,1,01,B01
200600067869,0,07,000,00,2,1,00,A01
200600067869,0,07,000,00,2,4,15,B01
200600067870,0,07,000,00,2,2,10,A01
200600067870,0,33,000,00,2,8,01,B01
200600067871,0,02,000,00,1,1,01,A01
200600067872,0,07,000,00,9,3,10,A01
200600067872,0,33,000,00,2,1,01,B01
200600067873,0,33,000,00,0,0,01,A01
200600067874,0,14,000,08,2,1,16,B01
200600067874,0,07,000,08,2,9,18,A01
200600067875,0,07,000,00,9,5,15,A01
200600067875,0,33,000,00,2,1,01,B01
200600067876,0,07,000,01,0,9,01,A01
200600067877,0,07,000,00,2,2,15,A01
200600067877,0,02,000,00,2,1,01,B01
200600067878,0,33,000,00,0,9,01,A01
200600067879,0,02,000,00,2,1,02,A01
200600067879,0,07,000,00,2,4,23,B01
200600067880,0,30,000,01,0,9,21,A01
200600067881,0,07,000,00,1,1,01,B01
200600067882,0,07,000,08,0,1,01,A01
200600067883,0,07,000,00,9,1,15,A01
200600067883,0,02,000,00,2,1,01,B01
200600067884,0,07,000,00,2,1,02,A01
200600067884,0,07,000,00,2,1,02,B01
200600067885,0,07,000,02,0,1,01,A01
200600067886,0,30,000,00,2,0,01,B01
200600067887,0,07,000,00,2,3,15,A01
200600067887,0,30,000,00,2,1,01,B01
200600067888,2,07,000,00,2,1,01,A01
200600067888,0,07,000,00,2,0,23,B01
200600067888,0,07,000,00,2,4,23,C01
200600067889,0,07,000,00,1,1,15,A01
200600067890,0,07,000,00,1,1,01,A01
200600067891,0,07,000,00,2,1,15,A01
200600067891,0,07,000,00,2,1,01,B01
200600067892,2,07,000,01,0,4,04,A01
200600067893,0,07,000,00,2,4,01,A01
200600067893,0,02,000,00,2,1,02,B01
200600067894,0,07,000,00,1,0,15,A01
200600067895,0,07,000,00,0,0,20,A01
200600067895,0,33,000,00,0,8,21,B01
200600067896,0,07,000,01,0,2,01,A01
200600067897,0,33,000,00,2,1,01,A01
200600067897,0,07,000,00,2,6,15,B01
200600067898,0,05,000,00,2,1,01,A01
200600067898,0,07,000,00,2,6,01,B01
200600067899,0,01,000,00,2,7,19,A01
200600067899,0,07,000,00,9,1,01,B01
200600067900,0,07,000,01,0,1,16,A01
200600067901,0,07,000,00,2,3,23,B01
200600067901,0,10,000,15,2,1,14,A01
200600067902,0,33,000,00,2,1,01,A01
200600067902,0,07,000,00,2,1,15,B01
200600067903,0,07,000,00,2,1,01,A01
200600067903,0,07,000,00,2,4,01,B01
200600067903,0,07,000,00,2,4,01,C01
200600067904,0,07,000,00,2,2,19,A01
200600067904,0,07,000,00,2,1,01,B01
200600067905,0,33,000,00,1,1,01,A01
200600067906,0,07,000,00,2,2,02,A01
200600067906,0,07,000,00,2,4,01,B01
200600067907,0,07,000,00,2,2,01,A01
200600067907,0,01,000,00,2,1,01,B01
200600067908,0,33,000,00,0,0,01,A01
200600067908,1,07,000,00,0,0,15,B01
200600067909,0,07,000,00,2,1,15,A01
200600067909,0,07,000,00,2,2,02,B01
200600067910,0,07,000,00,1,3,01,A01
200600067911,0,07,000,00,9,2,16,A01
200600067911,0,02,000,00,2,1,01,B01
200600067912,0,07,000,00,2,8,10,A01
200600067912,0,32,000,00,2,7,17,B01
200600067913,0,31,000,00,2,8,01,A01
200600067913,0,07,000,00,2,1,15,B01
200600067914,0,07,000,00,2,1,01,A01
200600067914,0,07,000,00,2,4,02,B01
200600067915,0,07,000,00,2,7,01,A01
200600067915,0,13,000,00,2,1,01,B01
200600067916,0,07,000,00,1,1,01,A01
200600067917,0,07,000,00,1,1,01,B01
200600067918,0,07,000,00,2,1,01,B01
200600067918,0,07,000,00,2,7,15,A01
200600067919,0,07,000,00,1,1,01,A01
200600067920,0,07,000,00,9,1,01,A01
200600067920,0,30,000,00,2,1,01,B01
200600067921,0,07,000,00,2,1,02,A01
200600067921,0,07,000,00,2,3,15,B01
200600067922,0,20,000,00,2,8,15,A01
200600067922,0,02,000,00,2,7,11,B01
200600067923,0,07,000,00,1,1,02,A01
200600067924,0,07,000,00,2,0,00,A01
200600067924,0,01,000,00,2,1,00,B01
200600067925,0,07,000,00,1,1,01,A01
200600067926,0,34,000,00,2,7,02,A01
200600067926,0,07,000,00,2,1,02,B01
200600067927,0,07,000,00,2,3,15,A01
200600067927,0,30,000,00,2,1,01,B01
200600067928,0,07,000,00,2,2,01,A01
200600067928,0,30,000,00,2,1,01,B01
200600067929,0,07,000,00,2,8,24,A01
200600067929,0,16,000,00,0,7,01,B01
200600067930,0,07,000,00,1,1,01,A01
200600067931,0,07,000,00,0,3,15,A01
200600067931,0,30,000,00,2,1,17,B01
200600067932,0,07,000,00,0,7,15,A01
200600067932,0,31,000,00,2,1,01,B01
200600067933,0,07,000,00,2,3,16,B01
200600067933,0,07,000,00,1,1,01,A01
200600067934,0,03,000,00,2,1,01,B01
200600067934,1,07,000,00,2,0,00,A01
200600067935,0,33,000,00,0,8,16,A01
200600067936,0,07,000,00,2,3,01,B01
200600067936,0,07,000,00,2,1,01,A01
200600067937,0,02,000,00,2,8,16,B01
200600067937,0,07,000,00,2,0,16,A01
200600067938,0,07,000,00,2,1,17,A01
200600067938,0,07,000,00,2,3,02,B01
200600067939,0,07,000,00,2,3,01,A01
200600067939,0,07,000,00,2,1,01,B01
200600067940,0,07,000,00,1,1,01,A01
200600067941,0,07,000,00,1,0,16,A01
200600067942,0,02,000,00,2,1,02,B01
200600067942,0,07,000,00,2,2,16,A01
200600067943,0,07,000,01,0,1,01,A01
200600067944,0,03,000,00,0,9,16,A01
200600067945,0,07,000,00,1,1,01,A01
200600067946,0,07,000,00,1,0,01,A01
200600067947,0,07,000,00,2,1,01,B01
200600067947,0,02,000,00,2,9,09,A01
200600067948,0,31,000,00,2,1,01,A01
200600067948,0,07,000,00,2,1,01,B01
200600067949,0,01,000,00,2,1,01,B01
200600067949,0,07,000,00,2,0,01,A01
200600067950,0,07,000,00,2,4,15,B01
200600067950,0,07,000,00,2,2,17,A01
200600067951,0,07,000,00,1,0,15,A01
200600067952,0,07,000,00,1,1,01,A01
200600067953,1,07,000,00,2,0,00,A01
200600067953,0,02,000,00,2,0,01,B01
200600067954,0,30,000,00,0,8,01,A01
200600067955,0,07,000,00,2,9,15,A01
200600067955,0,07,000,00,2,1,01,B01
200600067956,0,07,000,00,2,8,15,A01
200600067956,0,31,000,00,2,1,01,B01
200600067957,1,07,000,00,2,0,16,A01
200600067957,0,02,000,00,2,8,16,B01
200600067958,0,07,000,00,2,4,01,A01
200600067958,0,07,000,00,2,1,02,B01
200600067959,0,07,000,00,2,0,15,A01
200600067959,0,30,000,00,2,1,01,B01
200600067960,0,07,000,00,1,2,01,A01
200600067961,0,07,000,00,2,3,16,A01
200600067961,0,07,000,00,2,1,01,B01
200600067962,0,07,000,00,2,5,16,A01
200600067962,0,30,000,00,2,1,01,B01
200600067963,0,07,000,00,1,0,01,A01
200600067964,0,07,000,00,2,0,20,A01
200600067964,0,02,000,00,2,9,01,B01
200600067965,0,07,000,00,2,7,16,A01
200600067965,0,30,000,00,2,1,01,B01
200600067966,0,07,000,00,2,2,10,A01
200600067966,0,02,000,00,2,9,01,B01
200600067967,0,07,000,00,1,0,15,A01
200600067968,0,33,000,00,2,9,01,B01
200600067968,0,07,000,00,2,9,16,A01
200600067969,0,07,000,00,2,9,01,A01
200600067969,0,07,000,00,2,1,15,B01
200600067970,0,07,000,00,1,0,16,A01
200600067971,0,07,000,16,0,0,01,A01
200600067972,0,02,000,00,1,3,01,A01
200600067973,0,07,000,00,2,1,01,A01
200600067973,0,01,000,00,2,4,01,B01
200600067974,0,02,000,00,2,1,02,B01
200600067974,0,07,000,00,2,3,20,A01
200600067975,0,07,000,00,2,3,10,A01
200600067975,0,02,000,00,2,1,01,B01
200600067976,0,30,000,00,2,1,01,A01
200600067976,0,10,000,00,2,1,15,B01
200600067977,0,31,000,00,2,1,01,B01
200600067977,0,07,000,00,2,1,01,A01
200600067978,0,07,000,15,0,1,13,A01
200600067979,0,07,000,00,2,2,01,A01
200600067979,0,01,000,00,2,4,01,B01
200600067980,0,14,000,00,9,7,00,A01
200600067980,0,30,000,00,2,0,00,B01
200600067981,0,07,000,00,1,2,00,A01
200600067982,0,07,000,00,0,9,01,A01
200600067983,0,07,000,00,2,1,01,A01
200600067983,0,01,000,00,2,7,01,B01
200600067984,0,02,000,00,2,1,00,A01
200600067984,0,15,000,00,2,2,16,B01
200600067985,0,07,000,00,1,3,16,A01
200600067986,0,07,000,01,0,3,05,A01
200600067987,0,07,000,00,2,8,01,B01
200600067987,0,07,000,00,2,1,01,A01
200600067988,0,07,000,00,1,2,01,A01
200600067989,0,07,000,00,1,3,01,A01
200600067990,0,07,000,00,2,3,15,A01
200600067990,0,02,000,00,2,1,21,B01
200600067991,0,07,000,00,2,2,01,A01
200600067991,0,01,000,00,2,7,01,B01
200600067992,0,07,000,03,2,1,02,A01
200600067992,0,07,000,03,0,4,02,B01
200600067993,0,07,000,00,1,4,04,A01
200600067994,0,07,000,00,1,0,01,A01
200600067995,0,07,000,00,2,1,17,A01
200600067995,0,07,000,00,2,1,00,B01
200600067996,0,02,000,01,0,1,01,A01
200600067997,0,03,000,00,2,3,09,A01
200600067997,0,07,000,00,0,0,09,B01
200600067997,0,02,000,00,2,1,01,C01
200600067998,0,02,000,00,2,1,01,A01
200600067998,0,07,000,00,2,1,01,B01
200600067999,0,07,000,00,2,2,16,A01
200600067999,0,02,000,00,2,1,01,B01
200600067999,0,07,000,00,2,1,00,C01
200600068000,0,07,000,00,0,0,00,A01
200600068000,0,02,000,00,0,0,00,B01
200600068001,0,07,000,02,0,1,01,A01
200600068002,0,07,000,00,2,1,01,B01
200600068002,0,01,000,00,2,8,01,A01
200600068003,0,10,000,00,2,5,15,A01
200600068003,0,02,000,00,2,1,01,B01
200600068004,0,07,000,06,0,1,01,A01
200600068005,0,02,000,01,2,1,01,A01
200600068005,0,07,000,00,2,3,09,B01
200600068006,0,07,000,10,0,1,01,A01
200600068007,0,07,000,00,2,2,01,A01
200600068007,0,07,000,00,2,1,01,B01
200600068008,0,07,000,02,0,1,14,A01
200600068009,0,30,000,00,1,1,01,A01
200600068010,0,07,000,00,2,3,15,A01
200600068010,0,02,000,00,2,8,01,B01
200600068011,1,07,000,00,2,3,11,A01
200600068011,0,02,000,00,2,1,17,B01
200600068012,0,07,000,00,2,3,13,A01
200600068012,0,07,000,00,2,1,01,B01
200600068013,0,07,000,00,2,1,01,A01
200600068013,0,01,000,00,2,1,01,B01
200600068014,0,02,000,00,2,1,01,B01
200600068014,0,07,000,00,2,3,01,A01
200600068015,0,07,000,00,2,2,15,A01
200600068015,0,02,000,00,2,1,01,B01
200600068016,0,07,000,00,2,3,23,C01
200600068016,0,07,000,00,2,3,15,A01
200600068016,0,07,000,00,2,3,01,B01
200600068017,0,07,000,00,1,1,16,A01
200600068018,0,07,000,00,2,1,15,A01
200600068018,0,02,000,00,2,1,01,B01
200600068019,0,07,000,00,1,1,01,A01
200600068020,0,33,000,01,0,1,01,A01
200600068021,0,07,000,00,1,1,01,A01
200600068022,0,01,000,00,0,4,00,A01
200600068022,1,99,000,00,9,1,00,B01
200600068023,0,07,000,00,1,1,00,A01
200600068024,0,07,000,00,2,3,00,B01
200600068024,0,07,000,00,2,2,15,A01
200600068025,0,15,000,00,2,2,00,B01
200600068025,0,07,000,04,2,6,09,A01
200600068026,0,07,000,00,1,1,01,A01
200600068027,0,07,000,00,1,7,01,A01
200600068028,0,07,000,00,1,3,01,A01
200600068029,0,07,000,00,1,5,01,A01
200600068030,0,07,000,00,1,6,04,A01
200600068031,0,30,000,00,2,1,01,A01
200600068031,0,07,000,00,2,3,15,B01
200600068032,0,01,000,00,2,7,01,B01
200600068032,0,07,000,00,2,3,09,A01
200600068033,0,07,000,00,2,1,06,A01
200600068033,0,07,000,00,0,8,01,B01
200600068034,0,02,000,00,2,1,13,A01
200600068034,0,07,000,00,2,2,15,B01
200600068035,0,33,000,00,2,0,02,A01
200600068035,1,07,000,00,0,0,09,B01
200600068036,0,07,000,15,0,1,14,A01
200600068037,0,07,000,00,2,5,24,B01
200600068037,0,33,000,01,0,5,01,A01
200600068038,0,02,000,00,2,1,02,A01
200600068038,0,07,000,00,0,1,02,B01
200600068039,0,02,000,00,2,1,02,A01
200600068039,0,07,000,00,0,6,20,B01
200600068040,0,07,000,00,0,2,15,A01
200600068040,0,30,000,00,2,1,18,B01
200600068041,0,07,000,00,2,1,01,A01
200600068041,0,07,000,01,0,1,01,B01
200600068042,0,02,000,00,2,8,13,A01
200600068042,0,07,000,00,9,3,02,B01
200600068043,1,07,000,00,1,8,01,A01
200600068044,0,02,000,00,2,1,00,B01
200600068044,0,07,000,00,2,3,00,A01
200600068045,0,07,000,00,1,1,00,A01
200600068046,0,07,000,00,1,2,09,A01
200600068047,0,07,000,00,2,7,01,A01
200600068047,0,33,000,00,2,1,01,B01
200600068048,1,02,000,00,1,0,01,A01
200600068049,0,02,000,00,2,3,15,A01
200600068049,0,07,000,00,2,3,01,B01
200600068050,1,07,000,00,1,0,00,A01
200600068051,0,07,000,00,2,3,13,A01
200600068051,0,07,000,00,2,3,01,B01
200600068052,0,07,000,00,2,1,01,B01
200600068052,0,07,000,00,2,3,15,A01
200600068053,0,07,000,00,2,8,10,A01
200600068053,0,07,000,00,2,7,01,B01
200600068054,0,07,000,00,1,3,01,A01
200600068055,0,07,000,00,1,1,01,B01
200600068055,0,07,000,00,2,2,01,A01
200600068056,0,32,000,08,0,1,14,A01
200600068057,0,07,000,08,0,1,13,A01
200600068058,0,02,000,00,9,0,18,A01
200600068059,0,10,000,00,1,1,01,A01
200600068060,0,07,000,00,2,2,01,B01
200600068060,0,07,000,00,2,1,15,A01
200600068061,2,07,000,06,2,1,01,A01
200600068061,0,07,000,06,2,8,10,B01
200600068062,0,07,000,00,2,0,00,A01
200600068062,0,01,000,00,2,0,00,B01
200600068063,0,07,000,00,1,7,01,A01
200600068064,0,07,000,00,2,1,15,A01
200600068064,0,07,000,00,2,1,01,B01
200600068065,0,01,000,00,2,1,19,A01
200600068065,0,07,000,00,2,2,01,B01
200600068066,0,07,000,06,0,1,14,A01
200600068067,0,07,000,00,0,0,24,A01
200600068067,0,07,000,00,1,0,01,B01
200600068068,0,30,000,00,2,1,01,A01
200600068068,0,07,000,00,2,7,01,B01
200600068069,1,07,000,00,2,0,01,A01
200600068069,0,30,000,00,2,2,15,B01
200600068070,0,07,000,15,1,1,01,A01
200600068071,0,30,000,00,2,1,01,A01
200600068071,0,10,000,00,9,8,01,B01
200600068072,0,07,000,00,2,1,02,A01
200600068072,0,07,000,00,0,4,02,B01
200600068073,0,07,000,00,1,1,01,A01
200600068074,0,07,000,00,9,3,09,A01
200600068074,0,30,000,00,2,1,01,B01
200600068075,0,07,000,00,9,8,09,A01
200600068075,0,30,000,00,2,2,09,B01
200600068076,0,07,000,00,1,1,01,A01
200600068077,0,07,000,00,1,1,15,A01
200600068078,0,07,000,00,2,1,02,A01
200600068078,0,07,000,00,0,4,01,B01
200600068079,0,07,000,00,1,1,16,A01
200600068080,0,02,000,00,2,1,00,B01
200600068080,0,07,000,00,9,8,09,A01
200600068081,0,07,000,01,0,1,01,A01
200600068082,0,07,000,00,1,1,02,A01
200600068083,0,07,000,04,0,3,01,A01
200600068084,0,07,000,00,2,3,15,A01
200600068084,0,30,000,00,2,8,01,B01
200600068085,0,07,000,00,2,1,01,A01
200600068085,0,07,000,00,2,7,01,B01
200600068086,0,07,000,00,1,1,00,A01
200600068087,0,07,000,00,2,3,13,A01
200600068087,0,07,000,00,2,3,01,B01
200600068088,0,30,000,00,2,1,01,A01
200600068088,0,30,000,00,2,1,00,B01
200600068089,0,07,000,00,2,1,02,A01
200600068089,0,07,000,00,2,1,01,C01
200600068089,0,07,000,00,2,9,16,B01
200600068090,0,07,000,00,1,1,16,A01
200600068091,0,02,000,00,2,1,01,A01
200600068091,0,30,000,00,2,1,01,B01
200600068092,0,14,000,00,2,8,13,A01
200600068092,0,07,000,00,2,3,01,B01
200600068093,0,07,000,02,0,8,02,A01
200600068094,0,07,000,00,2,1,01,B01
200600068094,0,07,000,00,2,6,10,A01
200600068095,0,07,000,00,1,1,01,A01
200600068096,0,07,000,00,2,1,02,A01
200600068096,0,07,000,00,2,1,02,B01
200600068096,0,07,000,00,2,4,02,C01
200600068096,0,07,000,00,2,4,02,D01
200600068097,0,07,000,00,2,2,15,A01
200600068097,0,02,000,00,2,1,01,B01
200600068098,0,07,000,00,2,1,15,A01
200600068098,0,07,000,00,2,6,15,B01
200600068099,0,07,000,00,1,2,01,A01
200600068100,0,07,000,00,2,3,13,A01
200600068100,0,07,000,00,2,3,01,B01
200600068101,0,33,000,00,0,8,01,A01
200600068102,0,37,000,00,1,0,01,A01
200600068103,0,07,000,01,2,1,01,B01
200600068103,0,07,000,00,2,1,01,A01
200600068104,0,02,000,00,2,1,17,A01
200600068104,0,07,000,00,2,7,01,B01
200600068104,0,07,000,00,2,0,01,C01
200600068105,0,07,000,00,2,7,19,A01
200600068105,0,07,000,00,2,1,01,B01
200600068106,0,07,000,00,2,3,15,A01
200600068106,0,02,000,01,2,1,01,B01
200600068107,0,31,000,00,2,7,01,A01
200600068107,0,07,000,00,2,5,01,B01
200600068108,0,07,000,00,2,2,01,A01
200600068108,0,30,000,00,2,1,01,B01
200600068109,0,32,000,00,1,1,01,A01
200600068110,0,07,000,00,2,1,01,A01
200600068110,0,07,000,00,2,4,01,B01
200600068111,0,07,000,00,2,4,04,A01
200600068111,0,07,000,00,2,1,12,B01
200600068112,0,07,000,00,1,1,01,A01
200600068113,0,07,000,00,2,2,05,A01
200600068113,0,31,000,00,2,1,01,B01
200600068114,0,07,000,00,1,2,16,A01
200600068115,0,07,000,00,2,2,15,A01
200600068115,0,33,000,00,0,2,17,B01
200600068116,0,07,000,00,2,3,20,A01
200600068116,0,33,000,00,2,1,01,B01
200600068117,0,07,000,00,2,2,15,A01
200600068117,0,03,000,00,2,1,01,B01
200600068118,0,02,000,00,0,0,00,A01
200600068119,0,07,000,00,1,1,01,A01
200600068120,0,14,000,00,2,2,12,A01
200600068120,0,07,000,00,2,8,01,B01
200600068121,0,02,000,00,2,1,02,A01
200600068121,0,07,000,00,2,3,23,B01
200600068122,0,07,000,00,2,1,15,A01
200600068122,0,02,000,00,2,1,01,B01
200600068123,0,31,000,00,2,1,01,A01
200600068123,0,07,000,00,2,1,01,B01
200600068124,0,02,000,00,2,3,01,A01
200600068124,0,07,000,00,2,5,15,B01
200600068125,0,02,000,00,2,1,17,A01
200600068125,0,07,000,00,2,3,15,B01
200600068126,0,02,000,00,2,1,01,A01
200600068126,0,07,000,00,2,1,01,B01
200600068127,0,33,000,00,1,1,01,A01
200600068128,0,30,000,00,2,1,18,A01
200600068128,0,07,000,00,2,2,16,B01
200600068129,0,07,000,00,2,1,01,A01
200600068129,0,07,000,00,2,8,01,B01
200600068130,0,07,000,00,2,7,17,A01
200600068130,0,15,000,00,2,8,01,B01
200600068131,0,07,000,00,2,7,09,A01
200600068131,0,07,000,00,2,4,01,B01
200600068131,0,07,000,00,2,1,02,C01
200600068132,0,07,000,00,2,3,15,A01
200600068132,0,07,000,00,0,1,01,B01
200600068133,0,07,000,00,2,1,01,A01
200600068133,0,07,000,07,2,7,01,B01
200600068134,0,07,000,00,2,2,01,A01
200600068134,0,07,000,00,2,3,15,B01
200600068135,0,07,000,00,2,1,01,A01
200600068135,0,07,000,00,2,1,01,B01
200600068136,0,07,000,12,0,1,00,A01
200600068137,0,30,000,00,2,1,01,A01
200600068137,0,07,000,00,2,6,01,B01
200600068138,0,07,000,00,1,2,01,A01
200600068139,0,07,000,00,2,8,10,A01
200600068139,0,33,000,00,2,1,01,B01
200600068140,0,37,001,00,1,2,01,A01
200600068141,0,07,000,00,2,1,00,A01
200600068141,0,07,000,00,2,1,01,B01
200600068142,0,07,000,00,2,1,01,A01
200600068142,0,07,000,00,2,4,01,B01
200600068143,0,07,000,00,2,1,01,A01
200600068144,0,07,000,00,2,1,16,A01
200600068144,0,02,000,00,2,1,01,B01
200600068145,0,01,000,00,2,8,01,A01
200600068145,0,07,000,00,2,3,01,B01
200600068146,0,07,000,00,2,4,01,B01
200600068146,0,07,000,00,2,1,01,A01
200600068147,0,07,000,07,0,1,13,A01
200600068148,0,33,000,00,2,1,01,A01
200600068148,0,07,000,00,2,4,01,B01
200600068149,0,07,000,00,2,6,15,A01
200600068149,0,01,000,00,0,0,00,B01
200600068150,0,30,000,00,2,4,01,A01
200600068150,0,07,000,00,2,4,01,B01
200600068151,0,32,000,00,0,7,16,A01
200600068152,1,30,000,00,1,1,00,A01
200600068153,0,32,000,00,1,1,01,A01
200600068154,0,07,000,00,2,7,01,A01
200600068154,0,07,000,00,2,1,01,B01
200600068155,0,07,000,00,2,1,01,A01
200600068155,0,07,000,00,2,3,15,B01
200600068156,0,07,000,00,2,8,01,A01
200600068157,0,30,000,00,2,1,01,A01
200600068157,0,07,000,00,2,8,01,B01
200600068158,0,07,000,00,2,1,01,B01
200600068158,0,07,000,00,2,1,19,A01
200600068159,0,07,000,00,2,3,00,A01
200600068159,0,07,000,00,2,1,01,B01
200600068160,0,07,000,00,2,1,01,A01
200600068160,0,07,000,00,2,4,01,B01
200600068160,0,07,000,00,2,4,01,C01
200600068161,0,07,000,00,2,1,01,B01
200600068161,0,07,000,00,2,7,19,A01
200600068162,0,07,000,00,1,1,01,A01
200600068163,0,07,000,00,2,1,01,A01
200600068163,0,01,000,00,2,4,01,B01
200600068164,0,07,000,00,2,1,09,A01
200600068164,0,01,000,00,2,1,01,B01
200600068165,0,30,000,00,2,1,02,A01
200600068165,0,37,015,00,2,4,23,B01
200600068166,0,01,000,00,2,1,18,A01
200600068166,0,10,000,00,2,5,13,B01
200600068167,0,30,000,00,0,7,17,A01
200600068167,0,07,000,00,2,6,23,B01
200600068168,0,07,000,00,2,3,15,A01
200600068168,0,02,000,00,2,1,01,B01
200600068169,0,02,000,00,1,1,01,A01
200600068170,0,02,000,00,0,7,01,A01
200600068171,0,07,000,00,2,2,01,A01
200600068171,0,01,000,00,2,4,13,B01
200600068172,0,07,000,00,2,1,02,A01
200600068172,0,07,000,00,2,4,23,B01
200600068172,0,07,000,00,2,4,15,C01
200600068173,0,10,000,12,0,3,00,A01
200600068174,0,07,000,00,2,2,20,A01
200600068174,0,30,000,00,2,1,01,B01
200600068175,0,07,000,00,2,3,02,A01
200600068175,0,07,000,00,2,5,23,B01
200600068175,0,07,000,00,2,3,01,C01
200600068176,0,07,000,00,2,1,11,A01
200600068176,0,33,000,00,2,1,02,B01
200600068177,0,07,000,00,9,5,15,A01
200600068177,0,33,000,00,2,2,01,B01
200600068178,0,07,000,00,9,8,01,A01
200600068178,0,33,000,00,2,1,01,B01
200600068179,0,02,000,00,2,1,01,A01
200600068179,0,07,000,00,0,4,01,B01
200600068180,0,10,000,00,2,3,01,A01
200600068180,0,07,000,02,2,8,01,B01
200600068181,0,31,000,00,2,0,01,A01
200600068182,0,31,000,00,2,1,05,A01
200600068182,0,07,000,01,9,3,21,B01
200600068183,0,07,000,00,2,8,01,B01
200600068183,0,13,000,00,2,7,01,A01
200600068184,0,30,000,00,2,1,05,A01
200600068184,0,07,000,00,2,1,01,B01
200600068185,0,07,000,13,0,1,16,A01
200600068186,0,30,000,00,2,1,17,B01
200600068186,0,07,000,00,2,3,15,A01
200600068187,0,02,000,01,2,1,01,B01
200600068187,0,07,000,00,2,2,15,A01
200600068188,0,07,000,00,2,4,01,C01
200600068188,0,07,000,00,2,4,01,B01
200600068188,0,07,000,00,2,1,01,A01
200600068189,0,07,000,00,0,4,01,B01
200600068189,0,07,000,00,2,1,01,A01
200600068190,0,01,000,00,2,4,01,B01
200600068190,0,07,000,00,2,2,01,A01
200600068191,0,33,000,00,2,1,01,B01
200600068191,0,07,000,00,2,3,15,A01
200600068192,0,30,000,01,0,1,14,A01
200600068193,0,07,000,00,2,8,15,A01
200600068193,0,30,000,00,1,1,17,B01
200600068194,0,07,000,06,2,4,01,B01
200600068194,0,07,000,00,2,3,15,A01
200600068195,0,30,000,00,2,1,01,B01
200600068195,0,07,000,00,2,3,15,A01
200600068196,0,02,000,00,2,1,01,B01
200600068196,1,01,000,00,2,1,14,A01
200600068197,0,07,000,00,2,1,00,B01
200600068197,0,07,000,00,2,3,01,A01
200600068198,0,07,000,00,1,1,15,A01
200600068199,0,07,000,00,1,1,01,A01
200600068200,0,07,000,00,2,3,01,B01
200600068200,0,07,000,00,2,3,13,A01
200600068201,0,07,000,00,1,1,01,A01
200600068202,0,07,000,00,2,2,15,A01
200600068202,0,02,000,00,2,1,01,B01
200600068203,0,02,000,00,2,1,00,B01
200600068203,0,07,000,00,2,2,00,A01
200600068204,0,02,000,00,2,1,01,B01
200600068204,0,07,000,00,9,3,15,A01
200600068205,0,07,000,00,2,1,01,B01
200600068205,0,30,000,01,2,3,09,A01
200600068206,0,02,000,00,2,2,14,B01
200600068206,0,07,000,00,2,8,11,A01
200600068207,0,33,000,00,2,1,17,B01
200600068207,0,07,000,00,2,8,10,A01
200600068208,0,30,000,00,2,1,01,B01
200600068208,0,07,000,00,2,2,15,A01
200600068209,0,07,000,00,0,1,09,A01
200600068209,0,01,000,00,2,1,09,B01
200600068210,0,07,000,00,1,3,15,A01