Num_Acc,senc,catv,occutc,obs,obsm,choc,manv,num_veh
200600068211,0,01,000,00,2,1,01,B01
200600068211,0,10,000,00,2,1,19,A01
200600068212,0,01,000,00,2,1,01,B01
200600068212,0,07,000,00,2,7,15,A01
200600068213,0,30,000,00,1,1,18,A01
200600068214,0,10,000,06,0,1,01,A01
200600068215,0,07,000,00,2,1,01,B01
200600068215,0,07,000,01,2,7,15,A01
200600068216,0,02,000,00,2,1,01,B01
200600068216,0,07,000,00,2,5,15,A01
200600068217,0,07,000,00,2,3,01,B01
200600068217,1,07,000,00,2,1,02,A01
200600068218,0,01,000,00,2,1,01,A01
200600068218,0,07,000,00,2,8,01,B01
200600068219,0,07,000,00,2,1,01,B01
200600068219,0,01,000,00,2,1,01,A01
200600068220,0,30,000,00,2,1,18,B01
200600068220,0,07,000,00,2,7,15,A01
200600068221,0,01,000,00,2,1,01,B01
200600068221,0,07,000,00,2,6,16,A01
200600068222,0,01,000,00,2,1,01,B01
200600068222,0,07,000,00,2,2,15,A01
200600068223,0,07,000,00,9,2,15,A01
200600068223,0,01,000,00,2,1,01,B01
200600068224,0,33,000,00,2,1,15,A01
200600068224,0,01,000,00,2,7,01,B01
200600068225,0,21,000,00,2,0,00,B01
200600068225,0,07,000,00,2,1,15,A01
200600068226,0,07,000,02,0,1,21,A01
200600068226,0,07,000,00,0,0,23,B01
200600068227,0,07,000,00,2,3,01,B01
200600068227,0,30,000,00,2,1,19,A01
200600068228,0,07,000,00,2,4,23,B01
200600068228,0,07,000,00,2,1,02,A01
200600068229,0,07,000,00,2,3,01,B01
200600068229,0,07,000,00,2,3,13,A01
200600068230,0,07,000,00,2,1,01,B01
200600068230,0,07,000,00,2,1,15,A01
200600068231,0,03,000,00,2,1,01,C01
200600068231,0,07,000,00,2,5,15,B01
200600068231,0,07,000,00,2,1,02,A01
200600068232,0,07,000,06,0,1,00,A01
200600068233,0,07,000,00,1,2,01,A01
200600068234,0,10,000,00,2,4,15,B01
200600068234,0,02,000,00,2,1,02,A01
200600068235,0,15,000,12,2,1,02,A01
200600068235,0,07,000,00,0,4,23,D01
200600068235,0,07,000,12,0,4,02,C01
200600068235,0,07,000,12,0,4,02,B01
200600068236,0,30,000,00,2,7,21,B01
200600068236,0,07,000,00,2,3,09,A01
200600068237,0,07,000,00,0,3,01,B01
200600068237,0,33,000,00,0,0,15,A01
200600068238,0,07,000,00,0,8,01,B01
200600068238,0,15,000,00,0,6,05,A01
200600068239,0,07,000,06,0,1,00,A01
200600068240,0,07,000,00,1,2,01,A01
200600068241,0,07,000,00,1,1,15,A01
200600068242,0,31,000,00,2,1,01,A01
200600068242,0,07,000,00,2,4,15,B01
200600068243,0,02,000,00,2,3,01,B01
200600068243,0,07,000,00,2,1,15,A01
200600068244,0,07,000,00,2,3,01,B01
200600068244,0,07,000,00,2,2,15,A01
200600068245,0,07,000,00,1,1,01,A01
200600068246,0,07,000,00,0,4,15,B01
200600068246,0,14,000,00,2,1,01,A01
200600068247,0,01,000,01,0,1,01,B01
200600068247,0,07,000,00,0,8,24,A01
200600068248,0,07,000,00,2,1,01,A01
200600068248,0,07,000,00,2,4,01,C01
200600068248,0,07,000,00,2,4,01,B01
200600068249,0,07,000,00,2,1,01,B01
200600068249,0,01,000,00,2,1,05,A01
200600068250,0,07,000,00,2,1,13,B01
200600068250,0,07,000,00,2,1,15,A01
200600068251,0,01,000,00,2,8,01,B01
200600068251,0,07,000,00,2,7,01,A01
200600068252,0,07,000,13,0,9,14,A01
200600068253,0,07,000,00,0,3,02,B01
200600068253,0,30,000,00,2,1,17,A01
200600068254,0,07,000,00,0,3,00,B01
200600068254,0,30,000,00,2,1,00,A01
200600068255,0,07,000,00,0,4,01,B01
200600068255,0,07,000,00,2,1,02,A01
200600068256,0,07,000,00,0,2,15,B01
200600068256,0,02,000,00,2,1,01,A01
200600068257,0,37,001,00,0,2,01,C01
200600068257,0,30,000,00,0,1,16,A01
200600068257,0,07,000,00,2,7,01,B01
200600068258,0,07,000,00,2,3,01,B01
200600068258,0,07,000,00,2,2,15,A01
200600068259,0,07,000,00,2,1,01,B01
200600068259,0,07,000,00,2,1,17,A01
200600068260,0,07,000,00,2,8,22,B01
200600068260,0,01,000,01,0,1,01,A01
200600068261,0,02,000,00,0,0,09,A01
200600068262,0,30,000,11,0,1,13,A01
200600068263,0,07,000,00,2,2,13,A01
200600068263,0,07,000,00,2,1,01,B01
200600068264,0,33,000,00,2,1,01,A01
200600068264,0,07,000,00,2,3,01,B01
200600068264,0,07,000,00,9,1,01,D01
200600068264,0,07,000,00,2,8,16,C01
200600068265,0,07,000,00,2,2,15,A01
200600068265,0,02,000,00,2,1,01,B01
200600068266,0,07,000,00,1,2,01,A01
200600068267,0,07,000,00,1,2,01,A01
200600068268,0,07,000,00,2,2,22,A01
200600068268,0,02,000,00,2,1,01,B01
200600068269,0,02,000,00,2,7,01,B01
200600068269,1,07,000,00,2,1,15,A01
200600068270,0,07,000,00,1,2,00,A01
200600068271,0,07,000,00,0,0,01,A01
200600068272,0,07,000,00,1,1,15,A01
200600068273,0,07,000,00,2,1,15,A01
200600068273,0,07,000,00,2,4,15,B01
200600068274,0,32,000,01,0,1,01,A01
200600068275,0,07,000,00,2,7,10,A01
200600068275,0,07,000,00,2,1,01,B01
200600068276,0,02,000,00,2,2,01,A01
200600068276,0,10,000,00,2,1,01,B01
200600068277,0,07,000,08,0,1,01,A01
200600068278,0,07,000,00,2,1,02,A01
200600068278,0,07,000,00,2,4,23,B01
200600068279,0,07,000,00,1,2,01,A01
200600068280,0,01,000,00,2,1,05,A01
200600068280,0,07,000,00,2,1,15,B01
200600068281,0,01,000,00,2,1,09,B01
200600068281,0,07,000,00,2,2,01,A01
200600068282,1,07,000,00,1,0,01,A01
200600068283,0,01,000,00,2,7,19,A01
200600068283,0,07,000,00,2,1,01,B01
200600068284,0,33,000,00,2,1,01,A01
200600068284,0,07,000,00,2,7,15,B01
200600068285,0,07,000,00,2,8,01,B01
200600068285,0,07,000,00,2,1,01,C01
200600068285,0,02,000,00,2,1,01,A01
200600068286,0,40,000,00,1,3,01,A01
200600068287,0,33,000,00,2,3,01,B01
200600068287,0,07,000,00,2,1,15,A01
200600068288,0,10,000,00,2,1,01,A01
200600068288,0,07,000,00,2,4,23,B01
200600068289,0,40,000,00,1,1,01,A01
200600068290,0,07,000,00,2,1,01,A01
200600068290,0,07,000,00,2,7,01,B01
200600068291,0,07,000,00,1,1,01,A01
200600068292,0,07,000,00,2,1,01,B01
200600068292,0,02,000,00,2,3,15,A01
200600068293,0,07,000,00,2,6,04,A01
200600068293,0,07,000,00,2,2,01,B01
200600068293,0,07,000,00,2,1,01,C01
200600068294,0,07,000,00,1,4,04,A01
200600068295,0,07,000,00,2,7,16,A01
200600068295,0,30,000,00,2,1,02,B01
200600068296,0,02,000,00,2,1,05,A01
200600068296,0,01,000,00,2,0,01,B01
200600068297,0,14,000,00,2,1,16,A01
200600068297,0,01,000,00,2,9,00,B01
200600068298,0,10,000,00,1,1,15,A01
200600068299,0,07,000,00,2,1,05,A01
200600068299,0,33,000,00,2,1,01,B01
200600068300,0,07,000,00,2,3,09,A01
200600068300,0,34,000,00,2,8,01,B01
200600068301,0,07,000,00,1,3,01,A01
200600068302,0,01,000,00,2,1,01,A01
200600068302,0,07,000,00,2,6,23,B01
200600068303,0,38,001,00,2,2,16,A01
200600068303,0,01,000,00,2,1,19,B01
200600068304,0,07,000,00,2,3,15,A01
200600068304,0,31,000,00,2,1,01,B01
200600068305,0,07,000,05,0,1,13,A01
200600068306,0,07,000,00,2,5,15,A01
200600068306,0,02,000,00,2,1,01,B01
200600068307,1,07,000,00,2,0,15,A01
200600068307,0,31,000,00,2,1,01,B01
200600068308,0,32,000,00,2,1,01,B01
200600068308,1,07,000,00,2,1,15,A01
200600068309,0,07,000,00,2,3,10,A01
200600068309,0,07,000,00,2,2,01,B01
200600068310,0,07,000,02,0,1,01,A01
200600068311,0,07,000,00,2,4,10,A01
200600068311,0,33,000,00,2,1,01,B01
200600068312,0,38,040,00,2,1,01,B01
200600068312,0,07,000,00,2,8,01,A01
200600068313,0,07,000,00,2,4,04,A01
200600068313,0,01,000,00,2,3,01,B01
200600068314,0,07,000,00,2,1,15,A01
200600068314,0,30,000,00,2,3,01,B01
200600068315,0,01,000,00,1,1,01,A01
200600068316,0,33,000,00,2,1,02,A01
200600068316,0,07,000,00,2,6,10,B01
200600068317,0,07,000,00,1,1,02,A01
200600068318,0,07,000,00,9,7,09,A01
200600068318,0,33,000,00,2,1,02,B01
200600068319,0,07,000,00,2,1,02,A01
200600068319,0,07,000,00,0,4,23,B01
200600068319,0,07,000,00,0,4,23,C01
200600068320,0,10,000,00,9,1,15,A01
200600068320,0,01,000,00,2,7,01,B01
200600068321,0,02,000,00,0,5,01,A01
200600068321,1,07,000,00,2,2,19,B01
200600068322,0,07,000,00,1,2,01,A01
200600068323,0,10,000,00,1,1,01,A01
200600068324,0,02,000,00,2,1,01,B01
200600068324,0,07,000,00,9,2,09,A01
200600068325,0,07,000,00,1,2,01,A01
200600068326,0,07,000,00,2,6,11,A01
200600068326,0,07,000,00,2,2,01,B01
200600068326,0,07,000,00,2,6,23,C01
200600068326,0,07,000,00,2,3,23,D01
200600068326,0,07,000,00,2,1,23,E01
200600068327,0,07,000,00,2,1,00,A01
200600068327,0,07,000,00,2,4,00,B01
200600068327,0,07,000,00,0,4,00,C01
200600068328,0,07,000,00,1,8,01,A01
200600068329,0,30,000,00,2,3,02,A01
200600068329,0,07,000,00,2,3,13,B01
200600068330,0,02,000,00,2,1,02,B01
200600068330,0,07,000,00,9,3,09,A01
200600068331,0,07,000,00,0,1,01,B01
200600068331,0,07,000,00,2,3,19,A01
200600068332,0,01,000,00,2,1,19,B01
200600068332,0,07,000,00,2,2,01,A01
200600068333,0,07,000,00,2,2,01,A01
200600068333,0,33,000,00,2,1,00,B01
200600068334,0,31,000,00,2,8,17,A01
200600068334,0,10,000,00,2,8,15,B01
200600068335,0,10,000,00,2,1,15,A01
200600068335,0,02,000,00,2,1,01,B01
200600068336,0,07,000,00,1,2,01,A01
200600068337,0,02,000,00,2,1,18,A01
200600068337,0,10,000,00,2,3,15,B01
200600068338,0,07,000,03,2,1,01,A01
200600068338,0,07,000,03,2,1,01,B01
200600068339,0,33,000,00,2,1,01,A01
200600068339,0,07,000,00,2,8,15,B01
200600068340,0,07,000,00,2,1,01,B01
200600068340,0,30,000,00,2,1,19,A01
200600068341,0,17,000,00,2,1,05,A01
200600068341,0,15,000,00,2,1,01,B01
200600068342,0,15,000,00,1,1,16,B01
200600068343,0,07,000,00,2,1,01,A01
200600068343,0,07,000,12,2,5,02,B01
200600068344,0,07,000,00,2,3,09,A01
200600068344,0,30,000,00,2,2,01,B01
200600068345,0,07,000,00,0,4,01,A01
200600068345,0,07,000,00,2,1,02,B01
200600068345,0,07,000,00,2,1,02,C01
200600068346,0,07,000,00,2,3,15,A01
200600068346,0,30,000,00,2,4,01,B01
200600068347,0,07,000,12,2,1,02,A01
200600068347,0,07,000,00,2,3,02,B01
200600068348,0,02,000,00,2,2,02,A01
200600068348,0,07,000,00,0,5,16,B01
200600068349,0,10,000,06,0,1,01,A01
200600068350,0,07,000,02,0,2,14,A01
200600068351,0,07,000,12,0,1,06,A01
200600068352,0,07,000,00,2,1,21,A01
200600068352,0,07,000,00,0,6,01,B01
200600068353,0,07,000,00,1,1,16,A01
200600068354,0,07,000,00,1,2,01,A01
200600068355,0,07,000,00,2,3,15,A01
200600068355,0,33,000,00,2,1,01,B01
200600068356,0,07,000,00,2,2,15,A01
200600068356,0,07,000,00,2,1,01,B01
200600068357,0,07,000,00,9,0,15,A01
200600068357,0,32,000,00,2,0,17,B01
200600068358,0,07,000,00,2,3,09,A01
200600068358,0,33,000,00,2,1,01,B01
200600068359,0,07,000,00,1,3,01,A01
200600068360,0,07,000,00,2,1,02,A01
200600068360,0,07,000,00,0,4,23,B01
200600068361,0,07,000,00,1,2,01,A01
200600068362,0,07,000,00,2,7,15,A01
200600068362,0,30,000,00,2,1,05,B01
200600068363,0,07,000,00,2,3,15,A01
200600068363,0,07,000,00,2,3,01,B01
200600068364,0,10,000,00,2,2,01,A01
200600068364,0,01,000,00,2,1,05,B01
200600068365,0,07,000,00,1,2,17,A01
200600068365,0,07,000,00,0,0,23,B01
200600068366,0,07,000,00,2,2,01,A01
200600068366,0,01,000,00,2,3,01,B01
200600068367,0,07,000,00,2,1,01,B01
200600068367,0,07,000,00,2,7,01,A01
200600068368,0,07,000,00,2,4,13,A01
200600068368,0,34,000,00,2,7,01,B01
200600068369,0,07,000,00,2,2,15,A01
200600068369,0,02,000,00,2,6,01,B01
200600068370,0,33,000,00,2,1,02,A01
200600068370,0,07,000,00,2,6,02,B01
200600068371,0,07,000,00,2,2,14,A01
200600068371,0,01,000,00,2,0,01,B01
200600068372,0,10,000,00,1,2,01,A01
200600068373,0,07,000,00,1,7,01,A01
200600068374,0,33,000,01,0,1,01,A01
200600068375,0,07,000,06,0,1,14,A01
200600068376,0,07,000,00,0,0,01,A01
200600068377,0,07,000,00,2,3,09,A01
200600068377,0,33,000,00,2,7,01,B01
200600068378,0,07,000,00,1,9,01,A01
200600068379,0,10,000,00,1,2,01,A01
200600068380,0,07,000,00,2,1,13,A01
200600068380,0,15,000,03,2,3,01,B01
200600068380,0,07,000,00,2,3,02,C01
200600068381,0,07,000,00,2,3,17,A01
200600068381,0,07,000,00,2,3,01,B01
200600068382,0,07,000,00,2,3,09,A01
200600068382,0,07,000,00,2,1,01,B01
200600068383,0,07,000,00,1,7,01,A01
200600068384,0,10,000,00,2,1,01,A01
200600068384,0,07,000,00,2,4,01,B01
200600068385,0,30,000,01,2,1,01,A01
200600068386,0,07,000,00,2,3,11,A01
200600068386,0,31,000,00,2,1,01,B01
200600068387,0,30,000,00,2,1,12,A01
200600068387,0,07,000,00,2,5,16,B01
200600068388,0,02,000,01,2,1,11,A01
200600068388,0,07,000,01,2,1,01,B01
200600068389,0,07,000,16,0,9,01,A01
200600068390,0,07,000,00,2,3,09,A01
200600068390,0,30,000,01,2,1,01,B01
200600068391,0,30,000,12,0,1,01,A01
200600068392,0,07,000,00,2,2,09,A01
200600068392,0,07,000,01,2,2,01,B01
200600068393,0,07,000,00,2,1,01,A01
200600068393,0,30,000,00,0,8,01,B01
200600068394,0,07,000,06,0,1,01,A01
200600068395,0,07,000,00,2,1,15,A01
200600068395,0,01,000,00,0,3,01,B01
200600068396,0,07,000,00,0,7,15,A01
200600068396,0,07,000,00,2,1,01,B01
200600068397,0,07,000,00,1,0,01,A01
200600068398,0,07,000,00,1,2,01,A01
200600068399,0,07,000,00,1,1,16,A01
200600068400,0,14,000,00,2,7,01,A01
200600068400,0,30,000,00,2,8,15,B01
200600068401,0,02,000,00,2,8,15,A01
200600068401,0,30,000,00,2,1,01,B01
200600068402,0,07,000,09,0,8,06,A01
200600068403,0,07,000,16,0,9,01,A01
200600068404,0,07,000,00,2,7,15,A01
200600068404,0,07,000,00,0,7,01,B01
200600068405,0,37,001,00,1,2,01,A01
200600068406,0,07,000,09,0,1,01,A01
200600068407,0,33,000,15,0,8,01,A01
200600068408,0,02,000,00,1,7,01,A01
200600068409,0,07,000,00,2,2,15,A01
200600068409,0,07,000,00,2,1,01,B01
200600068409,0,07,000,00,0,1,01,C01
200600068410,0,07,000,00,2,3,01,A01
200600068410,0,33,000,00,0,7,01,B01
200600068411,0,33,000,00,1,1,01,A01
200600068412,0,14,000,00,2,1,01,A01
200600068412,0,07,000,00,0,4,01,B01
200600068413,0,07,000,00,2,1,01,A01
200600068413,0,07,000,00,0,1,01,B01
200600068414,0,07,000,00,2,1,01,A01
200600068414,0,07,000,00,2,4,23,B01
200600068414,0,07,000,00,2,1,23,C01
200600068414,0,07,000,00,0,4,23,D01
200600068415,0,07,000,16,0,1,01,A01
200600068416,0,07,000,00,1,2,01,A01
200600068417,0,02,000,16,0,7,01,A01
200600068418,0,33,000,00,0,3,01,B01
200600068418,0,07,000,00,2,1,01,A01
200600068419,0,02,000,00,2,1,01,A01
200600068419,0,07,000,00,2,1,15,B01
200600068420,0,02,000,16,0,7,01,A01
200600068421,0,07,000,00,2,8,01,A01
200600068421,0,33,000,00,0,1,01,B01
200600068422,0,02,000,16,0,7,01,A01
200600068423,0,07,000,00,2,1,01,A01
200600068423,0,03,000,00,0,1,01,B01
200600068424,0,02,000,00,2,1,01,A01
200600068424,0,07,000,00,0,3,15,B01
200600068425,0,07,000,00,0,1,01,A01
200600068425,0,07,000,00,0,4,01,B01
200600068426,0,33,000,00,0,1,01,B01
200600068426,0,07,000,00,2,8,09,A01
200600068427,0,07,000,00,0,8,01,B01
200600068427,0,02,000,00,2,1,01,A01
200600068428,0,07,000,00,2,1,09,A01
200600068428,0,07,000,00,0,5,01,B01
200600068429,0,07,000,00,1,1,01,A01
200600068430,0,07,000,00,1,4,04,A01
200600068431,0,07,000,01,0,1,01,A01
200600068431,0,15,000,00,0,6,24,B01
200600068432,0,07,000,00,2,1,01,A01
200600068432,0,07,000,00,2,1,01,B01
200600068432,0,07,000,00,1,4,01,C01
200600068433,0,14,000,00,2,2,15,A01
200600068433,0,37,002,00,0,8,01,B01
200600068434,0,33,000,01,2,2,15,A01
200600068434,0,02,000,00,0,1,01,B01
200600068435,0,07,000,00,1,3,01,A01
200600068436,0,07,000,00,2,1,17,A01
200600068436,0,02,000,00,2,1,01,B01
200600068437,0,07,000,00,9,8,02,A01
200600068437,0,32,000,01,2,1,05,B01
200600068438,0,02,000,00,0,1,01,B01
200600068438,0,07,000,00,2,1,01,C01
200600068438,0,15,000,00,2,3,16,A01
200600068439,0,07,000,00,2,2,15,A01
200600068439,0,33,000,00,0,1,01,B01
200600068440,0,32,000,01,2,1,18,A01
200600068440,0,07,000,00,0,0,01,B01
200600068441,0,07,000,06,0,1,01,A01
200600068442,1,07,000,07,2,1,01,A01
200600068442,0,01,000,00,0,3,01,B01
200600068443,0,01,000,00,2,1,15,A01
200600068443,0,07,000,00,0,3,01,B01
200600068444,0,31,000,00,1,1,01,A01
200600068445,0,07,000,00,1,1,01,A01
200600068446,0,10,000,00,2,1,05,A01
200600068446,0,07,000,00,0,1,01,B01
200600068447,0,07,000,00,1,1,01,A01
200600068448,0,33,000,00,2,7,17,A01
200600068448,0,07,000,00,2,8,09,B01
200600068448,0,14,000,00,2,1,01,C01
200600068449,0,33,000,00,2,8,01,B01
200600068449,0,07,000,00,2,2,15,A01
200600068450,1,07,000,00,1,7,05,A01
200600068451,1,07,000,00,2,3,15,A01
200600068451,0,07,000,00,2,3,01,B01
200600068452,0,33,000,00,2,1,01,A01
200600068452,0,07,000,00,2,2,15,B01
200600068453,0,14,000,00,2,3,01,B01
200600068453,0,07,000,00,2,8,15,A01
200600068454,0,07,000,00,2,2,17,A01
200600068454,0,01,000,00,2,8,01,B01
200600068455,0,07,000,00,1,1,01,A01
200600068456,0,10,000,00,1,3,15,A01
200600068457,0,07,000,00,2,1,01,A01
200600068457,0,32,000,00,2,8,01,B01
200600068458,0,31,000,00,2,1,02,B01
200600068458,0,07,000,00,2,1,13,A01
200600068459,0,02,000,00,2,1,17,A01
200600068459,0,07,000,00,2,6,15,B01
200600068460,1,10,000,00,2,0,00,A01
200600068460,0,07,000,00,2,2,01,B01
200600068460,0,10,000,00,2,2,02,C01
200600068461,0,07,000,00,2,3,11,A01
200600068461,0,07,000,00,2,5,01,B01
200600068462,0,14,000,00,2,2,12,A01
200600068462,0,07,000,00,2,6,01,B01
200600068463,1,07,000,00,2,0,00,A01
200600068463,0,05,000,00,2,6,01,B01
200600068464,0,10,000,00,2,2,16,A01
200600068464,0,18,000,00,2,8,07,B01
200600068465,0,05,000,00,1,1,01,A01
200600068466,0,13,000,00,2,1,01,A01
200600068466,0,07,000,00,2,8,01,B01
200600068467,0,01,000,00,0,0,01,A01
200600068468,0,01,000,00,2,6,15,A01
200600068468,0,07,000,00,2,2,01,B01
200600068469,0,07,000,00,1,8,07,A01
200600068470,0,07,000,00,2,3,11,A01
200600068470,0,02,000,00,2,2,01,B01
200600068471,0,05,000,00,1,1,01,A01
200600068472,0,18,000,00,1,2,01,A01
200600068473,0,01,000,01,2,5,12,A01
200600068473,0,07,000,00,2,3,01,B01
200600068474,0,07,000,00,2,7,04,A01
200600068474,0,05,000,00,2,1,01,B01
200600068475,0,07,000,07,0,1,01,A01
200600068476,0,07,000,00,1,1,01,A01
200600068477,0,07,000,00,2,2,15,A01
200600068477,0,04,000,00,2,1,01,B01
200600068478,0,05,000,00,2,2,17,A01
200600068478,0,07,000,00,2,6,15,B01
200600068479,0,10,000,00,2,7,22,A01
200600068479,0,01,000,00,2,3,01,B01
200600068480,0,01,000,00,1,1,01,A01
200600068481,0,10,000,00,1,2,01,A01
200600068482,0,04,000,00,1,1,01,A01
200600068483,0,05,000,00,2,2,12,A01
200600068483,0,14,000,00,2,8,01,B01
200600068484,1,07,000,00,2,2,00,A01
200600068484,0,02,000,00,2,3,01,B01
200600068485,0,07,000,06,0,1,21,A01
200600068486,0,07,000,02,0,1,01,A01
200600068487,0,07,000,00,2,2,10,A01
200600068487,0,05,000,00,1,1,01,B01
200600068488,0,07,000,01,2,1,01,A01
200600068488,0,07,000,01,2,1,01,B01
200600068489,0,07,000,00,2,8,22,A01
200600068489,0,01,000,00,2,5,01,B01
200600068490,0,18,000,00,1,1,01,A01
200600068491,0,02,000,00,2,8,01,A01
200600068491,0,07,000,00,2,2,01,B01
200600068492,0,02,000,00,1,1,01,A01
200600068493,1,04,000,00,2,6,00,A01
200600068493,0,04,000,00,2,1,01,B01
200600068494,0,02,000,00,2,1,01,A01
200600068494,0,07,000,00,2,4,01,B01
200600068495,0,07,000,00,1,4,04,A01
200600068496,0,10,000,00,0,0,01,A01
200600068497,0,05,000,00,2,1,02,A01
200600068497,0,10,000,00,2,4,02,B01
200600068498,0,05,000,00,1,1,01,A01
200600068499,0,07,000,00,2,1,01,A01
200600068499,0,04,000,00,2,4,01,B01
200600068500,0,07,000,00,1,1,01,A01
200600068501,0,07,000,00,1,4,04,A01
200600068502,0,01,000,00,2,2,01,A01
200600068502,0,07,000,00,2,1,07,B01
200600068503,0,04,000,00,0,0,01,A01
200600068504,0,02,000,00,2,2,01,A01
200600068504,0,07,000,00,2,1,01,B01
200600068505,0,07,000,00,2,2,15,A01
200600068505,0,04,000,00,2,1,01,B01
200600068506,0,10,000,00,2,8,01,B01
200600068506,0,05,000,00,2,1,01,A01
200600068507,0,02,000,00,1,1,01,A01
200600068508,0,02,000,00,1,3,01,A01
200600068509,0,04,000,11,2,1,01,A01
200600068509,0,04,000,00,2,5,01,B01
200600068510,0,07,000,00,2,1,02,A01
200600068510,0,04,000,00,2,4,23,B01
200600068511,0,10,000,00,1,4,04,A01
200600068512,0,07,000,00,1,1,15,A01
200600068513,0,05,000,00,1,1,01,A01
200600068514,0,04,000,12,0,3,21,A01
200600068515,0,04,000,12,0,3,07,A01
200600068516,0,05,000,00,2,2,17,A01
200600068516,0,07,000,00,2,8,15,B01
200600068517,0,01,000,00,2,2,19,A01
200600068517,0,07,000,00,2,1,01,B01
200600068518,0,02,000,00,2,3,18,A01
200600068518,0,10,000,00,2,5,01,B01
200600068519,0,04,000,00,0,0,21,A01
200600068520,0,05,000,00,1,1,01,A01
200600068521,0,02,000,00,1,1,01,A01
200600068522,0,04,000,00,1,1,01,A01
200600068523,0,02,000,00,2,2,01,A01
200600068523,0,10,000,00,2,1,01,B01
200600068524,0,05,000,00,1,1,01,A01
200600068525,0,05,000,00,2,1,18,A01
200600068525,0,07,000,00,2,2,15,B01
200600068526,0,14,000,00,2,3,09,A01
200600068526,0,02,000,00,2,1,01,B01
200600068527,0,05,000,01,0,1,01,A01
200600068528,0,07,000,00,1,1,15,A01
200600068529,0,07,000,00,2,2,16,A01
200600068529,0,18,000,00,2,3,09,B01
200600068530,0,07,000,00,2,8,22,A01
200600068530,0,01,000,00,2,2,01,B01
200600068531,1,07,000,00,1,1,00,A01
200600068532,0,07,000,11,0,1,01,A01
200600068533,0,02,000,00,2,2,01,B01
200600068533,1,07,000,00,2,1,00,A01
200600068534,0,07,000,00,1,1,01,A01
200600068535,0,05,000,00,0,0,21,A01
200600068536,0,02,000,01,0,3,01,A01
200600068537,0,07,000,00,2,1,01,A01
200600068537,0,07,000,00,2,4,23,B01
200600068538,0,07,000,00,2,1,13,A01
200600068538,0,07,000,00,2,1,01,B01
200600068539,0,04,000,00,2,1,01,A01
200600068539,0,07,000,00,2,4,01,B01
200600068540,0,05,000,00,2,1,01,A01
200600068540,0,07,000,00,2,4,01,B01
200600068540,0,07,000,00,2,3,01,C01
200600068540,0,07,000,00,2,4,01,D01
200600068540,0,07,000,00,2,4,01,E01
200600068541,0,05,000,01,1,1,01,A01
200600068542,0,14,000,00,1,2,01,A01
200600068543,0,07,000,00,2,8,11,A01
200600068543,0,07,000,00,2,2,01,B01
200600068543,0,10,000,00,2,1,01,C01
200600068544,0,05,000,00,0,0,21,A01
200600068545,0,04,000,00,2,3,16,B01
200600068545,0,07,000,00,2,2,01,A01
200600068546,0,07,000,01,0,4,04,A01
200600068547,0,10,000,00,2,2,15,A01
200600068547,0,04,000,00,1,1,01,B01
200600068548,0,07,000,00,2,8,11,A01
200600068548,0,05,000,00,2,2,01,B01
200600068549,0,13,000,00,1,1,01,A01
200600068550,0,07,000,00,2,8,22,A01
200600068550,0,05,000,00,2,2,01,B01
200600068551,0,02,000,14,0,1,01,A01
200600068552,0,02,000,14,0,1,01,A01
200600068553,1,07,000,00,2,5,00,A01
200600068553,0,02,000,00,2,3,01,B01
200600068554,0,02,000,14,0,1,21,A01
200600068555,0,02,000,00,9,1,01,A01
200600068556,0,02,000,00,2,2,01,A01
200600068556,0,07,000,00,2,1,01,B01
200600068557,0,07,000,00,1,1,01,A01
200600068558,0,07,000,00,2,2,16,A01
200600068558,0,05,000,00,2,3,01,B01
200600068559,0,07,000,00,2,2,15,A01
200600068559,0,04,000,00,2,1,01,B01
200600068560,0,07,000,00,1,4,04,A01
200600068561,0,02,000,01,0,1,01,A01
200600068562,0,07,000,01,0,2,01,A01
200600068563,0,07,000,00,2,5,12,A01
200600068563,0,05,000,00,2,3,01,B01
200600068564,0,05,000,00,2,2,12,A01
200600068564,0,07,000,00,2,8,01,B01
200600068565,0,07,000,00,2,2,16,A01
200600068565,0,05,000,00,2,3,01,B01
200600068566,0,07,000,00,1,1,01,A01
200600068567,0,10,000,00,2,2,16,A01
200600068567,0,05,000,00,2,3,01,B01
200600068568,0,02,000,00,2,3,18,A01
200600068568,0,07,000,00,2,2,16,B01
200600068569,2,07,000,00,2,1,00,A01
200600068569,0,05,000,00,2,4,01,B01
200600068570,0,05,000,12,0,2,18,A01
200600068570,0,07,000,00,0,0,13,B01
200600068571,0,07,000,00,1,1,20,A01
200600068572,0,10,000,00,1,3,01,A01
200600068573,0,07,000,01,0,2,01,A01
200600068574,0,07,000,00,2,3,01,B01
200600068574,0,04,000,00,2,2,01,A01
200600068575,0,05,000,00,2,1,01,A01
200600068575,0,07,000,00,2,5,01,B01
200600068576,0,02,000,08,0,1,01,A01
200600068577,0,02,000,00,2,1,01,A01
200600068577,0,10,000,00,2,4,15,B01
200600068578,0,18,000,00,1,2,01,A01
200600068579,0,10,000,00,2,6,15,A01
200600068579,0,04,000,00,2,2,01,B01
200600068580,0,02,000,00,2,6,18,A01
200600068580,0,07,000,00,2,5,22,B01
200600068581,0,10,000,00,2,8,15,A01
200600068581,0,04,000,00,2,2,01,B01
200600068582,0,05,000,15,0,3,18,A01
200600068583,0,05,000,00,1,1,16,A01