Num_Acc,senc,catv,occutc,obs,obsm,choc,manv,num_veh
200600068584,0,01,000,00,2,2,09,A01
200600068584,0,05,000,00,2,6,01,B01
200600068585,0,05,000,00,1,1,01,A01
200600068586,0,07,000,01,0,1,01,A01
200600068587,0,07,000,00,2,2,01,A01
200600068587,0,04,000,00,2,6,01,B01
200600068587,0,04,000,00,2,3,01,C01
200600068588,0,07,000,00,2,2,15,A01
200600068588,0,02,000,00,2,1,01,B01
200600068589,0,05,000,04,0,1,01,A01
200600068590,0,04,000,00,0,0,01,A01
200600068591,0,17,000,00,2,8,11,A01
200600068591,0,07,000,00,2,2,01,B01
200600068592,0,07,000,15,2,2,15,A01
200600068592,0,07,000,00,2,1,01,B01
200600068593,1,07,000,00,2,8,00,A01
200600068593,0,02,000,00,2,2,01,B01
200600068594,0,04,000,00,2,2,17,A01
200600068594,0,07,000,00,2,8,15,B01
200600068595,0,05,000,00,2,3,01,B01
200600068595,1,07,000,00,2,1,00,A01
200600068596,0,05,000,00,2,2,05,A01
200600068596,0,10,000,00,2,8,15,B01
200600068597,0,07,000,00,2,2,01,A01
200600068597,0,02,000,00,2,1,16,B01
200600068598,0,07,000,00,1,1,01,A01
200600068599,0,02,000,01,2,2,05,A01
200600068599,0,07,000,00,2,1,01,B01
200600068600,0,02,000,00,2,2,01,A01
200600068600,0,07,000,00,2,1,15,B01
200600068601,0,04,000,00,2,2,01,A01
200600068601,0,07,000,00,2,8,15,B01
200600068602,0,07,000,00,2,2,10,A01
200600068602,0,04,000,00,2,1,01,B01
200600068603,0,04,000,00,1,1,01,A01
200600068604,0,04,000,00,0,0,21,A01
200600068605,0,07,000,00,2,3,13,A01
200600068605,0,07,000,00,2,3,23,B01
200600068606,0,02,000,00,1,1,01,A01
200600068607,0,04,000,00,1,3,01,A01
200600068608,0,02,000,14,0,3,11,A01
200600068609,0,07,000,00,2,6,10,A01
200600068609,0,02,000,00,2,2,01,B01
200600068610,0,05,000,00,0,0,01,A01
200600068611,0,05,000,00,2,3,01,A01
200600068611,0,10,000,00,2,3,01,B01
200600068612,0,05,000,00,0,0,09,A01
200600068613,0,07,000,00,2,1,15,B01
200600068613,0,10,000,00,2,2,01,A01
200600068614,0,05,000,14,0,1,01,A01
200600068615,1,07,000,00,2,2,00,A01
200600068615,0,04,000,00,2,3,07,B01
200600068616,0,07,000,00,2,8,10,A01
200600068616,0,02,000,00,2,2,17,B01
200600068617,0,04,000,00,1,1,15,A01
200600068618,0,07,000,00,1,1,01,A01
200600068619,1,07,000,00,2,1,00,A01
200600068619,0,07,000,00,2,4,01,B01
200600068620,0,18,000,00,1,1,01,A01
200600068621,0,02,000,00,1,2,01,A01
200600068622,0,02,000,00,0,0,01,A01
200600068623,0,05,000,00,2,1,01,A01
200600068623,0,07,000,00,2,4,01,B01
200600068624,0,02,000,00,1,1,01,A01
200600068625,0,05,000,00,1,1,17,A01
200600068626,0,02,000,00,1,1,01,A01
200600068627,0,07,000,00,2,2,16,A01
200600068627,0,05,000,00,2,3,01,B01
200600068628,0,07,000,00,2,5,22,A01
200600068628,0,01,000,00,2,3,18,B01
200600068629,0,02,000,00,2,2,17,A01
200600068629,0,07,000,00,2,8,15,B01
200600068630,0,07,000,11,2,1,01,A01
200600068630,0,07,000,00,2,1,01,B01
200600068631,0,10,000,00,1,1,01,A01
200600068632,0,02,000,01,0,1,01,A01
200600068633,0,07,000,00,2,2,01,A01
200600068633,0,02,000,00,2,1,01,B01
200600068634,0,10,000,00,1,1,01,A01
200600068635,0,07,000,00,2,6,11,A01
200600068635,0,05,000,00,2,2,01,B01
200600068636,0,07,000,00,2,1,01,A01
200600068636,0,07,000,00,2,4,01,B01
200600068637,0,05,000,00,0,0,21,A01
200600068638,0,07,000,00,1,1,12,A01
200600068639,0,07,000,00,2,1,01,A01
200600068639,0,05,000,00,2,3,01,B01
200600068640,0,07,000,00,2,2,01,B01
200600068640,0,05,000,00,2,1,01,A01
200600068641,0,02,000,01,0,1,01,A01
200600068642,0,07,000,00,2,1,15,B01
200600068642,0,02,000,00,2,2,01,A01
200600068643,0,07,000,00,2,2,15,A01
200600068643,0,02,000,00,2,1,01,B01
200600068644,0,07,000,00,1,1,01,A01
200600068645,0,07,000,01,0,1,01,A01
200600068646,0,05,000,01,0,1,01,A01
200600068647,0,10,000,00,2,8,22,A01
200600068647,0,01,000,00,2,2,01,B01
200600068648,0,07,000,00,2,8,15,A01
200600068648,0,04,000,00,2,2,17,B01
200600068649,0,04,000,00,0,0,10,A01
200600068650,0,07,000,00,2,2,15,A01
200600068650,0,04,000,00,2,1,01,B01
200600068651,0,05,000,12,0,3,01,A01
200600068652,1,07,000,00,2,8,00,A01
200600068652,0,04,000,00,2,2,01,B01
200600068653,0,02,000,07,0,1,21,A01
200600068654,0,07,000,00,2,2,01,A01
200600068654,0,02,000,00,2,1,01,B01
200600068655,0,02,000,00,2,2,17,A01
200600068655,0,07,000,00,2,6,15,B01
200600068656,0,07,000,00,2,8,10,A01
200600068656,0,02,000,00,2,2,17,B01
200600068657,0,05,000,00,0,0,01,A01
200600068658,0,07,000,00,1,3,01,A01
200600068659,0,05,000,00,1,1,01,A01
200600068660,0,07,000,00,1,1,01,A01
200600068661,0,07,000,00,2,1,01,A01
200600068661,0,07,000,00,2,4,01,B01
200600068662,0,01,000,00,2,3,19,A01
200600068662,0,07,000,00,2,1,15,B01
200600068663,0,07,000,00,2,8,15,A01
200600068663,0,05,000,00,2,2,01,B01
200600068664,0,17,000,00,2,2,01,A01
200600068664,0,07,000,00,2,6,01,B01
200600068665,0,10,000,00,2,1,01,A01
200600068665,0,10,000,00,2,4,01,B01
200600068665,0,07,000,00,2,4,01,C01
200600068666,0,07,000,00,2,1,01,A01
200600068666,0,05,000,00,2,6,01,B01
200600068667,0,02,000,00,1,1,01,A01
200600068668,0,07,000,00,2,8,10,A01
200600068668,0,04,000,00,2,2,17,B01
200600068669,1,07,000,00,1,1,00,A01
200600068670,0,04,000,00,1,1,17,A01
200600068671,0,04,000,00,2,2,01,A01
200600068671,0,07,000,00,2,1,01,B01
200600068672,0,05,000,00,2,2,05,A01
200600068672,0,10,000,00,2,8,15,B01
200600068673,0,02,000,00,2,2,17,A01
200600068673,0,07,000,00,2,8,15,B01
200600068674,0,07,000,00,0,0,01,A01
200600068675,0,04,000,00,0,0,01,A01
200600068676,0,07,000,00,1,1,01,A01
200600068677,0,07,000,00,2,2,01,A01
200600068677,0,07,000,00,2,1,01,B01
200600068678,0,02,000,00,2,3,18,A01
200600068678,0,07,000,00,2,2,16,B01
200600068679,0,07,000,00,1,1,15,A01
200600068680,0,02,000,00,2,3,15,A01
200600068680,0,07,000,00,2,2,01,B01
200600068681,0,10,000,00,2,1,01,A01
200600068681,0,02,000,00,2,1,01,B01
200600068681,0,07,000,00,2,4,01,C01
200600068682,0,01,000,00,1,1,01,A01
200600068683,0,10,000,00,1,1,01,A01
200600068684,0,07,000,00,2,8,10,A01
200600068684,0,05,000,00,2,2,01,B01
200600068685,0,07,000,00,2,1,01,A01
200600068685,0,07,000,00,2,4,23,B01
200600068686,0,07,000,00,2,2,01,A01
200600068686,0,07,000,00,2,1,01,B01
200600068687,0,07,000,00,2,3,11,A01
200600068687,0,04,000,00,2,2,01,B01
200600068688,0,05,000,00,2,2,17,A01
200600068688,0,07,000,00,2,6,15,B01
200600068689,0,07,000,00,1,4,20,A01
200600068690,0,10,000,00,2,5,16,A01
200600068690,0,02,000,00,2,3,01,B01
200600068691,0,02,000,00,2,2,01,A01
200600068691,0,07,000,00,2,1,15,B01
200600068692,0,02,000,00,1,1,01,A01
200600068693,0,02,000,00,2,3,01,A01
200600068693,0,07,000,00,2,1,01,B01
200600068694,0,02,000,00,2,3,18,A01
200600068694,0,07,000,00,2,2,16,B01
200600068695,0,18,000,00,1,2,01,A01
200600068696,0,05,000,00,1,1,01,A01
200600068697,0,05,000,00,2,3,18,A01
200600068697,0,07,000,00,2,2,16,B01
200600068698,0,07,000,00,1,1,01,A01
200600068699,0,02,000,00,0,0,03,A01
200600068700,0,02,000,00,0,0,21,A01
200600068701,0,07,000,00,2,8,15,A01
200600068701,0,05,000,00,2,2,01,B01
200600068702,0,02,000,00,1,1,05,A01
200600068703,0,07,000,00,2,7,22,A01
200600068703,0,02,000,01,2,3,18,B01
200600068704,0,02,000,00,2,1,01,B01
200600068704,0,07,000,00,2,2,01,A01
200600068705,0,02,000,01,0,2,14,A01
200600068706,0,01,000,00,0,0,01,A01
200600068707,0,02,000,00,2,1,01,A01
200600068707,0,07,000,00,2,7,15,B01
200600068708,0,02,000,00,1,1,01,A01
200600068709,0,04,000,01,0,3,21,A01
200600068710,0,07,000,08,0,1,01,A01
200600068711,0,05,000,00,2,1,17,A01
200600068711,0,07,000,00,2,1,01,B01
200600068712,0,07,000,00,2,7,24,A01
200600068712,0,05,000,00,2,1,01,B01
200600068713,0,02,000,00,1,1,01,A01
200600068714,0,02,000,00,2,2,17,A01
200600068714,0,07,000,00,2,6,01,B01
200600068715,0,01,000,00,2,2,01,A01
200600068715,0,04,000,00,2,1,01,B01
200600068716,0,18,000,00,1,7,01,A01
200600068717,0,07,000,07,0,1,01,A01
200600068718,0,07,000,00,1,1,01,A01
200600068719,0,07,000,00,2,4,09,A01
200600068719,0,02,000,00,2,1,01,B01
200600068720,0,05,000,00,0,0,01,A01
200600068721,0,05,000,00,2,3,13,A01
200600068721,0,05,000,00,2,2,01,B01
200600068722,0,05,000,00,2,6,01,A01
200600068722,0,05,000,00,2,3,16,B01
200600068723,0,07,000,00,2,8,15,A01
200600068723,0,04,000,00,2,2,01,B01
200600068724,0,04,000,00,0,0,01,A01
200600068725,0,02,000,00,0,0,01,A01
200600068726,0,02,000,00,2,1,13,A01
200600068726,0,10,000,00,2,1,01,B01
200600068727,0,07,000,00,1,1,01,A01
200600068728,0,01,000,00,0,0,01,A01
200600068729,0,02,000,00,2,3,18,A01
200600068729,0,10,000,00,2,2,16,B01
200600068730,0,07,000,00,2,8,01,A01
200600068730,0,07,000,00,2,2,01,B01
200600068731,0,07,000,00,2,2,12,A01
200600068731,0,04,000,00,2,6,01,B01
200600068732,0,07,000,00,2,8,10,A01
200600068732,0,04,000,00,2,2,01,B01
200600068733,0,02,000,01,0,1,01,A01
200600068734,0,07,000,00,2,2,12,A01
200600068734,0,05,000,00,2,3,01,B01
200600068735,0,07,000,00,2,8,15,A01
200600068735,0,02,000,00,2,2,01,B01
200600068736,0,02,000,00,1,1,01,A01
200600068737,0,07,000,00,2,3,10,A01
200600068737,0,02,000,00,2,3,01,B01
200600068738,0,04,000,00,1,1,01,A01
200600068739,1,07,000,00,2,1,00,A01
200600068739,0,07,000,00,2,4,01,B01
200600068739,0,07,000,00,2,4,01,C01
200600068740,0,02,000,00,2,2,01,A01
200600068740,0,07,000,00,2,8,01,B01
200600068741,0,05,000,00,0,0,01,A01
200600068742,0,04,000,00,0,0,01,A01
200600068743,0,02,000,00,2,3,01,B01
200600068743,0,07,000,00,2,2,01,A01
200600068744,0,05,000,01,2,3,01,A01
200600068744,0,07,000,00,2,6,13,B01
200600068745,0,04,000,00,2,2,07,A01
200600068745,0,07,000,00,2,3,15,B01
200600068746,0,04,000,00,2,3,14,A01
200600068746,0,04,000,00,2,4,01,B01
200600068747,0,10,000,00,2,1,13,A01
200600068747,0,05,000,00,2,4,23,B01
200600068748,0,02,000,00,1,1,17,A01
200600068749,0,01,000,00,2,3,18,A01
200600068749,0,07,000,00,2,5,01,B01
200600068750,0,04,000,00,2,2,14,A01
200600068750,0,18,000,00,2,3,01,B01
200600068751,0,01,000,00,2,1,19,B01
200600068751,0,07,000,00,2,1,16,A01
200600068752,0,04,000,00,0,0,01,A01
200600068753,1,02,000,00,1,0,00,A01
200600068754,0,05,000,00,1,2,01,A01
200600068755,0,05,000,00,0,0,21,A01
200600068756,0,07,000,00,2,1,02,A01
200600068756,0,05,000,00,2,4,01,B01
200600068757,0,02,000,00,2,3,18,A01
200600068757,0,07,000,00,2,2,01,B01
200600068758,0,04,000,00,2,2,17,A01
200600068758,0,07,000,00,2,6,15,B01
200600068759,0,05,000,00,2,1,01,A01
200600068759,0,07,000,00,2,5,01,B01
200600068760,0,02,000,00,2,2,19,A01
200600068760,0,02,000,00,2,1,01,B01
200600068761,0,07,000,00,2,2,12,A01
200600068761,0,05,000,00,2,3,03,B01
200600068762,0,02,000,00,1,1,01,A01
200600068763,0,07,000,09,0,1,15,A01
200600068764,0,07,000,00,2,8,11,A01
200600068764,0,01,000,00,2,2,01,B01
200600068765,0,02,000,00,2,3,11,A01
200600068765,0,04,000,00,2,3,01,B01
200600068766,0,05,000,00,2,3,18,A01
200600068766,0,17,000,00,2,2,16,B01
200600068767,0,04,000,00,1,1,01,A01
200600068768,0,05,000,00,2,2,17,A01
200600068768,0,07,000,00,2,8,15,B01
200600068769,0,07,000,00,2,8,10,A01
200600068769,0,02,000,00,2,2,01,B01
200600068770,0,01,000,00,2,2,16,A01
200600068770,0,07,000,00,2,1,01,B01
200600068771,0,07,000,00,2,2,15,A01
200600068771,0,05,000,00,2,3,01,B01
200600068772,0,05,000,00,2,1,01,A01
200600068772,0,07,000,00,2,4,23,B01
200600068773,0,07,000,01,2,1,01,A01
200600068773,0,07,000,00,2,4,01,B01
200600068774,0,10,000,00,1,1,01,A01
200600068775,0,07,000,00,2,8,10,A01
200600068775,0,02,000,00,2,2,01,B01
200600068776,1,04,000,00,1,1,00,A01
200600068777,0,05,000,00,1,1,01,A01
200600068778,0,07,000,00,1,1,15,A01
200600068779,0,01,000,00,1,1,01,A01
200600068780,0,07,000,00,2,4,04,A01
200600068780,0,04,000,00,2,1,01,B01
200600068781,0,05,000,00,0,0,21,A01
200600068782,0,04,000,00,1,1,17,A01
200600068783,0,07,000,00,1,1,16,A01
200600068784,0,05,000,00,0,0,01,A01
200600068785,0,04,000,00,0,0,21,A01
200600068786,0,07,000,00,1,1,16,A01
200600068787,0,04,000,00,0,0,18,A01
200600068788,0,10,000,00,2,1,01,A01
200600068788,0,04,000,00,2,4,23,B01
200600068789,0,04,000,00,1,1,01,A01
200600068790,0,07,000,00,2,2,15,A01
200600068790,0,04,000,00,2,1,01,B01
200600068791,0,07,000,00,2,7,15,A01
200600068791,0,05,000,00,2,1,01,B01
200600068792,0,02,000,00,0,0,01,A01
200600068793,0,10,000,00,2,1,02,A01
200600068793,0,07,000,00,2,4,23,B01
200600068794,0,10,000,00,1,1,01,A01
200600068795,0,01,000,00,0,0,21,A01
200600068796,0,07,000,00,2,1,23,B01
200600068796,0,04,000,00,2,3,01,A01
200600068797,0,04,000,00,0,0,01,A01
200600068798,0,04,000,00,1,1,01,A01
200600068799,0,07,000,00,1,1,01,A01
200600068800,0,02,000,00,2,1,15,B01
200600068800,0,10,000,00,2,2,01,A01
200600068801,0,07,000,00,2,2,15,A01
200600068801,0,04,000,00,2,2,01,B01
200600068802,0,07,000,00,1,1,01,A01
200600068803,0,14,000,00,2,3,07,A01
200600068803,0,07,000,00,2,2,16,B01
200600068804,0,05,000,00,2,1,07,A01
200600068804,0,07,000,00,2,4,07,B01
200600068805,0,02,000,00,0,0,16,A01
200600068806,0,07,000,00,2,2,01,A01
200600068806,0,07,000,00,2,3,15,B01
200600068807,0,04,000,00,0,0,21,A01
200600068808,0,04,000,00,0,0,21,A01
200600068809,0,02,000,00,2,3,01,A01
200600068809,0,07,000,00,2,2,16,B01
200600068810,0,04,000,00,2,1,01,A01
200600068810,0,07,000,00,2,4,23,B01
200600068811,0,07,000,00,2,2,15,A01
200600068811,0,02,000,00,2,2,01,B01
200600068812,0,14,000,00,1,1,16,A01
200600068813,0,07,000,00,2,2,17,A01
200600068813,0,02,000,00,2,6,01,B01
200600068814,0,05,000,00,2,1,01,A01
200600068814,0,07,000,00,2,3,16,B01
200600068815,0,07,000,00,2,3,10,A01
200600068815,0,05,000,00,2,1,01,B01
200600068816,0,07,000,00,2,1,01,A01
200600068816,0,07,000,00,2,4,01,B01
200600068816,0,07,000,00,2,4,01,C01
200600068817,0,07,000,11,0,1,15,A01
200600068818,0,04,000,00,2,1,01,A01
200600068818,0,07,000,00,2,4,01,B01
200600068819,0,07,000,00,2,6,10,A01
200600068819,0,07,000,00,2,2,01,B01
200600068820,0,07,000,11,0,1,01,A01
200600068821,1,07,000,00,1,1,00,A01
200600068822,0,02,000,00,2,5,01,A01
200600068822,0,07,000,00,2,1,16,B01
200600068823,0,02,000,00,2,2,17,A01
200600068823,0,10,000,00,2,8,15,B01
200600068824,0,01,000,00,2,1,01,A01
200600068824,0,07,000,00,2,8,01,B01
200600068825,0,05,000,00,0,0,01,A01
200600068826,0,05,000,00,2,1,01,A01
200600068826,0,10,000,00,2,4,01,B01
200600068827,0,07,000,00,2,2,12,A01
200600068827,0,05,000,00,2,3,01,B01
200600068827,0,07,000,00,2,4,01,C01
200600068828,0,07,000,00,2,5,12,A01
200600068828,0,04,000,00,2,3,03,B01
200600068829,0,04,000,00,0,0,01,A01
200600068830,0,10,000,00,2,5,12,A01
200600068830,0,05,000,00,2,6,01,B01
200600068831,0,05,000,00,2,3,18,A01
200600068831,0,07,000,00,2,2,12,B01
200600068832,0,07,000,00,2,1,01,A01
200600068832,0,07,000,00,2,4,01,B01
200600068832,0,10,000,00,2,4,01,C01
200600068833,0,07,000,00,2,1,01,A01
200600068833,0,07,000,00,2,4,01,B01
200600068833,0,07,000,00,2,8,01,C01
200600068834,0,02,000,00,2,1,02,A01
200600068834,0,07,000,00,2,4,01,B01
200600068835,0,05,000,00,2,3,18,A01
200600068835,0,07,000,00,2,2,12,B01
200600068835,0,07,000,00,2,4,01,C01
200600068835,0,10,000,00,2,4,01,D01
200600068836,0,01,000,00,2,2,01,A01
200600068836,0,07,000,00,2,8,15,B01
200600068837,0,02,000,00,1,1,18,A01
200600068838,0,07,000,04,2,1,01,A01
200600068838,0,07,000,00,2,4,01,B01
200600068839,0,04,000,00,2,2,12,A01
200600068839,0,05,000,00,2,6,01,B01
200600068840,0,05,000,00,2,3,18,A01
200600068840,0,07,000,00,2,5,12,B01
200600068841,0,07,000,00,2,2,15,A01
200600068841,0,05,000,00,2,1,01,B01
200600068842,0,02,000,00,0,0,21,A01
200600068843,1,07,000,00,2,6,00,A01
200600068843,0,05,000,00,2,2,01,B01
200600068844,0,10,000,00,2,6,10,A01
200600068844,0,07,000,00,2,2,01,B01
200600068845,0,07,000,00,2,1,01,A01
200600068845,0,05,000,00,2,4,01,B01
200600068846,0,05,000,00,2,1,01,A01
200600068846,0,07,000,00,2,1,15,B01
200600068847,0,07,000,00,2,1,01,A01
200600068847,0,07,000,00,2,4,01,B01
200600068848,0,07,000,00,2,8,15,A01
200600068848,0,05,000,00,2,1,01,B01
200600068849,0,10,000,00,2,8,09,A01
200600068849,0,02,000,00,2,3,01,B01
200600068850,0,07,000,00,2,2,09,A01
200600068850,0,01,000,00,2,3,07,B01
200600068851,0,04,000,00,0,0,21,A01
200600068852,0,04,000,00,1,3,01,A01
200600068853,1,10,000,00,2,0,00,A01
200600068853,0,07,000,12,2,3,01,B01
200600068854,0,05,000,00,2,2,17,A01
200600068854,0,07,000,00,2,8,15,B01
200600068855,0,05,000,00,0,0,01,A01
200600068856,0,14,000,00,2,2,07,A01
200600068856,0,01,000,00,2,3,13,B01
200600068857,0,02,000,00,2,2,17,A01
200600068857,0,07,000,00,2,8,15,B01
200600068858,0,02,000,00,2,1,21,A01
200600068858,0,07,000,00,2,3,01,B01
200600068858,0,14,000,00,2,8,01,C01
200600068859,0,05,000,00,0,0,01,A01
200600068860,0,02,000,00,1,1,01,A01
200600068861,0,10,000,00,2,1,02,A01
200600068861,0,07,000,00,2,4,02,B01
200600068861,0,07,000,00,2,4,23,C01
200600068862,0,07,000,00,2,3,10,A01
200600068862,0,02,000,00,2,2,01,B01
200600068863,0,04,000,00,0,0,21,A01
200600068864,0,04,000,00,1,1,01,A01
200600068865,0,04,000,00,1,1,01,A01
200600068866,0,04,000,00,1,1,01,A01
200600068867,0,04,000,00,0,0,01,A01
200600068868,0,07,000,00,2,2,12,A01
200600068868,0,05,000,00,2,3,01,B01
200600068868,0,07,000,00,2,4,01,C01
200600068869,0,04,000,12,0,0,21,A01
200600068870,0,02,000,00,1,1,16,A01
200600068871,0,07,000,00,1,1,15,A01
200600068872,0,05,000,00,2,3,01,A01
200600068872,0,07,000,00,2,2,01,B01
200600068873,1,07,000,00,2,1,00,A01
200600068873,0,02,000,00,2,4,23,B01
200600068874,0,05,000,00,2,3,01,A01
200600068874,0,07,000,00,2,2,16,B01
200600068875,0,07,000,00,2,1,10,A01
200600068875,0,02,000,00,2,4,01,B01
200600068876,0,07,000,00,2,3,15,A01
200600068876,0,05,000,00,2,1,01,B01
200600068877,0,04,000,00,0,0,01,A01
200600068878,0,04,000,00,2,2,17,A01
200600068878,0,07,000,00,2,8,15,B01
200600068879,0,07,000,00,2,1,01,A01
200600068879,0,07,000,00,2,2,01,B01
200600068880,0,10,000,00,1,1,01,A01
200600068881,0,02,000,00,2,2,17,A01
200600068881,0,07,000,00,2,8,15,B01
200600068882,0,07,000,00,2,2,12,A01
200600068882,0,05,000,00,2,3,01,B01
200600068883,0,02,000,00,1,1,01,A01
200600068884,0,02,000,00,0,0,21,A01
200600068885,1,07,000,00,2,8,00,A01
200600068885,0,04,000,00,2,2,01,B01
200600068886,0,07,000,00,2,8,13,A01
200600068886,0,05,000,00,2,2,01,B01
200600068887,0,05,000,00,0,2,01,A01
200600068888,0,07,000,00,2,8,22,A01
200600068888,0,01,000,00,2,1,01,B01
200600068888,0,07,000,00,2,4,01,C01
200600068889,0,02,000,00,2,1,18,A01
200600068889,0,07,000,00,2,5,16,B01
200600068890,0,02,000,00,0,0,01,A01
200600068891,0,07,000,00,2,1,15,A01
200600068891,0,02,000,00,2,1,01,B01
200600068892,0,07,000,00,2,2,16,A01
200600068892,0,05,000,00,2,3,01,B01
200600068893,0,07,000,00,2,2,12,A01
200600068893,0,05,000,01,2,2,01,B01
200600068894,0,07,000,00,2,1,01,A01
200600068894,0,07,000,00,2,4,01,B01
200600068894,0,07,000,00,2,6,01,C01
200600068895,0,07,000,00,1,1,01,A01
200600068896,1,07,000,00,2,1,00,A01
200600068896,0,02,000,00,2,3,01,B01
200600068897,0,02,000,00,2,1,13,A01
200600068897,0,07,000,00,2,1,01,B01
200600068898,0,07,000,01,0,1,14,A01
200600068899,0,07,000,00,1,1,01,A01
200600068900,0,18,000,00,2,5,17,A01
200600068900,0,01,000,00,2,3,01,B01
200600068901,0,10,000,00,2,1,01,B01
200600068901,0,07,000,01,2,2,05,A01
200600068902,0,07,000,11,0,1,01,A01
200600068903,0,05,000,00,2,6,16,B01
200600068903,0,07,000,00,2,1,01,A01
200600068904,0,07,000,00,2,1,01,A01
200600068904,0,07,000,00,2,4,01,B01
200600068905,0,07,000,00,2,5,01,A01
200600068905,0,07,000,00,2,1,01,B01
200600068906,0,07,000,00,2,1,21,A01
200600068906,0,07,000,00,2,6,01,B01
200600068907,0,04,000,00,1,1,01,A01
200600068908,0,07,000,02,0,1,14,A01
200600068909,0,07,000,00,1,1,15,A01
200600068910,0,07,000,00,2,1,01,A01
200600068910,0,05,000,00,2,4,23,B01
200600068910,0,07,000,00,2,4,23,C01
200600068911,0,07,000,00,2,2,01,A01
200600068911,0,04,000,00,2,1,01,B01
200600068912,0,07,000,00,2,1,01,A01
200600068912,0,07,000,00,2,4,01,B01
200600068912,0,07,000,00,2,4,01,C01
200600068912,0,07,000,00,2,4,01,D01
200600068913,0,04,000,00,2,1,01,A01
200600068913,0,07,000,00,2,4,01,B01
200600068914,0,07,000,00,2,2,10,A01
200600068914,0,01,000,00,2,1,01,B01
200600068915,0,04,000,00,1,1,15,A01
200600068916,0,05,000,00,2,1,01,A01
200600068916,0,04,000,00,2,4,01,B01
200600068917,0,10,000,00,1,1,15,A01
200600068918,0,10,000,00,1,1,16,A01
200600068919,0,02,000,00,0,0,01,A01
200600068920,0,02,000,00,2,1,01,A01
200600068920,0,07,000,00,2,4,01,B01
200600068921,0,02,000,00,2,1,01,A01
200600068921,0,07,000,00,2,6,01,B01
200600068922,1,07,000,00,2,3,00,A01
200600068922,0,04,000,00,2,1,01,B01
200600068923,0,07,000,00,2,3,09,A01
200600068923,0,01,000,00,2,1,01,B01
200600068924,0,10,000,00,2,3,09,A01
200600068924,0,07,000,00,2,1,01,B01
200600068924,0,10,000,00,2,1,15,C01
200600068924,0,07,000,00,2,1,01,D01
200600068925,0,07,000,00,1,1,15,A01
200600068926,0,07,000,00,1,1,01,A01
200600068927,0,07,000,00,1,1,01,A01
200600068928,0,10,000,00,2,5,16,A01
200600068928,0,18,000,00,2,3,01,B01
200600068929,0,07,000,00,1,1,15,A01
200600068930,0,07,000,11,0,1,01,A01
200600068931,0,07,000,00,1,1,01,A01
200600068932,0,03,000,00,2,1,01,A01
200600068932,0,10,000,00,2,4,01,B01
200600068933,0,07,000,00,2,2,15,A01
200600068933,0,02,000,00,2,1,01,B01
200600068934,0,02,000,00,2,3,18,A01
200600068934,0,07,000,00,2,2,16,B01
200600068935,0,07,000,00,1,1,01,A01
200600068936,0,07,000,00,2,3,15,A01
200600068936,0,02,000,00,2,2,17,B01
200600068937,0,02,000,00,2,3,15,A01
200600068937,0,07,000,00,2,1,01,B01
200600068938,0,07,000,00,2,2,15,A01
200600068938,0,02,000,00,2,1,01,B01
200600068939,0,05,000,00,2,6,17,A01
200600068939,0,07,000,00,2,6,15,B01
200600068940,0,10,000,11,0,1,13,A01
200600068941,0,04,000,00,0,5,21,A01
200600068942,0,07,000,00,2,3,11,A01
200600068942,0,02,000,00,2,1,01,B01
200600068943,0,01,000,00,1,1,01,A01
200600068944,0,04,000,00,1,1,01,A01
200600068945,0,02,000,00,1,1,01,A01
200600068946,0,07,000,00,2,8,22,A01
200600068946,0,01,000,00,2,1,01,B01
200600068947,0,07,000,00,2,7,01,A01
200600068947,0,02,000,00,2,2,01,B01
200600068948,0,05,000,00,0,5,21,A01
200600068949,0,07,000,00,1,1,01,A01
200600068950,0,07,000,00,1,7,01,A01
200600068951,0,04,000,00,0,2,21,A01
200600068952,0,05,000,00,0,1,01,A01
200600068953,0,10,000,00,2,8,22,A01
200600068953,0,01,000,00,2,1,01,B01
200600068954,0,07,000,00,2,3,09,A01
200600068954,0,01,000,00,2,1,01,B01
200600068955,0,05,000,00,2,3,21,A01
200600068955,0,04,000,00,2,1,01,B01
200600068956,0,18,000,00,1,2,14,A01
200600068957,0,10,000,00,2,1,09,A01
200600068957,0,04,000,00,2,2,21,B01
200600068958,0,10,000,00,2,1,17,A01
200600068958,0,07,000,00,2,1,01,B01
200600068959,0,01,000,00,2,1,13,A01
200600068959,0,07,000,00,2,2,01,B01
200600068960,0,07,000,00,2,3,15,A01
200600068960,0,04,000,00,2,1,01,B01
200600068961,0,07,000,00,1,2,01,A01
200600068962,0,02,000,00,0,0,01,A01
200600068963,0,02,000,00,0,0,01,A01
200600068964,0,07,000,00,2,2,01,A01
200600068964,0,07,000,00,2,3,01,C01
200600068964,0,07,000,01,2,1,16,B01
200600068965,0,07,000,00,2,1,15,B01
200600068965,0,02,000,00,2,1,01,A01
200600068966,0,02,000,00,0,0,07,A01
200600068967,0,01,000,00,2,3,09,A01
200600068967,0,05,000,00,2,1,01,B01
200600068968,0,07,000,00,2,1,01,A01
200600068968,0,05,000,00,2,4,23,B01
200600068969,0,01,000,00,2,1,01,A01
200600068969,0,07,000,00,2,4,23,B01
200600068970,0,07,000,00,2,8,22,A01
200600068970,0,01,000,00,2,1,01,B01
200600068971,0,10,000,00,2,3,10,A01