Num_Acc,senc,catv,occutc,obs,obsm,choc,manv,num_veh
200600069349,0,30,000,09,0,0,00,A01
200600069350,0,30,000,00,0,0,00,A01
200600069350,0,07,000,00,0,2,00,B01
200600069351,0,07,000,00,2,6,09,B01
200600069351,0,13,000,00,2,1,09,A01
200600069352,0,07,000,00,0,0,00,A01
200600069353,0,30,000,00,2,1,17,A01
200600069353,0,07,000,00,2,3,15,B01
200600069354,0,07,000,00,0,1,02,A01
200600069355,0,07,000,13,0,9,12,B01
200600069355,1,07,000,00,0,0,00,A01
200600069356,0,07,000,00,1,2,01,A01
200600069357,0,30,000,11,0,1,01,A01
200600069358,0,07,000,00,0,9,13,A01
200600069359,0,17,000,00,2,1,15,A01
200600069359,0,07,000,00,2,1,00,B01
200600069360,0,07,000,00,2,1,02,B01
200600069360,0,07,000,00,2,8,19,A01
200600069361,0,07,000,00,0,9,01,A01
200600069362,0,30,000,00,0,1,01,A01
200600069362,0,10,000,14,0,1,02,B01
200600069363,0,02,000,00,0,9,00,A01
200600069363,0,07,000,00,2,1,01,B01
200600069364,0,30,000,01,0,5,01,A01
200600069365,0,01,000,00,2,3,01,B01
200600069365,1,99,000,00,2,5,01,A01
200600069366,0,07,000,00,1,2,01,A01
200600069367,0,07,000,00,2,3,01,B01
200600069367,0,07,000,00,2,1,00,A01
200600069368,0,02,000,00,2,3,21,B01
200600069368,0,07,000,00,2,3,05,A01
200600069369,0,07,000,00,2,1,01,B01
200600069369,0,07,000,00,0,3,23,A01
200600069370,0,07,000,00,2,3,15,A01
200600069370,0,33,000,00,2,1,01,B01
200600069371,0,07,000,00,2,2,09,A01
200600069371,0,33,000,00,2,2,02,B01
200600069372,0,15,000,00,0,6,23,A01
200600069372,0,10,000,00,0,2,02,B01
200600069373,0,07,000,00,1,8,01,A01
200600069374,0,07,000,02,0,9,01,A01
200600069375,0,07,000,00,2,1,17,A01
200600069375,0,07,000,00,2,1,01,B01
200600069376,0,07,000,00,0,3,15,A01
200600069376,0,02,000,00,0,1,17,B01
200600069377,0,07,000,00,2,1,02,A01
200600069377,0,07,000,00,2,4,02,B01
200600069377,0,07,000,00,0,4,02,C01
200600069378,0,07,000,00,1,2,01,A01
200600069379,0,07,000,04,0,3,01,A01
200600069380,0,07,000,00,2,5,15,B01
200600069380,0,31,000,00,2,1,01,A01
200600069381,0,33,000,00,2,8,01,A01
200600069381,0,17,000,00,2,0,16,B01
200600069382,0,07,000,00,2,1,01,A01
200600069382,0,07,000,00,2,8,19,B01
200600069383,0,07,000,00,2,1,15,A01
200600069383,0,07,000,00,2,1,02,B01
200600069384,0,07,000,00,2,6,15,A01
200600069384,0,07,000,00,2,3,01,B01
200600069385,0,07,000,00,2,1,02,A01
200600069385,0,07,000,00,2,4,02,B01
200600069386,0,07,000,00,2,3,01,A01
200600069386,0,30,000,00,2,7,15,B01
200600069387,0,33,000,00,2,1,18,A01
200600069387,0,10,000,01,2,2,14,B01
200600069388,0,07,000,15,0,9,01,A01
200600069389,0,07,000,00,2,1,01,A01
200600069389,0,31,000,00,2,7,01,B01
200600069390,0,07,000,14,0,1,02,A01
200600069391,0,07,000,00,2,2,02,A01
200600069391,0,07,000,00,2,1,09,B01
200600069392,0,07,000,00,2,1,16,A01
200600069392,0,33,000,00,2,7,01,B01
200600069393,0,33,000,00,2,1,02,A01
200600069393,0,07,000,00,2,4,02,B01
200600069394,0,07,000,00,1,1,01,A01
200600069395,0,10,000,15,0,1,16,A01
200600069396,0,33,000,00,2,3,01,A01
200600069396,0,07,000,00,2,5,17,B01
200600069397,0,15,000,00,2,3,21,A01
200600069397,0,33,000,03,2,3,01,B01
200600069398,0,07,000,00,2,1,16,A01
200600069398,0,07,000,00,2,6,15,B01
200600069399,0,02,000,14,0,3,21,A01
200600069399,1,07,000,00,0,0,13,B01
200600069400,0,07,000,00,1,4,04,A01
200600069401,0,31,000,00,2,1,01,B01
200600069401,0,07,000,00,2,1,15,A01
200600069402,0,07,000,00,2,1,02,A01
200600069402,0,07,000,00,0,4,23,B01
200600069403,0,07,000,03,2,1,14,A01
200600069403,0,07,000,00,2,0,01,B01
200600069404,0,31,000,11,0,0,00,A01
200600069405,0,07,000,06,0,1,00,A01
200600069406,0,30,000,00,0,7,01,A01
200600069407,0,10,000,00,1,1,15,A01
200600069408,0,33,000,01,2,1,17,A01
200600069408,0,10,000,00,0,8,01,B01
200600069409,0,10,000,00,1,1,15,A01
200600069410,0,13,000,00,2,7,15,A01
200600069410,0,33,000,00,0,1,01,B01
200600069411,0,07,000,00,2,3,13,A01
200600069411,0,07,000,00,2,3,09,B01
200600069412,0,10,000,00,1,4,04,A01
200600069413,0,07,000,00,0,3,00,A01
200600069413,1,07,000,00,0,0,01,B01
200600069414,0,30,000,00,2,1,02,A01
200600069414,0,07,000,00,2,4,02,B01
200600069415,0,33,000,00,0,0,00,A01
200600069416,0,07,000,09,0,8,02,A01
200600069417,0,07,000,00,2,8,02,A01
200600069417,0,01,000,00,2,1,02,B01
200600069418,0,07,000,00,2,1,02,B01
200600069418,0,07,000,02,2,4,09,A01
200600069419,0,07,000,00,2,3,02,A01
200600069419,0,07,000,00,2,3,09,B01
200600069420,0,02,000,00,2,1,17,A01
200600069420,0,07,000,00,2,8,15,B01
200600069421,0,07,000,00,0,8,09,A01
200600069421,0,30,000,00,2,1,02,B01
200600069422,0,07,000,00,1,1,01,A01
200600069423,0,07,000,00,2,2,15,A01
200600069423,0,10,000,00,2,1,01,B01
200600069424,0,33,000,00,2,3,01,A01
200600069425,0,07,000,00,2,1,01,B01
200600069425,0,07,000,00,2,6,16,A01
200600069426,0,07,000,00,2,3,01,B01
200600069426,0,07,000,00,2,2,01,A01
200600069427,0,07,000,00,2,1,01,A01
200600069427,0,07,000,00,2,3,11,B01
200600069428,0,07,000,00,1,2,01,A01
200600069429,0,07,000,06,0,1,13,A01
200600069430,0,30,000,00,2,3,01,A01
200600069430,0,07,000,00,2,2,01,B01
200600069431,0,14,000,14,0,0,01,A01
200600069431,0,33,000,00,2,4,23,B01
200600069432,0,07,000,00,1,1,01,A01
200600069433,0,07,000,00,2,2,01,A01
200600069433,0,07,000,00,2,3,01,B01
200600069434,0,07,000,13,0,1,00,A01
200600069435,0,07,000,00,9,8,24,A01
200600069435,0,01,000,01,0,1,01,B01
200600069436,0,07,000,08,0,1,14,A01
200600069437,0,07,000,06,0,0,00,A01
200600069438,0,33,000,00,2,1,01,B01
200600069438,0,07,000,00,2,8,15,A01
200600069439,0,07,000,01,0,3,14,A01
200600069440,0,07,000,00,2,2,01,A01
200600069440,0,07,000,00,2,4,01,B01
200600069440,0,07,000,00,2,4,01,C01
200600069441,0,07,000,00,2,1,02,B01
200600069441,0,07,000,00,2,0,15,A01
200600069442,0,07,000,00,1,1,01,A01
200600069443,0,07,000,00,2,7,01,A01
200600069443,0,07,000,00,2,1,01,B01
200600069444,0,07,000,00,2,4,01,A01
200600069444,0,07,000,00,2,1,01,B01
200600069444,0,07,000,00,2,1,01,C01
200600069444,0,07,000,00,2,1,01,D01
200600069445,0,14,000,00,2,1,01,A01
200600069445,0,14,000,00,2,4,01,B01
200600069445,0,10,000,00,2,4,01,C01
200600069445,0,10,000,00,2,4,01,D01
200600069446,0,07,000,00,1,2,01,A01
200600069447,0,33,000,00,1,8,01,A01
200600069448,0,07,000,00,1,2,01,A01
200600069449,0,07,000,00,2,7,15,A01
200600069449,0,31,000,00,2,1,01,B01
200600069450,0,30,000,00,2,1,05,A01
200600069450,0,07,000,00,2,2,01,B01
200600069451,0,07,000,00,2,1,01,A01
200600069451,0,07,000,00,2,4,01,B01
200600069452,0,07,000,00,2,1,01,A01
200600069452,0,07,000,00,2,4,23,B01
200600069453,0,33,000,00,6,1,01,A01
200600069453,0,07,000,00,2,1,01,B01
200600069454,0,07,000,00,2,2,15,A01
200600069454,0,02,000,00,2,1,01,B01
200600069455,0,07,000,00,1,1,17,A01
200600069456,0,02,000,00,2,7,17,B01
200600069456,0,07,000,00,2,8,15,A01
200600069457,0,07,000,00,2,1,15,A01
200600069457,0,07,000,00,2,3,01,B01
200600069458,0,33,000,00,1,8,17,A01
200600069459,0,07,000,00,2,1,01,A01
200600069459,0,07,000,00,0,4,01,B01
200600069460,0,07,000,00,2,2,15,A01
200600069460,0,07,000,00,2,1,01,B01
200600069461,0,07,000,00,2,3,09,A01
200600069461,0,33,000,00,2,1,01,B01
200600069462,0,07,000,00,2,3,15,A01
200600069462,0,33,000,00,2,1,01,B01
200600069463,0,07,000,00,2,1,02,A01
200600069463,0,07,000,00,2,4,23,B01
200600069463,0,07,000,00,0,4,23,C01
200600069464,0,32,000,00,2,1,01,A01
200600069464,0,07,000,00,2,8,01,B01
200600069465,0,07,000,00,1,1,01,A01
200600069466,0,07,000,01,0,1,01,A01
200600069466,0,17,000,00,0,4,24,B01
200600069467,0,07,000,00,1,1,15,A01
200600069468,0,30,000,00,2,1,01,A01
200600069468,0,10,000,00,9,3,04,B01
200600069469,0,33,000,00,2,8,05,A01
200600069469,0,07,000,00,2,0,05,B01
200600069470,0,07,000,00,1,1,01,A01
200600069471,0,07,000,00,9,3,10,A01
200600069471,0,02,000,00,2,8,01,B01
200600069472,0,07,000,00,1,1,00,A01
200600069473,0,13,000,00,2,1,02,A01
200600069473,0,07,000,00,2,9,02,B01
200600069473,0,07,000,00,2,9,02,C01
200600069473,0,07,000,00,2,4,02,D01
200600069474,0,30,000,00,2,1,02,A01
200600069474,0,07,000,00,2,5,02,B01
200600069475,0,07,000,00,1,6,20,A01
200600069476,0,07,000,00,2,1,13,A01
200600069476,0,07,000,00,2,1,01,B01
200600069477,0,01,000,00,2,1,01,A01
200600069477,0,07,000,00,0,3,19,B01
200600069478,0,07,000,00,2,1,01,A01
200600069478,0,01,000,00,2,6,01,B01
200600069479,0,02,000,00,2,1,17,A01
200600069479,0,07,000,00,2,8,15,B01
200600069480,0,07,000,00,2,7,12,A01
200600069480,0,05,000,00,2,7,09,B01
200600069481,0,07,000,00,2,7,10,A01
200600069481,0,02,000,00,2,1,01,B01
200600069482,0,07,000,00,2,2,15,A01
200600069482,0,05,000,00,2,1,01,B01
200600069483,0,02,000,00,2,1,16,A01
200600069483,0,07,000,00,2,8,01,B01
200600069484,0,02,000,00,2,1,01,A01
200600069484,0,07,000,00,2,8,01,B01
200600069485,0,07,000,00,2,3,01,B01
200600069485,0,02,000,00,2,1,01,A01
200600069486,0,07,000,00,1,1,01,A01
200600069487,0,18,001,00,2,5,20,A01
200600069487,0,01,000,00,2,2,01,B01
200600069488,0,07,000,00,1,8,01,A01
200600069489,0,07,000,00,2,1,01,A01
200600069489,0,07,000,00,2,4,01,B01
200600069490,0,07,000,00,2,1,01,A01
200600069490,0,07,000,00,0,4,02,B01
200600069491,0,07,000,00,1,8,00,A01
200600069492,0,33,000,00,2,1,01,A01
200600069492,0,07,000,00,2,1,23,B01
200600069493,0,32,000,00,1,1,00,A01
200600069494,0,07,000,00,2,5,15,A01
200600069494,0,02,000,00,2,2,01,B01
200600069495,0,07,000,00,1,1,15,A01
200600069496,0,02,000,00,2,1,01,A01
200600069496,1,07,000,00,9,3,15,B01
200600069497,0,07,000,09,2,3,13,A01
200600069497,0,07,000,00,2,3,01,B01
200600069498,0,07,000,00,2,3,13,A01
200600069498,0,07,000,00,2,1,01,B01
200600069499,0,07,000,00,2,7,10,A01
200600069499,0,07,000,00,2,1,01,B01
200600069500,0,30,000,01,2,1,17,A01
200600069500,0,07,000,00,2,3,15,B01
200600069500,0,07,000,00,2,2,24,C01
200600069501,0,30,000,00,2,1,19,B01
200600069501,0,07,000,00,2,2,19,A01
200600069502,0,07,000,00,0,7,15,A01
200600069502,0,07,000,00,2,1,19,B01
200600069503,0,07,000,00,1,7,01,A01
200600069504,0,01,000,00,2,1,01,A01
200600069504,0,07,000,00,2,3,01,B01
200600069505,0,02,000,00,2,1,01,A01
200600069505,0,13,000,00,2,4,01,B01
200600069506,0,37,001,00,1,2,01,A01
200600069507,0,07,000,00,2,1,15,A01
200600069507,0,02,000,00,2,1,01,B01
200600069508,0,37,001,00,1,7,01,A01
200600069509,0,01,000,00,2,1,01,A01
200600069509,0,07,000,00,2,1,09,B01
200600069510,0,10,000,00,2,8,09,A01
200600069510,0,07,000,00,2,1,01,B01
200600069511,0,07,000,00,2,3,01,A01
200600069511,0,01,000,00,2,4,15,B01
200600069512,0,01,000,00,2,1,01,A01
200600069512,0,07,000,00,2,1,01,B01
200600069513,0,02,000,00,2,1,01,A01
200600069513,0,07,000,00,2,6,15,B01
200600069514,0,07,000,00,2,1,15,A01
200600069514,0,07,000,00,2,2,01,B01
200600069515,0,07,000,13,0,9,01,A01
200600069516,0,07,000,00,2,9,01,A01
200600069517,0,01,000,00,2,1,18,A01
200600069517,0,07,000,00,2,5,01,B01
200600069518,0,07,000,00,0,0,15,A01
200600069518,0,33,000,00,0,8,01,B01
200600069519,0,33,000,00,2,3,18,A01
200600069519,0,07,000,00,2,7,16,B01
200600069520,0,07,000,00,2,3,15,A01
200600069520,0,07,000,00,2,1,01,B01
200600069521,0,02,000,14,0,7,01,A01
200600069522,1,07,000,00,1,1,01,A01
200600069523,0,07,000,00,2,3,15,A01
200600069523,0,07,000,00,2,2,01,B01
200600069524,0,07,000,00,2,8,22,A01
200600069524,0,01,000,01,0,1,01,B01
200600069525,0,07,000,00,2,1,01,B01
200600069525,0,07,000,00,2,1,15,A01
200600069526,0,07,000,00,1,1,01,A01
200600069527,0,30,000,00,2,2,01,A01
200600069527,0,07,000,00,2,1,15,B01
200600069528,0,07,000,00,2,5,01,A01
200600069528,0,02,000,00,2,1,01,B01
200600069529,0,07,000,00,2,2,01,A01
200600069529,0,01,000,00,2,1,09,B01
200600069530,0,07,000,00,2,2,15,A01
200600069530,0,33,000,00,2,8,01,B01
200600069531,0,10,000,00,1,1,01,A01
200600069532,0,07,000,00,1,1,01,A01
200600069533,0,07,000,00,2,1,01,A01
200600069533,0,07,000,00,2,4,01,B01
200600069534,0,07,000,00,2,1,01,B01
200600069534,0,07,000,00,2,2,01,A01
200600069534,0,07,000,00,2,1,23,C01
200600069535,0,07,000,00,2,1,01,A01
200600069535,0,02,000,00,2,1,01,B01
200600069536,0,07,000,00,2,3,15,A01
200600069536,0,02,000,00,2,1,01,B01
200600069537,0,33,000,00,1,1,01,A01
200600069538,0,07,000,00,1,4,04,A01
200600069539,0,07,000,02,0,1,01,A01
200600069540,0,07,000,00,1,2,01,A01
200600069541,0,07,000,00,2,3,17,A01
200600069541,0,07,000,00,2,3,15,B01
200600069542,0,33,000,00,2,1,01,B01
200600069542,0,07,000,00,2,5,11,A01
200600069543,0,07,000,00,2,1,01,B01
200600069543,0,07,000,00,2,8,15,A01
200600069544,0,07,000,06,2,2,14,A01
200600069544,0,07,000,00,2,6,01,B01
200600069545,0,02,000,00,2,1,01,B01
200600069545,0,07,000,00,2,2,15,A01
200600069546,0,07,000,00,2,1,01,B01
200600069546,0,07,000,00,2,7,15,A01
200600069547,0,10,000,00,2,3,13,A01
200600069547,0,07,000,00,2,8,01,B01
200600069548,0,07,000,02,0,1,01,A01
200600069549,0,07,000,00,2,2,01,A01
200600069550,0,07,000,08,0,1,14,A01
200600069551,0,01,000,00,2,8,19,A01
200600069551,0,07,000,00,2,3,01,B01
200600069552,0,07,000,00,5,1,01,A01
200600069553,0,30,000,00,2,8,09,A01
200600069553,0,07,000,00,2,1,01,B01
200600069554,0,07,000,00,2,1,01,A01
200600069554,0,07,000,00,2,8,15,B01
200600069555,0,37,001,00,2,5,01,A01
200600069555,0,07,000,00,2,6,23,B01
200600069556,0,31,000,00,2,7,17,A01
200600069556,0,07,000,00,2,8,01,B01
200600069557,0,07,000,00,2,1,01,A01
200600069557,0,07,000,00,2,4,01,B01
200600069557,0,07,000,00,5,4,21,C01
200600069558,0,07,000,00,1,2,01,A01
200600069559,0,07,000,00,2,1,01,A01
200600069559,0,07,000,00,2,4,01,B01
200600069560,0,07,000,00,2,2,15,A01
200600069560,0,02,000,00,2,1,01,B01
200600069561,0,02,000,00,1,1,01,A01
200600069562,0,07,000,00,2,1,15,A01
200600069562,0,31,000,00,2,1,01,B01
200600069563,0,07,000,00,2,4,02,B01
200600069563,0,07,000,00,2,1,09,A01
200600069564,0,07,000,02,0,1,01,A01
200600069565,0,31,000,00,2,8,15,B01
200600069565,0,07,000,00,2,3,16,A01
200600069566,0,07,000,00,2,1,01,B01
200600069566,0,07,000,00,2,1,19,A01
200600069567,0,07,000,00,2,7,01,B01
200600069567,0,07,000,00,2,1,15,A01
200600069568,0,07,000,02,2,1,13,A01
200600069568,0,07,000,00,2,1,01,B01
200600069568,0,07,000,00,9,1,02,C01
200600069569,0,07,000,00,2,1,19,A01
200600069569,0,30,000,00,2,1,19,B01
200600069570,0,32,000,00,2,1,17,A01
200600069570,0,07,000,00,2,6,15,B01
200600069571,0,10,000,00,2,1,01,A01
200600069571,0,10,000,00,2,4,15,B01
200600069572,0,07,000,00,2,1,01,B01
200600069572,0,10,000,00,2,7,19,A01
200600069573,0,07,000,00,2,8,01,B01
200600069573,0,07,000,00,2,1,01,A01
200600069574,0,10,000,00,2,1,01,B01
200600069574,0,07,000,00,2,1,00,A01
200600069575,0,07,000,13,0,1,01,A01
200600069576,0,07,000,15,2,3,13,A01
200600069576,0,07,000,00,2,3,01,B01
200600069577,0,07,000,00,1,3,15,A01
200600069578,0,07,000,02,2,1,02,A01
200600069578,0,01,000,00,0,4,02,B01
200600069579,0,07,000,00,1,1,01,A01
200600069580,0,07,000,00,9,3,02,A01
200600069580,0,02,000,00,2,4,01,B01
200600069581,0,07,000,00,2,7,09,A01
200600069581,0,30,000,00,2,1,01,B01
200600069582,2,10,000,11,0,1,06,A01
200600069583,0,07,000,00,2,1,02,A01
200600069583,0,07,000,00,2,4,02,B01
200600069584,0,02,000,00,2,1,01,B01
200600069584,0,07,000,00,2,5,15,A01
200600069585,0,07,000,00,2,3,01,B01
200600069585,0,30,000,00,2,1,01,A01
200600069586,0,07,000,00,0,4,02,B01
200600069586,0,31,000,00,2,1,02,A01
200600069587,0,07,000,00,2,3,09,B01
200600069587,0,07,000,00,2,1,01,A01
200600069588,0,07,000,00,2,2,23,B01
200600069588,0,02,000,00,2,1,13,A01
200600069589,0,07,000,00,2,7,01,A01
200600069589,0,07,000,00,2,1,01,B01
200600069590,0,07,000,00,2,1,15,A01
200600069590,0,31,000,00,2,2,01,B01
200600069591,0,01,000,00,2,1,01,A01
200600069591,0,07,000,00,2,3,01,B01
200600069592,0,33,000,00,2,7,02,A01
200600069592,0,07,000,00,2,6,02,B01
200600069593,0,07,000,00,1,2,16,A01
200600069594,0,07,000,00,2,1,02,A01
200600069594,0,07,000,00,2,4,01,B01
200600069595,0,07,000,06,0,1,19,A01
200600069596,0,07,000,00,2,4,01,B01
200600069596,0,07,000,00,2,1,02,A01
200600069597,0,07,000,00,1,2,01,A01
200600069598,0,07,000,00,2,3,15,A01
200600069598,0,07,000,00,2,2,01,B01
200600069599,0,07,000,00,2,1,01,B01
200600069599,0,07,000,00,2,1,05,A01
200600069600,0,33,000,01,0,1,01,A01
200600069600,0,07,000,00,2,6,23,B01
200600069601,0,30,000,00,2,1,02,A01
200600069601,0,07,000,00,2,5,02,B01
200600069602,0,07,000,00,2,1,01,B01
200600069602,0,07,000,08,2,7,19,A01
200600069603,0,07,000,00,2,8,16,A01
200600069603,0,30,000,00,2,1,01,B01
200600069604,0,34,000,00,0,0,00,A01
200600069605,0,30,000,01,0,2,14,A01
200600069606,0,07,000,00,2,3,15,A01
200600069606,0,31,000,00,2,2,02,B01
200600069607,0,30,000,00,2,1,02,A01
200600069607,0,07,000,00,2,6,23,B01
200600069608,0,07,000,00,2,2,11,A01
200600069608,0,30,000,00,2,1,01,B01
200600069609,0,30,000,00,2,1,17,B01
200600069609,0,07,000,00,2,3,15,A01
200600069610,0,07,000,00,9,9,01,A01
200600069610,0,07,000,00,9,1,01,B01
200600069611,0,07,000,02,0,9,00,A01
200600069611,0,07,000,00,9,0,01,B01
200600069612,0,30,000,00,0,1,01,A01
200600069613,0,02,000,00,2,3,01,A01
200600069613,0,07,000,00,2,2,12,B01
200600069614,0,01,000,00,2,6,02,A01
200600069614,0,07,000,00,0,6,23,B01
200600069615,0,07,000,12,2,8,15,A01
200600069615,0,07,000,00,2,1,01,B01
200600069616,0,07,000,00,2,3,01,B01
200600069616,0,07,000,00,2,1,15,A01
200600069617,0,07,000,00,2,1,02,A01
200600069617,0,02,000,00,0,4,02,B01
200600069618,0,07,000,00,0,4,23,B01
200600069618,0,07,000,00,2,1,02,A01
200600069619,0,02,000,00,1,1,01,A01
200600069620,0,10,000,00,0,4,01,A01
200600069620,0,02,000,00,2,1,02,B01
200600069621,0,07,000,00,2,1,02,A01
200600069621,0,07,000,00,2,5,02,B01
200600069622,0,07,000,00,0,1,15,A01
200600069622,0,33,000,00,0,1,01,B01
200600069623,0,30,000,00,2,1,02,A01
200600069623,0,37,002,00,0,4,02,B01
200600069624,0,07,000,00,2,1,01,A01
200600069624,0,07,000,00,2,1,01,B01
200600069625,0,02,000,00,2,1,01,A01
200600069625,0,07,000,00,0,2,15,B01
200600069626,0,02,000,00,2,1,01,A01
200600069626,0,07,000,00,9,3,01,B01
200600069627,0,07,000,00,1,1,01,A01
200600069628,0,99,000,00,9,1,15,A01
200600069628,0,31,000,00,2,7,01,B01
200600069629,0,07,000,00,2,1,01,B01
200600069629,0,01,000,00,2,4,12,A01
200600069630,0,07,000,00,2,3,15,A01
200600069630,0,31,000,00,2,8,01,B01
200600069631,0,07,000,00,0,0,04,A01
200600069631,0,31,000,00,0,2,01,B01
200600069632,0,07,000,00,1,4,04,A01
200600069633,0,07,000,00,2,3,01,B01
200600069633,0,07,000,00,2,8,19,A01
200600069634,0,07,000,00,2,1,13,A01
200600069634,0,01,000,00,2,1,01,B01
200600069635,0,07,000,00,1,3,15,A01
200600069636,0,30,000,00,2,1,16,A01
200600069636,0,07,000,00,2,1,01,B01
200600069637,0,07,000,00,2,3,13,A01
200600069637,0,07,000,00,2,2,01,B01
200600069638,0,32,000,14,0,1,14,A01
200600069639,0,07,000,00,2,3,09,A01
200600069639,0,33,000,00,2,1,01,B01
200600069640,0,15,000,01,0,7,01,A01
200600069640,0,07,000,00,0,8,24,B01
200600069641,0,30,000,00,2,1,01,A01
200600069641,0,07,000,00,2,3,15,B01
200600069642,0,10,000,00,2,1,01,A01
200600069642,0,07,000,00,2,4,23,B01
200600069642,0,07,000,00,2,4,23,C01
200600069643,0,30,000,00,2,1,01,B01
200600069643,0,07,000,00,2,1,23,A01
200600069644,0,07,000,00,0,0,00,A01
200600069644,0,07,000,00,0,0,00,B01
200600069645,0,07,000,00,2,2,01,B01
200600069645,1,07,000,00,2,1,01,A01
200600069646,0,07,000,00,2,8,10,A01
200600069646,0,07,000,00,2,3,21,B01
200600069647,0,07,000,11,0,1,01,A01
200600069648,0,32,000,00,0,0,17,A01
200600069649,0,07,000,00,2,1,15,A01
200600069649,0,32,000,00,2,1,01,B01
200600069650,0,07,000,00,2,4,04,A01
200600069650,0,34,000,00,2,1,01,B01
200600069651,0,34,000,00,2,8,02,A01
200600069651,0,01,000,00,2,4,02,B01
200600069652,0,07,000,00,2,2,10,A01
200600069652,0,07,000,00,2,1,01,B01
200600069652,0,07,000,00,2,3,01,C01
200600069653,0,07,000,00,2,5,06,A01
200600069653,0,07,000,00,2,1,01,B01
200600069654,0,07,000,00,1,1,01,A01
200600069655,0,07,000,00,2,2,01,A01
200600069655,0,07,000,00,2,1,15,B01
200600069656,0,07,000,00,2,9,02,B01
200600069656,0,07,000,00,2,4,02,C01
200600069656,0,07,000,00,2,1,02,A01
200600069657,0,07,000,01,2,1,17,A01
200600069657,0,30,000,00,2,1,01,B01
200600069658,0,33,000,12,0,1,01,A01
200600069659,0,32,000,00,2,1,18,A01
200600069659,0,10,000,00,2,5,15,B01
200600069660,0,07,000,00,2,1,01,A01
200600069660,0,07,000,00,0,4,23,B01
200600069661,0,07,000,00,2,2,01,A01
200600069661,0,07,000,00,2,1,01,B01
200600069662,0,07,000,00,2,3,15,A01
200600069662,0,02,000,00,2,1,18,B01
200600069663,0,07,000,00,1,3,16,A01
200600069664,0,10,000,00,1,0,01,A01
200600069665,1,07,000,00,1,7,00,A01
200600069666,0,07,000,06,0,6,17,A01
200600069667,0,07,000,10,0,1,01,A01
200600069668,0,07,000,00,2,2,01,A01
200600069668,0,07,000,00,2,3,01,B01
200600069669,0,10,000,00,2,7,14,A01
200600069669,0,01,000,00,2,1,01,B01
200600069670,0,02,000,00,2,1,01,B01
200600069670,0,03,000,00,2,7,15,A01
200600069671,0,07,000,08,0,1,13,A01
200600069672,0,07,000,00,2,5,15,A01
200600069672,0,30,000,00,2,1,01,B01
200600069673,0,33,000,00,2,7,01,A01
200600069674,0,07,000,00,2,7,15,A01
200600069674,0,07,000,00,2,1,01,B01
200600069675,0,07,000,01,0,1,14,A01
200600069676,0,07,000,00,1,1,01,A01
200600069677,0,07,000,00,2,1,01,A01
200600069677,0,07,000,00,2,4,20,B01
200600069678,0,07,000,00,2,8,09,A01
200600069678,0,07,000,00,2,1,01,B01
200600069679,0,07,000,00,2,1,02,A01
200600069679,0,07,000,00,2,4,01,B01
200600069680,0,07,000,00,2,1,19,A01
200600069680,0,07,000,00,2,5,01,B01
200600069681,0,07,000,00,2,1,19,A01
200600069681,0,33,000,00,2,2,01,B01
200600069682,0,07,000,00,2,1,01,A01
200600069682,0,07,000,00,2,4,02,B01
200600069682,0,07,000,00,2,4,02,C01
200600069683,1,07,000,00,2,1,01,A01
200600069683,0,01,000,00,2,1,01,B01
200600069684,0,30,000,00,2,1,11,A01
200600069684,0,07,000,00,2,1,01,B01
200600069685,0,02,000,00,2,1,01,B01
200600069685,0,07,000,00,2,3,15,A01
200600069686,0,07,000,00,2,3,15,A01
200600069686,0,30,000,00,2,1,01,B01
200600069687,0,07,000,00,2,2,15,A01
200600069687,0,07,000,00,2,1,01,B01
200600069688,0,01,000,00,0,7,01,B01
200600069688,0,07,000,00,2,1,09,A01
200600069689,0,02,000,00,2,8,00,A01
200600069689,0,07,000,00,2,1,00,B01
200600069690,0,07,000,02,0,8,13,A01
200600069691,0,07,000,00,2,1,09,A01
200600069691,0,07,000,09,2,7,02,B01
200600069692,1,07,000,00,1,0,02,A01
200600069693,0,07,000,00,2,3,15,A01
200600069693,0,02,000,00,2,1,02,B01
200600069694,0,07,000,00,2,1,01,B01
200600069694,0,07,000,00,2,9,13,A01
200600069695,0,07,000,00,2,7,10,A01
200600069695,0,02,000,00,2,1,01,B01
200600069696,1,07,000,00,0,0,03,E01
200600069696,0,15,000,00,0,0,05,D01
200600069696,0,07,000,00,2,1,02,A01
200600069696,0,15,000,00,2,1,02,B01
200600069696,0,15,000,00,2,4,02,C01
200600069697,0,10,000,00,2,0,16,A01
200600069697,0,01,000,00,0,0,01,B01
200600069698,0,07,000,00,2,1,01,A01
200600069698,0,07,000,00,2,4,02,B01
200600069698,0,07,000,00,2,4,02,C01
200600069699,0,07,000,00,2,1,02,A01
200600069699,0,07,000,00,2,4,23,B01
200600069700,0,07,000,00,1,5,04,A01
200600069701,0,07,000,00,2,1,01,A01
200600069701,0,07,000,00,2,4,23,B01
200600069702,0,07,000,03,0,1,13,A01
200600069703,0,01,000,00,2,1,19,A01
200600069703,0,07,000,00,2,1,01,B01
200600069704,0,33,000,00,2,1,13,A01
200600069704,0,07,000,00,2,3,01,B01
200600069705,0,02,000,00,2,3,05,A01
200600069705,0,07,000,00,2,3,01,B01
200600069706,0,07,000,00,1,1,15,A01