Num_Acc,senc,catv,occutc,obs,obsm,choc,manv,num_veh
200600069706,0,01,000,00,2,1,01,B01
200600069707,0,07,000,00,2,3,15,A01
200600069707,0,02,000,00,2,1,17,B01
200600069708,0,07,000,00,2,3,19,A01
200600069708,0,33,000,00,2,1,01,B01
200600069709,0,07,000,00,1,1,15,A01
200600069710,0,07,000,00,2,1,01,A01
200600069710,0,07,000,00,2,4,02,B01
200600069711,0,07,000,00,1,1,19,A01
200600069712,0,07,000,00,2,1,02,A01
200600069712,0,07,000,00,2,4,02,B01
200600069712,0,07,000,00,2,4,02,C01
200600069712,0,07,000,00,2,4,02,D01
200600069713,0,02,000,00,2,4,13,A01
200600069713,0,07,000,00,2,1,17,B01
200600069714,0,07,000,08,0,1,19,A01
200600069715,0,07,000,00,1,2,01,A01
200600069716,0,07,000,00,1,1,01,A01
200600069717,0,07,000,00,2,1,15,A01
200600069717,0,07,000,00,2,3,01,B01
200600069718,0,30,000,00,2,1,18,A01
200600069718,0,07,000,00,2,2,16,B01
200600069719,0,02,000,00,2,1,15,A01
200600069719,0,07,000,00,2,3,01,B01
200600069720,0,07,000,00,1,2,01,A01
200600069721,0,07,000,00,2,1,15,A01
200600069721,0,07,000,00,2,3,01,B01
200600069722,0,07,000,00,1,8,15,A01
200600069723,0,07,000,00,2,1,01,A01
200600069723,0,07,000,00,2,1,20,B01
200600069724,0,07,000,00,2,1,17,A01
200600069724,0,15,000,00,2,4,01,B01
200600069725,0,07,000,00,2,1,15,A01
200600069725,0,33,000,00,2,8,00,B01
200600069726,1,07,000,00,1,0,16,A01
200600069727,0,07,000,00,2,7,01,A01
200600069727,0,02,000,00,2,1,01,B01
200600069728,2,07,000,00,2,1,15,A01
200600069728,0,07,000,00,2,1,01,B01
200600069729,0,07,000,00,2,3,15,A01
200600069729,0,07,000,00,2,1,01,B01
200600069730,0,10,000,00,2,1,05,A01
200600069730,0,07,000,00,2,1,01,B01
200600069731,0,07,000,00,2,1,02,A01
200600069731,0,07,000,00,2,4,01,B01
200600069732,0,07,000,00,2,3,11,A01
200600069732,0,02,000,00,2,7,01,B01
200600069733,0,07,000,00,2,1,15,A01
200600069733,0,33,000,00,2,1,01,B01
200600069734,0,10,000,00,2,0,01,A01
200600069734,0,07,000,00,2,6,01,B01
200600069735,0,33,000,00,2,1,02,A01
200600069735,0,07,000,00,2,4,02,B01
200600069736,0,07,000,00,1,2,01,A01
200600069737,0,07,000,08,0,1,01,A01
200600069738,0,07,000,04,2,9,01,A01
200600069738,0,07,000,00,2,9,01,B01
200600069739,0,30,000,00,0,3,15,A01
200600069740,0,07,000,06,0,0,01,A01
200600069741,0,31,000,00,2,1,17,A01
200600069741,0,07,000,00,2,8,15,B01
200600069742,0,07,000,00,2,1,01,A01
200600069742,0,07,000,00,2,4,01,B01
200600069743,0,07,000,00,2,3,15,A01
200600069743,0,33,000,00,2,2,01,B01
200600069744,0,33,000,15,0,1,01,A01
200600069745,0,07,000,12,0,1,05,A01
200600069745,0,07,000,00,2,8,01,B01
200600069746,0,01,000,00,0,0,01,A01
200600069747,0,30,000,00,1,1,01,A01
200600069748,2,07,000,00,2,2,01,A01
200600069748,0,07,000,00,2,2,01,B01
200600069749,0,07,000,13,0,0,01,A01
200600069750,0,07,000,00,2,1,01,A01
200600069750,0,07,000,00,2,1,01,B01
200600069751,0,07,000,13,0,2,01,A01
200600069752,0,07,000,00,2,6,02,A01
200600069752,0,07,000,00,2,6,01,B01
200600069753,0,07,000,03,2,3,09,A01
200600069753,0,07,000,03,2,2,01,B01
200600069753,0,10,000,00,2,7,01,C01
200600069754,0,07,000,00,1,1,01,A01
200600069755,0,07,000,00,2,1,15,A01
200600069755,0,33,000,00,2,3,01,B01
200600069756,0,07,000,03,0,9,02,A01
200600069757,0,07,000,00,2,1,15,A01
200600069757,0,02,000,00,2,1,01,B01
200600069758,0,37,001,00,1,1,15,A01
200600069759,0,02,000,00,0,0,17,A01
200600069760,0,07,000,00,2,1,15,A01
200600069760,0,07,000,00,2,7,01,B01
200600069760,0,07,000,00,0,4,23,C01
200600069761,0,07,000,00,2,2,15,A01
200600069761,0,07,000,00,2,1,01,B01
200600069762,0,07,000,00,2,8,09,A01
200600069762,0,33,000,00,2,1,01,B01
200600069762,0,33,000,00,2,2,01,C01
200600069763,0,07,000,00,2,1,02,A01
200600069763,0,07,000,00,2,2,02,B01
200600069763,0,07,000,00,2,4,02,C01
200600069764,0,30,000,00,0,1,01,A01
200600069765,0,07,000,00,1,1,01,A01
200600069766,0,07,000,00,6,9,01,A01
200600069767,0,07,000,00,2,3,15,A01
200600069767,0,02,000,00,2,1,16,B01
200600069768,0,07,000,00,1,1,01,A01
200600069769,0,02,000,00,2,1,02,A01
200600069769,0,07,000,00,2,4,01,B01
200600069769,0,07,000,00,0,0,04,C01
200600069770,0,07,000,00,1,1,01,A01
200600069771,0,07,000,00,2,8,15,A01
200600069771,0,02,000,00,2,1,01,B01
200600069772,0,07,000,00,2,8,15,A01
200600069772,0,02,000,00,2,1,01,B01
200600069773,0,07,000,00,1,1,01,A01
200600069774,0,07,000,00,1,2,01,A01
200600069775,0,17,000,00,2,7,15,A01
200600069775,0,01,000,00,2,1,01,B01
200600069776,0,07,000,00,1,2,01,A01
200600069777,0,07,000,00,2,1,15,A01
200600069777,0,02,000,00,2,1,01,B01
200600069778,0,07,000,00,1,2,01,A01
200600069779,0,07,000,00,2,3,13,A01
200600069779,0,07,000,00,2,1,01,B01
200600069779,0,07,000,00,2,1,02,C01
200600069780,0,07,000,00,1,1,01,A01
200600069781,0,10,000,00,2,3,13,A01
200600069781,0,07,000,00,2,3,01,B01
200600069782,0,07,000,00,1,1,00,A01
200600069783,0,07,000,00,1,2,01,A01
200600069784,0,07,000,00,2,1,15,A01
200600069784,0,02,000,00,2,1,01,B01
200600069785,0,02,000,00,2,1,13,A01
200600069785,0,07,000,00,2,1,01,B01
200600069786,0,21,000,00,2,1,15,A01
200600069786,0,07,000,00,2,7,01,B01
200600069787,0,07,000,00,2,1,01,A01
200600069787,0,07,000,00,2,4,01,B01
200600069788,0,07,000,00,2,8,01,A01
200600069788,0,15,000,00,2,1,01,B01
200600069789,0,07,000,00,2,1,14,A01
200600069789,0,16,000,00,2,4,24,B01
200600069790,0,02,000,00,2,1,13,A01
200600069790,0,07,000,00,2,3,01,B01
200600069791,0,07,000,00,2,1,15,A01
200600069791,0,02,000,00,0,1,01,B01
200600069792,0,07,000,00,2,1,15,A01
200600069792,0,07,000,00,2,1,01,B01
200600069793,0,07,000,00,2,8,15,A01
200600069793,0,05,000,00,2,0,17,B01
200600069794,0,07,000,00,1,2,01,A01
200600069795,0,07,000,00,2,1,02,A01
200600069795,0,07,000,00,0,4,02,B01
200600069796,0,07,000,00,1,1,01,A01
200600069797,0,07,000,00,2,4,02,B01
200600069797,0,01,000,00,2,1,02,A01
200600069798,0,07,000,00,0,6,02,B01
200600069798,0,02,000,00,0,1,02,A01
200600069799,0,01,000,00,1,1,00,A01
200600069800,0,07,000,00,2,2,01,A01
200600069801,0,02,000,00,2,1,01,B01
200600069801,0,07,000,00,2,2,15,A01
200600069802,0,07,000,00,0,3,15,A01
200600069802,0,02,000,00,2,1,17,B01
200600069803,0,07,000,00,2,2,01,B01
200600069803,0,07,000,00,2,3,15,A01
200600069804,0,07,000,00,2,2,01,A01
200600069804,0,02,000,00,2,1,01,B01
200600069805,0,07,000,00,1,3,15,A01
200600069806,0,07,000,00,2,1,17,A01
200600069806,0,07,000,00,2,1,01,B01
200600069806,2,07,000,00,2,1,01,C01
200600069807,0,07,000,00,2,7,01,B01
200600069807,0,10,000,00,2,1,09,A01
200600069808,0,10,000,00,9,8,11,A01
200600069808,0,01,000,00,0,7,01,B01
200600069809,0,07,000,00,2,1,02,A01
200600069809,0,07,000,00,2,4,01,B01
200600069810,1,07,000,00,2,1,01,B01
200600069810,0,07,000,00,2,3,16,A01
200600069811,0,07,000,00,1,3,01,A01
200600069812,0,07,000,00,2,3,00,B01
200600069812,0,02,000,00,2,1,00,A01
200600069813,0,07,000,00,2,5,02,B01
200600069813,0,07,000,00,2,6,01,A01
200600069814,0,07,000,10,2,5,01,A01
200600069814,0,07,000,00,2,3,02,B01
200600069815,0,07,000,00,2,3,01,A01
200600069815,0,02,000,00,2,1,01,B01
200600069816,0,07,000,00,2,2,15,A01
200600069816,0,03,000,00,2,1,01,B01
200600069817,0,30,000,00,2,2,01,B01
200600069817,0,30,000,00,2,1,01,A01
200600069818,1,07,000,00,1,1,01,A01
200600069819,0,07,000,00,2,6,10,A01
200600069819,0,33,000,00,2,1,21,B01
200600069820,0,31,000,00,2,1,17,A01
200600069820,0,07,000,00,0,6,15,B01
200600069821,0,07,000,00,0,6,15,B01
200600069821,0,34,000,00,2,1,17,A01
200600069822,1,10,000,00,1,1,17,A01
200600069823,0,07,000,00,1,1,01,A01
200600069824,0,07,000,00,2,8,18,A01
200600069824,0,07,000,00,2,7,02,B01
200600069825,0,07,000,00,2,9,06,A01
200600069825,0,07,000,00,2,3,09,B01
200600069826,0,07,000,00,1,0,01,A01
200600069827,0,07,000,00,2,1,01,A01
200600069827,0,07,000,00,2,4,01,B01
200600069827,0,07,000,00,2,4,01,C01
200600069828,0,07,000,00,1,0,04,A01
200600069829,0,07,000,00,2,4,01,A01
200600069829,0,07,000,00,0,4,01,B01
200600069830,0,07,000,00,1,0,04,A01
200600069831,0,30,000,00,1,1,02,A01
200600069832,1,07,000,00,2,1,01,A01
200600069832,0,07,000,00,2,1,01,B01
200600069832,0,07,000,00,2,1,02,C01
200600069832,0,07,000,00,2,4,02,D01
200600069833,0,14,000,00,2,1,01,A01
200600069833,0,07,000,00,2,1,00,B01
200600069833,0,07,000,00,0,4,01,C01
200600069834,0,07,000,00,1,1,01,A01
200600069835,0,07,000,00,1,0,00,A01
200600069836,0,07,000,00,1,1,01,A01
200600069837,0,10,000,00,2,1,02,A01
200600069837,0,07,000,00,2,1,01,B01
200600069837,0,07,000,00,2,4,01,C01
200600069838,0,07,000,00,1,1,15,A01
200600069839,0,33,000,00,2,1,01,B01
200600069839,0,07,000,00,2,2,10,A01
200600069840,0,07,000,00,2,4,01,B01
200600069840,0,07,000,00,2,1,02,A01
200600069841,0,07,000,00,2,1,02,C01
200600069841,0,07,000,00,0,4,02,A01
200600069841,0,07,000,00,2,1,02,B01
200600069842,0,33,000,08,2,9,18,A01
200600069843,0,07,000,00,2,1,02,A01
200600069843,0,07,000,00,0,4,02,B01
200600069844,0,10,000,00,2,1,02,A01
200600069844,0,07,000,00,2,4,02,B01
200600069845,0,30,000,00,2,1,02,A01
200600069845,0,07,000,00,2,1,00,B01
200600069846,0,07,000,00,2,1,00,A01
200600069846,0,07,000,00,2,1,00,B01
200600069846,0,07,000,00,2,2,00,C01
200600069847,1,99,000,00,2,1,00,A01
200600069847,0,07,000,00,2,3,02,B01
200600069848,0,30,000,00,2,1,02,A01
200600069848,0,07,000,00,9,4,02,B01
200600069849,0,07,000,00,2,4,02,A01
200600069849,0,07,000,00,2,1,02,B01
200600069850,0,07,000,00,2,1,02,A01
200600069850,0,07,000,00,2,4,02,B01
200600069850,0,07,000,00,2,1,02,C01
200600069851,0,33,000,00,2,2,17,A01
200600069851,0,07,000,00,2,3,15,B01
200600069852,0,37,000,00,1,1,01,A01
200600069853,0,07,000,00,1,1,02,A01
200600069854,0,10,000,00,1,8,04,A01
200600069855,0,07,000,00,2,1,01,B01
200600069855,0,07,000,00,2,7,19,A01
200600069856,0,07,000,02,0,1,02,A01
200600069857,0,07,000,00,2,3,01,B01
200600069857,0,07,000,06,2,3,13,A01
200600069857,0,21,000,00,0,6,02,C01
200600069858,0,33,000,00,2,1,02,A01
200600069858,0,07,000,00,0,4,23,B01
200600069859,0,10,000,00,2,3,01,A01
200600069859,0,07,000,00,2,1,01,B01
200600069860,0,07,000,00,2,7,15,A01
200600069860,0,07,000,09,2,3,01,B01
200600069861,0,07,000,00,0,4,09,B01
200600069861,0,07,000,00,2,1,09,A01
200600069862,0,07,000,00,2,2,01,B01
200600069862,0,37,000,00,2,3,01,A01
200600069863,0,07,000,00,2,1,05,A01
200600069863,0,07,000,00,2,1,01,B01
200600069864,0,37,000,00,1,2,01,A01
200600069865,1,07,000,00,1,0,00,A01
200600069866,0,07,000,00,9,3,05,A01
200600069866,0,30,000,00,2,1,01,B01
200600069867,0,31,000,00,2,1,01,A01
200600069867,0,37,000,00,9,5,01,B01
200600069868,0,07,000,00,2,1,19,A01
200600069868,0,33,000,00,2,1,02,B01
200600069869,0,07,000,00,1,1,01,A01
200600069870,0,07,000,00,9,5,16,A01
200600069870,0,30,000,00,2,1,01,B01
200600069871,0,07,000,00,2,1,05,A01
200600069871,0,07,000,00,2,1,01,B01
200600069872,0,07,000,15,0,9,01,A01
200600069873,0,07,000,00,2,8,15,A01
200600069873,0,07,000,00,2,2,13,B01
200600069874,0,07,000,00,1,3,01,A01
200600069875,0,07,000,00,1,1,01,A01
200600069876,0,07,000,00,1,1,01,A01
200600069877,0,10,000,00,2,8,10,A01
200600069877,0,33,000,00,2,1,02,B01
200600069878,0,07,000,00,1,2,01,A01
200600069879,0,07,000,01,1,2,02,B01
200600069880,0,07,000,00,2,8,10,A01
200600069880,0,07,000,00,2,1,01,B01
200600069881,0,10,000,00,2,1,01,B01
200600069881,0,07,000,00,2,2,00,A01
200600069882,0,07,000,00,2,1,02,A01
200600069882,0,07,000,00,2,4,23,B01
200600069883,0,07,000,08,0,1,01,A01
200600069884,0,07,000,09,2,4,00,A01
200600069884,0,07,000,00,0,2,00,B01
200600069885,0,10,000,00,0,5,00,A01
200600069885,0,31,000,00,0,1,01,B01
200600069886,0,33,000,00,0,1,01,A01
200600069887,0,07,000,00,2,3,10,A01
200600069887,0,30,000,00,2,1,01,B01
200600069888,0,07,000,00,1,1,01,A01
200600069889,2,07,000,00,2,1,01,A01
200600069889,0,07,000,06,2,4,15,B01
200600069890,0,02,000,00,2,0,11,A01
200600069890,0,07,000,00,2,3,11,B01
200600069891,0,07,000,03,0,8,16,A01
200600069892,0,07,000,04,0,2,17,A01
200600069893,0,07,000,00,2,1,01,A01
200600069893,0,07,000,00,2,4,01,B01
200600069894,0,07,000,06,0,3,01,A01
200600069895,0,30,000,00,2,1,01,B01
200600069895,0,07,000,00,2,6,01,A01
200600069896,0,07,000,00,2,7,01,A01
200600069896,0,07,000,00,2,5,01,B01
200600069897,0,30,000,00,2,1,01,B01
200600069897,0,07,000,00,2,3,01,A01
200600069898,0,07,000,01,0,1,01,A01
200600069899,0,10,000,00,2,8,01,A01
200600069899,0,07,000,00,2,6,23,B01
200600069899,0,07,000,00,2,5,23,C01
200600069900,0,07,000,00,2,1,01,A01
200600069900,0,31,000,00,0,7,01,B01
200600069901,0,07,000,00,0,1,15,A01
200600069901,0,34,000,00,2,8,00,B01
200600069902,0,07,000,01,0,2,01,A01
200600069903,0,07,000,00,0,2,10,A01
200600069903,0,07,000,00,2,1,01,B01
200600069904,0,07,000,15,0,0,14,A01
200600069905,0,33,000,00,0,4,03,A01
200600069905,0,10,000,00,2,3,11,B01
200600069906,0,07,000,01,0,2,01,A01
200600069907,0,33,000,00,0,1,01,B01
200600069907,0,07,000,00,2,7,12,A01
200600069908,0,07,000,00,0,2,15,A01
200600069908,0,30,000,00,2,1,01,B01
200600069909,0,07,000,00,1,2,01,A01
200600069910,0,07,000,00,2,5,15,A01
200600069910,0,02,000,00,0,1,01,B01
200600069911,0,07,000,00,2,3,01,A01
200600069911,0,07,000,04,2,2,14,B01
200600069912,0,02,000,00,2,1,02,A01
200600069912,0,07,000,00,2,4,01,B01
200600069913,0,07,000,00,2,2,15,A01
200600069913,0,31,000,00,2,1,01,B01
200600069914,0,07,000,00,1,8,01,A01
200600069915,0,07,000,14,1,1,02,A01
200600069916,0,33,000,00,2,1,17,A01
200600069916,0,07,000,00,2,3,15,B01
200600069917,0,33,000,00,1,1,01,A01
200600069918,0,37,001,00,1,0,01,A01
200600069919,0,01,000,00,1,1,01,A01
200600069920,0,01,000,00,2,1,01,A01
200600069920,0,07,000,00,9,5,01,B01
200600069921,0,05,000,12,0,1,02,B01
200600069921,0,07,000,00,0,0,00,A01
200600069922,0,05,000,00,2,1,01,A01
200600069922,0,07,000,14,2,2,16,B01
200600069923,0,10,000,00,1,3,02,A01
200600069924,0,07,000,14,2,1,01,A01
200600069924,0,05,000,14,0,4,01,B01
200600069925,0,10,000,14,2,1,02,A01
200600069925,0,07,000,14,0,4,02,B01
200600069926,0,05,000,14,1,2,01,A01
200600069927,0,02,000,00,2,8,15,A01
200600069927,0,07,000,00,2,8,15,B01
200600069928,0,07,000,00,2,2,02,A01
200600069928,0,07,000,00,2,2,04,B01
200600069929,0,02,000,00,1,1,01,A01
200600069930,0,07,000,14,2,2,15,A01
200600069930,0,05,000,14,2,3,01,B01
200600069931,0,02,000,00,2,1,01,A01
200600069931,0,07,000,14,2,3,01,B01
200600069932,0,07,000,00,2,2,01,A01
200600069932,0,01,000,00,2,8,19,B01
200600069933,0,05,000,00,2,1,02,A01
200600069933,0,10,000,00,2,7,15,B01
200600069934,0,05,000,14,2,8,17,B01
200600069934,0,07,000,14,9,0,14,C01
200600069934,0,07,000,14,2,1,15,A01
200600069935,1,30,000,00,1,0,00,A01
200600069936,0,30,000,00,2,1,00,A01
200600069936,0,07,000,00,2,4,04,B01
200600069937,0,10,000,08,0,1,00,A01
200600069938,0,07,000,00,0,4,00,A01
200600069938,0,07,000,00,2,1,02,B01
200600069938,0,07,000,00,2,1,02,C01
200600069939,0,07,000,00,2,7,12,A01
200600069939,0,07,000,00,2,8,00,B01
200600069940,0,07,000,00,1,3,00,A01
200600069941,0,30,000,01,0,1,00,A01
200600069942,0,34,000,00,2,1,01,B01
200600069942,0,07,000,00,2,7,01,A01
200600069943,0,07,000,01,2,7,09,A01
200600069943,0,02,000,00,2,1,01,B01
200600069944,0,07,000,00,1,1,01,A01
200600069945,0,07,000,00,2,1,00,A01
200600069945,0,07,000,00,2,4,00,B01
200600069946,0,07,000,00,1,1,16,A01
200600069947,0,02,000,00,2,1,01,A01
200600069947,0,07,000,00,2,3,15,B01
200600069948,0,07,000,00,1,7,00,A01
200600069948,0,07,000,00,2,2,01,B01
200600069949,0,33,000,00,2,1,01,B01
200600069949,0,07,000,00,2,3,01,A01
200600069950,0,32,000,00,2,1,17,B01
200600069950,0,07,000,00,9,3,16,A01
200600069951,0,07,000,00,2,6,15,B01
200600069951,0,04,000,00,2,1,01,A01
200600069952,0,07,000,00,9,3,02,A01
200600069952,0,31,000,00,2,7,02,B01
200600069953,0,07,000,00,2,8,11,A01
200600069953,0,02,000,00,2,1,01,B01
200600069954,1,07,000,00,2,1,02,A01
200600069954,0,01,000,00,2,1,02,B01
200600069955,0,07,000,00,2,0,15,A01
200600069955,0,30,000,00,9,7,02,B01
200600069956,0,07,000,00,1,3,15,A01
200600069957,0,07,000,00,2,8,15,A01
200600069957,0,04,000,00,2,7,02,B01
200600069958,0,04,000,00,1,1,01,A01
200600069959,0,07,000,00,1,1,01,A01
200600069960,0,07,000,00,2,1,02,A01
200600069960,0,30,000,00,2,1,02,B01
200600069961,0,07,000,00,2,4,02,B01
200600069961,0,07,000,00,2,1,02,A01
200600069962,0,07,000,01,2,8,15,B01
200600069962,0,07,000,00,2,1,01,A01
200600069963,0,33,000,00,2,1,01,A01
200600069963,0,10,000,00,2,2,15,B01
200600069964,0,07,000,00,2,8,15,B01
200600069964,0,33,000,00,2,1,17,A01
200600069965,0,33,000,00,2,7,17,A01
200600069965,0,07,000,00,2,2,09,B01
200600069966,0,07,000,00,1,1,01,A01
200600069967,0,07,000,00,2,1,02,A01
200600069967,0,07,000,00,2,4,02,B01
200600069967,0,07,000,00,2,4,02,C01
200600069967,0,07,000,00,2,4,02,D01
200600069968,0,32,000,00,2,1,03,A01
200600069968,0,07,000,00,2,6,11,B01
200600069969,0,02,000,00,1,1,01,A01
200600069970,0,10,000,00,2,3,13,A01
200600069970,0,37,002,00,2,3,01,B01
200600069971,0,07,000,00,2,2,01,A01
200600069971,0,07,000,00,2,3,16,B01
200600069972,0,07,000,00,1,1,01,A01
200600069973,0,37,000,00,2,1,01,A01
200600069973,0,07,000,00,2,3,09,B01
200600069974,0,07,000,00,1,3,15,A01
200600069975,0,07,000,00,1,3,01,A01
200600069976,0,33,000,00,2,7,17,A01
200600069977,0,10,000,00,2,5,23,A01
200600069977,0,33,000,00,2,1,17,B01
200600069978,0,33,000,00,2,7,00,A01
200600069978,0,07,000,00,2,3,02,B01
200600069979,0,07,000,00,1,3,01,A01
200600069980,0,07,000,00,2,8,02,A01
200600069980,0,32,000,00,2,2,02,B01
200600069981,0,31,000,00,2,1,02,A01
200600069981,0,10,000,00,2,4,02,B01
200600069982,0,07,000,00,1,1,01,A01
200600069983,0,07,000,00,2,1,02,A01
200600069983,0,07,000,00,0,4,23,B01
200600069984,0,07,000,00,0,8,15,A01
200600069984,0,33,000,01,2,2,17,B01
200600069985,0,31,000,00,1,1,02,A01
200600069986,0,07,000,00,1,4,04,A01
200600069987,0,07,000,00,2,3,15,A01
200600069987,0,33,000,00,2,3,01,B01
200600069988,0,07,000,00,1,1,01,A01
200600069989,0,07,000,00,2,1,02,A01
200600069989,0,07,000,00,2,4,02,B01
200600069989,0,07,000,00,2,4,02,C01
200600069990,0,07,000,00,1,2,02,A01
200600069991,0,07,000,00,1,7,02,A01
200600069992,0,07,000,00,1,2,02,A01
200600069993,0,07,000,00,1,2,02,A01
200600069994,0,07,000,00,1,2,02,A01
200600069995,0,07,000,00,2,1,02,A01
200600069995,0,33,000,00,2,6,23,B01
200600069996,0,07,000,00,1,3,01,A01
200600069997,0,14,000,00,1,1,02,A01
200600069998,0,07,000,00,1,2,01,A01
200600069999,0,01,000,00,2,1,02,A01
200600069999,0,07,000,00,9,4,04,B01
200600070000,0,31,000,00,1,1,01,A01
200600070001,0,30,000,00,2,1,17,A01
200600070001,0,07,000,00,9,3,15,B01
200600070002,0,32,000,00,2,7,01,B01
200600070002,0,07,000,00,2,3,15,A01
200600070003,0,34,000,00,2,1,01,A01
200600070003,0,07,000,00,2,8,15,B01
200600070004,0,32,000,00,2,9,01,A01
200600070004,0,07,000,00,2,7,15,B01
200600070005,0,32,000,00,2,1,02,A01
200600070005,0,07,000,00,2,4,02,B01
200600070006,0,07,000,00,2,1,01,A01
200600070006,0,07,000,00,2,4,01,B01
200600070007,0,30,000,00,2,5,01,A01
200600070007,0,07,000,00,1,1,15,B01
200600070008,0,32,000,00,2,5,01,A01
200600070008,0,07,000,00,2,3,01,B01
200600070009,0,07,000,00,1,1,01,A01
200600070010,0,31,000,00,2,1,17,A01
200600070010,0,07,000,00,2,6,15,B01
200600070011,0,07,000,00,2,7,01,A01
200600070012,0,10,000,00,2,8,15,A01
200600070012,0,33,000,00,2,1,01,B01
200600070013,0,02,000,00,0,7,01,A01
200600070014,0,32,000,00,2,1,01,A01
200600070014,0,07,000,00,2,4,01,B01
200600070015,0,07,000,00,1,2,16,A01
200600070016,0,10,000,00,2,1,11,A01
200600070016,0,01,000,00,0,4,12,B01
200600070017,0,33,000,00,2,2,17,A01
200600070017,0,07,000,00,2,8,15,B01
200600070018,0,37,001,00,1,1,01,A01
200600070019,0,34,000,15,0,1,01,A01
200600070020,0,07,000,02,0,2,01,A01
200600070021,0,07,000,00,0,0,01,A01
200600070021,0,32,000,00,0,0,02,B01
200600070022,0,07,000,00,2,3,15,A01
200600070022,0,31,000,00,2,1,01,B01
200600070023,0,02,000,00,2,1,01,B01
200600070023,0,07,000,00,2,3,09,A01
200600070024,0,10,000,00,1,3,16,A01
200600070025,0,07,000,00,1,3,15,A01
200600070026,0,07,000,00,1,1,02,A01
200600070027,0,07,000,00,2,7,16,A01
200600070027,0,33,000,00,2,8,01,B01
200600070028,0,07,000,00,2,1,01,A01
200600070028,0,07,000,00,2,8,01,B01
200600070029,0,10,000,00,2,4,09,A01
200600070029,0,10,000,00,2,7,01,B01
200600070030,0,07,000,00,2,1,15,A01
200600070030,0,32,000,00,2,8,01,B01
200600070031,0,07,000,00,1,1,15,A01
200600070032,0,07,000,00,2,1,01,B01
200600070032,0,07,000,00,2,2,01,A01
200600070033,0,07,000,00,2,8,22,A01
200600070033,0,01,000,01,0,1,01,B01
200600070034,0,30,000,00,1,1,01,A01
200600070035,0,07,000,00,2,7,11,A01
200600070035,0,32,000,00,2,8,01,B01
200600070036,0,07,000,00,1,1,16,A01
200600070037,0,32,000,00,1,1,01,A01
200600070038,0,07,000,00,2,2,01,A01
200600070038,0,01,000,00,2,1,01,B01
200600070039,0,14,000,00,2,2,00,A01
200600070039,0,07,000,00,2,8,00,B01
200600070040,0,02,000,00,2,1,17,A01
200600070040,0,07,000,00,2,3,15,B01
200600070041,0,07,000,00,1,8,00,A01
200600070042,0,07,000,00,2,7,01,A01
200600070042,0,02,000,00,2,1,01,B01
200600070043,0,07,000,00,2,1,01,A01
200600070043,0,07,000,00,2,4,02,B01
200600070044,0,07,000,00,0,0,10,A01
200600070044,0,32,000,00,2,0,01,B01
200600070045,0,30,000,00,2,1,01,A01
200600070045,0,05,000,00,2,4,01,B01
200600070046,0,05,000,00,0,1,01,A01
200600070046,1,07,000,00,0,0,00,B01
200600070047,0,05,000,15,0,1,00,A01
200600070048,0,10,000,00,0,3,09,A01
200600070048,0,05,000,00,0,7,01,B01
200600070049,0,05,000,00,0,0,01,A01
200600070050,0,07,000,00,0,0,20,C01
200600070050,0,07,000,00,2,3,13,A01
200600070050,0,18,029,00,2,2,01,B01
200600070051,0,04,000,00,0,0,01,A01
200600070051,0,07,000,00,2,0,17,B01
200600070052,0,14,000,00,0,2,01,A01
200600070052,0,18,000,00,0,3,01,B01
200600070053,0,10,000,00,0,3,15,A01
200600070053,0,02,000,00,0,7,00,B01
200600070054,0,10,000,00,1,4,04,A01
200600070055,0,07,000,00,2,1,19,A01
200600070055,0,33,000,00,2,1,01,B01
200600070056,0,33,000,12,0,8,01,A01
200600070057,0,07,000,00,2,1,13,A01
200600070057,0,07,000,00,2,3,01,B01
200600070058,0,02,000,00,2,0,01,A01
200600070058,0,33,000,00,2,6,15,B01
200600070059,0,07,000,08,2,1,01,A01
200600070059,0,07,000,00,2,1,01,B01
200600070060,0,07,000,00,2,1,02,A01
200600070060,1,07,000,00,2,1,01,B01
200600070061,0,02,000,04,0,1,01,A01
200600070062,0,02,000,12,0,1,00,A01
200600070063,0,07,000,00,2,3,15,A01
200600070063,0,07,000,00,2,3,01,B01
200600070064,0,31,000,00,2,1,01,B01
200600070064,0,07,000,00,2,3,01,A01
200600070065,0,32,000,00,0,1,13,A01
200600070066,0,33,000,00,0,0,01,A01
200600070066,0,07,000,00,0,0,10,B01
200600070067,0,07,000,00,2,3,02,A01
200600070067,0,07,000,00,2,2,01,B01
200600070068,0,07,000,00,2,1,02,A01
200600070068,0,07,000,00,2,4,02,B01
200600070068,0,07,000,00,2,4,02,C01
200600070068,0,07,000,00,2,4,02,D01
200600070069,0,07,000,00,1,4,04,A01
200600070070,0,07,000,00,2,6,02,A01
200600070070,0,33,000,00,2,1,02,B01
200600070071,0,10,000,00,1,1,19,A01
200600070072,0,07,000,00,2,1,02,A01
200600070072,0,33,000,00,2,1,02,B01
200600070072,0,10,000,00,2,4,02,C01
200600070073,0,07,000,00,2,1,15,A01
200600070073,0,30,000,00,2,1,00,B01
200600070074,0,30,000,00,1,1,01,A01
200600070075,0,07,000,00,2,8,20,A01
200600070075,0,32,000,00,2,7,21,B01
200600070076,0,32,000,00,1,1,17,A01
200600070077,0,07,000,15,0,1,01,A01