Num_Acc,senc,catv,occutc,obs,obsm,choc,manv,num_veh
200600070078,0,07,000,00,0,5,01,A01
200600070078,0,33,000,00,2,3,01,B01
200600070079,0,07,000,00,2,1,01,A01
200600070079,0,33,000,00,2,6,01,B01
200600070080,0,07,000,00,2,1,15,A01
200600070080,0,07,000,00,2,8,01,B01
200600070080,0,07,000,00,2,3,01,C01
200600070081,0,31,000,00,2,2,01,A01
200600070081,0,07,000,00,2,5,23,B01
200600070082,0,07,000,00,9,2,01,B01
200600070082,0,01,000,00,2,3,00,A01
200600070083,0,07,000,00,2,1,01,A01
200600070083,0,07,000,00,2,4,23,B01
200600070084,0,07,000,00,2,3,15,A01
200600070084,0,30,000,00,2,1,01,B01
200600070085,0,07,000,00,2,6,10,A01
200600070085,0,30,000,00,2,1,01,B01
200600070086,0,31,000,00,2,1,01,A01
200600070086,0,07,000,00,2,5,15,B01
200600070087,0,07,000,00,2,8,09,A01
200600070087,0,02,000,00,2,1,01,B01
200600070088,0,07,000,00,2,3,09,A01
200600070088,0,07,000,01,2,7,09,B01
200600070089,0,07,000,00,0,9,01,A01
200600070090,0,02,000,00,2,1,01,A01
200600070090,0,07,000,00,2,6,02,B01
200600070091,0,07,000,00,2,5,10,A01
200600070091,0,05,000,00,2,1,02,B01
200600070092,0,07,000,00,2,2,01,A01
200600070092,0,07,000,00,2,3,01,B01
200600070093,0,07,000,00,2,3,15,A01
200600070093,0,02,000,00,2,1,13,B01
200600070094,0,33,000,00,2,1,17,A01
200600070094,0,07,000,00,2,1,15,B01
200600070095,0,07,000,00,1,7,14,A01
200600070096,0,07,000,00,1,1,01,A01
200600070097,0,07,000,00,1,8,18,A01
200600070098,0,07,000,00,1,1,15,A01
200600070099,0,07,000,00,2,1,02,A01
200600070099,0,07,000,00,2,4,23,B01
200600070100,0,32,000,00,2,1,02,A01
200600070100,0,07,000,00,2,4,01,B01
200600070101,0,10,000,00,2,1,01,A01
200600070101,0,07,000,00,2,4,02,B01
200600070102,0,07,000,08,2,8,10,A01
200600070102,0,14,000,00,2,2,01,B01
200600070103,0,01,000,00,2,1,01,A01
200600070103,0,07,000,00,2,3,01,B01
200600070104,0,33,000,00,2,2,17,A01
200600070104,0,07,000,00,2,3,01,B01
200600070105,0,01,000,00,1,1,01,A01
200600070106,0,07,000,00,2,1,01,B01
200600070106,0,10,000,00,2,6,09,A01
200600070107,0,10,000,00,2,7,15,A01
200600070107,0,07,000,00,2,1,01,B01
200600070108,0,07,000,09,2,7,09,A01
200600070108,0,07,000,00,2,2,01,B01
200600070109,0,07,000,00,2,1,01,A01
200600070109,0,07,000,00,2,4,01,B01
200600070110,0,33,000,00,5,1,01,A01
200600070111,0,07,000,00,1,2,01,A01
200600070112,0,07,000,00,2,1,01,A01
200600070112,0,07,000,00,2,3,01,B01
200600070113,0,07,000,00,2,3,15,A01
200600070113,0,33,000,00,2,1,01,B01
200600070114,0,07,000,00,1,2,17,A01
200600070115,0,07,000,00,1,2,01,A01
200600070116,0,07,000,00,1,4,04,A01
200600070117,0,07,000,01,0,1,01,A01
200600070118,0,07,000,00,2,7,10,A01
200600070118,0,31,000,00,2,1,01,B01
200600070119,0,07,000,00,2,1,01,A01
200600070119,0,07,000,00,2,4,23,B01
200600070120,0,02,000,16,2,8,05,A01
200600070120,0,07,000,00,2,1,15,B01
200600070121,0,33,000,00,2,1,17,A01
200600070121,0,07,000,00,2,8,15,B01
200600070122,0,33,000,15,0,0,01,A01
200600070122,1,07,000,00,2,0,17,B01
200600070123,0,10,000,00,2,2,00,A01
200600070123,0,33,000,00,2,1,00,B01
200600070124,0,01,000,00,1,1,01,A01
200600070125,0,07,000,00,2,3,17,A01
200600070125,0,31,000,00,2,1,05,B01
200600070126,0,02,000,00,2,1,01,B01
200600070126,0,07,000,00,2,2,15,A01
200600070127,0,37,030,00,2,7,01,B01
200600070127,0,07,000,00,2,3,10,A01
200600070128,0,33,000,16,0,9,03,A01
200600070128,0,07,000,00,0,0,12,B01
200600070129,0,07,000,04,0,2,01,A01
200600070130,0,07,000,00,2,1,02,A01
200600070130,0,07,000,00,0,4,02,B01
200600070131,0,10,000,01,1,4,04,A01
200600070132,0,02,000,01,2,9,02,A01
200600070132,0,07,000,00,2,8,02,B01
200600070133,0,07,000,00,1,0,02,A01
200600070134,0,07,000,00,2,1,03,A01
200600070134,0,10,000,00,2,7,00,B01
200600070135,0,07,000,00,0,1,01,B01
200600070135,0,33,000,00,0,3,01,A01
200600070136,0,07,000,00,0,2,12,A01
200600070136,0,01,000,00,0,8,02,B01
200600070137,0,10,000,00,2,1,02,A01
200600070137,0,07,000,00,0,4,02,B01
200600070138,0,07,000,00,2,8,02,B01
200600070138,0,07,000,00,2,1,09,A01
200600070139,0,07,000,00,1,3,01,A01
200600070140,0,07,000,00,1,1,02,A01
200600070141,0,07,000,00,1,3,01,A01
200600070142,0,13,000,00,2,6,02,A01
200600070142,0,32,000,00,2,1,02,B01
200600070143,0,07,000,00,2,1,01,A01
200600070143,0,30,000,00,2,1,07,B01
200600070144,0,30,000,00,1,1,01,A01
200600070145,0,07,000,00,1,2,16,A01
200600070146,0,07,000,00,2,7,15,A01
200600070146,0,07,000,00,2,1,02,B01
200600070147,0,07,000,02,0,1,02,A01
200600070148,0,02,000,00,1,1,00,A01
200600070149,0,02,000,00,2,1,01,A01
200600070149,0,07,000,00,2,8,16,B01
200600070150,0,07,000,00,2,1,02,A01
200600070150,0,07,000,00,1,4,02,B01
200600070151,0,07,000,00,0,4,00,B01
200600070151,0,14,000,00,0,1,02,A01
200600070152,0,07,000,00,2,1,01,A01
200600070152,0,07,000,00,1,4,23,B01
200600070153,0,07,000,00,1,3,01,A01
200600070154,0,37,050,00,1,5,02,A01
200600070155,0,07,000,00,1,3,01,A01
200600070156,0,02,000,00,2,1,01,B01
200600070156,0,07,000,00,2,7,15,A01
200600070157,0,07,000,00,2,1,01,A01
200600070157,0,07,000,00,2,0,01,B01
200600070158,0,10,000,06,2,3,01,B01
200600070158,0,07,000,00,2,2,15,A01
200600070159,0,07,000,00,1,7,02,A01
200600070160,0,07,000,01,0,1,14,A01
200600070161,0,07,000,00,0,2,02,A01
200600070162,0,07,000,00,2,1,01,B01
200600070162,0,07,000,00,2,9,19,A01
200600070163,0,03,000,00,1,2,02,A01
200600070164,0,10,000,00,2,0,00,B01
200600070164,0,33,000,00,2,0,09,A01
200600070165,0,07,000,00,0,1,16,A01
200600070166,0,07,000,00,2,1,02,C01
200600070166,0,07,000,00,2,4,02,B01
200600070166,0,07,000,00,2,4,02,A01
200600070167,0,33,000,00,2,1,01,B01
200600070167,0,07,000,00,2,8,09,A01
200600070168,0,10,000,00,1,3,00,A01
200600070169,0,32,000,14,0,0,00,B01
200600070169,0,01,000,14,0,0,00,A01
200600070170,0,07,000,00,0,0,00,A01
200600070170,0,37,000,00,0,2,00,B01
200600070171,0,07,000,00,5,1,01,A01
200600070171,0,07,000,00,5,4,01,B01
200600070172,0,07,000,00,2,3,02,A01
200600070172,0,01,000,00,2,0,02,B01
200600070173,0,07,000,14,0,0,00,A01
200600070173,0,07,000,00,0,0,00,B01
200600070174,0,02,000,01,2,1,17,A01
200600070174,0,10,000,00,2,3,13,B01
200600070175,0,07,000,00,2,5,16,A01
200600070175,0,01,000,00,2,1,01,B01
200600070176,0,07,000,00,2,1,19,A01
200600070176,0,07,000,06,2,3,19,B01
200600070177,0,07,000,00,2,1,15,A01
200600070177,0,07,000,00,2,4,23,B01
200600070178,0,07,000,00,2,5,01,B01
200600070178,0,07,000,00,2,1,19,A01
200600070179,1,07,000,00,1,0,00,A01
200600070180,0,07,000,00,2,1,01,A01
200600070180,0,07,000,00,2,1,21,C01
200600070180,0,07,000,00,2,1,19,B01
200600070181,0,07,000,00,2,1,01,A01
200600070181,0,02,000,00,2,4,01,B01
200600070182,0,07,000,00,1,1,01,A01
200600070183,0,02,000,00,2,1,01,A01
200600070183,0,07,000,00,2,4,15,B01
200600070184,0,07,000,00,2,3,22,A01
200600070184,0,01,000,00,2,1,01,B01
200600070185,0,02,000,00,2,4,15,A01
200600070185,0,07,000,00,2,1,21,B01
200600070186,0,07,000,00,1,1,19,A01
200600070187,0,07,000,15,1,7,16,A01
200600070188,0,07,000,00,0,2,00,A01
200600070188,0,01,000,00,0,1,00,B01
200600070189,0,07,000,00,1,3,00,A01
200600070190,0,07,000,00,0,8,01,A01
200600070190,0,14,000,00,0,7,01,B01
200600070191,0,07,000,00,9,0,00,B01
200600070191,0,30,000,00,2,0,00,A01
200600070192,0,07,000,00,2,3,01,B01
200600070192,0,07,000,00,2,1,01,A01
200600070193,0,07,000,00,0,7,01,A01
200600070193,0,07,000,00,2,1,01,B01
200600070194,0,30,000,00,2,1,01,A01
200600070194,0,07,000,00,2,3,02,B01
200600070195,2,07,000,00,0,2,01,A01
200600070195,0,07,000,00,0,3,15,B01
200600070196,0,07,000,00,0,1,05,A01
200600070196,0,07,000,00,0,3,02,B01
200600070196,0,07,000,00,0,1,01,C01
200600070197,2,07,000,06,1,1,00,A01
200600070198,0,30,000,00,2,1,01,B01
200600070198,1,99,000,00,2,0,00,A01
200600070199,0,07,000,00,0,2,01,A01
200600070199,0,07,000,15,0,1,01,B01
200600070200,0,07,000,00,1,2,16,A01
200600070201,0,07,000,00,2,2,00,B01
200600070201,0,07,000,00,2,3,15,A01
200600070202,1,07,000,00,1,0,11,A01
200600070203,0,34,000,04,2,3,02,A01
200600070203,0,07,000,00,2,0,00,B01
200600070204,0,07,000,00,2,7,17,A01
200600070204,0,30,000,00,2,8,00,B01
200600070205,0,02,000,14,0,0,06,A01
200600070206,0,99,000,00,1,3,11,A01
200600070207,0,07,000,01,0,1,14,A01
200600070207,0,07,000,01,2,4,24,B01
200600070208,0,07,000,00,2,1,00,A01
200600070208,0,07,000,00,2,4,01,B01
200600070209,0,32,000,00,2,8,01,A01
200600070209,0,07,000,00,2,8,09,B01
200600070210,0,07,000,00,0,1,17,A01
200600070210,0,32,000,00,0,9,01,B01
200600070211,0,30,000,14,0,2,02,A01
200600070212,2,07,000,00,2,9,01,A01
200600070212,0,07,000,00,0,6,23,B01
200600070212,0,07,000,00,0,7,23,C01
200600070213,0,32,000,00,2,7,01,A01
200600070213,0,07,000,00,2,3,01,B01
200600070214,1,07,000,00,0,0,17,A01
200600070214,0,07,000,00,0,9,01,B01
200600070215,0,32,000,00,2,1,01,A01
200600070215,0,07,000,04,2,3,16,B01
200600070216,0,38,000,00,1,2,06,A01
200600070217,0,14,000,00,9,7,16,A01
200600070217,0,01,000,00,2,6,01,B01
200600070218,0,07,000,00,2,1,02,A01
200600070218,0,07,000,00,0,4,02,B01
200600070219,0,07,000,00,1,1,15,A01
200600070220,0,07,000,00,1,1,01,A01
200600070221,0,05,000,00,2,0,00,A01
200600070221,1,07,000,00,2,0,00,B01
200600070222,0,07,000,14,0,1,01,A01
200600070222,0,10,000,00,2,4,23,B01
200600070222,0,07,000,14,0,4,23,C01
200600070222,0,07,000,00,0,4,23,D01
200600070223,0,33,000,00,2,1,01,B01
200600070223,0,07,000,00,2,1,15,A01
200600070224,0,07,000,15,2,7,01,B01
200600070224,0,07,000,00,2,1,01,A01
200600070225,0,34,000,00,0,0,00,A01
200600070225,0,07,000,00,0,2,00,B01
200600070226,0,31,000,00,2,7,00,B01
200600070226,0,07,000,00,2,1,00,A01
200600070227,1,07,000,00,2,3,10,A01
200600070227,0,37,060,00,2,2,01,B01
200600070228,1,07,000,00,2,0,00,A01
200600070228,0,32,000,00,2,0,00,B01
200600070229,0,07,000,00,1,3,01,A01
200600070230,0,01,000,00,2,7,05,A01
200600070230,0,07,000,00,0,1,20,B01
200600070231,0,07,000,00,0,7,00,A01
200600070232,0,31,000,00,2,1,00,A01
200600070232,0,07,000,00,2,0,00,B01
200600070233,0,20,000,00,0,0,14,A01
200600070234,0,01,000,00,0,1,01,B01
200600070234,0,07,000,00,0,2,16,A01
200600070235,1,30,000,00,1,0,00,A01
200600070236,1,10,000,00,0,0,00,B01
200600070236,0,07,000,00,0,8,15,A01
200600070237,0,07,000,00,0,0,09,B01
200600070237,0,02,000,00,2,1,09,A01
200600070238,0,33,000,01,2,5,17,A01
200600070238,0,07,000,00,2,3,01,B01
200600070239,0,07,000,00,1,1,15,A01
200600070240,0,07,000,00,1,2,01,A01
200600070241,0,07,000,00,1,3,00,A01
200600070242,0,07,000,00,1,3,01,A01
200600070243,0,07,000,00,0,4,00,B01
200600070243,0,07,000,00,2,1,02,A01
200600070244,0,14,000,00,2,1,15,A01
200600070244,0,32,000,00,2,6,02,B01
200600070244,0,32,000,00,2,1,02,C01
200600070245,0,07,000,00,1,1,02,A01
200600070246,0,07,000,00,2,1,01,A01
200600070246,0,13,000,06,2,1,15,B01
200600070247,0,03,000,00,2,5,04,A01
200600070247,0,33,000,00,0,1,02,B01
200600070248,0,07,000,00,0,6,15,B01
200600070248,0,07,000,00,0,3,02,C01
200600070248,0,07,000,00,0,9,15,A01
200600070249,0,07,000,00,1,8,02,A01
200600070250,0,07,000,00,0,5,01,B01
200600070250,0,30,000,00,0,8,01,A01
200600070251,0,02,000,00,2,1,02,B01
200600070251,0,07,000,00,2,2,11,A01
200600070252,0,31,000,00,1,1,00,A01
200600070253,0,07,000,00,1,2,02,A01
200600070254,0,07,000,00,0,1,00,A01
200600070254,0,07,000,00,0,0,00,B01
200600070254,0,07,000,00,0,0,00,C01
200600070255,0,30,000,00,2,1,00,A01
200600070255,0,07,000,00,2,7,01,B01
200600070256,0,30,000,00,1,0,00,A01
200600070257,0,07,000,00,1,2,19,A01
200600070258,0,07,000,00,2,1,01,A01
200600070258,0,01,000,00,2,1,00,B01
200600070259,0,07,000,00,2,2,09,A01
200600070259,0,07,000,00,2,3,02,B01
200600070260,0,07,000,00,1,3,01,A01
200600070261,0,07,000,00,2,4,02,A01
200600070261,0,04,000,00,1,1,02,B01
200600070261,0,07,000,00,2,6,02,C01
200600070262,0,14,000,00,0,1,00,A01
200600070262,0,04,000,00,2,8,01,B01
200600070263,0,10,000,00,2,8,15,A01
200600070263,0,04,000,00,2,1,17,B01
200600070264,0,04,000,00,2,1,02,A01
200600070264,0,07,000,00,2,4,02,B01
200600070265,0,07,000,15,2,1,21,A01
200600070265,0,07,000,00,2,0,15,B01
200600070266,0,07,000,00,1,1,02,A01
200600070267,0,07,000,00,9,7,16,A01
200600070267,0,02,000,00,2,8,02,B01
200600070268,0,07,000,00,1,3,15,A01
200600070269,0,02,000,00,2,1,01,B01
200600070269,1,07,000,00,2,0,01,A01
200600070270,0,10,000,00,2,3,15,A01
200600070270,0,31,000,00,2,7,17,B01
200600070271,0,07,000,00,2,1,01,A01
200600070271,0,07,000,00,2,4,23,B01
200600070271,0,07,000,00,2,4,23,C01
200600070272,0,07,000,00,2,2,15,A01
200600070272,0,33,000,00,2,1,01,B01
200600070273,0,34,000,00,2,1,05,A01
200600070273,0,07,000,00,2,1,23,B01
200600070274,0,31,000,00,0,1,00,A01
200600070274,0,07,000,00,2,2,01,B01
200600070275,0,33,000,00,2,1,01,B01
200600070275,0,07,000,00,2,7,15,A01
200600070276,0,07,000,00,2,8,01,A01
200600070276,0,07,000,00,2,2,12,B01
200600070277,0,07,000,00,1,3,15,A01
200600070278,0,07,000,00,2,3,09,A01
200600070278,0,34,000,00,2,2,01,B01
200600070279,0,07,000,15,0,3,01,B01
200600070279,0,07,000,00,0,0,16,A01
200600070280,0,10,000,00,2,7,00,A01
200600070280,0,07,000,00,2,1,00,B01
200600070281,0,07,000,00,0,6,23,B01
200600070281,0,07,000,00,2,1,02,A01
200600070282,0,34,000,00,2,1,02,A01
200600070282,1,99,000,00,2,0,00,B01
200600070283,0,07,000,00,1,1,00,A01
200600070284,0,07,000,00,2,1,02,B01
200600070284,0,07,000,00,0,4,02,A01
200600070285,0,07,000,00,1,1,01,A01
200600070286,0,10,000,00,2,7,15,A01
200600070286,0,33,000,00,2,1,16,B01
200600070287,0,34,000,00,2,1,00,A01
200600070287,0,07,000,00,2,7,00,B01
200600070288,0,33,000,00,2,2,02,A01
200600070288,0,07,000,00,0,3,02,B01
200600070289,0,07,000,00,2,4,02,A01
200600070289,0,07,000,00,2,4,01,B01
200600070289,0,07,000,00,2,1,02,C01
200600070290,0,07,000,00,2,1,02,A01
200600070290,0,07,000,00,2,4,02,B01
200600070291,0,07,000,00,1,2,00,A01
200600070292,0,07,000,00,2,1,01,A01
200600070292,0,07,000,00,2,1,01,B01
200600070293,0,07,000,00,2,8,15,A01
200600070293,0,37,025,00,2,2,02,B01
200600070294,0,07,000,00,1,3,00,A01
200600070295,0,07,000,00,2,1,00,A01
200600070295,0,07,000,00,2,7,00,B01
200600070296,0,07,000,00,2,1,00,B01
200600070296,0,10,000,00,2,3,00,A01
200600070297,0,07,000,00,1,0,00,A01
200600070298,0,07,000,00,2,1,17,A01
200600070298,0,15,000,00,2,3,01,B01
200600070298,0,10,000,00,2,2,21,C01
200600070298,0,07,000,00,2,4,02,D01
200600070298,0,07,000,00,0,0,00,E01
200600070299,0,34,000,00,0,1,00,A01
200600070299,0,07,000,00,0,2,10,B01
200600070300,0,07,000,00,1,0,17,A01
200600070301,0,07,000,00,2,7,15,A01
200600070301,0,07,000,00,2,1,16,B01
200600070302,0,07,000,00,1,1,00,B01
200600070303,0,99,000,00,0,0,00,A01
200600070303,0,33,000,00,0,0,00,B01
200600070304,0,07,000,00,2,3,09,A01
200600070304,0,32,000,01,2,1,01,B01
200600070305,0,07,000,00,1,1,01,A01
200600070306,0,07,000,00,2,1,10,A01
200600070306,0,07,000,00,2,1,02,B01
200600070307,0,99,000,01,1,2,00,A01
200600070308,1,07,000,00,1,0,00,A01
200600070309,0,32,000,00,2,7,01,B01
200600070309,0,07,000,00,2,3,09,A01
200600070310,0,07,000,00,2,1,00,A01
200600070310,0,07,000,00,2,1,01,B01
200600070311,0,07,000,00,2,2,02,B01
200600070311,0,07,000,00,0,6,02,A01
200600070312,0,07,000,00,1,1,01,A01
200600070313,0,07,000,00,2,1,02,A01
200600070313,0,07,000,00,2,4,02,B01
200600070313,0,07,000,00,0,4,02,C01
200600070314,0,07,000,00,1,1,00,A01
200600070315,0,10,000,16,2,4,02,A01
200600070315,0,07,000,00,2,4,02,B01
200600070315,0,07,000,00,2,4,02,C01
200600070315,0,07,000,00,0,4,02,D01
200600070316,0,03,000,00,1,1,00,A01
200600070317,0,07,000,00,2,3,09,A01
200600070317,0,02,000,00,2,1,01,B01
200600070318,2,07,000,00,2,8,10,A01
200600070318,0,33,000,00,2,1,02,B01
200600070319,0,07,000,00,0,0,00,A01
200600070320,0,31,000,00,0,0,01,B01
200600070320,1,07,000,00,0,0,00,A01
200600070321,0,07,000,00,0,3,15,A01
200600070321,0,01,000,00,0,1,02,B01
200600070322,0,07,000,00,1,2,16,A01
200600070323,0,07,000,01,0,1,02,A01
200600070324,0,07,000,00,2,2,01,A01
200600070324,0,34,000,00,2,1,01,B01
200600070325,0,07,000,00,0,2,01,A01
200600070326,0,01,000,00,2,1,01,A01
200600070326,0,07,000,00,2,3,09,B01
200600070327,0,07,000,00,2,3,01,B01
200600070327,0,07,000,00,2,2,01,A01
200600070328,0,07,000,00,2,3,01,B01
200600070328,0,02,000,00,0,0,00,A01
200600070329,0,07,000,00,0,0,00,A01
200600070329,0,07,000,00,0,0,00,B01
200600070330,0,07,000,01,0,1,14,A01
200600070330,0,07,000,00,0,4,24,B01
200600070331,0,07,000,00,2,5,01,A01
200600070331,0,07,000,00,2,8,01,B01
200600070332,0,07,000,00,1,2,01,A01
200600070333,0,07,000,00,2,3,15,A01
200600070333,0,33,000,00,2,8,01,B01
200600070334,1,02,000,00,1,0,00,A01
200600070335,0,07,000,00,2,1,15,A01
200600070335,0,32,000,00,2,1,01,B01
200600070336,0,33,000,00,2,1,17,A01
200600070336,0,10,000,00,2,3,15,B01
200600070337,0,33,000,14,0,1,01,A01
200600070338,0,07,000,01,1,4,20,A01
200600070339,0,32,000,00,2,1,13,A01
200600070339,0,07,000,00,2,5,23,B01
200600070340,0,32,000,00,2,1,01,B01
200600070340,0,07,000,00,0,2,02,A01
200600070341,0,02,000,00,2,1,01,A01
200600070341,0,07,000,00,9,3,15,B01
200600070342,0,07,000,14,2,2,01,B01
200600070342,0,03,000,12,2,7,01,A01
200600070343,0,07,000,00,1,3,01,A01
200600070344,0,07,000,00,1,1,01,A01
200600070345,0,33,000,00,2,1,01,A01
200600070345,0,07,000,00,2,3,16,B01
200600070346,0,07,000,00,2,7,15,A01
200600070346,0,07,000,00,2,1,01,B01
200600070347,0,07,000,00,2,1,01,A01
200600070347,0,07,000,00,2,1,01,B01
200600070348,0,07,000,00,2,1,05,A01
200600070348,0,17,000,00,2,1,01,B01
200600070349,0,07,000,11,0,9,02,A01
200600070350,0,10,000,00,2,6,10,A01
200600070350,0,33,000,00,0,1,01,B01
200600070351,0,07,000,00,1,2,01,A01
200600070352,0,07,000,00,2,1,01,A01
200600070352,0,07,000,00,2,0,02,B01
200600070352,0,07,000,00,2,4,02,C01
200600070353,0,30,000,00,1,1,01,A01
200600070354,0,33,000,00,2,1,17,A01
200600070354,0,07,000,00,2,8,15,B01
200600070355,0,10,000,00,2,8,15,B01
200600070355,0,33,000,00,2,1,01,A01
200600070356,0,07,000,00,2,3,13,A01
200600070356,0,30,000,00,2,7,16,B01
200600070357,0,07,000,00,2,1,01,B01
200600070357,0,07,000,00,2,1,01,A01
200600070358,0,07,000,00,2,1,01,A01
200600070358,0,07,000,00,0,7,17,B01
200600070359,0,33,000,00,2,6,01,A01
200600070359,1,07,000,00,2,1,01,B01
200600070360,0,07,000,01,0,6,10,A01
200600070360,0,07,000,00,2,1,01,B01
200600070361,0,07,000,00,1,3,01,A01
200600070362,0,07,000,00,2,1,02,A01
200600070362,0,10,000,00,0,5,02,B01
200600070362,0,07,000,00,0,4,02,C01
200600070363,0,07,000,00,1,2,15,A01
200600070364,0,07,000,00,2,3,15,A01
200600070364,0,33,000,00,2,8,01,B01
200600070365,0,10,000,00,2,1,02,A01
200600070365,0,07,000,00,2,7,02,B01
200600070366,0,07,000,00,1,1,01,A01
200600070367,0,07,000,00,1,1,01,A01
200600070368,0,07,000,00,2,2,02,A01
200600070368,0,05,000,00,2,4,03,B01
200600070369,0,02,000,00,2,3,01,B01
200600070369,0,07,000,00,2,1,15,A01
200600070370,0,04,000,01,0,1,01,A01
200600070371,0,05,000,00,2,7,13,A01
200600070371,0,07,000,00,2,3,15,B01
200600070372,0,07,000,00,2,6,04,A01
200600070372,0,01,000,01,2,1,13,B01
200600070373,0,05,000,00,1,1,01,A01
200600070374,0,07,000,00,2,1,10,A01
200600070374,0,33,000,00,2,1,00,B01
200600070375,0,31,000,00,2,8,01,B01
200600070375,0,07,000,00,2,3,09,A01
200600070376,0,30,000,00,1,1,21,A01
200600070377,0,07,000,00,2,1,02,A01
200600070377,0,07,000,00,2,4,01,B01
200600070377,0,07,000,00,2,4,01,C01
200600070378,0,07,000,00,2,8,00,A01
200600070378,0,07,000,00,2,7,00,B01
200600070379,0,07,000,00,1,1,01,A01
200600070380,0,07,000,00,2,8,02,A01
200600070380,0,32,000,00,2,2,02,B01
200600070381,0,07,000,00,1,1,01,A01
200600070382,0,07,000,00,1,1,00,A01
200600070383,0,07,000,00,2,5,00,B01
200600070383,2,07,000,06,2,3,12,A01
200600070384,0,20,000,00,1,4,04,A01
200600070385,0,07,000,04,0,1,00,A01
200600070386,0,02,000,00,2,0,17,A01
200600070386,0,07,000,00,2,0,15,B01
200600070387,0,01,000,00,2,8,19,A01
200600070387,0,07,000,00,2,7,01,B01
200600070388,1,30,000,00,1,0,00,A01
200600070389,0,37,002,01,2,2,01,A01
200600070389,0,07,000,00,0,1,15,B01
200600070390,0,01,000,00,1,1,01,A01
200600070391,0,07,000,00,1,1,01,A01
200600070392,0,02,000,14,2,1,01,A01
200600070392,0,07,000,14,2,1,01,B01
200600070393,0,30,000,00,2,1,02,A01
200600070393,0,07,000,00,2,5,02,B01
200600070394,0,07,000,14,2,1,09,A01
200600070394,0,33,000,14,2,7,02,B01
200600070395,0,07,000,14,2,1,00,A01
200600070395,0,07,000,14,2,1,01,B01
200600070395,0,07,000,14,2,4,00,C01
200600070396,0,07,000,00,1,2,01,A01
200600070397,0,07,000,00,2,3,01,A01
200600070397,0,07,000,00,2,3,15,B01
200600070398,0,07,000,00,2,7,17,A01
200600070398,0,02,000,00,2,8,01,B01
200600070399,0,07,000,00,2,1,01,A01
200600070399,0,07,000,00,2,4,01,B01
200600070400,0,01,000,00,2,2,09,A01
200600070400,0,07,000,00,2,1,01,B01
200600070401,0,07,000,00,2,3,21,A01
200600070401,0,33,000,00,2,1,02,B01
200600070402,0,33,000,00,0,8,18,A01
200600070403,0,07,000,00,2,8,09,A01
200600070403,0,02,000,00,2,3,01,B01
200600070404,0,07,000,00,2,1,23,A01
200600070404,0,07,000,00,2,4,23,B01
200600070405,0,02,000,00,0,0,00,A01
200600070406,0,07,000,00,2,1,15,A01
200600070406,0,07,000,00,2,1,01,B01
200600070407,0,07,000,00,1,1,01,A01
200600070408,1,07,000,00,1,0,00,A01
200600070409,0,07,000,00,2,3,15,B01
200600070409,0,33,000,00,2,1,01,A01
200600070410,0,07,000,00,2,2,09,A01
200600070410,0,30,000,00,2,1,01,B01
200600070411,0,33,000,00,1,0,15,A01
200600070412,0,07,000,00,1,4,04,A01
200600070413,0,07,000,00,2,1,00,A01
200600070413,0,07,000,00,0,4,00,B01
200600070414,0,07,000,00,2,8,10,A01
200600070414,0,32,000,00,0,1,00,B01
200600070415,0,07,000,00,1,4,04,A01
200600070416,0,33,000,00,1,1,01,A01
200600070417,0,07,000,00,0,1,00,A01
200600070417,0,07,000,00,0,4,00,B01
200600070417,0,07,000,00,0,4,00,C01
200600070418,0,30,000,00,2,1,01,A01
200600070418,0,07,000,00,9,2,01,B01
200600070419,0,07,000,00,2,6,01,A01
200600070419,0,07,000,00,2,3,01,B01
200600070420,1,07,000,00,2,8,15,A01
200600070420,0,30,000,00,2,1,01,B01
200600070421,0,07,000,00,1,1,01,A01
200600070422,0,37,000,00,2,1,00,B01
200600070422,1,07,000,00,0,5,00,A01
200600070423,0,32,000,00,2,1,01,B01
200600070423,0,07,000,00,2,6,19,A01
200600070424,0,32,000,00,0,0,00,A01
200600070425,0,07,000,00,2,4,01,A01
200600070425,0,02,000,00,2,1,01,B01
200600070426,0,07,000,14,2,1,00,A01
200600070426,0,07,000,00,2,1,00,B01
200600070427,0,07,000,00,0,1,00,A01
200600070427,0,33,000,00,0,4,00,B01
200600070428,0,07,000,00,2,1,01,A01
200600070428,0,07,000,00,2,4,01,B01
200600070429,0,07,000,00,1,0,01,A01
200600070430,0,07,000,00,2,7,24,A01
200600070430,0,02,000,00,2,7,21,B01
200600070431,0,07,000,00,1,1,00,A01
200600070432,0,07,000,00,1,1,01,A01
200600070433,0,07,000,00,2,1,00,A01
200600070433,0,07,000,00,2,3,00,B01
200600070434,0,07,000,00,1,2,00,A01
200600070435,0,07,000,00,2,5,00,A01
200600070435,0,34,000,00,2,1,00,B01
200600070436,0,07,000,00,1,1,00,A01
200600070437,0,33,000,00,0,7,00,A01
200600070438,0,07,000,00,1,1,01,A01
200600070439,0,34,000,00,0,7,00,A01
200600070439,0,07,000,00,2,1,00,B01
200600070440,0,07,000,00,2,1,01,A01
200600070441,0,07,000,01,0,1,00,A01
200600070441,0,07,000,00,0,4,00,B01
200600070442,0,07,000,00,1,1,00,A01
200600070443,0,07,000,00,2,7,15,A01
200600070443,0,32,000,00,2,1,02,B01
200600070444,0,33,000,00,1,3,01,A01
200600070445,0,07,000,00,9,3,10,A01