Num_Acc,senc,catv,occutc,obs,obsm,choc,manv,num_veh
200600070445,0,33,000,00,2,8,01,B01
200600070446,0,07,000,00,0,0,00,A01
200600070447,0,14,000,00,1,0,00,A01
200600070448,0,33,000,00,0,0,00,A01
200600070448,0,07,000,00,0,1,00,B01
200600070449,0,07,000,00,2,4,00,A01
200600070449,0,32,000,00,2,1,01,B01
200600070450,0,07,000,00,0,1,00,A01
200600070450,0,07,000,00,0,1,01,B01
200600070451,0,99,000,00,0,1,00,A01
200600070451,0,99,000,00,0,0,00,B01
200600070452,0,07,000,00,2,7,01,A01
200600070452,0,33,000,00,2,1,01,B01
200600070453,0,07,000,00,1,6,04,A01
200600070454,0,99,000,00,2,1,01,A01
200600070454,0,01,000,00,2,8,01,B01
200600070454,0,01,000,00,2,9,01,C01
200600070455,0,02,000,00,2,1,17,A01
200600070455,0,99,000,00,2,1,15,B01
200600070456,0,13,000,00,9,8,13,A01
200600070456,0,01,000,00,2,8,14,B01
200600070457,0,07,000,00,0,1,01,A01
200600070457,0,07,000,00,0,4,01,B01
200600070458,0,07,000,00,2,1,01,B01
200600070458,0,30,000,01,2,1,01,A01
200600070459,0,07,000,00,2,1,01,A01
200600070459,0,07,000,00,2,4,01,B01
200600070460,0,07,000,00,2,1,01,A01
200600070460,0,07,000,00,2,4,01,B01
200600070461,0,37,001,00,2,1,01,A01
200600070461,0,07,000,00,2,3,01,B01
200600070462,0,07,000,01,0,1,00,A01
200600070463,0,01,000,00,2,1,05,A01
200600070463,0,07,000,00,2,1,16,B01
200600070464,0,07,000,01,2,1,02,A01
200600070464,0,07,000,00,2,4,02,B01
200600070465,0,02,000,00,1,2,01,A01
200600070466,0,04,000,00,1,1,01,A01
200600070467,0,05,000,00,1,1,01,A01
200600070468,0,10,000,00,2,4,09,A01
200600070468,0,05,000,00,2,1,01,B01
200600070469,0,10,000,00,2,8,00,A01
200600070469,0,05,000,00,2,1,00,B01
200600070470,0,10,000,00,1,2,01,A01
200600070471,2,02,000,00,1,1,01,A01
200600070472,0,07,000,00,1,5,00,A01
200600070473,0,07,000,00,2,3,21,A01
200600070473,0,01,000,00,2,2,20,B01
200600070474,0,07,000,00,2,2,01,B01
200600070474,0,07,000,00,2,2,01,A01
200600070475,0,07,000,00,9,7,15,A01
200600070475,0,33,000,00,2,1,01,B01
200600070476,0,07,000,01,0,1,13,A01
200600070477,0,07,000,00,2,7,21,A01
200600070477,0,31,000,00,2,2,21,B01
200600070478,0,07,000,01,2,4,20,A01
200600070478,0,07,000,00,2,4,01,B01
200600070478,0,07,000,00,2,1,01,C01
200600070479,0,07,000,00,2,3,15,A01
200600070479,0,30,000,00,2,8,01,B01
200600070480,0,07,000,00,2,1,02,A01
200600070480,0,02,000,00,2,4,23,B01
200600070481,1,07,000,00,2,1,01,A01
200600070481,0,07,000,00,2,4,23,B01
200600070482,0,07,000,00,1,4,04,A01
200600070483,0,07,000,00,2,8,09,A01
200600070483,0,07,000,00,2,2,02,B01
200600070484,0,07,000,00,9,4,01,A01
200600070484,0,01,000,00,2,1,09,B01
200600070485,0,07,000,01,2,3,22,A01
200600070485,0,01,000,01,0,1,01,B01
200600070486,0,10,000,00,2,0,04,A01
200600070486,0,34,000,00,2,8,01,B01
200600070487,0,07,000,00,1,1,02,A01
200600070488,0,07,000,00,2,2,01,A01
200600070488,0,33,000,00,2,7,01,B01
200600070489,0,07,000,00,2,5,09,A01
200600070489,0,33,000,00,2,9,01,B01
200600070490,0,07,000,00,2,3,15,A01
200600070490,0,30,000,00,2,2,01,B01
200600070491,0,07,000,00,1,0,01,A01
200600070492,0,07,000,00,1,0,13,A01
200600070493,0,07,000,00,1,1,02,A01
200600070494,0,07,000,00,2,2,09,A01
200600070494,0,30,000,00,2,1,01,B01
200600070495,0,30,000,00,2,2,15,A01
200600070495,0,07,000,00,2,8,10,B01
200600070496,0,33,000,00,2,9,01,A01
200600070496,0,07,000,00,2,4,15,B01
200600070497,0,07,000,00,1,1,15,A01
200600070498,0,07,000,00,2,5,15,A01
200600070498,0,33,000,00,2,1,01,B01
200600070499,0,07,000,01,1,1,01,A01
200600070499,0,07,000,00,2,4,24,B01
200600070500,0,02,000,00,2,1,01,A01
200600070500,0,07,000,00,2,4,01,B01
200600070501,0,07,000,08,2,1,01,A01
200600070501,0,07,000,00,0,8,01,B01
200600070502,0,07,000,00,2,3,15,A01
200600070502,0,34,000,00,0,8,01,B01
200600070503,0,33,000,00,1,3,00,A01
200600070504,0,33,000,00,2,1,15,A01
200600070504,0,37,001,00,2,7,15,B01
200600070505,0,07,000,00,1,1,01,A01
200600070506,0,02,000,00,2,9,01,A01
200600070506,0,07,000,00,0,1,15,B01
200600070507,0,07,000,00,2,1,02,A01
200600070507,0,07,000,00,2,1,02,B01
200600070507,0,07,000,00,0,4,02,C01
200600070507,0,07,000,00,2,1,02,D01
200600070508,0,30,000,00,2,0,17,A01
200600070508,0,10,000,00,0,8,15,B01
200600070509,0,01,000,00,2,9,01,A01
200600070509,0,07,000,00,0,3,01,B01
200600070510,0,31,000,00,0,9,01,B01
200600070510,0,07,000,00,2,3,01,A01
200600070511,0,32,000,00,0,1,02,B01
200600070511,0,07,000,01,2,8,01,A01
200600070512,0,07,000,00,0,2,01,A01
200600070513,0,38,000,00,1,1,01,A01
200600070514,0,02,000,00,2,1,01,A01
200600070514,0,10,000,00,0,6,15,B01
200600070515,0,10,000,00,2,1,02,A01
200600070515,0,07,000,00,0,4,02,B01
200600070516,0,07,000,00,0,3,15,A01
200600070516,0,33,000,00,0,9,01,B01
200600070517,0,07,000,00,1,1,01,A01
200600070518,0,07,000,01,0,0,01,A01
200600070519,0,07,000,00,1,1,00,A01
200600070520,0,07,000,00,2,2,15,A01
200600070520,0,02,000,00,2,0,01,B01
200600070521,0,07,000,00,1,3,02,A01
200600070522,0,07,000,00,2,1,01,A01
200600070522,0,02,000,00,2,4,01,B01
200600070523,0,07,000,00,1,3,15,A01
200600070524,0,07,000,00,2,3,11,A01
200600070524,0,33,000,00,2,8,01,B01
200600070525,1,07,000,00,1,7,16,A01
200600070526,0,34,000,00,1,1,01,A01
200600070527,0,34,000,00,1,7,00,A01
200600070528,0,07,000,00,2,2,15,A01
200600070528,0,01,000,00,2,1,02,B01
200600070529,0,07,000,00,1,7,01,A01
200600070530,0,30,000,00,2,1,01,A01
200600070530,0,01,000,00,0,0,15,B01
200600070531,0,10,000,00,2,1,15,A01
200600070531,0,33,000,00,2,1,01,B01
200600070532,0,10,000,00,1,2,01,A01
200600070533,0,10,000,00,2,3,15,B01
200600070533,0,31,000,00,2,5,17,A01
200600070534,1,07,000,00,1,2,01,A01
200600070535,0,10,000,00,2,7,15,A01
200600070535,0,10,000,00,2,1,01,B01
200600070536,0,10,000,00,0,4,15,B01
200600070536,0,33,000,00,2,1,01,A01
200600070537,0,10,000,02,0,9,01,A01
200600070538,0,30,000,00,1,1,01,A01
200600070539,0,33,000,00,2,1,01,B01
200600070539,0,07,000,00,2,7,15,A01
200600070540,0,37,062,00,2,1,01,B01
200600070540,0,01,000,00,2,1,13,A01
200600070541,0,07,000,00,2,2,01,B01
200600070541,0,02,000,00,2,1,01,A01
200600070542,0,07,000,00,2,3,01,A01
200600070542,0,14,000,00,2,1,01,B01
200600070543,0,07,000,00,2,3,01,B01
200600070543,0,07,000,00,2,1,01,A01
200600070544,1,07,000,00,2,1,17,A01
200600070544,0,31,000,00,2,1,01,B01
200600070545,0,07,000,00,2,3,01,A01
200600070545,0,07,000,01,2,6,15,B01
200600070546,0,10,000,00,1,3,01,A01
200600070547,0,07,000,00,2,1,21,A01
200600070547,0,07,000,00,2,1,01,B01
200600070548,0,07,000,00,2,8,01,B01
200600070548,0,07,000,00,2,2,15,A01
200600070549,0,02,000,16,0,1,01,A01
200600070550,0,07,000,00,2,5,12,A01
200600070550,0,01,000,00,2,8,01,B01
200600070551,0,07,000,00,2,3,16,A01
200600070551,0,02,000,00,2,1,01,B01
200600070552,0,30,000,16,0,1,01,A01
200600070553,0,07,000,00,1,1,16,A01
200600070554,0,07,000,00,2,1,01,A01
200600070554,0,33,000,00,2,4,01,B01
200600070555,0,07,000,00,2,2,01,A01
200600070555,0,07,000,00,2,8,15,B01
200600070556,0,07,000,00,2,7,12,A01
200600070556,0,33,000,00,2,8,01,B01
200600070557,0,07,000,00,1,2,15,A01
200600070558,0,07,000,00,1,1,15,A01
200600070559,0,07,000,00,2,8,09,A01
200600070559,0,33,000,00,2,1,01,B01
200600070560,0,07,000,00,1,2,01,A01
200600070561,0,10,000,00,2,3,10,A01
200600070561,0,33,000,00,2,7,17,B01
200600070562,0,07,000,00,2,1,15,A01
200600070563,0,33,000,00,2,7,03,A01
200600070563,0,07,000,00,2,5,12,B01
200600070563,0,07,000,00,2,8,01,C01
200600070564,0,02,000,00,2,1,17,A01
200600070564,0,07,000,00,2,3,15,B01
200600070565,0,33,000,00,2,1,13,A01
200600070565,0,07,000,00,2,1,01,B01
200600070566,0,07,000,00,2,3,17,A01
200600070566,0,07,000,00,2,3,01,B01
200600070567,0,15,000,00,1,1,01,A01
200600070568,0,07,000,00,1,1,01,A01
200600070569,0,07,000,00,2,1,01,A01
200600070569,0,07,000,00,2,1,15,B01
200600070570,0,07,000,01,0,4,04,A01
200600070571,0,07,000,00,1,2,01,A01
200600070572,0,02,000,00,2,8,02,A01
200600070572,1,07,000,00,2,0,00,B01
200600070573,1,07,000,00,1,0,00,A01
200600070574,1,07,000,00,2,3,13,A01
200600070574,0,07,000,00,2,3,01,B01
200600070575,0,07,000,00,2,1,02,A01
200600070575,0,07,000,00,2,4,02,B01
200600070576,0,07,000,00,2,1,01,A01
200600070576,0,07,000,00,2,3,01,B01
200600070577,0,07,000,00,2,1,01,A01
200600070577,0,01,000,00,2,7,19,B01
200600070578,0,07,000,00,2,3,16,A01
200600070578,0,07,000,00,0,2,01,B01
200600070579,0,07,000,00,2,1,09,A01
200600070579,0,30,000,00,2,4,02,B01
200600070580,0,07,000,00,2,5,15,A01
200600070580,0,34,000,00,2,1,01,B01
200600070581,1,07,000,00,1,1,01,A01
200600070582,0,30,000,00,2,1,02,A01
200600070582,0,07,000,00,2,6,02,B01
200600070583,0,07,000,00,2,2,01,A01
200600070583,0,33,000,00,0,3,01,B01
200600070584,2,33,000,00,2,1,01,A01
200600070584,0,07,000,00,2,3,01,B01
200600070585,0,07,000,00,2,1,15,A01
200600070585,0,02,000,00,2,8,01,B01
200600070586,0,38,000,00,2,3,01,B01
200600070586,0,07,000,00,2,8,01,A01
200600070587,0,07,000,00,2,1,01,A01
200600070587,0,07,000,00,2,4,01,B01
200600070588,0,07,000,00,2,1,13,A01
200600070588,0,38,000,00,2,1,01,B01
200600070589,0,30,000,00,0,7,01,A01
200600070590,0,07,000,00,2,1,01,A01
200600070590,0,07,000,00,0,4,23,B01
200600070591,0,07,000,00,2,1,01,A01
200600070591,0,07,000,00,0,4,01,B01
200600070592,0,07,000,00,2,2,01,A01
200600070592,0,01,000,00,2,4,01,B01
200600070593,0,07,000,00,2,6,01,A01
200600070593,0,33,000,00,2,1,01,B01
200600070594,0,01,000,00,2,0,01,B01
200600070594,0,07,000,00,9,1,19,A01
200600070595,0,07,000,00,1,1,02,A01
200600070596,0,07,000,00,2,3,00,A01
200600070596,0,33,000,00,2,1,00,B01
200600070597,0,07,000,00,2,3,05,B01
200600070597,0,07,000,00,2,3,13,A01
200600070598,0,07,000,08,0,1,01,A01
200600070599,0,07,000,00,2,4,24,C01
200600070599,0,07,000,01,1,2,01,B01
200600070599,0,07,000,00,0,0,01,A01
200600070600,0,02,000,00,2,1,01,A01
200600070600,0,07,000,00,0,4,01,B01
200600070601,0,30,000,00,2,3,09,A01
200600070601,0,30,000,00,2,2,01,B01
200600070602,0,07,000,00,2,5,04,A01
200600070602,0,34,000,00,2,1,01,B01
200600070603,0,33,000,00,2,1,18,A01
200600070603,0,07,000,00,2,0,23,B01
200600070604,0,32,000,00,2,8,01,A01
200600070604,0,07,000,00,0,1,01,B01
200600070605,0,07,000,00,2,3,01,A01
200600070605,0,33,000,00,2,2,01,B01
200600070606,0,33,000,00,1,1,01,A01
200600070606,0,07,000,00,2,1,01,B01
200600070607,0,10,000,00,2,1,15,A01
200600070607,0,33,000,00,2,1,01,B01
200600070608,0,07,000,00,2,1,01,A01
200600070609,0,33,000,00,2,4,01,A01
200600070609,0,07,000,00,2,1,09,B01
200600070610,0,07,000,00,2,1,01,A01
200600070610,0,07,000,00,2,4,01,B01
200600070611,0,07,000,00,2,1,20,A01
200600070611,0,33,000,00,2,3,01,B01
200600070612,0,07,000,00,2,5,15,A01
200600070612,0,30,000,00,2,1,01,B01
200600070613,0,07,000,00,2,1,01,A01
200600070613,0,07,000,00,2,4,01,B01
200600070614,0,07,000,00,2,1,15,A01
200600070614,0,33,000,00,2,1,01,B01
200600070615,0,33,000,00,2,7,17,A01
200600070615,0,07,000,00,2,1,15,B01
200600070616,0,07,000,00,1,1,01,A01
200600070617,0,07,000,00,2,1,02,A01
200600070617,0,07,000,00,2,4,02,B01
200600070617,0,07,000,00,2,4,02,C01
200600070618,0,33,000,00,2,1,01,A01
200600070618,0,07,000,00,2,1,01,B01
200600070619,1,07,000,00,2,2,01,A01
200600070619,0,07,000,00,2,8,01,B01
200600070620,0,10,000,00,2,3,09,A01
200600070620,0,32,000,00,2,1,01,B01
200600070621,0,07,000,00,2,1,01,A01
200600070621,0,07,000,00,2,8,15,B01
200600070622,0,07,000,06,0,1,21,A01
200600070622,0,07,000,00,0,0,09,B01
200600070623,0,32,000,01,0,1,01,A01
200600070624,0,07,000,01,0,1,13,A01
200600070625,0,07,000,07,0,1,11,A01
200600070626,0,07,000,00,1,1,01,A01
200600070627,0,02,000,00,2,1,07,B01
200600070627,0,07,000,00,2,2,01,A01
200600070628,0,07,000,00,2,8,11,A01
200600070628,0,33,000,00,2,1,03,B01
200600070629,0,07,000,03,0,8,13,A01
200600070630,0,33,000,00,2,8,03,A01
200600070630,0,07,000,00,2,7,01,B01
200600070630,0,07,000,00,2,6,01,C01
200600070631,0,33,000,00,0,7,21,A01
200600070632,0,07,000,00,2,1,02,A01
200600070632,0,07,000,00,2,6,01,B01
200600070632,0,07,000,03,2,1,01,C01
200600070632,0,15,000,00,2,8,01,D01
200600070633,0,07,000,00,0,0,13,A01
200600070633,0,33,000,12,0,3,21,B01
200600070634,0,07,000,04,0,3,00,A01
200600070635,0,07,000,04,0,3,11,A01
200600070636,0,07,000,00,2,4,00,A01
200600070636,0,10,000,04,2,1,02,B01
200600070636,0,07,000,00,2,7,01,C01
200600070636,0,07,000,00,2,1,01,D01
200600070637,0,07,000,14,0,1,01,A01
200600070638,0,33,000,00,0,8,03,A01
200600070639,0,15,000,00,2,4,02,A01
200600070639,0,14,000,00,2,1,02,B01
200600070640,0,33,000,00,2,9,02,A01
200600070640,1,07,000,00,0,0,00,B01
200600070641,0,07,000,00,2,6,11,A01
200600070641,0,02,000,00,2,2,01,B01
200600070642,0,07,000,00,0,0,13,A01
200600070642,0,33,000,00,2,1,21,B01
200600070642,0,10,000,00,2,4,01,C01
200600070643,0,15,000,00,2,2,01,A01
200600070643,0,07,000,00,2,1,01,B01
200600070643,0,07,000,04,2,1,01,C01
200600070643,0,07,000,04,2,3,11,D01
200600070644,0,07,000,00,2,8,11,A01
200600070644,0,33,000,00,2,7,02,B01
200600070645,0,07,000,00,2,3,02,A01
200600070645,0,07,000,00,2,5,02,B01
200600070646,0,07,000,04,0,1,00,A01
200600070647,0,07,000,04,0,1,02,A01
200600070648,0,10,000,00,0,4,02,B01
200600070648,0,10,000,00,0,4,02,A01
200600070648,0,10,000,00,2,1,02,C01
200600070649,0,07,000,03,2,7,02,A01
200600070649,0,07,000,03,2,1,02,B01
200600070650,0,07,000,03,2,8,09,A01
200600070650,0,17,000,00,2,2,01,B01
200600070651,0,13,000,00,2,2,12,A01
200600070651,0,07,000,00,2,6,02,B01
200600070652,0,07,000,03,0,1,02,A01
200600070653,0,33,000,00,9,2,03,A01
200600070653,0,10,000,00,2,3,02,B01
200600070654,0,15,000,00,2,4,02,A01
200600070654,0,15,000,00,2,4,02,B01
200600070654,0,15,000,00,2,1,02,C01
200600070654,0,14,000,00,2,4,02,D01
200600070654,0,07,000,00,2,3,02,E01
200600070655,0,07,000,04,0,3,02,A01
200600070656,0,07,000,00,2,6,11,B01
200600070656,0,33,000,00,2,7,01,A01
200600070657,0,33,000,00,2,1,03,A01
200600070657,0,07,000,00,0,2,02,B01
200600070658,0,33,000,00,2,6,01,A01
200600070658,0,07,000,00,0,0,14,B01
200600070659,0,10,000,00,2,7,12,A01
200600070659,0,07,000,00,0,6,23,F01
200600070659,0,07,000,00,2,8,01,B01
200600070659,0,33,000,00,2,1,01,C01
200600070659,0,07,000,00,2,7,01,D01
200600070659,0,07,000,01,0,1,21,E01
200600070660,0,07,000,00,2,1,02,A01
200600070660,0,33,000,00,2,4,02,B01
200600070661,0,33,000,00,2,1,03,A01
200600070661,1,07,000,00,2,6,11,B01
200600070662,0,07,000,00,2,1,02,A01
200600070662,0,07,000,00,2,4,02,B01
200600070663,0,07,000,04,0,0,00,A01
200600070664,0,10,000,00,2,7,14,A01
200600070664,0,07,000,00,2,8,01,B01
200600070665,0,07,000,00,2,6,01,A01
200600070665,0,10,000,00,2,2,00,B01
200600070665,0,07,000,00,2,3,00,C01
200600070666,0,15,000,00,2,4,01,A01
200600070666,0,10,000,00,2,1,02,B01
200600070667,0,07,000,00,2,6,11,A01
200600070667,0,33,000,00,2,2,02,B01
200600070668,0,33,000,00,2,7,03,A01
200600070668,0,13,000,00,0,8,01,B01
200600070669,0,10,000,00,2,6,00,A01
200600070669,0,07,000,01,0,2,00,B01
200600070670,0,07,000,04,0,8,21,A01
200600070671,0,10,000,00,0,1,00,A01
200600070671,0,10,000,00,2,0,00,B01
200600070672,0,10,000,00,2,2,12,A01
200600070672,0,32,000,00,2,1,01,B01
200600070673,0,33,000,00,2,1,03,A01
200600070673,0,03,000,00,0,5,01,B01
200600070673,0,03,000,00,2,8,01,C01
200600070674,0,32,000,00,2,8,02,B01
200600070674,0,07,000,00,2,7,09,A01
200600070675,0,33,000,00,2,1,03,A01
200600070675,0,10,000,00,2,5,00,B01
200600070676,0,33,000,00,2,8,01,A01
200600070677,0,07,000,00,0,5,02,A01
200600070677,0,07,000,00,2,4,02,B01
200600070677,0,10,000,00,2,1,02,C01
200600070678,0,07,000,00,2,6,11,A01
200600070678,0,32,000,00,2,1,03,B01
200600070679,0,07,000,00,0,0,00,A01
200600070680,0,07,000,13,0,2,14,A01
200600070681,0,07,000,04,0,1,00,A01
200600070682,0,05,000,07,0,7,01,A01
200600070683,0,07,000,00,0,4,02,C01
200600070683,0,07,000,00,2,4,02,B01
200600070683,0,07,000,00,2,1,02,A01
200600070684,0,07,000,00,0,0,02,B01
200600070684,0,07,000,00,2,1,02,A01
200600070685,0,10,000,00,2,1,02,B01
200600070685,0,07,000,00,0,4,01,A01
200600070686,0,07,000,03,2,7,14,A01
200600070687,0,05,000,04,2,5,01,A01
200600070687,0,05,000,00,0,3,02,B01
200600070688,2,07,000,00,0,3,11,A01
200600070688,0,05,000,00,2,1,02,B01
200600070689,0,05,000,00,0,5,03,B01
200600070689,0,07,000,00,0,3,09,A01
200600070690,0,05,000,00,0,0,00,A01
200600070691,0,10,000,00,0,4,00,A01
200600070691,0,07,000,00,2,1,00,B01
200600070692,0,10,000,00,2,2,01,B01
200600070692,0,07,000,00,2,8,01,A01
200600070693,0,13,000,00,2,3,00,B01
200600070693,0,07,000,00,2,2,00,A01
200600070694,0,05,000,00,0,0,16,A01
200600070695,0,05,000,00,0,0,00,B01
200600070695,0,05,000,04,0,3,00,A01
200600070696,0,07,000,00,0,9,02,A01
200600070697,0,10,000,03,0,2,02,A01
200600070698,0,07,000,04,0,2,02,A01
200600070699,0,07,000,04,0,2,00,A01
200600070700,0,07,000,04,0,1,00,A01
200600070701,0,07,000,04,0,3,01,A01
200600070702,0,07,000,00,0,0,00,A01
200600070702,0,07,000,00,0,0,00,B01
200600070703,0,07,000,00,2,1,02,A01
200600070703,0,07,000,00,0,4,02,B01
200600070704,0,07,000,00,2,4,02,B01
200600070704,0,07,000,00,2,1,02,A01
200600070705,0,07,000,00,0,4,24,A01
200600070705,0,07,000,01,0,3,02,B01
200600070706,0,07,000,04,0,1,16,A01
200600070707,0,07,000,04,0,2,00,A01
200600070708,0,05,000,04,0,0,14,A01
200600070709,0,10,000,04,0,3,09,A01
200600070710,0,07,000,00,0,9,01,A01
200600070711,0,07,000,04,0,6,00,A01
200600070712,0,07,000,00,2,3,12,A01
200600070712,1,99,000,00,0,0,00,B01
200600070713,0,07,000,00,0,6,02,B01
200600070713,0,07,000,00,2,3,02,A01
200600070714,0,07,000,00,2,4,02,D01
200600070714,0,07,000,00,2,1,02,C01
200600070714,0,10,000,04,2,4,02,B01
200600070714,0,07,000,04,2,1,02,A01
200600070715,0,07,000,00,2,7,00,A01
200600070715,0,07,000,00,2,8,00,B01
200600070716,0,07,000,00,2,7,12,B01
200600070716,0,05,000,00,2,8,01,A01
200600070717,0,07,000,04,0,4,02,A01
200600070717,1,99,000,00,0,0,00,B01
200600070718,0,05,000,00,2,1,02,B01
200600070718,0,07,000,00,2,2,01,C01
200600070718,0,07,000,00,2,6,11,A01
200600070719,0,07,000,00,0,5,12,B01
200600070719,0,05,000,00,2,1,03,A01
200600070720,0,07,000,00,2,3,01,A01
200600070720,0,07,000,00,0,5,01,B01
200600070721,0,05,000,01,0,1,18,A01
200600070721,0,07,000,00,0,4,24,B01
200600070722,0,07,000,04,2,2,02,A01
200600070722,0,07,000,00,2,7,13,B01
200600070723,0,07,000,00,2,7,11,B01
200600070723,0,05,000,00,2,8,03,A01
200600070724,0,05,000,00,0,0,00,A01
200600070725,0,05,000,04,0,2,01,A01
200600070726,0,05,000,00,2,1,12,A01
200600070726,0,07,000,00,0,5,01,B01
200600070727,0,05,000,00,2,1,00,A01
200600070727,0,07,000,00,2,6,02,B01
200600070728,0,07,000,00,2,1,02,A01
200600070728,0,07,000,00,2,4,02,B01
200600070728,0,07,000,00,0,4,02,C01
200600070729,0,07,000,00,0,9,01,A01
200600070730,0,15,000,00,2,7,00,A01
200600070730,0,10,000,00,2,7,01,C01
200600070730,0,14,000,00,0,0,00,D01
200600070730,0,07,000,00,2,8,01,B01
200600070731,0,31,000,00,0,0,00,A01
200600070731,0,07,000,00,0,0,00,B01
200600070732,1,99,000,00,2,1,02,A01
200600070732,0,07,000,00,0,4,02,B01
200600070733,0,05,000,00,0,8,02,A01
200600070734,0,07,000,00,0,1,00,A01
200600070735,0,07,000,04,0,2,11,B01
200600070735,0,07,000,04,2,8,02,C01
200600070735,0,05,000,04,0,9,00,A01
200600070736,0,05,000,00,2,1,03,B01
200600070736,0,07,000,00,2,3,02,A01
200600070737,0,05,000,04,2,3,02,A01
200600070738,0,05,000,00,0,0,02,A01
200600070738,0,07,000,14,0,1,01,B01
200600070739,0,07,000,00,2,1,01,A01
200600070739,1,07,000,00,0,0,00,B01
200600070740,0,07,000,04,0,9,02,A01
200600070741,0,07,000,00,0,9,12,A01
200600070742,0,07,000,00,0,0,00,A01
200600070743,0,10,000,03,0,1,00,A01
200600070744,0,07,000,00,0,6,01,B01
200600070744,0,13,000,00,2,2,12,A01
200600070745,0,07,000,00,2,2,12,A01
200600070745,0,15,000,00,2,3,01,C01
200600070745,0,15,000,00,2,8,01,B01
200600070746,0,07,000,00,0,4,01,A01
200600070746,0,07,000,00,2,1,01,B01
200600070747,0,07,000,04,0,1,00,A01
200600070748,0,07,000,00,0,9,02,A01
200600070749,0,07,000,00,2,8,00,A01
200600070749,0,07,000,04,2,7,00,B01
200600070750,0,07,000,00,2,1,02,C01
200600070750,0,10,000,00,0,4,02,A01
200600070750,0,10,000,00,2,1,02,B01
200600070751,0,05,000,00,2,1,01,A01
200600070751,0,07,000,04,2,3,01,B01
200600070751,0,07,000,00,0,6,00,C01
200600070752,0,07,000,00,2,4,02,A01
200600070752,0,07,000,00,2,0,01,B01
200600070753,0,07,000,00,2,1,02,A01
200600070753,0,07,000,00,2,4,02,B01
200600070754,0,05,000,00,2,6,01,B01
200600070754,0,10,000,00,0,0,11,A01
200600070755,0,15,000,04,0,3,01,A01
200600070756,0,07,000,00,2,1,01,A01
200600070756,0,07,000,00,2,4,23,B01
200600070756,0,07,000,00,0,4,23,C01
200600070757,0,10,000,00,2,6,13,A01
200600070757,0,05,000,00,2,2,03,B01
200600070758,0,07,000,08,0,1,01,A01
200600070759,0,07,000,04,0,1,00,A01
200600070760,0,07,000,00,0,1,02,A01
200600070760,0,07,000,00,0,5,00,B01
200600070760,0,07,000,00,0,4,01,C01
200600070761,0,07,000,00,0,3,09,A01
200600070762,0,07,000,00,0,0,01,A01
200600070763,0,07,000,00,2,1,01,A01
200600070763,0,07,000,00,0,4,02,B01
200600070763,0,07,000,00,0,4,02,C01
200600070764,0,07,000,01,0,6,02,A01
200600070765,0,07,000,00,0,2,02,A01
200600070766,0,07,000,00,0,4,01,A01
200600070766,1,99,000,00,0,0,00,B01
200600070767,0,07,000,00,0,4,02,A01
200600070767,0,07,000,00,2,1,02,B01
200600070768,0,07,000,04,0,0,02,A01
200600070769,0,07,000,00,2,8,11,B01
200600070769,0,07,000,04,2,7,00,A01
200600070769,0,05,000,00,2,1,00,C01
200600070770,0,05,000,00,2,2,03,A01
200600070770,0,07,000,00,2,6,17,B01
200600070771,0,05,000,04,0,8,01,A01
200600070772,0,05,000,00,2,1,01,A01
200600070772,0,07,000,00,2,4,02,B01
200600070773,0,07,000,00,0,4,00,B01
200600070773,0,07,000,00,2,1,00,A01
200600070774,0,07,000,00,0,4,01,B01
200600070774,0,05,000,00,2,1,21,A01
200600070775,0,07,000,00,0,1,01,A01
200600070776,0,07,000,00,2,2,01,C01
200600070776,0,13,000,00,2,2,12,A01
200600070776,0,07,000,00,2,6,00,B01
200600070777,0,07,000,00,2,3,21,A01
200600070777,0,07,000,00,2,3,21,B01
200600070778,0,07,000,00,2,8,18,B01
200600070778,0,13,000,00,2,2,02,A01
200600070779,0,07,000,00,2,6,01,B01
200600070779,0,14,000,00,2,6,12,A01
200600070780,0,05,000,00,2,5,01,A01
200600070780,0,07,000,00,2,3,01,B01
200600070781,0,07,000,00,0,0,00,A01
200600070781,0,07,000,00,0,0,00,B01
200600070781,0,07,000,00,0,0,00,C01
200600070781,0,14,000,00,0,0,00,D01
200600070782,0,10,000,00,2,1,02,A01
200600070782,0,07,000,00,0,4,02,B01
200600070783,0,07,000,14,0,3,16,A01
200600070784,0,31,000,00,2,1,02,A01
200600070784,0,07,000,00,2,4,02,B01
200600070785,0,10,000,00,2,6,01,B01
200600070785,0,07,000,00,2,5,02,C01
200600070785,1,07,000,00,2,0,00,A01
200600070786,0,33,000,00,2,8,03,A01
200600070786,0,07,000,00,2,7,01,B01
200600070786,0,15,000,00,9,6,01,C01
200600070786,0,07,000,00,2,5,01,D01
200600070787,0,07,000,14,0,1,00,A01
200600070788,1,07,000,00,2,4,00,A01
200600070788,0,34,000,01,0,3,00,B01
200600070789,0,10,000,04,0,1,21,A01
200600070789,0,07,000,00,0,5,00,F01
200600070789,0,10,000,04,0,2,21,K01
200600070789,0,14,000,00,2,1,01,B01
200600070789,0,07,000,00,2,4,02,G01
200600070789,0,07,000,00,0,4,23,C01
200600070789,0,07,000,04,0,3,00,H01
200600070789,0,07,000,00,2,1,02,D01
200600070789,0,15,000,00,0,5,23,I01
200600070789,0,07,000,00,2,1,14,E01
200600070789,0,07,000,04,2,2,02,J01