Num_Acc,senc,catv,occutc,obs,obsm,choc,manv,num_veh
200600071139,0,33,000,00,2,3,03,A01
200600071140,0,07,000,00,2,6,02,A01
200600071141,0,07,000,00,0,4,02,A01
200600071142,0,07,000,04,0,1,02,A01
200600071143,0,07,000,00,2,4,02,B01
200600071143,0,07,000,00,0,4,01,A01
200600071143,0,31,000,00,2,3,02,D01
200600071143,0,10,000,00,2,1,02,C01
200600071144,0,07,000,00,2,1,02,B01
200600071144,0,07,000,00,0,4,00,A01
200600071145,0,33,000,04,0,6,01,A01
200600071146,0,07,000,03,2,1,02,A01
200600071146,0,13,000,00,2,2,02,B01
200600071147,0,07,000,00,2,3,14,B01
200600071147,0,07,000,00,2,2,13,A01
200600071148,0,10,000,00,2,2,06,A01
200600071149,0,07,000,00,2,2,02,B01
200600071149,0,07,000,00,0,4,02,A01
200600071150,0,17,000,00,2,2,02,B01
200600071150,0,07,000,00,0,6,00,A01
200600071151,0,07,000,00,0,4,01,A01
200600071151,0,33,000,00,2,1,01,B01
200600071152,0,07,000,03,0,2,01,A01
200600071153,0,10,000,00,2,7,12,B01
200600071153,0,07,000,00,0,9,01,A01
200600071154,0,07,000,00,9,4,02,A01
200600071155,0,33,000,00,0,3,02,A01
200600071156,0,07,000,00,2,2,02,B01
200600071156,0,07,000,03,0,4,02,A01
200600071157,0,15,000,00,2,2,12,B01
200600071157,0,07,000,00,0,9,00,A01
200600071158,0,07,000,00,2,7,15,A01
200600071158,0,02,000,00,2,1,01,B02
200600071159,0,07,000,00,2,1,13,A01
200600071159,0,07,000,00,2,3,01,B02
200600071160,0,02,000,14,0,5,21,A01
200600071161,0,07,000,02,0,3,01,A01
200600071162,0,07,000,00,1,3,01,A01
200600071163,0,31,000,00,2,8,02,A01
200600071163,0,15,000,00,2,5,17,B02
200600071164,0,07,000,06,0,7,01,A01
200600071165,0,07,000,00,1,1,01,A01
200600071166,0,07,000,00,1,3,01,A01
200600071167,0,01,000,00,2,4,02,A01
200600071167,0,07,000,00,2,2,02,B02
200600071168,0,33,000,00,0,0,16,A01
200600071169,0,07,000,00,2,1,13,A01
200600071169,0,07,000,00,2,1,01,B02
200600071170,0,02,000,00,0,3,05,A01
200600071170,0,07,000,00,0,3,01,B02
200600071171,1,07,000,00,1,0,00,A01
200600071172,0,07,000,00,2,3,19,A01
200600071172,0,07,000,00,2,3,01,B02
200600071172,0,07,000,00,2,8,24,C03
200600071173,0,07,000,00,1,2,01,A01
200600071174,0,07,000,05,1,1,14,A01
200600071175,0,07,000,02,0,1,01,A01
200600071176,0,30,000,00,0,0,00,A01
200600071177,0,07,000,00,2,1,01,A01
200600071177,0,07,000,03,2,3,05,B02
200600071178,0,07,000,00,2,3,01,A01
200600071178,0,07,000,00,2,3,01,B02
200600071179,0,07,000,00,1,2,01,A01
200600071180,0,07,000,08,0,2,01,A01
200600071181,0,07,000,06,0,1,01,A01
200600071182,0,07,000,14,0,1,01,A01
200600071182,0,10,000,00,0,4,01,B02
200600071183,0,07,000,13,0,0,00,A01
200600071184,0,02,000,00,2,1,01,B02
200600071184,0,07,000,00,2,3,16,A01
200600071185,0,07,000,00,2,2,13,A01
200600071185,0,07,000,00,0,0,00,B02
200600071186,0,07,000,00,1,3,01,A01
200600071187,0,07,000,02,0,1,14,A01
200600071188,0,03,000,00,1,2,01,A01
200600071189,0,13,000,06,0,3,01,A01
200600071190,0,07,000,00,2,3,15,B02
200600071190,0,07,000,00,2,1,01,A01
200600071191,0,07,000,02,0,1,01,A01
200600071192,0,07,000,02,0,3,01,A01
200600071193,0,07,000,02,0,1,01,A01
200600071194,0,07,000,00,2,8,13,A01
200600071194,0,07,000,00,2,1,01,B02
200600071195,0,07,000,13,0,1,01,A01
200600071196,0,10,000,00,2,3,01,A01
200600071196,0,07,000,00,2,3,01,B02
200600071197,0,07,000,02,0,9,01,A01
200600071198,0,07,000,00,2,3,01,A01
200600071198,0,07,000,00,2,1,01,B02
200600071198,0,07,000,00,2,7,05,C03
200600071199,0,07,000,00,1,7,01,A01
200600071200,0,07,000,00,0,3,01,A01
200600071201,0,10,000,00,0,3,01,A01
200600071202,0,07,000,08,0,1,13,A01
200600071203,0,17,000,02,0,1,13,A01
200600071204,0,07,000,00,2,2,01,A01
200600071204,0,10,000,00,2,1,01,B02
200600071205,0,07,000,08,0,6,13,A01
200600071206,0,07,000,00,2,1,19,A01
200600071206,0,07,000,00,2,3,01,B02
200600071207,0,01,000,12,0,7,01,A01
200600071208,0,07,000,00,2,1,01,A01
200600071208,0,31,000,00,2,1,05,B02
200600071209,0,07,000,06,0,1,01,A01
200600071210,0,07,000,00,2,1,15,A01
200600071210,0,03,000,00,2,1,01,B02
200600071211,0,07,000,00,2,3,15,A01
200600071211,0,02,000,00,2,1,01,B02
200600071212,0,02,000,01,0,1,14,A01
200600071213,0,07,000,02,0,7,13,A01
200600071214,0,07,000,08,0,7,00,A01
200600071215,0,33,000,00,2,7,17,A01
200600071215,0,17,000,00,0,8,01,B02
200600071216,0,33,000,00,6,1,00,A01
200600071217,0,07,000,00,0,9,00,A01
200600071218,0,01,000,00,0,8,15,A01
200600071218,0,07,000,00,2,5,17,B02
200600071219,0,31,000,00,2,1,15,A01
200600071219,0,17,000,00,2,5,01,B02
200600071220,0,07,000,02,0,3,01,A01
200600071221,0,07,000,06,0,3,01,A01
200600071222,0,07,000,00,2,1,01,A01
200600071222,0,99,000,00,0,4,01,B02
200600071223,0,30,000,13,0,1,01,A01
200600071224,0,30,000,00,2,8,13,A01
200600071225,0,07,000,00,0,9,13,A01
200600071226,0,07,000,08,0,2,01,A01
200600071227,0,30,000,04,0,1,01,A01
200600071228,0,10,000,00,5,1,19,A01
200600071229,0,07,000,13,0,2,01,A01
200600071230,0,07,000,00,2,2,20,A01
200600071230,0,31,000,00,2,1,01,B02
200600071231,0,07,000,00,2,3,05,A01
200600071231,0,07,000,00,2,3,01,B02
200600071231,0,07,000,00,2,1,01,C03
200600071232,0,17,000,00,2,8,01,A01
200600071232,0,07,000,00,2,3,13,B02
200600071233,0,17,000,00,2,3,13,A01
200600071233,0,17,000,00,2,3,01,B02
200600071234,0,07,000,00,2,7,01,A01
200600071234,0,01,000,00,2,1,16,B02
200600071235,0,07,000,00,1,1,01,A01
200600071236,0,07,000,13,0,1,13,A01
200600071237,0,30,000,01,0,1,00,A01
200600071237,0,10,000,00,0,2,00,B02
200600071238,0,07,000,00,2,1,01,A01
200600071238,0,02,000,00,2,1,15,B02
200600071239,0,30,000,07,0,1,12,A01
200600071240,0,07,000,00,2,1,13,A01
200600071240,0,07,000,00,2,1,01,B02
200600071241,0,07,000,00,2,7,15,A01
200600071241,0,07,000,00,2,1,01,B02
200600071242,0,33,000,00,0,7,14,A01
200600071243,0,07,000,00,2,8,15,A01
200600071243,0,02,000,00,2,8,01,B02
200600071244,0,07,000,00,1,2,09,A01
200600071245,0,02,000,15,0,1,13,A01
200600071246,0,07,000,00,2,1,13,A01
200600071246,0,07,000,00,2,1,01,B02
200600071247,0,07,000,01,0,1,01,A01
200600071247,0,07,000,08,2,3,01,B02
200600071248,0,07,000,00,2,2,01,A01
200600071248,0,20,000,00,2,4,15,B02
200600071249,0,07,000,13,0,0,01,A01
200600071250,0,31,000,00,2,1,21,A01
200600071251,0,07,000,13,0,3,01,A01
200600071252,0,07,000,00,2,3,10,A01
200600071252,0,02,000,00,2,1,02,B02
200600071253,0,07,000,13,0,1,01,A01
200600071254,0,07,000,06,0,1,17,A01
200600071255,1,07,000,00,1,1,01,A01
200600071256,0,17,000,00,2,1,02,A01
200600071256,0,17,000,00,0,4,01,B02
200600071257,0,07,000,01,0,2,02,A01
200600071257,0,07,000,00,0,6,23,B02
200600071258,0,07,000,00,2,7,01,A01
200600071258,0,07,000,00,2,1,01,B02
200600071259,0,07,000,00,2,3,09,A01
200600071259,0,30,000,00,2,2,01,B02
200600071260,0,07,000,00,2,8,01,A01
200600071260,0,07,000,00,2,1,19,B02
200600071261,0,07,000,13,0,1,01,A01
200600071262,0,03,000,00,2,1,13,A01
200600071262,0,07,000,00,2,2,02,B02
200600071263,0,07,000,00,0,1,09,A01
200600071263,0,02,000,00,0,4,02,B02
200600071264,0,07,000,00,1,1,01,A01
200600071265,0,31,000,00,2,5,02,A01
200600071265,0,07,000,00,2,3,01,B02
200600071266,0,07,000,00,1,1,01,A01
200600071267,0,07,000,01,0,5,23,A01
200600071267,0,07,000,01,0,1,01,B02
200600071268,0,07,000,03,0,2,01,A01
200600071269,0,07,000,13,0,9,01,A01
200600071270,0,07,000,00,1,1,01,A01
200600071271,0,07,000,00,2,3,01,A01
200600071271,0,07,000,00,0,2,19,B02
200600071272,0,07,000,00,0,0,14,A01
200600071273,0,07,000,00,1,0,00,A01
200600071274,0,07,000,00,2,1,01,A01
200600071274,0,07,000,00,2,3,01,B02
200600071274,0,07,000,00,2,6,02,C03
200600071275,0,10,000,00,2,4,02,A01
200600071275,0,07,000,00,2,1,02,B02
200600071276,0,07,000,00,2,1,01,A01
200600071276,0,07,000,00,2,8,01,B02
200600071277,0,07,000,00,2,1,17,A01
200600071277,0,15,000,00,0,0,01,C03
200600071278,0,07,000,00,1,2,21,A01
200600071279,0,07,000,00,2,1,01,A01
200600071279,0,07,000,00,2,8,05,B02
200600071280,0,35,000,00,2,3,01,B02
200600071280,0,07,000,00,0,2,00,A01
200600071281,0,15,000,00,2,8,01,A01
200600071281,0,07,000,00,2,6,21,B02
200600071281,0,07,000,00,2,3,01,C03
200600071281,0,07,000,00,2,1,17,D04
200600071282,0,07,000,00,2,3,01,B02
200600071282,0,07,000,00,2,3,17,C03
200600071282,0,07,000,00,2,3,01,D04
200600071283,0,07,000,00,1,3,01,A01
200600071284,0,07,000,00,2,3,01,A01
200600071284,0,07,000,00,2,3,01,B02
200600071285,0,07,000,00,1,1,01,A01
200600071286,0,31,000,00,2,1,01,A01
200600071286,0,07,000,00,2,7,15,B02
200600071287,0,07,000,16,0,2,00,A01
200600071288,0,07,000,00,1,1,01,A01
200600071289,0,02,000,00,0,8,01,A01
200600071290,0,07,000,14,0,1,01,A01
200600071290,0,07,000,00,0,4,23,B02
200600071290,0,07,000,00,0,4,23,C03
200600071291,0,07,000,00,2,6,15,A01
200600071291,0,02,000,00,2,3,17,B02
200600071292,0,07,000,13,0,3,01,A01
200600071293,0,07,000,00,2,7,01,B02
200600071293,0,07,000,00,2,3,01,C03
200600071293,0,07,000,00,2,1,01,A01
200600071294,0,07,000,00,1,8,01,A01
200600071295,0,07,000,00,0,4,15,A01
200600071295,0,07,000,00,2,4,01,B02
200600071295,0,07,000,00,2,1,00,C03
200600071296,0,07,000,00,1,3,01,A01
200600071297,0,14,000,00,2,1,01,A01
200600071297,0,07,000,00,2,1,17,B02
200600071298,0,07,000,00,2,1,01,A01
200600071298,0,01,000,00,2,1,13,B02
200600071299,0,10,000,00,2,2,01,A01
200600071299,0,38,000,00,2,3,01,B02
200600071300,0,10,000,00,1,3,01,A01
200600071301,0,07,000,00,2,2,01,A01
200600071301,0,99,000,00,2,6,01,B02
200600071302,0,07,000,08,0,1,01,A01
200600071303,0,01,000,00,2,4,01,A01
200600071303,0,07,000,00,9,2,00,B02
200600071304,0,07,000,00,1,2,00,A01
200600071305,0,07,000,00,2,1,01,A01
200600071305,0,07,000,00,2,1,01,B02
200600071306,0,07,000,00,2,2,17,A01
200600071306,0,07,000,00,2,8,01,B02
200600071306,0,02,000,00,2,1,01,C03
200600071307,0,07,000,00,2,1,01,A01
200600071307,0,07,000,00,0,4,23,B02
200600071307,0,07,000,00,2,1,01,C03
200600071308,0,07,000,00,0,0,15,A01
200600071308,0,33,000,03,2,1,17,B02
200600071309,0,07,000,00,2,2,01,B02
200600071309,0,07,000,00,2,3,19,A01
200600071310,0,07,000,00,1,3,01,A01
200600071311,0,07,000,00,5,3,01,A01
200600071312,0,02,000,00,2,1,00,B02
200600071312,0,07,000,00,2,3,01,A01
200600071313,0,10,000,00,2,8,09,A01
200600071313,0,02,000,00,2,1,01,B02
200600071314,0,07,000,00,0,8,15,A01
200600071314,0,02,000,00,2,7,01,B02
200600071315,0,02,000,00,2,3,03,A01
200600071315,0,07,000,00,0,3,02,B02
200600071315,0,07,000,00,0,8,01,C03
200600071316,0,14,000,00,0,0,00,B02
200600071317,0,07,000,00,1,0,01,A01
200600071317,0,07,000,00,2,0,00,B02
200600071318,0,14,000,00,6,0,01,A01
200600071319,0,14,000,00,0,0,00,A01
200600071320,0,07,000,00,2,1,01,A01
200600071320,0,07,000,00,2,1,01,B02
200600071321,0,36,000,15,0,1,13,A01
200600071322,0,01,000,00,0,0,00,A01
200600071323,0,07,000,00,2,2,01,A01
200600071323,0,07,000,00,2,7,01,B02
200600071324,0,07,000,00,0,9,01,A01
200600071325,0,07,000,00,2,8,19,A01
200600071325,0,02,000,00,2,1,01,B02
200600071326,0,07,000,00,2,1,17,A01
200600071326,0,07,000,00,2,1,01,B02
200600071327,0,07,000,00,2,2,02,A01
200600071328,0,07,000,00,2,1,01,A01
200600071328,0,07,000,00,2,2,15,B02
200600071329,0,07,000,02,0,9,00,A01
200600071330,0,07,000,00,2,3,13,A01
200600071330,0,07,000,00,2,3,01,B02
200600071331,0,07,000,00,0,6,24,A01
200600071331,0,07,000,01,1,5,04,B02
200600071332,0,07,000,00,2,2,17,A01
200600071332,0,07,000,00,2,2,01,B02
200600071333,0,10,000,00,0,8,01,A01
200600071333,0,10,000,00,0,1,01,B02
200600071334,0,10,000,08,0,9,01,A01
200600071335,0,02,000,00,0,8,01,A01
200600071336,0,02,000,00,0,8,15,A01
200600071336,0,10,000,00,2,2,01,B02
200600071337,0,07,000,00,2,3,15,A01
200600071337,0,30,000,00,2,1,01,B02
200600071338,0,07,000,08,0,7,01,A01
200600071339,0,07,000,13,0,1,01,A01
200600071340,0,07,000,00,1,3,17,A01
200600071341,0,07,000,13,0,3,01,A01
200600071342,0,07,000,00,2,3,01,A01
200600071342,0,30,000,00,0,5,14,B02
200600071343,0,07,000,00,1,3,01,A01
200600071344,0,07,000,00,0,1,01,A01
200600071344,0,10,000,00,0,1,01,B02
200600071345,0,07,000,00,2,1,15,A01
200600071345,0,30,000,00,2,1,01,B02
200600071346,0,07,000,00,2,1,01,A01
200600071346,0,38,000,00,2,1,01,B02
200600071347,0,03,000,00,0,8,09,A01
200600071347,0,07,000,00,2,1,01,B02
200600071348,0,07,000,00,2,3,19,B02
200600071348,0,30,000,00,2,1,01,A01
200600071349,0,07,000,13,0,3,01,A01
200600071350,0,30,000,00,2,1,15,A01
200600071350,0,30,000,00,2,1,01,B02
200600071351,0,33,000,00,2,1,13,A01
200600071351,0,14,000,00,2,1,01,B02
200600071352,0,07,000,00,1,3,01,A01
200600071353,0,10,000,00,1,5,04,A01
200600071354,0,07,000,08,0,1,01,A01
200600071355,0,33,000,13,0,1,01,A01
200600071356,0,30,000,08,0,1,01,A01
200600071357,0,07,000,00,0,1,01,A01
200600071358,0,07,000,00,2,1,13,A01
200600071358,0,07,000,00,2,1,01,B02
200600071359,0,07,000,13,0,3,01,A01
200600071360,0,07,000,00,1,2,02,A01
200600071361,0,07,000,00,2,3,01,A01
200600071361,0,07,000,00,2,3,13,B02
200600071362,0,07,000,00,2,8,09,A01
200600071362,0,07,000,00,0,0,00,B02
200600071363,0,07,000,00,9,2,01,A01
200600071363,0,01,000,00,2,3,15,B02
200600071364,0,07,000,13,0,2,01,A01
200600071365,0,07,000,00,2,1,19,B02
200600071365,0,07,000,00,2,3,01,A01
200600071366,0,10,000,00,2,3,00,A01
200600071366,0,07,000,00,2,3,21,B02
200600071366,0,07,000,00,2,1,01,C03
200600071367,0,07,000,08,0,9,01,A01
200600071368,0,01,000,00,2,4,01,A01
200600071368,0,07,000,00,2,3,15,B02
200600071369,0,07,000,00,2,2,01,A01
200600071369,0,07,000,00,2,1,19,B02
200600071370,0,33,000,00,2,1,17,A01
200600071370,0,07,000,00,2,8,15,B02
200600071371,0,07,000,00,2,3,13,A01
200600071372,0,07,000,00,0,1,01,A01
200600071373,0,07,000,00,2,7,13,A01
200600071373,0,07,000,00,2,1,01,B02
200600071374,0,07,000,01,0,1,01,A01
200600071375,0,10,000,00,2,2,15,A01
200600071375,0,07,000,00,2,1,01,B02
200600071376,0,07,000,13,0,2,01,A01
200600071377,0,07,000,00,2,1,01,A01
200600071377,0,07,000,00,2,4,01,B02
200600071378,0,07,000,08,0,1,01,A01
200600071379,0,03,000,00,1,3,01,A01
200600071380,0,07,000,00,1,3,01,A01
200600071381,0,07,000,00,2,1,01,A01
200600071382,0,15,000,00,2,3,17,A01
200600071382,0,21,000,00,0,0,02,B02
200600071382,0,07,000,00,2,1,17,C03
200600071382,0,07,000,00,2,2,02,D04
200600071383,0,07,000,00,0,7,06,A01
200600071383,0,14,000,00,2,3,01,B02
200600071384,0,07,000,13,0,7,01,A01
200600071385,0,07,000,00,1,1,02,A01
200600071386,0,07,000,00,1,7,14,A01
200600071387,0,07,000,00,2,1,15,A01
200600071387,0,33,000,00,2,8,01,B02
200600071387,0,07,000,00,2,6,23,C03
200600071388,0,30,000,00,0,4,23,A01
200600071388,0,30,000,00,2,1,01,B02
200600071389,0,07,000,00,2,1,15,A01
200600071389,0,07,000,00,2,1,01,B02
200600071389,0,07,000,00,2,8,23,C03
200600071389,0,07,000,00,2,8,23,D04
200600071390,0,07,000,02,0,8,01,A01
200600071391,0,07,000,00,2,1,01,A01
200600071391,0,07,000,00,2,8,19,B02
200600071392,0,07,000,00,0,0,19,A01
200600071392,0,07,000,13,0,9,21,B02
200600071393,0,07,000,00,2,2,01,A01
200600071393,0,01,000,00,2,3,16,B02
200600071394,0,10,000,00,9,2,01,A01
200600071394,0,01,000,00,2,4,01,B02
200600071395,0,07,000,00,2,1,13,A01
200600071395,0,10,000,00,2,1,01,B02
200600071396,0,07,000,00,2,5,15,A01
200600071396,0,33,000,00,2,1,01,B02
200600071396,0,07,000,00,2,1,01,C03
200600071397,0,14,000,00,2,1,15,A01
200600071397,0,02,000,00,2,1,01,B02
200600071398,0,07,000,00,2,3,00,A01
200600071398,0,02,000,00,2,8,01,B02
200600071399,0,07,000,00,9,1,01,A01
200600071399,0,01,000,00,2,4,01,B02
200600071400,0,02,000,00,2,1,01,A01
200600071400,0,07,000,00,9,8,15,B02
200600071401,0,21,000,00,2,6,21,A01
200600071401,0,07,000,00,2,8,13,B02
200600071402,0,07,000,00,1,2,02,A01
200600071403,0,07,000,00,2,3,11,B02
200600071403,0,02,000,00,2,1,01,A01
200600071404,0,07,000,00,2,8,01,A01
200600071404,0,07,000,00,2,1,01,B02
200600071405,0,10,000,00,2,0,01,A01
200600071405,0,07,000,00,2,1,05,B02
200600071406,0,07,000,00,2,2,01,A01
200600071406,0,07,000,00,2,1,01,B02
200600071406,0,01,000,00,2,3,19,C03
200600071407,0,07,000,00,2,2,01,A01
200600071407,0,07,000,00,2,7,19,B02
200600071408,0,02,000,00,2,8,17,A01
200600071408,0,07,000,00,2,1,01,B02
200600071409,0,02,000,09,0,1,01,A01
200600071410,0,33,000,00,2,1,01,A01
200600071410,0,07,000,00,0,5,13,B02
200600071411,0,07,000,00,2,3,17,A01
200600071411,0,02,000,00,2,1,01,B02
200600071412,0,01,000,06,0,0,00,A01
200600071413,0,07,000,00,9,2,15,A01
200600071413,0,99,000,00,0,1,00,B02
200600071414,0,07,000,00,1,2,01,A01
200600071415,0,10,000,00,1,1,01,A01
200600071416,0,07,000,00,2,7,00,A01
200600071416,0,07,000,00,2,1,01,B02
200600071417,0,39,030,00,2,1,01,A01
200600071417,0,07,000,00,4,7,01,B02
200600071418,0,10,000,00,1,1,01,A01
200600071419,0,10,000,00,1,7,01,A01
200600071420,0,07,000,00,2,1,01,A01
200600071420,0,07,000,00,2,8,01,B02
200600071421,0,07,000,00,1,1,01,A01
200600071422,0,07,000,00,2,1,19,A01
200600071422,0,33,000,00,2,8,00,B02
200600071423,0,07,000,00,2,1,01,A01
200600071423,0,07,000,00,2,3,16,B02
200600071424,0,07,000,00,2,3,15,A01
200600071424,0,07,000,00,2,3,01,B02
200600071425,0,02,000,00,2,7,01,A01
200600071425,0,07,000,00,2,2,15,B02
200600071426,0,07,000,00,2,3,05,A01
200600071426,0,07,000,00,2,3,01,B02
200600071427,0,07,000,00,2,3,15,A01
200600071427,0,33,000,00,2,1,01,B02
200600071428,0,07,000,16,0,0,01,A01
200600071429,0,07,000,00,2,1,20,A01
200600071429,0,30,000,00,2,1,00,B02
200600071430,0,07,000,00,1,3,01,A01
200600071431,0,07,000,00,2,3,13,A01
200600071431,0,07,000,00,2,3,01,B02
200600071432,0,07,000,00,0,5,15,A01
200600071432,0,33,000,00,2,8,01,B02
200600071433,0,07,000,16,0,2,02,A01
200600071434,0,10,000,00,2,2,01,B02
200600071434,0,30,000,00,2,1,15,A01
200600071435,0,07,000,00,2,1,01,A01
200600071435,0,07,000,00,2,1,01,B02
200600071436,0,07,000,09,0,7,14,A01
200600071437,0,07,000,00,1,2,01,A01
200600071438,0,07,000,00,0,2,14,A01
200600071439,0,30,000,00,0,1,01,A01
200600071440,0,07,000,16,0,2,01,A01
200600071441,0,07,000,00,1,2,01,A01
200600071442,0,07,000,00,1,2,02,A01
200600071443,0,07,000,00,2,2,15,A01
200600071443,0,02,000,00,2,1,01,B02
200600071444,0,07,000,02,0,1,01,A01
200600071445,0,07,000,00,2,1,15,A01
200600071445,0,14,000,00,2,3,01,B02
200600071446,0,31,000,00,2,1,01,A01
200600071446,0,07,000,00,2,3,19,B02
200600071447,0,38,000,00,2,3,01,A01
200600071447,0,07,000,00,2,3,01,B02
200600071448,0,07,000,02,0,1,13,A01
200600071449,0,30,000,00,2,1,19,A01
200600071449,0,07,000,00,2,8,01,B02
200600071450,0,30,000,00,2,1,05,A01
200600071450,0,07,000,00,2,3,00,B02
200600071451,0,07,000,00,2,3,15,A01
200600071451,0,07,000,00,2,1,01,B02
200600071452,0,03,000,00,2,1,01,A01
200600071452,0,07,000,00,2,3,16,B02
200600071453,0,07,000,15,0,1,01,A01
200600071454,0,02,000,00,0,8,01,A01
200600071455,0,07,000,00,2,2,15,A01
200600071455,0,33,000,00,2,1,01,B02
200600071456,0,07,000,00,2,1,02,A01
200600071456,0,07,000,00,2,4,23,B02
200600071457,0,07,000,02,0,7,19,A01
200600071458,0,01,000,00,2,8,01,A01
200600071458,0,07,000,01,2,1,01,B02
200600071459,0,07,000,00,2,1,01,A01
200600071459,0,07,000,00,2,8,05,B02
200600071460,0,15,000,00,2,6,19,A01
200600071460,0,07,000,00,2,1,01,B02
200600071461,0,33,000,14,0,1,01,A01
200600071462,0,07,000,00,2,2,16,B02
200600071462,0,30,000,00,2,7,13,A01
200600071463,0,07,000,03,0,1,01,A01
200600071464,0,07,000,02,0,1,01,A01
200600071465,0,07,000,00,2,1,01,A01
200600071465,0,07,000,00,2,3,20,B02
200600071466,0,07,000,00,9,3,01,A01
200600071466,0,02,000,00,2,1,15,B02
200600071466,0,14,000,00,0,0,00,C03
200600071467,0,30,000,13,0,7,01,A01
200600071468,0,07,000,00,2,1,01,A01
200600071468,0,07,000,00,2,3,19,B02
200600071469,0,07,000,02,0,7,14,A01
200600071470,0,10,000,00,2,1,17,A01
200600071470,0,07,000,00,0,0,00,B02
200600071471,0,07,000,00,2,3,15,A01
200600071471,0,02,000,00,2,6,01,B02
200600071472,0,07,000,12,0,6,01,A01
200600071473,0,07,000,00,0,3,01,A01
200600071474,0,07,000,13,0,2,02,A01
200600071475,0,01,000,00,2,1,19,A01
200600071475,0,07,000,00,9,0,01,B02
200600071476,0,07,000,00,1,3,01,A01
200600071477,0,14,000,00,0,8,19,A01
200600071477,0,07,000,00,2,1,01,B02
200600071478,0,07,000,00,2,2,13,A01
200600071478,0,07,000,13,2,1,01,B02
200600071479,0,10,000,01,1,7,20,A01
200600071480,0,07,000,00,1,8,01,A01
200600071481,0,07,000,00,0,1,19,A01
200600071481,0,02,000,00,0,1,01,B02
200600071482,0,07,000,13,0,3,01,A01
200600071483,0,07,000,00,1,0,01,A01
200600071484,0,07,000,00,2,7,04,A01
200600071484,0,14,000,00,2,1,01,B02
200600071485,0,07,000,00,1,3,21,A01
200600071486,0,13,000,00,0,3,01,A01
200600071486,0,10,000,00,0,8,01,B02
200600071487,0,07,000,00,2,5,15,A01
200600071487,0,07,000,00,2,1,01,B02
200600071487,0,07,000,00,2,1,23,C03
200600071488,0,02,000,00,0,5,15,A01
200600071488,0,07,000,00,0,3,02,B02
200600071489,0,07,000,13,0,3,13,A01
200600071490,0,02,000,00,2,1,01,A01
200600071490,0,07,000,00,2,2,19,B02
200600071491,0,07,000,00,2,3,01,A01
200600071491,0,38,000,00,2,3,01,B02
200600071492,0,99,000,00,0,2,10,A01
200600071492,0,30,000,00,2,7,13,B02
200600071493,0,31,000,00,2,7,01,A01
200600071493,0,07,000,00,2,3,19,B02
200600071494,0,33,000,00,2,9,17,A01
200600071494,0,07,000,00,2,3,15,B02
200600071495,0,07,000,13,0,2,14,A01
200600071496,0,07,000,06,0,1,21,A01
200600071497,0,07,000,13,0,1,01,A01
200600071498,0,07,000,00,2,3,01,A01
200600071498,0,31,000,00,9,4,15,B02
200600071499,0,07,000,00,1,2,01,A01
200600071500,0,02,000,01,0,1,14,A01
200600071501,0,07,000,00,1,2,01,A01
200600071502,0,07,000,00,2,6,01,A01
200600071502,0,21,000,00,0,6,01,B02
200600071503,0,07,000,13,0,2,14,A01
200600071504,0,07,000,00,1,1,15,A01
200600071504,0,07,000,00,1,3,15,B02
200600071505,0,07,000,00,2,3,15,A01
200600071505,0,33,000,00,2,2,01,B02
200600071506,0,07,000,00,2,1,14,A01
200600071506,0,17,000,00,2,5,21,B02
200600071507,0,31,000,00,2,1,02,A01
200600071507,0,10,000,00,2,6,09,B02
200600071507,0,10,000,00,2,1,01,C03
200600071508,0,30,000,00,2,1,02,A01
200600071508,0,07,000,00,2,4,02,B02
200600071509,0,07,000,00,2,3,19,A01
200600071509,0,02,000,00,2,1,01,B02
200600071510,0,07,000,00,1,3,01,A01
200600071511,0,07,000,06,0,1,13,A01
200600071512,0,07,000,02,0,6,01,A01
200600071513,0,07,000,13,0,0,01,A01
200600071514,0,07,000,00,1,2,01,A01
200600071515,0,07,000,00,0,5,15,A01
200600071515,0,32,000,00,2,1,01,B02
200600071516,0,02,000,00,1,1,01,A01
200600071517,0,07,000,00,2,1,11,A01
200600071517,0,10,000,00,2,1,01,B02
200600071517,0,07,000,00,2,1,01,C03
200600071518,0,07,000,00,1,1,01,A01
200600071519,0,07,000,00,1,2,01,A01
200600071520,0,07,000,00,1,3,01,A01
200600071521,0,07,000,13,0,1,01,A01
200600071522,0,07,000,00,2,3,01,A01
200600071522,0,17,000,00,2,3,01,B02
200600071523,0,33,000,00,2,1,05,A01
200600071523,0,07,000,00,2,3,05,B02
200600071524,0,07,000,00,2,2,01,A01
200600071524,0,02,000,00,0,7,16,B02
200600071525,0,01,000,00,2,6,23,A01
200600071525,0,07,000,00,9,3,15,B02
200600071526,0,07,000,00,2,2,19,A01
200600071526,0,07,000,00,2,8,01,B02
200600071527,0,07,000,13,0,1,14,A01
200600071528,0,33,000,13,0,1,14,A01
200600071529,0,07,000,06,0,1,01,A01
200600071530,0,10,000,00,2,3,15,A01
200600071530,0,02,000,00,2,1,01,B02
200600071531,0,07,000,00,2,6,01,A01
200600071531,0,02,000,00,2,1,01,B02
200600071532,0,07,000,02,0,9,14,A01
200600071533,0,07,000,00,2,2,01,A01
200600071533,0,07,000,15,2,8,01,B02
200600071534,0,30,000,00,2,3,13,A01
200600071534,0,07,000,00,2,3,01,B02