Num_Acc,senc,catv,occutc,obs,obsm,choc,manv,num_veh
200600072289,0,07,000,00,2,1,01,B02
200600072290,0,07,000,00,2,1,13,A01
200600072290,0,15,000,00,2,1,01,B02
200600072291,0,07,000,00,1,2,01,A01
200600072292,0,07,000,00,2,7,15,A01
200600072292,0,07,000,00,2,3,02,B02
200600072293,0,21,000,00,0,4,01,A01
200600072293,0,07,000,00,2,1,01,B02
200600072294,0,07,000,00,2,2,01,A01
200600072294,0,01,000,00,2,4,15,B02
200600072295,0,33,000,00,2,1,17,A01
200600072295,0,07,000,00,2,1,01,B02
200600072296,0,10,000,00,2,7,17,A01
200600072296,0,14,000,00,2,8,01,B02
200600072296,0,07,000,00,2,8,01,C03
200600072297,0,07,000,16,6,9,11,A01
200600072298,0,30,000,00,5,1,01,A01
200600072299,0,30,000,14,0,1,01,A01
200600072300,0,07,000,15,0,6,01,A01
200600072301,0,33,000,00,5,1,01,A01
200600072302,0,38,000,00,2,3,01,A01
200600072302,0,07,000,00,2,1,13,B02
200600072303,0,31,000,00,2,7,01,A01
200600072303,0,07,000,00,2,1,01,B02
200600072304,0,10,000,00,2,3,01,A01
200600072304,0,10,000,00,2,3,13,B02
200600072305,0,07,000,00,0,6,01,A01
200600072305,0,07,000,00,2,1,01,B02
200600072306,0,31,000,00,2,8,13,A01
200600072306,0,07,000,00,2,8,01,B02
200600072307,0,07,000,00,0,4,23,A01
200600072307,0,07,000,00,0,6,23,B02
200600072307,0,07,000,00,0,4,23,C03
200600072307,0,15,000,00,0,1,02,D04
200600072308,0,02,000,00,2,1,17,A01
200600072308,0,07,000,00,2,3,15,B02
200600072309,0,07,000,06,0,3,13,A01
200600072310,0,07,000,00,2,8,13,A01
200600072310,0,07,000,00,2,3,01,B02
200600072311,0,07,000,13,0,1,01,A01
200600072312,0,07,000,00,1,3,15,A01
200600072313,0,07,000,02,0,1,13,A01
200600072314,0,07,000,00,2,8,13,A01
200600072314,0,07,000,00,2,3,01,B02
200600072315,0,07,000,13,0,1,13,A01
200600072316,0,07,000,00,0,3,10,A01
200600072316,0,33,000,00,2,1,13,B02
200600072317,0,07,000,02,0,7,01,A01
200600072318,0,07,000,00,2,2,15,A01
200600072318,0,01,000,00,2,1,01,B02
200600072319,0,07,000,02,0,1,01,A01
200600072320,0,07,000,00,2,3,13,A01
200600072320,0,07,000,00,2,3,01,B02
200600072321,0,07,000,00,0,2,15,A01
200600072321,0,30,000,00,2,1,01,B02
200600072322,0,07,000,01,0,4,23,A01
200600072322,0,10,000,00,2,1,01,B02
200600072322,0,07,000,00,0,4,01,C03
200600072323,0,07,000,13,0,2,01,A01
200600072324,0,07,000,00,2,8,01,A01
200600072324,0,30,000,00,2,8,01,B02
200600072325,0,07,000,00,2,3,19,B02
200600072325,0,02,000,00,2,1,01,C03
200600072326,0,07,000,00,2,3,01,A01
200600072326,0,07,000,00,0,3,01,B02
200600072326,0,13,000,00,2,6,01,C03
200600072327,0,31,000,00,0,3,15,A01
200600072327,0,07,000,00,0,6,15,B02
200600072328,0,14,000,00,2,8,15,A01
200600072328,0,02,000,00,2,1,01,B02
200600072329,0,07,000,03,2,3,01,A01
200600072329,0,07,000,00,9,1,01,B02
200600072329,0,07,000,00,2,3,13,C03
200600072330,0,07,000,00,0,8,02,A01
200600072330,0,14,000,00,2,1,02,B02
200600072331,0,30,000,00,2,1,15,A01
200600072331,0,30,000,00,2,8,15,B02
200600072332,0,07,000,13,0,3,01,A01
200600072333,0,02,000,00,2,1,01,A01
200600072333,0,07,000,00,2,7,19,B02
200600072334,0,02,000,00,2,1,01,A01
200600072334,0,07,000,00,2,3,15,B02
200600072335,0,07,000,08,0,1,01,A01
200600072336,0,07,000,00,2,5,15,A01
200600072336,0,07,000,00,2,2,01,B02
200600072337,0,07,000,00,2,2,01,A01
200600072337,0,07,000,00,2,7,15,B02
200600072338,0,15,000,00,2,2,01,A01
200600072338,0,07,000,00,2,8,09,B02
200600072339,0,07,000,01,0,8,01,A01
200600072339,0,15,000,00,0,4,24,B02
200600072340,0,07,000,00,1,7,01,A01
200600072341,0,07,000,00,2,3,13,A01
200600072341,0,15,000,00,2,3,01,B02
200600072342,0,02,000,00,0,0,21,A01
200600072343,0,07,000,00,0,3,01,A01
200600072344,0,07,000,00,2,6,19,A01
200600072344,0,33,000,00,2,1,01,B02
200600072345,0,07,000,00,9,1,01,A01
200600072346,0,02,000,00,6,1,01,A01
200600072347,0,07,000,02,0,4,15,A01
200600072348,0,10,000,02,0,1,01,A01
200600072349,0,07,000,02,6,1,21,A01
200600072350,0,10,000,00,2,1,15,A01
200600072350,0,07,000,00,0,3,01,B02
200600072351,0,07,000,02,0,1,01,A01
200600072352,0,07,000,00,2,3,01,A01
200600072352,0,33,000,00,2,3,01,B02
200600072353,0,07,000,00,2,1,09,A01
200600072353,0,33,000,00,2,1,13,B02
200600072354,0,07,000,00,2,1,13,A01
200600072354,0,15,000,00,2,3,01,B02
200600072355,0,07,000,13,0,9,01,A01
200600072356,0,07,000,00,0,9,02,A01
200600072357,0,07,000,00,2,3,17,A01
200600072357,0,30,000,00,2,1,01,B02
200600072358,0,07,000,13,0,9,13,A01
200600072359,0,07,000,03,2,1,01,A01
200600072359,0,33,000,00,2,1,01,B02
200600072360,0,33,000,13,0,9,17,A01
200600072361,0,07,000,00,1,3,01,A01
200600072362,0,07,000,00,1,8,01,A01
200600072363,0,07,000,00,2,2,01,A01
200600072363,0,01,000,00,2,4,01,B02
200600072364,0,07,000,00,2,3,13,A01
200600072364,0,07,000,00,2,3,01,B02
200600072365,0,07,000,00,1,2,01,A01
200600072366,0,07,000,08,0,1,01,A01
200600072367,0,07,000,00,1,2,01,A01
200600072368,0,01,000,00,2,1,16,A01
200600072368,0,07,000,00,9,3,01,B02
200600072369,0,02,000,01,0,3,01,A01
200600072369,0,21,000,00,0,3,24,B02
200600072370,0,17,000,00,2,3,01,A01
200600072370,0,07,000,00,2,3,01,B02
200600072371,0,31,000,00,2,1,01,A01
200600072371,0,07,000,00,2,2,01,B02
200600072372,0,31,000,00,0,8,01,A01
200600072373,0,07,000,00,2,2,01,A01
200600072373,0,10,000,00,2,3,19,B02
200600072374,0,07,000,00,2,1,01,B02
200600072374,0,07,000,00,2,2,15,A01
200600072375,0,07,000,00,2,1,01,A01
200600072375,0,07,000,00,2,4,15,B02
200600072375,0,07,000,00,2,3,01,C03
200600072375,0,07,000,15,2,3,23,D04
200600072376,0,07,000,00,2,1,13,A01
200600072376,0,07,000,00,2,1,00,B02
200600072377,0,07,000,00,0,1,13,A01
200600072378,0,07,000,02,0,9,01,A01
200600072379,0,02,000,06,0,1,01,A01
200600072380,0,07,000,00,2,3,17,A01
200600072380,0,10,000,00,2,2,01,B02
200600072380,0,10,000,00,2,8,01,C03
200600072381,0,32,000,00,2,1,01,A01
200600072381,0,10,000,00,0,3,20,B02
200600072382,0,07,000,00,2,5,15,A01
200600072382,0,07,000,00,2,1,01,B02
200600072383,0,14,000,00,0,0,01,A01
200600072384,0,10,000,00,0,4,01,A01
200600072384,0,14,000,00,0,1,02,B02
200600072385,0,07,000,00,2,1,01,B02
200600072385,0,07,000,00,0,7,19,A01
200600072386,0,07,000,13,2,5,17,A01
200600072386,0,07,000,00,2,1,01,B02
200600072387,0,17,000,00,2,3,01,A01
200600072387,0,33,000,00,2,1,17,B02
200600072387,0,17,000,00,2,3,01,C03
200600072388,0,33,000,00,2,1,01,A01
200600072388,0,07,000,00,0,1,15,B02
200600072389,0,10,000,15,0,3,01,A01
200600072390,0,07,000,00,0,1,01,A01
200600072391,0,07,000,08,0,2,01,A01
200600072392,0,07,000,00,5,1,01,A01
200600072392,0,07,000,00,2,8,19,B02
200600072393,0,07,000,00,2,1,01,A01
200600072393,0,07,000,00,2,2,19,B02
200600072394,0,07,000,13,0,1,01,A01
200600072395,0,07,000,00,2,1,17,A01
200600072395,0,31,000,00,0,4,15,B02
200600072396,0,07,000,13,0,7,01,A01
200600072397,0,07,000,02,2,2,00,A01
200600072397,0,07,000,00,2,2,01,B02
200600072397,0,07,000,00,2,2,00,D04
200600072398,0,07,000,00,2,2,13,A01
200600072398,0,07,000,00,2,1,19,B02
200600072399,0,07,000,00,2,1,01,A01
200600072399,0,07,000,00,2,1,19,B02
200600072400,0,14,000,00,2,1,17,A01
200600072400,0,13,000,00,0,6,01,B02
200600072401,0,07,000,00,2,1,01,A01
200600072401,0,07,000,00,2,1,13,B02
200600072402,0,07,000,00,0,2,01,A01
200600072403,0,10,000,00,1,2,01,A01
200600072404,0,07,000,08,0,1,01,A01
200600072405,0,07,000,13,0,1,01,A01
200600072406,0,07,000,01,0,1,13,A01
200600072407,0,07,000,00,2,3,13,A01
200600072407,0,15,000,00,2,3,01,B02
200600072408,0,07,000,00,2,3,15,A01
200600072408,0,07,000,00,2,3,01,B02
200600072409,0,01,000,00,2,1,01,A01
200600072409,0,07,000,00,9,7,15,B02
200600072410,0,15,000,00,2,7,17,A01
200600072410,0,32,000,00,2,7,02,B02
200600072411,0,07,000,02,0,9,14,A01
200600072412,0,07,000,06,0,1,01,A01
200600072413,0,07,000,00,2,6,01,A01
200600072413,0,07,000,00,2,3,01,B02
200600072414,0,07,000,16,0,1,01,A01
200600072415,0,02,000,00,2,1,01,A01
200600072415,0,01,000,00,2,4,01,B02
200600072416,0,10,000,00,2,2,15,A01
200600072416,0,02,000,00,2,1,01,B02
200600072417,0,07,000,00,2,2,17,A01
200600072417,0,07,000,00,2,5,01,B02
200600072418,0,07,000,02,0,2,13,A01
200600072419,0,07,000,00,2,3,05,A01
200600072419,0,17,000,00,2,3,01,B02
200600072420,0,07,000,01,1,2,17,A01
200600072420,0,10,000,00,2,8,22,B02
200600072421,0,07,000,00,2,2,01,A01
200600072421,0,07,000,00,2,1,01,B02
200600072422,0,07,000,00,4,7,00,A01
200600072422,0,39,000,00,2,3,01,B02
200600072423,0,07,000,00,2,1,01,A01
200600072423,0,07,000,00,2,1,15,B02
200600072424,0,10,000,00,2,2,01,A01
200600072424,0,21,000,00,2,6,01,B02
200600072425,0,01,000,00,2,1,13,A01
200600072425,0,07,000,00,2,3,01,B02
200600072426,0,03,000,00,2,1,13,A01
200600072426,0,10,000,00,2,3,01,B02
200600072427,0,07,000,00,2,1,13,A01
200600072427,0,07,000,00,2,1,01,B02
200600072428,0,07,000,02,0,7,01,A01
200600072429,0,07,000,00,0,3,13,A01
200600072429,0,15,000,00,0,3,01,B02
200600072430,0,07,000,00,2,3,01,A01
200600072430,0,15,000,00,2,3,02,B02
200600072431,0,17,000,00,9,5,17,A01
200600072431,0,01,000,00,2,8,01,B02
200600072432,0,07,000,00,1,2,01,A01
200600072433,0,07,000,08,0,1,01,A01
200600072434,0,07,000,00,1,2,01,A01
200600072435,0,07,000,08,0,8,01,A01
200600072436,0,07,000,02,0,7,13,A01
200600072437,0,07,000,00,2,1,02,A01
200600072437,0,10,000,00,2,4,01,B02
200600072438,0,02,000,00,2,8,13,A01
200600072438,0,07,000,00,2,3,01,B02
200600072439,0,33,000,00,2,1,01,B02
200600072439,0,07,000,00,2,3,15,A01
200600072440,0,07,000,00,1,3,01,A01
200600072441,0,07,000,02,0,8,01,A01
200600072442,0,33,000,00,2,1,01,A01
200600072442,0,07,000,00,2,2,15,B02
200600072443,0,15,000,00,0,5,02,A01
200600072443,0,14,000,00,2,1,02,B02
200600072444,0,14,000,00,1,1,01,A01
200600072444,0,07,000,00,1,2,01,B02
200600072445,0,14,000,00,2,2,01,A01
200600072445,0,14,000,00,2,6,01,B02
200600072446,0,10,000,00,2,2,01,A01
200600072446,0,15,000,00,2,6,01,B02
200600072447,0,07,000,00,2,2,14,A01
200600072447,0,07,000,00,2,3,01,B02
200600072448,0,14,000,00,2,2,01,A01
200600072449,0,33,000,13,0,8,01,A01
200600072450,0,07,000,00,2,3,01,A01
200600072450,0,02,000,00,2,3,01,B02
200600072451,0,31,000,00,0,0,01,A01
200600072452,0,07,000,08,0,3,01,A01
200600072453,0,07,000,00,2,1,01,A01
200600072453,0,07,000,00,2,8,15,B02
200600072454,0,07,000,16,0,9,01,A01
200600072455,0,07,000,00,2,3,01,A01
200600072455,0,01,000,00,2,6,01,B02
200600072456,0,07,000,00,2,2,10,A01
200600072456,0,33,000,00,2,1,01,B02
200600072457,0,07,000,01,0,7,21,A01
200600072458,0,07,000,08,0,2,01,A01
200600072459,0,07,000,00,2,7,13,A01
200600072459,0,07,000,00,2,2,01,B02
200600072460,0,07,000,00,2,8,09,A01
200600072460,0,07,000,00,2,3,23,B02
200600072460,0,02,000,00,2,1,17,C03
200600072461,0,32,000,00,2,1,00,A01
200600072461,0,32,000,00,2,1,00,B02
200600072462,0,07,000,00,2,3,15,A01
200600072462,0,02,000,00,2,1,17,B02
200600072463,0,33,000,00,2,7,01,A01
200600072463,0,07,000,00,2,3,01,B02
200600072464,0,07,000,00,9,1,09,A01
200600072464,0,01,000,00,2,1,05,B02
200600072465,0,07,000,00,2,3,15,A01
200600072465,0,10,000,00,2,3,01,B02
200600072466,0,07,000,00,9,2,19,A01
200600072466,0,01,000,00,2,7,01,B02
200600072467,0,07,000,00,2,1,13,A01
200600072467,0,14,000,00,2,2,01,B02
200600072468,0,07,000,00,2,7,19,A01
200600072468,0,07,000,00,2,1,01,B02
200600072469,0,07,000,00,0,0,00,A01
200600072469,0,07,000,00,2,4,12,B02
200600072470,0,07,000,02,0,9,19,A01
200600072471,0,07,000,00,2,1,21,A01
200600072471,0,07,000,00,2,1,01,B02
200600072472,0,10,000,13,0,3,01,A01
200600072473,0,07,000,13,0,9,01,A01
200600072474,0,07,000,00,2,5,15,A01
200600072474,0,33,000,00,2,1,01,B02
200600072475,0,14,000,05,0,2,14,A01
200600072476,0,07,000,13,0,1,13,A01
200600072477,0,07,000,00,2,8,13,A01
200600072477,0,10,000,00,0,0,00,B02
200600072478,0,31,000,00,0,1,01,A01
200600072479,0,07,000,02,0,8,01,A01
200600072480,0,07,000,06,0,1,01,A01
200600072481,0,07,000,02,0,1,01,A01
200600072482,0,07,000,00,1,1,13,A01
200600072483,0,07,000,02,0,8,13,A01
200600072484,0,10,000,00,2,3,01,A01
200600072484,0,07,000,00,2,5,15,B02
200600072484,0,07,000,00,2,1,01,C03
200600072485,0,15,000,00,2,1,01,A01
200600072485,0,14,000,00,2,3,19,B02
200600072486,0,07,000,00,0,0,21,A01
200600072487,0,07,000,06,0,1,13,A01
200600072488,0,07,000,00,2,1,01,B02
200600072488,0,10,000,00,0,3,00,A01
200600072489,0,07,000,00,1,2,01,A01
200600072490,0,33,000,00,2,1,17,A01
200600072490,0,07,000,00,2,8,15,B02
200600072491,0,02,000,00,2,1,13,A01
200600072491,0,10,000,00,2,3,01,B02
200600072492,0,10,000,02,0,7,01,A01
200600072493,0,36,000,05,0,1,01,A01
200600072494,0,17,000,04,0,2,01,A01
200600072495,0,07,000,00,0,0,15,A01
200600072495,0,33,000,00,2,8,01,B02
200600072496,0,07,000,06,0,2,00,A01
200600072497,0,33,000,00,0,1,13,A01
200600072498,0,33,000,00,2,2,01,A01
200600072498,0,02,000,00,2,1,03,B02
200600072499,0,07,000,00,2,3,11,A01
200600072499,0,31,000,00,2,1,01,B02
200600072500,0,07,000,00,0,6,10,A01
200600072500,0,33,000,00,2,0,02,B02
200600072501,0,07,000,00,0,3,00,A01
200600072502,0,07,000,00,2,3,19,A01
200600072502,0,30,000,00,2,1,17,B02
200600072503,0,07,000,00,2,5,16,A01
200600072503,0,01,000,00,2,3,11,B02
200600072504,0,07,000,00,2,3,15,A01
200600072504,0,32,000,00,2,1,17,B02
200600072505,0,33,000,00,0,7,01,A01
200600072506,0,07,000,00,1,2,16,A01
200600072507,0,07,000,00,2,2,17,A01
200600072507,0,02,000,00,2,1,01,B02
200600072508,0,02,000,00,2,1,17,A01
200600072508,0,07,000,00,2,2,21,B02
200600072509,0,07,000,00,0,8,15,A01
200600072509,0,33,000,00,2,1,17,B02
200600072510,0,10,000,00,2,2,01,A01
200600072510,0,10,000,00,2,3,09,B02
200600072511,0,31,000,00,2,6,01,A01
200600072511,0,07,000,00,2,6,15,B02
200600072512,0,33,000,00,0,0,01,B02
200600072512,0,07,000,00,1,2,16,A01
200600072513,0,07,000,00,2,1,01,A01
200600072513,0,07,000,00,2,1,01,B02
200600072514,0,33,000,00,2,1,17,A01
200600072514,0,07,000,00,0,8,15,B02
200600072515,0,30,000,13,0,1,00,A01
200600072516,0,33,000,00,2,1,01,A01
200600072516,0,07,000,00,2,6,19,B02
200600072517,0,30,000,00,2,1,17,A01
200600072517,0,30,000,00,2,1,01,B02
200600072518,0,10,000,00,2,3,15,A01
200600072518,0,32,000,00,2,1,01,B02
200600072519,0,07,000,00,2,3,01,A01
200600072519,0,07,000,00,2,3,01,B02
200600072520,0,07,000,00,2,1,13,A01
200600072520,0,07,000,00,2,1,01,B02
200600072521,0,33,000,00,1,1,01,A01
200600072522,0,07,000,00,2,3,15,A01
200600072522,0,07,000,00,2,3,01,B02
200600072523,0,07,000,00,0,4,15,A01
200600072523,0,33,000,00,2,1,17,B02
200600072524,0,07,000,13,0,7,01,A01
200600072525,0,07,000,00,2,3,13,A01
200600072525,0,07,000,00,2,3,01,B02
200600072526,0,07,000,00,2,1,01,A01
200600072526,0,07,000,00,2,8,19,B02
200600072527,0,07,000,00,2,3,15,A01
200600072527,0,33,000,00,2,1,01,B02
200600072528,0,07,000,00,2,3,13,A01
200600072528,0,07,000,00,2,1,01,B02
200600072529,0,07,000,02,0,1,14,A01
200600072530,0,33,000,11,0,1,17,A01
200600072531,0,33,000,00,2,8,13,A01
200600072531,0,10,000,00,2,3,01,B02
200600072532,0,33,000,10,0,8,13,A01
200600072533,0,07,000,00,0,0,00,A01
200600072533,0,01,000,00,2,3,02,B02
200600072534,0,31,000,00,2,1,17,A01
200600072534,0,07,000,00,2,6,15,B02
200600072535,0,02,000,04,0,1,01,A01
200600072536,0,07,000,00,2,3,05,A01
200600072536,0,07,000,00,2,3,01,B02
200600072537,0,02,000,00,1,1,02,A01
200600072538,0,33,000,00,2,1,01,A01
200600072538,0,07,000,00,2,8,17,B02
200600072538,0,33,000,00,2,1,01,C03
200600072539,0,07,000,00,2,0,00,A01
200600072539,0,33,000,00,2,3,01,B02
200600072540,0,20,000,13,0,9,01,A01
200600072541,0,07,000,08,0,2,01,A01
200600072542,0,07,000,00,2,1,15,A01
200600072542,0,30,000,00,2,8,01,B02
200600072542,0,30,000,00,0,1,21,C03
200600072543,0,10,000,00,9,0,00,A01
200600072543,0,01,000,00,0,7,00,B02
200600072544,0,07,000,02,0,1,01,A01
200600072545,0,07,000,00,2,8,01,A01
200600072545,0,07,000,00,2,8,01,B02
200600072546,0,31,000,00,2,2,17,A01
200600072546,0,10,000,00,2,8,17,B02
200600072547,0,07,000,00,2,3,01,A01
200600072547,0,14,000,00,2,3,01,B02
200600072548,0,30,000,00,2,1,01,A01
200600072548,0,07,000,00,2,7,19,B02
200600072549,0,10,000,00,2,3,01,A01
200600072549,0,03,000,00,2,3,00,B02
200600072550,0,07,000,00,2,3,15,A01
200600072550,0,33,000,00,2,1,01,B02
200600072550,0,33,000,00,2,1,01,C03
200600072551,0,32,000,00,0,8,01,A01
200600072552,0,02,000,00,2,1,02,A01
200600072552,0,07,000,00,0,6,01,B02
200600072553,0,07,000,00,1,1,01,A01
200600072554,0,07,000,00,2,3,01,A01
200600072554,0,07,000,00,2,3,01,B02
200600072555,0,07,000,02,0,8,01,A01
200600072556,0,07,000,00,0,8,19,A01
200600072556,0,07,000,00,2,1,01,B02
200600072557,0,07,000,00,0,2,19,A01
200600072557,0,02,000,00,2,1,01,B02
200600072558,0,38,000,00,2,3,01,A01
200600072558,0,07,000,00,2,1,05,B02
200600072559,0,99,000,00,2,3,01,A01
200600072559,0,17,000,00,2,8,15,B02
200600072560,0,31,000,00,0,8,01,A01
200600072560,0,07,000,00,0,1,15,B02
200600072561,0,07,000,14,0,8,01,A01
200600072561,0,07,000,00,0,2,19,B02
200600072562,0,14,000,00,1,2,01,A01
200600072563,0,32,000,00,2,2,05,A01
200600072563,0,10,000,00,2,2,19,B02
200600072564,0,07,000,00,2,3,13,A01
200600072564,0,02,000,00,2,3,01,B02
200600072565,0,07,000,00,2,7,15,A01
200600072565,0,03,000,00,2,1,01,B02
200600072566,0,07,000,16,9,9,13,A01
200600072567,0,07,000,00,2,1,13,A01
200600072567,0,07,000,00,2,1,01,B02
200600072568,0,07,000,06,0,3,13,A01
200600072569,0,10,000,00,2,3,15,A01
200600072569,0,15,000,00,2,1,01,B02
200600072569,0,07,000,00,2,1,01,C03
200600072570,0,07,000,00,2,8,02,A01
200600072570,0,31,000,00,2,7,13,B02
200600072571,0,07,000,13,0,2,01,A01
200600072572,0,31,000,00,1,1,21,A01
200600072573,0,32,000,00,1,1,17,A01
200600072574,0,07,000,00,2,3,00,A01
200600072574,0,02,000,00,2,1,01,B02
200600072575,0,07,000,00,2,5,15,A01
200600072575,0,31,000,00,2,1,01,B02
200600072576,0,07,000,00,1,3,01,A01
200600072577,0,07,000,00,0,1,01,A01
200600072577,0,07,000,00,0,4,01,B02
200600072578,0,07,000,00,2,2,15,A01
200600072578,0,31,000,00,2,1,01,B02
200600072579,0,07,000,00,0,1,01,A01
200600072579,0,01,000,00,0,1,13,B02
200600072580,0,07,000,00,2,3,16,A01
200600072580,0,02,000,00,2,1,01,B02
200600072581,0,07,000,14,0,2,01,A01
200600072582,0,07,000,00,2,1,01,A01
200600072582,0,30,000,00,2,8,10,B02
200600072583,0,07,000,00,1,3,01,A01
200600072584,0,07,000,02,0,1,01,A01
200600072585,0,07,000,00,2,1,01,A01
200600072585,0,07,000,00,2,1,15,B02
200600072586,0,07,000,00,2,8,10,A01
200600072586,0,07,000,00,2,1,01,B02
200600072587,0,33,000,13,0,1,01,A01
200600072588,0,07,000,02,0,1,01,A01
200600072589,0,07,000,00,2,3,00,A01
200600072589,0,07,000,00,2,3,13,B02
200600072590,0,07,000,00,2,2,17,A01
200600072590,0,07,000,00,2,1,01,B02
200600072590,0,07,000,00,0,0,01,C03
200600072590,0,15,000,00,0,0,01,D04
200600072591,0,07,000,00,9,1,01,A01
200600072591,0,02,000,00,0,4,01,B02
200600072592,0,07,000,01,0,1,01,A01
200600072592,0,21,000,00,0,4,24,B02
200600072593,0,01,000,00,2,1,15,A01
200600072593,0,07,000,00,9,2,01,B02
200600072594,0,07,000,00,2,1,05,A01
200600072594,0,07,000,00,2,1,01,B02
200600072595,0,07,000,08,0,2,14,A01
200600072596,0,07,000,00,2,8,13,A01
200600072596,0,07,000,00,2,3,00,D04
200600072597,0,07,000,00,0,0,15,A01
200600072597,0,33,000,00,2,0,01,B02
200600072597,0,07,000,00,2,8,01,C03
200600072598,0,07,000,00,5,1,01,A01
200600072598,0,07,000,00,5,1,01,B02
200600072599,0,10,000,00,2,1,01,A01
200600072600,0,10,000,00,2,1,13,A01
200600072600,0,07,000,00,2,1,01,B02
200600072601,0,30,000,00,1,1,01,A01
200600072602,0,07,000,00,9,2,01,A01
200600072603,0,07,000,00,2,8,19,A01
200600072603,0,33,000,00,2,1,01,B02
200600072604,0,07,000,00,2,2,15,A01
200600072604,0,02,000,00,2,1,01,B02
200600072605,0,07,000,00,0,0,00,A01
200600072606,0,07,000,00,1,2,01,A01
200600072606,0,07,000,00,2,1,02,B02
200600072607,0,07,000,13,0,2,01,A01
200600072608,0,07,000,00,2,3,19,A01
200600072608,0,07,000,00,2,2,01,B02
200600072609,0,07,000,00,2,3,15,B02
200600072609,0,01,000,00,2,1,01,A01
200600072610,0,07,000,00,0,3,01,A01
200600072610,0,01,000,00,0,6,15,B02
200600072611,0,07,000,02,0,7,01,A01
200600072612,0,30,000,02,0,1,01,A01
200600072613,0,14,000,00,2,2,01,A01
200600072613,0,33,000,00,2,1,13,B02
200600072614,0,07,000,00,0,0,00,A01
200600072614,0,07,000,00,2,1,01,B02
200600072615,0,07,000,00,2,3,13,A01
200600072615,0,07,000,00,2,3,01,B02
200600072616,0,07,000,00,2,1,13,A01
200600072616,0,07,000,00,2,1,01,B02
200600072617,0,07,000,00,2,1,01,A01
200600072617,0,07,000,00,2,4,01,B02
200600072618,0,07,000,00,2,3,13,A01
200600072618,0,07,000,00,2,3,01,B02
200600072619,0,07,000,00,1,2,00,A01
200600072619,0,07,000,00,0,0,00,B02
200600072619,0,07,000,00,2,0,00,C03
200600072620,0,10,000,00,2,7,01,A01
200600072620,0,07,000,00,2,1,15,B02
200600072621,0,07,000,00,0,1,11,A01
200600072621,0,07,000,00,0,0,01,B02
200600072621,0,07,000,00,0,0,01,C03
200600072622,0,07,000,00,2,1,16,A01
200600072622,0,07,000,00,2,5,01,B02
200600072623,0,07,000,00,2,2,15,A01
200600072623,0,02,000,00,2,0,01,B02
200600072624,0,07,000,00,2,3,00,A01
200600072624,0,02,000,00,0,0,00,B02
200600072625,0,07,000,00,2,4,02,A01
200600072625,0,07,000,00,2,1,02,B02
200600072626,0,07,000,00,2,1,11,A01
200600072626,0,07,000,00,2,1,01,B02
200600072627,0,07,000,00,0,0,13,A01
200600072628,0,07,000,16,0,0,01,A01
200600072629,0,07,000,00,2,2,01,A01
200600072630,0,07,000,00,1,1,01,A01
200600072631,0,99,000,00,2,7,00,A01
200600072631,0,07,000,00,2,3,01,B02
200600072632,0,07,000,00,2,2,15,A01
200600072632,0,07,000,00,2,3,01,B02
200600072633,0,07,000,00,2,1,19,A01
200600072633,0,07,000,00,2,8,01,B02
200600072634,0,33,000,00,2,1,13,A01
200600072634,0,07,000,00,2,1,21,B02
200600072635,0,01,000,00,0,0,00,A01
200600072636,0,07,000,00,0,1,13,A01
200600072637,0,07,000,00,1,2,01,A01
200600072638,0,07,000,00,0,0,00,A01
200600072639,0,07,000,00,2,1,01,A01
200600072639,0,07,000,00,2,2,15,B02
200600072640,0,14,000,00,2,5,15,A01
200600072640,0,33,000,00,2,2,01,B02
200600072641,0,30,000,00,0,0,01,A01
200600072642,0,32,000,00,2,1,01,A01
200600072642,0,07,000,00,2,3,19,B02
200600072643,0,07,000,06,0,2,01,A01
200600072644,0,10,000,00,2,1,01,A01
200600072644,0,07,000,00,2,5,13,B02
200600072645,0,02,000,00,1,0,00,A01
200600072646,0,10,000,01,0,2,14,A01
200600072647,0,07,000,00,1,2,01,A01
200600072648,0,07,000,00,2,3,01,A01
200600072648,0,07,000,00,2,8,01,B02
200600072648,0,07,000,00,2,2,01,C03
200600072648,0,07,000,00,2,3,05,D04
200600072649,0,30,000,00,0,7,01,A01
200600072650,0,07,000,00,2,3,13,A01
200600072650,0,07,000,00,2,3,01,B02
200600072650,0,07,000,00,2,1,01,C03
200600072651,0,30,000,00,2,1,17,A01
200600072651,0,07,000,00,2,8,15,B02
200600072652,0,07,000,16,1,1,14,A01
200600072653,0,07,000,00,1,2,01,A01
200600072654,0,07,000,13,0,3,17,A01
200600072655,0,17,000,00,2,8,15,A01
200600072655,0,10,000,00,2,8,23,B02
200600072655,0,10,000,01,2,1,17,C03
200600072656,0,07,000,00,2,3,01,A01
200600072656,0,07,000,00,2,1,13,B02
200600072657,0,07,000,00,1,3,01,A01
200600072658,0,07,000,00,1,3,01,A01
200600072659,0,07,000,06,0,3,01,A01
200600072660,0,07,000,13,0,3,13,A01
200600072661,0,02,000,00,2,7,17,A01
200600072661,0,07,000,00,2,1,09,B02
200600072662,0,07,000,16,0,9,01,A01
200600072663,0,07,000,00,0,0,05,A01
200600072663,0,31,000,00,0,0,15,B02
200600072664,0,33,000,00,2,3,13,A01
200600072664,0,07,000,00,9,3,01,B02
200600072665,0,07,000,00,2,3,01,A01
200600072665,0,07,000,00,2,3,13,B02