Num_Acc,senc,catv,occutc,obs,obsm,choc,manv,num_veh
200600073030,0,07,000,03,2,3,17,A01
200600073030,0,07,000,00,2,3,01,B02
200600073031,0,33,000,00,0,2,16,A01
200600073032,0,07,000,13,0,2,01,A01
200600073033,0,10,000,03,9,1,02,A01
200600073033,0,15,000,00,2,5,01,B02
200600073034,0,07,000,03,0,3,15,A01
200600073035,0,07,000,00,0,0,00,A01
200600073036,0,10,000,06,0,2,01,A01
200600073037,0,07,000,06,0,2,01,A01
200600073038,0,07,000,00,0,4,23,A01
200600073038,0,07,000,04,0,9,13,B02
200600073038,0,07,000,03,2,1,02,C03
200600073038,0,07,000,01,0,4,02,D04
200600073038,0,07,000,01,2,1,02,E05
200600073038,0,07,000,01,2,1,02,F06
200600073038,0,10,000,00,0,0,00,G07
200600073039,0,07,000,04,0,6,01,A01
200600073040,0,07,000,04,0,1,14,A01
200600073041,0,10,000,02,2,6,18,A01
200600073041,0,07,000,00,2,2,17,B02
200600073042,0,17,000,00,0,0,00,A01
200600073042,0,07,000,00,2,2,17,C03
200600073043,0,07,000,03,0,3,13,A01
200600073044,0,07,000,02,0,1,00,A01
200600073045,0,07,000,00,2,3,01,A01
200600073045,0,10,000,00,2,3,13,B02
200600073046,0,07,000,00,2,1,13,A01
200600073046,0,10,000,00,2,3,01,B02
200600073046,0,07,000,00,2,5,11,C03
200600073047,0,07,000,00,2,3,01,A01
200600073047,0,07,000,00,2,2,13,B02
200600073048,0,07,000,03,0,8,01,A01
200600073049,0,07,000,00,2,8,01,A01
200600073049,0,07,000,00,2,9,13,B02
200600073049,0,07,000,00,0,8,01,C03
200600073049,0,07,000,00,2,1,01,D04
200600073050,0,07,000,13,0,1,17,A01
200600073051,0,15,000,04,0,3,01,A01
200600073052,0,33,000,00,2,1,13,A01
200600073052,0,07,000,00,2,1,01,B02
200600073053,0,07,000,01,0,2,14,A01
200600073053,0,07,000,01,0,5,00,B02
200600073054,0,33,000,14,0,1,01,A01
200600073055,0,07,000,00,2,3,16,A01
200600073055,0,31,000,00,2,5,01,B02
200600073056,0,07,000,00,5,0,00,A01
200600073057,0,07,000,06,0,3,01,A01
200600073058,0,07,000,13,0,7,13,A01
200600073059,0,33,000,00,2,2,17,A01
200600073059,0,10,000,00,2,3,15,B02
200600073060,0,07,000,00,2,3,15,A01
200600073060,0,02,000,00,2,2,01,B02
200600073061,0,07,000,00,1,1,17,A01
200600073062,0,07,000,00,0,0,00,A01
200600073063,0,07,000,00,1,1,01,A01
200600073064,0,07,000,00,9,3,10,A01
200600073064,0,33,000,00,2,1,01,B02
200600073065,0,33,000,00,2,1,00,A01
200600073065,0,07,000,00,2,1,15,B02
200600073066,0,30,000,00,2,7,01,A01
200600073066,0,07,000,00,2,1,01,B02
200600073067,0,07,000,00,1,3,01,A01
200600073068,0,99,000,00,2,6,01,A01
200600073068,0,07,000,00,2,1,01,B02
200600073068,0,07,000,00,2,2,13,C03
200600073069,0,33,000,00,2,1,17,A01
200600073069,0,33,000,00,2,1,17,B02
200600073070,0,01,000,00,2,4,02,A01
200600073070,0,07,000,00,2,2,02,B02
200600073071,0,07,000,08,0,2,01,A01
200600073072,0,07,000,03,0,3,02,A01
200600073073,0,31,000,00,2,1,01,A01
200600073073,0,36,000,00,2,1,01,B02
200600073074,0,07,000,13,0,9,01,A01
200600073075,0,07,000,00,0,3,01,A01
200600073076,0,17,000,00,0,4,02,A01
200600073076,0,07,000,00,2,1,02,B02
200600073077,0,10,000,00,2,4,04,A01
200600073077,0,02,000,00,2,1,23,B02
200600073078,0,07,000,02,0,3,01,A01
200600073079,0,07,000,00,2,1,15,A01
200600073079,0,17,000,00,2,1,01,B02
200600073079,0,07,000,00,0,3,01,C03
200600073079,0,10,000,00,0,8,01,D04
200600073080,0,07,000,00,2,6,19,A01
200600073080,0,30,000,00,2,1,01,B02
200600073081,0,07,000,01,1,1,21,A01
200600073081,0,07,000,00,0,1,23,B02
200600073081,0,07,000,00,0,6,23,C03
200600073081,0,07,000,00,1,2,23,D04
200600073081,0,07,000,16,0,0,00,E05
200600073082,0,10,000,00,1,1,01,A01
200600073083,0,30,000,00,2,1,02,A01
200600073083,0,07,000,00,0,4,15,B02
200600073084,0,07,000,13,0,1,01,A01
200600073085,1,07,000,00,1,2,01,A01
200600073086,0,07,000,00,2,5,15,A01
200600073086,0,10,000,00,2,1,01,B02
200600073086,0,10,000,00,0,1,23,C03
200600073087,0,07,000,08,0,8,01,A01
200600073088,0,07,000,00,2,1,01,B02
200600073088,0,07,000,00,2,8,19,A01
200600073089,0,15,000,00,2,8,06,A01
200600073089,0,33,000,00,2,1,17,B02
200600073090,0,07,000,16,0,9,00,A01
200600073091,0,07,000,03,0,1,17,A01
200600073092,0,31,000,03,0,7,01,A01
200600073093,0,07,000,00,2,5,23,A01
200600073093,0,02,000,00,2,1,02,B02
200600073094,0,07,000,00,2,1,01,A01
200600073094,0,07,000,00,0,4,01,B02
200600073095,0,15,000,00,2,3,01,A01
200600073095,0,07,000,00,2,2,13,B02
200600073096,0,07,000,06,0,8,01,A01
200600073097,0,07,000,00,1,3,01,A01
200600073098,0,07,000,13,0,1,00,A01
200600073099,0,07,000,01,0,2,01,A01
200600073100,0,07,000,00,2,8,19,A01
200600073100,0,07,000,00,2,1,01,B02
200600073101,0,07,000,00,2,1,17,A01
200600073101,0,07,000,00,0,1,02,B02
200600073102,0,07,000,00,0,7,01,A01
200600073103,0,07,000,00,2,3,13,A01
200600073103,0,07,000,00,2,3,01,B02
200600073104,0,07,000,13,0,2,01,A01
200600073105,0,07,000,08,0,9,13,A01
200600073106,0,07,000,00,9,3,01,A01
200600073106,0,01,000,00,2,4,13,B02
200600073107,0,07,000,00,9,3,01,A01
200600073107,0,01,000,00,2,8,00,B02
200600073108,0,07,000,00,2,1,17,A01
200600073108,0,07,000,00,2,1,01,B02
200600073109,0,07,000,13,0,1,01,A01
200600073110,0,07,000,00,2,3,17,A01
200600073110,0,07,000,00,2,1,01,B02
200600073111,0,07,000,00,1,2,01,A01
200600073112,0,07,000,08,0,2,14,A01
200600073113,0,07,000,00,2,1,01,A01
200600073113,0,07,000,00,2,7,13,B02
200600073114,0,07,000,00,2,1,13,A01
200600073114,0,07,000,00,2,1,01,B02
200600073115,0,07,000,00,2,8,01,A01
200600073115,0,07,000,00,2,1,01,B02
200600073116,0,07,000,06,0,3,15,A01
200600073116,0,02,000,00,0,1,17,B02
200600073117,0,07,000,06,0,1,01,A01
200600073118,0,07,000,00,1,1,01,A01
200600073119,0,36,000,00,2,5,13,A01
200600073119,0,07,000,00,2,2,01,B02
200600073119,0,07,000,00,2,2,01,C03
200600073120,0,17,000,00,2,1,01,A01
200600073120,0,07,000,00,2,8,19,B02
200600073121,0,07,000,00,2,8,01,A01
200600073121,0,02,000,00,2,1,01,B02
200600073122,0,15,000,00,0,4,24,A01
200600073122,0,07,000,01,0,2,00,B02
200600073123,0,07,000,02,0,1,01,A01
200600073124,0,07,000,00,2,7,13,A01
200600073124,0,07,000,00,2,1,01,B02
200600073125,0,07,000,00,2,1,13,A01
200600073125,0,16,000,00,2,3,01,B02
200600073126,0,02,000,00,2,1,01,A01
200600073126,0,07,000,00,2,3,01,B02
200600073127,0,33,000,00,2,1,01,A01
200600073127,0,07,000,00,2,1,01,B02
200600073128,0,07,000,00,1,1,01,A01
200600073129,0,07,000,00,2,3,01,A01
200600073129,0,07,000,00,2,3,01,B02
200600073130,0,17,000,00,0,6,13,A01
200600073130,0,17,000,00,2,3,01,B02
200600073131,0,07,000,00,2,3,15,A01
200600073131,0,30,000,00,2,1,01,B02
200600073132,0,07,000,00,2,4,04,A01
200600073132,0,31,000,00,2,1,01,B02
200600073133,0,07,000,00,2,1,13,A01
200600073133,0,07,000,00,2,3,01,B02
200600073134,0,30,000,00,2,1,00,A01
200600073134,0,07,000,00,2,1,00,B02
200600073135,0,07,000,00,1,1,01,A01
200600073136,0,07,000,16,0,9,13,A01
200600073137,0,07,000,00,2,2,01,B02
200600073137,0,07,000,00,2,1,01,A01
200600073138,0,33,000,00,2,1,01,A01
200600073138,0,07,000,00,0,7,19,B02
200600073139,0,14,000,08,0,8,01,A01
200600073140,0,07,000,00,2,3,01,A01
200600073140,0,07,000,00,2,3,01,B02
200600073141,0,07,000,15,0,1,13,A01
200600073142,0,07,000,00,2,1,01,A01
200600073142,0,07,000,00,2,1,05,B02
200600073143,0,10,000,13,0,3,01,A01
200600073143,0,10,000,00,2,2,17,B02
200600073144,0,07,000,00,2,1,13,A01
200600073144,0,07,000,00,2,1,01,B02
200600073145,0,07,000,00,1,2,01,A01
200600073146,0,07,000,02,0,1,13,A01
200600073147,0,15,000,00,0,9,01,A01
200600073147,0,17,000,14,0,1,11,B02
200600073147,0,07,000,00,0,0,23,C03
200600073148,0,01,000,00,2,1,01,A01
200600073148,0,07,000,00,0,4,01,B02
200600073149,0,07,000,08,0,1,01,A01
200600073150,0,07,000,06,0,1,01,A01
200600073151,0,07,000,02,0,3,00,A01
200600073152,0,07,000,00,1,3,01,A01
200600073153,0,10,000,08,0,3,19,A01
200600073154,0,07,000,01,1,1,14,A01
200600073154,0,10,000,06,0,6,23,B02
200600073155,0,07,000,16,0,2,01,A01
200600073156,0,07,000,00,1,9,01,A01
200600073157,0,07,000,06,0,0,00,A01
200600073158,0,07,000,00,0,2,01,A01
200600073158,0,07,000,00,0,5,01,B02
200600073159,0,07,000,00,0,8,15,A01
200600073159,0,33,000,00,0,1,01,B02
200600073160,0,10,000,16,0,5,01,A01
200600073161,0,07,000,16,0,2,01,A01
200600073162,0,07,000,06,0,1,01,A01
200600073163,0,07,000,00,2,3,01,A01
200600073163,0,02,000,00,2,2,01,B02
200600073164,0,02,000,00,2,1,17,A01
200600073164,0,07,000,00,2,3,15,B02
200600073165,0,07,000,06,0,1,13,A01
200600073166,0,07,000,00,2,1,01,A01
200600073166,0,21,000,00,2,1,01,B02
200600073167,0,07,000,00,2,2,01,A01
200600073167,0,07,000,00,2,1,01,B02
200600073168,0,07,000,00,1,2,01,A01
200600073169,0,07,000,02,0,8,00,A01
200600073170,0,07,000,00,1,1,01,A01
200600073171,0,07,000,13,0,1,01,A01
200600073172,0,10,000,00,2,1,01,A01
200600073172,0,14,000,00,9,6,01,B02
200600073173,0,02,000,00,2,7,01,A01
200600073173,0,07,000,00,2,8,11,B02
200600073174,0,07,000,15,0,0,00,A01
200600073175,0,07,000,13,0,1,01,A01
200600073176,0,36,000,00,0,0,16,A01
200600073177,0,07,000,00,2,1,02,A01
200600073177,0,07,000,00,2,4,02,B02
200600073177,0,07,000,00,2,4,02,C03
200600073178,0,30,000,00,2,8,19,A01
200600073179,0,07,000,00,2,8,01,A01
200600073179,0,07,000,00,2,8,01,B02
200600073180,0,07,000,00,5,1,01,A01
200600073181,0,07,000,00,2,1,13,A01
200600073181,0,07,000,00,2,1,01,B02
200600073182,0,35,000,01,0,2,13,A01
200600073182,0,07,000,00,2,3,23,B02
200600073183,0,33,000,00,0,7,01,A01
200600073184,0,10,000,00,2,3,15,A01
200600073184,0,36,000,00,2,1,01,B02
200600073185,0,07,000,00,2,5,09,A01
200600073185,0,14,000,00,2,3,01,B02
200600073186,0,07,000,00,0,0,00,A01
200600073186,0,02,000,00,2,1,17,B02
200600073187,0,07,000,00,2,6,19,A01
200600073187,0,10,000,00,2,1,01,B02
200600073188,0,07,000,00,2,1,01,A01
200600073188,0,07,000,00,2,8,01,B02
200600073189,0,07,000,00,2,2,05,A01
200600073189,0,07,000,00,2,2,05,B02
200600073190,0,07,000,06,0,1,13,A01
200600073191,0,07,000,00,2,1,01,A01
200600073191,0,03,000,00,2,1,01,B02
200600073192,0,07,000,00,1,3,01,A01
200600073193,0,07,000,13,0,8,01,A01
200600073194,0,07,000,02,0,3,13,A01
200600073195,0,07,000,09,0,2,21,A01
200600073196,0,33,000,14,0,1,01,A01
200600073196,0,07,000,00,0,6,23,B02
200600073196,0,07,000,00,2,3,01,C03
200600073196,0,07,000,00,9,1,01,D04
200600073197,0,07,000,00,0,5,01,A01
200600073197,0,02,000,00,0,1,00,B02
200600073198,0,07,000,00,0,0,00,A01
200600073198,0,14,000,00,2,3,01,B02
200600073199,0,07,000,00,2,1,01,A01
200600073199,0,07,000,03,2,2,01,B02
200600073200,0,17,000,00,2,3,01,A01
200600073200,0,17,000,00,2,3,13,B02
200600073201,0,07,000,00,2,1,05,A01
200600073201,0,07,000,00,2,0,01,B02
200600073202,0,07,000,00,0,9,01,A01
200600073203,0,07,000,13,0,2,00,A01
200600073204,0,07,000,13,0,1,21,A01
200600073205,0,07,000,02,0,3,01,A01
200600073206,0,15,000,00,2,1,01,A01
200600073206,0,07,000,00,2,7,19,B02
200600073207,0,07,000,00,2,2,15,A01
200600073207,0,07,000,00,2,2,01,B02
200600073208,0,21,000,00,2,2,01,A01
200600073208,0,30,000,00,2,1,01,B02
200600073209,0,07,000,00,2,7,01,A01
200600073209,0,30,000,00,2,2,13,B02
200600073210,0,15,000,00,2,2,02,A01
200600073210,0,07,000,00,2,4,02,B02
200600073210,0,07,000,00,0,4,23,C03
200600073210,0,10,000,00,2,3,01,D04
200600073211,0,07,000,00,1,2,01,A01
200600073212,0,07,000,02,0,7,00,A01
200600073213,0,07,000,00,2,2,15,A01
200600073213,0,02,000,00,2,1,01,B02
200600073214,0,07,000,00,2,1,19,A01
200600073214,0,07,000,00,2,8,00,B02
200600073215,0,07,000,00,0,0,01,A01
200600073216,0,07,000,00,2,2,01,A01
200600073216,0,07,000,00,2,1,01,B02
200600073217,0,31,000,01,0,2,01,A01
200600073218,0,07,000,00,1,2,01,A01
200600073219,0,07,000,00,2,7,01,A01
200600073219,0,07,000,00,2,1,01,B02
200600073220,0,07,000,13,0,1,01,A01
200600073221,0,07,000,00,2,3,01,A01
200600073221,0,07,000,00,2,3,13,B02
200600073222,0,07,000,00,2,1,02,A01
200600073222,0,07,000,00,0,4,11,B02
200600073223,0,07,000,06,0,1,01,A01
200600073224,0,02,000,00,2,1,01,A01
200600073224,0,07,000,00,9,2,16,B02
200600073225,0,07,000,00,9,3,01,A01
200600073225,0,01,000,00,2,1,13,B02
200600073226,0,07,000,00,2,4,02,A01
200600073226,0,07,000,00,2,1,02,B02
200600073227,0,07,000,00,0,0,00,A01
200600073228,0,07,000,00,2,1,13,A01
200600073228,0,07,000,00,2,1,01,B02
200600073229,0,07,000,00,2,3,01,A01
200600073229,0,07,000,00,2,2,00,B02
200600073230,0,07,000,00,2,3,15,A01
200600073230,0,02,000,00,2,9,01,B02
200600073231,0,07,000,00,2,2,02,A01
200600073231,0,07,000,13,2,9,02,B02
200600073232,0,07,000,00,2,1,01,A01
200600073232,0,07,000,00,2,1,01,B02
200600073233,0,07,000,00,2,2,17,A01
200600073233,0,07,000,00,2,6,02,B02
200600073233,0,02,000,00,2,4,01,C03
200600073234,0,07,000,02,0,8,01,A01
200600073235,0,07,000,00,2,1,01,A01
200600073236,0,33,000,00,6,1,01,A01
200600073237,0,07,000,00,2,2,01,A01
200600073237,0,02,000,00,2,4,01,B02
200600073238,0,07,000,02,0,1,01,A01
200600073239,0,07,000,00,0,8,16,A01
200600073240,0,14,000,00,2,3,13,A01
200600073240,0,14,000,00,2,3,01,B02
200600073241,0,07,000,00,1,2,01,A01
200600073242,0,07,000,00,0,0,00,A01
200600073242,0,14,000,00,0,0,00,B02
200600073243,0,07,000,00,0,7,10,A01
200600073243,0,07,000,00,2,1,01,B02
200600073244,0,07,000,12,0,0,01,A01
200600073245,0,07,000,02,0,2,01,A01
200600073246,0,07,000,00,0,9,01,A01
200600073247,0,07,000,02,6,3,16,A01
200600073248,0,07,000,14,0,3,13,A01
200600073249,0,14,000,00,0,8,23,A01
200600073249,0,14,000,01,0,2,21,B02
200600073250,0,07,000,00,2,1,01,A01
200600073250,0,07,000,00,2,3,01,B02
200600073251,0,07,000,00,2,6,19,A01
200600073251,0,07,000,00,0,0,00,B02
200600073252,0,07,000,00,2,5,13,A01
200600073252,0,07,000,00,2,2,01,B02
200600073253,0,07,000,00,1,1,01,A01
200600073254,0,07,000,00,2,1,13,A01
200600073254,0,07,000,00,2,8,01,B02
200600073255,0,07,000,00,1,2,01,A01
200600073256,0,07,000,13,0,1,13,A01
200600073257,0,07,000,00,2,4,24,A01
200600073257,0,07,000,00,2,1,01,B02
200600073258,0,07,000,00,2,3,01,A01
200600073258,0,10,000,00,2,3,13,B02
200600073259,0,30,000,00,2,1,01,A01
200600073259,0,07,000,00,2,3,15,B02
200600073260,0,07,000,00,2,1,16,A01
200600073260,0,02,000,00,2,1,13,B02
200600073261,0,07,000,00,2,2,10,A01
200600073261,0,02,000,00,2,1,01,B02
200600073262,0,02,000,00,0,0,16,A01
200600073263,0,07,000,13,0,1,01,A01
200600073264,0,07,000,16,0,9,01,A01
200600073265,0,07,000,02,0,3,01,A01
200600073266,0,07,000,00,2,1,01,A01
200600073266,0,07,000,00,2,1,13,B02
200600073267,0,10,000,13,0,3,00,A01
200600073268,0,07,000,00,2,3,01,A01
200600073268,0,07,000,00,2,3,21,B02
200600073269,0,07,000,00,0,1,15,A01
200600073269,0,07,000,00,2,1,01,B02
200600073270,0,07,000,00,1,1,01,A01
200600073271,0,07,000,00,0,1,13,A01
200600073271,0,07,000,00,0,3,01,B02
200600073272,0,07,000,00,5,1,01,A01
200600073273,0,07,000,00,2,3,01,A01
200600073273,0,07,000,00,2,3,01,B02
200600073274,0,07,000,00,2,1,15,A01
200600073274,0,33,000,00,2,1,01,B02
200600073275,0,07,000,02,0,1,01,A01
200600073276,0,07,000,00,2,2,01,A01
200600073276,0,02,000,00,2,8,01,B02
200600073277,0,07,000,06,0,9,13,A01
200600073278,0,07,000,00,2,1,19,A01
200600073278,0,07,000,00,2,1,01,B02
200600073279,0,01,000,00,0,4,01,A01
200600073279,0,31,000,00,0,1,01,B02
200600073280,0,07,000,00,2,1,11,A01
200600073280,0,07,000,00,2,7,01,B02
200600073281,0,07,000,13,0,1,16,A01
200600073282,0,07,000,06,0,7,01,A01
200600073283,0,07,000,00,0,4,23,A01
200600073283,0,07,000,00,0,1,02,B02
200600073284,0,07,000,00,9,3,01,A01
200600073284,0,21,000,00,2,8,01,B02
200600073285,0,07,000,00,2,1,01,A01
200600073285,0,07,000,00,0,6,01,B02
200600073286,0,07,000,00,1,2,01,A01
200600073287,0,07,000,02,0,1,21,A01
200600073288,0,10,000,02,0,1,02,A01
200600073289,0,07,000,08,0,2,01,A01
200600073290,0,38,000,00,1,8,15,A01
200600073291,0,07,000,00,0,3,01,A01
200600073292,0,07,000,00,2,3,05,A01
200600073292,0,07,000,00,0,1,01,B02
200600073292,0,07,000,00,0,2,00,C03
200600073292,0,15,000,00,0,6,05,D04
200600073293,0,07,000,02,0,8,01,A01
200600073294,0,07,000,13,9,5,01,A01
200600073295,0,07,000,00,0,1,01,A01
200600073296,0,07,000,00,2,8,15,A01
200600073296,0,07,000,00,2,1,21,B02
200600073297,0,30,000,06,0,1,00,A01
200600073298,1,10,000,00,1,0,01,A01
200600073299,0,07,000,00,2,1,00,B02
200600073299,0,07,000,00,2,2,01,A01
200600073300,0,07,000,00,2,1,01,A01
200600073300,0,07,000,00,0,4,13,B02
200600073300,0,07,000,00,0,1,01,C03
200600073301,0,07,000,00,0,1,15,A01
200600073301,0,33,000,00,0,8,01,B02
200600073302,0,07,000,02,0,9,00,A01
200600073303,0,33,000,00,2,3,17,A01
200600073303,0,07,000,00,2,3,01,B02
200600073304,0,07,000,00,0,1,01,A01
200600073304,0,07,000,00,0,8,19,B02
200600073305,0,07,000,13,0,1,00,A01
200600073306,0,07,000,00,0,9,01,A01
200600073307,0,07,000,00,2,7,19,B02
200600073307,0,07,000,00,2,1,01,A01
200600073308,0,07,000,00,9,2,01,A01
200600073308,0,02,000,00,0,3,02,B02
200600073309,0,14,000,00,0,1,01,A01
200600073309,0,07,000,00,0,3,15,B02
200600073310,0,07,000,15,0,1,01,A01
200600073311,0,07,000,00,2,3,01,A01
200600073311,0,07,000,00,2,3,01,B02
200600073312,0,07,000,00,2,1,01,A01
200600073312,0,07,000,00,2,7,13,B02
200600073313,0,07,000,00,0,4,02,A01
200600073313,0,14,000,00,2,4,01,B02
200600073313,0,14,000,01,0,1,01,C03
200600073314,0,07,000,08,0,5,00,A01
200600073315,0,17,000,00,0,0,01,A01
200600073315,0,17,000,00,9,1,01,B02
200600073316,0,07,000,00,2,1,02,A01
200600073316,0,07,000,00,0,4,02,B02
200600073317,0,07,000,00,0,1,19,B02
200600073317,0,07,000,13,9,9,00,A01
200600073318,0,20,000,00,2,2,01,A01
200600073318,0,07,000,00,2,6,02,B02
200600073318,0,07,000,00,2,8,23,C03
200600073319,0,07,000,00,0,3,15,A01
200600073319,0,02,000,00,2,5,01,B02
200600073320,0,07,000,00,2,3,15,A01
200600073320,0,33,000,00,2,1,01,B02
200600073321,0,07,000,00,2,3,01,A01
200600073321,0,07,000,00,2,3,01,B02
200600073322,0,07,000,13,0,1,01,A01
200600073323,0,07,000,00,0,7,02,A01
200600073324,0,07,000,00,2,3,10,A01
200600073324,0,10,000,00,2,2,01,B02
200600073325,0,31,000,00,2,7,15,A01
200600073325,0,07,000,00,2,1,19,B02
200600073326,0,07,000,00,9,2,01,A01
200600073326,0,01,000,00,0,8,01,B02
200600073327,0,07,000,13,0,1,13,A01
200600073328,0,02,000,00,0,6,01,A01
200600073329,0,07,000,13,0,7,01,A01
200600073330,0,07,000,00,1,1,01,A01
200600073331,0,07,000,00,2,2,01,A01
200600073331,0,01,000,00,2,1,15,B02
200600073332,0,07,000,00,0,3,19,A01
200600073332,0,07,000,00,0,1,01,B02
200600073333,0,07,000,00,2,3,01,A01
200600073333,0,03,000,00,2,3,01,B02
200600073334,0,30,000,00,1,0,01,A01
200600073335,0,07,000,00,1,7,01,A01
200600073336,0,07,000,13,0,9,01,A01
200600073337,0,07,000,01,0,1,01,A01
200600073338,0,07,000,00,0,2,19,A01
200600073338,0,02,000,00,0,3,00,B02
200600073339,0,07,000,00,2,8,09,A01
200600073339,0,01,000,00,2,7,01,B02
200600073340,0,07,000,00,2,3,19,A01
200600073340,0,07,000,00,0,2,01,B02
200600073341,0,10,000,00,0,4,04,A01
200600073341,0,30,000,00,2,1,02,B02
200600073342,0,07,000,00,2,5,01,A01
200600073342,0,07,000,00,2,5,00,B02
200600073343,0,07,000,00,2,3,09,A01
200600073343,0,02,000,00,2,7,01,B02
200600073344,0,07,000,00,2,8,01,A01
200600073344,0,14,000,00,2,3,01,B02
200600073345,0,07,000,00,2,2,01,A01
200600073345,0,07,000,00,2,2,13,B02
200600073346,0,07,000,00,2,1,01,A01
200600073346,0,07,000,00,2,4,15,B02
200600073347,0,07,000,00,2,7,15,A01
200600073347,0,01,000,00,2,1,01,B02
200600073348,0,07,000,00,0,2,01,A01
200600073348,0,07,000,13,0,6,19,B02
200600073349,0,07,000,00,2,8,01,A01
200600073349,0,07,000,00,2,3,13,B02
200600073350,0,07,000,13,0,7,14,A01
200600073351,0,07,000,00,2,1,05,A01
200600073351,0,07,000,00,2,1,21,B02
200600073352,0,07,000,00,2,3,13,A01
200600073352,0,37,000,00,2,3,01,B02
200600073353,0,07,000,02,0,5,13,A01
200600073354,0,07,000,00,0,8,15,A01
200600073354,0,31,000,00,2,2,17,B02
200600073355,0,07,000,13,0,1,00,A01
200600073356,0,07,000,00,2,3,15,A01
200600073356,0,01,000,00,2,2,01,B02
200600073357,0,07,000,00,2,4,01,A01
200600073357,0,07,000,00,2,1,02,B02
200600073358,0,07,000,13,0,8,01,A01
200600073359,0,07,000,00,2,1,01,A01
200600073359,0,07,000,00,2,1,05,B02
200600073360,0,07,000,00,2,1,01,A01
200600073360,0,07,000,00,2,8,19,B02
200600073361,0,07,000,00,2,1,01,A01
200600073361,0,07,000,00,2,3,19,B02
200600073362,0,07,000,00,9,2,01,A01
200600073362,0,01,000,00,2,4,01,B02
200600073363,0,30,000,02,0,1,01,A01
200600073364,0,07,000,00,0,8,10,A01
200600073364,0,07,000,00,0,1,17,B02
200600073365,0,07,000,00,9,8,19,A01
200600073365,0,02,000,00,2,1,01,B02
200600073366,0,02,000,00,2,8,01,B02
200600073366,0,07,000,00,2,1,19,A01
200600073367,0,30,000,00,2,8,19,B02
200600073367,0,07,000,00,2,1,01,A01
200600073368,0,07,000,02,0,8,01,A01
200600073369,0,07,000,13,0,1,14,A01
200600073370,0,07,000,00,1,2,01,A01
200600073371,0,10,000,00,2,8,19,A01
200600073371,0,07,000,00,2,3,01,B02
200600073372,0,07,000,00,1,2,01,A01
200600073373,0,17,000,00,2,8,15,A01
200600073373,0,02,000,00,2,1,01,B02
200600073374,0,07,000,00,2,8,15,A01
200600073374,0,02,000,00,2,1,01,B02
200600073375,0,07,000,02,0,1,01,A01
200600073376,0,10,000,00,2,1,19,A01
200600073376,0,07,000,13,2,7,01,B02
200600073376,0,07,000,13,2,7,01,C03
200600073377,0,07,000,00,2,3,19,A01
200600073377,0,02,000,00,2,7,01,B02
200600073378,0,31,000,11,0,1,01,A01
200600073379,0,07,000,06,0,2,14,A01
200600073380,0,07,000,00,1,3,01,A01
200600073381,0,07,000,09,0,1,14,A01
200600073382,0,07,000,00,1,3,01,A01
200600073383,0,07,000,00,1,2,01,A01
200600073384,0,21,000,00,2,3,15,A01
200600073384,0,33,000,00,2,3,01,B02
200600073385,0,07,000,13,0,9,01,A01
200600073386,0,07,000,00,9,1,09,A01
200600073386,0,01,000,00,2,1,01,B02
200600073387,0,07,000,13,2,9,02,A01
200600073387,0,10,000,00,2,6,02,B02
200600073387,0,07,000,00,2,1,17,C03
200600073388,0,33,000,13,0,1,01,A01
200600073389,0,07,000,13,0,2,01,A01
200600073389,0,07,000,00,9,1,01,B02
200600073389,0,07,000,14,0,1,01,C03
200600073390,0,07,000,00,2,1,01,A01
200600073390,0,07,000,00,2,1,01,B02
200600073391,0,07,000,00,0,0,23,A01
200600073391,0,07,000,00,2,7,19,B02
200600073391,0,10,000,02,2,1,01,C03
200600073392,0,10,000,00,2,1,01,A01
200600073392,0,02,000,00,0,0,05,B02
200600073393,0,07,000,13,0,9,01,A01
200600073394,0,07,000,00,2,5,01,A01
200600073394,0,02,000,00,2,1,00,B02
200600073395,0,07,000,00,2,8,19,A01
200600073395,0,07,000,00,2,1,01,B02
200600073396,0,30,000,00,2,1,05,A01
200600073396,0,07,000,00,2,3,15,B02
200600073397,0,14,000,00,2,1,13,A01
200600073397,0,10,000,00,2,1,01,B02
200600073398,0,07,000,00,2,2,02,A01
200600073398,0,07,000,00,2,6,02,B02
200600073399,0,15,000,00,2,2,02,A01
200600073399,0,10,000,00,0,6,02,B02
200600073400,0,10,000,00,2,3,01,A01
200600073400,0,14,000,00,2,3,01,B02
200600073401,0,07,000,16,0,1,13,A01
200600073402,0,10,000,13,2,5,01,A01
200600073402,0,07,000,00,2,3,12,B02
200600073403,0,07,000,00,2,3,15,A01
200600073403,0,07,000,00,2,1,01,B02
200600073404,0,07,000,06,0,3,01,A01
200600073405,0,07,000,00,2,2,01,A01
200600073405,0,21,000,00,2,3,01,B02
200600073406,0,07,000,00,2,7,15,A01
200600073406,0,02,000,00,2,1,01,B02
200600073407,0,07,000,00,2,7,15,A01
200600073407,0,14,000,00,2,1,01,B02
200600073408,0,10,000,00,2,1,13,A01
200600073408,0,07,000,00,2,1,01,B02
200600073409,0,07,000,13,0,2,01,A01
200600073410,0,01,000,00,0,4,01,A01
200600073410,0,07,000,00,2,1,02,B02
200600073410,0,07,000,00,9,4,01,C03
200600073411,0,07,000,00,2,2,17,A01
200600073411,0,07,000,00,2,3,01,B02