Num_Acc,senc,catv,occutc,obs,obsm,choc,manv,num_veh
200600074197,0,16,000,00,0,1,00,B02
200600074198,0,02,000,00,2,1,15,A01
200600074198,0,07,000,00,2,2,01,B02
200600074199,0,07,000,09,0,8,00,A01
200600074200,0,01,000,00,0,1,13,A01
200600074201,0,17,000,13,0,3,19,A01
200600074202,0,07,000,16,0,1,14,A01
200600074203,0,07,000,02,0,8,14,A01
200600074204,0,07,000,00,0,3,13,A01
200600074204,0,13,000,00,0,3,01,B02
200600074205,0,07,000,02,0,8,14,A01
200600074206,0,02,000,00,0,0,01,A01
200600074207,0,07,000,02,0,1,01,A01
200600074208,0,07,000,00,0,0,00,A01
200600074208,0,07,000,00,2,1,13,B02
200600074209,0,07,000,00,2,3,01,A01
200600074209,0,07,000,00,2,3,13,B02
200600074210,0,10,000,00,2,3,15,A01
200600074210,0,31,000,00,2,1,17,B02
200600074211,0,07,000,00,2,3,01,A01
200600074211,0,02,000,00,2,1,13,B02
200600074212,0,07,000,00,2,8,05,A01
200600074212,0,07,000,00,2,1,01,B02
200600074213,0,07,000,00,2,7,19,A01
200600074213,0,07,000,00,2,1,01,B02
200600074214,0,10,000,00,0,1,01,A01
200600074215,0,07,000,00,0,0,00,A01
200600074216,0,07,000,13,0,1,01,A01
200600074217,0,07,000,00,0,1,01,A01
200600074218,0,03,000,00,2,3,13,A01
200600074218,0,07,000,00,2,3,01,B02
200600074219,0,07,000,02,0,1,01,A01
200600074220,0,07,000,02,0,5,01,A01
200600074221,0,07,000,00,2,7,02,A01
200600074222,0,07,000,00,0,2,01,A01
200600074223,0,02,000,14,2,1,01,A01
200600074223,0,07,000,00,2,3,01,B02
200600074224,0,07,000,08,0,7,13,A01
200600074225,0,07,000,00,1,2,19,A01
200600074226,0,07,000,00,1,3,01,A01
200600074227,0,07,000,00,2,3,01,A01
200600074227,0,10,000,00,2,8,01,B02
200600074228,0,07,000,13,0,1,05,A01
200600074229,0,31,000,00,2,1,01,A01
200600074229,0,31,000,00,0,4,01,B02
200600074230,0,03,000,00,2,3,13,A01
200600074230,0,07,000,00,2,3,01,B02
200600074231,0,07,000,03,2,5,13,A01
200600074231,0,07,000,00,2,1,01,B02
200600074232,0,30,000,11,2,1,05,A01
200600074232,0,07,000,00,2,8,01,B02
200600074232,0,07,000,00,2,1,01,C03
200600074233,0,07,000,02,0,2,01,A01
200600074234,0,07,000,00,2,4,23,A01
200600074234,0,31,000,00,2,1,02,B02
200600074235,0,07,000,00,2,1,01,A01
200600074235,0,07,000,00,2,1,01,B02
200600074236,0,07,000,00,1,1,01,A01
200600074237,0,07,000,00,6,3,01,A01
200600074237,0,07,000,00,6,1,01,B02
200600074238,0,07,000,00,1,2,21,A01
200600074239,0,07,000,00,2,3,09,A01
200600074239,0,07,000,00,2,2,02,B02
200600074240,0,10,000,06,0,8,21,A01
200600074241,0,07,000,00,2,3,21,A01
200600074241,0,07,000,00,2,1,13,B02
200600074242,0,14,000,00,0,0,00,A01
200600074243,0,30,000,00,2,7,05,A01
200600074243,2,07,000,00,2,1,01,B02
200600074244,0,07,000,00,2,2,17,A01
200600074244,0,01,000,00,2,6,01,B02
200600074245,0,02,000,00,2,1,01,A01
200600074245,0,07,000,00,2,3,15,B02
200600074246,0,07,000,02,0,3,01,A01
200600074247,0,07,000,00,2,8,13,A01
200600074247,0,07,000,02,2,2,17,B02
200600074248,0,07,000,00,2,1,23,A01
200600074248,0,07,000,00,2,1,05,B02
200600074249,0,07,000,00,2,2,01,B02
200600074249,0,07,000,00,2,3,19,A01
200600074250,0,07,000,00,2,3,01,A01
200600074250,0,07,000,00,2,1,05,B02
200600074251,0,07,000,06,0,1,01,A01
200600074252,0,07,000,00,1,1,01,A01
200600074253,0,07,000,08,0,5,00,A01
200600074254,0,07,000,06,0,4,01,A01
200600074255,0,07,000,00,2,3,01,A01
200600074255,0,07,000,00,2,3,13,B02
200600074256,0,07,000,00,2,2,13,A01
200600074256,0,07,000,00,0,3,01,B02
200600074257,0,02,000,00,2,1,01,A01
200600074257,0,07,000,00,2,3,01,B02
200600074258,0,07,000,00,1,2,02,A01
200600074259,0,10,000,00,2,2,01,A01
200600074259,0,07,000,00,2,8,19,B02
200600074260,0,07,000,00,0,3,01,A01
200600074260,0,02,000,00,0,3,01,B02
200600074261,0,33,000,02,0,8,14,A01
200600074262,0,21,000,00,2,1,01,A01
200600074262,0,33,000,00,2,1,01,B02
200600074263,0,07,000,00,2,1,02,A01
200600074263,0,07,000,00,1,4,01,B02
200600074264,0,07,000,08,0,1,19,A01
200600074265,0,07,000,13,0,3,01,A01
200600074266,0,07,000,00,2,3,01,A01
200600074266,0,02,000,00,2,1,15,B02
200600074267,0,07,000,00,2,1,23,A01
200600074267,0,07,000,00,5,1,01,B02
200600074268,0,07,000,02,0,1,01,A01
200600074269,0,07,000,13,0,1,01,A01
200600074270,0,07,000,00,2,3,13,A01
200600074270,0,14,000,00,2,3,01,B02
200600074270,0,07,000,00,2,3,01,C03
200600074271,0,07,000,00,1,1,16,A01
200600074272,0,07,000,00,2,1,13,A01
200600074272,0,38,000,00,2,3,01,B02
200600074273,0,07,000,00,1,0,01,A01
200600074274,0,07,000,00,2,6,19,A01
200600074274,0,02,000,00,2,1,01,B02
200600074275,0,07,000,00,2,1,15,A01
200600074275,0,02,000,00,2,1,01,B02
200600074276,0,17,000,00,2,1,13,A01
200600074276,0,17,000,00,2,1,01,B02
200600074277,0,07,000,00,0,1,01,A01
200600074278,0,07,000,00,2,3,01,A01
200600074278,0,07,000,00,2,3,01,B02
200600074279,0,07,000,00,1,3,01,A01
200600074280,0,07,000,00,1,1,01,A01
200600074281,0,07,000,00,2,8,19,A01
200600074281,0,30,000,00,2,1,01,B02
200600074282,0,07,000,08,0,7,14,A01
200600074283,0,07,000,00,2,8,13,A01
200600074283,0,07,000,00,2,1,01,B02
200600074283,0,07,000,00,2,1,01,C03
200600074284,0,07,000,00,2,1,02,A01
200600074284,0,02,000,00,2,4,01,B02
200600074285,0,07,000,00,2,3,01,A01
200600074285,0,07,000,00,2,1,15,B02
200600074286,0,07,000,16,0,0,01,A01
200600074287,0,07,000,00,2,3,01,A01
200600074287,0,07,000,00,2,2,15,B02
200600074288,0,07,000,00,2,7,01,A01
200600074288,0,07,000,00,2,1,01,B02
200600074289,0,14,000,06,0,1,01,A01
200600074290,0,07,000,00,2,2,13,A01
200600074290,0,07,000,00,2,2,01,B02
200600074291,0,07,000,00,2,5,19,A01
200600074291,0,07,000,00,2,8,23,B02
200600074291,0,07,000,00,2,1,01,C03
200600074292,0,07,000,08,0,9,01,A01
200600074293,0,07,000,00,0,1,01,B02
200600074293,0,07,000,00,0,1,15,A01
200600074294,0,07,000,13,0,1,00,A01
200600074295,0,02,000,00,2,1,01,A01
200600074295,0,07,000,00,0,0,00,B02
200600074296,0,07,000,16,0,3,01,A01
200600074297,0,07,000,00,2,2,17,A01
200600074297,0,07,000,16,0,9,02,B02
200600074297,0,07,000,08,0,5,02,C03
200600074298,0,21,000,01,0,5,24,A01
200600074298,0,07,000,01,0,2,01,B02
200600074299,0,10,000,00,1,1,20,A01
200600074300,0,07,000,13,0,3,01,A01
200600074301,0,07,000,08,0,9,01,A01
200600074302,0,07,000,00,0,9,02,A01
200600074302,0,15,000,00,2,2,02,B02
200600074303,0,17,000,00,2,2,14,A01
200600074303,0,15,000,00,0,4,01,B02
200600074304,0,07,000,00,2,1,01,A01
200600074304,0,07,000,00,0,4,01,B02
200600074305,0,07,000,03,0,9,21,A01
200600074306,0,07,000,16,0,1,01,A01
200600074307,0,07,000,00,2,1,01,B02
200600074307,0,07,000,00,0,8,15,A01
200600074308,0,07,000,00,0,3,01,A01
200600074308,0,10,000,00,0,3,01,B02
200600074309,0,07,000,00,2,3,02,A01
200600074309,0,17,000,00,2,0,02,B02
200600074310,0,07,000,13,0,0,13,A01
200600074311,0,07,000,00,2,1,01,A01
200600074311,0,20,000,00,2,4,01,B02
200600074311,0,07,000,00,2,3,01,C03
200600074312,0,07,000,00,2,2,13,A01
200600074312,0,07,000,00,2,3,01,B02
200600074313,0,33,000,15,0,1,01,A01
200600074314,0,07,000,00,1,1,01,A01
200600074315,0,07,000,00,0,2,01,A01
200600074316,0,30,000,00,2,3,01,A01
200600074316,0,07,000,00,2,7,15,B02
200600074317,0,07,000,00,2,3,01,A01
200600074317,0,10,000,00,2,3,01,B02
200600074318,0,07,000,00,0,0,00,A01
200600074318,0,01,000,00,2,3,23,B02
200600074319,0,07,000,00,1,1,01,A01
200600074320,0,07,000,00,1,2,01,A01
200600074321,0,07,000,02,0,1,14,A01
200600074322,0,07,000,00,2,1,02,A01
200600074322,0,17,000,00,2,6,02,B02
200600074323,0,07,000,06,0,3,13,A01
200600074324,0,07,000,01,0,1,13,A01
200600074325,0,07,000,00,5,1,01,A01
200600074326,0,10,000,06,0,1,01,A01
200600074327,0,07,000,00,2,3,15,A01
200600074327,0,02,000,00,2,1,17,B02
200600074328,0,07,000,00,2,1,01,A01
200600074328,0,17,000,00,2,8,04,B02
200600074329,0,07,000,00,2,2,15,A01
200600074329,0,02,000,00,2,1,01,B02
200600074330,0,30,000,00,2,1,01,A01
200600074330,0,07,000,00,2,5,15,B02
200600074331,0,07,000,00,1,2,01,A01
200600074332,0,07,000,13,0,9,01,A01
200600074333,0,07,000,00,2,2,02,A01
200600074333,0,02,000,00,2,8,10,B02
200600074334,0,07,000,00,2,1,01,B02
200600074334,0,07,000,00,2,8,15,A01
200600074335,0,02,000,00,2,1,13,A01
200600074335,0,07,000,00,2,3,01,B02
200600074336,0,07,000,00,2,1,13,A01
200600074336,0,10,000,00,2,3,01,B02
200600074336,0,07,000,00,2,3,01,C03
200600074336,0,14,000,00,2,3,01,D04
200600074337,0,07,000,04,2,2,13,A01
200600074337,0,07,000,04,2,1,01,B02
200600074337,0,07,000,00,2,6,01,C03
200600074338,0,31,000,00,2,8,01,A01
200600074338,0,10,000,00,2,8,13,B02
200600074339,0,07,000,00,2,1,01,A01
200600074339,0,10,000,00,2,2,13,B02
200600074340,0,07,000,13,0,6,13,A01
200600074341,0,07,000,13,0,1,01,A01
200600074342,0,07,000,00,2,6,01,A01
200600074342,0,07,000,00,2,1,01,B02
200600074343,0,07,000,13,0,1,02,A01
200600074344,0,07,000,00,2,7,13,A01
200600074344,0,07,000,00,2,3,01,B02
200600074345,0,07,000,00,2,3,05,A01
200600074345,0,07,000,00,2,3,00,B02
200600074346,0,07,000,02,0,4,17,A01
200600074347,0,07,000,00,1,1,01,A01
200600074348,0,14,000,13,0,5,01,A01
200600074349,0,07,000,00,1,2,01,A01
200600074350,0,07,000,00,1,3,02,A01
200600074351,0,07,000,00,2,1,17,A01
200600074351,0,07,000,00,2,1,01,B02
200600074352,0,07,000,08,2,2,01,A01
200600074352,0,07,000,00,2,3,15,B02
200600074353,0,07,000,00,2,3,01,A01
200600074353,0,02,000,00,2,1,01,B02
200600074354,0,07,000,00,0,3,19,A01
200600074354,0,16,000,00,0,2,02,B02
200600074355,0,02,000,00,0,4,15,A01
200600074355,0,07,000,00,0,1,17,B02
200600074356,0,07,000,02,0,7,01,A01
200600074357,0,07,000,00,2,1,01,A01
200600074357,0,07,000,00,2,2,01,B02
200600074358,0,30,000,00,2,1,05,A01
200600074358,0,07,000,00,2,1,01,B02
200600074359,0,02,000,00,2,8,05,A01
200600074359,0,07,000,00,2,1,01,B02
200600074360,0,07,000,03,1,2,01,A01
200600074361,0,07,000,00,1,4,10,A01
200600074362,0,07,000,06,0,1,01,A01
200600074363,0,07,000,00,2,3,01,A01
200600074363,0,07,000,00,2,3,01,B02
200600074364,0,14,000,00,0,0,00,A01
200600074364,0,14,000,00,1,1,01,B02
200600074365,0,13,000,00,2,1,01,A01
200600074365,0,07,000,00,0,5,15,B02
200600074365,0,14,000,00,2,1,01,C03
200600074366,0,07,000,06,0,1,01,A01
200600074367,0,07,000,00,2,1,01,A01
200600074367,0,10,000,00,0,7,00,B02
200600074368,0,07,000,00,2,2,13,A01
200600074368,0,07,000,00,2,1,01,B02
200600074369,0,07,000,02,0,8,01,A01
200600074370,0,07,000,00,2,1,01,A01
200600074370,0,14,000,00,2,8,01,B02
200600074370,0,07,000,00,2,1,01,C03
200600074371,0,07,000,03,2,3,01,A01
200600074371,0,14,000,00,2,3,13,B02
200600074372,0,07,000,02,0,3,01,A01
200600074373,0,15,000,00,2,3,01,A01
200600074373,0,07,000,00,2,1,17,B02
200600074374,0,07,000,00,2,8,19,A01
200600074374,0,99,000,00,2,1,01,B02
200600074375,0,07,000,13,0,3,00,A01
200600074376,0,07,000,00,2,1,01,A01
200600074376,0,07,000,00,2,7,15,B02
200600074377,0,07,000,08,0,3,01,A01
200600074378,0,07,000,00,1,1,01,A01
200600074379,0,17,000,00,0,0,01,A01
200600074379,0,07,000,00,9,1,01,B02
200600074380,0,07,000,02,0,8,01,A01
200600074381,0,07,000,00,0,0,01,A01
200600074382,0,07,000,00,2,3,01,A01
200600074382,0,17,000,00,2,0,10,B02
200600074383,0,07,000,00,2,7,05,A01
200600074383,0,07,000,00,2,1,01,B02
200600074384,0,07,000,00,2,7,21,A01
200600074384,0,07,000,00,2,1,00,B02
200600074385,0,07,000,00,2,2,01,B02
200600074385,0,01,000,00,2,8,19,A01
200600074386,0,07,000,00,2,1,13,A01
200600074386,0,02,000,00,2,1,01,B02
200600074387,0,07,000,00,1,1,01,A01
200600074388,0,07,000,00,2,1,01,A01
200600074388,0,17,000,00,2,3,01,B02
200600074389,0,02,000,00,0,1,00,A01
200600074390,0,15,000,00,2,1,01,A01
200600074390,0,07,000,00,2,8,19,B02
200600074391,0,07,000,02,0,8,14,A01
200600074392,0,07,000,00,0,1,01,A01
200600074393,0,07,000,00,2,3,13,A01
200600074393,0,07,000,00,2,3,01,B02
200600074394,0,07,000,00,1,2,00,A01
200600074395,0,02,000,00,2,1,00,A01
200600074395,0,07,000,00,0,6,19,B02
200600074396,0,14,000,00,1,2,01,A01
200600074397,0,07,000,02,0,3,01,A01
200600074398,0,07,000,02,0,1,01,A01
200600074399,0,07,000,00,2,1,02,A01
200600074399,0,14,000,00,0,4,02,B02
200600074400,0,07,000,00,2,1,01,A01
200600074400,0,15,000,00,0,4,01,B02
200600074401,0,10,000,04,2,1,11,A01
200600074401,0,17,000,00,0,0,00,B02
200600074402,0,14,000,00,2,1,02,A01
200600074402,0,17,000,00,0,0,01,B02
200600074402,0,17,000,00,0,0,01,D04
200600074402,0,14,000,00,0,0,00,F06
200600074403,0,07,000,00,2,5,10,A01
200600074403,0,07,000,00,2,1,01,B02
200600074404,0,07,000,02,0,1,01,A01
200600074405,0,07,000,00,0,5,23,A01
200600074405,0,07,000,00,2,3,01,B02
200600074406,0,07,000,08,0,1,19,A01
200600074407,0,07,000,13,2,1,13,A01
200600074407,0,07,000,00,2,2,01,B02
200600074408,0,07,000,00,2,6,09,A01
200600074408,0,33,000,00,2,1,01,B02
200600074409,0,17,000,13,2,3,01,A01
200600074410,0,07,000,13,0,1,13,A01
200600074411,0,07,000,00,2,2,17,A01
200600074411,0,07,000,00,2,6,01,B02
200600074412,0,07,000,00,2,1,13,A01
200600074412,0,07,000,00,2,1,01,B02
200600074413,0,07,000,00,2,3,05,A01
200600074413,0,01,000,00,2,1,01,B02
200600074414,0,07,000,13,0,1,01,A01
200600074415,0,07,000,00,2,1,13,A01
200600074415,0,07,000,00,2,3,01,B02
200600074416,0,02,000,00,2,1,01,A01
200600074416,0,10,000,00,0,3,15,B02
200600074417,0,07,000,00,2,2,13,A01
200600074417,0,07,000,00,2,1,01,B02
200600074418,0,07,000,10,0,7,13,A01
200600074419,0,33,000,12,0,1,01,A01
200600074420,0,07,000,02,0,8,01,A01
200600074421,0,07,000,02,0,1,00,A01
200600074422,0,07,000,02,0,2,18,A01
200600074423,0,10,000,00,2,1,00,A01
200600074423,0,07,000,00,2,3,00,B02
200600074424,0,07,000,03,2,4,12,A01
200600074424,0,07,000,00,2,1,02,B02
200600074425,0,07,000,00,2,8,15,A01
200600074425,0,07,000,00,2,1,01,B02
200600074426,0,07,000,00,0,0,13,A01
200600074427,0,01,000,00,2,1,19,A01
200600074427,0,07,000,00,1,2,01,B02
200600074428,0,07,000,02,0,8,14,A01
200600074429,0,07,000,03,2,3,13,A01
200600074429,0,10,000,03,2,3,01,B02
200600074430,0,07,000,00,9,2,16,A01
200600074430,0,01,000,00,0,0,00,B02
200600074431,0,07,000,10,0,2,01,A01
200600074432,0,07,000,08,0,1,01,A01
200600074433,0,07,000,00,2,2,01,A01
200600074433,0,01,000,00,2,6,01,B02
200600074434,0,10,000,13,0,0,01,A01
200600074435,0,10,000,13,0,8,16,A01
200600074436,0,30,000,00,2,1,17,A01
200600074436,0,07,000,00,0,6,15,B02
200600074437,0,07,000,00,2,2,19,A01
200600074437,0,07,000,00,2,8,01,B02
200600074438,0,07,000,00,2,1,01,A01
200600074438,0,07,000,00,0,4,23,B02
200600074439,0,07,000,00,2,6,21,A01
200600074439,0,07,000,00,2,2,02,B02
200600074440,0,07,000,00,2,7,13,A01
200600074440,0,07,000,00,2,1,01,B02
200600074441,0,07,000,00,0,3,00,A01
200600074442,0,07,000,08,0,6,14,A01
200600074443,0,07,000,00,2,2,01,A01
200600074443,0,07,000,00,2,3,19,B02
200600074444,0,07,000,00,2,3,24,A01
200600074444,0,07,000,00,0,3,01,B02
200600074445,0,07,000,00,0,9,01,A01
200600074446,0,07,000,02,0,1,00,A01
200600074447,0,07,000,00,1,2,01,A01
200600074448,0,07,000,00,2,1,01,A01
200600074448,0,07,000,00,2,7,01,B02
200600074448,0,07,000,00,2,8,23,C03
200600074449,0,07,000,00,2,1,01,A01
200600074449,0,20,000,00,0,4,01,B02
200600074450,0,07,000,01,0,1,02,A01
200600074450,0,07,000,01,0,1,02,B02
200600074450,0,07,000,00,0,4,23,C03
200600074451,0,10,000,13,2,8,13,A01
200600074451,0,07,000,00,2,3,01,B02
200600074452,0,07,000,00,2,1,00,A01
200600074452,0,07,000,00,2,1,13,B02
200600074453,0,31,000,00,0,3,01,A01
200600074453,0,10,000,03,0,3,15,B02
200600074454,0,07,000,00,2,5,16,A01
200600074454,0,02,000,00,2,1,01,B02
200600074455,0,10,000,00,0,8,10,A01
200600074455,0,07,000,00,2,1,01,B02
200600074456,0,07,000,16,0,9,13,A01
200600074457,0,10,000,00,2,2,15,A01
200600074457,0,30,000,00,2,1,00,B02
200600074458,0,07,000,00,0,4,04,A01
200600074459,0,07,000,06,0,1,01,A01
200600074460,0,31,000,00,1,2,01,A01
200600074461,0,07,000,00,9,3,13,A01
200600074461,0,01,000,00,2,1,01,B02
200600074462,0,07,000,00,1,1,01,A01
200600074463,0,07,000,00,2,1,01,A01
200600074463,0,31,000,00,2,1,13,B02
200600074464,0,07,000,02,0,7,01,A01
200600074465,0,07,000,00,2,3,01,A01
200600074465,0,33,000,00,2,3,01,B02
200600074466,0,07,000,00,1,2,16,A01
200600074467,1,99,000,00,1,1,01,A01
200600074468,0,33,000,05,0,1,01,A01
200600074469,0,07,000,00,2,3,01,A01
200600074469,0,07,000,00,2,2,01,B02
200600074470,0,07,000,00,9,9,04,A01
200600074471,0,07,000,00,2,2,01,A01
200600074471,0,20,000,00,2,1,19,B02
200600074472,0,07,000,02,0,7,17,A01
200600074473,0,07,000,00,2,1,01,A01
200600074473,0,07,000,00,2,1,13,B02
200600074474,0,07,000,00,2,3,01,A01
200600074474,0,07,000,00,2,3,13,B02
200600074475,0,07,000,00,2,3,01,A01
200600074475,0,07,000,00,2,8,01,B02
200600074476,0,07,000,01,0,2,02,A01
200600074477,0,07,000,00,0,9,01,A01
200600074478,0,07,000,00,2,1,13,A01
200600074478,0,07,000,00,2,3,01,B02
200600074479,0,10,000,00,1,1,01,A01
200600074480,0,07,000,00,2,1,13,A01
200600074480,0,07,000,00,2,1,01,B02
200600074481,0,07,000,00,0,3,15,A01
200600074481,0,30,000,00,0,1,01,B02
200600074482,0,07,000,00,2,1,01,A01
200600074482,0,07,000,00,2,1,13,B02
200600074483,0,31,000,07,0,1,14,A01
200600074484,0,07,000,00,2,5,15,A01
200600074484,0,07,000,00,2,3,01,B02
200600074485,0,07,000,00,2,5,12,A01
200600074485,0,30,000,00,2,1,11,B02
200600074486,0,02,000,11,0,1,01,A01
200600074487,0,31,000,00,0,0,00,A01
200600074488,0,10,000,06,0,9,01,A01
200600074489,0,30,000,00,2,7,17,A01
200600074489,0,07,000,00,2,3,15,B02
200600074490,0,07,000,00,2,2,01,A01
200600074490,0,36,000,00,2,1,01,B02
200600074491,0,10,000,00,2,5,15,A01
200600074491,0,33,000,00,2,2,01,B02
200600074492,0,07,000,00,2,3,01,A01
200600074492,0,33,000,00,2,3,17,B02
200600074493,0,30,000,01,0,1,01,A01
200600074494,0,31,000,00,2,1,01,B02
200600074494,0,14,000,00,2,8,09,A01
200600074495,0,07,000,00,2,8,19,A01
200600074495,0,31,000,01,0,1,01,B02
200600074496,0,07,000,00,2,7,15,A01
200600074496,0,07,000,00,2,2,01,B02
200600074497,0,07,000,00,2,6,15,A01
200600074497,0,02,000,00,2,1,00,B02
200600074498,0,07,000,00,0,3,02,A01
200600074498,0,02,000,00,0,4,09,B02
200600074499,0,07,000,00,2,1,15,A01
200600074499,0,07,000,00,2,1,01,B02
200600074500,0,07,000,00,2,8,01,A01
200600074500,0,07,000,00,2,1,01,B02
200600074501,0,07,000,02,0,1,01,A01
200600074502,0,10,000,00,2,2,00,A01
200600074502,0,10,000,00,2,1,01,B02
200600074503,0,07,000,00,2,1,00,A01
200600074503,0,07,000,00,2,3,00,B02
200600074504,0,07,000,00,2,3,01,A01
200600074504,0,07,000,00,2,3,13,B02
200600074505,0,07,000,00,2,1,01,A01
200600074505,0,07,000,00,2,1,01,B02
200600074506,0,07,000,00,2,1,15,A01
200600074506,0,02,000,00,2,1,01,B02
200600074507,0,07,000,00,9,6,19,A01
200600074507,0,33,000,00,2,1,01,B02
200600074508,0,07,000,09,0,1,00,A01
200600074509,0,07,000,00,2,3,15,A01
200600074509,0,32,000,00,2,1,17,B02
200600074510,0,02,000,00,0,0,01,A01
200600074511,0,07,000,00,1,2,01,A01
200600074512,0,07,000,02,0,2,01,A01
200600074513,0,07,000,00,2,1,01,A01
200600074513,0,07,000,00,2,8,09,B02
200600074514,0,07,000,00,2,3,13,A01
200600074514,0,07,000,00,0,8,01,B02
200600074514,0,32,000,00,2,1,01,C03
200600074515,0,20,000,00,2,3,23,A01
200600074515,0,30,000,01,0,2,01,B02
200600074516,0,07,000,02,0,3,01,A01
200600074516,0,07,000,13,0,2,01,B02
200600074517,0,07,000,02,0,1,00,A01
200600074518,0,02,000,00,2,7,19,A01
200600074518,0,07,000,00,2,1,01,B02
200600074518,0,14,000,00,0,0,00,C03
200600074519,0,07,000,00,2,1,01,A01
200600074519,0,07,000,00,2,1,13,B02
200600074520,0,07,000,00,2,1,01,A01
200600074520,0,07,000,00,0,3,19,B02
200600074521,0,07,000,00,0,0,00,A01
200600074522,0,07,000,13,0,1,14,A01
200600074523,0,03,000,00,0,4,01,A01
200600074523,0,07,000,00,2,1,01,B02
200600074524,0,07,000,00,0,3,16,A01
200600074524,0,14,000,00,2,2,21,B02
200600074525,0,07,000,00,2,6,15,A01
200600074525,0,02,000,00,2,7,17,B02
200600074526,0,07,000,00,2,3,01,A01
200600074526,0,20,000,00,2,3,01,B02
200600074527,0,07,000,00,2,1,01,A01
200600074527,0,07,000,00,2,1,01,B02
200600074528,0,07,000,00,0,7,19,A01
200600074528,0,02,000,00,2,1,01,B02
200600074529,0,07,000,02,0,8,00,A01
200600074530,0,07,000,00,1,1,20,A01
200600074531,0,07,000,00,1,1,01,A01
200600074532,0,10,000,00,1,1,15,A01
200600074533,0,07,000,00,2,3,05,A01
200600074533,0,07,000,00,2,3,01,B02
200600074534,0,07,000,13,0,9,01,A01
200600074535,0,33,000,00,2,1,17,A01
200600074535,0,07,000,00,2,6,15,B02
200600074536,0,07,000,00,1,3,01,A01
200600074537,0,07,000,02,0,2,01,A01
200600074538,0,07,000,00,0,6,15,A01
200600074538,0,33,000,00,2,1,17,B02
200600074539,0,07,000,00,2,3,01,A01
200600074539,0,02,000,00,2,2,13,B02
200600074540,0,07,000,02,0,8,01,A01
200600074541,0,02,000,00,1,1,01,A01
200600074542,0,07,000,13,0,2,01,A01
200600074543,0,10,000,00,2,1,15,A01
200600074543,0,07,000,00,2,1,01,B02
200600074544,0,07,000,00,2,3,01,A01
200600074544,0,07,000,00,2,4,01,B02
200600074545,0,07,000,02,0,1,00,A01
200600074546,0,07,000,00,1,1,01,A01
200600074547,0,07,000,00,2,8,01,A01
200600074547,0,01,000,00,2,3,01,B02
200600074548,0,10,000,00,2,3,01,A01
200600074548,0,07,000,00,2,1,13,B02
200600074549,0,07,000,01,0,1,02,A01
200600074549,0,07,000,01,0,4,23,B02
200600074549,0,07,000,01,0,4,23,C03
200600074550,0,14,000,00,0,7,16,A01
200600074550,0,07,000,00,2,3,01,B02
200600074550,0,07,000,00,2,3,01,C03
200600074551,0,33,000,06,0,8,01,A01
200600074552,0,07,000,00,2,5,15,A01
200600074552,0,02,000,00,2,1,01,B02
200600074553,0,07,000,00,2,3,01,A01
200600074553,0,07,000,00,2,3,01,B02
200600074554,0,07,000,00,2,2,11,A01
200600074554,0,02,000,00,2,1,01,B02
200600074555,0,14,000,03,0,0,01,A01
200600074556,0,07,000,00,1,2,01,A01
200600074557,0,07,000,00,2,2,01,A01
200600074557,0,07,000,00,2,3,01,B02
200600074557,0,07,000,00,2,1,13,C03
200600074557,0,07,000,00,2,1,01,D04
200600074558,0,07,000,00,0,0,00,A01
200600074558,0,07,000,00,2,3,19,B02
200600074558,0,33,000,00,2,1,13,C03
200600074559,0,33,000,00,2,8,01,A01
200600074560,0,07,000,02,0,1,01,A01
200600074561,0,07,000,00,2,3,17,A01
200600074561,0,07,000,00,2,3,01,B02
200600074561,0,14,000,13,0,1,01,C03
200600074561,0,14,000,00,2,1,01,D04
200600074561,0,17,000,00,1,8,01,E05
200600074562,0,07,000,00,2,2,19,B02
200600074562,0,10,000,00,2,2,01,A01
200600074563,0,07,000,02,0,1,01,A01
200600074564,0,07,000,00,2,3,13,A01
200600074564,0,07,000,00,2,2,01,B02
200600074565,0,07,000,00,2,2,19,A01
200600074565,0,01,000,00,2,8,01,B02
200600074566,0,07,000,00,1,2,01,A01
200600074567,0,30,000,13,0,1,13,A01
200600074568,0,07,000,00,2,2,02,A01
200600074569,0,07,000,08,0,3,14,A01
200600074570,0,10,000,00,2,5,15,A01
200600074570,0,07,000,00,0,0,00,B02
200600074571,0,07,000,02,0,8,01,A01
200600074572,0,07,000,00,2,3,13,A01
200600074572,0,07,000,00,2,3,01,B02
200600074573,0,07,000,01,0,1,01,A01
200600074574,0,07,000,00,2,5,13,A01
200600074574,0,07,000,00,2,1,01,B02
200600074575,0,07,000,00,0,5,23,A01
200600074575,0,02,000,01,0,1,02,B02
200600074576,0,07,000,00,2,1,05,A01
200600074576,0,07,000,00,2,3,01,B02
200600074577,0,07,000,00,2,3,16,A01
200600074577,0,31,000,00,2,1,01,B02
200600074578,0,07,000,00,0,2,01,A01
200600074579,0,07,000,13,0,1,14,A01
200600074580,0,07,000,00,0,1,01,A01
200600074580,0,07,000,00,0,1,13,B02
200600074581,0,07,000,00,2,1,01,A01
200600074581,0,07,000,00,2,1,10,B02
200600074582,0,07,000,00,0,0,00,A01
200600074583,0,07,000,06,2,3,13,A01
200600074583,0,10,000,00,2,1,01,B02
200600074584,0,15,000,00,9,0,01,A01
200600074584,0,01,000,00,2,8,01,B02
200600074585,0,07,000,01,0,1,11,A01