Num_Acc,senc,catv,occutc,obs,obsm,choc,manv,num_veh
200600074585,0,07,000,00,6,1,17,B02
200600074586,0,07,000,13,0,2,01,A01
200600074587,0,07,000,00,1,2,01,A01
200600074588,0,07,000,00,1,8,01,A01
200600074589,0,32,000,00,2,1,02,A01
200600074589,0,07,000,00,2,8,15,B02
200600074590,0,07,000,13,0,2,01,A01
200600074591,0,07,000,00,0,1,01,A01
200600074592,0,07,000,02,0,0,14,A01
200600074593,0,07,000,10,0,1,13,A01
200600074594,0,07,000,02,0,1,01,A01
200600074595,0,07,000,00,0,1,05,A01
200600074595,0,07,000,00,0,1,00,B02
200600074595,0,07,000,00,0,0,00,C03
200600074596,0,30,000,00,0,2,16,A01
200600074597,0,07,000,13,0,1,01,A01
200600074598,0,07,000,00,2,3,00,A01
200600074598,0,10,000,00,0,0,00,B02
200600074599,0,10,000,00,2,1,01,A01
200600074599,0,07,000,00,2,4,01,B02
200600074599,0,07,000,00,2,4,15,C03
200600074599,0,07,000,02,2,7,01,D04
200600074600,0,07,000,00,2,3,10,A01
200600074600,0,07,000,00,2,2,01,B02
200600074601,0,07,000,13,0,3,01,A01
200600074602,0,07,000,13,0,2,00,A01
200600074603,0,10,000,06,0,2,01,A01
200600074604,0,07,000,00,2,3,01,A01
200600074604,0,07,000,00,2,1,01,B02
200600074605,0,13,000,00,2,3,01,A01
200600074605,0,07,000,00,2,2,13,B02
200600074606,0,07,000,00,2,8,01,A01
200600074606,0,07,000,00,2,8,01,B02
200600074607,0,07,000,00,2,1,13,A01
200600074607,0,17,000,00,2,1,13,B02
200600074608,0,07,000,00,2,1,01,A01
200600074608,0,07,000,00,0,0,09,B02
200600074609,0,07,000,00,1,1,01,A01
200600074610,0,07,000,00,1,1,01,A01
200600074611,0,07,000,02,0,3,14,A01
200600074612,0,07,000,03,0,9,19,A01
200600074613,0,10,000,00,2,2,01,A01
200600074613,0,02,000,00,2,1,01,B02
200600074614,0,07,000,00,0,1,00,A01
200600074615,0,07,000,00,2,0,06,A01
200600074615,0,33,000,00,2,0,00,B02
200600074616,0,07,000,00,1,2,01,A01
200600074617,0,07,000,12,1,2,14,A01
200600074618,0,07,000,16,0,9,01,A01
200600074619,0,10,000,00,2,4,04,A01
200600074619,0,02,000,00,2,1,01,B02
200600074620,0,07,000,00,2,1,13,A01
200600074620,0,07,000,00,2,2,00,B02
200600074621,0,02,000,00,2,3,02,B02
200600074621,0,14,000,00,2,1,02,A01
200600074622,0,07,000,00,2,1,01,A01
200600074622,0,07,000,00,0,7,19,B02
200600074623,0,07,000,00,2,3,13,A01
200600074623,0,07,000,00,2,3,01,B02
200600074624,0,07,000,00,2,1,13,A01
200600074624,0,07,000,00,2,1,01,B02
200600074625,0,07,000,13,0,1,13,A01
200600074626,0,07,000,02,0,1,13,A01
200600074627,0,07,000,00,2,2,01,A01
200600074627,0,07,000,00,2,1,01,B02
200600074628,0,07,000,13,0,2,01,A01
200600074629,0,07,000,00,2,1,13,A01
200600074629,0,07,000,00,2,1,01,B02
200600074630,0,14,000,05,0,3,13,A01
200600074631,0,14,000,00,0,0,00,A01
200600074632,0,07,000,13,0,2,01,A01
200600074633,0,07,000,00,2,1,02,A01
200600074633,0,07,000,00,2,4,23,B02
200600074634,0,07,000,06,0,1,01,A01
200600074635,0,07,000,00,1,1,01,A01
200600074636,0,07,000,08,0,1,01,A01
200600074637,0,07,000,00,2,1,15,A01
200600074637,0,10,000,00,2,1,01,B02
200600074638,0,07,000,13,0,1,14,A01
200600074639,0,07,000,00,2,2,17,A01
200600074639,0,10,000,00,2,3,15,B02
200600074640,0,07,000,16,0,8,01,A01
200600074641,0,07,000,00,2,3,01,A01
200600074641,0,07,000,00,0,3,13,B02
200600074642,0,07,000,08,0,3,19,A01
200600074643,0,07,000,13,0,9,14,A01
200600074644,0,07,000,00,2,3,13,A01
200600074644,0,07,000,00,2,3,01,B02
200600074645,0,10,000,00,2,7,19,A01
200600074645,0,10,000,00,2,1,01,B02
200600074646,0,07,000,00,2,3,02,A01
200600074646,0,01,000,00,0,4,02,B02
200600074647,0,07,000,00,0,9,01,A01
200600074648,0,07,000,00,0,0,00,A01
200600074648,0,07,000,00,2,1,01,B02
200600074649,0,07,000,00,2,1,13,A01
200600074649,0,07,000,00,2,1,01,B02
200600074650,0,02,000,00,0,0,01,A01
200600074651,0,10,000,00,2,2,15,A01
200600074651,0,10,000,00,2,1,01,B02
200600074652,0,33,000,12,0,1,01,A01
200600074653,0,14,000,00,0,4,04,A01
200600074654,0,33,000,00,2,1,13,A01
200600074654,0,07,000,00,2,3,01,B02
200600074655,0,14,000,00,2,1,19,A01
200600074655,0,14,000,00,2,1,01,B02
200600074656,0,33,000,00,1,2,13,A01
200600074657,0,07,000,00,0,1,01,A01
200600074658,0,30,000,00,0,0,00,A01
200600074659,0,07,000,00,2,1,01,A01
200600074659,0,30,000,00,2,9,13,B02
200600074660,0,30,000,00,0,7,00,A01
200600074661,0,07,000,00,5,1,01,A01
200600074661,0,07,000,00,5,3,01,B02
200600074662,0,07,000,14,0,1,01,A01
200600074663,0,07,000,00,2,1,01,A01
200600074663,0,07,000,00,2,4,01,B02
200600074664,0,17,000,00,1,3,01,A01
200600074665,0,07,000,00,0,7,19,A01
200600074665,0,31,000,00,2,1,01,B02
200600074666,0,07,000,00,0,0,00,A01
200600074666,0,38,000,00,2,2,01,B02
200600074667,0,14,000,16,0,1,00,A01
200600074668,0,07,000,13,0,1,13,A01
200600074669,0,07,000,00,2,2,19,A01
200600074669,0,07,000,00,2,2,01,B02
200600074670,0,07,000,03,0,2,14,A01
200600074671,0,07,000,00,2,1,01,A01
200600074671,0,07,000,00,0,7,13,B02
200600074672,0,07,000,00,2,1,13,A01
200600074672,0,37,000,15,2,3,21,B02
200600074673,0,07,000,00,2,3,13,A01
200600074673,0,07,000,00,2,2,00,B02
200600074674,0,02,000,06,0,1,01,A01
200600074675,0,07,000,00,2,8,01,B02
200600074675,0,07,000,00,2,2,01,A01
200600074676,0,07,000,00,0,9,01,A01
200600074677,0,07,000,00,9,3,02,A01
200600074677,0,15,000,00,0,8,15,B02
200600074678,0,33,000,00,6,0,01,A01
200600074679,0,07,000,00,2,3,15,A01
200600074679,0,32,000,00,2,3,01,B02
200600074679,0,10,000,00,2,1,01,C03
200600074680,0,07,000,00,2,3,13,A01
200600074680,0,07,000,00,2,3,01,B02
200600074680,0,07,000,14,2,8,21,C03
200600074681,0,07,000,00,0,1,01,A01
200600074681,0,07,000,00,0,1,01,B02
200600074682,0,07,000,16,0,1,01,A01
200600074683,0,07,000,16,0,0,13,A01
200600074684,0,07,000,13,0,1,00,A01
200600074685,0,14,000,01,0,1,02,A01
200600074685,0,07,000,00,2,4,24,B02
200600074686,0,07,000,00,2,8,00,A01
200600074686,0,01,000,00,2,1,01,B02
200600074687,0,07,000,13,0,1,13,A01
200600074688,0,07,000,00,2,1,02,A01
200600074688,0,07,000,00,0,5,01,B02
200600074689,0,10,000,00,2,3,01,A01
200600074689,0,07,000,00,2,8,13,B02
200600074690,0,07,000,03,0,1,01,A01
200600074691,0,07,000,00,0,1,00,A01
200600074692,0,02,000,00,0,4,02,A01
200600074692,0,14,000,00,2,2,01,B02
200600074693,0,07,000,00,0,4,02,A01
200600074694,0,07,000,00,2,7,13,A01
200600074694,0,07,000,00,2,1,01,B02
200600074695,0,07,000,00,2,3,13,A01
200600074695,0,07,000,00,2,3,01,B02
200600074696,0,07,000,00,2,1,01,A01
200600074696,0,03,000,00,0,4,01,B02
200600074697,0,07,000,00,2,8,20,A01
200600074697,0,33,000,00,2,1,01,B02
200600074698,0,07,000,06,0,0,01,A01
200600074699,0,07,000,00,2,1,11,A01
200600074699,0,07,000,00,2,1,01,B02
200600074700,0,07,000,00,0,7,13,A01
200600074700,0,07,000,00,2,1,01,B02
200600074701,0,07,000,00,1,2,15,A01
200600074702,0,07,000,00,2,3,13,A01
200600074702,0,07,000,00,2,3,01,B02
200600074703,0,10,000,00,2,8,10,A01
200600074703,0,30,000,00,2,1,01,B02
200600074704,0,07,000,00,2,1,13,A01
200600074704,0,07,000,00,2,1,01,B02
200600074705,0,07,000,13,0,2,01,A01
200600074706,0,38,000,00,2,7,16,A01
200600074706,0,01,000,00,2,3,19,B02
200600074707,0,02,000,00,2,3,13,A01
200600074707,0,10,000,00,2,3,01,B02
200600074708,0,07,000,02,0,7,01,A01
200600074709,0,07,000,02,0,6,01,A01
200600074710,0,07,000,00,2,1,17,A01
200600074710,0,07,000,00,2,1,01,B02
200600074711,0,07,000,00,1,1,15,A01
200600074712,0,07,000,00,2,2,01,A01
200600074712,0,07,000,00,2,5,01,B02
200600074713,0,07,000,00,1,2,17,A01
200600074714,0,01,000,00,2,8,09,B02
200600074714,0,07,000,00,9,3,01,A01
200600074715,0,07,000,00,0,6,15,A01
200600074715,0,07,000,00,0,3,01,B02
200600074716,0,02,000,00,2,1,01,A01
200600074716,0,07,000,00,2,1,01,B02
200600074717,0,07,000,00,2,8,01,A01
200600074717,0,07,000,00,2,1,01,B02
200600074717,0,15,000,00,2,1,01,C03
200600074718,0,10,000,00,1,2,02,A01
200600074719,0,07,000,01,0,4,02,A01
200600074719,0,07,000,13,0,9,23,B02
200600074720,0,01,000,00,2,7,17,A01
200600074720,0,01,000,00,2,8,02,B02
200600074721,0,02,000,00,6,1,01,A01
200600074722,0,07,000,02,0,7,01,A01
200600074723,0,07,000,00,0,2,13,A01
200600074723,0,07,000,00,0,3,01,B02
200600074724,0,30,000,00,2,1,01,A01
200600074724,0,30,000,00,2,4,16,B02
200600074725,0,07,000,00,5,1,01,A01
200600074725,0,07,000,00,5,3,01,B02
200600074725,0,07,000,00,5,3,01,C03
200600074726,0,07,000,00,1,1,01,A01
200600074727,0,07,000,08,2,3,01,A01
200600074727,0,07,000,00,2,3,16,B02
200600074728,0,07,000,00,2,3,13,A01
200600074728,0,07,000,00,2,1,01,B02
200600074729,0,10,000,00,2,3,00,A01
200600074729,0,07,000,00,2,3,13,B02
200600074730,0,07,000,00,2,1,16,A01
200600074730,0,07,000,00,2,3,01,B02
200600074730,0,07,000,00,2,1,01,C03
200600074731,0,07,000,02,0,7,13,A01
200600074732,0,07,000,00,2,7,13,A01
200600074732,0,07,000,00,2,1,01,B02
200600074733,0,07,000,00,2,3,15,A01
200600074733,0,01,000,00,2,1,01,B02
200600074734,0,17,000,00,2,8,01,A01
200600074734,0,10,000,00,2,1,13,B02
200600074735,0,07,000,13,0,1,01,A01
200600074736,0,07,000,00,9,2,15,A01
200600074736,0,01,000,00,2,3,01,B02
200600074737,0,07,000,00,6,1,01,A01
200600074738,0,07,000,02,0,1,01,A01
200600074739,0,07,000,00,2,1,13,A01
200600074739,0,07,000,00,2,5,21,B02
200600074739,0,07,000,00,2,1,01,C03
200600074740,0,10,000,13,0,3,14,A01
200600074741,0,07,000,00,2,5,19,A01
200600074741,0,02,000,00,2,1,01,B02
200600074742,0,07,000,00,2,1,01,A01
200600074742,0,07,000,00,2,7,19,B02
200600074743,0,07,000,00,2,1,13,A01
200600074743,0,14,000,00,2,3,01,B02
200600074744,0,07,000,06,0,9,01,A01
200600074745,0,07,000,00,0,1,01,A01
200600074746,0,07,000,00,2,5,10,A01
200600074746,0,07,000,00,2,1,01,B02
200600074747,0,07,000,16,0,2,00,A01
200600074748,0,10,000,00,2,4,09,A01
200600074748,0,02,000,00,2,1,02,B02
200600074749,0,07,000,02,0,1,14,A01
200600074750,0,07,000,00,0,3,01,A01
200600074750,0,07,000,00,0,3,01,B02
200600074751,0,07,000,00,0,3,01,A01
200600074751,0,07,000,00,0,3,01,B02
200600074752,0,07,000,00,2,1,06,A01
200600074752,0,07,000,00,2,1,01,B02
200600074753,0,07,000,13,0,1,01,A01
200600074754,0,07,000,00,2,1,15,A01
200600074754,0,07,000,00,2,1,01,B02
200600074755,1,07,000,00,1,2,02,A01
200600074756,0,07,000,00,2,2,01,A01
200600074756,0,02,000,00,0,4,00,B02
200600074757,0,07,000,00,2,2,01,A01
200600074757,0,30,000,00,2,8,15,B02
200600074758,0,07,000,00,2,3,15,A01
200600074758,0,02,000,00,2,8,01,B02
200600074759,0,07,000,13,0,1,01,A01
200600074760,0,07,000,00,2,3,05,A01
200600074760,0,07,000,00,2,1,05,B02
200600074761,0,07,000,00,0,1,00,A01
200600074762,0,07,000,00,2,2,01,A01
200600074762,0,07,000,00,2,1,01,B02
200600074763,0,07,000,00,2,3,01,A01
200600074763,0,07,000,00,2,3,01,B02
200600074764,0,10,000,00,2,2,17,A01
200600074764,0,01,000,00,2,4,01,B02
200600074765,0,07,000,13,0,2,01,A01
200600074766,0,07,000,00,2,1,01,A01
200600074766,0,07,000,00,2,8,19,B02
200600074767,0,07,000,00,2,3,19,B02
200600074767,0,07,000,00,2,1,01,A01
200600074768,0,07,000,00,2,7,13,A01
200600074768,0,07,000,00,2,1,01,B02
200600074769,0,07,000,13,0,1,01,A01
200600074770,0,07,000,00,2,8,19,B02
200600074770,0,07,000,16,2,1,01,A01
200600074771,0,07,000,13,0,1,01,A01
200600074772,0,02,000,00,2,1,01,A01
200600074772,0,07,000,00,2,7,15,B02
200600074773,0,15,000,00,0,9,01,A01
200600074774,0,02,000,13,0,2,17,A01
200600074774,0,02,000,00,0,3,01,B02
200600074775,0,07,000,00,2,1,17,A01
200600074776,0,07,000,13,0,3,17,A01
200600074777,0,07,000,00,1,1,19,A01
200600074778,0,07,000,13,0,1,01,A01
200600074779,0,07,000,00,0,1,01,A01
200600074779,0,07,000,00,0,0,00,B02
200600074780,0,07,000,02,0,3,01,A01
200600074781,0,07,000,02,6,3,14,A01
200600074782,0,33,000,03,0,7,17,A01
200600074783,0,30,000,08,0,1,13,A01
200600074784,0,07,000,00,2,7,15,A01
200600074784,0,07,000,00,2,2,01,B02
200600074785,0,07,000,00,0,8,19,A01
200600074785,0,10,000,00,2,2,02,B02
200600074786,0,07,000,00,1,2,01,A01
200600074787,0,07,000,00,2,1,01,A01
200600074787,0,07,000,06,2,1,01,B02
200600074787,0,07,000,00,2,1,05,C03
200600074788,0,07,000,00,1,2,15,A01
200600074789,0,17,000,00,1,3,20,A01
200600074790,0,07,000,01,0,6,23,A01
200600074790,0,07,000,00,2,9,23,B02
200600074790,0,07,000,00,2,1,01,C03
200600074791,0,07,000,02,0,9,01,A01
200600074792,0,07,000,00,2,3,17,A01
200600074792,0,07,000,00,2,3,01,B02
200600074793,0,07,000,08,0,1,01,A01
200600074794,0,07,000,13,0,9,01,A01
200600074795,0,14,000,00,0,0,00,A01
200600074796,0,07,000,06,0,3,01,A01
200600074797,0,07,000,00,1,2,01,A01
200600074798,0,07,000,00,2,5,16,A01
200600074798,0,01,000,00,2,3,01,B02
200600074799,0,07,000,00,2,1,15,A01
200600074799,0,02,000,00,2,1,01,B02
200600074800,0,07,000,00,1,1,01,A01
200600074801,0,02,000,00,2,1,02,A01
200600074801,0,07,000,00,0,6,01,B02
200600074802,0,02,000,00,2,1,05,A01
200600074802,0,07,000,00,2,3,01,B02
200600074803,0,07,000,00,2,3,01,A01
200600074803,0,07,000,00,2,1,19,B02
200600074803,0,07,000,00,2,8,17,C03
200600074803,0,07,000,00,2,1,17,D04
200600074804,0,33,000,00,6,1,01,A01
200600074805,0,07,000,00,1,3,01,A01
200600074806,0,02,000,00,0,0,00,A01
200600074806,0,30,000,00,0,0,00,B02
200600074807,0,07,000,13,0,0,01,A01
200600074808,0,02,000,12,0,0,00,A01
200600074809,0,10,000,00,2,1,13,A01
200600074809,0,07,000,00,2,1,01,B02
200600074809,0,07,000,00,2,3,01,C03
200600074810,0,10,000,00,2,3,13,A01
200600074810,0,17,000,00,2,3,01,B02
200600074811,0,07,000,00,2,3,01,A01
200600074811,0,07,000,00,2,4,01,B02
200600074811,0,07,000,01,0,6,15,C03
200600074812,0,07,000,00,0,1,01,A01
200600074812,0,07,000,00,0,3,15,B02
200600074813,0,02,000,00,2,2,01,A01
200600074814,0,30,000,00,2,8,15,A01
200600074814,0,07,000,00,2,7,01,B02
200600074815,0,07,000,02,0,2,01,A01
200600074816,0,13,000,00,1,1,01,A01
200600074817,0,07,000,03,0,2,14,A01
200600074818,0,10,000,03,0,2,01,A01
200600074819,0,07,000,13,0,1,01,A01
200600074820,0,17,000,13,0,7,01,A01
200600074821,0,07,000,04,2,6,01,A01
200600074821,1,99,000,00,2,1,12,B02
200600074822,0,10,000,00,2,2,03,A01
200600074822,0,17,000,00,0,3,01,B02
200600074823,0,07,000,00,2,9,21,A01
200600074823,0,07,000,00,2,9,13,B02
200600074824,0,10,000,06,0,8,01,A01
200600074825,0,07,000,00,0,9,01,A01
200600074826,0,07,000,00,1,6,23,A01
200600074826,0,07,000,00,2,2,03,B02
200600074827,0,07,000,00,1,1,15,A01
200600074828,0,10,000,00,2,1,01,A01
200600074828,0,33,000,00,2,1,13,B02
200600074829,0,07,000,02,0,0,01,A01
200600074830,0,07,000,04,0,3,01,A01
200600074831,0,07,000,00,0,9,02,A01
200600074832,0,07,000,00,2,1,01,A01
200600074832,0,17,000,00,2,5,01,C03
200600074833,0,07,000,04,0,1,09,A01
200600074834,0,10,000,00,0,9,01,A01
200600074835,0,07,000,00,2,2,14,A01
200600074835,0,07,000,00,2,6,01,B02
200600074836,0,07,000,04,0,4,01,A01
200600074837,0,17,000,00,0,0,00,A01
200600074838,0,07,000,00,2,1,17,A01
200600074838,0,17,000,00,0,8,01,B02
200600074839,0,07,000,04,0,3,01,A01
200600074839,0,14,000,00,0,6,23,B02
200600074839,0,07,000,14,0,1,01,C03
200600074840,0,14,000,00,2,2,02,A01
200600074840,0,17,000,00,0,6,14,B02
200600074841,0,07,000,03,0,2,13,A01
200600074841,0,07,000,14,0,2,01,B02
200600074842,0,07,000,00,2,4,01,A01
200600074842,0,07,000,00,2,1,01,B02
200600074842,0,07,000,00,2,4,01,C03
200600074842,0,07,000,00,2,4,01,D04
200600074842,0,07,000,00,2,4,01,E05
200600074842,0,07,000,00,2,4,01,F06
200600074842,0,07,000,00,2,4,01,G07
200600074842,0,07,000,00,2,6,02,H08
200600074842,0,07,000,00,2,4,00,I09
200600074842,0,07,000,00,2,5,01,J10
200600074842,0,17,000,00,2,4,01,K11
200600074842,0,14,000,00,2,1,01,L12
200600074842,0,07,000,00,2,4,01,M13
200600074843,0,07,000,00,0,0,00,A01
200600074843,0,07,000,00,2,1,09,B02
200600074844,0,07,000,00,2,2,01,A01
200600074844,0,15,000,00,0,6,01,B02
200600074845,0,07,000,13,0,1,01,A01
200600074846,0,10,000,00,0,7,12,A01
200600074846,0,33,000,00,0,3,01,B02
200600074847,0,07,000,00,2,3,02,A01
200600074847,0,07,000,00,2,4,01,B02
200600074848,0,07,000,00,0,3,01,A01
200600074848,0,07,000,00,0,6,01,B02
200600074849,0,07,000,00,2,1,15,A01
200600074849,0,02,000,00,2,1,01,B02
200600074850,0,07,000,00,2,2,00,A01
200600074850,0,17,000,00,2,6,01,B02
200600074851,0,07,000,03,0,1,13,A01
200600074851,0,17,000,00,2,1,02,B02
200600074851,0,17,000,00,2,4,00,C03
200600074852,0,07,000,13,0,2,02,A01
200600074853,0,14,000,00,2,4,02,A01
200600074853,0,17,000,00,2,1,02,B02
200600074854,0,07,000,13,0,2,01,A01
200600074855,0,07,000,03,0,8,00,A01
200600074856,0,15,000,00,0,0,00,A01
200600074857,0,07,000,00,2,3,01,A01
200600074857,0,07,000,00,2,1,01,B02
200600074858,0,07,000,00,2,1,01,B02
200600074858,0,31,000,00,2,1,09,A01
200600074859,0,33,000,00,0,1,02,B02
200600074859,0,07,000,00,0,3,15,A01
200600074860,0,07,000,00,2,1,01,A01
200600074860,0,07,000,00,0,8,19,B02
200600074861,0,07,000,12,0,1,21,A01
200600074862,0,07,000,00,1,8,21,A01
200600074863,0,07,000,00,0,7,19,A01
200600074863,0,02,000,00,2,1,01,B02
200600074864,0,07,000,00,0,4,23,A01
200600074864,0,02,000,00,2,1,02,B02
200600074865,0,10,000,00,2,2,01,A01
200600074865,0,17,000,00,0,3,01,B02
200600074866,0,07,000,00,2,1,02,A01
200600074866,0,07,000,00,2,4,02,B02
200600074867,0,07,000,03,0,1,01,A01
200600074868,0,17,000,03,0,1,01,A01
200600074868,0,10,000,00,0,1,01,B02
200600074868,0,10,000,00,0,1,01,C03
200600074869,0,07,000,00,0,4,01,A01
200600074869,0,07,000,00,2,1,01,B02
200600074870,0,07,000,04,2,6,17,A01
200600074870,0,07,000,00,2,2,01,B02
200600074871,0,07,000,13,0,2,01,A01
200600074872,0,14,000,03,0,1,01,A01
200600074873,0,07,000,00,9,7,20,A01
200600074873,0,01,000,00,2,3,01,B02
200600074874,0,07,000,00,1,1,01,A01
200600074875,0,10,000,03,2,1,06,A01
200600074875,0,07,000,00,2,3,01,B02
200600074876,0,07,000,00,0,8,24,A01
200600074876,0,17,000,01,0,2,01,B02
200600074877,0,07,000,05,0,9,13,A01
200600074878,0,07,000,00,2,1,01,A01
200600074878,0,07,000,03,0,8,23,B02
200600074879,0,07,000,00,2,4,02,A01
200600074879,0,10,000,00,2,1,02,B02
200600074879,0,14,000,00,2,3,01,C03
200600074880,0,07,000,06,0,1,14,A01
200600074881,0,07,000,00,2,1,13,A01
200600074881,0,07,000,00,2,1,01,B02
200600074882,0,10,000,00,0,8,01,A01
200600074882,0,15,000,00,0,7,01,B02
200600074883,0,33,000,04,0,7,01,A01
200600074883,0,07,000,00,0,1,15,B02
200600074884,0,07,000,13,0,2,21,A01
200600074884,0,07,000,00,2,8,01,B02
200600074885,0,07,000,00,0,4,01,A01
200600074885,0,07,000,00,2,1,02,B02
200600074886,0,07,000,04,0,3,14,A01
200600074887,0,17,000,00,2,2,21,A01
200600074887,0,10,000,00,0,6,01,B02
200600074888,0,38,000,00,2,1,02,A01
200600074888,0,99,000,00,0,4,00,B02
200600074889,0,07,000,00,0,1,02,A01
200600074890,0,07,000,13,0,3,01,A01
200600074891,0,07,000,00,1,2,01,A01
200600074892,0,07,000,03,0,2,02,A01
200600074893,0,10,000,00,2,1,14,A01
200600074893,0,07,000,03,2,6,01,B02
200600074894,0,07,000,03,2,2,14,A01
200600074894,0,14,000,00,2,3,02,B02
200600074894,0,07,000,00,2,2,01,C03
200600074894,0,07,000,00,2,3,21,D04
200600074895,0,07,000,00,2,2,01,A01
200600074895,0,10,000,00,2,8,13,B02
200600074896,0,31,000,00,0,7,01,A01
200600074897,0,07,000,14,0,1,01,A01
200600074898,0,07,000,03,0,2,21,A01
200600074898,0,07,000,14,0,1,02,B02
200600074899,0,07,000,00,2,1,01,A01
200600074899,0,07,000,00,2,1,01,B02
200600074900,0,07,000,00,0,9,02,A01
200600074901,0,14,000,00,2,6,11,A01
200600074901,0,07,000,03,0,2,01,B02
200600074902,0,07,000,03,0,3,01,A01
200600074903,0,07,000,04,0,1,17,A01
200600074904,0,10,000,03,0,1,00,A01
200600074905,0,07,000,01,0,1,02,A01
200600074905,0,07,000,01,0,4,23,B02
200600074905,0,07,000,00,2,4,23,C03
200600074906,0,33,000,00,2,1,02,A01
200600074906,0,07,000,00,2,6,02,B02
200600074906,0,10,000,00,0,4,00,C03
200600074907,0,17,000,00,1,2,01,A01
200600074908,0,07,000,04,0,2,00,A01
200600074909,0,07,000,04,0,3,13,A01
200600074909,0,07,000,01,0,2,02,B02
200600074909,0,07,000,01,0,2,00,C03
200600074910,0,07,000,00,1,2,01,A01
200600074911,0,07,000,01,0,1,21,A01
200600074911,0,10,000,00,0,4,23,C03
200600074912,1,07,000,00,1,2,14,A01
200600074913,0,07,000,13,0,2,00,A01
200600074914,0,07,000,02,0,8,00,A01
200600074915,0,10,000,00,2,1,01,A01
200600074915,0,07,000,00,2,4,02,B02
200600074916,0,15,000,00,0,0,02,A01
200600074916,0,10,000,00,2,3,02,C03
200600074917,0,07,000,00,0,1,00,A01
200600074917,0,07,000,00,2,1,00,B02
200600074917,0,07,000,00,2,1,00,C03
200600074917,0,07,000,00,2,1,00,D04
200600074917,0,07,000,00,2,1,00,E05
200600074917,0,07,000,00,2,1,00,F06
200600074917,0,07,000,00,2,1,00,G07
200600074917,0,07,000,00,2,1,00,H08
200600074917,0,07,000,00,2,4,00,I09
200600074917,0,07,000,00,0,0,00,J10
200600074917,0,07,000,00,2,1,00,K11
200600074917,0,07,000,00,2,1,00,L12
200600074917,0,07,000,00,2,1,00,M13
200600074917,0,07,000,00,2,0,00,N14
200600074917,0,07,000,00,2,1,00,O15
200600074917,0,07,000,00,2,1,00,P16
200600074917,0,07,000,00,0,0,00,Q17
200600074917,0,07,000,00,0,0,00,R18
200600074917,0,07,000,00,2,1,00,S19
200600074917,0,07,000,00,2,1,00,T20
200600074917,0,07,000,00,2,1,00,U21
200600074917,0,07,000,00,2,1,00,V22
200600074917,0,07,000,00,2,1,00,W23
200600074917,0,07,000,01,2,8,00,X24
200600074917,0,07,000,01,2,0,00,Y25
200600074917,0,07,000,00,0,3,00,Z26
200600074917,0,07,000,00,0,0,00,A27
200600074917,0,07,000,00,0,1,00,B28
200600074917,0,07,000,00,0,1,00,C29
200600074917,0,07,000,00,0,6,00,D30
200600074917,0,07,000,00,0,4,00,E31
200600074917,0,07,000,00,0,1,00,F32
200600074917,0,07,000,00,0,1,00,G33
200600074917,0,07,000,00,0,1,00,H34
200600074917,0,07,000,00,0,3,00,I35
200600074917,0,07,000,00,0,5,00,J36
200600074917,0,07,000,00,0,1,00,K37
200600074917,0,07,000,00,0,2,00,L38
200600074917,0,07,000,00,0,2,00,M39
200600074917,0,07,000,00,0,1,00,N40
200600074917,0,07,000,00,0,1,00,O41
200600074917,0,07,000,00,0,4,00,P42
200600074917,0,10,000,00,0,2,00,Q43
200600074917,0,07,000,00,0,1,00,R44
200600074917,0,07,000,00,0,1,00,S45
200600074917,0,07,000,00,0,1,00,T46
200600074917,0,07,000,00,0,2,00,U47
200600074917,0,07,000,00,0,4,00,V48
200600074917,0,07,000,00,0,4,00,W49
200600074917,0,07,000,00,0,5,00,X50
200600074917,0,07,000,00,0,6,00,Y51
200600074917,0,07,000,00,0,5,00,Z52
200600074917,0,07,000,00,0,2,00,A53
200600074917,0,07,000,00,0,5,00,B54
200600074917,0,07,000,00,0,5,00,C55
200600074917,0,07,000,00,0,6,00,D56
200600074918,0,07,000,00,2,4,23,A01
200600074918,0,07,000,00,2,0,00,B02
200600074918,0,07,000,00,0,4,00,C03
200600074918,0,07,000,00,0,1,00,D04
200600074918,0,07,000,00,2,1,00,E05
200600074918,0,07,000,00,0,5,01,F06
200600074918,0,07,000,00,0,1,00,G07
200600074918,0,07,000,00,0,1,00,H08
200600074918,0,07,000,00,2,1,00,I09
200600074918,0,07,000,00,0,0,00,J10
200600074918,0,07,000,00,0,0,00,K11
200600074918,0,07,000,00,2,0,00,L12
200600074918,0,07,000,00,2,0,00,M13
200600074918,0,07,000,00,2,1,00,N14
200600074918,0,07,000,00,2,4,00,O15
200600074918,0,07,000,00,2,2,00,P16
200600074918,0,07,000,00,0,1,00,Q17
200600074918,0,07,000,00,0,0,00,R18
200600074918,0,07,000,00,0,0,00,S19
200600074919,0,07,000,16,0,1,01,A01
200600074920,0,07,000,00,2,1,02,A01
200600074920,0,15,000,00,0,6,01,B02
200600074920,0,15,000,00,0,6,01,C03
200600074921,0,07,000,00,2,1,01,A01
200600074921,0,17,000,00,2,4,04,B02
200600074922,0,07,000,00,0,7,02,A01
200600074923,0,15,000,03,2,7,06,A01
200600074923,0,07,000,00,2,1,01,B02
200600074924,0,07,000,12,0,9,01,A01
200600074925,0,07,000,00,2,3,01,A01
200600074925,0,07,000,00,2,1,01,B02
200600074926,0,31,000,00,2,1,01,A01