Num_Acc,senc,catv,occutc,obs,obsm,choc,manv,num_veh
200600075641,0,02,000,00,2,1,17,B01
200600075642,0,33,000,00,0,7,00,A01
200600075643,0,07,000,00,0,0,15,A01
200600075643,0,32,000,00,0,8,21,B01
200600075644,0,07,000,00,2,1,15,A01
200600075644,0,32,000,00,2,8,02,B01
200600075645,0,07,000,00,1,2,01,A01
200600075646,0,33,000,00,2,2,01,A01
200600075646,0,07,000,00,2,3,15,B01
200600075647,0,30,000,00,2,1,01,A01
200600075647,0,31,000,00,2,1,01,B01
200600075648,0,07,000,00,0,1,05,A01
200600075648,0,07,000,00,0,1,01,B01
200600075649,0,02,000,01,2,1,21,A01
200600075650,0,14,000,00,0,2,02,A01
200600075650,0,13,000,00,0,6,23,B01
200600075651,0,30,000,00,2,2,02,A01
200600075651,0,10,000,00,2,3,15,B01
200600075652,0,07,000,08,0,1,02,A01
200600075653,0,34,000,00,2,1,17,B01
200600075653,0,07,000,00,0,3,10,A01
200600075654,0,16,000,00,2,5,17,A01
200600075654,0,07,000,00,2,8,01,B01
200600075655,0,07,000,00,2,2,15,A01
200600075655,0,31,000,00,2,1,02,B01
200600075656,0,07,000,00,1,3,01,A01
200600075657,0,15,000,03,0,7,01,A01
200600075658,0,07,000,07,2,1,01,A01
200600075658,0,07,000,00,2,5,23,B01
200600075658,0,07,000,00,2,8,23,C01
200600075659,0,07,000,00,2,1,17,A01
200600075659,0,02,000,00,2,1,01,B01
200600075660,0,07,000,00,2,5,15,A01
200600075660,0,02,000,00,2,1,01,B01
200600075661,0,07,000,00,2,1,01,B01
200600075661,0,07,000,00,2,5,13,A01
200600075662,0,07,000,00,1,1,01,A01
200600075663,0,07,000,00,1,1,01,A01
200600075664,0,07,000,00,1,1,02,A01
200600075665,0,07,000,00,1,2,01,A01
200600075666,0,07,000,00,0,9,01,A01
200600075667,0,02,000,00,2,7,01,B01
200600075667,0,07,000,00,2,1,15,A01
200600075668,0,07,000,00,2,4,23,B01
200600075668,0,07,000,00,2,1,00,A01
200600075669,0,07,000,03,0,1,02,A01
200600075670,0,07,000,00,2,4,02,A01
200600075670,0,07,000,00,2,4,02,B01
200600075671,0,10,000,00,2,1,02,A01
200600075671,0,07,000,00,2,4,02,B01
200600075672,0,07,000,00,2,7,10,A01
200600075672,0,33,000,00,2,1,01,B01
200600075673,0,07,000,00,2,1,19,A01
200600075673,0,02,000,00,2,8,01,B01
200600075674,0,37,001,00,1,1,00,A01
200600075675,0,07,000,00,2,1,02,A01
200600075675,0,07,000,00,2,4,02,B01
200600075676,0,02,000,00,2,1,17,A01
200600075676,0,07,000,00,2,8,15,B01
200600075677,0,33,000,00,2,7,01,A01
200600075677,0,07,000,00,2,8,00,B01
200600075678,0,30,000,00,0,1,00,A01
200600075679,0,33,000,00,2,1,01,B01
200600075679,0,17,000,00,2,1,19,A01
200600075680,0,07,000,00,1,1,01,A01
200600075681,0,07,000,00,2,1,02,A01
200600075681,0,07,000,00,2,4,02,B01
200600075682,0,02,000,00,2,0,21,A01
200600075682,0,07,000,00,2,2,19,B01
200600075683,0,10,000,00,2,1,02,A01
200600075683,0,07,000,00,2,4,02,B01
200600075684,0,07,000,00,2,1,02,A01
200600075684,0,07,000,00,2,4,02,B01
200600075684,0,33,000,00,2,4,02,C01
200600075685,0,14,000,00,2,3,19,A01
200600075685,0,07,000,00,2,1,01,B01
200600075686,0,07,000,00,2,5,10,A01
200600075686,0,33,000,00,2,1,01,B01
200600075687,0,07,000,00,2,1,15,A01
200600075687,0,07,000,00,2,1,01,B01
200600075688,0,07,000,00,2,1,01,B01
200600075688,0,07,000,00,2,1,15,A01
200600075689,0,07,000,00,2,1,00,A01
200600075689,0,30,000,00,2,9,00,B01
200600075690,0,07,000,00,2,1,19,A01
200600075690,0,07,000,00,2,7,01,B01
200600075691,0,33,000,00,1,7,01,A01
200600075692,0,31,000,00,2,1,01,B01
200600075692,0,07,000,00,9,2,01,C01
200600075692,0,07,000,00,9,1,01,A01
200600075693,0,07,000,00,2,1,15,A01
200600075693,0,30,000,00,0,1,01,B01
200600075694,0,30,000,00,2,1,17,A01
200600075694,0,07,000,00,0,3,15,B01
200600075695,0,07,000,04,0,8,12,A01
200600075696,0,02,000,00,1,1,00,A01
200600075697,0,07,000,00,1,7,01,A01
200600075698,0,33,000,00,0,8,01,A01
200600075699,0,30,000,00,2,1,01,A01
200600075699,0,07,000,00,9,4,01,B01
200600075700,0,07,000,00,2,1,01,A01
200600075700,0,01,000,00,2,7,19,B01
200600075701,0,07,000,00,2,1,01,A01
200600075701,0,07,000,00,2,4,01,B01
200600075702,0,07,000,00,1,1,01,A01
200600075703,0,07,000,15,0,1,13,A01
200600075704,0,07,000,00,1,4,04,A01
200600075705,0,07,000,00,2,8,01,B01
200600075705,0,30,000,00,0,8,01,A01
200600075706,0,30,000,00,2,1,01,B01
200600075706,0,17,000,00,9,2,19,A01
200600075707,0,07,000,00,1,1,01,A01
200600075708,0,30,000,00,2,1,01,B01
200600075708,0,07,000,00,2,3,01,A01
200600075709,0,07,000,00,1,3,01,A01
200600075710,0,07,000,00,1,2,01,A01
200600075711,0,07,000,02,0,0,01,A01
200600075712,0,07,000,00,1,6,04,A01
200600075713,0,07,000,00,2,1,05,A01
200600075713,0,07,000,00,2,1,05,B01
200600075714,0,07,000,00,1,1,01,A01
200600075715,0,07,000,00,1,1,01,A01
200600075716,0,07,000,00,1,2,01,A01
200600075717,0,07,000,00,2,3,15,B01
200600075717,0,02,000,00,2,1,01,A01
200600075718,0,07,000,00,2,7,01,A01
200600075718,0,07,000,00,2,1,01,B01
200600075719,0,07,000,00,2,3,13,A01
200600075719,0,31,000,00,2,8,15,B01
200600075720,0,07,000,02,0,1,01,A01
200600075721,0,07,000,00,2,1,01,A01
200600075721,0,38,001,00,2,4,23,B01
200600075722,0,07,000,00,2,2,01,A01
200600075722,0,02,000,00,2,7,01,B01
200600075723,0,02,000,11,1,1,02,A01
200600075724,0,10,000,00,2,1,01,B01
200600075724,0,07,000,00,2,2,01,A01
200600075725,0,01,000,00,2,1,01,B01
200600075725,0,07,000,00,2,3,01,A01
200600075726,0,02,000,00,2,1,01,A01
200600075726,0,07,000,00,2,1,01,B01
200600075727,0,07,000,00,2,2,17,A01
200600075727,0,02,000,00,2,6,01,B01
200600075728,0,01,000,00,2,1,01,B01
200600075728,0,07,000,00,2,3,01,A01
200600075729,0,07,000,00,2,1,01,A01
200600075729,0,07,000,00,2,4,01,B01
200600075730,0,07,000,00,1,2,15,A01
200600075731,0,07,000,00,1,2,01,A01
200600075732,0,07,000,00,1,3,01,A01
200600075733,0,17,000,00,2,2,01,A01
200600075733,0,07,000,00,2,6,23,B01
200600075733,0,07,000,00,2,4,23,C01
200600075733,0,07,000,00,2,4,23,D01
200600075734,0,02,000,00,2,1,01,A01
200600075734,0,07,000,00,2,4,01,B01
200600075735,0,02,000,00,2,1,02,A01
200600075735,0,07,000,00,2,3,01,B01
200600075736,0,33,000,00,2,7,01,B01
200600075736,0,07,000,00,2,1,01,A01
200600075737,0,07,000,00,1,3,01,A01
200600075738,0,07,000,00,2,5,15,A01
200600075738,0,02,000,00,2,1,01,B01
200600075739,0,07,000,00,1,3,01,A01
200600075740,0,01,000,00,2,1,02,A01
200600075740,0,07,000,00,2,6,23,B01
200600075741,0,07,000,00,2,2,01,A01
200600075741,0,07,000,00,2,4,14,B01
200600075742,0,07,000,00,1,1,01,A01
200600075743,0,33,000,00,2,1,02,A01
200600075743,0,07,000,00,2,4,02,B01
200600075744,0,07,000,00,2,3,01,B01
200600075744,0,07,000,00,2,2,15,A01
200600075745,0,07,000,00,1,1,01,A01
200600075746,0,07,000,00,2,1,01,A01
200600075746,0,07,000,00,2,4,01,B01
200600075746,0,07,000,00,2,4,01,C01
200600075747,0,07,000,02,0,7,13,A01
200600075748,0,07,000,00,2,2,13,A01
200600075748,0,07,000,00,2,3,01,B01
200600075749,0,07,000,00,2,1,01,A01
200600075749,0,07,000,00,2,4,01,B01
200600075750,0,30,000,01,0,1,01,A01
200600075751,0,07,000,00,2,1,21,A01
200600075751,0,02,000,00,2,1,01,B01
200600075752,0,01,000,00,2,1,01,A01
200600075752,0,07,000,00,2,7,01,B01
200600075753,0,07,000,00,2,4,04,A01
200600075753,0,07,000,00,2,8,01,B01
200600075754,0,14,000,01,0,2,01,A01
200600075755,1,07,000,00,1,1,01,A01
200600075756,0,30,000,00,0,0,01,A01
200600075757,0,33,000,00,2,0,17,A01
200600075757,0,07,000,00,2,3,01,B01
200600075757,0,07,000,00,2,4,01,C01
200600075758,0,07,000,00,1,1,01,A01
200600075759,0,07,000,00,2,3,00,A01
200600075759,0,33,000,00,2,1,01,B01
200600075760,0,07,000,06,0,1,21,A01
200600075761,0,07,000,00,1,1,15,A01
200600075762,0,02,000,00,2,1,17,A01
200600075762,0,07,000,00,2,3,15,B01
200600075763,0,07,000,00,1,4,04,A01
200600075764,0,07,000,00,2,1,05,A01
200600075764,0,07,000,00,2,1,01,B01
200600075765,0,07,000,06,0,1,01,A01
200600075766,0,07,000,00,2,1,13,A01
200600075766,0,07,000,00,2,2,01,B01
200600075767,0,30,000,00,2,1,01,A01
200600075767,0,07,000,00,2,2,23,B01
200600075768,0,07,000,00,1,2,01,A01
200600075769,0,02,000,00,2,1,01,A01
200600075769,0,07,000,00,2,2,15,B01
200600075770,0,02,000,00,2,1,02,A01
200600075771,0,07,000,00,2,1,02,A01
200600075771,0,07,000,00,2,9,02,B01
200600075771,0,07,000,00,2,9,02,C01
200600075771,0,07,000,00,0,4,02,D01
200600075772,0,07,000,00,1,4,04,A01
200600075773,0,15,000,00,1,0,15,A01
200600075774,0,07,000,00,2,3,00,B01
200600075774,0,30,000,00,2,1,01,A01
200600075775,0,07,000,00,1,3,15,A01
200600075776,0,07,000,00,2,3,01,B01
200600075776,0,07,000,00,2,2,09,A01
200600075777,0,33,000,00,0,0,01,A01
200600075778,0,07,000,00,1,0,00,A01
200600075779,0,07,000,00,2,4,02,A01
200600075779,0,02,000,00,0,4,02,B01
200600075780,0,07,000,00,1,0,01,A01
200600075781,0,07,000,00,2,2,15,A01
200600075781,0,02,000,00,2,1,01,B01
200600075782,0,30,000,00,2,8,09,A01
200600075782,0,07,000,00,2,2,01,B01
200600075783,0,02,000,00,2,1,02,A01
200600075783,0,07,000,00,2,4,01,B01
200600075784,0,07,000,00,1,1,01,A01
200600075785,0,07,000,00,1,4,04,A01
200600075786,0,02,000,08,0,3,01,A01
200600075787,0,02,000,01,0,1,13,A01
200600075788,0,07,000,13,0,1,01,A01
200600075789,0,07,000,00,0,4,02,B01
200600075789,0,07,000,00,2,1,02,A01
200600075790,0,07,000,00,1,8,01,A01
200600075791,0,07,000,00,2,1,02,A01
200600075791,0,07,000,00,2,4,02,B01
200600075791,0,07,000,00,2,4,02,C01
200600075792,0,07,000,02,2,0,01,A01
200600075792,0,07,000,00,2,0,01,B01
200600075793,0,07,000,00,1,2,17,A01
200600075794,0,07,000,00,1,2,01,A01
200600075795,0,15,000,00,1,4,24,A01
200600075796,0,10,000,00,2,1,01,B01
200600075796,0,07,000,00,2,3,20,A01
200600075797,0,02,000,00,2,1,02,A01
200600075797,0,07,000,00,2,4,01,B01
200600075798,0,02,000,00,2,8,01,B01
200600075798,0,07,000,00,2,3,16,A01
200600075799,0,07,000,00,2,1,01,A01
200600075799,0,07,000,00,2,4,24,B01
200600075800,0,10,000,00,2,3,15,A01
200600075800,0,07,000,00,2,8,23,B01
200600075801,0,07,000,00,2,5,15,A01
200600075801,0,02,000,00,2,1,01,B01
200600075802,0,07,000,00,2,3,15,A01
200600075802,0,02,000,00,2,1,01,B01
200600075803,0,07,000,00,1,1,15,A01
200600075804,0,07,000,00,2,8,20,A01
200600075804,0,02,000,00,2,1,01,B01
200600075805,0,02,000,00,2,1,01,A01
200600075805,0,07,000,00,2,4,02,B01
200600075806,0,07,000,00,2,2,01,A01
200600075806,0,07,000,00,2,3,15,B01
200600075807,0,07,000,00,2,1,01,B01
200600075807,0,07,000,00,2,8,15,A01
200600075808,0,07,000,00,2,5,16,A01
200600075808,0,01,000,00,2,1,01,B01
200600075809,0,02,000,00,2,1,13,A01
200600075809,0,07,000,00,0,0,13,B01
200600075810,0,07,000,09,0,1,01,A01
200600075811,0,10,000,00,2,5,16,A01
200600075811,0,02,000,00,2,1,07,B01
200600075812,0,07,000,00,1,3,01,A01
200600075813,0,02,000,00,2,1,15,A01
200600075813,0,07,000,00,2,2,01,B01
200600075814,0,07,000,00,1,2,15,A01
200600075815,0,14,000,00,2,3,16,A01
200600075815,0,01,000,00,2,1,01,B01
200600075816,0,02,000,00,2,1,01,B01
200600075816,0,07,000,00,2,3,01,A01
200600075817,0,02,000,00,2,1,01,A01
200600075817,0,07,000,00,2,2,01,B01
200600075818,0,07,000,00,1,2,17,A01
200600075819,0,07,000,00,1,6,20,A01
200600075820,0,02,000,00,2,1,02,A01
200600075820,0,37,001,00,2,4,23,B01
200600075821,0,07,000,00,0,9,01,A01
200600075822,0,07,000,00,2,1,02,A01
200600075822,0,07,000,00,2,4,23,B01
200600075822,0,07,000,00,2,4,23,C01
200600075822,0,07,000,00,2,4,23,D01
200600075823,0,07,000,09,2,3,01,B01
200600075823,0,07,000,00,2,1,01,A01
200600075824,0,07,000,00,2,2,01,A01
200600075824,0,10,000,00,2,8,01,B01
200600075825,0,07,000,00,2,2,01,A01
200600075825,0,07,000,00,2,3,01,B01
200600075826,0,02,000,00,2,1,01,A01
200600075826,0,07,000,00,2,5,15,B01
200600075827,0,07,000,00,2,3,05,A01
200600075827,0,07,000,00,2,1,01,B01
200600075827,0,07,000,00,2,3,21,C01
200600075827,0,07,000,00,2,1,01,D01
200600075828,0,07,000,07,0,1,01,A01
200600075829,0,07,000,03,0,1,01,A01
200600075830,0,07,000,00,9,2,05,A01
200600075830,0,02,000,00,2,1,01,B01
200600075830,0,07,000,00,9,1,01,C01
200600075831,0,07,000,00,2,8,15,A01
200600075831,0,02,000,00,2,1,17,B01
200600075832,0,07,000,00,9,0,13,A01
200600075832,0,01,000,00,2,0,00,B01
200600075833,0,07,000,00,1,3,01,A01
200600075834,0,07,000,00,1,3,01,A01
200600075835,0,07,000,00,2,6,23,B01
200600075835,0,02,000,14,0,1,16,A01
200600075836,0,07,000,13,0,1,17,A01
200600075837,0,07,000,00,2,3,09,A01
200600075837,0,02,000,00,2,1,01,B01
200600075838,0,07,000,00,2,1,13,A01
200600075839,0,07,000,00,1,1,01,A01
200600075840,0,07,000,00,1,1,16,A01
200600075841,0,02,000,00,0,0,17,A01
200600075842,0,07,000,00,1,1,16,A01
200600075843,0,07,000,00,2,5,23,A01
200600075843,0,37,001,00,2,1,02,B01
200600075844,0,14,000,00,1,4,04,A01
200600075845,0,07,000,01,0,1,14,A01
200600075846,0,07,000,00,2,1,09,A01
200600075846,0,01,000,00,2,7,01,B01
200600075847,0,07,000,00,2,4,02,A01
200600075847,0,07,000,00,2,4,23,B01
200600075848,0,07,000,00,2,7,23,B01
200600075848,0,01,000,00,2,7,18,A01
200600075849,0,07,000,00,1,1,01,A01
200600075850,0,07,000,00,1,1,01,A01
200600075851,0,33,000,00,2,3,01,A01
200600075851,0,10,000,00,0,6,00,B01
200600075852,0,07,000,00,1,0,02,A01
200600075853,0,07,000,00,2,1,01,B01
200600075853,0,14,000,00,0,5,19,A01
200600075854,0,07,000,00,2,2,09,A01
200600075854,0,02,000,00,2,3,01,B01
200600075855,0,17,000,00,2,1,01,A01
200600075855,0,07,000,00,2,4,01,B01
200600075855,0,07,000,00,2,8,01,C01
200600075855,0,14,000,00,2,1,01,D01
200600075856,0,07,000,16,0,0,10,A01
200600075857,0,07,000,00,2,2,17,A01
200600075857,0,02,000,00,2,3,15,B01
200600075858,0,07,000,00,2,9,13,A01
200600075858,0,07,000,00,2,6,15,B01
200600075858,0,07,000,00,2,9,01,C01
200600075859,0,07,000,00,0,1,02,B01
200600075859,0,07,000,00,0,7,19,A01
200600075860,0,01,000,00,2,7,17,A01
200600075860,0,07,000,00,2,8,15,B01
200600075861,0,07,000,00,2,6,15,A01
200600075861,0,02,000,00,2,1,01,B01
200600075862,0,07,000,00,1,2,15,A01
200600075862,0,05,000,00,2,1,01,B01
200600075863,0,02,000,00,0,1,21,A01
200600075863,0,07,000,00,2,4,01,B01
200600075864,0,02,000,00,2,1,17,A01
200600075864,0,07,000,00,2,3,15,B01
200600075865,0,07,000,00,2,1,13,A01
200600075865,0,07,000,00,0,1,01,B01
200600075866,0,01,000,00,1,7,01,A01
200600075867,0,07,000,00,2,3,01,A01
200600075867,0,07,000,00,2,5,01,B01
200600075868,0,07,000,00,2,6,01,A01
200600075868,0,17,000,00,2,2,01,B01
200600075869,0,07,000,00,2,1,02,A01
200600075869,0,07,000,00,2,1,02,B01
200600075869,0,07,000,00,2,4,02,C01
200600075870,0,31,000,00,2,4,13,A01
200600075870,0,07,000,00,2,3,01,B01
200600075871,0,07,000,00,1,1,01,A01
200600075872,0,07,000,00,2,1,05,A01
200600075872,0,07,000,00,2,1,01,B01
200600075873,0,07,000,06,2,1,01,A01
200600075873,0,07,000,00,2,2,01,B01
200600075874,0,07,000,00,2,1,00,A01
200600075874,0,01,000,00,2,1,01,B01
200600075875,0,07,000,00,1,1,01,A01
200600075876,0,07,000,00,2,3,19,A01
200600075876,0,33,000,00,2,1,01,B01
200600075877,0,07,000,00,1,1,15,A01
200600075878,0,07,000,00,2,1,09,A01
200600075878,0,01,000,00,0,3,01,B01
200600075879,0,07,000,00,2,1,01,A01
200600075879,0,07,000,00,2,4,01,B01
200600075879,0,07,000,00,1,4,00,C01
200600075880,0,31,000,00,2,1,01,B01
200600075880,0,01,000,00,2,7,05,A01
200600075881,0,30,000,04,0,3,13,A01
200600075881,0,17,000,00,1,6,01,B01
200600075882,0,07,000,00,2,3,15,A01
200600075882,0,07,000,00,2,2,01,B01
200600075882,0,07,000,12,0,8,01,C01
200600075883,0,07,000,08,0,8,01,A01
200600075884,0,07,000,00,1,2,01,A01
200600075885,0,07,000,00,2,1,01,A01
200600075885,0,07,000,00,2,4,01,B01
200600075885,0,07,000,00,0,4,01,C01
200600075886,0,07,000,00,2,7,15,A01
200600075886,0,30,000,00,2,1,01,B01
200600075887,0,30,000,00,2,1,01,B01
200600075887,0,07,000,00,2,2,19,A01
200600075888,0,10,000,00,1,3,01,A01
200600075889,0,07,000,00,0,1,00,A01
200600075889,0,07,000,00,0,8,00,B01
200600075890,0,07,000,00,2,1,01,A01
200600075890,0,07,000,00,2,3,09,B01
200600075891,0,07,000,00,2,1,01,B01
200600075891,0,30,000,00,2,8,01,A01
200600075892,0,07,000,00,2,1,00,B01
200600075892,0,07,000,00,2,2,15,A01
200600075893,0,33,000,00,0,2,01,B01
200600075893,0,07,000,00,2,3,09,A01
200600075894,0,02,000,00,1,1,01,A01
200600075895,0,30,000,00,2,7,02,B01
200600075895,0,07,000,00,2,1,15,A01
200600075896,0,07,000,00,2,3,01,A01
200600075896,0,07,000,00,2,3,01,B01
200600075897,0,07,000,00,1,7,01,A01
200600075898,0,07,000,00,2,2,17,A01
200600075898,0,02,000,00,2,1,01,B01
200600075899,0,02,000,00,2,1,01,A01
200600075899,0,07,000,00,2,5,01,B01
200600075900,0,07,000,00,1,1,01,A01
200600075901,0,07,000,00,1,2,01,A01
200600075902,0,07,000,00,2,1,01,A01
200600075902,0,07,000,00,2,3,01,B01
200600075903,0,01,000,00,0,0,13,A01
200600075903,0,07,000,00,9,3,01,B01
200600075904,0,07,000,00,2,1,06,A01
200600075904,0,07,000,00,2,1,01,B01
200600075905,0,07,000,00,2,1,01,B01
200600075905,0,07,000,00,2,1,01,A01
200600075906,0,07,000,00,2,1,13,A01
200600075906,0,07,000,00,2,3,01,B01
200600075907,0,07,000,00,2,1,17,A01
200600075907,0,07,000,00,2,8,02,B01
200600075907,0,10,000,00,2,3,02,C01
200600075908,0,07,000,00,1,3,02,A01
200600075909,0,07,000,00,2,1,02,A01
200600075909,0,07,000,00,2,7,02,B01
200600075910,0,07,000,00,1,1,02,A01
200600075911,0,30,000,00,2,7,02,A01
200600075911,0,07,000,00,2,1,02,B01
200600075912,0,07,000,00,2,1,01,A01
200600075912,0,02,000,00,2,4,23,B01
200600075913,0,07,000,00,9,7,02,B01
200600075913,0,01,000,00,2,8,19,A01
200600075914,0,07,000,00,2,1,02,A01
200600075914,0,07,000,00,2,4,02,B01
200600075915,0,10,000,00,2,1,02,A01
200600075915,0,07,000,00,2,4,23,B01
200600075915,0,07,000,00,2,4,23,C01
200600075916,0,02,000,00,2,1,02,A01
200600075916,0,07,000,00,2,1,01,B01
200600075917,0,30,000,00,2,1,02,B01
200600075917,0,07,000,00,2,1,09,A01
200600075918,0,07,000,00,1,4,04,A01
200600075919,0,07,000,00,2,2,06,A01
200600075919,0,07,000,00,2,3,01,B01
200600075920,0,07,000,00,0,1,01,A01
200600075921,0,07,000,00,2,7,01,A01
200600075921,0,07,000,00,2,1,02,B01
200600075922,0,10,000,00,2,1,01,A01
200600075922,0,14,000,00,2,3,15,B01
200600075923,0,07,000,00,2,1,02,A01
200600075923,0,07,000,00,2,4,16,B01
200600075924,0,07,000,00,2,1,15,A01
200600075924,0,33,000,00,2,1,02,B01
200600075925,0,07,000,00,0,7,02,A01
200600075926,0,07,000,00,2,3,02,B01
200600075926,0,07,000,00,2,1,15,A01
200600075927,0,30,000,00,2,1,01,B01
200600075927,0,07,000,00,2,2,15,A01
200600075928,0,02,000,00,2,1,01,A01
200600075928,0,07,000,00,2,2,01,B01
200600075929,0,07,000,00,1,1,01,A01
200600075930,1,07,000,00,2,1,19,A01
200600075930,0,07,000,00,2,3,01,B01
200600075931,0,10,000,00,2,2,15,A01
200600075931,0,30,000,00,2,1,01,B01
200600075932,0,07,000,00,2,1,13,A01
200600075932,0,07,000,00,2,1,01,B01
200600075933,0,07,000,00,1,3,16,A01
200600075934,0,07,000,00,2,3,15,A01
200600075934,0,30,000,00,2,1,01,B01
200600075935,0,07,000,00,2,1,13,A01
200600075935,0,07,000,00,2,1,01,B01
200600075936,0,07,000,00,1,1,01,A01
200600075937,0,07,000,00,2,2,10,A01
200600075937,0,07,000,00,2,1,01,B01
200600075938,0,07,000,03,2,1,01,A01
200600075938,0,07,000,00,2,7,01,B01
200600075939,0,30,000,00,1,1,17,A01
200600075940,0,33,000,00,2,1,11,B01
200600075940,0,07,000,00,2,8,15,A01
200600075941,0,07,000,03,2,3,13,A01
200600075941,0,15,000,00,2,3,01,B01
200600075941,0,07,000,00,0,0,02,C01
200600075942,0,07,000,00,1,1,01,A01
200600075943,0,07,000,00,0,0,01,A01
200600075944,0,07,000,00,2,2,01,B01
200600075944,0,01,000,00,2,1,01,A01
200600075945,0,07,000,00,6,1,01,A01
200600075946,0,07,000,00,2,3,01,A01
200600075946,0,07,000,00,2,3,01,B01
200600075947,1,07,000,00,1,1,01,A01
200600075948,0,07,000,00,2,1,01,A01
200600075948,0,01,000,00,2,7,01,B01
200600075949,0,07,000,00,2,5,15,B01
200600075949,0,30,000,00,2,1,01,A01
200600075950,0,07,000,00,2,7,01,B01
200600075950,0,07,000,00,2,1,16,A01
200600075951,0,07,000,00,1,7,20,A01
200600075952,0,30,000,00,0,0,01,A01
200600075953,0,07,000,00,1,1,16,A01
200600075954,0,07,000,00,2,0,00,A01
200600075954,0,02,000,00,0,4,00,B01
200600075955,0,07,000,00,2,1,00,A01
200600075955,0,07,000,00,2,7,00,B01
200600075956,0,07,000,00,1,1,17,A01
200600075957,0,07,000,00,2,3,00,A01
200600075957,0,07,000,00,2,2,00,B01
200600075958,0,02,000,01,2,1,00,A01
200600075958,0,07,000,00,2,0,00,B01
200600075959,0,07,000,00,2,3,15,A01
200600075959,0,33,000,00,2,1,17,B01
200600075960,0,07,000,00,2,1,19,A01
200600075960,0,07,000,01,2,0,01,B01
200600075961,0,07,000,00,2,1,09,A01
200600075961,0,02,000,00,2,1,01,B01
200600075962,0,07,000,06,0,2,01,A01
200600075963,0,07,000,01,0,6,01,A01
200600075964,0,07,000,00,2,1,02,A01
200600075964,0,07,000,00,0,4,02,B01
200600075964,0,07,000,00,2,4,02,C01
200600075965,0,07,000,00,1,3,02,A01
200600075966,0,31,000,00,2,1,01,A01
200600075966,0,07,000,00,0,0,00,B01
200600075967,0,07,000,00,2,1,17,A01
200600075967,0,02,000,00,2,1,01,B01
200600075968,0,07,000,00,2,2,13,A01
200600075968,0,07,000,00,2,6,01,C01
200600075968,0,07,000,00,2,3,14,B01
200600075969,0,07,000,00,1,1,01,A01
200600075970,0,07,000,06,0,1,14,A01
200600075971,0,07,000,00,0,1,21,A01
200600075971,0,07,000,00,2,1,23,B01
200600075972,0,07,000,00,2,2,01,A01
200600075972,0,07,000,00,2,6,01,B01
200600075973,0,02,000,00,2,0,09,A01
200600075973,0,33,000,00,2,1,01,B01
200600075974,0,07,000,00,2,1,01,A01
200600075974,0,07,000,00,2,1,01,B01
200600075975,0,33,000,00,1,1,01,A01
200600075976,0,30,000,00,2,4,01,A01
200600075976,1,07,000,00,2,0,01,B01
200600075977,0,07,000,00,2,1,09,A01
200600075977,0,01,000,00,2,1,01,B01
200600075978,0,01,000,00,0,0,01,A01
200600075979,0,07,000,00,1,1,01,A01
200600075980,0,07,000,00,1,1,01,A01
200600075981,0,07,000,00,1,1,01,A01
200600075982,0,10,000,00,2,5,15,A01
200600075982,0,33,000,00,2,1,01,B01
200600075983,0,02,000,00,2,3,00,B01
200600075983,0,07,000,00,2,2,15,A01
200600075984,0,07,000,00,2,2,16,A01
200600075984,0,02,000,00,2,1,01,B01
200600075985,0,07,000,00,1,1,01,A01
200600075986,0,07,000,00,1,1,01,A01
200600075987,0,07,000,00,2,2,01,A01
200600075987,0,33,000,00,2,1,01,B01
200600075988,0,07,000,00,2,1,01,A01
200600075988,0,07,000,00,2,4,01,B01
200600075989,0,07,000,00,2,4,01,A01
200600075989,0,07,000,00,2,1,01,B01
200600075990,0,07,000,00,1,1,01,A01
200600075991,0,38,001,00,1,1,01,A01
200600075992,0,02,000,00,0,0,01,A01
200600075993,0,07,000,00,2,1,02,A01
200600075993,0,07,000,00,2,1,01,B01
200600075994,0,07,000,00,2,1,01,A01
200600075994,0,07,000,00,2,9,01,B01
200600075995,0,02,000,00,2,1,01,A01
200600075995,0,07,000,00,2,4,01,B01
200600075996,0,07,000,13,0,1,01,A01
200600075997,0,07,000,00,1,1,16,A01
200600075998,0,07,000,00,2,1,01,A01
200600075998,0,01,000,00,2,4,01,B01
200600075999,1,07,000,00,2,0,01,A01
200600075999,0,07,000,00,2,4,01,B01
200600076000,0,07,000,00,2,3,15,A01
200600076000,0,30,000,00,2,1,01,B01
200600076001,0,15,000,00,2,1,01,A01
200600076001,0,07,000,00,1,4,01,B01
200600076002,0,07,000,00,2,1,01,A01
200600076002,0,07,000,00,2,1,01,B01
200600076003,0,07,000,13,0,1,00,A01
200600076004,0,07,000,06,0,1,01,A01
200600076005,0,07,000,00,9,2,02,A01
200600076005,0,30,000,00,2,5,02,B01
200600076006,0,10,000,00,2,3,01,A01
200600076006,0,10,000,00,2,3,01,B01
200600076007,0,07,000,13,0,2,01,A01
200600076008,0,07,000,00,2,1,17,A01
200600076008,0,33,000,00,2,8,15,B01
200600076009,0,33,000,00,2,1,13,A01
200600076009,0,07,000,00,2,3,01,B01
200600076010,0,14,000,00,2,1,01,A01
200600076010,0,07,000,00,2,4,01,B01
200600076011,0,07,000,13,2,0,09,A01
200600076011,0,07,000,00,2,1,01,B01
200600076012,0,33,000,00,2,1,01,B01
200600076012,0,10,000,00,2,3,15,A01
200600076013,0,07,000,00,2,1,13,A01