Num_Acc,senc,catv,occutc,obs,obsm,choc,manv,num_veh
200600076013,0,21,000,00,2,1,01,B01
200600076014,0,02,000,00,2,1,01,A01
200600076014,0,07,000,00,2,3,09,B01
200600076015,0,07,000,00,1,2,16,A01
200600076016,0,07,000,13,0,9,14,A01
200600076017,0,17,000,00,2,6,15,A01
200600076017,0,07,000,00,2,1,01,B01
200600076018,0,07,000,00,2,2,15,A01
200600076018,0,02,000,00,2,1,01,B01
200600076019,0,07,000,00,1,1,01,A01
200600076020,0,07,000,06,2,1,09,A01
200600076020,0,07,000,06,2,8,09,B01
200600076021,0,07,000,00,2,2,15,A01
200600076021,0,07,000,00,2,3,01,B01
200600076022,0,07,000,00,2,4,02,B01
200600076022,0,07,000,00,2,1,01,A01
200600076022,0,07,000,00,0,4,01,C01
200600076023,0,07,000,00,2,5,01,A01
200600076023,0,07,000,00,2,1,16,B01
200600076024,0,13,000,00,2,6,04,A01
200600076024,0,07,000,00,2,2,01,B01
200600076025,0,02,000,00,2,1,01,A01
200600076025,0,07,000,00,2,6,15,B01
200600076026,0,14,000,00,2,2,09,A01
200600076026,0,10,000,08,2,1,01,B01
200600076027,0,07,000,08,0,1,01,A01
200600076028,0,07,000,00,2,3,15,A01
200600076028,0,31,000,00,2,1,01,B01
200600076029,0,07,000,13,0,2,01,A01
200600076030,0,07,000,14,2,1,06,A01
200600076030,0,07,000,00,2,1,01,B01
200600076031,0,07,000,00,2,1,01,A01
200600076031,0,07,000,00,2,4,01,B01
200600076032,0,32,000,01,2,7,01,A01
200600076032,0,07,000,00,2,8,15,B01
200600076033,0,07,000,00,2,3,19,A01
200600076033,0,30,000,00,2,1,17,B01
200600076034,0,01,000,00,2,1,01,B01
200600076034,0,07,000,00,2,1,01,A01
200600076035,0,07,000,00,1,3,01,A01
200600076036,0,07,000,00,2,1,01,A01
200600076036,0,07,000,00,2,8,01,B01
200600076037,1,07,000,01,2,1,15,A01
200600076037,0,02,000,00,2,1,01,B01
200600076038,0,07,000,13,0,3,13,A01
200600076039,1,07,000,00,0,0,00,A01
200600076040,0,07,000,00,1,1,01,A01
200600076041,0,02,000,00,2,8,17,A01
200600076041,0,07,000,00,2,3,01,B01
200600076042,0,33,000,00,2,0,01,B01
200600076042,0,07,000,00,2,1,15,A01
200600076043,0,30,000,00,1,1,00,A01
200600076044,0,07,000,00,2,1,01,A01
200600076044,0,07,000,00,2,4,01,B01
200600076045,0,07,000,00,1,1,01,A01
200600076046,0,30,000,00,2,8,01,C01
200600076046,0,07,000,00,2,1,05,A01
200600076046,0,37,002,00,2,3,01,B01
200600076047,0,07,000,00,2,3,09,A01
200600076047,0,07,000,00,2,2,01,B01
200600076048,0,07,000,00,1,0,15,A01
200600076049,0,07,000,00,2,1,17,A01
200600076049,0,07,000,00,2,6,15,B01
200600076050,0,07,000,00,2,0,16,A01
200600076050,0,30,000,00,2,1,01,B01
200600076051,0,07,000,00,2,1,09,A01
200600076051,0,07,000,00,2,7,01,B01
200600076052,0,10,000,00,2,1,01,A01
200600076052,0,07,000,00,2,4,01,B01
200600076052,0,07,000,00,2,4,01,C01
200600076052,0,07,000,00,2,4,01,D01
200600076053,0,07,000,01,0,0,00,A01
200600076054,0,07,000,00,2,3,13,A01
200600076054,0,07,000,00,2,3,01,B01
200600076054,0,07,000,00,2,1,01,C01
200600076055,0,07,000,02,2,1,02,A01
200600076055,0,07,000,00,2,4,17,B01
200600076056,0,07,000,00,2,1,00,A01
200600076056,0,33,000,00,2,5,01,B01
200600076057,0,07,000,00,2,3,00,A01
200600076057,0,07,000,00,2,1,01,B01
200600076058,0,07,000,00,2,1,01,A01
200600076058,0,07,000,00,2,4,23,B01
200600076059,0,07,000,00,1,3,01,A01
200600076060,0,07,000,00,0,0,11,A01
200600076060,0,33,000,00,0,1,01,B01
200600076061,1,07,000,00,2,1,15,A01
200600076061,0,07,000,00,2,8,01,B01
200600076062,0,07,000,00,2,3,19,A01
200600076062,0,02,000,00,2,1,17,B01
200600076063,0,14,000,00,2,1,02,A01
200600076063,0,10,000,00,2,4,01,B01
200600076064,0,02,000,00,2,1,01,A01
200600076064,0,10,000,00,2,4,23,B01
200600076065,0,07,000,00,1,4,04,A01
200600076066,0,33,000,00,2,1,01,A01
200600076066,0,07,000,00,2,7,16,B01
200600076067,0,07,000,00,0,1,00,A01
200600076068,0,07,000,00,2,1,02,A01
200600076068,0,07,000,00,2,4,23,B01
200600076069,0,07,000,00,2,3,00,A01
200600076069,0,07,000,00,2,3,01,B01
200600076070,0,07,000,00,2,2,15,A01
200600076070,0,33,000,00,2,1,02,B01
200600076071,0,07,000,00,1,5,01,A01
200600076072,0,07,000,00,2,3,00,A01
200600076072,0,07,000,00,2,3,01,B01
200600076073,0,07,000,00,2,1,01,A01
200600076073,0,02,000,00,2,1,01,B01
200600076074,0,33,000,00,2,1,01,A01
200600076074,0,07,000,00,2,3,01,B01
200600076075,0,07,000,00,2,1,01,A01
200600076075,0,07,000,00,2,4,01,B01
200600076075,0,07,000,00,2,9,01,C01
200600076075,0,07,000,00,0,4,01,D01
200600076076,0,07,000,00,2,3,15,A01
200600076076,0,07,000,00,2,2,01,B01
200600076077,1,07,000,00,1,1,02,A01
200600076078,0,07,000,00,2,2,01,B01
200600076078,0,30,000,00,2,1,01,A01
200600076079,0,07,000,00,0,7,01,A01
200600076080,0,07,000,00,1,7,15,A01
200600076081,0,31,000,00,0,9,13,A01
200600076082,0,07,000,08,0,1,01,A01
200600076083,0,07,000,00,2,2,15,A01
200600076083,0,02,000,00,2,1,08,B01
200600076084,0,01,000,00,2,7,15,A01
200600076084,0,33,000,00,9,1,01,B01
200600076085,0,07,000,00,2,1,02,A01
200600076085,0,07,000,00,2,4,02,B01
200600076086,0,33,000,00,0,0,00,A01
200600076087,0,33,000,00,2,1,01,A01
200600076087,0,10,000,00,2,1,15,B01
200600076088,0,10,000,00,2,1,15,A01
200600076088,0,30,000,00,2,1,01,B01
200600076089,0,01,000,00,2,1,02,A01
200600076089,0,07,000,00,9,4,02,B01
200600076090,0,07,000,00,2,2,15,B01
200600076090,0,07,000,00,2,1,01,A01
200600076091,0,33,000,00,0,1,00,A01
200600076092,0,07,000,00,2,8,10,A01
200600076092,0,07,000,00,2,2,01,B01
200600076093,0,02,000,00,2,0,01,A01
200600076094,0,07,000,00,2,1,01,A01
200600076094,0,10,000,00,2,8,01,B01
200600076095,0,07,000,00,2,2,15,A01
200600076095,0,07,000,00,2,1,01,B01
200600076096,0,07,000,08,0,1,01,A01
200600076097,0,10,000,00,2,2,15,A01
200600076097,0,07,000,08,2,3,01,B01
200600076098,0,07,000,00,1,4,04,A01
200600076099,0,07,000,00,2,1,02,A01
200600076099,0,07,000,00,2,4,02,B01
200600076100,0,07,000,00,2,3,15,A01
200600076100,0,34,000,00,2,1,01,B01
200600076101,0,10,000,00,2,3,01,B01
200600076101,0,30,000,00,2,2,01,A01
200600076102,0,07,000,03,0,9,01,A01
200600076103,0,07,000,00,1,2,21,A01
200600076104,0,07,000,00,9,7,01,A01
200600076104,0,01,000,00,2,1,01,B01
200600076105,0,07,000,00,2,1,15,A01
200600076105,0,34,000,00,2,1,01,B01
200600076106,1,01,000,01,0,0,00,A01
200600076107,0,07,000,00,2,2,09,A01
200600076107,0,30,000,00,2,1,01,B01
200600076108,0,07,000,00,2,2,15,B01
200600076108,0,07,000,14,2,1,07,A01
200600076109,0,14,000,00,2,1,01,A01
200600076109,0,07,000,00,2,1,01,B01
200600076109,0,07,000,00,2,4,01,C01
200600076109,0,07,000,00,2,4,01,D01
200600076110,0,30,000,00,2,1,01,A01
200600076110,0,07,000,00,2,8,01,B01
200600076111,0,07,000,00,2,1,01,A01
200600076111,0,07,000,00,2,4,01,B01
200600076112,0,07,000,00,2,5,16,A01
200600076112,0,02,000,00,2,1,01,B01
200600076113,0,07,000,00,2,1,02,A01
200600076113,0,07,000,00,2,4,02,B01
200600076113,0,10,000,00,2,4,01,C01
200600076114,0,07,000,00,2,0,15,A01
200600076114,0,30,000,00,2,1,17,B01
200600076115,0,07,000,00,1,5,01,A01
200600076116,0,01,000,00,1,1,00,A01
200600076117,0,07,000,00,2,7,00,A01
200600076117,0,31,000,00,2,8,00,B01
200600076118,0,07,000,00,2,1,15,A01
200600076118,0,07,000,00,2,1,01,B01
200600076119,0,07,000,00,2,1,16,A01
200600076119,0,01,000,00,2,1,06,B01
200600076120,0,07,000,00,2,3,15,A01
200600076120,0,30,000,00,2,7,17,B01
200600076121,0,07,000,00,2,3,16,A01
200600076121,0,07,000,00,1,2,01,B01
200600076122,0,10,000,14,0,1,00,A01
200600076123,0,07,000,04,0,3,16,A01
200600076124,0,02,000,00,2,1,02,A01
200600076124,0,10,000,00,2,6,23,B01
200600076125,0,01,000,00,2,1,01,A01
200600076125,0,07,000,00,9,6,01,B01
200600076126,0,07,000,00,1,1,01,A01
200600076127,1,07,000,00,1,1,01,A01
200600076128,0,07,000,00,2,4,02,B01
200600076128,0,13,000,00,2,4,02,C01
200600076128,0,10,000,00,2,1,02,A01
200600076129,0,07,000,00,2,0,15,B01
200600076129,0,33,000,00,2,2,01,A01
200600076130,0,07,000,00,2,1,02,A01
200600076130,0,07,000,00,2,4,02,B01
200600076131,0,37,001,00,9,4,02,A01
200600076131,0,01,000,00,2,1,02,B01
200600076132,0,33,000,14,0,1,00,A01
200600076132,0,13,000,00,0,0,01,B01
200600076133,0,10,000,00,2,2,02,A01
200600076133,0,07,000,00,2,4,02,B01
200600076133,0,10,000,00,2,4,02,C01
200600076134,1,07,000,00,9,0,00,A01
200600076134,0,01,000,00,2,0,00,B01
200600076135,0,07,000,00,2,1,02,A01
200600076135,0,07,000,00,2,4,02,B01
200600076136,0,07,000,00,2,1,15,A01
200600076136,0,30,000,00,2,4,23,B01
200600076137,0,07,000,00,2,1,01,A01
200600076137,0,07,000,00,2,3,00,B01
200600076138,0,07,000,00,2,1,02,A01
200600076138,0,10,000,00,2,4,02,B01
200600076138,0,07,000,00,2,4,02,C01
200600076139,0,01,000,00,1,1,01,A01
200600076140,0,07,000,00,2,2,15,A01
200600076140,0,30,000,00,2,1,01,B01
200600076141,0,07,000,06,0,1,00,A01
200600076142,0,34,000,00,1,1,01,A01
200600076143,0,33,000,00,2,1,00,A01
200600076143,0,07,000,00,2,3,00,B01
200600076144,0,33,000,01,0,0,00,A01
200600076145,0,07,000,00,2,2,15,A01
200600076145,0,07,000,00,2,1,00,B01
200600076146,0,07,000,00,9,0,15,A01
200600076146,0,01,000,00,2,0,01,B01
200600076147,1,10,000,00,1,0,17,A01
200600076148,0,10,000,00,2,1,02,A01
200600076148,0,33,000,00,2,4,02,B01
200600076149,0,07,000,00,1,1,01,A01
200600076150,0,01,000,00,2,2,01,B01
200600076150,0,07,000,00,9,3,09,A01
200600076151,0,07,000,00,2,7,01,A01
200600076151,0,37,002,00,2,8,07,B01
200600076152,0,01,000,00,1,0,01,A01
200600076153,0,07,000,00,1,2,01,A01
200600076154,0,01,000,00,2,1,13,A01
200600076154,0,07,000,00,9,5,01,B01
200600076155,0,30,000,00,1,1,01,A01
200600076156,0,07,000,00,2,2,15,A01
200600076156,0,34,000,00,2,1,01,B01
200600076157,0,07,000,00,2,4,15,A01
200600076157,0,33,000,00,2,1,00,B01
200600076158,0,07,000,15,0,9,00,A01
200600076159,0,07,000,00,2,1,02,A01
200600076159,0,07,000,00,2,4,02,B01
200600076159,0,07,000,00,1,1,02,C01
200600076160,1,37,059,00,9,0,00,A01
200600076160,0,01,000,00,2,0,00,B01
200600076161,0,07,000,00,2,1,01,A01
200600076161,0,01,000,00,2,8,19,B01
200600076162,0,33,000,03,2,1,18,A01
200600076162,0,10,000,00,0,5,01,B01
200600076162,0,07,000,04,0,8,01,C01
200600076163,0,07,000,00,2,1,02,A01
200600076163,0,07,000,00,2,4,02,B01
200600076164,0,07,000,08,2,1,01,B01
200600076164,0,07,000,00,2,3,15,A01
200600076165,0,07,000,00,2,1,02,A01
200600076165,0,07,000,00,2,4,02,B01
200600076165,0,10,000,00,2,1,02,C01
200600076166,0,30,000,00,2,7,01,A01
200600076166,1,07,000,00,2,0,15,B01
200600076167,0,02,000,00,2,1,17,B01
200600076167,0,07,000,00,2,8,15,A01
200600076168,0,07,000,00,1,6,04,A01
200600076169,0,30,000,15,0,1,01,A01
200600076170,0,07,000,00,2,3,01,A01
200600076170,0,07,000,00,2,3,15,B01
200600076171,2,07,000,00,2,3,00,A01
200600076171,0,07,000,00,2,8,01,B01
200600076172,0,07,000,12,0,3,01,A01
200600076173,0,30,000,00,0,7,01,A01
200600076174,0,07,000,10,0,2,01,A01
200600076175,0,17,000,00,2,2,12,A01
200600076175,0,07,000,00,2,6,01,B01
200600076175,0,07,000,00,2,4,01,C01
200600076176,0,07,000,00,2,2,14,A01
200600076177,0,07,000,00,2,3,15,A01
200600076177,0,02,000,00,9,1,01,B01
200600076178,0,02,000,00,0,0,01,A01
200600076179,0,07,000,11,0,1,01,A01
200600076180,0,07,000,02,0,6,00,A01
200600076181,0,07,000,00,2,4,23,B01
200600076181,0,07,000,00,2,1,02,A01
200600076182,0,07,000,00,1,1,01,A01
200600076183,0,30,000,00,2,5,16,A01
200600076183,0,30,000,00,2,8,16,B01
200600076184,0,07,000,00,2,1,02,A01
200600076184,0,01,000,00,2,4,02,B01
200600076185,0,07,000,00,2,9,01,A01
200600076185,0,07,000,00,2,2,01,B01
200600076186,0,07,000,00,2,3,15,A01
200600076186,0,02,000,00,2,1,01,B01
200600076187,0,07,000,00,1,1,01,A01
200600076188,0,01,000,00,1,1,01,A01
200600076189,0,07,000,00,2,2,01,A01
200600076189,0,07,000,00,2,3,01,B01
200600076190,0,02,000,00,2,1,17,A01
200600076190,0,07,000,00,0,6,15,B01
200600076191,2,10,000,00,0,8,01,A01
200600076191,0,07,000,00,2,1,01,B01
200600076192,0,10,000,00,2,7,01,A01
200600076192,0,17,000,00,2,1,16,B01
200600076193,0,07,000,00,2,3,15,A01
200600076193,0,07,000,00,2,2,01,B01
200600076194,0,07,000,00,2,1,15,A01
200600076194,0,33,000,00,2,8,01,B01
200600076195,0,07,000,00,0,2,13,A01
200600076195,0,01,000,01,2,0,01,B01
200600076195,0,07,000,00,2,1,01,C01
200600076195,0,07,000,00,2,1,01,D01
200600076195,0,07,000,00,1,1,01,E01
200600076196,0,02,000,00,2,7,15,A01
200600076196,0,07,000,00,2,1,01,B01
200600076197,0,02,000,00,2,1,13,A01
200600076197,0,07,000,00,2,1,01,B01
200600076198,0,33,000,00,2,2,01,A01
200600076198,0,07,000,00,2,4,01,B01
200600076199,0,07,000,00,2,1,01,A01
200600076199,0,07,000,00,2,1,01,B01
200600076200,0,02,000,00,2,1,01,A01
200600076200,0,07,000,00,2,1,15,B01
200600076201,0,07,000,00,2,3,01,A01
200600076201,0,02,000,00,2,8,01,B01
200600076202,0,02,000,00,2,1,01,A01
200600076202,0,07,000,00,2,1,15,B01
200600076203,0,07,000,00,2,3,15,A01
200600076203,0,07,000,00,2,3,01,B01
200600076204,0,02,000,00,2,3,01,B01
200600076204,0,07,000,00,2,0,01,A01
200600076205,0,07,000,00,2,7,15,A01
200600076205,0,01,000,00,2,1,01,B01
200600076206,0,07,000,00,1,3,01,A01
200600076207,0,07,000,00,1,1,01,A01
200600076208,0,02,000,00,1,1,17,A01
200600076209,0,02,000,00,2,8,01,A01
200600076209,0,07,000,00,2,1,01,B01
200600076210,1,07,000,00,1,0,16,A01
200600076211,0,07,000,00,2,8,15,A01
200600076211,0,10,000,00,2,3,01,B01
200600076212,0,37,041,00,2,1,01,A01
200600076212,0,07,000,08,0,4,01,B01
200600076213,0,07,000,00,2,4,15,A01
200600076213,0,33,000,00,2,1,01,B01
200600076214,0,07,000,00,2,2,16,A01
200600076214,0,02,000,00,2,1,01,B01
200600076215,0,07,000,00,2,8,01,A01
200600076215,0,33,000,00,2,1,15,B01
200600076216,0,10,000,01,1,1,01,A01
200600076217,0,07,000,00,2,1,01,A01
200600076217,0,31,000,00,2,8,01,B01
200600076218,0,07,000,00,2,2,15,A01
200600076218,0,02,000,00,2,1,01,B01
200600076219,0,07,000,00,2,1,01,A01
200600076219,0,07,000,00,2,4,01,B01
200600076220,0,07,000,00,2,3,15,A01
200600076220,0,31,000,00,1,1,17,B01
200600076221,0,07,000,00,1,4,20,A01
200600076222,0,07,000,00,1,3,01,A01
200600076223,0,07,000,14,0,1,01,A01
200600076223,0,10,000,14,0,5,23,B01
200600076223,0,07,000,00,0,4,23,C01
200600076224,0,07,000,00,1,2,01,A01
200600076225,0,07,000,00,2,1,13,A01
200600076225,0,07,000,00,2,3,01,B01
200600076226,0,07,000,00,2,3,01,A01
200600076227,0,33,000,00,2,1,01,A01
200600076227,0,07,000,00,2,2,15,B01
200600076228,0,07,000,13,0,9,13,A01
200600076229,0,07,000,00,1,2,01,A01
200600076230,0,07,000,00,2,2,15,A01
200600076230,0,31,000,00,2,8,01,B01
200600076231,0,07,000,00,1,1,01,A01
200600076232,0,07,000,00,2,1,01,A01
200600076232,0,07,000,00,2,8,15,B01
200600076233,0,07,000,07,2,1,01,A01
200600076233,0,07,000,00,2,1,15,B01
200600076234,0,10,000,00,2,1,01,A01
200600076234,0,07,000,00,2,9,02,B01
200600076234,0,07,000,00,2,4,02,C01
200600076235,0,40,000,00,1,3,01,A01
200600076236,0,10,000,00,2,6,01,A01
200600076237,1,07,000,00,2,0,00,B01
200600076237,0,02,000,00,2,1,01,A01
200600076238,0,07,000,00,1,2,01,A01
200600076239,0,02,000,00,2,1,01,A01
200600076239,0,07,000,00,2,5,01,B01
200600076240,0,07,000,00,0,4,02,B01
200600076240,0,07,000,00,2,1,01,A01
200600076241,0,07,000,00,2,3,15,A01
200600076241,0,07,000,08,2,1,01,B01
200600076242,0,02,000,00,2,1,01,A01
200600076242,0,07,000,00,2,7,01,B01
200600076243,0,02,000,01,2,1,18,A01
200600076243,0,07,000,00,2,5,01,B01
200600076244,0,07,000,00,2,3,15,A01
200600076244,0,02,000,00,2,1,01,B01
200600076245,0,07,000,00,2,1,15,A01
200600076245,0,31,000,00,2,1,01,B01
200600076246,0,07,000,00,1,2,15,A01
200600076247,0,07,000,00,2,2,16,A01
200600076247,0,02,000,00,2,1,01,B01
200600076248,0,07,000,00,2,1,15,A01
200600076248,0,02,000,00,2,1,01,B01
200600076249,0,02,000,00,2,1,01,A01
200600076249,0,07,000,00,2,1,01,B01
200600076250,0,07,000,01,0,1,14,A01
200600076251,0,07,000,00,2,8,15,A01
200600076251,0,31,000,00,2,1,01,B01
200600076252,0,07,000,00,2,2,01,A01
200600076252,0,01,000,00,2,1,01,B01
200600076253,0,10,000,00,1,1,15,A01
200600076254,0,32,000,00,2,1,01,A01
200600076254,1,07,000,00,0,0,01,B01
200600076255,0,10,000,00,2,8,01,A01
200600076255,0,33,000,00,2,8,17,B01
200600076256,0,07,000,00,2,3,15,A01
200600076256,0,33,000,00,2,1,01,B01
200600076257,0,32,000,00,1,1,01,A01
200600076258,0,07,000,00,2,1,01,B01
200600076258,0,07,000,00,2,1,15,A01
200600076259,0,07,000,00,2,1,15,A01
200600076259,0,07,000,00,2,3,01,B01
200600076260,0,07,000,00,1,0,16,A01
200600076261,0,07,000,00,2,2,15,A01
200600076261,0,33,000,00,0,1,01,B01
200600076262,0,30,000,00,2,1,01,A01
200600076262,0,07,000,00,0,4,23,B01
200600076263,0,03,000,00,2,1,01,A01
200600076263,0,07,000,00,2,4,02,B01
200600076264,0,07,000,00,1,1,01,A01
200600076265,0,02,000,06,2,1,01,A01
200600076265,0,07,000,00,2,3,15,B01
200600076266,0,07,000,00,1,1,01,A01
200600076267,0,07,000,00,0,6,13,A01
200600076267,0,02,000,00,2,2,01,B01
200600076268,0,07,000,00,2,0,01,A01
200600076268,0,02,000,00,2,4,01,B01
200600076268,0,07,000,00,2,3,16,C01
200600076269,0,01,000,12,0,1,05,A01
200600076270,0,07,000,00,2,1,01,A01
200600076270,0,07,000,00,2,4,02,B01
200600076270,0,07,000,00,2,4,02,C01
200600076271,0,01,000,00,2,1,01,A01
200600076271,0,07,000,00,2,4,01,B01
200600076272,0,10,000,00,2,1,01,A01
200600076272,0,07,000,00,0,4,23,B01
200600076273,0,07,000,00,2,3,01,A01
200600076274,0,07,000,00,2,1,01,A01
200600076274,0,07,000,00,0,2,15,B01
200600076275,0,37,000,00,2,1,02,A01
200600076275,0,07,000,00,2,1,23,B01
200600076275,0,07,000,00,0,4,23,C01
200600076276,0,07,000,00,2,3,09,A01
200600076276,0,30,000,00,2,1,01,B01
200600076277,0,07,000,00,0,7,01,A01
200600076277,0,07,000,00,2,1,01,B01
200600076278,0,14,000,00,2,3,01,A01
200600076278,0,02,000,00,2,9,01,B01
200600076279,0,10,000,00,0,2,15,A01
200600076279,0,33,000,00,2,1,01,B01
200600076280,0,07,000,00,0,7,15,A01
200600076280,0,32,000,00,2,2,01,B01
200600076281,0,07,000,00,0,2,15,A01
200600076281,0,33,000,00,2,1,01,B01
200600076282,0,02,000,00,2,1,01,A01
200600076282,0,02,000,00,2,1,01,B01
200600076283,0,10,000,00,2,1,01,A01
200600076283,0,07,000,00,2,9,02,B01
200600076283,0,07,000,00,2,4,23,C01
200600076284,0,07,000,00,2,0,01,A01
200600076284,0,01,000,00,2,2,15,B01
200600076285,0,07,000,00,2,1,15,A01
200600076285,0,01,000,00,2,1,01,B01
200600076286,0,07,000,00,1,2,01,A01
200600076287,0,07,000,00,1,4,04,A01
200600076288,0,33,000,00,2,1,01,A01
200600076288,0,10,000,00,2,0,15,B01
200600076289,0,40,000,00,1,1,01,A01
200600076290,0,33,000,00,2,2,17,A01
200600076290,0,07,000,00,0,6,15,B01
200600076291,0,07,000,12,0,0,14,A01
200600076292,0,07,000,00,2,1,15,A01
200600076292,0,32,000,00,2,8,01,B01
200600076293,0,07,000,00,1,3,20,A01
200600076293,0,33,000,00,1,2,01,B01
200600076294,0,07,000,00,2,2,15,A01
200600076294,0,02,000,00,2,9,01,B01
200600076295,0,07,000,00,2,3,13,A01
200600076296,0,07,000,00,2,8,22,A01
200600076296,0,01,000,00,2,1,01,B01
200600076297,0,07,000,12,2,1,14,A01
200600076298,0,07,000,00,2,3,15,A01
200600076298,0,33,000,00,2,1,01,B01
200600076299,0,30,000,00,2,1,01,A01
200600076299,0,07,000,00,0,5,15,B01
200600076300,0,33,000,00,2,8,01,A01
200600076300,0,07,000,00,2,1,01,B01
200600076301,0,07,000,00,2,2,15,A01
200600076301,0,02,000,00,2,1,01,B01
200600076302,0,07,000,00,2,3,01,A01
200600076302,0,01,000,00,1,0,01,B01
200600076303,0,07,000,00,0,7,15,A01
200600076303,0,07,000,00,2,1,01,B01
200600076304,0,07,000,00,2,3,15,A01
200600076304,0,33,000,00,2,9,17,B01
200600076305,0,02,000,00,2,1,18,A01
200600076305,0,07,000,00,1,2,01,B01
200600076306,0,07,000,00,2,1,15,A01
200600076306,0,07,000,07,2,9,06,B01
200600076307,0,10,000,00,2,3,13,A01
200600076307,0,07,000,00,2,3,01,B01
200600076308,0,20,000,00,2,1,01,A01
200600076308,0,07,000,00,1,1,01,B01
200600076309,0,07,000,00,2,1,15,A01
200600076309,0,07,000,00,2,3,01,B01
200600076310,0,07,000,00,1,1,15,A01
200600076311,0,31,000,01,2,8,17,A01
200600076311,0,10,000,00,2,8,15,B01
200600076312,0,07,000,02,0,8,01,A01
200600076313,0,33,000,03,2,1,01,A01
200600076313,0,07,000,00,0,5,01,B01
200600076314,0,30,000,00,0,6,00,A01
200600076315,0,07,000,00,2,3,01,A01
200600076315,0,30,000,00,2,3,01,B01
200600076316,0,01,000,00,0,0,00,A01
200600076317,0,30,000,00,2,7,01,A01
200600076317,0,07,000,00,2,1,01,B01
200600076318,0,10,000,00,1,3,01,A01
200600076319,0,33,000,00,2,1,02,A01
200600076319,0,07,000,00,2,4,02,B01
200600076320,0,07,000,13,0,1,00,A01
200600076321,0,33,000,10,0,1,17,A01
200600076322,0,07,000,00,1,3,01,A01
200600076323,0,07,000,00,2,8,00,A01
200600076323,0,10,000,00,2,1,01,B01
200600076324,0,07,000,00,2,2,15,A01
200600076324,0,07,000,00,2,3,01,B01
200600076325,0,07,000,00,0,0,17,A01
200600076325,0,07,000,00,2,3,01,B01
200600076326,0,32,000,00,2,2,01,B01
200600076326,0,07,000,00,0,3,01,A01
200600076327,0,07,000,06,2,2,14,A01
200600076327,0,14,000,00,2,8,01,B01
200600076328,0,30,000,00,2,4,02,A01
200600076328,0,30,000,00,2,4,02,B01
200600076329,0,07,000,00,2,1,11,A01
200600076329,0,07,000,00,2,3,15,B01
200600076330,0,07,000,00,2,6,20,A01
200600076330,0,30,000,00,2,8,02,B01
200600076331,0,30,000,00,2,4,01,A01
200600076331,0,07,000,00,2,4,01,B01
200600076332,0,07,000,00,1,1,01,A01
200600076333,0,07,000,00,1,1,01,A01
200600076334,0,07,000,00,0,8,01,A01
200600076335,0,07,000,00,2,8,00,A01
200600076335,0,07,000,00,2,7,00,B01
200600076336,0,07,000,02,0,1,01,A01
200600076337,0,10,000,03,0,2,14,A01
200600076338,0,32,000,00,0,7,13,A01
200600076339,0,10,000,00,2,1,13,A01
200600076339,0,10,000,00,2,1,01,B01
200600076340,0,33,000,00,0,0,00,A01
200600076341,0,14,000,00,9,0,06,A01
200600076341,0,32,000,00,0,0,21,B01
200600076341,0,07,000,00,2,3,23,C01
200600076342,0,34,000,00,2,7,01,B01
200600076342,1,07,000,00,2,1,15,A01
200600076343,0,33,000,00,0,7,09,A01
200600076344,0,07,000,00,1,2,01,A01
200600076345,0,02,000,00,2,1,01,A01
200600076345,0,07,000,00,2,7,01,B01
200600076346,0,02,000,00,2,1,13,A01
200600076346,0,07,000,00,2,3,01,B01
200600076347,0,07,000,00,2,8,15,A01
200600076347,0,30,000,00,2,1,17,B01
200600076348,0,07,000,02,0,3,21,A01
200600076349,0,33,000,00,0,0,08,A01
200600076349,0,38,000,00,0,0,15,B01
200600076350,0,32,000,00,2,7,01,B01
200600076350,0,07,000,00,2,8,09,A01
200600076351,0,01,000,00,2,1,01,A01
200600076351,0,02,000,00,2,1,15,B01
200600076352,0,07,000,00,1,2,15,A01
200600076353,0,33,000,00,2,1,01,B01
200600076353,0,07,000,00,2,3,09,A01
200600076354,0,32,000,00,2,1,01,B01
200600076354,0,07,000,00,2,8,10,A01
200600076355,0,32,000,00,2,1,01,B01
200600076355,0,07,000,00,2,7,10,A01
200600076356,0,07,000,00,1,1,13,A01
200600076357,0,07,000,00,2,1,01,B01
200600076357,0,07,000,00,2,3,16,A01
200600076358,0,07,000,00,2,7,17,B01
200600076358,0,01,000,00,2,8,15,A01
200600076359,0,01,000,00,2,4,01,B01
200600076359,0,07,000,00,2,1,01,A01
200600076360,0,07,000,00,2,8,01,B01
200600076360,0,14,000,00,2,2,01,A01
200600076361,0,02,000,00,0,0,16,A01
200600076362,0,07,000,00,2,3,01,B01
200600076362,0,07,000,00,2,2,01,A01
200600076363,0,01,000,00,1,1,01,A01
200600076364,0,18,002,00,2,5,15,B01
200600076364,0,30,000,00,2,1,01,A01
200600076365,0,07,000,00,2,4,23,B01
200600076365,0,07,000,00,2,1,02,A01
200600076366,0,07,000,00,2,8,15,B01
200600076366,0,30,000,00,2,1,17,A01
200600076367,0,07,000,00,1,3,01,A01
200600076368,0,07,000,00,2,4,23,B01
200600076368,0,07,000,01,0,1,01,A01
200600076369,0,07,000,00,1,3,01,A01
200600076370,0,32,000,00,0,4,23,B01
200600076370,0,07,000,00,2,1,01,A01
200600076371,0,07,000,02,0,1,13,A01
200600076372,0,07,000,00,0,8,15,B01