Num_Acc,senc,catv,occutc,obs,obsm,choc,manv,num_veh
200600076372,0,02,000,00,2,1,17,A01
200600076373,0,07,000,00,1,2,01,A01
200600076374,0,01,000,00,2,1,19,A01
200600076374,0,07,000,00,2,7,01,B01
200600076375,0,33,000,00,2,1,01,B01
200600076375,0,07,000,00,2,8,10,A01
200600076376,0,15,000,00,2,6,13,A01
200600076376,0,33,000,00,2,1,01,B01
200600076377,0,07,000,00,1,1,01,A01
200600076378,0,33,000,00,1,0,01,A01
200600076379,0,07,000,00,1,1,01,A01
200600076380,0,07,000,02,0,8,01,A01
200600076381,0,32,000,00,0,8,16,B01
200600076381,0,38,000,00,9,1,01,A01
200600076382,0,07,000,00,1,1,01,A01
200600076383,0,07,000,00,2,7,01,A01
200600076383,0,07,000,00,2,3,01,B01
200600076384,0,07,000,00,2,3,15,A01
200600076384,0,07,000,00,2,1,01,B01
200600076385,0,07,000,00,0,2,01,A01
200600076386,0,07,000,00,2,8,15,A01
200600076386,0,31,000,00,0,2,00,B01
200600076387,0,07,000,02,0,1,01,A01
200600076388,0,07,000,00,0,7,15,A01
200600076388,0,07,000,00,2,1,01,B01
200600076389,0,07,000,00,2,4,02,B01
200600076389,0,07,000,00,2,1,02,A01
200600076390,0,07,000,00,2,1,02,A01
200600076390,0,07,000,00,2,4,02,B01
200600076390,0,07,000,00,0,4,02,C01
200600076391,0,07,000,00,1,2,01,A01
200600076392,0,34,000,15,0,0,21,B01
200600076392,0,10,000,00,0,0,12,A01
200600076393,0,07,000,00,2,3,16,B01
200600076393,0,07,000,00,2,2,01,A01
200600076394,0,07,000,00,2,3,01,B01
200600076394,0,07,000,00,2,3,05,A01
200600076395,0,07,000,00,0,3,02,B01
200600076395,0,07,000,00,2,1,15,A01
200600076396,0,07,000,00,2,2,00,A01
200600076396,0,07,000,00,2,1,15,B01
200600076397,0,07,000,12,0,1,02,A01
200600076398,0,07,000,00,2,7,01,B01
200600076398,0,30,000,00,2,1,01,A01
200600076399,0,02,000,00,0,7,16,A01
200600076400,0,07,000,00,2,2,01,A01
200600076400,0,02,000,00,2,1,01,B01
200600076401,0,07,000,00,2,8,15,A01
200600076401,0,31,000,00,2,1,17,B01
200600076402,0,07,000,00,1,1,15,A01
200600076403,0,02,000,00,2,8,01,A01
200600076404,0,07,000,00,1,2,01,A01
200600076405,0,07,000,00,2,1,00,A01
200600076405,0,07,000,00,2,4,01,B01
200600076406,0,02,000,00,2,1,02,A01
200600076406,0,10,000,00,2,4,02,B01
200600076407,0,30,000,00,2,1,00,A01
200600076407,0,07,000,00,2,4,00,B01
200600076408,0,07,000,00,2,1,02,A01
200600076408,0,07,000,00,2,4,01,B01
200600076409,0,15,000,00,2,1,02,A01
200600076409,0,15,000,00,2,4,02,B01
200600076409,0,07,000,00,2,0,02,C01
200600076410,0,33,000,00,0,7,00,A01
200600076411,0,07,000,00,2,1,15,A01
200600076411,0,07,000,00,2,3,01,B01
200600076412,0,10,000,00,2,0,02,A01
200600076412,0,07,000,00,2,9,02,B01
200600076412,0,14,000,00,2,4,23,C01
200600076413,0,10,000,00,2,2,17,A01
200600076413,0,07,000,00,2,6,21,B01
200600076414,0,02,000,00,2,1,01,A01
200600076414,0,07,000,01,2,4,23,B01
200600076415,0,07,000,15,0,1,01,A01
200600076416,0,07,000,03,0,4,01,A01
200600076417,0,07,000,00,1,1,15,A01
200600076418,0,07,000,06,0,0,00,A01
200600076419,0,07,000,00,2,1,01,A01
200600076419,0,10,000,00,2,6,23,B01
200600076420,0,07,000,00,2,0,09,A01
200600076420,0,30,000,00,2,1,01,B01
200600076421,0,07,000,00,1,1,01,A01
200600076421,0,07,000,00,2,1,01,B01
200600076422,0,07,000,00,1,1,01,A01
200600076423,0,10,000,00,1,1,15,A01
200600076424,0,07,000,00,1,1,00,A01
200600076425,0,02,000,00,2,8,01,A01
200600076425,0,07,000,00,2,5,23,B01
200600076426,0,30,000,00,2,8,01,B01
200600076426,0,37,000,00,2,3,01,A01
200600076427,0,07,000,00,2,0,16,A01
200600076427,0,01,000,00,2,1,01,B01
200600076428,0,07,000,00,2,7,16,A01
200600076428,0,07,000,00,2,1,01,B01
200600076429,0,07,000,12,0,1,01,A01
200600076430,0,07,000,00,0,9,01,A01
200600076431,0,01,000,00,2,1,01,B01
200600076431,0,07,000,00,2,0,15,A01
200600076432,0,07,000,00,2,5,01,B01
200600076432,0,07,000,00,2,1,01,A01
200600076433,0,07,000,00,2,1,15,A01
200600076433,0,07,000,00,2,3,01,B01
200600076434,0,07,000,00,2,2,09,A01
200600076434,0,02,000,00,2,1,17,B01
200600076435,1,13,000,00,1,0,00,A01
200600076436,0,07,000,00,1,2,01,A01
200600076437,0,33,000,00,2,1,15,A01
200600076437,0,07,000,01,2,3,01,B01
200600076438,0,07,000,08,1,0,01,A01
200600076439,0,07,000,00,2,4,00,A01
200600076439,0,07,000,00,2,2,01,B01
200600076440,0,30,000,00,2,1,15,A01
200600076440,0,07,000,00,2,3,01,B01
200600076441,2,07,000,00,2,9,00,A01
200600076441,0,07,000,00,2,3,04,B01
200600076441,0,07,000,00,2,3,00,C01
200600076441,0,07,000,00,2,8,00,E01
200600076442,0,07,000,00,2,1,00,A01
200600076442,0,07,000,00,2,3,01,B01
200600076443,0,07,000,00,2,1,01,A01
200600076443,0,07,000,00,2,1,01,B01
200600076444,0,07,000,00,2,1,13,A01
200600076444,0,07,000,00,2,1,01,B01
200600076445,0,33,000,00,2,2,01,B01
200600076445,0,07,000,00,2,4,09,A01
200600076446,0,10,000,00,2,1,02,A01
200600076446,0,07,000,00,2,4,23,B01
200600076446,0,07,000,00,2,4,23,C01
200600076446,0,07,000,00,2,4,23,D01
200600076447,0,07,000,00,1,1,01,A01
200600076448,0,15,000,03,0,8,01,A01
200600076449,0,07,000,00,1,1,15,A01
200600076450,0,07,000,07,2,1,00,A01
200600076451,0,01,000,00,2,1,01,B01
200600076451,0,07,000,00,2,1,15,A01
200600076452,0,07,000,00,2,1,02,A01
200600076452,0,07,000,00,2,4,01,B01
200600076453,0,07,000,00,2,1,15,A01
200600076453,0,33,000,00,2,7,01,B01
200600076454,0,07,000,00,2,1,15,A01
200600076454,0,30,000,00,2,8,01,B01
200600076455,0,07,000,00,2,1,02,A01
200600076455,0,07,000,00,2,4,23,B01
200600076456,0,07,000,00,2,1,00,A01
200600076456,0,07,000,00,2,4,00,B01
200600076457,0,07,000,00,1,1,01,A01
200600076458,0,07,000,00,1,2,00,A01
200600076459,0,07,000,01,0,1,00,A01
200600076460,0,07,000,03,0,9,21,A01
200600076461,1,07,000,00,2,5,17,A01
200600076461,0,07,000,00,2,6,01,B01
200600076462,0,07,000,00,2,7,15,A01
200600076462,0,07,000,00,2,2,01,B01
200600076463,0,07,000,00,2,1,01,A01
200600076463,0,07,000,00,2,7,01,B01
200600076463,0,07,000,00,2,8,01,C01
200600076464,0,07,000,13,0,1,14,A01
200600076465,0,07,000,11,0,1,01,A01
200600076466,0,07,000,07,0,1,01,A01
200600076467,0,02,000,00,2,8,01,B01
200600076467,0,07,000,00,0,3,15,A01
200600076468,0,07,000,16,0,9,14,A01
200600076469,0,07,000,00,2,3,19,A01
200600076469,0,30,000,00,2,1,01,B01
200600076470,0,10,000,06,0,1,01,A01
200600076471,0,07,000,11,2,8,01,A01
200600076471,0,07,000,07,2,8,01,B01
200600076472,0,07,000,00,0,7,14,A01
200600076473,0,07,000,00,0,9,14,A01
200600076474,0,13,000,00,0,1,01,A01
200600076474,0,07,000,00,0,4,02,B01
200600076475,0,07,000,00,2,1,01,A01
200600076475,0,07,000,00,2,3,01,B01
200600076476,0,07,000,00,0,0,01,A01
200600076477,0,07,000,00,2,1,09,A01
200600076477,0,33,000,00,2,1,01,B01
200600076477,0,07,000,00,2,1,15,C01
200600076478,0,02,000,08,0,1,01,A01
200600076479,0,07,000,00,2,1,01,A01
200600076479,0,07,000,00,2,4,01,B01
200600076480,0,07,000,01,0,1,02,A01
200600076480,0,07,000,00,2,4,23,B01
200600076481,0,07,000,00,2,7,01,B01
200600076481,0,07,000,00,0,1,15,A01
200600076482,0,02,000,01,0,7,14,A01
200600076483,0,02,000,00,2,7,17,A01
200600076483,0,01,000,00,2,8,01,B01
200600076484,0,07,000,00,2,7,01,B01
200600076484,0,02,000,00,2,1,09,A01
200600076485,0,02,000,00,2,1,01,A01
200600076485,1,07,000,00,2,5,16,B01
200600076486,0,07,000,00,2,1,01,A01
200600076486,0,07,000,00,2,4,23,B01
200600076487,0,07,000,00,1,3,01,A01
200600076488,0,07,000,00,1,3,01,A01
200600076489,1,07,000,00,1,2,01,A01
200600076490,0,01,000,00,2,8,19,A01
200600076490,0,07,000,00,2,1,01,B01
200600076491,2,07,000,06,0,1,01,A01
200600076492,0,02,000,00,2,1,01,A01
200600076492,0,07,000,00,2,2,01,B01
200600076493,0,07,000,00,2,2,15,A01
200600076493,0,02,000,00,2,1,01,B01
200600076494,0,07,000,00,2,1,01,A01
200600076494,0,07,000,00,2,3,09,B01
200600076495,0,37,000,00,1,3,01,A01
200600076496,0,07,000,00,1,2,01,A01
200600076497,0,07,000,06,0,1,01,A01
200600076498,0,07,000,00,2,6,09,A01
200600076498,0,30,000,00,2,2,09,B01
200600076499,0,07,000,06,0,1,01,A01
200600076500,0,07,000,00,2,9,11,A01
200600076500,0,07,000,00,2,3,02,B01
200600076501,0,07,000,00,2,4,02,B01
200600076501,0,07,000,00,2,1,02,A01
200600076502,0,07,000,00,2,1,01,A01
200600076502,0,07,000,00,2,4,02,B01
200600076502,0,07,000,00,0,4,02,C01
200600076503,0,01,000,00,0,0,01,A01
200600076504,0,02,000,00,2,1,01,A01
200600076504,0,07,000,00,2,2,01,B01
200600076505,0,32,000,00,2,1,16,A01
200600076505,0,01,000,00,2,1,01,B01
200600076506,0,07,000,00,1,1,01,A01
200600076507,0,07,000,14,4,8,13,A01
200600076507,0,40,000,00,2,1,01,B01
200600076507,0,07,000,00,2,6,23,C01
200600076508,0,40,000,00,2,1,01,B01
200600076508,0,07,000,00,4,7,01,A01
200600076509,0,07,000,00,1,2,01,A01
200600076510,0,01,000,00,2,1,01,A01
200600076510,0,07,000,00,2,3,15,B01
200600076511,0,30,000,00,2,1,00,A01
200600076511,0,07,000,00,2,6,00,B01
200600076512,0,07,000,00,2,1,16,A01
200600076512,0,01,000,00,2,1,01,B01
200600076513,0,07,000,00,1,1,01,A01
200600076514,1,07,000,00,1,2,01,A01
200600076515,0,07,000,15,2,2,01,A01
200600076515,0,07,000,00,2,1,01,B01
200600076516,0,33,000,00,2,2,01,B01
200600076516,0,07,000,00,2,6,16,A01
200600076517,0,07,000,00,2,3,21,A01
200600076517,0,07,000,00,2,8,01,B01
200600076517,0,07,000,00,0,0,00,C01
200600076518,0,01,000,00,1,2,01,A01
200600076519,0,01,000,00,2,1,01,A01
200600076519,1,99,000,00,2,1,01,B01
200600076520,0,07,000,00,1,1,15,A01
200600076521,0,07,000,03,0,9,17,A01
200600076522,1,10,000,00,1,5,16,A01
200600076523,0,07,000,00,2,3,01,B01
200600076523,0,01,000,00,2,1,01,A01
200600076524,0,07,000,00,2,2,22,A01
200600076524,0,01,000,00,2,1,01,B01
200600076525,0,07,000,00,2,7,01,A01
200600076525,0,07,000,00,2,1,01,B01
200600076526,0,01,000,00,1,1,01,A01
200600076527,0,07,000,00,2,2,15,A01
200600076527,0,07,000,00,2,9,01,B01
200600076527,0,07,000,00,2,1,01,C01
200600076528,0,07,000,00,2,1,02,A01
200600076528,0,07,000,00,2,4,02,B01
200600076528,0,07,000,00,2,4,02,C01
200600076529,0,07,000,00,2,1,02,A01
200600076529,0,07,000,00,2,4,02,B01
200600076530,0,07,000,00,2,3,02,A01
200600076530,0,07,000,00,2,1,02,B01
200600076530,0,07,000,00,2,4,02,C01
200600076531,0,07,000,00,2,1,01,B01
200600076531,0,07,000,00,2,3,15,A01
200600076532,0,07,000,00,1,3,01,A01
200600076533,0,07,000,00,2,1,23,B01
200600076533,0,07,000,00,2,1,16,A01
200600076534,0,07,000,00,1,1,15,A01
200600076535,0,07,000,09,0,9,01,A01
200600076535,1,07,000,00,0,0,00,B01
200600076536,0,07,000,00,1,7,01,A01
200600076537,0,01,000,00,2,1,01,A01
200600076537,0,07,000,00,2,3,01,B01
200600076538,0,31,000,00,1,1,01,A01
200600076539,0,07,000,00,2,1,01,A01
200600076539,0,07,000,00,2,4,15,B01
200600076540,0,07,000,00,1,1,16,A01
200600076541,0,07,000,00,2,5,23,A01
200600076541,0,30,000,00,2,1,02,B01
200600076542,0,07,000,00,2,8,01,B01
200600076542,0,07,000,00,2,1,01,A01
200600076543,0,07,000,00,2,3,15,A01
200600076543,0,33,000,00,2,1,01,B01
200600076544,0,07,000,00,2,1,09,A01
200600076544,0,30,000,00,2,1,09,B01
200600076545,0,07,000,00,1,4,04,A01
200600076546,0,07,000,00,1,2,15,A01
200600076547,0,30,000,00,2,1,17,A01
200600076547,0,07,000,00,2,3,01,B01
200600076547,0,30,000,00,2,1,17,C01
200600076548,0,07,000,00,2,3,15,B01
200600076548,0,02,000,00,2,1,17,A01
200600076549,0,07,000,08,0,7,01,A01
200600076550,0,07,000,00,2,3,01,A01
200600076550,0,01,000,00,2,7,19,B01
200600076551,0,30,000,00,2,3,13,A01
200600076551,0,10,000,00,0,1,00,B01
200600076551,1,07,000,00,0,8,02,C01
200600076552,0,14,000,00,1,1,01,A01
200600076553,0,07,000,00,6,1,01,A01
200600076553,0,07,000,00,2,1,01,B01
200600076554,0,02,000,00,2,5,00,B01
200600076554,0,07,000,00,2,3,00,A01
200600076554,0,07,000,00,2,3,00,C01
200600076555,0,07,000,00,1,1,01,A01
200600076556,0,33,000,00,2,1,01,A01
200600076556,0,07,000,00,0,5,15,B01
200600076557,0,10,000,00,2,1,02,A01
200600076557,0,10,000,06,2,4,24,B01
200600076557,0,07,000,00,2,4,01,C01
200600076558,0,07,000,00,2,3,15,A01
200600076558,0,07,000,00,2,1,01,B01
200600076559,0,07,000,00,6,1,01,A01
200600076560,0,07,000,00,2,1,16,A01
200600076560,0,07,000,00,2,1,01,B01
200600076560,0,07,000,00,2,1,01,C01
200600076561,0,07,000,00,2,3,15,A01
200600076561,0,32,000,00,2,1,01,B01
200600076562,0,02,000,00,2,1,17,A01
200600076562,0,07,000,00,2,3,15,B01
200600076563,0,03,000,00,2,1,01,A01
200600076563,0,07,000,00,2,3,01,B01
200600076563,0,07,000,00,2,6,23,C01
200600076564,0,07,000,00,2,2,02,A01
200600076564,0,07,000,00,2,4,09,B01
200600076565,0,07,000,00,2,4,02,A01
200600076565,0,14,000,00,2,4,02,B01
200600076565,1,07,000,00,2,1,02,C01
200600076566,0,07,000,00,2,2,01,A01
200600076566,0,07,000,00,2,2,19,B01
200600076567,0,07,000,00,2,1,01,A01
200600076567,0,07,000,00,2,1,01,B01
200600076568,0,02,000,00,2,1,01,A01
200600076568,1,07,000,00,2,7,10,B01
200600076569,0,07,000,00,2,1,15,A01
200600076569,0,07,000,00,2,7,01,B01
200600076570,2,07,000,00,2,1,18,A01
200600076570,0,07,000,00,2,4,16,B01
200600076571,0,07,000,13,2,7,01,B01
200600076571,0,07,000,00,2,1,18,A01
200600076572,0,02,000,00,2,1,01,A01
200600076572,0,07,000,00,2,8,15,B01
200600076573,0,07,000,00,2,8,15,A01
200600076573,0,07,000,00,2,2,01,B01
200600076574,0,36,000,00,2,1,13,A01
200600076574,0,07,000,00,2,1,01,B01
200600076575,0,15,000,00,2,2,23,A01
200600076575,0,31,000,00,0,1,01,B01
200600076576,0,07,000,00,1,1,01,A01
200600076577,0,33,000,00,2,1,01,B01
200600076577,0,07,000,00,2,1,15,A01
200600076578,0,07,000,00,2,1,01,B01
200600076578,0,07,000,00,2,1,09,A01
200600076579,0,07,000,00,1,1,01,A01
200600076580,0,37,010,00,1,1,16,A01
200600076581,0,07,000,00,1,1,01,A01
200600076582,0,07,000,00,1,1,01,A01
200600076583,0,07,000,13,0,1,01,A01
200600076584,0,10,000,00,2,2,15,A01
200600076585,0,07,000,00,2,4,01,B01
200600076585,0,07,000,00,2,9,01,A01
200600076585,1,07,000,00,2,1,01,C01
200600076586,0,07,000,00,2,4,01,B01
200600076586,0,07,000,00,2,1,01,A01
200600076587,0,30,000,00,2,1,13,A01
200600076587,0,07,000,00,2,1,01,B01
200600076588,0,07,000,11,2,1,01,A01
200600076588,0,10,000,00,2,1,01,B01
200600076589,0,30,000,00,2,2,17,A01
200600076589,0,07,000,00,0,8,15,B01
200600076590,0,07,000,00,2,1,02,A01
200600076590,0,07,000,00,0,4,02,B01
200600076591,0,07,000,00,1,3,15,A01
200600076592,0,07,000,00,2,1,15,A01
200600076592,0,07,000,00,2,1,01,B01
200600076593,0,07,000,00,2,3,16,A01
200600076593,0,07,000,00,2,3,01,B01
200600076594,0,30,000,00,2,2,00,A01
200600076594,0,30,000,00,2,6,00,B01
200600076595,0,10,000,00,2,1,15,A01
200600076595,0,02,000,00,2,8,01,B01
200600076596,0,07,000,00,2,1,01,A01
200600076596,0,07,000,00,2,4,01,B01
200600076597,1,07,000,00,2,4,04,A01
200600076597,0,30,000,00,2,1,01,B01
200600076598,0,07,000,00,2,7,01,B01
200600076598,0,01,000,00,2,1,01,A01
200600076599,0,07,000,00,2,1,01,A01
200600076599,0,07,000,00,2,4,23,B01
200600076599,0,33,000,00,2,4,23,C01
200600076600,0,02,000,01,2,1,01,A01
200600076600,0,07,000,00,2,4,01,B01
200600076601,0,07,000,00,1,4,04,A01
200600076602,0,07,000,00,1,2,01,A01
200600076603,0,10,000,00,2,2,01,A01
200600076603,0,10,000,00,2,2,01,B01
200600076604,0,07,000,00,1,1,01,A01
200600076605,0,07,000,00,1,4,04,A01
200600076606,0,07,000,00,2,1,11,A01
200600076606,0,07,000,00,2,1,01,B01
200600076607,0,07,000,00,2,2,02,A01
200600076607,0,07,000,00,1,4,01,B01
200600076608,0,07,000,00,1,1,01,A01
200600076609,0,07,000,00,2,3,02,A01
200600076609,0,07,000,00,2,4,04,B01
200600076610,0,07,000,00,1,4,04,A01
200600076611,0,07,000,00,2,7,01,A01
200600076611,0,10,000,00,2,3,01,B01
200600076612,0,07,000,00,2,7,01,B01
200600076612,0,10,000,00,2,1,15,A01
200600076613,0,40,000,00,1,7,01,A01
200600076614,0,07,000,00,2,7,15,A01
200600076614,0,02,000,00,2,1,01,B01
200600076615,0,07,000,00,1,3,01,A01
200600076616,0,07,000,00,2,8,11,A01
200600076616,0,07,000,00,2,1,01,B01
200600076617,0,17,000,00,1,3,01,A01
200600076618,0,07,000,00,1,1,01,A01
200600076619,0,33,000,00,1,1,01,A01
200600076620,0,07,000,00,1,2,01,A01
200600076621,0,07,000,00,2,2,21,A01
200600076621,0,07,000,00,0,6,23,B01
200600076622,0,07,000,00,2,2,01,A01
200600076622,0,07,000,00,2,3,01,B01
200600076623,0,07,000,00,1,7,01,A01
200600076624,0,07,000,00,2,2,15,A01
200600076624,0,07,000,00,2,8,01,B01
200600076625,0,02,000,00,2,1,01,A01
200600076625,0,07,000,00,2,1,01,B01
200600076626,0,07,000,01,0,1,01,A01
200600076627,0,07,000,01,0,1,00,A01
200600076628,0,07,000,00,1,1,00,A01
200600076629,0,07,000,00,1,1,01,A01
200600076630,0,07,000,00,2,3,09,A01
200600076630,0,30,000,00,2,1,01,B01
200600076631,0,07,000,00,2,3,00,A01
200600076631,0,30,000,00,2,1,00,B01
200600076632,0,01,000,00,2,0,19,A01
200600076632,0,07,000,00,2,1,01,B01
200600076633,0,07,000,00,2,1,09,A01
200600076633,0,07,000,00,2,1,01,B01
200600076634,0,07,000,13,0,2,14,A01
200600076635,0,07,000,04,0,1,01,A01
200600076636,0,07,000,00,1,1,01,A01
200600076637,1,07,000,00,2,1,01,A01
200600076637,0,07,000,00,0,4,01,B01
200600076638,0,33,000,00,2,7,01,B01
200600076638,0,07,000,00,2,1,15,A01
200600076639,0,07,000,00,1,2,17,A01
200600076640,0,02,000,08,0,1,01,A01
200600076641,0,99,000,00,1,2,01,A01
200600076642,0,33,000,00,2,1,01,A01
200600076642,0,07,000,00,2,8,10,B01
200600076643,0,07,000,00,2,3,13,A01
200600076643,0,01,000,00,2,7,01,B01
200600076644,0,07,000,00,0,1,00,A01
200600076644,0,07,000,00,0,5,00,B01
200600076645,0,07,000,00,1,8,01,A01
200600076646,0,07,000,00,2,3,02,A01
200600076646,0,07,000,00,0,5,02,B01
200600076646,0,07,000,00,2,1,02,C01
200600076647,0,10,000,00,1,1,01,A01
200600076648,0,07,000,00,2,1,01,A01
200600076648,0,07,000,00,2,4,02,B01
200600076649,0,32,000,00,1,2,01,A01
200600076650,0,15,000,00,2,1,00,A01
200600076650,0,07,000,00,2,5,00,B01
200600076651,0,07,000,00,2,1,00,A01
200600076651,0,30,000,00,2,1,01,B01
200600076652,0,07,000,00,1,2,00,A01
200600076653,0,07,000,00,2,3,10,A01
200600076653,0,32,000,00,2,3,01,B01
200600076654,0,07,000,00,2,3,06,A01
200600076654,0,02,000,00,2,1,01,B01
200600076655,0,07,000,00,2,5,15,A01
200600076655,0,01,000,00,2,1,01,B01
200600076656,0,07,000,00,2,3,13,A01
200600076656,0,32,000,00,2,7,17,B01
200600076657,0,07,000,00,2,1,01,A01
200600076657,0,07,000,00,2,4,01,B01
200600076657,0,07,000,00,2,4,01,C01
200600076658,0,10,000,00,1,1,01,A01
200600076659,0,07,000,00,2,5,16,A01
200600076659,0,02,000,00,2,1,01,B01
200600076660,0,15,000,00,2,1,01,A01
200600076660,0,10,000,00,2,1,11,B01
200600076660,0,07,000,00,2,3,01,C01
200600076661,0,07,000,04,0,1,00,A01
200600076662,0,30,000,00,2,1,01,A01
200600076662,0,07,000,00,2,8,11,B01
200600076663,0,33,000,00,2,1,01,B01
200600076663,0,07,000,00,2,8,00,A01
200600076664,0,07,000,00,2,8,15,A01
200600076664,0,02,000,00,2,1,17,B01
200600076665,0,07,000,00,1,7,01,A01
200600076666,0,07,000,00,1,1,01,A01
200600076667,0,32,000,00,1,3,01,A01
200600076668,0,07,000,00,1,3,01,A01
200600076669,0,07,000,00,2,1,01,A01
200600076669,0,07,000,00,2,4,01,B01
200600076670,0,07,000,01,1,1,00,A01
200600076671,0,07,000,00,1,2,01,A01
200600076672,0,01,000,00,2,1,19,A01
200600076672,0,01,000,00,2,2,01,B01
200600076673,0,10,000,00,1,2,16,A01
200600076674,0,07,000,00,2,5,15,B01
200600076674,0,02,000,00,2,1,01,A01
200600076675,0,07,000,00,1,1,01,A01
200600076676,0,07,000,01,0,1,01,A01
200600076677,0,02,000,01,0,2,13,A01
200600076678,0,01,000,00,9,7,01,A01
200600076679,1,07,000,00,2,3,15,A01
200600076679,0,01,000,00,2,1,01,B01
200600076680,1,07,000,00,2,0,09,A01
200600076680,0,33,000,00,2,0,01,B01
200600076681,0,02,000,00,2,2,01,B01
200600076681,0,07,000,00,2,2,23,A01
200600076682,0,07,000,00,2,3,15,A01
200600076682,0,30,000,00,2,1,01,B01
200600076683,0,07,000,15,0,1,13,A01
200600076684,0,07,000,00,2,5,16,A01
200600076684,0,02,000,00,2,1,01,B01
200600076685,1,30,000,00,1,1,01,A01
200600076686,0,07,000,00,2,1,15,A01
200600076686,0,07,000,00,2,3,01,B01
200600076687,0,01,000,00,2,0,01,B01
200600076687,0,07,000,00,2,5,09,A01
200600076688,0,07,000,00,2,3,15,A01
200600076688,0,30,000,00,2,1,01,B01
200600076689,1,10,000,00,0,3,13,A01
200600076689,0,07,000,00,2,1,01,B01
200600076690,0,07,000,00,2,1,01,A01
200600076690,0,07,000,00,2,4,01,B01
200600076690,0,07,000,00,2,4,01,C01
200600076691,0,02,000,00,2,1,01,B01
200600076691,0,07,000,00,2,3,19,A01
200600076692,0,07,000,00,2,1,13,A01
200600076692,0,32,000,00,2,1,01,B01
200600076693,0,07,000,00,2,1,15,A01
200600076693,0,33,000,14,0,1,01,B01
200600076693,0,07,000,00,2,8,21,C01
200600076694,1,07,000,00,2,1,01,A01
200600076694,0,07,000,00,2,6,01,B01
200600076695,0,07,000,00,2,1,15,A01
200600076695,0,30,000,00,2,5,01,B01
200600076696,0,07,000,00,2,8,09,A01
200600076696,0,31,000,00,2,1,01,B01
200600076697,0,07,000,00,1,1,01,A01
200600076698,0,07,000,00,2,1,01,A01
200600076698,0,01,000,00,2,1,15,B01
200600076699,0,07,000,00,2,1,15,A01
200600076699,0,30,000,00,2,3,05,B01
200600076700,0,07,000,01,2,3,15,A01
200600076700,0,30,000,00,2,1,01,B01
200600076701,1,99,000,00,2,1,15,A01
200600076701,0,33,000,00,2,2,01,B01
200600076702,0,07,000,15,0,2,16,A01
200600076703,0,07,000,00,1,3,01,A01
200600076704,0,33,000,00,2,1,01,B01
200600076704,0,07,000,00,2,7,01,A01
200600076705,0,07,000,01,0,2,14,A01
200600076706,0,01,000,00,2,1,19,A01
200600076706,0,07,000,00,2,0,01,B01
200600076707,1,07,000,00,2,1,01,A01
200600076707,0,01,000,00,2,6,01,B01
200600076708,0,30,000,00,2,1,02,A01
200600076708,0,07,000,00,2,4,02,B01
200600076709,0,07,000,00,2,2,15,A01
200600076709,0,07,000,00,2,1,01,B01
200600076710,1,07,000,00,2,7,00,A01
200600076710,0,07,000,00,2,3,01,B01
200600076711,0,07,000,00,1,0,04,A01
200600076712,0,07,000,00,1,2,01,A01
200600076713,0,07,000,00,1,1,01,A01
200600076714,0,07,000,00,1,3,01,A01
200600076715,0,07,000,00,2,1,13,A01
200600076715,0,07,000,00,2,1,01,B01
200600076716,0,07,000,00,2,1,01,A01
200600076716,0,07,000,00,2,4,01,B01
200600076716,0,07,000,00,2,1,01,C01
200600076717,0,30,000,01,0,1,13,A01
200600076718,0,02,000,00,2,1,02,A01
200600076718,0,07,000,00,0,4,02,B01
200600076719,0,07,000,00,2,1,01,A01
200600076719,0,07,000,00,2,0,19,B01
200600076720,0,07,000,00,1,2,01,A01
200600076721,0,07,000,00,2,3,01,B01
200600076721,0,07,000,00,2,3,15,A01
200600076722,0,07,000,08,0,3,01,A01
200600076723,0,07,000,00,2,3,01,A01
200600076723,0,07,000,00,2,2,01,B01
200600076724,0,02,000,00,2,1,01,A01
200600076724,0,07,000,00,2,6,01,B01
200600076725,0,07,000,00,2,2,01,A01
200600076725,0,07,000,00,2,1,01,B01
200600076726,0,10,000,14,0,2,15,A01
200600076727,1,07,000,00,0,0,00,A01
200600076728,0,07,000,00,1,2,01,A01
200600076729,0,07,000,00,2,0,11,A01
200600076729,0,07,000,00,2,1,01,B01
200600076730,0,07,000,10,0,8,00,A01
200600076731,0,07,000,00,1,1,01,A01
200600076732,0,07,000,00,2,1,15,A01
200600076732,0,07,000,00,2,1,01,B01
200600076733,0,07,000,00,2,1,15,A01
200600076733,0,07,000,00,2,7,01,B01
200600076734,0,02,000,00,2,1,01,A01
200600076734,0,07,000,00,2,8,01,B01
200600076735,0,07,000,00,2,8,01,A01
200600076736,0,02,000,00,1,1,01,A01
200600076736,0,01,000,00,2,8,19,B01
200600076737,0,07,000,00,2,1,15,A01
200600076737,0,02,000,00,0,1,01,B01
200600076738,0,07,000,00,1,1,01,A01
200600076739,0,07,000,00,2,8,22,A01
200600076739,0,01,000,00,0,1,01,B01
200600076740,0,07,000,00,2,2,16,B01
200600076740,0,01,000,00,2,1,15,A01
200600076741,0,02,000,00,0,0,02,A01
200600076742,0,07,000,00,2,1,09,A01
200600076742,0,01,000,00,2,1,01,B01
200600076743,0,07,000,00,2,1,02,A01
200600076743,0,07,000,00,0,4,02,B01
200600076744,0,07,000,00,9,1,01,A01
200600076745,0,07,000,00,2,1,15,A01