Num_Acc,senc,catv,occutc,obs,obsm,choc,manv,num_veh
200600077120,0,07,000,00,2,7,15,A01
200600077120,0,07,000,00,2,2,02,B01
200600077121,0,07,000,00,2,1,01,B01
200600077121,0,07,000,00,2,1,01,A01
200600077122,0,07,000,00,1,2,00,A01
200600077123,0,07,000,00,2,1,01,B01
200600077123,0,07,000,00,2,2,15,A01
200600077124,0,07,000,00,0,0,00,A01
200600077125,0,07,000,00,1,2,02,A01
200600077126,0,07,000,00,1,1,01,A01
200600077127,0,07,000,00,1,2,00,A01
200600077128,0,02,000,06,0,1,15,A01
200600077129,0,07,000,00,2,7,01,A01
200600077129,0,07,000,00,1,1,01,B01
200600077130,0,07,000,00,1,1,01,A01
200600077131,0,07,000,06,0,2,13,A01
200600077132,0,07,000,00,2,2,15,A01
200600077132,0,30,000,00,2,1,01,B01
200600077133,0,07,000,00,2,1,13,A01
200600077133,0,07,000,00,2,1,01,B01
200600077134,0,37,005,06,0,3,13,A01
200600077135,0,02,000,00,2,1,01,A01
200600077135,0,07,000,00,2,4,01,B01
200600077136,0,07,000,08,9,1,16,A01
200600077137,0,07,000,00,2,2,15,A01
200600077137,0,02,000,00,2,1,01,B01
200600077138,0,07,000,00,1,1,15,A01
200600077139,0,07,000,00,2,1,17,A01
200600077139,0,02,000,00,2,1,01,B01
200600077140,0,07,000,00,2,2,15,A01
200600077140,0,02,000,00,2,1,01,B01
200600077141,0,30,000,00,2,1,09,A01
200600077141,0,07,000,00,2,3,01,B01
200600077142,0,07,000,00,2,1,01,A01
200600077142,0,07,000,00,2,1,01,B01
200600077143,1,07,000,00,2,1,01,A01
200600077143,0,02,000,00,2,4,01,B01
200600077144,0,07,000,00,1,1,01,A01
200600077145,0,07,000,00,1,3,01,A01
200600077146,0,01,000,00,2,2,15,A01
200600077146,0,07,000,00,2,3,01,B01
200600077147,0,07,000,13,0,1,13,A01
200600077148,0,07,000,00,1,3,01,A01
200600077149,0,07,000,00,2,3,13,A01
200600077149,0,15,000,00,2,3,01,B01
200600077150,0,10,000,00,1,3,01,A01
200600077151,0,33,000,00,0,0,01,A01
200600077152,1,07,000,00,2,1,01,A01
200600077152,0,07,000,00,2,4,23,B01
200600077153,0,07,000,00,2,1,15,A01
200600077153,0,07,000,00,2,1,01,B01
200600077154,0,07,000,00,2,1,01,B01
200600077154,0,07,000,00,2,8,16,A01
200600077155,0,07,000,00,1,3,01,A01
200600077156,0,07,000,00,2,1,01,A01
200600077156,0,07,000,00,2,1,01,B01
200600077157,0,07,000,00,1,3,01,A01
200600077158,0,31,000,00,2,1,01,B01
200600077158,0,07,000,00,2,6,15,A01
200600077159,0,02,000,00,1,1,01,A01
200600077160,0,33,000,00,1,2,02,A01
200600077161,0,07,000,00,2,0,09,A01
200600077161,0,30,000,00,0,0,01,B01
200600077162,0,07,000,02,0,1,00,A01
200600077163,0,07,000,00,1,3,02,A01
200600077164,0,07,000,00,1,1,15,A01
200600077165,0,07,000,00,1,1,01,A01
200600077166,0,07,000,00,1,1,15,A01
200600077167,0,07,000,00,1,1,01,A01
200600077168,0,07,000,00,2,3,09,A01
200600077168,0,31,000,00,2,1,01,B01
200600077169,0,07,000,00,2,1,15,A01
200600077169,0,30,000,00,2,1,01,B01
200600077170,0,01,000,00,2,1,01,B01
200600077170,0,07,000,00,2,3,01,A01
200600077171,0,07,000,00,1,2,01,A01
200600077172,0,07,000,00,2,4,10,A01
200600077172,0,07,000,00,2,1,01,B01
200600077173,0,07,000,00,1,1,01,A01
200600077174,1,07,000,00,2,0,00,A01
200600077174,0,02,000,00,2,1,01,B01
200600077175,0,02,000,00,2,1,01,A01
200600077175,0,10,000,00,2,3,01,B01
200600077176,0,07,000,00,1,1,01,A01
200600077177,0,07,000,00,1,1,01,B01
200600077178,0,02,000,00,0,9,01,A01
200600077179,0,31,000,00,2,7,17,A01
200600077179,0,07,000,00,2,2,15,B01
200600077180,0,03,000,00,0,9,01,A01
200600077181,1,07,000,00,1,1,01,A01
200600077182,0,02,000,00,2,1,01,A01
200600077182,0,07,000,00,2,1,01,B01
200600077183,0,34,000,00,1,1,01,A01
200600077184,0,07,000,00,2,2,15,A01
200600077184,0,07,000,00,2,3,09,B01
200600077185,1,07,000,00,1,1,01,A01
200600077186,0,07,000,01,0,9,01,A01
200600077187,0,07,000,00,1,1,16,A01
200600077188,0,02,000,00,2,7,15,A01
200600077188,0,07,000,00,2,1,02,B01
200600077189,0,07,000,00,2,2,15,A01
200600077189,0,30,000,00,2,1,01,B01
200600077190,0,02,000,00,2,1,01,A01
200600077190,0,07,000,00,2,4,01,B01
200600077191,0,07,000,00,2,0,15,A01
200600077191,0,02,000,00,2,1,01,B01
200600077192,0,07,000,02,0,1,01,A01
200600077193,0,07,000,08,0,9,01,A01
200600077194,0,10,000,09,1,1,06,A01
200600077195,0,07,000,00,1,1,15,A01
200600077196,0,17,000,00,2,2,01,A01
200600077196,0,07,000,00,1,1,23,B01
200600077197,0,07,000,00,2,2,16,A01
200600077197,0,30,000,00,2,3,01,B01
200600077198,0,07,000,00,1,4,04,A01
200600077199,0,30,000,00,1,1,11,A01
200600077199,0,07,000,00,2,4,01,B01
200600077200,0,07,000,00,2,1,01,A01
200600077200,0,07,000,00,2,1,01,B01
200600077200,0,07,000,00,2,1,09,C01
200600077201,0,07,000,06,0,1,00,A01
200600077202,0,07,000,00,2,1,15,A01
200600077202,0,07,000,00,2,1,01,B01
200600077203,0,07,000,06,2,9,16,A01
200600077203,0,07,000,00,2,0,01,B01
200600077204,0,07,000,00,1,3,01,A01
200600077205,0,07,000,00,2,3,01,A01
200600077205,0,07,000,00,2,6,15,B01
200600077206,0,07,000,00,2,7,15,A01
200600077206,0,32,000,00,2,1,01,B01
200600077207,0,07,000,00,2,1,13,A01
200600077207,0,07,000,00,2,1,01,B01
200600077208,0,01,000,00,2,1,01,A01
200600077208,0,07,000,00,2,1,01,B01
200600077209,0,02,000,00,0,7,01,A01
200600077210,0,07,000,00,1,4,04,A01
200600077211,0,07,000,00,1,4,04,A01
200600077212,0,07,000,00,2,1,01,A01
200600077212,0,01,000,00,0,2,19,B01
200600077213,0,33,000,00,2,1,01,B01
200600077213,0,07,000,00,0,4,01,A01
200600077214,2,07,000,00,2,1,01,A01
200600077214,0,07,000,06,0,8,15,B01
200600077215,0,07,000,00,2,6,15,B01
200600077215,0,07,000,00,2,2,02,A01
200600077216,0,07,000,00,2,9,01,A01
200600077216,0,07,000,00,2,9,01,B01
200600077217,0,07,000,00,2,3,01,B01
200600077217,0,07,000,00,2,2,15,A01
200600077218,0,07,000,00,1,1,02,A01
200600077219,0,07,000,00,2,1,01,A01
200600077219,0,07,000,00,2,2,15,B01
200600077220,0,07,000,00,2,1,16,A01
200600077220,0,07,000,00,2,8,01,B01
200600077221,0,07,000,00,1,0,15,A01
200600077222,0,07,000,00,1,0,01,A01
200600077223,0,07,000,00,1,0,01,A01
200600077224,0,01,000,00,2,0,19,B01
200600077224,0,07,000,00,2,3,16,A01
200600077225,0,02,000,00,2,9,02,A01
200600077225,0,07,000,00,2,5,23,B01
200600077226,0,07,000,00,1,1,01,A01
200600077227,0,07,000,00,2,1,02,B01
200600077227,0,01,000,00,2,4,09,A01
200600077228,0,30,000,00,2,1,01,A01
200600077228,0,07,000,00,2,1,15,B01
200600077229,0,07,000,00,2,3,01,A01
200600077229,0,07,000,00,2,1,01,B01
200600077230,0,07,000,00,1,2,01,A01
200600077231,0,07,000,00,2,2,01,B01
200600077231,0,02,000,00,2,8,05,A01
200600077232,1,07,000,00,1,0,00,A01
200600077233,1,07,000,00,2,0,00,A01
200600077233,0,07,000,00,2,3,10,B01
200600077234,0,07,000,00,2,2,01,B01
200600077234,0,07,000,00,2,3,16,A01
200600077235,0,07,000,00,1,0,16,A01
200600077236,0,07,000,00,2,9,01,A01
200600077236,0,07,000,00,2,3,01,B01
200600077237,1,07,000,00,1,0,00,A01
200600077238,0,07,000,00,2,1,01,A01
200600077238,0,07,000,00,2,4,02,C01
200600077238,0,07,000,00,2,9,02,B01
200600077239,0,07,000,00,2,7,01,B01
200600077239,0,07,000,00,2,1,20,A01
200600077240,0,07,000,00,2,1,01,B01
200600077240,0,07,000,00,2,8,01,A01
200600077241,0,07,000,00,2,9,01,A01
200600077241,0,07,000,00,2,8,16,B01
200600077242,0,02,000,00,1,1,01,A01
200600077243,0,01,000,00,2,0,01,A01
200600077244,0,07,000,00,2,9,01,A01
200600077244,0,07,000,00,2,3,01,B01
200600077245,0,07,000,00,2,4,02,B01
200600077245,1,07,000,00,2,0,00,A01
200600077246,0,07,000,00,1,3,15,A01
200600077247,0,07,000,00,2,1,15,A01
200600077247,0,10,000,00,2,1,01,B01
200600077247,0,07,000,00,2,1,23,C01
200600077248,0,02,000,00,2,1,01,A01
200600077248,0,07,000,00,2,8,15,B01
200600077249,0,07,000,00,1,1,01,A01
200600077250,0,07,000,00,1,1,01,A01
200600077251,0,07,000,00,0,1,00,A01
200600077251,0,01,000,00,0,1,17,B01
200600077252,0,07,000,15,2,5,01,A01
200600077252,0,07,000,00,2,1,01,B01
200600077253,0,07,000,00,2,1,01,A01
200600077253,0,07,000,00,0,4,02,B01
200600077254,0,07,000,00,1,1,01,A01
200600077255,0,10,000,00,9,6,15,A01
200600077255,0,02,000,00,2,1,00,B01
200600077256,0,30,000,00,0,1,01,B01
200600077256,0,07,000,00,0,2,15,A01
200600077257,0,07,000,00,1,3,01,A01
200600077258,0,10,000,00,9,2,02,A01
200600077258,0,01,000,01,2,8,02,B01
200600077259,0,07,000,00,0,2,01,A01
200600077260,0,07,000,00,1,2,00,A01
200600077261,0,02,000,00,2,3,01,A01
200600077261,0,07,000,00,2,3,13,B01
200600077262,0,07,000,00,1,1,01,A01
200600077263,0,07,000,00,2,0,23,A01
200600077263,1,07,000,00,2,1,01,B01
200600077264,0,07,000,00,1,1,01,A01
200600077265,0,07,000,00,2,1,13,A01
200600077265,0,07,000,00,2,1,01,B01
200600077266,1,07,000,00,1,1,01,A01
200600077267,0,07,000,00,1,1,01,A01
200600077268,0,07,000,00,2,2,01,B01
200600077268,0,02,000,00,2,7,01,A01
200600077269,0,07,000,00,1,1,01,A01
200600077269,0,07,000,00,2,3,01,B01
200600077270,0,07,000,00,1,1,01,A01
200600077271,0,07,000,00,2,1,01,A01
200600077271,0,07,000,00,2,1,01,B01
200600077272,1,07,000,00,2,2,15,A01
200600077272,0,30,000,00,2,8,23,B01
200600077273,0,07,000,00,1,3,01,A01
200600077274,0,07,000,00,1,1,01,A01
200600077275,0,07,000,02,0,3,19,A01
200600077276,0,07,000,00,2,2,15,A01
200600077276,0,30,000,00,2,1,01,B01
200600077277,0,07,000,00,1,1,01,A01
200600077278,0,07,000,00,2,5,15,A01
200600077278,0,07,000,00,2,1,01,B01
200600077279,0,07,000,00,2,2,09,A01
200600077279,0,01,000,00,2,0,15,B01
200600077280,0,07,000,00,2,1,15,A01
200600077280,0,33,000,00,2,1,00,B01
200600077281,0,07,000,00,2,0,09,A01
200600077281,0,30,000,00,2,2,01,B01
200600077282,0,07,000,00,2,3,01,A01
200600077282,0,07,000,00,2,3,13,B01
200600077283,0,07,000,00,2,2,16,A01
200600077283,0,07,000,00,0,6,23,B01
200600077283,0,07,000,00,2,6,23,C01
200600077283,0,07,000,00,0,4,23,D01
200600077284,0,07,000,00,2,2,15,A01
200600077284,0,04,000,00,2,3,01,B01
200600077285,0,07,000,00,2,3,21,B01
200600077285,0,07,000,00,2,3,13,A01
200600077286,0,10,000,04,0,4,02,B01
200600077286,0,07,000,00,2,1,02,A01
200600077287,0,07,000,04,0,4,11,B01
200600077287,0,07,000,00,2,1,02,A01
200600077288,0,07,000,00,2,3,01,B01
200600077288,0,30,000,00,2,2,17,A01
200600077289,0,02,000,00,2,4,01,A01
200600077289,0,07,000,00,2,1,00,B01
200600077290,0,07,000,00,2,4,01,A01
200600077290,0,07,000,00,2,1,02,B01
200600077290,0,07,000,00,2,1,02,C01
200600077291,0,02,000,00,2,1,01,A01
200600077291,0,07,000,00,2,1,15,B01
200600077292,0,07,000,00,2,1,05,A01
200600077292,0,07,000,00,2,8,00,B01
200600077292,0,07,000,00,2,1,00,C01
200600077293,0,07,000,00,2,1,02,B01
200600077293,0,07,000,00,0,5,02,A01
200600077294,0,07,000,13,2,1,01,A01
200600077294,0,07,000,13,2,1,01,B01
200600077295,0,02,000,00,2,1,02,A01
200600077295,0,07,000,00,0,4,23,B01
200600077296,0,07,000,00,1,2,01,A01
200600077297,0,07,000,14,0,5,04,A01
200600077297,0,30,000,00,2,1,23,B01
200600077298,0,10,000,00,2,1,02,A01
200600077298,0,07,000,00,0,4,23,B01
200600077299,0,07,000,00,2,1,01,A01
200600077299,0,07,000,00,2,4,01,B01
200600077299,0,07,000,00,0,4,01,C01
200600077300,0,33,000,00,2,3,01,A01
200600077300,0,07,000,04,2,3,02,B01
200600077301,0,07,000,08,0,1,01,A01
200600077302,0,07,000,00,1,1,01,A01
200600077303,0,07,000,00,1,1,16,A01
200600077304,0,02,000,00,1,0,16,A01
200600077305,0,07,000,00,1,3,15,A01
200600077306,0,01,000,00,2,1,15,A01
200600077306,0,07,000,00,2,3,01,B01
200600077307,0,07,000,09,0,3,13,A01
200600077308,0,07,000,00,0,1,00,A01
200600077309,0,10,000,00,2,2,02,A01
200600077309,0,01,000,00,0,4,02,B01
200600077310,0,99,000,00,0,0,00,A01
200600077311,0,07,000,00,1,1,00,A01
200600077312,0,07,000,00,0,7,15,A01
200600077312,0,30,000,00,0,1,02,B01
200600077313,0,07,000,08,0,8,01,A01
200600077314,0,01,000,00,2,1,01,A01
200600077314,0,30,000,00,9,1,01,B01
200600077315,0,07,000,00,2,8,01,B01
200600077315,0,07,000,15,2,1,13,A01
200600077316,0,07,000,00,2,3,16,B01
200600077316,2,07,000,00,2,0,16,A01
200600077317,0,07,000,00,1,2,01,A01
200600077318,0,07,000,00,1,2,01,A01
200600077319,1,07,000,00,9,3,13,A01
200600077319,0,02,000,00,2,1,01,B01
200600077320,0,01,000,00,2,1,01,A01
200600077320,0,07,000,00,9,1,01,B01
200600077321,0,07,000,00,0,8,01,A01
200600077321,0,31,000,00,2,1,01,B01
200600077322,0,02,000,00,2,1,01,B01
200600077322,0,07,000,00,2,8,19,A01
200600077323,0,07,000,06,0,1,01,A01
200600077324,0,02,000,00,1,0,00,A01
200600077325,0,07,000,00,1,3,00,A01
200600077326,0,07,000,00,1,1,01,A01
200600077327,0,07,000,00,1,3,09,A01
200600077328,0,07,000,00,1,1,01,A01
200600077329,0,07,000,06,2,3,01,B01
200600077329,0,07,000,00,2,1,15,A01
200600077330,0,07,000,00,1,2,21,A01
200600077331,0,31,000,09,0,1,01,A01
200600077332,0,07,000,00,2,3,15,A01
200600077332,0,02,000,00,2,1,01,B01
200600077333,1,10,000,00,9,2,01,A01
200600077334,0,07,000,00,2,3,10,A01
200600077334,0,33,000,00,2,2,01,B01
200600077335,0,07,000,04,2,4,01,A01
200600077336,0,30,000,00,1,1,01,A01
200600077337,0,07,000,00,2,1,13,A01
200600077337,0,07,000,00,2,8,01,B01
200600077337,0,07,000,01,0,6,24,C01
200600077338,0,07,000,00,1,1,01,A01
200600077339,0,02,000,00,2,1,17,A01
200600077339,0,07,000,00,2,2,23,B01
200600077340,0,07,000,00,2,8,01,B01
200600077340,0,02,000,00,2,1,16,A01
200600077341,0,07,000,00,1,3,01,A01
200600077342,0,07,000,00,2,8,10,A01
200600077342,0,33,000,00,2,1,01,B01
200600077343,0,07,000,00,1,7,01,A01
200600077344,0,07,000,00,1,3,01,A01
200600077345,0,30,000,00,2,1,01,B01
200600077345,0,07,000,00,2,6,10,A01
200600077346,0,07,000,01,0,1,01,A01
200600077347,0,07,000,00,0,2,15,A01
200600077347,0,02,000,00,2,1,01,B01
200600077348,0,07,000,00,2,2,15,A01
200600077348,0,02,000,00,0,4,15,B01
200600077349,0,07,000,00,1,1,15,A01
200600077350,1,07,000,00,1,0,00,A01
200600077351,0,07,000,00,2,1,01,B01
200600077351,0,07,000,00,2,1,02,C01
200600077351,0,07,000,00,2,1,17,A01
200600077352,0,07,000,00,9,1,01,A01
200600077352,0,31,000,00,2,8,16,B01
200600077353,0,07,000,00,2,3,13,A01
200600077353,0,01,000,00,2,1,01,B01
200600077354,0,02,000,01,0,1,01,A01
200600077355,0,07,000,00,1,1,15,A01
200600077356,0,07,000,00,0,1,15,A01
200600077356,0,07,000,00,2,1,01,B01
200600077357,0,02,000,16,0,1,01,A01
200600077358,0,14,000,00,2,2,01,B01
200600077358,0,07,000,00,2,3,01,A01
200600077359,0,07,000,00,0,2,01,A01
200600077359,0,07,000,00,2,1,01,B01
200600077360,0,07,000,00,1,1,01,A01
200600077361,0,33,000,00,2,2,00,A01
200600077361,0,07,000,00,2,1,15,B01
200600077362,0,07,000,00,2,4,23,B01
200600077362,0,07,000,00,2,1,02,A01
200600077363,0,07,000,00,2,5,15,A01
200600077363,0,07,000,00,2,2,01,B01
200600077364,0,02,000,00,1,1,00,A01
200600077365,0,07,000,00,9,1,15,A01
200600077365,0,01,000,00,2,1,01,B01
200600077366,0,07,000,00,0,8,15,A01
200600077366,0,02,000,00,2,1,01,B01
200600077367,0,07,000,00,2,1,12,A01
200600077367,0,02,000,00,2,1,01,B01
200600077368,0,10,000,00,2,1,05,A01
200600077368,0,10,000,00,2,3,05,B01
200600077369,0,07,000,00,1,3,01,A01
200600077370,0,07,000,00,2,1,02,A01
200600077370,0,07,000,00,2,4,02,B01
200600077370,0,07,000,00,2,4,02,C01
200600077371,0,07,000,14,1,1,01,A01
200600077372,0,07,000,00,2,1,05,A01
200600077372,0,07,000,00,2,1,01,B01
200600077373,0,07,000,00,2,7,16,A01
200600077373,0,10,000,00,2,8,01,B01
200600077374,0,07,000,00,2,1,01,B01
200600077374,0,07,000,00,2,1,01,A01
200600077375,0,07,000,14,0,1,05,A01
200600077376,0,07,000,09,2,7,01,A01
200600077376,0,07,000,00,2,1,01,B01
200600077377,0,07,000,00,2,2,01,A01
200600077377,0,07,000,00,2,3,01,B01
200600077378,0,07,000,00,2,3,16,A01
200600077378,0,07,000,00,2,7,01,B01
200600077379,0,07,000,00,2,8,01,A01
200600077379,0,01,000,00,2,1,01,B01
200600077380,0,07,000,00,2,1,15,A01
200600077380,0,01,000,00,2,1,01,B01
200600077381,0,07,000,00,1,1,01,A01
200600077382,2,07,000,00,2,1,01,A01
200600077382,0,07,000,00,2,4,01,B01
200600077383,0,07,000,00,2,3,01,A01
200600077384,0,31,000,16,0,8,14,A01
200600077385,0,07,000,00,2,1,15,A01
200600077385,0,07,000,00,2,1,01,B01
200600077386,0,07,000,00,1,7,01,A01
200600077387,0,07,000,00,2,1,01,A01
200600077387,0,07,000,00,2,4,01,B01
200600077388,0,07,000,00,2,1,01,A01
200600077388,0,07,000,00,2,4,01,B01
200600077389,0,07,000,00,1,1,01,A01
200600077390,0,32,000,00,2,1,01,A01
200600077390,0,07,000,00,2,4,23,B01
200600077391,0,07,000,00,2,8,09,A01
200600077391,0,30,000,00,2,2,01,B01
200600077392,0,07,000,00,1,1,01,A01
200600077393,0,07,000,00,2,7,01,A01
200600077393,0,40,000,00,2,1,01,B01
200600077394,0,07,000,00,2,1,01,A01
200600077394,0,07,000,00,2,4,01,B01
200600077395,0,30,000,01,0,2,14,A01
200600077396,0,33,000,01,2,1,01,A01
200600077396,0,07,000,00,2,6,01,B01
200600077397,0,07,000,00,0,2,15,A01
200600077398,0,07,000,06,0,3,01,A01
200600077399,0,07,000,14,0,1,00,A01
200600077400,0,07,000,00,2,8,15,A01
200600077400,0,33,000,00,2,1,01,B01
200600077401,0,07,000,00,1,2,00,A01
200600077402,0,07,000,01,0,2,14,A01
200600077403,0,02,000,00,0,7,01,A01
200600077404,0,07,000,09,0,1,01,A01
200600077405,0,07,000,00,2,1,01,A01
200600077405,0,02,000,00,2,1,01,B01
200600077406,0,07,000,00,2,1,15,A01
200600077406,0,01,000,00,2,1,01,B01
200600077407,0,07,000,00,2,3,00,A01
200600077407,0,02,000,00,2,5,00,B01
200600077408,0,07,000,00,1,1,00,A01
200600077409,0,33,000,00,2,1,01,A01
200600077409,0,14,000,00,2,6,01,B01
200600077409,0,07,000,00,0,1,00,C01
200600077410,0,07,000,00,2,3,01,A01
200600077410,0,30,000,00,2,1,01,B01
200600077411,0,07,000,01,0,1,01,A01
200600077412,0,07,000,00,2,1,05,A01
200600077412,0,10,000,00,2,1,01,B01
200600077413,0,10,000,00,2,1,13,A01
200600077413,0,07,000,00,2,1,01,B01
200600077413,0,07,000,00,2,2,01,C01
200600077413,0,07,000,00,2,2,23,D01
200600077414,0,07,000,00,2,1,02,A01
200600077414,0,07,000,00,2,4,23,B01
200600077415,0,07,000,00,2,3,20,A01
200600077415,0,30,000,00,2,1,01,B01
200600077416,0,07,000,00,1,3,01,A01
200600077417,0,07,000,00,2,2,15,A01
200600077417,0,30,000,00,2,1,01,B01
200600077418,0,30,000,01,0,1,01,A01
200600077419,0,30,000,00,2,1,13,A01
200600077419,0,07,000,00,2,1,01,B01
200600077419,0,07,000,00,2,1,01,C01
200600077420,0,07,000,00,2,3,15,B01
200600077420,0,30,000,00,2,1,17,A01
200600077421,0,31,000,00,2,1,01,B01
200600077421,0,14,000,00,2,3,09,A01
200600077422,0,02,000,00,0,9,01,A01
200600077423,0,07,000,02,0,1,16,A01
200600077424,0,07,000,00,2,7,15,A01
200600077424,0,30,000,00,2,1,01,B01
200600077425,0,07,000,00,1,1,01,A01
200600077426,0,03,000,00,2,7,09,A01
200600077426,0,07,000,00,2,3,01,B01
200600077427,0,02,000,00,0,0,01,A01
200600077427,0,07,000,00,0,0,01,B01
200600077428,0,07,000,08,0,0,01,A01
200600077429,0,03,000,00,2,1,01,A01
200600077429,0,07,000,00,2,1,01,B01
200600077430,0,07,000,00,1,1,01,A01
200600077431,0,07,000,00,2,1,16,A01
200600077431,0,07,000,00,2,2,01,B01
200600077432,0,07,000,00,2,1,01,B01
200600077432,0,07,000,00,2,3,15,A01
200600077433,0,01,000,00,2,4,01,B01
200600077433,0,07,000,00,2,1,01,A01
200600077434,0,07,000,00,2,1,01,B01
200600077434,0,07,000,00,2,1,13,A01
200600077435,0,02,000,00,2,1,18,B01
200600077435,0,07,000,00,1,4,15,A01
200600077436,0,07,000,00,2,4,15,B01
200600077436,0,30,000,00,2,1,15,A01
200600077437,0,30,000,00,1,1,18,A01
200600077438,1,02,000,00,1,8,17,A01
200600077439,0,07,000,00,2,4,01,B01
200600077439,0,07,000,00,2,1,01,A01
200600077440,0,10,000,01,0,1,01,A01
200600077441,1,07,000,00,0,0,00,A01
200600077442,0,02,000,01,0,1,01,B01
200600077442,0,07,000,00,2,3,22,A01
200600077443,0,07,000,00,2,2,01,B01
200600077443,0,02,000,00,2,1,16,A01
200600077444,0,07,000,00,1,4,20,A01
200600077445,0,01,000,00,2,8,13,B01
200600077446,0,30,000,00,2,1,17,B01
200600077446,0,07,000,00,2,8,10,A01
200600077447,0,33,000,00,2,1,01,B01
200600077447,0,07,000,00,2,3,10,A01
200600077448,0,15,000,00,2,1,02,A01
200600077448,0,07,000,00,2,4,02,B01
200600077449,0,07,000,00,2,1,16,A01
200600077449,0,33,000,00,2,4,23,B01
200600077450,0,07,000,01,0,2,01,A01
200600077451,0,31,000,00,2,1,01,B01
200600077451,0,01,000,00,2,1,15,A01
200600077452,0,10,000,00,2,1,01,A01
200600077452,0,07,000,00,2,7,01,B01
200600077453,0,07,000,08,0,9,01,B01
200600077453,0,07,000,00,0,0,15,A01
200600077454,0,02,000,00,2,3,01,B01
200600077454,0,07,000,00,2,2,16,A01
200600077455,0,33,000,00,0,7,14,A01
200600077456,0,10,000,00,0,4,23,C01
200600077456,0,07,000,00,2,4,23,B01
200600077456,0,07,000,00,2,1,01,A01
200600077457,0,34,000,00,2,1,01,B01
200600077457,1,07,000,00,2,1,05,A01
200600077458,0,07,000,00,2,8,15,B01
200600077458,0,30,000,00,2,7,17,A01
200600077459,0,07,000,11,0,1,01,A01
200600077460,0,07,000,00,2,4,01,B01
200600077460,0,07,000,00,2,1,02,A01
200600077461,0,07,000,00,2,3,17,A01
200600077461,0,07,000,00,2,3,01,B01
200600077461,0,21,000,00,2,8,01,C01
200600077462,0,07,000,00,2,2,15,A01
200600077462,0,07,000,00,2,1,01,B01
200600077463,0,07,000,00,2,1,01,B01
200600077463,0,07,000,00,2,7,00,A01
200600077464,0,10,000,00,2,4,10,B01
200600077464,0,07,000,00,2,7,01,A01
200600077465,1,07,000,00,1,1,01,A01
200600077466,0,07,000,00,1,2,01,A01
200600077467,1,07,000,00,2,2,00,A01
200600077467,0,02,000,01,2,8,01,B01
200600077468,0,33,000,00,2,1,01,B01
200600077468,0,07,000,00,2,7,00,A01
200600077469,0,10,000,00,2,1,01,A01
200600077469,0,07,000,00,2,3,00,B01
200600077470,0,02,000,00,2,1,01,B01
200600077470,0,07,000,00,2,8,15,A01
200600077471,0,07,000,07,0,1,01,A01
200600077472,0,33,000,00,2,1,01,B01
200600077472,0,07,000,00,0,3,15,A01
200600077473,0,02,000,00,2,1,13,A01
200600077473,0,07,000,00,2,1,01,B01
200600077474,0,07,000,00,2,4,02,B01
200600077474,0,07,000,00,2,1,02,A01
200600077474,0,07,000,00,2,4,02,C01
200600077475,0,33,000,00,2,1,01,B01
200600077475,0,07,000,00,2,8,09,A01
200600077476,0,30,000,00,2,1,01,B01
200600077476,0,07,000,00,2,2,19,A01
200600077477,0,02,000,00,2,1,17,A01
200600077477,0,07,000,00,2,8,15,B01
200600077478,0,07,000,00,1,2,15,A01
200600077479,0,02,000,00,2,1,02,A01
200600077479,0,02,000,00,2,1,02,B01
200600077480,0,07,000,00,1,1,01,A01
200600077481,0,30,000,00,2,1,02,B01
200600077481,0,07,000,00,2,4,01,A01
200600077482,0,10,000,00,2,3,15,B01
200600077482,0,30,000,00,2,1,01,A01
200600077483,0,02,000,00,2,1,01,B01
200600077483,0,07,000,00,2,2,15,A01
200600077484,0,07,000,00,2,2,01,B01
200600077484,0,02,000,00,2,3,09,A01
200600077485,0,30,000,00,2,1,01,A01
200600077486,0,07,000,00,2,4,02,D01
200600077486,0,07,000,00,2,4,02,C01
200600077486,0,07,000,00,2,4,02,B01
200600077486,0,07,000,00,2,1,02,A01
200600077487,0,07,000,00,1,2,01,A01
200600077488,0,07,000,00,2,1,01,B01
200600077488,0,07,000,00,2,3,09,A01
200600077489,0,07,000,08,0,0,02,A01
200600077490,0,02,000,00,2,1,01,A01
200600077490,0,07,000,00,0,8,15,B01
200600077491,0,07,000,08,0,1,13,A01
200600077492,0,07,000,00,0,3,23,C01
200600077492,0,07,000,00,2,1,01,A01
200600077492,0,07,000,00,2,8,01,B01
200600077493,0,02,000,00,2,1,01,A01
200600077493,0,07,000,00,0,4,16,B01
200600077494,0,07,000,00,1,1,01,A01
200600077495,0,07,000,00,2,3,01,B01
200600077495,0,10,000,00,2,2,13,A01
200600077496,0,07,000,00,2,1,02,D01
200600077496,0,02,000,00,2,1,02,C01
200600077496,0,10,000,00,2,4,02,B01
200600077496,0,07,000,00,0,4,01,A01
200600077497,0,33,000,00,2,1,01,B01
200600077497,0,07,000,00,0,1,15,A01
200600077498,0,07,000,00,2,1,01,C01
200600077498,0,38,001,00,2,6,01,B01
200600077498,0,07,000,00,2,3,01,A01
200600077499,0,07,000,00,0,5,01,C01
200600077499,0,07,000,00,2,4,02,B01
200600077499,0,07,000,00,2,1,02,A01
200600077500,0,07,000,00,0,4,01,B01
200600077500,0,07,000,00,2,1,02,A01
200600077501,0,02,000,00,1,1,01,C01