Num_Acc,senc,catv,occutc,obs,obsm,choc,manv,num_veh
200600077501,0,07,000,00,0,2,04,B01
200600077501,0,02,000,00,1,1,01,A01
200600077502,0,07,000,00,0,8,01,A01
200600077502,0,02,000,00,2,3,01,B01
200600077503,0,07,000,00,2,4,23,C01
200600077503,0,07,000,00,2,4,23,B01
200600077503,0,07,000,00,2,1,01,A01
200600077504,0,07,000,00,2,1,01,B01
200600077504,0,07,000,00,0,1,23,C01
200600077504,0,07,000,00,0,2,01,A01
200600077505,0,07,000,00,2,1,01,B01
200600077505,0,07,000,00,0,1,15,A01
200600077506,0,37,001,00,1,1,15,A01
200600077507,0,07,000,00,0,5,01,B01
200600077507,0,07,000,00,2,1,02,A01
200600077508,0,07,000,00,2,1,01,B01
200600077508,0,01,000,00,0,3,15,A01
200600077509,0,07,000,00,0,5,01,B01
200600077509,0,02,000,00,2,1,02,A01
200600077510,0,07,000,13,0,1,13,A01
200600077511,0,30,000,00,0,1,01,B01
200600077511,0,07,000,00,2,3,15,A01
200600077512,0,07,000,00,0,4,01,B01
200600077512,0,07,000,00,2,1,02,A01
200600077513,0,07,000,00,0,4,01,B01
200600077513,0,07,000,00,2,1,02,A01
200600077514,0,33,000,00,2,1,17,B01
200600077514,0,07,000,00,2,8,15,A01
200600077515,0,07,000,00,2,1,01,B01
200600077515,0,07,000,00,2,3,15,A01
200600077516,0,07,000,00,2,1,15,A01
200600077516,0,07,000,00,2,3,01,B01
200600077517,0,07,000,00,2,3,01,A01
200600077517,0,07,000,00,2,1,01,B01
200600077518,0,07,000,00,2,3,13,A01
200600077518,0,07,000,00,2,3,01,B01
200600077519,0,07,000,00,2,7,01,A01
200600077519,0,31,000,00,2,1,15,B01
200600077520,0,07,000,00,2,8,01,A01
200600077520,0,07,000,00,2,8,01,B01
200600077521,0,07,000,00,2,3,01,A01
200600077521,0,07,000,00,2,3,01,B01
200600077522,1,07,000,00,1,1,01,A01
200600077523,0,07,000,00,2,1,01,B01
200600077523,0,07,000,00,2,7,01,A01
200600077524,0,07,000,08,2,3,01,A01
200600077524,0,07,000,00,2,1,01,B01
200600077525,0,07,000,00,1,4,04,A01
200600077526,0,07,000,01,2,7,01,A01
200600077526,0,07,000,00,2,1,11,B01
200600077527,0,07,000,00,2,1,23,A01
200600077527,0,02,000,00,2,1,01,B01
200600077528,0,07,000,00,2,1,01,B01
200600077528,0,07,000,14,2,8,19,A01
200600077529,0,07,000,00,2,1,01,A01
200600077529,0,01,000,00,2,1,01,B01
200600077530,0,07,000,00,2,1,09,A01
200600077530,0,07,000,00,2,1,01,B01
200600077531,0,07,000,00,1,7,01,A01
200600077532,0,07,000,00,2,7,01,A01
200600077532,0,02,000,00,2,1,01,B01
200600077533,0,07,000,00,2,1,01,A01
200600077533,0,07,000,00,2,4,02,B01
200600077534,0,07,000,00,2,2,15,A01
200600077534,0,07,000,00,2,3,01,B01
200600077535,0,07,000,00,2,1,01,A01
200600077535,0,07,000,00,2,4,01,B01
200600077536,0,07,000,00,1,3,01,A01
200600077537,0,07,000,00,2,8,10,A01
200600077537,0,02,000,01,2,1,17,B01
200600077538,0,07,000,00,2,1,01,A01
200600077538,0,07,000,00,2,1,15,B01
200600077539,1,10,000,00,1,4,04,A01
200600077540,0,07,000,01,0,2,01,A01
200600077541,0,07,000,00,1,1,01,A01
200600077542,0,07,000,00,1,1,01,A01
200600077543,0,07,000,06,0,1,21,A01
200600077544,2,07,000,00,2,1,13,A01
200600077544,0,07,000,00,2,1,01,B01
200600077545,0,07,000,00,2,1,15,A01
200600077545,0,01,000,00,2,1,01,B01
200600077546,2,07,000,00,2,1,01,A01
200600077546,0,02,000,00,2,1,01,B01
200600077547,0,07,000,00,2,2,15,A01
200600077547,0,02,000,00,2,3,08,B01
200600077548,0,07,000,00,2,2,10,A01
200600077548,0,02,000,00,2,8,01,B01
200600077548,0,07,000,00,0,8,24,C01
200600077549,0,02,000,01,0,1,01,A01
200600077550,0,07,000,00,2,3,15,A01
200600077550,0,01,000,00,2,1,01,B01
200600077551,0,01,000,00,2,1,01,A01
200600077551,0,07,000,00,2,3,01,B01
200600077552,0,07,000,00,1,2,01,A01
200600077553,0,02,000,00,1,1,15,A01
200600077554,0,07,000,00,2,8,19,A01
200600077554,0,07,000,00,2,1,01,B01
200600077555,0,07,000,00,1,3,01,A01
200600077556,0,07,000,00,2,1,01,B01
200600077556,0,01,000,00,2,1,19,A01
200600077557,0,01,000,00,2,1,19,A01
200600077557,0,07,000,00,2,2,01,B01
200600077558,0,07,000,01,0,1,02,A01
200600077558,0,07,000,01,0,4,23,B01
200600077558,0,07,000,00,0,4,23,C01
200600077559,0,07,000,00,2,8,01,A01
200600077559,0,01,000,00,2,1,19,B01
200600077560,0,07,000,00,2,1,01,A01
200600077560,0,07,000,00,2,4,01,B01
200600077561,0,07,000,00,2,1,15,A01
200600077561,0,31,000,00,2,1,01,B01
200600077562,0,07,000,00,1,1,01,A01
200600077563,0,07,000,00,1,2,15,A01
200600077564,0,10,000,00,2,7,16,A01
200600077564,0,01,000,00,2,1,01,B01
200600077565,0,07,000,00,2,1,01,B01
200600077565,0,07,000,00,2,3,16,A01
200600077566,0,37,001,14,0,1,02,A01
200600077566,0,07,000,01,0,1,23,B01
200600077566,0,07,000,00,2,4,23,C01
200600077567,1,07,000,00,2,1,01,A01
200600077567,0,01,000,11,2,0,01,B01
200600077568,0,07,000,00,1,2,01,A01
200600077569,0,07,000,00,2,1,01,A01
200600077569,0,07,000,00,2,4,01,B01
200600077569,0,07,000,00,2,1,01,C01
200600077570,0,33,000,00,2,1,05,A01
200600077570,0,02,000,00,2,1,01,B01
200600077571,0,07,000,00,1,2,01,A01
200600077572,0,07,000,00,2,2,15,A01
200600077572,0,99,000,00,0,0,01,B01
200600077573,0,07,000,08,0,2,14,A01
200600077574,0,07,000,00,1,1,15,A01
200600077575,0,01,000,13,0,1,01,A01
200600077576,0,14,000,00,2,5,16,A01
200600077576,0,30,000,00,2,1,16,B01
200600077577,0,07,000,00,9,1,15,A01
200600077577,0,01,000,00,2,1,01,B01
200600077578,0,07,000,00,1,2,00,A01
200600077579,0,07,000,00,1,1,02,A01
200600077580,0,07,000,00,1,2,01,A01
200600077581,0,07,000,00,1,2,01,A01
200600077582,0,07,000,00,1,1,01,A01
200600077583,0,07,000,00,2,1,02,A01
200600077583,0,30,000,00,2,8,05,B01
200600077584,0,07,000,00,1,3,00,A01
200600077585,0,07,000,00,2,8,19,A01
200600077585,0,07,000,00,2,1,01,B01
200600077586,0,07,000,00,1,1,02,A01
200600077587,0,30,000,00,2,0,05,A01
200600077587,0,07,000,00,2,1,01,B01
200600077588,0,07,000,03,2,0,17,A01
200600077588,0,15,000,00,2,2,01,B01
200600077589,0,07,000,00,1,8,01,A01
200600077590,0,33,000,00,2,3,00,B01
200600077590,0,07,000,00,2,1,00,A01
200600077591,0,07,000,12,2,5,12,A01
200600077591,0,33,000,00,0,0,00,B01
200600077592,0,07,000,00,1,2,01,A01
200600077593,0,07,000,00,2,4,21,A01
200600077593,0,33,000,00,2,1,01,B01
200600077594,0,07,000,06,0,4,23,B01
200600077594,0,14,000,00,2,0,01,A01
200600077594,0,07,000,00,2,7,01,C01
200600077595,0,07,000,15,0,1,21,B01
200600077595,0,37,000,00,0,0,15,A01
200600077596,0,15,000,00,2,3,00,A01
200600077596,0,07,000,00,2,1,00,B01
200600077597,0,07,000,00,2,2,01,A01
200600077597,0,07,000,00,2,3,01,B01
200600077598,0,30,000,00,1,6,00,A01
200600077599,0,07,000,00,2,1,02,A01
200600077599,0,07,000,00,2,1,23,B01
200600077599,0,07,000,00,2,4,23,C01
200600077600,0,02,000,00,0,0,02,A01
200600077601,0,33,000,00,2,7,17,A01
200600077601,0,10,000,00,2,3,20,B01
200600077602,0,07,000,00,1,1,01,A01
200600077603,0,10,000,00,2,2,15,A01
200600077603,0,31,000,00,2,1,01,B01
200600077604,0,14,000,00,2,1,01,A01
200600077604,0,07,000,00,2,4,01,B01
200600077604,0,07,000,00,1,4,01,C01
200600077605,0,07,000,02,0,1,01,A01
200600077606,0,10,000,00,2,3,18,A01
200600077606,0,07,000,00,2,2,01,B01
200600077607,0,07,000,08,2,1,01,A01
200600077607,0,07,000,00,0,4,01,B01
200600077608,0,30,000,01,0,0,00,A01
200600077609,0,02,000,00,2,1,01,A01
200600077609,0,07,000,00,9,8,15,B01
200600077610,0,07,000,00,1,4,20,A01
200600077611,0,07,000,00,2,7,15,A01
200600077611,0,07,000,00,2,1,01,B01
200600077612,0,07,000,00,2,1,02,A01
200600077612,0,07,000,00,2,4,02,B01
200600077612,0,07,000,00,0,3,02,C01
200600077613,0,07,000,00,1,3,16,A01
200600077614,0,33,000,00,9,1,02,B01
200600077614,0,07,000,00,9,6,15,A01
200600077615,0,10,000,00,1,1,01,A01
200600077616,0,01,000,00,2,1,02,A01
200600077616,0,07,000,00,2,5,01,B01
200600077617,0,10,000,00,2,1,15,A01
200600077617,0,10,000,00,2,3,01,B01
200600077617,0,10,000,00,2,1,01,C01
200600077618,0,10,000,00,2,1,01,A01
200600077618,0,07,000,06,2,2,01,B01
200600077619,0,07,000,00,1,1,16,A01
200600077620,0,10,000,00,2,7,01,A01
200600077620,0,10,000,00,2,1,01,B01
200600077621,0,07,000,00,2,4,20,A01
200600077621,1,07,000,00,2,1,01,B01
200600077622,0,07,000,00,1,1,01,A01
200600077623,0,07,000,00,2,1,05,A01
200600077623,0,07,000,00,2,1,01,B01
200600077624,0,14,000,00,2,2,16,A01
200600077624,0,07,000,00,2,8,16,B01
200600077625,0,07,000,00,2,1,15,A01
200600077625,0,07,000,00,2,3,01,B01
200600077626,0,07,000,00,1,1,01,A01
200600077627,0,07,000,00,1,1,01,A01
200600077628,0,07,000,00,2,7,15,A01
200600077628,0,07,000,00,2,1,01,B01
200600077629,0,07,000,00,2,1,13,A01
200600077629,0,07,000,00,2,1,01,B01
200600077630,0,14,000,00,2,6,01,A01
200600077630,0,07,000,00,4,1,01,B01
200600077631,0,02,000,12,2,1,01,A01
200600077631,0,07,000,00,2,1,01,B01
200600077632,1,07,000,00,2,2,02,A01
200600077632,0,02,000,00,0,4,01,B01
200600077633,0,07,000,00,1,7,01,A01
200600077634,0,07,000,00,2,1,01,A01
200600077634,0,07,000,00,2,7,01,B01
200600077634,0,07,000,00,2,1,23,C01
200600077635,0,07,000,00,1,1,01,A01
200600077636,0,07,000,00,2,1,01,A01
200600077636,0,07,000,00,2,4,01,B01
200600077636,0,07,000,00,2,4,01,C01
200600077637,0,07,000,00,2,2,11,A01
200600077637,0,07,000,00,2,2,01,B01
200600077638,0,30,000,16,0,1,01,A01
200600077639,0,07,000,00,1,1,01,A01
200600077640,0,07,000,00,2,1,13,A01
200600077640,0,10,000,00,0,3,01,B01
200600077640,0,07,000,00,2,1,01,C01
200600077641,0,30,000,16,0,9,01,A01
200600077642,0,07,000,00,1,2,01,A01
200600077643,0,07,000,00,2,1,02,A01
200600077643,0,07,000,00,2,4,02,B01
200600077643,0,07,000,00,0,4,02,C01
200600077644,0,07,000,00,2,1,13,A01
200600077644,0,07,000,00,0,1,01,B01
200600077645,0,30,000,00,0,8,13,A01
200600077646,0,30,000,00,2,1,17,A01
200600077646,0,07,000,00,0,8,09,B01
200600077647,0,30,000,00,0,8,13,A01
200600077648,0,07,000,00,2,1,01,B01
200600077648,0,07,000,00,2,2,15,A01
200600077649,0,07,000,06,0,8,00,A01
200600077650,0,07,000,00,2,1,02,A01
200600077650,0,07,000,00,2,4,23,B01
200600077651,0,02,000,00,2,3,05,A01
200600077651,0,07,000,00,2,3,01,B01
200600077652,1,07,000,00,0,0,00,A01
200600077653,0,07,000,00,1,2,01,A01
200600077654,0,07,000,00,2,7,01,A01
200600077654,0,02,000,00,0,8,15,B01
200600077655,0,07,000,00,2,1,09,A01
200600077655,0,07,000,00,0,4,01,B01
200600077656,0,07,000,00,1,1,01,A01
200600077657,0,02,000,16,0,7,01,A01
200600077658,0,02,000,16,0,1,01,A01
200600077659,0,31,000,00,0,2,01,A01
200600077660,0,07,000,00,2,3,02,A01
200600077660,0,07,000,00,0,4,02,B01
200600077661,0,02,000,00,2,1,17,B01
200600077661,0,07,000,00,2,2,16,A01
200600077662,0,07,000,00,2,1,02,A01
200600077662,0,07,000,00,0,4,02,B01
200600077663,0,02,000,00,1,1,01,A01
200600077664,0,07,000,00,2,5,04,A01
200600077664,0,02,000,00,2,2,01,B01
200600077665,0,07,000,00,2,2,15,A01
200600077665,0,02,000,00,2,1,01,B01
200600077666,0,07,000,00,0,5,15,B01
200600077666,1,07,000,00,2,3,02,A01
200600077667,0,07,000,00,1,2,01,A01
200600077668,0,02,000,00,0,3,01,A01
200600077669,0,02,000,00,2,1,01,A01
200600077670,0,07,000,00,2,1,01,A01
200600077670,0,07,000,00,2,1,23,B01
200600077670,0,07,000,00,0,4,23,C01
200600077671,0,33,000,16,0,8,01,A01
200600077672,0,01,000,00,1,1,01,A01
200600077673,0,33,000,16,0,8,01,A01
200600077674,0,02,000,16,0,8,01,A01
200600077675,0,07,000,00,2,6,01,A01
200600077675,0,02,000,00,0,8,01,B01
200600077676,0,15,000,00,2,5,01,A01
200600077676,0,07,000,00,0,1,16,B01
200600077677,0,07,000,09,0,1,01,A01
200600077678,0,07,000,00,2,1,01,A01
200600077678,0,07,000,00,0,4,01,B01
200600077679,0,02,000,16,0,7,01,A01
200600077680,0,02,000,00,2,1,01,A01
200600077680,0,07,000,00,0,8,09,B01
200600077681,0,07,000,00,1,1,01,A01
200600077682,0,07,000,00,1,1,01,A01
200600077683,0,33,000,00,0,8,01,A01
200600077683,0,07,000,00,2,1,01,B01
200600077684,0,02,000,00,2,1,01,A01
200600077684,0,07,000,00,0,8,01,B01
200600077685,0,07,000,00,2,1,01,A01
200600077685,0,07,000,00,2,1,01,B01
200600077685,0,07,000,00,0,4,01,C01
200600077686,0,13,000,00,2,1,01,A01
200600077686,0,07,000,00,0,0,15,B01
200600077687,0,02,000,00,1,7,01,A01
200600077688,0,07,000,00,0,8,01,B01
200600077688,0,02,000,00,2,1,15,A01
200600077689,1,07,000,00,2,0,00,A01
200600077689,0,07,000,00,0,4,01,B01
200600077690,0,07,000,00,1,1,01,A01
200600077691,0,07,000,00,2,3,01,A01
200600077691,0,33,000,00,0,7,01,B01
200600077692,0,07,000,00,1,1,01,A01
200600077693,0,07,000,00,2,3,10,A01
200600077693,0,02,000,00,2,1,01,B01
200600077694,0,33,000,16,0,1,01,A01
200600077695,0,02,000,00,2,1,01,B01
200600077695,0,07,000,00,2,3,01,A01
200600077696,0,33,000,00,0,0,01,A01
200600077697,0,07,000,00,2,1,01,B01
200600077697,0,07,000,00,2,8,15,A01
200600077698,0,02,000,00,2,1,01,A01
200600077698,0,07,000,00,0,4,01,B01
200600077699,0,07,000,00,2,2,01,A01
200600077699,0,07,000,00,2,5,01,B01
200600077700,0,07,000,00,2,1,01,A01
200600077700,0,07,000,00,2,7,15,B01
200600077701,0,02,000,00,0,8,01,A01
200600077702,0,30,000,00,2,1,01,B01
200600077702,0,07,000,00,2,3,15,A01
200600077703,0,07,000,00,2,6,01,A01
200600077703,0,07,000,00,2,7,01,B01
200600077704,0,30,000,00,2,1,01,A01
200600077704,0,07,000,00,2,7,15,B01
200600077705,1,07,000,00,1,2,01,A01
200600077706,0,07,000,00,1,4,04,A01
200600077707,0,30,000,00,2,1,01,B01
200600077707,0,07,000,00,2,2,01,A01
200600077708,0,07,000,00,9,2,15,A01
200600077708,0,02,000,01,2,3,05,B01
200600077709,0,03,000,00,1,1,00,A01
200600077710,0,10,000,00,1,1,01,A01
200600077711,0,07,000,00,1,4,04,A01
200600077712,0,07,000,00,1,1,01,A01
200600077713,0,07,000,00,2,1,15,A01
200600077713,0,07,000,00,0,1,01,B01
200600077714,0,07,000,00,1,1,15,A01
200600077715,0,10,000,00,1,1,15,A01
200600077716,0,07,000,00,2,6,01,A01
200600077716,0,07,000,00,0,1,15,B01
200600077717,0,07,000,00,1,0,01,A01
200600077718,0,07,000,06,0,8,17,A01
200600077719,0,07,000,00,2,1,01,A01
200600077719,0,07,000,00,2,1,01,B01
200600077720,0,07,000,00,2,5,02,A01
200600077720,0,33,000,00,2,1,02,B01
200600077721,0,07,000,06,0,1,01,A01
200600077722,0,33,000,00,2,1,01,B01
200600077722,0,07,000,00,2,1,15,A01
200600077723,0,07,000,00,1,4,04,A01
200600077724,0,07,000,00,2,1,01,A01
200600077724,0,07,000,00,2,4,01,B01
200600077724,0,07,000,00,2,4,01,C01
200600077724,0,07,000,00,2,4,01,D01
200600077725,0,10,000,00,2,2,15,A01
200600077725,0,04,000,00,2,1,01,B01
200600077726,0,07,000,00,2,8,10,A01
200600077726,0,05,000,00,2,2,01,B01
200600077727,1,07,000,00,2,8,00,A01
200600077727,0,01,000,08,2,2,01,B01
200600077728,0,05,000,00,0,0,21,A01
200600077729,0,02,000,00,1,1,01,A01
200600077730,0,07,000,00,2,3,21,A01
200600077730,0,02,000,00,2,2,01,B01
200600077731,0,05,000,00,2,3,18,A01
200600077731,0,07,000,00,2,7,16,B01
200600077732,0,07,000,00,2,5,15,A01
200600077732,0,02,000,00,2,1,01,B01
200600077733,0,07,000,00,2,7,16,B01
200600077733,0,04,000,00,2,1,01,A01
200600077734,0,04,000,00,0,0,16,A01
200600077735,0,10,000,00,1,5,20,A01
200600077736,0,07,000,00,1,1,01,A01
200600077737,1,07,000,00,2,5,00,A01
200600077737,0,05,000,00,2,3,01,B01
200600077738,0,01,000,00,2,1,05,B01
200600077738,0,07,000,00,2,5,04,A01
200600077739,1,07,000,00,2,5,00,A01
200600077739,0,04,000,00,2,1,01,B01
200600077740,0,07,000,00,1,1,16,A01
200600077741,0,05,000,00,0,0,01,A01
200600077742,0,18,000,00,1,1,15,A01
200600077743,0,04,000,00,2,3,18,A01
200600077743,0,07,000,00,2,7,16,B01
200600077744,0,02,000,00,1,1,01,A01
200600077745,0,07,000,00,2,2,15,A01
200600077745,0,05,000,00,2,1,01,B01
200600077746,0,07,000,00,2,1,01,B01
200600077746,0,07,000,06,2,2,01,A01
200600077747,0,07,000,00,2,8,15,A01
200600077747,0,05,000,00,2,2,17,B01
200600077748,0,05,000,00,1,1,01,A01
200600077749,0,04,000,00,2,2,21,A01
200600077749,0,18,000,00,2,8,01,B01
200600077750,1,07,000,00,2,1,00,A01
200600077750,0,07,000,04,2,4,23,B01
200600077751,0,07,000,00,2,2,15,A01
200600077751,0,02,000,00,2,1,01,B01
200600077752,0,07,000,12,0,1,21,A01
200600077753,0,07,000,00,2,2,10,A01
200600077753,0,02,000,00,2,1,01,B01
200600077754,0,07,000,00,2,4,01,B01
200600077754,0,07,000,00,2,1,02,A01
200600077755,0,02,000,00,0,0,01,A01
200600077756,0,07,000,00,2,1,01,B01
200600077756,0,07,000,00,2,2,15,A01
200600077757,0,01,000,00,2,1,19,A01
200600077757,0,07,000,00,2,2,01,B01
200600077758,1,07,000,00,1,1,00,A01
200600077759,0,02,000,00,0,0,21,A01
200600077760,0,07,000,00,2,3,15,A01
200600077761,0,05,000,00,1,3,01,A01
200600077762,0,07,000,00,1,1,01,A01
200600077763,0,04,000,00,2,1,21,A01
200600077763,0,07,000,00,2,1,01,B01
200600077764,0,07,000,00,2,7,22,A01
200600077764,0,04,000,00,2,3,18,B01
200600077765,0,10,000,00,2,3,09,A01
200600077765,0,07,000,01,2,1,01,B01
200600077766,0,07,000,00,2,2,01,A01
200600077766,0,02,000,00,2,1,01,B01
200600077767,0,07,000,00,2,5,15,A01
200600077767,0,07,000,00,2,1,01,B01
200600077768,0,07,000,00,2,2,15,A01
200600077768,0,04,000,00,2,1,01,B01
200600077769,0,07,000,00,2,3,11,A01
200600077769,0,07,000,00,2,5,01,B01
200600077770,0,05,000,00,2,2,12,A01
200600077770,0,07,000,00,2,6,01,B01
200600077771,0,10,000,00,2,5,12,A01
200600077771,0,05,000,00,2,3,01,B01
200600077772,0,07,000,00,2,3,11,A01
200600077772,0,04,000,00,2,2,01,B01
200600077773,0,04,000,00,1,1,01,A01
200600077774,0,05,000,00,0,0,01,A01
200600077775,0,07,000,04,0,1,01,A01
200600077776,0,04,000,00,2,1,01,A01
200600077776,0,07,000,00,2,3,15,B01
200600077777,0,05,000,00,2,1,03,A01
200600077777,0,07,000,00,2,4,01,B01
200600077778,0,02,000,00,0,0,01,A01
200600077779,0,07,000,00,2,8,11,A01
200600077779,0,05,000,00,2,2,01,B01
200600077780,0,07,000,00,2,1,01,B01
200600077780,0,07,000,00,2,2,01,A01
200600077781,0,10,000,00,2,3,10,A01
200600077781,0,02,000,00,2,2,01,B01
200600077782,0,05,000,00,1,1,01,A01
200600077783,1,02,000,00,1,1,00,A01
200600077784,0,07,000,07,0,2,01,A01
200600077785,0,07,000,00,2,6,11,A01
200600077785,0,05,000,00,2,2,01,B01
200600077786,0,07,000,00,1,1,07,A01
200600077787,0,10,000,00,2,6,11,A01
200600077787,0,05,000,00,2,2,01,B01
200600077788,0,02,000,01,0,1,01,A01
200600077789,0,10,000,00,2,8,11,A01
200600077789,0,05,000,00,2,2,01,B01
200600077790,0,05,000,00,0,0,01,A01
200600077791,0,07,000,00,2,2,12,A01
200600077791,0,05,000,00,2,3,01,B01
200600077792,0,05,000,00,0,0,01,A01
200600077793,0,07,000,00,1,1,01,A01
200600077794,0,07,000,00,1,1,01,A01
200600077795,0,07,000,00,2,2,01,A01
200600077795,0,05,000,00,2,1,01,B01
200600077796,0,07,000,00,1,1,01,A01
200600077797,0,07,000,00,2,8,10,A01
200600077797,0,05,000,00,2,2,17,B01
200600077798,0,05,000,00,2,6,12,A01
200600077798,0,01,000,00,2,2,01,B01
200600077799,0,01,000,00,2,1,01,A01
200600077799,0,07,000,00,2,4,01,B01
200600077800,0,07,000,00,2,8,22,A01
200600077800,0,01,000,00,2,2,01,B01
200600077801,1,07,000,00,2,2,00,A01
200600077801,0,01,000,00,2,1,01,B01
200600077802,0,04,000,00,1,1,01,A01
200600077803,0,04,000,00,1,1,01,A01
200600077804,0,05,000,00,1,1,01,A01
200600077805,0,10,000,00,1,1,01,A01
200600077806,0,10,000,00,2,1,01,B01
200600077806,0,17,000,00,2,2,01,A01
200600077807,0,04,000,00,0,0,01,A01
200600077808,0,07,000,00,1,1,15,A01
200600077809,0,05,000,00,1,1,01,A01
200600077810,0,10,000,00,2,8,15,A01
200600077810,0,05,000,00,2,2,01,B01
200600077811,0,07,000,00,2,8,10,A01
200600077811,0,07,000,00,2,2,01,B01
200600077812,0,07,000,00,2,8,11,A01
200600077812,0,05,000,00,2,2,01,B01
200600077813,0,07,000,00,2,2,15,A01
200600077813,0,07,000,00,2,1,01,B01
200600077814,0,07,000,00,1,1,01,A01
200600077815,0,10,000,00,1,1,01,A01
200600077816,0,10,000,00,1,4,04,A01
200600077817,0,04,000,00,0,0,21,A01
200600077818,0,02,000,12,0,2,21,A01
200600077819,0,02,000,00,0,0,01,A01
200600077820,0,04,000,00,1,1,01,A01
200600077821,0,07,000,00,2,1,01,A01
200600077821,0,04,000,00,2,4,01,B01
200600077822,0,04,000,00,2,3,18,A01
200600077822,0,07,000,00,2,2,16,B01
200600077823,0,02,000,00,2,3,18,A01
200600077823,0,14,000,00,2,2,23,B01
200600077824,0,07,000,00,2,1,15,A01
200600077824,0,07,000,00,2,4,23,B01
200600077825,0,10,000,00,1,1,01,A01
200600077826,0,01,000,00,0,0,21,A01
200600077827,0,07,000,00,2,1,01,B01
200600077827,0,07,000,00,2,2,01,A01
200600077828,0,07,000,00,2,2,01,A01
200600077828,0,01,000,00,2,1,01,B01
200600077829,0,05,000,00,2,1,01,A01
200600077829,0,07,000,00,2,3,15,B01
200600077830,0,04,000,00,2,2,17,A01
200600077830,0,07,000,00,2,8,15,B01
200600077831,0,07,000,00,1,1,01,A01
200600077832,0,07,000,00,1,1,01,A01
200600077833,0,04,000,01,0,1,01,A01
200600077834,0,04,000,00,1,1,01,A01
200600077835,1,02,000,00,1,1,00,A01
200600077836,0,10,000,00,2,7,15,A01
200600077836,0,04,000,00,2,1,01,B01
200600077837,0,07,000,00,2,2,15,A01
200600077837,0,04,000,00,2,1,01,B01
200600077838,0,07,000,00,1,4,04,A01
200600077839,0,07,000,00,2,1,15,B01
200600077839,0,02,000,00,2,2,01,A01
200600077840,0,07,000,00,1,1,01,A01
200600077841,0,07,000,00,2,8,22,A01
200600077841,0,02,000,00,2,2,17,B01
200600077842,0,05,000,00,0,0,01,A01
200600077843,0,07,000,00,1,1,01,A01
200600077844,0,10,000,00,1,1,01,A01
200600077845,1,02,000,00,1,1,00,A01
200600077846,0,07,000,00,2,1,01,A01
200600077846,0,07,000,01,2,4,24,B01
200600077847,0,10,000,00,2,8,01,A01
200600077847,0,04,000,00,2,2,23,B01
200600077848,0,04,000,00,2,3,01,A01
200600077848,0,07,000,00,2,7,16,B01
200600077849,0,02,000,00,0,0,21,A01
200600077850,1,07,000,00,1,1,00,A01
200600077851,0,05,000,00,1,1,01,A01
200600077852,0,02,000,00,0,0,01,A01
200600077853,0,07,000,07,0,1,15,A01
200600077854,0,07,000,00,2,1,01,A01
200600077854,0,07,000,00,2,4,01,B01
200600077855,0,10,000,00,2,4,20,A01
200600077856,0,07,000,00,1,1,01,A01
200600077857,0,10,000,00,2,1,16,A01
200600077857,0,01,000,00,2,2,01,B01
200600077858,0,04,000,00,2,3,18,A01
200600077858,0,07,000,00,2,2,16,B01
200600077859,0,04,000,00,0,0,18,A01
200600077860,0,10,000,00,2,8,10,A01
200600077860,0,02,000,00,2,1,01,B01
200600077861,0,05,000,00,2,3,18,A01
200600077861,0,07,000,00,2,5,01,B01
200600077862,0,02,000,00,0,0,21,A01
200600077863,0,05,000,00,2,3,18,A01
200600077863,0,07,000,00,2,5,01,B01
200600077864,0,05,000,00,2,2,17,A01
200600077864,0,07,000,00,2,3,15,B01
200600077865,0,05,000,00,2,3,18,A01
200600077865,0,07,000,00,2,5,01,B01
200600077866,0,05,000,00,2,1,02,A01
200600077866,0,07,000,00,2,4,23,B01
200600077867,0,07,000,00,1,1,15,A01
200600077868,0,02,000,00,2,3,18,A01
200600077868,0,07,000,00,2,7,16,B01
200600077869,0,05,000,00,0,0,21,A01
200600077870,0,07,000,00,1,1,15,A01
200600077871,0,07,000,00,2,5,17,A01
200600077871,0,07,000,00,2,6,15,B01
200600077872,0,05,000,00,2,2,12,A01
200600077872,0,01,000,00,2,3,01,B01
200600077872,0,07,000,00,2,2,01,C01
200600077873,0,01,000,00,2,3,21,A01
200600077873,0,07,000,00,2,7,01,B01
200600077874,0,07,000,00,2,2,15,A01
200600077874,0,04,000,00,2,1,01,B01
200600077875,0,07,000,00,2,2,15,A01
200600077875,0,05,000,00,2,1,01,B01
200600077876,0,04,000,00,2,2,01,A01
200600077876,0,07,000,00,2,1,01,B01
200600077877,0,07,000,00,2,1,01,A01
200600077877,0,07,000,00,2,4,01,B01
200600077878,0,05,000,01,0,1,21,A01
200600077879,0,07,000,00,2,8,22,A01
200600077879,0,02,000,00,2,2,01,B01
200600077880,0,10,000,00,1,1,01,A01
200600077881,0,04,000,00,0,0,21,A01
200600077882,0,05,000,00,2,3,18,A01
200600077882,0,10,000,00,2,5,01,B01
200600077882,0,07,000,00,2,8,01,C01
200600077882,0,07,000,00,2,4,01,D01
200600077883,0,07,000,00,2,2,15,A01
200600077883,0,02,000,00,2,1,01,B01
200600077884,0,05,000,00,2,3,18,A01
200600077884,0,07,000,00,2,2,01,B01
200600077885,0,05,000,00,2,3,18,A01
200600077885,0,07,000,00,2,5,01,B01
200600077886,0,02,000,01,0,1,01,A01
200600077887,0,07,000,00,2,1,01,A01