Num_Acc,senc,catv,occutc,obs,obsm,choc,manv,num_veh
200600077887,0,04,000,00,2,4,01,B01
200600077887,0,07,000,00,2,4,01,C01
200600077888,0,07,000,00,1,4,04,A01
200600077889,0,07,000,00,2,2,12,A01
200600077889,0,05,000,00,2,3,01,B01
200600077890,0,04,000,00,2,3,18,A01
200600077890,0,14,000,00,2,2,01,B01
200600077891,0,05,000,00,2,5,16,A01
200600077891,0,07,000,00,2,3,01,B01
200600077892,0,07,000,00,2,2,12,A01
200600077892,0,05,000,00,2,3,01,B01
200600077893,0,17,000,00,2,1,01,A01
200600077893,0,07,000,00,2,4,01,B01
200600077894,0,07,000,00,2,2,12,A01
200600077894,0,04,000,00,2,3,01,B01
200600077895,0,07,000,00,2,4,01,B01
200600077895,0,10,000,00,2,1,01,A01
200600077896,0,02,000,00,2,3,18,A01
200600077896,0,07,000,00,2,2,16,B01
200600077897,0,10,000,01,0,1,01,A01
200600077898,0,02,000,00,1,1,01,A01
200600077899,0,05,000,00,0,0,01,A01
200600077900,0,02,000,00,0,0,21,A01
200600077901,0,02,000,00,0,0,01,A01
200600077902,0,07,000,00,2,4,24,A01
200600077902,0,07,000,00,2,4,24,B01
200600077902,0,07,000,00,2,1,01,C01
200600077903,0,02,000,00,2,1,01,A01
200600077903,0,07,000,00,2,4,01,B01
200600077904,0,04,000,01,0,1,01,A01
200600077905,0,07,000,00,2,3,01,A01
200600077905,0,07,000,00,2,1,01,B01
200600077906,0,02,000,00,1,1,01,A01
200600077907,0,07,000,00,2,2,15,A01
200600077907,0,07,000,00,2,1,01,B01
200600077908,0,07,000,00,2,5,04,A01
200600077908,0,07,000,00,2,1,01,B01
200600077909,0,05,000,00,1,1,01,A01
200600077910,0,07,000,00,2,8,10,A01
200600077910,0,02,000,00,2,2,17,B01
200600077911,0,07,000,00,2,8,11,A01
200600077911,0,04,000,00,2,2,01,B01
200600077912,0,04,000,00,0,0,21,A01
200600077913,0,07,000,00,2,8,15,A01
200600077913,0,07,000,00,2,2,17,B01
200600077914,0,01,000,00,0,0,01,A01
200600077915,0,07,000,00,1,1,01,A01
200600077916,0,07,000,00,1,1,17,A01
200600077917,0,02,000,00,2,2,17,A01
200600077917,0,07,000,00,2,8,01,B01
200600077918,0,05,000,00,0,0,21,A01
200600077919,0,05,000,00,0,0,21,A01
200600077920,0,07,000,00,2,1,01,A01
200600077920,0,07,000,00,2,4,01,B01
200600077921,0,07,000,00,1,4,04,A01
200600077922,0,07,000,00,2,8,01,A01
200600077922,0,02,000,00,2,1,01,B01
200600077923,0,07,000,00,1,4,04,A01
200600077924,0,04,000,00,1,1,01,A01
200600077925,0,07,000,00,1,1,01,A01
200600077926,0,10,000,00,2,8,11,A01
200600077926,0,05,000,00,2,2,01,B01
200600077927,0,07,000,00,2,3,01,A01
200600077927,0,02,000,00,2,1,01,B01
200600077928,0,02,000,00,2,1,01,B01
200600077928,0,07,000,00,2,2,01,A01
200600077929,0,02,000,00,2,1,01,A01
200600077929,0,07,000,00,2,2,15,B01
200600077930,0,07,000,00,2,7,22,A01
200600077930,0,02,000,00,2,3,18,B01
200600077931,0,02,000,00,2,3,01,A01
200600077931,0,07,000,00,2,2,16,B01
200600077932,0,07,000,11,0,1,01,A01
200600077933,0,04,000,14,0,1,01,A01
200600077934,0,07,000,00,1,1,01,A01
200600077935,0,07,000,00,2,1,01,A01
200600077935,0,07,000,00,2,4,23,B01
200600077936,0,07,000,00,1,1,16,A01
200600077937,1,07,000,00,2,3,00,A01
200600077937,0,01,000,00,2,1,01,B01
200600077938,1,07,000,00,2,6,00,A01
200600077938,0,05,000,00,2,2,01,B01
200600077939,0,07,000,00,2,8,11,A01
200600077939,0,04,000,00,2,2,01,B01
200600077939,0,07,000,00,2,4,01,C01
200600077940,0,07,000,00,2,8,11,A01
200600077940,0,05,000,00,2,2,01,B01
200600077940,0,07,000,00,2,4,01,C01
200600077941,0,04,000,00,2,3,18,A01
200600077941,0,10,000,00,2,5,01,B01
200600077941,0,07,000,00,2,8,01,C01
200600077942,0,05,000,00,2,3,18,A01
200600077942,0,07,000,00,2,5,01,B01
200600077942,0,07,000,00,2,8,01,C01
200600077943,0,07,000,05,2,6,11,A01
200600077943,0,07,000,00,2,2,01,B01
200600077944,0,07,000,00,2,1,01,A01
200600077944,0,07,000,00,2,4,01,B01
200600077945,0,04,000,00,2,3,18,A01
200600077945,0,07,000,00,2,2,01,B01
200600077946,0,02,000,00,2,1,08,A01
200600077946,0,07,000,00,2,1,15,B01
200600077947,0,05,000,00,2,1,01,B01
200600077947,0,07,000,00,2,7,15,A01
200600077948,0,02,000,00,2,2,15,A01
200600077948,0,10,000,00,2,3,01,B01
200600077949,0,04,000,00,2,3,01,B01
200600077949,0,07,000,00,2,2,15,A01
200600077950,0,01,000,00,1,1,01,A01
200600077951,0,07,000,00,2,8,22,A01
200600077951,0,01,000,00,2,1,01,B01
200600077952,0,05,000,00,1,1,01,A01
200600077953,0,02,000,00,1,1,01,A01
200600077954,0,07,000,00,2,5,15,A01
200600077954,0,07,000,00,2,2,01,B01
200600077955,0,05,000,00,2,1,02,A01
200600077955,0,07,000,00,2,4,23,B01
200600077956,0,07,000,07,0,1,01,A01
200600077957,0,02,000,00,2,2,01,A01
200600077957,0,07,000,00,2,8,01,B01
200600077958,0,07,000,00,2,1,02,A01
200600077958,0,07,000,00,2,4,01,B01
200600077959,0,02,000,00,1,1,01,A01
200600077960,0,05,000,01,0,1,21,A01
200600077961,0,07,000,06,2,6,21,A01
200600077961,0,07,000,00,2,6,01,B01
200600077962,0,07,000,00,2,2,01,A01
200600077962,2,02,000,00,2,3,01,B01
200600077963,0,07,000,00,2,1,02,A01
200600077963,0,07,000,00,2,4,23,B01
200600077964,0,07,000,00,1,2,01,A01
200600077965,0,07,000,00,2,8,22,A01
200600077965,0,01,000,00,2,1,01,B01
200600077965,0,10,000,00,2,2,01,C01
200600077966,0,07,000,00,2,2,15,A01
200600077966,0,02,000,00,2,1,01,B01
200600077967,1,10,000,00,1,1,00,A01
200600077968,0,04,000,00,1,1,01,A01
200600077969,0,07,000,00,2,2,09,A01
200600077969,0,05,000,00,2,1,01,B01
200600077970,0,10,000,06,0,1,01,A01
200600077971,0,02,000,00,2,2,19,A01
200600077971,0,10,000,00,2,1,15,B01
200600077972,0,07,000,00,1,1,01,A01
200600077973,0,10,000,00,2,1,01,B01
200600077973,0,07,000,00,2,2,01,A01
200600077974,0,07,000,00,1,4,04,A01
200600077975,0,05,000,00,2,2,01,A01
200600077975,0,07,000,00,2,6,01,B01
200600077976,0,05,000,00,2,1,01,B01
200600077976,0,10,000,00,2,2,15,A01
200600077977,0,07,000,00,2,1,02,A01
200600077977,0,07,000,00,2,4,23,B01
200600077978,0,07,000,00,2,2,16,A01
200600077978,0,02,000,00,2,3,01,B01
200600077979,0,05,000,00,2,1,05,A01
200600077979,0,07,000,00,2,1,01,B01
200600077979,0,07,000,00,2,8,01,C01
200600077980,0,05,000,00,2,2,17,A01
200600077980,0,02,000,00,2,6,15,B01
200600077981,0,10,000,00,2,1,13,A01
200600077981,0,02,000,00,2,1,01,B01
200600077982,0,05,000,00,0,0,01,A01
200600077983,0,10,000,00,2,2,12,A01
200600077983,0,04,000,00,2,3,01,B01
200600077984,0,05,000,00,2,1,05,A01
200600077984,0,18,000,00,2,1,01,B01
200600077985,0,05,000,00,1,1,01,A01
200600077986,0,07,000,00,1,1,16,A01
200600077987,0,10,000,00,1,4,04,A01
200600077988,0,02,000,00,0,0,21,A01
200600077989,0,02,000,00,1,1,01,A01
200600077990,0,05,000,01,1,1,01,A01
200600077991,0,05,000,00,1,1,01,A01
200600077992,0,07,000,00,2,3,11,A01
200600077992,0,05,000,04,2,2,01,B01
200600077992,0,07,000,00,2,4,01,C01
200600077993,0,05,000,00,0,0,01,A01
200600077994,0,05,000,00,2,2,17,A01
200600077994,0,02,000,00,2,6,01,B01
200600077995,0,07,000,00,2,2,15,A01
200600077995,0,01,000,00,2,1,01,B01
200600077996,0,02,000,00,2,2,16,A01
200600077996,0,10,000,00,2,1,01,B01
200600077997,0,07,000,00,1,1,16,A01
200600077998,0,07,000,00,2,2,15,A01
200600077998,0,02,000,00,2,1,01,B01
200600077999,0,04,000,00,2,1,01,B01
200600077999,0,07,000,00,2,2,01,A01
200600078000,0,04,000,00,1,1,01,A01
200600078001,0,07,000,00,2,2,15,A01
200600078001,0,04,000,00,2,1,01,B01
200600078002,0,04,000,00,1,1,01,A01
200600078003,0,07,000,00,2,8,15,A01
200600078003,0,04,000,08,2,2,01,B01
200600078004,0,07,000,00,2,7,12,A01
200600078004,0,05,000,00,2,3,01,B01
200600078005,0,02,000,00,1,1,01,A01
200600078006,0,05,000,00,0,0,01,A01
200600078007,1,05,000,00,2,6,00,A01
200600078007,0,05,000,00,2,2,01,B01
200600078008,0,05,000,00,0,0,01,A01
200600078009,0,10,000,00,2,1,01,A01
200600078009,0,07,000,00,2,4,01,B01
200600078010,0,07,000,00,1,1,01,A01
200600078011,0,07,000,00,2,8,22,A01
200600078011,0,05,000,00,2,2,01,B01
200600078012,0,02,000,00,2,1,01,A01
200600078012,0,07,000,00,2,2,15,B01
200600078013,0,10,000,00,2,3,09,A01
200600078013,0,07,000,00,2,1,01,B01
200600078014,0,07,000,00,2,2,01,A01
200600078014,0,07,000,00,2,1,01,B01
200600078015,0,07,000,00,2,2,12,A01
200600078015,0,05,000,00,2,3,01,B01
200600078016,0,05,000,00,1,1,01,A01
200600078017,0,05,000,00,2,1,01,A01
200600078017,0,07,000,00,2,2,01,B01
200600078018,0,02,000,00,2,2,01,A01
200600078018,0,07,000,00,2,1,01,B01
200600078019,0,07,000,00,2,8,10,A01
200600078019,0,05,000,00,2,2,01,B01
200600078020,0,10,000,00,1,1,01,A01
200600078021,0,02,000,00,2,1,01,A01
200600078021,0,07,000,00,2,4,01,B01
200600078022,0,02,000,00,2,1,01,A01
200600078022,0,01,000,00,2,6,19,B01
200600078023,0,07,000,00,2,2,16,A01
200600078023,0,02,000,00,2,3,01,B01
200600078024,0,07,000,00,1,1,01,A01
200600078025,0,04,000,00,2,3,18,A01
200600078025,0,07,000,00,2,2,12,B01
200600078026,0,07,000,00,2,5,22,A01
200600078026,0,02,000,00,2,3,18,B01
200600078027,0,05,000,01,2,1,01,B01
200600078027,0,07,000,00,2,2,01,A01
200600078028,0,07,000,00,2,8,11,A01
200600078028,0,02,000,00,2,2,01,B01
200600078029,0,07,000,00,2,1,01,A01
200600078029,0,05,000,00,2,3,01,B01
200600078030,0,05,000,00,2,3,01,A01
200600078030,0,02,000,00,2,1,15,B01
200600078031,0,07,000,00,1,4,20,A01
200600078032,0,05,000,00,2,4,23,B01
200600078032,0,05,000,00,2,1,15,A01
200600078033,0,04,000,00,0,0,21,A01
200600078034,0,02,000,00,2,1,02,A01
200600078034,0,07,000,00,2,4,23,B01
200600078035,0,02,000,00,1,1,01,A01
200600078036,0,07,000,00,2,2,15,A01
200600078036,0,05,000,00,2,1,01,B01
200600078037,0,07,000,00,2,8,22,A01
200600078037,0,18,000,00,2,5,15,B01
200600078038,0,07,000,00,2,1,02,A01
200600078038,0,07,000,00,2,4,23,B01
200600078038,0,10,000,00,2,4,23,C01
200600078038,0,07,000,00,2,4,23,D01
200600078039,0,07,000,00,2,5,15,A01
200600078039,0,05,000,00,2,1,01,B01
200600078040,0,04,000,01,0,1,18,A01
200600078041,0,07,000,00,1,3,15,A01
200600078042,0,07,000,00,2,2,15,A01
200600078042,0,02,000,00,2,1,01,B01
200600078043,0,07,000,00,2,6,11,A01
200600078043,0,05,000,00,2,2,03,B01
200600078044,0,05,000,00,2,5,17,A01
200600078044,0,07,000,00,2,3,01,B01
200600078045,0,07,000,00,2,7,09,A01
200600078045,0,04,000,00,2,1,01,B01
200600078046,0,04,000,15,2,2,21,A01
200600078046,0,07,000,00,2,5,01,B01
200600078047,0,07,000,00,2,8,22,A01
200600078047,0,05,000,00,2,1,01,B01
200600078047,0,07,000,00,2,5,01,C01
200600078048,0,04,000,00,1,1,01,A01
200600078049,0,07,000,00,2,3,10,A01
200600078049,0,05,000,00,2,2,05,B01
200600078050,0,07,000,00,2,3,11,A01
200600078050,0,05,000,00,2,2,01,B01
200600078050,0,07,000,00,2,5,23,C01
200600078051,0,04,000,00,0,0,21,A01
200600078052,0,05,000,01,1,1,21,A01
200600078053,0,07,000,00,2,1,02,A01
200600078053,0,07,000,00,2,4,23,B01
200600078053,0,07,000,00,2,4,23,C01
200600078054,0,07,000,00,2,7,12,A01
200600078054,0,07,000,00,2,3,01,B01
200600078055,0,05,000,00,0,0,15,A01
200600078056,0,02,000,01,0,1,01,A01
200600078057,0,02,000,00,2,3,01,A01
200600078057,0,07,000,00,2,2,16,B01
200600078058,0,04,000,00,2,6,18,A01
200600078058,0,01,000,00,2,2,01,B01
200600078059,0,07,000,00,2,1,01,B01
200600078059,0,07,000,00,2,8,01,A01
200600078060,0,07,000,00,2,2,15,A01
200600078060,0,02,000,00,2,1,01,B01
200600078061,0,10,000,00,1,4,04,A01
200600078062,0,07,000,00,2,1,01,A01
200600078062,0,07,000,00,2,3,01,B01
200600078063,0,01,000,00,2,2,12,A01
200600078063,0,05,000,00,2,3,01,B01
200600078064,0,02,000,00,1,1,01,A01
200600078065,0,05,000,00,2,2,17,A01
200600078065,0,07,000,00,2,8,15,B01
200600078066,0,07,000,00,2,1,01,A01
200600078066,0,07,000,00,2,4,01,B01
200600078066,0,07,000,00,2,4,01,C01
200600078067,0,07,000,09,0,1,01,A01
200600078068,0,02,000,01,1,1,01,A01
200600078069,0,07,000,00,2,2,09,A01
200600078069,0,04,000,00,2,3,01,B01
200600078070,0,07,000,00,2,3,15,B01
200600078070,0,05,000,00,2,1,01,A01
200600078071,0,07,000,00,2,2,15,A01
200600078071,0,05,000,00,2,1,01,B01
200600078072,0,05,000,00,1,1,01,A01
200600078073,1,02,000,00,1,1,00,A01
200600078074,0,07,000,00,2,1,01,A01
200600078075,0,07,000,00,2,8,15,A01
200600078075,0,05,000,00,2,2,01,B01
200600078076,0,02,000,00,2,3,01,A01
200600078076,0,07,000,00,2,2,16,B01
200600078077,0,01,000,00,1,1,01,A01
200600078078,0,02,000,00,0,0,21,A01
200600078079,0,05,000,00,2,5,17,A01
200600078079,0,07,000,00,2,3,01,B01
200600078080,0,07,000,00,2,1,01,A01
200600078080,0,10,000,12,2,4,01,B01
200600078081,0,07,000,00,1,1,01,A01
200600078082,0,02,000,11,0,1,13,A01
200600078083,0,02,000,01,0,1,01,A01
200600078084,0,07,000,00,1,1,01,A01
200600078085,0,05,000,04,0,2,01,A01
200600078086,0,05,000,00,2,2,01,A01
200600078086,0,05,000,00,2,6,01,B01
200600078086,0,10,000,00,2,7,01,C01
200600078086,0,10,000,00,2,4,01,D01
200600078087,0,07,000,00,2,1,01,A01
200600078087,0,07,000,00,2,4,01,B01
200600078088,1,07,000,00,2,2,00,A01
200600078088,0,02,000,00,2,1,01,B01
200600078089,0,05,000,00,2,1,01,A01
200600078089,0,07,000,00,2,4,01,B01
200600078090,0,07,000,00,1,1,05,A01
200600078091,0,05,000,01,2,1,01,A01
200600078091,0,07,000,00,2,1,01,B01
200600078091,0,07,000,00,2,8,01,C01
200600078092,1,07,000,00,2,1,00,A01
200600078092,0,07,000,00,2,8,01,B01
200600078093,0,07,000,00,1,1,01,A01
200600078094,0,05,000,00,2,2,01,A01
200600078094,0,07,000,00,2,1,01,B01
200600078095,0,07,000,07,0,3,16,A01
200600078096,2,07,000,08,0,8,01,A01
200600078097,1,07,000,00,2,2,00,A01
200600078097,0,05,000,00,2,1,01,B01
200600078098,0,02,000,00,0,0,01,A01
200600078099,0,07,000,00,2,7,22,A01
200600078099,0,02,000,00,2,1,18,B01
200600078100,0,04,000,00,2,1,01,B01
200600078100,0,07,000,00,2,7,01,A01
200600078101,0,07,000,00,1,1,15,A01
200600078102,0,02,000,00,0,0,16,A01
200600078103,0,07,000,00,2,3,18,A01
200600078103,0,05,000,00,2,2,16,B01
200600078104,0,02,000,00,2,1,01,A01
200600078104,0,07,000,00,2,4,23,B01
200600078105,0,07,000,00,2,6,15,A01
200600078105,0,02,000,00,2,2,17,B01
200600078106,0,07,000,00,2,6,11,A01
200600078106,0,07,000,11,2,2,01,B01
200600078107,0,02,000,14,0,3,01,A01
200600078108,0,05,000,00,0,0,01,A01
200600078109,1,05,000,00,1,1,00,A01
200600078110,0,07,000,00,1,1,01,A01
200600078111,0,04,000,00,2,1,01,A01
200600078111,0,07,000,00,2,6,15,B01
200600078112,0,07,000,00,2,8,22,A01
200600078112,0,01,000,00,2,1,01,B01
200600078113,0,18,000,00,2,1,01,B01
200600078113,0,07,000,00,2,2,16,A01
200600078114,0,07,000,00,2,1,02,A01
200600078114,0,07,000,00,2,4,23,B01
200600078114,0,07,000,00,2,4,23,C01
200600078115,0,07,000,00,1,1,01,A01
200600078116,0,10,000,00,2,5,22,A01
200600078116,0,05,000,00,2,1,18,B01
200600078116,0,07,000,00,2,8,01,C01
200600078117,0,14,000,00,2,6,01,B01
200600078117,0,04,000,00,2,1,01,A01
200600078118,0,05,000,12,0,2,01,A01
200600078119,0,07,000,00,9,1,01,A01
200600078120,0,10,000,00,1,1,15,A01
200600078121,0,02,000,00,1,1,01,A01
200600078122,1,07,000,00,1,1,00,A01
200600078123,0,07,000,00,2,1,14,A01
200600078123,0,10,000,00,2,4,24,B01
200600078124,0,17,000,00,2,2,12,A01
200600078124,0,07,000,00,2,6,01,B01
200600078124,0,17,000,00,2,2,01,C01
200600078124,0,07,000,00,2,8,01,D01
200600078125,0,07,000,00,2,7,16,A01
200600078125,0,02,000,00,2,3,01,B01
200600078126,0,07,000,00,2,8,10,A01
200600078126,0,05,000,00,2,2,17,B01
200600078127,0,10,000,00,2,1,01,A01
200600078127,0,07,000,00,2,4,01,B01
200600078127,0,07,000,00,2,4,01,C01
200600078128,0,02,000,00,1,1,01,A01
200600078129,0,07,000,00,2,3,01,B01
200600078129,0,02,000,00,2,1,05,A01
200600078130,0,07,000,00,2,7,15,A01
200600078130,0,01,000,00,2,1,01,B01
200600078131,0,04,000,00,0,0,01,A01
200600078132,0,07,000,00,2,8,11,A01
200600078132,0,04,000,00,2,2,01,B01
200600078133,0,07,000,00,2,2,16,A01
200600078133,0,04,000,00,2,3,01,B01
200600078134,0,05,000,00,1,1,01,A01
200600078134,0,07,000,00,2,4,01,B01
200600078135,0,01,000,00,2,2,17,A01
200600078135,0,07,000,00,2,8,15,B01
200600078136,0,07,000,00,2,6,22,A01
200600078136,0,05,000,00,2,2,01,B01
200600078137,0,02,000,00,0,0,01,A01
200600078138,0,04,000,00,0,0,21,A01
200600078139,1,07,000,00,2,5,00,A01
200600078139,0,02,000,14,2,3,01,B01
200600078140,1,05,000,00,2,1,00,A01
200600078140,0,05,000,00,2,5,01,B01
200600078141,1,07,000,00,1,4,00,A01
200600078142,0,07,000,00,2,2,15,A01
200600078142,0,05,000,00,2,1,01,B01
200600078143,0,02,000,00,0,0,21,A01
200600078144,0,02,000,00,2,1,01,B01
200600078144,0,07,000,00,2,2,01,A01
200600078145,0,02,000,00,2,1,01,A01
200600078145,0,07,000,00,2,2,15,B01
200600078146,0,07,000,00,2,8,10,A01
200600078146,0,02,000,00,2,2,01,B01
200600078147,0,07,000,00,1,4,04,A01
200600078148,0,07,000,00,2,1,01,A01
200600078148,0,07,000,00,2,4,01,B01
200600078149,0,02,000,01,0,1,01,A01
200600078150,0,07,000,00,1,1,16,A01
200600078151,0,07,000,00,2,1,02,A01
200600078151,0,07,000,00,2,4,23,B01
200600078152,0,07,000,00,2,3,01,B01
200600078152,0,07,000,00,2,2,01,A01
200600078153,1,07,000,00,2,0,00,A01
200600078153,0,02,000,00,2,3,01,B01
200600078154,0,18,000,00,2,2,01,B01
200600078154,0,07,000,00,2,5,01,A01
200600078155,0,07,000,00,1,1,01,A01
200600078156,0,07,000,00,1,2,01,A01
200600078157,0,10,000,00,2,2,15,A01
200600078157,0,10,000,00,2,3,01,B01
200600078158,0,02,000,00,2,1,03,A01
200600078158,0,07,000,00,2,5,23,B01
200600078159,0,04,000,00,2,1,02,A01
200600078159,2,02,000,00,2,4,21,B01
200600078160,0,07,000,00,2,3,09,A01
200600078160,0,02,000,00,2,2,16,B01
200600078161,0,07,000,00,2,8,22,A01
200600078161,0,01,000,00,2,1,01,B01
200600078162,0,02,000,00,2,1,02,A01
200600078162,0,07,000,00,2,4,01,B01
200600078163,0,07,000,00,2,1,02,A01
200600078163,0,07,000,00,2,4,23,B01
200600078163,0,07,000,00,2,4,23,C01
200600078163,0,07,000,00,2,4,23,D01
200600078164,0,10,000,00,2,8,22,A01
200600078164,0,05,000,00,2,3,01,B01
200600078165,0,07,000,00,2,1,01,B01
200600078165,0,04,000,00,2,2,01,A01
200600078166,0,04,000,00,2,1,01,A01
200600078166,0,04,000,00,2,4,23,B01
200600078167,0,07,000,00,1,1,16,A01
200600078168,1,07,000,00,1,1,00,A01
200600078169,0,07,000,00,1,1,15,A01
200600078170,0,07,000,00,1,1,01,A01
200600078171,0,07,000,00,2,8,10,A01
200600078171,0,04,000,00,2,2,01,B01
200600078172,0,07,000,00,2,1,01,B01
200600078172,0,02,000,00,2,2,17,A01
200600078173,1,07,000,00,2,5,00,A01
200600078173,0,07,000,00,2,3,01,B01
200600078174,0,07,000,00,1,1,01,A01
200600078175,0,07,000,00,2,1,01,A01
200600078175,0,05,000,01,2,3,01,B01
200600078176,0,07,000,00,2,2,15,A01
200600078176,0,07,000,00,2,3,01,B01
200600078177,0,07,000,15,0,1,01,A01
200600078178,0,02,000,00,2,6,15,A01
200600078178,0,02,000,00,2,2,01,B01
200600078179,0,05,000,00,2,2,17,A01
200600078179,0,07,000,00,2,8,15,B01
200600078180,0,07,000,00,2,1,05,A01
200600078180,0,07,000,00,2,1,11,B01
200600078181,1,07,000,00,2,6,00,A01
200600078181,0,07,000,00,2,1,02,B01
200600078181,0,07,000,00,2,3,02,C01
200600078182,0,14,000,00,2,2,12,A01
200600078182,0,07,000,00,2,6,01,B01
200600078182,0,07,000,00,2,7,01,C01
200600078182,0,07,000,00,2,1,01,D01
200600078183,0,05,000,00,2,3,11,A01
200600078183,0,10,000,00,2,4,12,B01
200600078184,0,07,000,04,0,3,01,A01
200600078185,0,07,000,04,0,3,01,A01
200600078186,0,05,000,00,2,1,01,A01
200600078186,0,07,000,00,2,4,01,B01
200600078187,0,07,000,00,2,6,11,A01
200600078187,0,02,000,00,2,2,01,B01
200600078188,0,07,000,04,0,1,01,A01
200600078189,0,02,000,00,2,1,01,A01
200600078189,0,07,000,00,2,3,01,B01
200600078190,0,07,000,00,2,2,10,A01
200600078190,0,07,000,00,2,1,01,B01
200600078191,1,07,000,00,2,1,00,A01
200600078191,0,07,000,00,2,4,01,B01
200600078192,0,07,000,00,2,8,22,A01
200600078192,0,04,000,00,2,2,01,B01
200600078193,0,05,000,00,0,0,21,A01
200600078194,0,05,000,00,2,3,18,A01
200600078194,0,07,000,00,2,5,01,B01
200600078194,0,07,000,00,2,4,01,C01
200600078195,0,05,000,00,0,0,01,A01
200600078196,0,04,000,00,2,3,18,A01
200600078196,0,07,000,00,2,7,01,B01
200600078197,0,05,000,15,1,5,01,A01
200600078198,0,07,000,00,1,2,01,A01
200600078199,0,04,000,00,2,2,01,B01
200600078199,1,07,000,00,2,1,00,A01
200600078200,0,05,000,04,2,1,01,A01
200600078200,0,07,000,00,2,4,01,B01
200600078201,0,07,000,00,2,1,01,A01
200600078201,0,07,000,00,2,4,01,B01
200600078201,0,07,000,00,2,4,01,C01
200600078201,0,07,000,00,2,4,01,D01
200600078202,0,07,000,00,2,3,15,A01
200600078202,0,02,000,00,2,2,17,B01
200600078203,0,01,000,01,0,1,01,A01
200600078204,0,07,000,00,2,3,10,A01
200600078204,0,02,000,00,2,2,01,B01
200600078205,0,07,000,00,2,3,15,B01
200600078205,0,04,000,00,2,1,01,A01
200600078206,0,07,000,00,2,1,01,A01
200600078206,0,10,000,00,2,8,01,B01
200600078207,0,07,000,00,2,8,11,A01
200600078207,0,07,000,00,2,2,01,B01
200600078208,0,10,000,00,1,1,01,A01
200600078209,0,07,000,00,1,1,01,A01
200600078210,0,05,000,04,0,5,01,A01
200600078211,0,07,000,00,2,8,10,A01
200600078211,0,05,000,00,2,1,01,B01
200600078212,0,07,000,00,1,3,15,A01
200600078213,0,07,000,01,2,8,01,A01
200600078213,0,18,000,00,2,2,01,B01
200600078214,1,07,000,00,2,1,00,A01
200600078214,0,02,000,00,2,4,01,B01
200600078215,0,05,000,00,2,2,17,A01
200600078215,0,18,000,00,2,6,01,B01
200600078216,0,07,000,07,0,3,15,A01
200600078217,0,07,000,00,2,2,01,A01
200600078217,0,05,000,00,2,1,01,B01
200600078218,0,07,000,00,2,2,01,A01
200600078218,0,05,000,00,2,1,01,B01
200600078219,0,07,000,00,1,2,01,A01
200600078220,0,07,000,00,1,1,01,A01
200600078221,0,07,000,00,1,2,01,A01
200600078222,0,10,000,00,1,1,01,A01
200600078223,0,07,000,00,2,2,16,A01
200600078223,0,04,000,00,2,3,01,B01
200600078224,0,14,000,00,1,1,01,A01
200600078224,0,01,000,00,2,2,19,B01
200600078225,0,04,000,00,2,1,01,A01
200600078225,0,07,000,00,2,4,01,B01
200600078226,0,07,000,00,2,2,09,A01
200600078226,0,07,000,01,2,1,01,B01
200600078227,0,04,000,00,1,1,01,A01
200600078228,0,05,000,00,2,2,01,A01
200600078228,0,07,000,00,2,6,01,B01
200600078229,0,02,000,00,0,0,09,A01
200600078230,0,04,000,00,2,3,01,B01
200600078230,0,10,000,00,2,1,01,A01
200600078231,0,07,000,00,1,1,01,A01
200600078232,0,07,000,00,2,2,15,A01
200600078232,0,04,000,00,2,1,01,B01
200600078233,0,01,000,00,2,6,11,A01
200600078233,0,10,000,00,2,2,01,B01
200600078233,0,10,000,00,2,1,01,C01
200600078234,0,10,000,00,2,8,15,B01
200600078234,0,02,000,00,2,1,01,A01
200600078235,0,05,000,00,2,2,01,A01
200600078235,0,10,000,00,2,6,23,B01
200600078235,0,07,000,00,2,4,23,C01
200600078235,0,07,000,00,2,4,23,D01
200600078236,0,07,000,04,0,1,14,A01
200600078237,0,10,000,00,1,4,04,A01
200600078238,0,01,000,00,2,1,05,A01
200600078238,0,07,000,00,2,1,01,B01
200600078239,0,01,000,00,1,1,01,A01
200600078240,0,07,000,00,2,2,10,A01
200600078240,0,04,000,00,2,1,01,B01
200600078241,0,07,000,00,2,1,01,A01
200600078241,0,02,000,00,2,6,01,B01
200600078242,0,14,000,00,1,1,01,A01
200600078243,0,07,000,00,2,2,09,A01
200600078243,0,04,000,00,2,3,01,B01
200600078244,0,04,000,00,2,3,18,A01
200600078244,0,07,000,00,2,2,16,B01
200600078245,0,05,000,00,0,0,21,A01
200600078246,0,10,000,00,1,4,04,A01
200600078247,0,04,000,00,2,2,21,A01
200600078247,0,18,000,00,2,6,24,B01
200600078248,0,02,000,00,2,3,15,A01
200600078248,0,02,000,00,2,2,17,B01
200600078249,0,07,000,00,2,2,01,A01
200600078249,0,07,000,00,2,1,01,B01
200600078250,0,02,000,00,2,1,17,A01
200600078250,0,04,000,00,2,1,01,B01
200600078251,0,07,000,00,2,8,15,A01
200600078251,0,05,000,00,2,2,17,B01
200600078252,0,05,000,00,1,1,01,A01
200600078253,0,05,000,00,2,2,05,A01
200600078253,0,07,000,00,2,3,15,B01
200600078254,0,07,000,00,2,1,01,B01
200600078254,0,07,000,00,2,2,01,A01
200600078255,0,07,000,06,0,1,01,A01
200600078256,0,07,000,00,2,8,09,A01