Num_Acc,senc,catv,occutc,obs,obsm,choc,manv,num_veh
200600078256,0,05,000,00,2,1,01,B01
200600078257,0,07,000,00,2,6,17,A01
200600078257,0,02,000,00,2,2,17,B01
200600078258,0,02,000,12,0,6,01,A01
200600078259,0,05,000,00,1,1,01,A01
200600078260,0,02,000,07,0,2,01,A01
200600078261,0,07,000,01,0,1,21,A01
200600078262,0,02,000,01,0,3,01,A01
200600078263,0,07,000,00,2,1,02,A01
200600078263,0,07,000,00,2,4,23,B01
200600078264,0,07,000,00,1,1,01,A01
200600078265,0,07,000,00,2,1,02,A01
200600078265,0,07,000,00,2,4,23,B01
200600078266,0,07,000,00,1,1,01,A01
200600078267,0,05,000,00,2,3,18,A01
200600078267,0,07,000,00,2,2,16,B01
200600078268,0,04,000,01,2,2,17,A01
200600078268,0,07,000,00,2,3,15,B01
200600078269,0,04,000,00,1,1,01,A01
200600078270,0,07,000,00,2,3,09,A01
200600078270,0,01,000,00,2,1,01,B01
200600078271,0,05,000,00,0,0,21,A01
200600078272,0,01,000,00,2,3,11,A01
200600078272,0,05,000,00,2,2,01,B01
200600078273,0,04,000,00,0,0,21,A01
200600078274,0,05,000,00,2,2,17,A01
200600078274,0,07,000,00,2,8,15,B01
200600078275,0,07,000,00,2,4,20,A01
200600078275,0,02,000,00,2,1,01,B01
200600078276,0,07,000,00,2,1,13,A01
200600078276,0,07,000,00,2,1,01,B01
200600078277,0,05,000,00,0,0,05,A01
200600078278,0,02,000,00,0,0,01,A01
200600078279,0,02,000,00,2,1,01,A01
200600078279,0,01,000,00,2,1,01,B01
200600078280,0,04,000,00,2,2,17,A01
200600078280,0,01,000,00,2,6,01,B01
200600078281,0,04,000,00,0,0,01,A01
200600078282,0,04,000,00,0,0,21,A01
200600078283,0,10,000,00,2,2,16,A01
200600078283,0,04,000,00,2,3,01,B01
200600078284,0,07,000,01,1,1,15,A01
200600078285,0,01,000,00,1,1,01,A01
200600078286,0,07,000,00,2,1,01,A01
200600078286,0,07,000,00,2,4,01,B01
200600078286,0,07,000,00,2,4,01,C01
200600078287,0,07,000,00,2,8,22,A01
200600078287,0,04,000,00,2,2,01,B01
200600078288,0,05,000,00,1,1,01,A01
200600078289,0,07,000,00,2,2,14,A01
200600078289,0,05,000,00,2,6,01,B01
200600078290,0,04,000,00,2,3,01,B01
200600078290,0,07,000,00,2,2,10,A01
200600078291,0,04,000,00,2,2,17,A01
200600078291,0,07,000,00,2,8,15,B01
200600078292,0,07,000,00,2,8,23,B01
200600078292,0,05,000,00,2,1,01,A01
200600078293,0,02,000,00,0,0,01,A01
200600078294,0,02,000,14,0,1,21,A01
200600078295,2,07,000,08,2,2,10,A01
200600078295,0,07,000,00,2,1,07,B01
200600078296,1,05,000,00,1,1,00,A01
200600078297,1,10,000,00,1,1,00,A01
200600078298,0,10,000,00,1,1,01,A01
200600078299,0,07,000,00,2,3,15,A01
200600078299,0,02,000,00,2,2,17,B01
200600078300,0,07,000,00,2,6,10,A01
200600078300,0,04,000,00,2,2,01,B01
200600078301,0,07,000,00,2,2,09,A01
200600078301,0,05,000,00,2,1,01,B01
200600078301,0,07,000,00,2,6,01,C01
200600078302,0,07,000,00,2,1,07,A01
200600078302,0,04,000,00,2,4,07,B01
200600078303,0,02,000,00,1,1,01,A01
200600078304,0,02,000,00,2,2,17,A01
200600078304,0,10,000,00,2,8,15,B01
200600078305,0,14,000,00,1,6,01,A01
200600078306,0,07,000,00,1,1,16,A01
200600078307,0,07,000,00,2,7,13,A01
200600078307,0,07,000,00,2,1,01,B01
200600078308,0,02,000,00,1,1,01,A01
200600078309,0,10,000,00,2,2,16,A01
200600078309,0,05,000,00,2,3,01,B01
200600078310,0,07,000,00,2,7,01,B01
200600078310,0,02,000,01,2,1,01,A01
200600078311,0,02,000,00,1,1,01,A01
200600078312,0,02,000,00,0,0,01,A01
200600078313,0,07,000,00,2,2,15,A01
200600078313,0,04,000,00,2,1,01,B01
200600078314,0,02,000,00,0,0,01,A01
200600078315,0,07,000,00,2,3,15,A01
200600078315,0,04,000,00,2,2,17,B01
200600078316,0,07,000,00,2,2,15,A01
200600078316,0,04,000,00,2,1,01,B01
200600078317,0,04,000,00,1,1,01,A01
200600078318,0,07,000,00,2,8,22,A01
200600078318,0,01,000,00,2,2,01,B01
200600078319,0,02,000,00,2,2,01,B01
200600078319,0,07,000,00,2,8,15,A01
200600078320,0,07,000,00,1,1,15,A01
200600078321,0,02,000,00,1,1,01,A01
200600078322,0,01,000,00,0,0,01,A01
200600078323,0,01,000,00,0,0,21,A01
200600078324,0,07,000,00,1,1,01,A01
200600078325,0,07,000,00,2,8,22,A01
200600078325,0,04,000,00,2,2,01,B01
200600078326,0,04,000,00,0,0,01,A01
200600078327,0,10,000,00,2,3,09,A01
200600078327,0,05,000,00,2,2,01,B01
200600078328,0,10,000,00,1,1,01,A01
200600078329,0,07,000,00,2,1,15,A01
200600078329,0,07,000,00,2,3,01,B01
200600078329,0,07,000,01,2,3,01,C01
200600078330,0,07,000,00,2,6,10,A01
200600078330,0,02,000,00,2,1,01,B01
200600078331,0,02,000,00,2,1,01,A01
200600078331,0,07,000,00,2,4,01,B01
200600078332,0,10,000,00,2,2,15,A01
200600078332,0,02,000,00,2,1,01,B01
200600078333,1,07,000,00,2,2,00,A01
200600078333,0,04,000,00,2,1,01,B01
200600078334,0,04,000,00,2,1,09,B01
200600078334,0,07,000,00,2,6,04,A01
200600078335,0,07,000,00,2,2,16,A01
200600078335,0,05,000,00,2,3,01,B01
200600078336,0,05,000,00,2,1,01,A01
200600078336,0,07,000,00,2,4,01,B01
200600078337,0,13,000,00,2,3,10,A01
200600078337,0,05,000,00,2,2,01,B01
200600078338,0,07,000,00,1,1,01,A01
200600078339,0,05,000,00,2,1,01,B01
200600078339,0,10,000,00,2,3,01,A01
200600078340,0,02,000,00,0,0,21,A01
200600078341,0,05,000,04,2,1,01,A01
200600078341,0,07,000,00,2,4,01,B01
200600078342,0,05,000,00,1,1,01,A01
200600078343,0,04,000,00,2,3,18,A01
200600078343,0,07,000,00,2,2,16,B01
200600078344,0,04,000,00,2,2,17,A01
200600078344,0,14,000,00,2,6,15,B01
200600078345,0,05,000,00,0,0,21,A01
200600078346,0,05,000,00,2,3,18,A01
200600078346,0,14,000,00,2,2,01,B01
200600078346,0,18,000,00,2,8,23,C01
200600078347,0,07,000,00,2,1,01,A01
200600078347,0,07,000,00,2,8,01,B01
200600078348,0,04,000,00,1,3,05,A01
200600078349,1,10,000,00,2,4,00,A01
200600078349,0,07,000,00,2,1,01,B01
200600078350,0,07,000,00,2,3,11,A01
200600078350,0,05,000,00,2,2,03,B01
200600078351,0,05,000,12,0,3,21,A01
200600078352,0,01,000,00,1,1,21,A01
200600078353,0,07,000,00,2,6,01,B01
200600078353,0,07,000,00,2,7,01,C01
200600078353,0,07,000,00,2,2,09,A01
200600078354,0,07,000,00,2,1,02,A01
200600078354,0,07,000,00,2,4,23,B01
200600078355,0,07,000,01,0,1,01,A01
200600078356,0,02,000,00,2,1,01,A01
200600078356,0,07,000,00,2,4,01,B01
200600078357,0,05,000,00,1,1,01,A01
200600078358,0,05,000,00,2,3,13,A01
200600078358,0,07,000,00,2,2,01,B01
200600078359,0,07,000,00,1,1,15,A01
200600078360,0,04,000,00,2,2,15,A01
200600078360,0,07,000,00,2,1,01,B01
200600078361,0,02,000,00,2,1,01,A01
200600078361,0,07,000,00,2,4,01,B01
200600078362,0,05,000,00,1,1,01,A01
200600078363,0,05,000,00,1,1,16,A01
200600078364,0,14,000,00,2,5,04,A01
200600078364,0,07,000,00,2,3,01,B01
200600078365,0,05,000,00,1,1,01,A01
200600078366,0,01,000,00,2,3,11,A01
200600078366,0,18,000,00,2,7,17,B01
200600078367,0,02,000,00,2,2,17,A01
200600078367,0,03,000,00,2,8,15,B01
200600078368,0,02,000,00,2,1,01,A01
200600078368,0,07,000,00,2,4,01,B01
200600078369,0,07,000,00,2,2,15,A01
200600078369,0,04,000,00,2,1,15,B01
200600078370,0,05,000,00,1,3,01,A01
200600078371,0,07,000,00,2,3,11,A01
200600078371,0,05,000,00,2,2,01,B01
200600078372,0,07,000,00,2,2,10,A01
200600078372,0,02,000,00,2,1,01,B01
200600078373,0,10,000,00,2,2,01,A01
200600078373,0,13,000,00,2,6,24,B01
200600078374,0,02,000,00,0,0,21,A01
200600078375,0,07,000,00,2,1,01,A01
200600078375,0,10,000,00,2,4,23,B01
200600078376,0,10,000,00,2,1,01,A01
200600078376,0,07,000,00,2,4,01,B01
200600078377,0,07,000,00,2,3,11,A01
200600078377,0,05,000,00,2,5,01,B01
200600078377,0,10,000,00,2,7,01,C01
200600078378,0,02,000,00,0,0,21,A01
200600078379,0,05,000,00,0,0,13,A01
200600078380,1,07,000,00,2,7,00,A01
200600078380,0,07,000,15,2,8,18,B01
200600078381,0,04,000,00,2,1,01,B01
200600078381,0,07,000,00,2,2,01,A01
200600078382,0,07,000,00,1,1,01,A01
200600078383,0,07,000,00,2,7,12,A01
200600078383,0,07,000,00,2,3,01,B01
200600078384,0,07,000,00,1,1,01,A01
200600078385,0,14,000,00,1,1,16,A01
200600078386,0,07,000,00,1,1,15,A01
200600078387,1,07,000,00,1,1,00,A01
200600078388,0,05,000,00,1,1,01,A01
200600078389,0,10,000,00,2,1,01,A01
200600078389,0,07,000,00,2,4,01,B01
200600078389,0,07,000,00,2,4,01,C01
200600078390,0,07,000,00,2,6,15,A01
200600078390,0,05,000,00,2,2,01,B01
200600078391,0,07,000,11,0,1,01,A01
200600078392,0,18,000,00,1,1,01,A01
200600078393,0,07,000,00,2,2,15,A01
200600078393,0,05,000,01,2,1,01,B01
200600078394,0,07,000,00,1,1,01,A01
200600078395,0,07,000,00,2,2,01,A01
200600078395,0,05,000,00,2,1,01,B01
200600078396,0,02,000,00,0,0,01,A01
200600078397,0,07,000,00,2,1,16,B01
200600078397,0,02,000,00,2,2,01,A01
200600078398,0,05,000,00,2,5,12,A01
200600078398,0,05,000,00,2,3,07,B01
200600078399,1,05,000,00,2,1,00,A01
200600078399,0,01,000,00,2,2,19,B01
200600078400,0,04,000,00,2,1,05,A01
200600078400,0,07,000,00,2,2,09,B01
200600078401,0,07,000,00,2,2,01,A01
200600078401,0,07,000,00,2,1,01,B01
200600078402,0,05,000,00,2,2,01,A01
200600078402,0,07,000,00,2,1,16,B01
200600078403,0,07,000,00,2,2,12,A01
200600078403,0,02,000,00,2,6,01,B01
200600078404,0,02,000,00,0,0,21,A01
200600078405,0,07,000,00,2,2,15,A01
200600078405,0,02,000,00,2,1,01,B01
200600078406,0,07,000,00,1,1,01,A01
200600078407,0,07,000,00,2,2,15,A01
200600078407,0,05,000,00,2,1,01,B01
200600078408,0,07,000,00,1,1,15,A01
200600078409,1,07,000,00,2,4,00,A01
200600078409,0,01,000,00,2,1,01,B01
200600078410,0,04,000,00,1,2,16,A01
200600078411,0,07,000,00,2,2,16,A01
200600078411,0,18,000,00,2,1,07,B01
200600078412,0,02,000,00,2,1,01,A01
200600078412,0,07,000,00,2,5,16,B01
200600078413,0,05,000,00,2,1,17,A01
200600078413,0,07,000,00,2,3,15,B01
200600078414,0,01,000,00,1,6,01,A01
200600078415,0,07,000,00,2,8,10,A01
200600078415,0,02,000,00,2,2,01,B01
200600078416,0,07,000,00,2,6,09,A01
200600078416,0,04,000,00,2,1,01,B01
200600078417,0,04,000,00,0,0,01,A01
200600078418,0,07,000,00,2,2,01,A01
200600078418,0,07,000,00,2,1,01,B01
200600078419,0,07,000,00,2,1,01,B01
200600078419,0,01,000,00,2,2,01,A01
200600078420,0,10,000,01,1,1,01,A01
200600078421,0,07,000,00,2,2,16,A01
200600078421,0,02,000,00,2,3,01,B01
200600078422,0,07,000,00,1,1,15,A01
200600078423,0,05,000,00,2,1,17,A01
200600078423,0,07,000,00,2,3,15,B01
200600078424,0,05,000,00,2,1,01,A01
200600078424,0,07,000,00,2,4,01,B01
200600078425,0,10,000,00,1,4,04,A01
200600078426,0,07,000,14,0,1,16,A01
200600078427,0,14,000,00,0,0,15,A01
200600078428,0,07,000,00,1,1,01,A01
200600078429,0,07,000,07,0,1,01,A01
200600078430,0,07,000,00,2,2,01,B01
200600078430,0,07,000,00,2,1,01,A01
200600078431,0,01,000,00,2,3,19,A01
200600078431,0,07,000,00,2,1,01,B01
200600078432,1,07,000,00,1,1,00,A01
200600078433,0,05,000,00,1,1,01,A01
200600078434,0,07,000,00,2,8,11,A01
200600078434,0,04,000,00,2,2,01,B01
200600078435,0,04,000,00,2,1,01,A01
200600078435,0,03,000,00,2,4,01,B01
200600078436,0,17,000,00,1,1,01,A01
200600078437,0,05,000,00,0,0,01,A01
200600078438,0,07,000,00,2,2,15,A01
200600078438,0,07,000,08,2,1,01,B01
200600078439,0,07,000,00,1,3,16,A01
200600078440,0,07,000,00,2,3,01,A01
200600078440,0,07,000,00,2,3,01,B01
200600078441,0,33,000,15,2,9,18,A01
200600078441,0,07,000,00,2,2,01,B01
200600078442,0,07,000,00,2,1,15,A01
200600078442,0,02,000,00,2,7,01,B01
200600078443,0,07,000,00,2,1,13,A01
200600078443,0,07,000,00,2,1,01,B01
200600078444,0,07,000,00,1,1,17,A01
200600078445,0,07,000,00,1,2,01,A01
200600078446,0,07,000,00,2,2,15,A01
200600078446,0,33,000,00,2,1,01,B01
200600078447,0,07,000,09,0,1,01,A01
200600078448,0,07,000,02,0,1,01,A01
200600078449,0,07,000,02,0,9,01,A01
200600078450,0,02,000,01,0,1,01,A01
200600078451,0,07,000,00,1,2,01,A01
200600078452,0,31,000,00,2,1,01,A01
200600078452,0,10,000,00,2,3,00,B01
200600078453,0,07,000,00,2,2,01,A01
200600078453,0,01,000,00,2,1,01,B01
200600078454,0,07,000,00,9,2,01,B01
200600078454,0,01,000,00,2,8,01,A01
200600078455,0,07,000,00,1,1,01,A01
200600078456,0,33,000,00,2,1,02,A01
200600078456,0,07,000,00,9,4,02,B01
200600078457,1,07,000,00,2,1,11,A01
200600078457,0,01,000,00,2,4,01,B01
200600078458,0,07,000,00,1,1,15,A01
200600078459,0,07,000,00,1,3,15,A01
200600078460,0,07,000,00,1,1,13,A01
200600078461,0,07,000,00,1,3,01,A01
200600078462,0,07,000,00,2,3,20,A01
200600078462,0,02,000,00,2,1,01,B01
200600078463,0,33,000,00,2,1,01,A01
200600078463,0,07,000,00,2,8,01,B01
200600078464,0,04,000,00,2,0,01,A01
200600078464,0,14,000,00,2,5,15,B01
200600078465,0,02,000,00,0,0,00,A01
200600078465,0,07,000,00,2,3,15,B01
200600078466,0,07,000,08,0,3,14,A01
200600078467,0,07,000,00,1,2,15,A01
200600078468,0,07,000,00,2,2,15,A01
200600078468,0,02,000,00,2,2,17,B01
200600078469,0,01,000,00,2,1,01,A01
200600078469,0,07,000,00,2,4,02,B01
200600078470,0,13,000,10,2,2,02,A01
200600078470,0,07,000,10,2,4,02,B01
200600078471,0,02,000,00,0,0,00,A01
200600078472,0,07,000,00,2,6,01,A01
200600078472,0,07,000,00,2,5,02,B01
200600078473,0,07,000,00,2,1,00,A01
200600078473,0,07,000,00,2,6,00,B01
200600078474,0,07,000,00,2,1,02,A01
200600078474,0,07,000,01,0,1,02,B01
200600078474,0,07,000,00,0,0,02,C01
200600078475,0,02,000,00,2,1,01,B01
200600078475,1,07,000,00,2,0,00,A01
200600078476,0,07,000,00,2,2,01,A01
200600078476,0,07,000,06,2,1,15,B01
200600078477,0,07,000,00,1,3,01,A01
200600078478,0,07,000,00,2,2,16,A01
200600078478,0,01,000,00,2,4,02,B01
200600078479,0,07,000,00,2,1,01,A01
200600078479,0,07,000,00,2,1,01,B01
200600078479,0,07,000,00,0,4,02,C01
200600078480,0,07,000,00,9,1,01,A01
200600078480,0,01,000,00,2,1,19,B01
200600078481,0,07,000,02,0,2,15,A01
200600078481,0,05,000,13,0,9,01,B01
200600078482,0,02,000,00,0,8,00,A01
200600078483,0,07,000,00,1,2,01,A01
200600078484,0,02,000,16,0,7,15,A01
200600078485,0,07,000,00,2,2,13,A01
200600078485,0,07,000,00,2,1,01,B01
200600078485,0,05,000,00,2,2,01,C01
200600078486,0,07,000,00,2,3,13,A01
200600078486,0,07,000,00,2,3,23,B01
200600078487,0,07,000,00,2,8,15,A01
200600078487,0,05,000,00,2,7,17,B01
200600078488,0,07,000,00,2,1,01,A01
200600078488,0,07,000,00,2,4,01,B01
200600078489,0,07,000,00,2,2,15,A01
200600078489,0,01,000,00,2,1,01,B01
200600078490,0,02,000,00,2,1,01,A01
200600078490,0,07,000,00,2,3,15,B01
200600078491,0,04,000,00,1,8,21,A01
200600078492,0,05,000,00,6,1,01,A01
200600078493,0,14,000,00,4,2,16,A01
200600078493,0,40,000,00,2,2,01,B01
200600078494,0,07,000,00,2,3,01,A01
200600078494,0,07,000,00,2,3,16,B01
200600078495,0,05,000,00,2,1,02,A01
200600078495,0,07,000,00,2,4,02,B01
200600078496,0,07,000,00,2,1,00,A01
200600078496,0,02,000,00,0,6,01,B01
200600078497,0,02,000,00,0,0,00,A01
200600078497,0,07,000,00,2,3,15,B01
200600078498,0,14,000,14,2,1,02,A01
200600078498,0,07,000,00,2,1,02,B01
200600078498,0,07,000,00,2,1,02,C01
200600078498,0,07,000,00,2,4,02,D01
200600078499,0,02,000,00,0,1,01,A01
200600078499,1,07,000,00,0,0,00,B01
200600078500,0,07,000,00,2,2,21,A01
200600078500,0,07,000,00,2,2,01,B01
200600078501,0,07,000,00,0,0,00,A01
200600078502,0,07,000,00,2,5,15,A01
200600078502,0,04,000,00,2,2,01,B01
200600078503,0,07,000,01,2,1,02,A01
200600078503,0,07,000,00,2,4,01,B01
200600078504,0,07,000,04,2,2,12,A01
200600078504,0,07,000,00,2,6,01,B01
200600078505,0,07,000,03,0,1,01,A01
200600078506,0,07,000,00,2,3,01,A01
200600078506,0,02,000,00,2,1,01,B01
200600078507,0,07,000,00,2,1,02,A01
200600078507,0,07,000,00,2,1,02,B01
200600078507,0,07,000,00,2,1,02,C01
200600078508,0,01,000,00,2,0,00,A01
200600078508,0,10,000,00,2,0,01,B01
200600078509,0,07,000,00,9,7,10,A01
200600078509,0,33,000,00,2,1,01,B01
200600078510,0,14,000,00,2,1,11,A01
200600078510,0,14,000,00,2,1,01,B01
200600078511,0,10,000,00,2,2,01,A01
200600078511,0,30,000,00,2,1,15,B01
200600078512,0,07,000,02,0,2,00,A01
200600078513,0,07,000,11,2,1,06,A01
200600078513,0,07,000,00,2,3,09,B01
200600078514,0,07,000,00,2,1,01,B01
200600078514,0,07,000,00,2,2,13,A01
200600078515,0,10,000,00,0,4,23,B01
200600078515,0,01,000,00,2,1,01,A01
200600078516,0,07,000,00,9,4,04,A01
200600078516,0,02,000,00,2,8,09,B01
200600078517,0,10,000,00,2,2,01,B01
200600078517,0,07,000,00,2,7,13,A01
200600078518,0,07,000,00,1,7,01,A01
200600078519,0,33,000,00,2,3,21,B01
200600078519,0,07,000,00,2,7,15,A01
200600078520,0,07,000,00,2,1,02,A01
200600078520,0,07,000,00,2,4,02,B01
200600078520,0,07,000,00,2,4,02,C01
200600078520,0,07,000,00,2,4,02,D01
200600078520,0,07,000,00,0,4,02,E01
200600078521,1,07,000,00,1,0,00,A01
200600078522,0,07,000,00,0,1,00,A01
200600078522,0,07,000,00,2,1,00,B01
200600078523,0,30,000,00,2,1,01,B01
200600078523,0,07,000,00,2,6,19,A01
200600078524,0,07,000,00,2,1,17,A01
200600078524,0,07,000,00,2,1,01,B01
200600078525,0,07,000,08,0,1,01,A01
200600078526,0,10,000,16,0,3,21,A01
200600078527,0,07,000,00,1,1,02,A01
200600078528,0,31,000,00,0,0,00,A01
200600078528,0,07,000,00,1,3,01,B01
200600078529,0,07,000,00,2,3,05,A01
200600078529,0,07,000,00,2,8,01,B01
200600078529,0,07,000,00,2,3,01,C01
200600078530,0,07,000,00,1,8,13,A01
200600078531,0,07,000,00,1,3,01,A01
200600078532,0,07,000,00,1,2,17,A01
200600078533,0,07,000,00,2,1,01,B01
200600078533,0,07,000,00,2,8,15,A01
200600078534,0,07,000,02,0,9,01,A01
200600078535,0,07,000,00,2,2,15,A01
200600078535,0,33,000,00,2,1,01,B01
200600078536,0,07,000,15,0,9,01,A01
200600078537,0,30,000,00,2,1,02,A01
200600078537,0,10,000,00,0,4,01,B01
200600078538,1,07,000,00,2,1,02,A01
200600078538,0,01,000,01,0,4,01,B01
200600078539,0,10,000,03,2,3,01,A01
200600078539,0,07,000,00,2,8,01,B01
200600078540,0,07,000,00,0,9,01,A01
200600078541,0,01,000,00,2,8,09,A01
200600078541,0,02,000,00,2,1,01,B01
200600078542,0,07,000,00,2,7,15,A01
200600078542,0,07,000,00,2,1,01,B01
200600078543,0,07,000,00,1,2,01,A01
200600078544,0,02,000,00,2,7,01,A01
200600078544,0,07,000,00,2,1,01,B01
200600078545,0,33,000,00,2,1,17,A01
200600078545,0,07,000,00,2,8,15,B01
200600078546,0,30,000,00,2,1,01,A01
200600078546,0,07,000,00,2,8,15,B01
200600078547,0,07,000,00,2,1,02,A01
200600078547,0,07,000,00,0,4,23,B01
200600078548,0,07,000,13,0,7,01,A01
200600078549,0,07,000,00,0,0,06,A01
200600078549,0,07,000,00,0,1,00,B01
200600078550,0,07,000,06,0,1,13,A01
200600078551,0,10,000,00,0,0,00,A01
200600078551,0,32,000,00,0,0,00,B01
200600078552,0,07,000,00,2,1,00,A01
200600078552,0,07,000,00,0,7,00,B01
200600078553,0,10,000,00,0,0,00,A01
200600078554,0,07,000,03,0,0,00,A01
200600078555,1,07,000,00,0,0,00,A01
200600078556,0,07,000,00,2,1,01,A01
200600078556,0,33,000,00,2,4,03,B01
200600078556,0,07,000,00,2,2,01,C01
200600078557,0,07,000,00,0,4,23,A01
200600078557,0,07,000,00,2,2,02,B01
200600078558,0,15,000,03,2,1,00,A01
200600078559,0,07,000,02,0,2,00,A01
200600078560,0,07,000,00,0,3,01,A01
200600078560,0,02,000,00,0,8,01,B01
200600078561,0,07,000,00,2,3,02,B01
200600078561,0,07,000,00,2,2,11,A01
200600078562,0,07,000,00,0,8,01,A01
200600078563,0,07,000,00,1,1,16,A01
200600078564,0,07,000,00,2,2,00,A01
200600078564,0,07,000,00,2,1,01,B01
200600078565,0,07,000,00,2,7,13,A01
200600078565,0,07,000,00,2,1,01,B01
200600078566,0,07,000,00,1,3,01,A01
200600078567,0,07,000,00,9,1,01,A01
200600078567,0,01,000,00,2,1,01,B01
200600078568,0,07,000,00,1,7,01,A01
200600078569,0,07,000,00,1,1,01,A01
200600078570,0,07,000,00,1,2,02,A01
200600078571,0,07,000,00,1,2,15,A01
200600078572,0,07,000,00,0,1,15,A01
200600078572,0,07,000,00,0,3,01,B01
200600078573,0,02,000,00,2,2,05,A01
200600078573,0,07,000,00,2,3,01,B01
200600078574,0,31,000,00,2,1,01,A01
200600078574,0,07,000,00,2,6,15,B01
200600078575,0,32,000,00,2,1,01,A01
200600078575,0,07,000,00,2,3,15,B01
200600078576,0,07,000,14,0,1,02,C01
200600078576,0,30,000,00,2,9,00,B01
200600078576,0,10,000,00,2,1,02,A01
200600078577,0,02,000,00,2,4,01,B01
200600078577,1,07,000,00,2,1,02,A01
200600078578,0,07,000,01,1,8,01,A01
200600078579,0,07,000,00,2,1,02,A01
200600078579,0,07,000,00,0,4,02,B01
200600078580,0,10,000,00,1,1,02,A01
200600078581,0,07,000,08,2,6,15,B01
200600078581,0,07,000,15,2,1,17,A01
200600078582,0,37,001,00,1,1,01,A01
200600078583,0,10,000,00,2,3,13,A01
200600078583,0,02,000,00,2,1,17,B01
200600078584,0,30,000,00,2,8,01,B01
200600078584,0,07,000,00,2,7,15,A01
200600078585,0,07,000,00,1,1,01,A01
200600078586,0,07,000,00,2,1,01,A01
200600078586,0,01,000,00,2,8,19,B01
200600078587,0,01,000,00,2,2,01,B01
200600078587,0,07,000,00,2,1,15,A01
200600078588,0,17,000,00,2,1,02,A01
200600078588,0,17,000,00,2,4,02,B01
200600078589,0,10,000,00,1,1,15,A01
200600078590,0,02,000,00,2,8,01,B01
200600078590,0,10,000,00,2,1,15,A01
200600078591,0,07,000,03,0,9,02,A01
200600078592,0,10,000,00,2,8,10,A01
200600078592,0,02,000,00,2,1,01,B01
200600078593,0,10,000,00,2,4,04,A01
200600078593,0,07,000,00,2,1,02,B01
200600078594,0,07,000,00,2,2,02,A01
200600078594,0,07,000,00,2,6,01,B01
200600078595,0,10,000,00,2,8,01,A01
200600078595,0,07,000,00,2,2,01,B01
200600078596,0,07,000,00,2,2,15,A01
200600078596,0,07,000,00,2,6,01,B01
200600078597,0,07,000,00,2,1,02,A01
200600078597,0,07,000,00,2,4,01,B01
200600078598,0,07,000,00,2,1,15,A01
200600078598,0,01,000,00,2,8,01,B01
200600078599,0,10,000,00,1,2,01,A01
200600078600,0,07,000,15,0,1,00,A01
200600078601,0,31,000,11,0,1,00,A01
200600078602,0,01,000,00,2,8,19,A01
200600078602,0,07,000,00,9,1,02,B01
200600078603,0,32,000,00,1,3,01,A01
200600078604,0,07,000,00,1,2,00,A01
200600078605,0,07,000,00,1,1,01,A01
200600078606,0,01,000,00,2,8,19,A01
200600078606,0,07,000,00,2,1,02,B01
200600078607,0,07,000,00,2,1,02,B01
200600078607,0,07,000,00,2,8,01,A01
200600078608,0,07,000,02,0,1,00,A01
200600078609,0,33,000,08,0,1,14,A01
200600078610,0,10,000,00,2,3,09,A01
200600078610,0,33,000,00,0,3,01,B01
200600078611,0,13,000,00,1,1,17,A01
200600078612,0,10,000,00,1,3,01,A01
200600078613,0,10,000,00,2,1,01,A01
200600078613,0,10,000,00,0,4,01,B01
200600078614,0,02,000,00,0,1,01,B01
200600078614,0,10,000,00,2,2,01,A01
200600078615,0,10,000,00,2,1,09,A01
200600078615,0,01,000,00,0,1,01,B01
200600078616,1,10,000,00,1,1,09,A01
200600078617,0,02,000,00,2,7,14,A01
200600078617,0,10,000,00,0,8,23,B01
200600078618,0,07,000,06,0,2,14,A01
200600078619,0,07,000,01,0,1,13,A01
200600078619,0,07,000,00,2,1,23,B01
200600078620,0,07,000,00,2,7,15,A01
200600078620,0,33,000,00,2,1,01,B01
200600078621,0,07,000,05,2,7,15,A01
200600078621,0,07,000,00,2,1,01,B01
200600078622,0,07,000,00,2,1,15,A01
200600078622,0,33,000,00,2,1,01,B01
200600078623,0,07,000,00,1,2,01,A01
200600078624,0,07,000,00,1,3,01,A01
200600078625,0,37,003,00,2,1,05,A01
200600078625,0,07,000,00,2,3,01,B01
200600078625,0,07,000,00,2,2,01,C01
200600078625,0,07,000,00,2,2,01,D01
200600078626,0,07,000,00,1,3,02,A01
200600078627,0,07,000,00,0,9,02,A01
200600078628,0,10,000,00,2,2,00,A01
200600078628,0,07,000,00,2,3,00,B01
200600078629,0,07,000,00,1,1,00,A01
200600078630,0,07,000,00,1,0,00,A01
200600078631,0,07,000,00,0,0,23,C01
200600078631,0,07,000,00,2,1,01,A01
200600078631,0,07,000,00,0,4,01,B01
200600078632,0,07,000,00,2,1,01,A01
200600078632,0,07,000,00,2,8,15,B01
200600078633,0,07,000,12,0,9,00,A01
200600078634,0,07,000,00,0,3,13,A01
200600078635,0,07,000,04,0,1,00,A01
200600078636,0,07,000,12,0,1,00,A01
200600078637,0,07,000,00,1,1,00,A01
200600078638,0,33,000,14,0,0,01,A01
200600078639,0,07,000,00,2,7,13,A01
200600078639,0,07,000,00,2,1,01,B01
200600078640,0,07,000,00,1,2,01,A01
200600078641,0,33,000,08,0,1,00,A01
200600078642,0,07,000,11,0,1,01,A01
200600078643,0,01,000,00,2,1,01,A01
200600078643,0,07,000,00,9,3,01,B01
200600078644,0,07,000,13,0,0,00,B01