Num_Acc,senc,catv,occutc,obs,obsm,choc,manv,num_veh
200600079014,0,01,000,00,2,1,01,A01
200600079014,0,14,000,00,0,2,15,B01
200600079015,0,07,000,00,0,2,10,A01
200600079015,0,07,000,00,2,2,01,B01
200600079016,0,14,000,00,0,8,22,A01
200600079016,0,32,000,00,2,1,03,B01
200600079016,0,07,000,00,2,8,23,C01
200600079017,0,07,000,08,0,1,01,A01
200600079018,0,07,000,14,0,2,01,A01
200600079019,0,07,000,00,0,8,01,B01
200600079019,0,07,000,00,2,1,01,A01
200600079020,0,07,000,00,0,7,01,A01
200600079020,0,07,000,00,2,1,01,B01
200600079021,0,03,000,00,0,7,01,A01
200600079022,0,07,000,00,2,1,01,A01
200600079022,0,07,000,00,0,4,01,B01
200600079023,0,10,000,00,1,4,04,A01
200600079024,0,07,000,00,1,2,01,A01
200600079025,0,10,000,00,1,1,01,A01
200600079026,0,07,000,00,2,8,15,A01
200600079026,0,32,000,00,2,1,17,B01
200600079027,0,07,000,00,2,2,12,A01
200600079027,0,02,000,00,2,7,01,B01
200600079028,0,10,000,00,2,2,02,A01
200600079028,0,01,000,00,2,4,01,B01
200600079029,0,07,000,00,1,1,15,A01
200600079030,0,02,000,00,2,1,17,A01
200600079030,0,07,000,00,2,2,15,B01
200600079031,0,07,000,00,1,1,01,A01
200600079032,0,07,000,00,1,2,01,A01
200600079033,0,10,000,00,2,2,00,A01
200600079033,0,07,000,01,2,1,01,B01
200600079034,0,07,000,00,2,1,01,A01
200600079034,0,07,000,03,2,3,01,B01
200600079035,0,07,000,00,2,2,01,B01
200600079035,0,07,000,00,2,3,01,A01
200600079036,0,33,000,00,2,1,01,A01
200600079036,0,07,000,00,0,4,01,B01
200600079037,0,33,000,00,2,1,01,A01
200600079037,0,10,000,00,0,8,01,B01
200600079038,0,07,000,00,1,2,01,A01
200600079039,0,07,000,00,1,1,15,A01
200600079040,0,02,000,00,1,1,01,A01
200600079041,0,02,000,00,2,1,01,A01
200600079041,0,07,000,00,2,3,15,B01
200600079042,0,07,000,00,2,3,01,A01
200600079042,0,33,000,00,2,1,01,B01
200600079043,0,07,000,14,2,7,01,A01
200600079043,0,07,000,14,2,1,01,B01
200600079044,0,13,000,14,1,1,01,A01
200600079045,0,10,000,00,1,4,04,A01
200600079046,0,30,000,00,2,8,01,A01
200600079046,0,07,000,00,2,2,16,B01
200600079047,0,07,000,00,1,0,01,A01
200600079048,0,33,000,00,0,8,02,B01
200600079048,0,07,000,00,2,6,15,A01
200600079049,0,10,000,00,1,4,04,A01
200600079050,0,07,000,00,1,2,02,A01
200600079051,0,07,000,00,2,1,02,A01
200600079051,0,02,000,00,2,1,15,B01
200600079052,0,34,000,00,1,1,01,A01
200600079053,0,32,000,00,2,1,01,A01
200600079053,0,07,000,00,2,8,15,B01
200600079054,0,07,000,00,2,1,00,A01
200600079054,0,07,000,00,2,3,00,B01
200600079055,0,07,000,00,1,1,17,A01
200600079056,0,07,000,00,1,8,00,A01
200600079057,0,07,000,12,0,1,00,A01
200600079058,1,07,000,00,2,8,10,A01
200600079058,0,02,000,00,2,8,01,B01
200600079059,0,31,000,00,1,1,21,A01
200600079060,0,33,000,00,1,1,01,A01
200600079061,0,10,000,00,1,1,00,A01
200600079062,0,32,000,00,2,1,01,A01
200600079062,0,07,000,00,2,2,01,B01
200600079063,0,07,000,00,2,8,15,A01
200600079063,0,32,000,00,2,7,17,B01
200600079064,0,02,000,00,2,3,03,A01
200600079064,0,10,000,00,2,5,01,B01
200600079064,0,07,000,00,2,3,01,C01
200600079065,0,07,000,00,1,1,00,A01
200600079066,1,07,000,00,1,2,00,A01
200600079067,0,07,000,00,1,2,01,A01
200600079068,0,07,000,00,1,3,01,A01
200600079069,0,31,000,00,2,1,01,A01
200600079069,0,07,000,00,2,3,15,B01
200600079070,0,07,000,08,0,4,04,A01
200600079071,0,01,000,00,2,7,01,B01
200600079071,0,07,000,00,2,1,09,A01
200600079072,0,07,000,00,1,1,01,A01
200600079073,0,07,000,00,2,5,01,A01
200600079073,0,02,000,00,2,1,01,B01
200600079074,0,07,000,00,1,8,15,A01
200600079075,0,07,000,00,2,3,20,A01
200600079075,0,05,000,00,2,8,02,B01
200600079076,0,07,000,00,2,8,02,B01
200600079076,0,05,000,00,2,8,02,A01
200600079077,0,02,000,00,1,8,02,A01
200600079078,0,05,000,00,2,1,01,A01
200600079078,0,07,000,00,2,8,17,B01
200600079079,0,07,000,00,1,3,01,A01
200600079080,0,07,000,00,1,1,16,A01
200600079081,0,07,000,00,1,2,01,A01
200600079082,0,01,000,00,2,1,02,A01
200600079082,0,07,000,00,2,4,01,B01
200600079083,0,07,000,00,1,1,01,A01
200600079084,0,05,000,00,2,1,01,B01
200600079084,0,07,000,00,2,4,01,A01
200600079085,0,07,000,00,2,3,01,A01
200600079085,0,07,000,00,2,1,01,B01
200600079086,0,07,000,00,2,2,10,A01
200600079086,0,07,000,00,2,3,00,B01
200600079087,0,34,000,00,2,1,00,B01
200600079087,0,07,000,00,2,3,09,A01
200600079088,0,07,000,00,2,8,09,A01
200600079088,0,37,000,00,2,2,19,B01
200600079089,0,07,000,00,2,4,00,A01
200600079089,0,07,000,00,2,1,00,B01
200600079090,0,07,000,00,2,2,00,A01
200600079090,0,07,000,00,2,3,00,B01
200600079091,0,30,000,00,2,6,13,B01
200600079091,1,07,000,00,2,0,00,A01
200600079092,0,07,000,00,2,1,00,A01
200600079092,0,07,000,00,2,3,00,B01
200600079093,0,07,000,00,2,2,00,A01
200600079093,0,07,000,00,2,1,00,D01
200600079093,0,07,000,00,2,1,00,B01
200600079093,0,07,000,00,2,4,00,C01
200600079094,0,07,000,00,1,1,01,A01
200600079095,0,33,000,00,1,1,01,A01
200600079096,0,30,000,00,2,1,00,A01
200600079096,0,07,000,00,2,3,00,B01
200600079097,0,07,000,00,2,3,09,A01
200600079097,0,07,000,00,2,0,00,B01
200600079098,0,33,000,00,1,0,00,A01
200600079099,0,07,000,00,2,1,15,A01
200600079099,0,33,000,00,2,1,02,B01
200600079100,0,07,000,00,2,1,15,A01
200600079100,0,07,000,00,2,1,01,B01
200600079101,0,07,000,00,9,2,02,A01
200600079101,0,32,000,00,2,4,02,B01
200600079102,0,31,000,00,2,1,01,A01
200600079102,0,07,000,00,9,2,14,B01
200600079103,0,07,000,00,9,1,01,A01
200600079103,0,07,000,00,9,1,23,C01
200600079103,0,02,000,00,2,1,02,B01
200600079104,0,07,000,00,1,4,04,A01
200600079105,0,30,000,00,2,2,17,B01
200600079105,0,07,000,00,9,8,02,A01
200600079106,0,10,000,00,9,3,15,A01
200600079106,0,34,000,00,2,1,17,B01
200600079107,0,07,000,00,1,3,15,A01
200600079108,0,07,000,00,2,1,15,A01
200600079108,0,07,000,00,2,1,02,B01
200600079109,0,07,000,00,2,1,02,A01
200600079109,0,07,000,00,2,4,23,B01
200600079109,0,07,000,00,2,4,23,C01
200600079110,0,07,000,00,2,2,09,A01
200600079110,0,31,000,06,2,2,02,B01
200600079111,0,37,009,00,1,2,16,A01
200600079112,0,07,000,00,2,2,14,A01
200600079112,0,37,009,00,2,3,01,B01
200600079113,0,07,000,00,9,3,13,A01
200600079113,0,33,000,00,2,1,17,B01
200600079114,0,07,000,00,9,2,15,A01
200600079114,0,30,000,00,2,1,01,B01
200600079115,0,07,000,00,1,8,13,A01
200600079116,0,07,000,00,2,8,15,A01
200600079116,0,07,000,00,2,1,01,B01
200600079117,0,33,000,00,2,1,02,A01
200600079117,0,07,000,00,2,5,23,B01
200600079118,0,07,000,00,9,2,10,A01
200600079118,0,32,000,00,2,1,01,B01
200600079119,0,07,000,00,1,2,01,A01
200600079120,0,07,000,00,2,8,15,A01
200600079120,0,31,000,00,2,1,01,B01
200600079121,0,31,000,00,2,1,01,A01
200600079121,0,10,000,00,2,2,15,B01
200600079122,0,33,000,00,2,2,15,A01
200600079123,0,07,000,00,2,3,15,A01
200600079123,0,33,000,00,2,1,17,B01
200600079124,0,07,000,00,2,2,15,A01
200600079124,0,33,000,00,2,1,01,B01
200600079125,0,07,000,00,2,1,01,A01
200600079125,0,07,000,00,2,5,00,B01
200600079126,0,07,000,00,1,1,01,A01
200600079127,1,30,000,00,1,1,16,A01
200600079128,1,07,000,00,1,2,01,A01
200600079129,0,10,000,00,2,3,09,A01
200600079129,0,32,000,00,2,1,01,B01
200600079130,0,07,000,00,1,8,01,A01
200600079131,0,07,000,00,1,1,01,A01
200600079132,0,07,000,00,2,1,15,A01
200600079132,0,07,000,00,2,1,01,B01
200600079133,0,07,000,00,2,2,15,A01
200600079133,0,32,000,00,2,1,01,B01
200600079134,0,07,000,00,2,1,15,A01
200600079134,0,33,000,00,2,8,01,B01
200600079135,0,07,000,00,1,1,01,A01
200600079136,0,07,000,00,1,2,01,A01
200600079137,0,01,000,01,0,1,01,B01
200600079138,0,33,000,00,2,1,02,A01
200600079138,0,07,000,00,2,5,02,B01
200600079139,0,02,000,00,2,1,02,A01
200600079139,0,07,000,00,2,6,23,B01
200600079140,0,31,000,00,2,1,01,A01
200600079140,0,07,000,00,2,8,09,B01
200600079141,0,07,000,00,2,8,15,A01
200600079141,0,32,000,00,2,1,01,B01
200600079142,0,07,000,00,1,2,15,A01
200600079143,0,07,000,00,0,0,13,A01
200600079143,0,33,000,00,0,0,01,B01
200600079144,0,31,000,00,2,8,01,A01
200600079145,0,07,000,00,2,8,15,A01
200600079145,0,30,000,00,2,2,01,B01
200600079146,0,33,000,00,1,1,01,A01
200600079147,0,31,000,00,1,1,01,A01
200600079148,0,07,000,00,2,2,01,A01
200600079148,0,07,000,00,2,5,01,B01
200600079149,0,07,000,00,2,7,01,A01
200600079149,0,34,000,00,2,1,01,B01
200600079150,0,07,000,00,2,8,09,A01
200600079150,0,30,000,00,2,1,01,B01
200600079151,0,07,000,00,1,0,01,A01
200600079152,0,02,000,00,2,1,01,A01
200600079152,0,07,000,00,0,4,23,B01
200600079153,0,07,000,00,2,1,01,A01
200600079153,0,07,000,06,2,6,15,B01
200600079154,0,07,000,00,2,1,15,A01
200600079154,0,32,000,00,2,1,01,B01
200600079155,0,07,000,00,0,4,01,A01
200600079155,0,07,000,00,2,1,01,B01
200600079156,0,31,000,00,0,0,16,A01
200600079157,0,07,000,00,1,2,01,A01
200600079158,0,33,000,00,1,0,01,A01
200600079158,0,07,000,00,0,2,01,B01
200600079159,0,10,000,00,0,1,01,A01
200600079159,0,07,000,00,0,4,23,B01
200600079160,0,02,000,00,0,0,01,B01
200600079160,0,20,000,00,0,0,01,C01
200600079160,0,02,000,00,0,0,01,A01
200600079161,0,07,000,00,0,3,09,A01
200600079161,0,07,000,00,0,2,01,B01
200600079162,0,07,000,00,0,7,15,A01
200600079162,0,30,000,00,2,0,01,B01
200600079163,0,33,000,00,0,0,01,A01
200600079163,0,07,000,00,0,4,01,B01
200600079163,0,07,000,00,0,3,01,C01
200600079164,0,07,000,00,0,3,01,A01
200600079164,0,07,000,00,0,3,01,B01
200600079165,0,37,001,14,0,1,13,A01
200600079165,0,07,000,00,0,1,01,B01
200600079166,0,33,000,00,0,1,01,A01
200600079167,0,02,000,00,0,0,01,A01
200600079167,0,07,000,00,0,2,01,B01
200600079168,0,31,000,00,0,4,01,A01
200600079168,0,07,000,00,0,1,01,B01
200600079169,0,07,000,00,0,2,15,A01
200600079169,0,31,000,00,0,1,01,B01
200600079170,0,02,000,00,0,0,09,A01
200600079170,0,07,000,00,0,1,01,B01
200600079171,0,07,000,00,1,1,01,A01
200600079172,0,07,000,00,0,1,15,A01
200600079172,0,07,000,00,0,1,01,B01
200600079173,0,07,000,00,2,7,14,A01
200600079173,0,33,000,00,2,7,01,B01
200600079174,0,10,000,00,0,3,23,A01
200600079174,0,01,000,01,0,1,01,B01
200600079175,0,07,000,00,0,3,13,A01
200600079175,0,07,000,00,2,3,01,B01
200600079176,0,33,000,00,2,1,01,A01
200600079176,0,07,000,00,0,4,01,B01
200600079177,0,31,000,00,0,1,17,A01
200600079177,0,07,000,00,0,1,01,B01
200600079178,0,31,000,00,0,1,01,A01
200600079178,0,07,000,00,0,1,01,B01
200600079179,0,07,000,00,0,4,04,A01
200600079179,0,07,000,00,2,8,01,B01
200600079180,0,10,000,00,1,0,01,A01
200600079181,0,07,000,00,1,1,15,A01
200600079182,0,37,002,00,1,5,01,A01
200600079183,1,30,000,00,1,1,01,A01
200600079184,0,07,000,00,1,1,01,A01
200600079185,0,07,000,00,1,3,01,A01
200600079186,0,13,000,00,0,0,12,A01
200600079186,0,33,000,00,0,8,02,B01
200600079187,0,02,000,00,2,1,19,A01
200600079187,0,07,000,00,2,8,01,B01
200600079188,0,07,000,00,1,1,15,A01
200600079189,0,30,000,00,2,1,16,A01
200600079189,0,33,000,00,2,1,01,B01
200600079190,0,07,000,00,1,1,01,A01
200600079191,0,07,000,00,2,3,15,A01
200600079191,0,30,000,00,2,3,01,B01
200600079192,0,07,000,00,2,4,01,B01
200600079192,0,07,000,00,2,1,01,A01
200600079193,0,30,000,00,1,1,01,A01
200600079194,1,07,000,00,2,8,02,A01
200600079194,0,33,000,00,2,7,02,B01
200600079195,0,34,000,00,2,8,01,A01
200600079195,1,10,000,00,2,0,12,B01
200600079196,0,31,000,00,2,1,13,A01
200600079196,0,30,000,00,2,1,01,B01
200600079197,0,30,000,00,2,1,17,A01
200600079197,0,07,000,00,2,1,15,B01
200600079198,0,07,000,00,1,4,04,A01
200600079199,0,02,000,14,0,1,02,A01
200600079200,0,07,000,00,2,6,15,A01
200600079200,0,33,000,00,2,1,01,B01
200600079201,0,33,000,00,2,1,01,A01
200600079201,0,10,000,00,2,6,23,B01
200600079202,0,07,000,00,2,1,01,A01
200600079202,0,07,000,00,2,4,23,B01
200600079202,0,07,000,00,2,4,23,C01
200600079203,0,32,000,00,1,1,01,A01
200600079204,0,07,000,00,2,1,05,A01
200600079204,0,02,000,00,2,1,01,B01
200600079205,0,07,000,00,2,1,01,A01
200600079205,0,07,000,00,2,4,01,B01
200600079206,0,30,000,00,2,2,01,A01
200600079206,0,07,000,00,2,3,15,B01
200600079207,0,07,000,00,1,1,15,A01
200600079208,0,07,000,02,0,0,01,A01
200600079209,0,33,000,00,2,1,01,A01
200600079209,0,07,000,00,2,6,15,B01
200600079210,0,07,000,00,2,3,01,A01
200600079210,0,30,000,00,2,1,16,B01
200600079211,0,32,000,00,1,1,01,A01
200600079212,0,07,000,00,1,1,01,A01
200600079213,0,07,000,00,2,2,15,A01
200600079213,0,30,000,00,2,1,01,B01
200600079214,0,33,000,00,2,1,01,A01
200600079214,0,07,000,00,2,8,15,B01
200600079215,0,07,000,08,0,1,01,A01
200600079216,0,07,000,00,1,1,01,A01
200600079217,0,07,000,00,2,3,01,A01
200600079217,0,33,000,00,2,5,01,B01
200600079218,0,02,000,00,2,1,01,A01
200600079218,0,07,000,00,2,4,01,B01
200600079219,0,07,000,00,1,1,01,A01
200600079220,0,05,000,00,2,3,01,A01
200600079220,0,07,000,00,2,2,01,B01
200600079221,0,07,000,00,1,1,01,A01
200600079222,0,07,000,11,0,1,01,A01
200600079223,0,30,000,00,2,0,17,A01
200600079223,0,07,000,00,2,8,01,B01
200600079223,0,10,000,00,0,0,09,C01
200600079224,0,07,000,00,1,7,01,A01
200600079225,0,07,000,00,2,5,15,A01
200600079225,0,02,000,00,2,1,01,B01
200600079226,0,33,000,00,2,2,17,A01
200600079226,0,07,000,00,2,3,15,B01
200600079227,0,02,000,16,0,8,01,A01
200600079228,0,07,000,00,2,5,15,A01
200600079228,0,02,000,00,2,1,01,B01
200600079229,0,02,000,00,0,7,01,A01
200600079230,0,07,000,08,2,1,01,A01
200600079231,0,02,000,00,2,1,01,A01
200600079231,0,07,000,00,2,4,23,B01
200600079232,0,31,000,00,2,1,18,A01
200600079232,0,07,000,00,2,5,23,B01
200600079233,0,07,000,00,1,1,01,A01
200600079234,0,02,000,00,2,1,01,B01
200600079234,0,02,000,00,2,8,15,A01
200600079235,0,07,000,00,1,1,15,A01
200600079236,0,30,000,00,2,1,17,A01
200600079236,0,07,000,00,2,3,15,B01
200600079237,0,30,000,00,2,1,01,A01
200600079237,0,07,000,00,2,4,23,B01
200600079238,0,02,000,15,0,1,01,A01
200600079239,0,07,000,04,0,1,00,A01
200600079240,0,30,000,00,2,8,17,A01
200600079240,0,07,000,00,2,3,01,B01
200600079240,0,07,000,00,2,3,01,C01
200600079241,0,02,000,00,0,3,01,A01
200600079242,0,07,000,00,2,3,05,A01
200600079242,0,34,000,00,2,1,00,B01
200600079243,0,30,000,01,0,1,01,A01
200600079244,0,31,000,00,2,1,17,A01
200600079244,0,07,000,00,2,2,16,B01
200600079245,0,07,000,00,2,5,15,A01
200600079245,0,31,000,00,2,7,01,B01
200600079246,0,10,000,00,2,1,02,A01
200600079246,0,33,000,00,2,4,02,B01
200600079247,0,31,000,00,2,8,00,A01
200600079247,1,07,000,00,2,0,00,B01
200600079248,0,07,000,00,2,0,00,A01
200600079248,0,07,000,00,2,0,00,B01
200600079249,0,07,000,00,2,2,00,A01
200600079249,0,33,000,00,2,1,01,B01
200600079250,0,32,000,00,2,3,00,A01
200600079250,0,07,000,00,2,5,00,B01
200600079251,0,07,000,00,1,1,01,A01
200600079252,0,07,000,04,0,9,02,A01
200600079253,0,07,000,04,0,1,01,A01
200600079254,0,07,000,00,0,1,02,A01
200600079254,0,30,000,00,0,3,00,B01
200600079255,0,07,000,00,0,1,15,A01
200600079255,0,07,000,00,0,3,01,B01
200600079256,0,07,000,00,0,5,12,A01
200600079256,0,37,015,00,0,0,01,B01
200600079257,0,30,000,00,2,0,00,B01
200600079257,0,07,000,00,2,2,00,A01
200600079258,0,37,000,00,1,1,02,A01
200600079259,0,37,000,01,0,6,23,B01
200600079259,0,10,000,00,9,6,12,A01
200600079260,2,07,000,01,0,1,01,A01
200600079261,0,07,000,00,1,1,01,A01
200600079262,2,07,000,00,2,1,01,A01
200600079262,0,07,000,00,0,8,01,B01
200600079263,1,07,000,00,1,0,00,A01
200600079264,1,10,000,00,1,1,00,A01
200600079265,0,07,000,00,2,3,21,A01
200600079265,2,07,000,00,2,2,00,B01
200600079266,0,10,000,00,1,2,00,A01
200600079267,0,07,000,00,2,1,01,A01
200600079267,0,07,000,00,2,7,15,B01
200600079268,0,07,000,00,2,2,02,A01
200600079268,0,07,000,00,2,3,02,B01
200600079269,0,07,000,00,2,1,02,A01
200600079269,0,07,000,00,2,7,15,B01
200600079270,0,07,000,00,2,2,01,A01
200600079270,0,07,000,00,2,8,19,B01
200600079271,0,07,000,00,2,1,15,A01
200600079271,0,30,000,00,2,8,01,B01
200600079272,0,32,000,00,2,0,01,A01
200600079272,0,07,000,00,0,3,09,B01
200600079273,0,07,000,14,0,6,01,B01
200600079273,0,30,000,14,0,1,01,A01
200600079274,0,07,000,00,1,4,04,A01
200600079275,0,01,000,00,2,7,02,A01
200600079275,0,07,000,00,9,8,01,B01
200600079276,0,07,000,00,0,0,01,B01
200600079276,0,07,000,00,0,1,01,A01
200600079277,0,07,000,00,1,2,01,A01
200600079278,0,07,000,00,1,3,15,A01
200600079279,0,07,000,00,0,2,15,A01
200600079279,0,07,000,00,2,1,01,B01
200600079280,0,07,000,00,2,3,21,A01
200600079280,0,10,000,00,2,3,01,B01
200600079281,0,07,000,00,2,2,01,A01
200600079281,0,07,000,00,2,1,01,B01
200600079282,0,07,000,01,0,1,01,A01
200600079282,0,15,000,00,2,4,24,B01
200600079283,0,07,000,00,1,1,00,A01
200600079284,0,07,000,00,1,2,01,A01
200600079285,0,07,000,00,0,3,01,A01
200600079286,0,40,000,00,4,1,01,A01
200600079287,0,07,000,00,2,7,14,A01
200600079287,0,15,000,00,2,3,02,B01
200600079288,0,07,000,06,2,3,21,B01
200600079288,0,07,000,00,2,5,04,A01
200600079289,0,07,000,12,0,1,01,A01
200600079290,0,07,000,00,0,5,21,A01
200600079290,0,13,000,00,2,5,02,B01
200600079290,0,07,000,00,2,1,02,C01
200600079291,0,07,000,00,0,2,14,A01
200600079291,0,30,000,00,2,7,14,B01
200600079292,0,07,000,00,2,1,00,A01
200600079292,0,07,000,00,2,2,00,B01
200600079293,0,07,000,00,1,1,00,A01
200600079294,0,07,000,00,0,4,01,B01
200600079294,0,07,000,00,2,1,01,A01
200600079295,0,07,000,00,9,1,12,A01
200600079295,0,01,000,00,2,4,01,B01
200600079296,0,07,000,00,2,8,02,A01
200600079296,0,07,000,00,2,2,09,B01
200600079297,1,07,000,00,2,1,00,A01
200600079297,0,07,000,00,0,6,00,B01
200600079298,0,30,000,00,2,4,02,B01
200600079298,0,07,000,00,9,1,02,A01
200600079299,0,07,000,00,1,3,02,A01
200600079300,0,32,000,00,2,4,23,B01
200600079300,0,07,000,00,2,1,02,A01
200600079301,0,07,000,00,0,4,02,B01
200600079301,0,07,000,00,2,4,02,A01
200600079302,0,07,000,00,0,1,02,A01
200600079302,0,10,000,00,0,4,02,B01
200600079303,0,07,000,00,2,2,00,B01
200600079303,0,07,000,00,2,3,00,A01
200600079304,0,07,000,00,2,2,01,A01
200600079304,0,07,000,01,0,6,11,B01
200600079305,0,07,000,00,1,1,01,A01
200600079306,0,07,000,00,2,1,01,A01
200600079306,0,07,000,00,2,3,15,B01
200600079307,0,02,000,00,2,1,01,A01
200600079307,0,07,000,00,2,3,15,B01
200600079308,1,07,000,00,2,0,22,A01
200600079308,0,01,000,01,2,0,01,B01
200600079309,0,07,000,00,2,3,01,A01
200600079309,0,07,000,00,2,5,23,B01
200600079310,0,05,000,00,2,1,01,A01
200600079310,0,07,000,00,2,1,15,B01
200600079311,0,07,000,00,2,1,01,B01
200600079311,0,13,000,00,2,3,15,A01
200600079312,0,10,000,00,2,1,19,A01
200600079312,0,07,000,00,2,3,01,B01
200600079313,0,07,000,00,1,1,01,A01
200600079314,0,07,000,00,1,1,01,A01
200600079315,0,33,000,00,2,1,01,A01
200600079315,0,07,000,00,2,1,00,B01
200600079316,0,07,000,00,2,3,01,B01
200600079316,0,02,000,00,2,3,01,A01
200600079317,0,07,000,00,1,2,01,A01
200600079318,0,32,000,00,0,1,01,B01
200600079318,0,07,000,00,0,2,01,A01
200600079319,0,02,000,00,0,6,00,A01
200600079319,0,07,000,00,0,0,00,B01
200600079320,0,07,000,01,0,1,01,A01
200600079321,0,07,000,00,0,3,20,A01
200600079321,0,31,000,00,2,1,02,B01
200600079322,0,07,000,00,0,2,09,A01
200600079322,0,34,000,01,0,8,00,B01
200600079323,0,07,000,00,2,1,02,A01
200600079323,0,07,000,00,2,4,02,B01
200600079324,0,33,000,00,1,1,02,A01
200600079325,0,02,000,00,2,8,18,A01
200600079325,0,10,000,00,2,7,15,B01
200600079326,0,33,000,00,2,1,01,B01
200600079326,1,07,000,00,2,0,15,A01
200600079327,0,07,000,01,2,6,00,A01
200600079327,0,07,000,00,2,3,00,B01
200600079327,0,07,000,00,2,1,01,C01
200600079327,0,07,000,00,2,2,01,D01
200600079328,0,07,000,00,2,1,01,A01
200600079328,0,07,000,00,2,1,01,B01
200600079329,0,07,000,00,1,5,02,B01
200600079329,0,01,000,00,2,1,02,A01
200600079330,0,33,000,00,2,8,01,B01
200600079330,0,07,000,00,2,3,15,A01
200600079331,0,07,000,00,2,7,01,A01
200600079331,0,07,000,08,2,7,01,B01
200600079332,0,07,000,00,2,1,15,A01
200600079332,0,07,000,03,0,3,01,B01
200600079333,0,01,000,00,0,2,00,B01
200600079333,0,07,000,00,0,3,09,A01
200600079334,0,33,000,01,0,1,00,A01
200600079335,0,07,000,00,0,1,01,A01
200600079335,0,07,000,00,0,8,01,B01
200600079336,0,07,000,00,2,1,01,A01
200600079336,0,33,000,00,2,3,01,B01
200600079337,0,07,000,00,2,1,02,A01
200600079337,0,07,000,00,0,4,01,B01
200600079338,0,30,000,00,1,1,02,A01
200600079339,0,30,000,00,0,0,00,A01
200600079340,0,07,000,00,0,2,01,A01
200600079341,0,14,000,01,1,7,00,A01
200600079342,0,32,000,00,2,8,13,A01
200600079342,0,07,000,00,0,5,14,B01
200600079343,0,07,000,00,9,3,15,A01
200600079343,0,05,000,00,2,1,01,B01
200600079344,0,07,000,00,2,3,02,A01
200600079344,0,10,000,00,2,3,15,B01
200600079345,0,07,000,00,1,1,01,A01
200600079346,0,07,000,00,9,2,15,A01
200600079346,0,01,000,00,2,1,01,B01
200600079347,0,02,000,00,2,1,01,A01
200600079347,0,07,000,00,2,6,01,B01
200600079348,0,07,000,00,2,1,01,A01
200600079348,0,07,000,00,2,4,01,B01
200600079348,0,07,000,00,2,4,01,C01
200600079348,0,07,000,00,2,4,01,D01
200600079349,0,07,000,08,0,6,01,A01
200600079350,0,07,000,09,0,3,01,A01
200600079351,0,18,015,00,2,2,01,A01
200600079351,0,07,000,00,2,8,16,B01
200600079352,0,07,000,00,2,1,15,A01
200600079352,0,05,000,00,2,8,02,B01
200600079353,0,02,000,00,2,2,01,B01
200600079353,0,07,000,00,2,1,01,A01
200600079354,0,04,000,07,0,1,01,A01
200600079355,0,07,000,00,0,0,12,A01
200600079355,0,05,000,00,0,0,00,B01
200600079356,0,07,000,01,0,1,01,A01
200600079357,0,07,000,00,2,3,12,A01
200600079357,0,07,000,00,2,5,23,B01
200600079358,0,07,000,00,1,1,01,A01
200600079359,0,32,000,00,2,2,15,B01
200600079359,0,07,000,00,2,3,15,A01
200600079360,0,07,000,00,2,7,00,A01
200600079360,0,07,000,00,2,1,00,B01
200600079361,0,07,000,00,2,8,15,B01
200600079361,0,32,000,00,2,2,17,A01
200600079362,0,13,000,00,1,2,01,A01
200600079363,1,07,000,00,0,0,00,A01
200600079364,0,07,000,00,2,2,15,A01
200600079364,0,02,000,00,2,3,16,B01
200600079365,0,07,000,00,1,3,15,A01
200600079366,0,07,000,00,1,2,01,A01
200600079367,0,07,000,09,0,1,01,A01
200600079367,0,07,000,00,0,8,01,B01
200600079368,0,07,000,00,9,2,09,A01
200600079368,0,01,000,09,2,8,01,B01
200600079369,0,07,000,01,0,3,00,A01
200600079370,0,30,000,00,2,8,03,A01
200600079370,0,07,000,00,2,7,01,B01
200600079370,0,14,000,00,2,8,01,C01
200600079371,0,07,000,00,1,8,02,A01
200600079372,0,07,000,00,2,3,15,B01
200600079372,0,07,000,00,2,5,02,A01
200600079373,0,07,000,01,0,1,02,A01
200600079373,0,37,000,00,0,4,23,B01
200600079374,0,02,000,00,0,1,01,A01
200600079375,0,30,000,01,0,1,03,A01
200600079376,0,07,000,08,0,2,02,A01
200600079377,0,07,000,00,2,1,01,A01
200600079377,0,07,000,00,2,3,02,B01
200600079378,0,07,000,14,0,1,02,A01
200600079378,0,07,000,14,0,4,02,B01
200600079378,0,07,000,14,0,4,01,C01
200600079378,0,07,000,14,0,4,01,D01
200600079379,0,07,000,00,2,1,09,B01
200600079379,0,07,000,01,2,1,00,A01
200600079380,1,07,000,00,0,6,01,A01
200600079380,0,02,000,00,0,6,01,B01
200600079381,0,34,000,00,2,1,02,A01
200600079381,0,07,000,00,0,5,02,B01
200600079382,0,07,000,00,2,1,02,A01
200600079382,0,07,000,00,0,4,02,B01
200600079383,0,07,000,00,1,3,00,B01
200600079384,0,07,000,00,4,2,00,A01
200600079384,0,40,000,00,4,3,01,B01
200600079385,0,07,000,00,0,0,15,A01
200600079385,0,32,000,00,0,7,01,B01
200600079386,1,07,000,00,0,0,00,A01
200600079387,0,07,000,00,0,4,02,B01
200600079387,0,07,000,00,2,1,02,A01
200600079388,0,17,000,01,0,5,16,B01
200600079389,0,34,000,00,2,0,21,A01
200600079389,1,32,000,00,0,0,00,B01
200600079390,0,32,000,00,0,7,01,B01
200600079390,0,07,000,00,0,3,15,A01
200600079391,0,07,000,00,2,3,00,B01