Num_Acc,senc,catv,occutc,obs,obsm,choc,manv,num_veh
200600079391,0,30,000,00,2,3,00,A01
200600079392,0,07,000,01,0,2,01,A01
200600079393,0,07,000,00,2,1,13,A01
200600079393,0,07,000,00,2,1,01,B01
200600079394,0,07,000,00,9,3,01,A01
200600079394,0,01,000,01,0,1,01,B01
200600079395,0,07,000,00,1,5,01,A01
200600079396,0,07,000,00,0,8,15,A01
200600079396,0,33,000,00,2,2,21,B01
200600079397,0,07,000,02,2,1,01,B01
200600079397,0,07,000,02,2,9,01,A01
200600079398,0,07,000,00,2,2,01,B01
200600079398,0,07,000,00,2,1,01,A01
200600079399,0,07,000,01,0,1,01,A01
200600079399,0,07,000,00,2,4,24,B01
200600079400,0,07,000,00,2,7,15,A01
200600079400,0,33,000,00,2,1,01,B01
200600079401,0,07,000,00,2,4,01,A01
200600079401,0,07,000,00,2,1,01,B01
200600079402,0,14,000,00,1,3,15,A01
200600079403,0,07,000,00,2,1,11,A01
200600079403,0,07,000,00,2,1,11,B01
200600079404,0,07,000,00,2,1,05,A01
200600079404,0,07,000,00,2,3,02,B01
200600079404,0,07,000,00,2,3,02,C01
200600079405,0,14,000,00,4,5,10,A01
200600079405,0,40,000,00,2,3,01,B01
200600079406,0,07,000,00,1,1,02,A01
200600079407,0,34,000,00,2,1,01,A01
200600079407,0,07,000,00,9,7,15,B01
200600079408,0,07,000,00,1,1,05,A01
200600079408,0,07,000,00,2,1,16,B01
200600079409,0,07,000,00,1,7,21,A01
200600079410,0,07,000,00,9,4,02,B01
200600079410,0,01,000,00,2,1,02,A01
200600079411,0,33,000,00,2,1,02,A01
200600079411,0,10,000,00,2,7,02,B01
200600079412,0,07,000,00,1,1,00,A01
200600079413,0,07,000,00,1,3,01,A01
200600079414,0,07,000,09,2,2,01,A01
200600079414,2,07,000,09,2,2,00,B01
200600079415,0,07,000,00,2,1,00,A01
200600079415,0,07,000,00,2,6,01,B01
200600079416,0,07,000,01,0,1,02,A01
200600079416,0,07,000,01,2,4,24,B01
200600079417,0,07,000,00,2,1,02,A01
200600079417,0,07,000,00,2,4,02,B01
200600079418,1,30,000,00,1,0,00,A01
200600079419,0,30,000,00,2,0,00,A01
200600079420,0,07,000,00,1,1,02,A01
200600079421,0,14,000,00,1,1,01,A01
200600079422,0,33,000,00,2,1,02,A01
200600079422,0,07,000,00,2,4,02,B01
200600079423,0,10,000,00,1,2,01,B01
200600079424,0,07,000,00,2,0,01,A01
200600079424,0,07,000,01,0,0,20,B01
200600079425,2,07,000,00,2,1,17,A01
200600079425,0,07,000,00,2,3,15,B01
200600079426,0,07,000,00,1,1,00,A01
200600079427,0,07,000,00,1,3,15,A01
200600079428,0,07,000,00,1,1,00,A01
200600079429,1,07,000,00,1,1,01,A01
200600079430,0,01,000,00,2,8,00,A01
200600079430,1,07,000,00,1,0,00,B01
200600079431,0,07,000,00,0,1,15,A01
200600079431,0,07,000,00,0,3,01,B01
200600079432,0,07,000,00,1,3,01,A01
200600079433,0,07,000,00,2,1,05,A01
200600079434,0,07,000,00,1,3,01,A01
200600079435,0,07,000,00,1,1,11,A01
200600079436,0,10,000,14,0,2,02,A01
200600079437,0,07,000,00,0,1,13,B01
200600079437,0,07,000,00,0,0,01,A01
200600079438,0,07,000,06,2,2,01,B01
200600079438,0,10,000,00,2,1,01,A01
200600079439,0,07,000,00,2,1,01,A01
200600079439,0,07,000,00,0,4,15,B01
200600079440,0,07,000,01,0,2,01,A01
200600079441,0,07,000,00,1,3,01,A01
200600079442,1,07,000,00,2,2,01,A01
200600079442,0,33,000,00,0,4,01,B01
200600079443,0,07,000,00,2,1,02,A01
200600079443,0,07,000,00,2,6,02,B01
200600079443,0,07,000,00,2,4,02,C01
200600079444,0,02,000,00,2,1,01,B01
200600079444,0,07,000,00,2,3,09,A01
200600079445,0,07,000,00,0,2,02,A01
200600079445,0,01,000,00,0,4,12,B01
200600079446,0,07,000,00,2,1,06,A01
200600079446,0,07,000,00,2,1,01,B01
200600079447,0,07,000,00,2,3,10,A01
200600079447,0,02,000,00,2,1,17,B01
200600079448,0,02,000,00,1,1,01,A01
200600079449,0,07,000,00,2,2,15,A01
200600079449,0,32,000,00,2,1,01,B01
200600079450,0,07,000,01,0,1,02,A01
200600079451,0,07,000,00,2,0,02,A01
200600079451,0,07,000,13,2,9,02,B01
200600079452,0,07,000,00,1,3,02,A01
200600079453,0,07,000,00,2,8,11,A01
200600079453,0,33,000,14,2,7,01,B01
200600079453,0,07,000,00,2,4,23,C01
200600079454,0,07,000,00,2,1,01,A01
200600079454,0,07,000,00,2,1,01,B01
200600079455,0,07,000,00,1,3,00,A01
200600079456,0,07,000,14,2,1,02,B01
200600079456,0,07,000,16,2,8,15,A01
200600079457,0,07,000,00,2,4,01,B01
200600079457,0,07,000,00,2,1,01,A01
200600079458,0,07,000,00,2,1,01,B01
200600079458,0,07,000,00,2,8,00,A01
200600079459,0,10,000,00,2,3,01,A01
200600079459,0,33,000,00,2,1,21,B01
200600079460,0,07,000,00,2,8,10,A01
200600079460,0,07,000,00,2,1,02,B01
200600079461,0,07,000,00,2,1,01,A01
200600079461,0,07,000,00,2,1,01,B01
200600079462,0,10,000,00,0,4,16,C01
200600079462,0,10,000,00,2,1,02,B01
200600079462,0,10,000,00,2,1,02,A01
200600079463,2,10,000,08,0,0,00,A01
200600079463,0,07,000,02,0,0,00,B01
200600079464,0,07,000,00,2,1,01,A01
200600079464,0,07,000,00,2,1,01,B01
200600079465,0,07,000,00,1,1,02,A01
200600079466,0,07,000,00,1,3,15,A01
200600079467,0,07,000,00,2,3,02,A01
200600079467,0,33,000,00,2,5,16,B01
200600079468,0,07,000,00,2,8,15,A01
200600079468,0,07,000,00,2,2,01,B01
200600079469,0,18,000,00,2,3,01,B01
200600079469,1,10,000,00,2,6,10,A01
200600079470,0,07,000,00,2,1,15,A01
200600079470,0,07,000,00,2,3,01,B01
200600079471,0,32,000,00,9,7,02,B01
200600079471,0,07,000,00,9,1,15,A01
200600079472,0,07,000,00,2,4,02,A01
200600079472,0,07,000,00,2,4,02,B01
200600079472,0,07,000,00,2,4,02,C01
200600079473,0,07,000,00,2,1,01,A01
200600079473,0,07,000,00,2,7,01,B01
200600079474,0,07,000,00,2,2,17,A01
200600079474,0,07,000,00,2,8,15,B01
200600079475,0,07,000,00,1,1,01,A01
200600079476,0,01,000,00,1,1,00,A01
200600079477,0,07,000,00,2,3,01,A01
200600079477,0,30,000,00,2,1,01,B01
200600079478,0,07,000,00,2,1,01,A01
200600079478,0,07,000,00,2,4,02,B01
200600079478,0,07,000,00,0,4,02,C01
200600079479,0,07,000,00,2,1,02,A01
200600079479,0,07,000,00,1,4,02,B01
200600079480,0,07,000,00,2,1,01,A01
200600079480,0,07,000,00,0,4,02,B01
200600079481,0,07,000,00,1,1,01,A01
200600079482,0,07,000,00,2,1,00,A01
200600079482,0,07,000,00,2,4,00,B01
200600079483,0,32,000,00,1,1,01,A01
200600079484,1,07,000,00,2,1,02,A01
200600079484,0,07,000,00,2,4,23,B01
200600079485,0,07,000,00,2,1,15,A01
200600079485,0,07,000,08,2,7,01,B01
200600079486,0,30,000,00,1,1,00,A01
200600079487,0,07,000,00,2,1,00,A01
200600079487,0,07,000,00,2,4,00,B01
200600079488,0,07,000,00,2,2,00,A01
200600079488,0,33,000,00,2,3,00,B01
200600079489,0,33,000,01,2,1,00,A01
200600079489,0,07,000,00,2,1,00,B01
200600079490,0,30,000,00,0,8,17,A01
200600079491,0,07,000,00,2,1,09,A01
200600079491,0,14,000,00,2,3,01,B01
200600079492,0,07,000,09,0,1,00,A01
200600079493,0,07,000,14,2,1,01,A01
200600079493,0,07,000,00,2,4,02,B01
200600079494,0,33,000,00,0,2,02,A01
200600079495,0,07,000,00,2,1,00,A01
200600079495,0,07,000,00,2,4,00,B01
200600079496,0,07,000,00,2,2,00,A01
200600079496,0,07,000,00,2,1,00,B01
200600079496,0,07,000,00,2,4,00,C01
200600079497,0,02,000,00,2,4,01,A01
200600079497,0,07,000,00,2,1,15,B01
200600079498,0,34,000,00,9,1,00,A01
200600079499,0,30,000,00,2,1,00,A01
200600079499,0,01,000,00,2,1,00,B01
200600079500,0,07,000,00,2,1,00,A01
200600079500,0,07,000,00,2,1,00,B01
200600079501,0,07,000,00,2,1,00,A01
200600079501,0,02,000,00,2,1,01,B01
200600079502,0,34,000,00,2,4,00,A01
200600079502,0,07,000,00,2,1,02,B01
200600079503,0,07,000,06,0,1,00,A01
200600079504,0,33,000,00,2,4,02,A01
200600079504,0,07,000,00,0,6,23,B01
200600079504,0,07,000,00,0,4,23,C01
200600079505,0,07,000,00,2,9,18,A01
200600079505,0,07,000,00,2,2,02,B01
200600079505,0,07,000,00,2,3,02,C01
200600079506,0,30,000,00,2,4,02,A01
200600079506,0,07,000,00,2,4,01,B01
200600079507,0,02,000,00,0,8,15,A01
200600079508,0,02,000,00,2,6,09,A01
200600079508,0,07,000,00,2,7,01,B01
200600079508,0,07,000,00,2,7,01,C01
200600079509,0,07,000,00,2,3,02,A01
200600079509,0,07,000,00,0,3,02,B01
200600079510,0,07,000,04,0,1,01,A01
200600079511,0,07,000,00,2,2,09,A01
200600079511,0,07,000,00,2,5,16,B01
200600079512,0,07,000,00,1,1,01,A01
200600079513,0,07,000,00,1,1,01,A01
200600079514,0,07,000,00,2,2,17,A01
200600079514,0,02,000,00,2,3,15,B01
200600079515,0,07,000,00,2,1,01,A01
200600079515,0,30,000,00,2,8,01,B01
200600079516,0,02,000,00,2,1,00,A01
200600079516,0,07,000,00,9,1,01,B01
200600079517,0,07,000,00,2,1,00,A01
200600079517,0,07,000,00,2,1,00,B01
200600079518,1,07,000,00,1,0,00,A01
200600079519,0,07,000,00,1,0,00,A01
200600079520,0,07,000,15,0,1,00,A01
200600079521,0,30,000,00,0,0,00,A01
200600079522,0,07,000,00,2,1,00,A01
200600079522,0,33,000,00,2,1,01,B01
200600079523,0,07,000,00,9,1,00,A01
200600079523,0,01,000,00,2,1,00,B01
200600079524,0,07,000,00,1,1,00,B01
200600079525,0,32,000,00,1,1,00,A01
200600079526,0,07,000,00,2,1,00,A01
200600079526,0,33,000,00,2,7,00,B01
200600079526,0,07,000,00,2,8,00,C01
200600079527,0,30,000,00,2,1,00,A01
200600079527,0,07,000,00,2,8,00,B01
200600079528,0,07,000,00,2,1,05,A01
200600079528,0,07,000,00,2,1,01,B01
200600079529,0,07,000,00,1,0,00,A01
200600079530,0,07,000,00,2,0,00,A01
200600079530,0,07,000,00,2,0,00,B01
200600079531,0,07,000,00,0,3,00,A01
200600079532,0,14,000,00,2,4,23,A01
200600079532,0,07,000,00,2,1,02,B01
200600079532,0,07,000,00,2,1,01,C01
200600079533,0,07,000,00,1,1,00,A01
200600079534,0,07,000,01,0,1,01,A01
200600079535,0,02,000,00,2,1,00,A01
200600079535,0,07,000,00,2,8,00,B01
200600079536,0,02,000,00,2,8,00,A01
200600079536,0,07,000,00,2,2,00,B01
200600079537,0,07,000,00,2,1,01,A01
200600079538,0,07,000,00,2,1,01,A01
200600079538,0,07,000,00,2,1,09,B01
200600079539,0,07,000,00,2,1,01,A01
200600079539,0,07,000,00,2,2,09,B01
200600079540,0,07,000,00,2,2,15,A01
200600079540,0,33,000,00,2,1,01,B01
200600079541,0,30,000,00,2,1,17,A01
200600079541,0,07,000,00,2,3,01,B01
200600079542,0,33,000,00,2,1,01,A01
200600079542,0,07,000,00,2,4,01,B01
200600079543,0,33,000,00,2,1,01,A01
200600079543,0,30,000,00,2,4,09,B01
200600079544,0,07,000,00,2,2,01,A01
200600079544,0,07,000,00,2,1,01,B01
200600079545,0,30,000,00,2,1,01,A01
200600079545,0,07,000,00,2,1,10,B01
200600079546,0,07,000,01,2,1,01,A01
200600079546,0,07,000,00,2,4,01,B01
200600079547,0,15,000,00,2,5,17,A01
200600079547,0,07,000,00,2,3,01,B01
200600079548,0,02,000,00,2,1,01,A01
200600079548,0,07,000,00,2,1,01,B01
200600079549,0,30,000,00,2,1,01,A01
200600079549,0,07,000,00,2,0,01,B01
200600079550,0,07,000,00,2,1,01,A01
200600079550,0,07,000,00,2,1,01,B01
200600079551,0,07,000,00,1,1,01,A01
200600079552,0,07,000,01,9,1,01,A01
200600079552,0,01,000,00,2,7,19,B01
200600079553,0,07,000,00,2,6,01,B01
200600079553,0,01,000,00,2,1,01,A01
200600079554,0,34,000,00,0,7,21,A01
200600079555,0,18,001,00,1,5,01,A01
200600079555,0,07,000,00,0,0,24,B01
200600079556,0,07,000,00,2,4,02,A01
200600079556,2,07,000,00,2,1,02,B01
200600079557,0,07,000,00,1,3,15,A01
200600079558,0,07,000,00,2,7,11,A01
200600079558,0,32,000,00,2,1,01,B01
200600079559,0,07,000,00,2,3,15,A01
200600079559,0,33,000,00,0,8,01,B01
200600079560,0,07,000,00,2,1,15,A01
200600079560,0,30,000,00,2,1,01,B01
200600079561,0,07,000,00,2,7,00,A01
200600079561,0,02,000,00,2,1,01,B01
200600079562,0,33,000,00,2,1,21,B01
200600079562,0,07,000,00,2,2,15,A01
200600079563,0,01,000,00,2,1,01,A01
200600079563,0,07,000,00,2,3,15,B01
200600079564,0,07,000,00,1,2,01,A01
200600079565,0,07,000,00,2,5,10,A01
200600079565,0,33,000,00,2,1,02,B01
200600079566,0,37,001,00,2,1,01,A01
200600079566,0,14,000,00,0,4,23,B01
200600079567,0,07,000,00,2,3,24,A01
200600079567,0,01,000,01,0,1,01,B01
200600079568,0,31,000,01,2,1,01,A01
200600079568,0,07,000,00,2,1,15,B01
200600079569,0,07,000,00,2,3,16,A01
200600079569,0,02,000,00,2,1,01,B01
200600079570,0,33,000,00,1,1,15,A01
200600079571,0,07,000,00,1,2,01,A01
200600079572,0,07,000,12,2,2,01,A01
200600079572,0,07,000,12,2,3,19,B01
200600079573,0,31,000,00,2,1,02,A01
200600079573,0,07,000,00,2,6,15,B01
200600079574,0,07,000,00,1,8,01,A01
200600079575,0,07,000,00,1,1,15,A01
200600079576,0,07,000,00,2,1,10,A01
200600079576,0,07,000,00,0,0,01,B01
200600079577,0,02,000,00,2,1,03,A01
200600079577,0,07,000,00,2,6,15,B01
200600079578,0,07,000,00,2,5,12,A01
200600079578,0,02,000,00,2,1,01,B01
200600079579,0,07,000,00,2,2,15,A01
200600079579,0,14,000,00,2,1,01,B01
200600079580,0,10,000,00,0,8,22,A01
200600079580,0,01,000,01,2,1,01,B01
200600079580,0,07,000,00,0,0,02,C01
200600079581,0,33,000,00,2,8,01,A01
200600079581,0,07,000,00,0,6,15,B01
200600079582,0,07,000,00,2,1,01,A01
200600079582,0,01,000,00,2,7,01,B01
200600079583,0,07,000,00,0,1,01,A01
200600079583,0,07,000,00,2,8,02,B01
200600079584,0,15,000,00,2,1,02,A01
200600079584,0,07,000,00,2,1,01,B01
200600079584,0,07,000,00,0,4,01,C01
200600079585,0,07,000,00,1,1,01,A01
200600079586,0,07,000,00,2,1,15,A01
200600079586,0,32,000,00,0,1,01,B01
200600079587,0,32,000,00,2,1,03,A01
200600079587,0,07,000,00,0,6,01,B01
200600079587,0,07,000,00,0,1,01,C01
200600079588,0,07,000,09,0,2,01,A01
200600079589,0,07,000,00,2,1,02,A01
200600079589,0,07,000,00,0,1,02,B01
200600079589,0,07,000,00,2,1,02,C01
200600079589,0,07,000,00,2,1,02,D01
200600079590,0,07,000,00,2,1,01,A01
200600079590,0,07,000,00,0,4,02,B01
200600079591,0,31,000,00,2,1,01,B01
200600079591,0,07,000,00,2,7,19,A01
200600079592,0,07,000,00,2,1,01,A01
200600079592,0,07,000,00,0,6,23,B01
200600079592,0,07,000,00,0,5,23,C01
200600079593,0,05,000,01,0,1,01,B01
200600079593,0,07,000,00,2,5,16,A01
200600079594,0,05,000,00,2,8,01,A01
200600079594,0,07,000,00,2,7,12,B01
200600079595,0,05,000,00,0,5,00,A01
200600079595,0,07,000,00,0,3,09,B01
200600079596,0,01,000,00,2,1,05,A01
200600079596,0,07,000,00,9,1,05,B01
200600079597,0,07,000,00,1,3,00,A01
200600079598,0,07,000,00,2,3,00,B01
200600079598,0,07,000,00,2,3,00,A01
200600079599,0,05,000,00,2,0,00,A01
200600079599,0,10,000,00,2,0,00,B01
200600079600,0,33,000,00,1,1,01,A01
200600079601,0,02,000,11,0,0,01,A01
200600079602,0,02,000,00,2,7,02,A01
200600079602,0,07,000,00,0,4,02,B01
200600079603,0,07,000,00,2,1,17,A01
200600079603,0,07,000,00,2,8,15,B01
200600079604,1,99,000,00,0,2,01,A01
200600079605,0,07,000,00,2,2,00,B01
200600079605,0,33,000,00,2,1,01,A01
200600079606,0,07,000,03,2,7,01,A01
200600079606,0,07,000,00,2,2,01,B01
200600079607,0,07,000,00,2,2,15,A01
200600079607,0,01,000,00,2,0,00,B01
200600079608,0,07,000,00,2,1,02,A01
200600079608,0,37,000,00,2,4,02,B01
200600079609,0,10,000,00,2,3,09,A01
200600079609,0,31,000,00,2,7,01,B01
200600079610,0,07,000,00,1,0,00,A01
200600079611,0,33,000,00,2,0,01,A01
200600079611,0,07,000,00,2,0,11,B01
200600079612,0,07,000,01,0,2,02,A01
200600079613,0,07,000,00,1,8,01,A01
200600079614,0,30,000,00,1,2,01,A01
200600079615,0,07,000,00,2,7,01,A01
200600079615,0,07,000,00,2,1,00,B01
200600079616,0,07,000,00,1,1,01,A01
200600079617,0,07,000,00,1,7,02,A01
200600079618,0,07,000,00,1,1,01,A01
200600079619,0,37,062,02,2,5,07,B01
200600079619,0,07,000,15,2,3,10,A01
200600079620,0,07,000,00,2,1,01,A01
200600079620,0,31,000,00,2,6,01,B01
200600079621,0,07,000,00,2,1,01,B01
200600079621,0,07,000,00,2,2,11,A01
200600079622,0,07,000,00,2,3,01,B01
200600079622,0,10,000,00,2,3,15,A01
200600079623,0,10,000,00,2,2,01,A01
200600079623,0,07,000,00,2,1,01,B01
200600079624,0,32,000,00,2,1,02,B01
200600079624,0,10,000,00,2,2,15,A01
200600079625,0,31,000,00,2,1,02,B01
200600079625,0,10,000,00,2,2,05,A01
200600079626,0,14,000,00,2,3,02,B01
200600079626,0,33,000,00,2,1,17,A01
200600079626,0,10,000,00,2,8,02,C01
200600079627,0,10,000,00,2,2,01,A01
200600079627,0,10,000,00,2,7,00,B01
200600079628,0,07,000,00,1,2,01,A01
200600079629,0,07,000,00,1,8,01,A01
200600079630,0,07,000,00,2,2,17,A01
200600079630,0,07,000,00,2,1,09,B01
200600079631,0,02,000,00,2,7,17,A01
200600079631,0,07,000,00,2,1,15,B01
200600079632,0,30,000,00,2,1,01,A01
200600079632,0,07,000,00,2,4,01,B01
200600079632,0,07,000,00,2,5,01,C01
200600079633,0,01,000,00,2,1,15,A01
200600079633,0,07,000,00,2,0,00,B01
200600079634,0,07,000,00,1,1,01,A01
200600079635,0,07,000,00,2,1,01,A01
200600079635,0,07,000,00,2,4,02,B01
200600079636,0,07,000,11,0,1,01,A01
200600079637,0,07,000,00,1,2,01,A01
200600079638,0,07,000,00,2,1,15,A01
200600079638,0,34,000,00,2,7,01,B01
200600079639,0,07,000,00,2,2,15,A01
200600079639,0,02,000,00,2,1,01,B01
200600079640,0,07,000,11,0,1,14,A01
200600079641,0,37,001,00,2,1,15,A01
200600079641,0,32,000,00,2,1,01,B01
200600079642,0,07,000,00,2,2,15,A01
200600079642,0,02,000,00,2,1,01,B01
200600079643,0,02,000,00,2,0,17,A01
200600079643,0,02,000,00,2,0,01,B01
200600079644,0,07,000,00,2,8,15,B01
200600079644,0,30,000,00,2,7,17,A01
200600079645,0,07,000,00,2,3,01,A01
200600079645,0,33,000,00,2,4,01,B01
200600079646,0,07,000,00,1,7,01,A01
200600079647,0,30,000,00,2,1,01,A01
200600079647,0,07,000,00,2,3,15,B01
200600079648,0,07,000,00,2,1,02,A01
200600079648,0,07,000,00,2,4,02,B01
200600079649,0,02,000,00,2,3,01,A01
200600079649,0,07,000,00,2,3,01,B01
200600079649,0,07,000,00,2,3,00,C01
200600079649,0,07,000,00,0,0,00,D01
200600079650,0,07,000,00,2,1,01,A01
200600079650,0,07,000,00,2,6,01,B01
200600079651,0,07,000,00,2,3,15,A01
200600079651,0,33,000,00,2,8,01,B01
200600079652,0,07,000,00,1,1,01,A01
200600079653,0,07,000,00,2,3,15,A01
200600079653,0,32,000,00,2,1,01,B01
200600079654,0,30,000,00,2,1,17,A01
200600079654,0,07,000,00,2,3,15,B01
200600079655,0,07,000,00,1,3,01,A01
200600079656,0,07,000,01,2,3,01,A01
200600079656,0,07,000,00,2,2,09,B01
200600079656,0,07,000,01,0,4,01,D01
200600079656,0,07,000,01,0,6,01,C01
200600079656,0,07,000,01,0,4,01,E01
200600079657,0,07,000,00,2,1,01,B01
200600079657,0,07,000,00,2,4,01,A01
200600079658,1,07,000,00,2,0,13,A01
200600079658,0,30,000,00,0,3,01,B01
200600079659,0,07,000,00,1,1,00,A01
200600079660,0,07,000,00,2,2,15,A01
200600079660,0,02,000,00,2,1,01,B01
200600079661,0,07,000,00,1,3,01,A01
200600079662,0,07,000,00,1,2,01,A01
200600079663,0,07,000,01,2,3,15,A01
200600079663,0,07,000,00,2,1,01,B01
200600079664,1,07,000,00,1,1,01,A01
200600079665,0,07,000,00,2,8,02,A01
200600079665,0,02,000,00,2,7,02,B01
200600079666,0,07,000,09,0,0,01,A01
200600079667,0,31,000,00,2,2,17,A01
200600079667,0,07,000,00,2,1,02,B01
200600079668,0,07,000,00,0,4,01,B01
200600079668,0,07,000,00,2,1,01,A01
200600079669,0,02,000,00,0,8,01,A01
200600079670,0,02,000,00,0,7,01,A01
200600079671,0,07,000,00,1,1,01,A01
200600079672,0,10,000,00,2,8,01,A01
200600079672,0,07,000,00,2,2,01,B01
200600079673,0,07,000,00,0,4,20,B01
200600079673,0,02,000,00,2,1,01,A01
200600079674,0,07,000,00,2,1,01,A01
200600079674,0,07,000,00,0,8,14,B01
200600079675,0,07,000,00,2,1,01,B01
200600079675,0,07,000,00,2,1,01,A01
200600079676,0,07,000,08,0,1,01,A01
200600079677,0,30,000,14,0,1,01,A01
200600079678,0,15,000,00,2,0,01,A01
200600079678,0,07,000,00,2,1,01,B01
200600079679,0,07,000,00,1,3,01,A01
200600079680,0,07,000,03,2,7,13,A01
200600079680,0,07,000,00,2,1,01,B01
200600079681,0,07,000,00,0,3,19,A01
200600079681,0,07,000,00,0,1,01,B01
200600079682,0,07,000,00,1,1,16,A01
200600079683,0,33,000,00,2,1,01,A01
200600079683,0,07,000,00,2,3,15,B01
200600079684,0,07,000,00,2,1,01,A01
200600079684,0,01,000,00,2,1,01,B01
200600079685,0,07,000,00,1,1,01,A01
200600079686,0,07,000,00,1,1,01,A01
200600079687,0,31,000,00,2,1,01,A01
200600079687,0,30,000,00,2,1,01,B01
200600079688,0,32,000,00,2,1,00,A01
200600079688,0,07,000,00,2,7,01,B01
200600079689,0,07,000,00,2,1,12,A01
200600079689,0,07,000,14,2,3,01,B01
200600079690,0,07,000,00,2,7,15,A01
200600079690,0,31,000,00,2,1,01,B01
200600079691,0,02,000,11,0,1,01,A01
200600079692,0,07,000,00,2,1,11,A01
200600079692,0,07,000,00,2,4,23,B01
200600079692,0,07,000,00,2,4,23,C01
200600079693,0,07,000,00,2,3,01,B01
200600079693,0,07,000,00,2,2,01,A01
200600079694,0,07,000,00,2,1,02,A01
200600079694,0,07,000,00,2,4,23,B01
200600079695,0,07,000,00,1,1,01,A01
200600079696,0,07,000,00,2,4,04,A01
200600079696,0,07,000,00,2,3,01,B01
200600079697,0,31,000,00,2,2,17,A01
200600079697,1,07,000,00,2,0,01,B01
200600079698,0,31,000,00,1,2,01,A01
200600079699,0,07,000,13,0,8,01,A01
200600079700,0,07,000,00,2,1,01,A01
200600079700,0,07,000,00,2,4,02,B01
200600079701,0,07,000,00,1,1,01,A01
200600079702,0,07,000,00,1,1,01,A01
200600079703,0,07,000,00,2,1,01,A01
200600079703,0,07,000,00,2,3,15,B01
200600079704,0,07,000,00,2,2,15,B01
200600079704,0,07,000,00,2,2,01,A01
200600079705,0,33,000,00,2,1,09,B01
200600079705,0,07,000,00,2,3,09,A01
200600079706,1,07,000,00,2,1,02,A01
200600079706,0,07,000,00,0,4,02,B01
200600079707,0,14,000,00,2,2,01,B01
200600079707,0,10,000,00,2,1,01,A01
200600079708,0,07,000,00,2,7,01,A01
200600079708,0,30,000,00,2,1,01,B01
200600079709,0,07,000,00,2,2,15,A01
200600079709,0,30,000,00,2,1,01,B01
200600079710,0,33,000,00,2,5,01,A01
200600079711,0,07,000,00,1,4,04,A01
200600079712,0,10,000,00,0,4,02,A01
200600079712,0,10,000,00,2,1,02,B01
200600079713,0,31,000,00,0,8,18,B01
200600079713,0,07,000,00,0,7,12,A01
200600079714,0,07,000,00,0,4,02,A01
200600079714,0,07,000,00,2,1,02,B01
200600079715,0,07,000,00,9,1,02,C01
200600079715,0,07,000,00,0,2,02,B01
200600079715,0,07,000,00,0,6,00,A01
200600079716,0,15,000,00,2,2,14,A01
200600079716,0,07,000,00,2,6,01,B01
200600079717,0,38,001,00,0,4,23,A01
200600079717,0,07,000,01,0,7,02,C01
200600079717,0,10,000,01,0,1,02,B01
200600079718,0,07,000,00,0,4,01,C01
200600079718,0,07,000,00,2,3,14,A01
200600079718,0,07,000,03,0,6,01,B01
200600079719,0,07,000,00,0,4,01,A01
200600079719,0,13,000,00,2,1,01,B01
200600079720,0,07,000,00,0,6,02,B01
200600079720,0,33,000,00,2,1,02,A01
200600079721,0,33,000,00,2,2,02,A01
200600079721,0,07,000,00,0,6,02,B01
200600079722,0,07,000,00,2,3,01,A01
200600079722,0,07,000,00,2,7,12,B01
200600079723,0,07,000,00,2,6,11,A01
200600079723,0,33,000,00,2,1,01,B01
200600079724,0,33,000,00,2,1,02,A01
200600079724,0,07,000,00,0,4,02,B01
200600079725,0,10,000,00,2,2,00,A01
200600079725,0,07,000,00,0,6,00,B01
200600079725,0,07,000,00,0,4,00,C01
200600079726,0,16,000,00,2,2,01,A01
200600079726,0,07,000,13,2,8,09,B01
200600079727,0,07,000,00,0,5,12,A01
200600079727,0,31,000,00,2,3,03,B01
200600079728,0,07,000,04,0,3,01,A01
200600079729,0,07,000,04,0,1,15,A01
200600079730,0,07,000,00,2,0,14,A01
200600079730,0,07,000,00,2,4,02,B01
200600079731,0,07,000,00,0,4,01,A01
200600079731,0,10,000,00,2,4,02,B01
200600079731,0,07,000,00,2,4,02,C01
200600079731,0,15,000,00,2,1,02,D01
200600079732,0,10,000,00,0,7,02,A01
200600079732,0,33,000,00,2,1,02,B01
200600079733,0,07,000,00,2,2,12,A01
200600079733,0,32,000,00,2,3,03,B01
200600079734,0,31,000,00,2,2,01,A01
200600079734,0,10,000,00,2,7,11,B01
200600079735,0,07,000,03,0,2,14,A01
200600079736,0,07,000,14,2,4,01,A01
200600079737,0,07,000,04,0,1,00,A01
200600079738,0,33,000,00,2,1,01,A01
200600079739,0,07,000,00,2,4,12,A01
200600079739,0,33,000,00,2,1,03,B01
200600079740,0,07,000,00,2,5,11,A01
200600079740,0,33,000,00,2,1,11,B01
200600079741,0,07,000,02,0,9,02,A01
200600079742,0,07,000,04,0,1,02,A01
200600079743,0,07,000,00,0,4,09,A01
200600079743,1,13,000,00,2,0,18,B01
200600079744,0,07,000,06,2,9,00,A01
200600079744,0,07,000,00,2,0,02,B01
200600079744,0,07,000,00,2,9,00,C01
200600079745,0,07,000,13,0,8,09,A01
200600079746,0,07,000,03,0,3,17,A01
200600079747,0,10,000,00,2,7,12,A01
200600079747,0,33,000,00,2,1,03,B01
200600079748,0,07,000,04,0,3,13,A01
200600079749,0,07,000,04,0,3,02,A01