Num_Acc,senc,catv,occutc,obs,obsm,choc,manv,num_veh
200600080456,0,07,000,00,1,0,00,A01
200600080457,0,07,000,00,9,7,00,A01
200600080457,0,01,000,00,2,1,00,B01
200600080458,0,07,000,00,9,1,00,A01
200600080458,0,01,000,00,2,1,01,B01
200600080459,0,07,000,00,9,8,00,A01
200600080459,0,02,000,00,2,7,00,B01
200600080460,1,07,000,00,9,0,00,A01
200600080460,0,02,000,00,2,1,00,B01
200600080460,0,07,000,00,9,2,00,C01
200600080461,0,07,000,00,9,1,00,A01
200600080461,0,02,000,00,2,1,00,B01
200600080462,0,02,000,00,2,0,00,A01
200600080462,0,07,000,00,9,1,00,B01
200600080463,0,07,000,00,9,1,00,A01
200600080463,0,02,000,00,2,9,00,B01
200600080464,0,07,000,01,9,2,00,A01
200600080464,0,02,000,00,2,1,00,B01
200600080465,0,01,000,00,2,0,05,A01
200600080465,0,07,000,00,9,7,00,B01
200600080466,0,07,000,00,9,6,00,A01
200600080466,0,02,000,00,2,9,00,B01
200600080467,0,02,000,00,2,1,00,A01
200600080467,0,07,000,00,9,0,00,B01
200600080468,0,07,000,00,2,1,00,A01
200600080468,0,07,000,00,2,1,00,B01
200600080469,0,07,000,00,9,0,00,A01
200600080469,0,02,000,00,2,4,00,B01
200600080470,0,01,000,00,2,1,05,A01
200600080470,0,07,000,00,9,0,00,B01
200600080471,0,07,000,00,9,2,00,A01
200600080471,0,01,000,00,2,0,00,B01
200600080472,1,07,000,00,2,0,00,A01
200600080473,0,07,000,00,9,2,00,A01
200600080473,0,02,000,00,2,0,00,B01
200600080474,0,07,000,00,9,1,00,A01
200600080474,0,02,000,00,2,4,00,B01
200600080475,0,07,000,01,2,1,01,A01
200600080475,1,07,000,00,0,0,15,B01
200600080476,0,07,000,00,9,1,00,A01
200600080476,0,01,000,00,2,1,05,B01
200600080477,1,07,000,00,9,0,00,A01
200600080477,0,02,000,00,2,0,00,B01
200600080478,0,07,000,08,0,9,06,A01
200600080479,0,07,000,13,4,3,00,A01
200600080480,0,07,000,00,2,1,00,A01
200600080480,0,07,000,00,2,4,00,B01
200600080481,0,07,000,00,9,2,00,A01
200600080481,0,02,000,00,2,1,00,B01
200600080482,0,07,000,00,1,1,00,A01
200600080483,0,07,000,00,1,0,00,A01
200600080484,0,07,000,00,4,9,00,A01
200600080485,0,02,000,00,2,1,00,A01
200600080485,0,07,000,01,9,0,00,B01
200600080486,0,07,000,00,9,8,00,A01
200600080486,0,02,000,00,2,1,00,B01
200600080487,0,07,000,00,2,2,00,A01
200600080488,0,01,000,00,2,1,00,A01
200600080488,0,07,000,00,9,1,00,B01
200600080489,0,01,000,00,2,0,00,A01
200600080489,0,07,000,00,9,8,00,B01
200600080490,0,01,000,00,2,1,05,A01
200600080490,0,07,000,00,9,1,00,B01
200600080491,0,02,000,00,2,1,00,A01
200600080491,0,07,000,00,9,7,00,B01
200600080492,0,02,000,00,2,1,00,A01
200600080492,0,07,000,00,9,5,00,B01
200600080493,0,07,000,00,9,8,00,A01
200600080493,0,02,000,00,2,1,00,B01
200600080494,0,07,000,00,2,8,00,A01
200600080494,0,07,000,00,2,6,00,B01
200600080495,0,07,000,00,2,0,00,A01
200600080496,0,02,000,00,2,0,00,A01
200600080497,0,02,000,00,0,0,00,A01
200600080498,0,07,000,00,1,7,00,A01
200600080499,0,01,000,00,9,0,00,A01
200600080500,0,02,000,00,9,1,00,A01
200600080501,0,02,000,00,4,1,00,A01
200600080502,0,07,000,00,2,2,00,A01
200600080503,0,07,000,00,2,1,09,A01
200600080503,0,07,000,00,2,7,02,B01
200600080504,0,02,000,00,2,1,17,A01
200600080504,0,07,000,00,2,8,15,B01
200600080505,0,07,000,00,1,1,20,A01
200600080506,0,07,000,00,2,1,02,A01
200600080506,0,01,000,00,2,4,02,B01
200600080507,0,02,000,00,0,0,13,A01
200600080508,0,02,000,00,2,1,02,A01
200600080508,0,07,000,00,2,6,02,B01
200600080509,0,07,000,00,2,8,15,A01
200600080509,0,05,000,00,2,1,02,B01
200600080510,0,07,000,00,9,1,11,A01
200600080510,0,01,000,00,2,1,01,B01
200600080511,0,07,000,00,1,3,01,A01
200600080512,0,10,000,00,2,3,21,A01
200600080512,0,01,000,00,2,3,21,B01
200600080513,0,07,000,00,2,1,02,A01
200600080513,0,07,000,00,0,4,23,B01
200600080514,0,07,000,00,2,3,01,B01
200600080514,0,02,000,00,2,1,01,A01
200600080515,0,07,000,00,2,2,01,A01
200600080515,0,07,000,00,2,3,01,B01
200600080516,0,02,000,00,2,3,13,A01
200600080516,0,07,000,00,2,3,01,B01
200600080517,0,07,000,00,9,0,00,B01
200600080517,0,01,000,00,0,0,00,A01
200600080518,0,07,000,00,9,2,00,A01
200600080518,0,01,000,00,2,1,00,B01
200600080519,0,07,000,06,0,1,01,A01
200600080520,0,02,000,00,2,1,01,A01
200600080520,0,07,000,00,0,4,23,B01
200600080521,0,05,000,00,2,1,01,B01
200600080521,0,02,000,00,2,8,01,A01
200600080522,0,18,001,00,1,0,00,A01
200600080523,0,07,000,00,2,0,00,A01
200600080523,0,07,000,00,0,0,00,B01
200600080524,0,02,000,00,2,0,00,A01
200600080525,0,02,000,00,2,8,18,A01
200600080525,0,07,000,00,2,8,15,B01
200600080526,0,07,000,00,2,1,01,A01
200600080526,0,07,000,00,2,7,01,B01
200600080527,0,07,000,00,2,1,01,A01
200600080527,0,07,000,00,2,4,01,B01
200600080528,0,07,000,00,2,1,01,A01
200600080528,0,07,000,00,0,4,01,B01
200600080529,0,02,000,00,2,1,01,B01
200600080529,0,10,000,00,2,3,01,A01
200600080565,0,33,000,12,0,0,00,A01
200600080566,0,04,000,06,0,1,18,A01
200600080566,0,10,000,00,0,0,00,B02
200600080567,0,33,000,13,0,1,01,A01
200600080568,0,07,000,00,2,6,17,A01
200600080568,0,33,000,00,2,1,17,B02
200600080569,0,07,000,00,1,2,01,A01
200600080570,0,02,000,00,2,1,15,A01
200600080570,0,07,000,00,2,3,01,B02
200600080571,0,14,000,03,0,1,01,A01
200600080572,0,07,000,00,2,2,21,A01
200600080572,0,07,000,00,2,1,23,B02
200600080572,0,07,000,00,2,1,23,C03
200600080573,0,07,000,00,2,3,13,A01
200600080573,0,07,000,00,2,3,00,B02
200600080574,0,33,000,00,2,2,17,A01
200600080574,0,07,000,00,2,3,02,B02
200600080575,0,07,000,08,0,1,01,A01
200600080576,0,07,000,01,0,1,13,A01
200600080576,0,07,000,00,2,1,24,B02
200600080577,0,07,000,00,9,1,13,A01
200600080577,0,01,000,00,2,1,01,B02
200600080578,0,07,000,00,2,1,01,A01
200600080578,0,07,000,00,2,4,01,B02
200600080579,0,07,000,01,2,1,21,A01
200600080579,0,07,000,00,2,6,24,B02
200600080579,0,07,000,00,2,1,01,C03
200600080580,0,07,000,00,2,3,15,A01
200600080580,0,02,000,00,2,8,01,B02
200600080581,0,07,000,00,2,3,01,A01
200600080582,0,07,000,13,0,2,01,A01
200600080583,0,07,000,00,2,2,15,A01
200600080583,0,31,000,00,2,1,01,B02
200600080584,0,07,000,00,2,3,01,A01
200600080584,0,07,000,00,2,1,13,B02
200600080584,0,07,000,00,2,3,01,C03
200600080585,0,07,000,00,2,1,13,A01
200600080585,0,07,000,00,2,1,01,B02
200600080585,0,07,000,00,2,8,01,C03
200600080586,0,07,000,06,0,1,13,A01
200600080587,0,07,000,00,2,8,13,A01
200600080587,0,10,000,00,2,1,01,B02
200600080588,0,02,000,00,2,1,01,A01
200600080588,0,07,000,00,2,3,01,B02
200600080589,0,31,000,00,2,1,01,B02
200600080589,0,07,000,00,0,8,19,A01
200600080590,0,07,000,00,2,3,19,A01
200600080590,0,02,000,00,2,1,01,B02
200600080591,0,05,000,00,2,3,13,A01
200600080591,0,07,000,00,2,8,01,B02
200600080592,0,05,000,00,0,9,01,A01
200600080593,0,07,000,00,2,8,15,A01
200600080594,0,07,000,00,2,1,13,A01
200600080594,0,07,000,01,2,1,01,B02
200600080595,0,07,000,00,2,1,15,A01
200600080595,0,07,000,00,2,1,01,B02
200600080596,0,07,000,00,2,7,19,A01
200600080596,0,31,000,00,2,2,01,B02
200600080597,0,33,000,16,2,3,01,A01
200600080598,0,07,000,00,2,8,19,A01
200600080598,0,07,000,00,2,1,01,B02
200600080599,0,07,000,13,0,7,01,A01
200600080600,0,07,000,00,1,2,01,A01
200600080601,0,07,000,00,9,1,15,A01
200600080601,0,05,000,00,2,1,01,B02
200600080602,0,02,000,00,2,6,15,A01
200600080602,0,07,000,00,2,1,01,B02
200600080603,0,10,000,00,2,1,05,A01
200600080603,0,07,000,00,2,1,01,B02
200600080604,0,07,000,13,0,1,13,A01
200600080605,0,07,000,00,0,4,15,A01
200600080605,0,07,000,00,0,4,01,B02
200600080606,0,07,000,00,2,1,01,A01
200600080606,0,01,000,00,2,8,01,B02
200600080607,0,07,000,06,1,6,21,A01
200600080608,0,07,000,00,2,3,01,A01
200600080608,0,07,000,00,2,3,01,B02
200600080608,0,07,000,00,5,1,02,C03
200600080609,0,02,000,00,1,1,17,A01
200600080610,0,33,000,06,0,1,01,A01
200600080611,0,07,000,00,2,2,15,A01
200600080611,0,32,000,00,2,1,01,B02
200600080612,0,33,000,00,2,1,02,A01
200600080612,0,07,000,00,0,5,02,B02
200600080613,0,10,000,01,0,1,14,A01
200600080613,0,38,000,00,0,4,24,B02
200600080614,0,07,000,00,2,3,15,A01
200600080614,0,33,000,00,2,1,01,B02
200600080615,0,07,000,00,2,2,15,A01
200600080615,0,05,000,00,2,1,01,B02
200600080615,0,05,000,00,2,1,01,C03
200600080616,0,18,001,00,2,8,13,A01
200600080616,0,05,000,00,2,3,01,B02
200600080617,0,02,000,00,2,1,01,A01
200600080617,0,07,000,00,2,1,17,B02
200600080618,0,07,000,02,0,1,14,A01
200600080619,0,07,000,00,1,1,01,A01
200600080620,0,07,000,00,2,8,09,A01
200600080620,0,33,000,00,2,7,00,B02
200600080642,0,07,000,00,2,4,23,A01
200600080642,0,02,000,00,2,1,18,B02
200600080643,0,07,000,00,1,1,19,A01
200600080643,0,02,000,00,0,7,11,B02
200600080654,0,07,000,00,2,1,05,A01
200600080654,0,07,000,00,2,7,05,B02
200600080655,0,07,000,00,2,3,16,A01
200600080655,0,07,000,00,2,3,01,B02
200600080656,0,07,000,00,2,7,15,A01
200600080656,0,02,000,00,2,1,01,B02
200600080657,0,07,000,00,1,3,13,A01
200600080658,0,02,000,08,0,7,14,A01
200600080659,0,07,000,00,2,1,02,A01
200600080659,0,07,000,00,1,4,02,B02
200600080661,0,07,000,00,2,4,14,A01
200600080661,0,01,000,00,2,1,01,B02
200600080663,0,05,000,12,0,1,13,A01
200600080664,0,07,000,00,2,3,00,A01
200600080664,0,99,000,00,2,9,11,B02
200600080665,0,07,000,00,2,1,05,A01
200600080665,0,07,000,00,2,1,01,B02
200600080666,0,07,000,00,1,3,01,A01
200600080667,0,07,000,00,2,1,15,A01
200600080667,0,02,000,00,2,1,01,B02
200600080668,0,07,000,00,2,7,15,A01
200600080668,0,01,000,00,2,1,01,B02
200600080669,0,99,000,00,2,2,01,A01
200600080669,0,18,030,00,2,2,01,B02
200600080670,0,02,000,00,2,8,01,A01
200600080670,0,07,000,00,2,1,01,B02
200600080671,0,07,000,00,1,2,01,A01
200600080672,0,07,000,00,1,3,01,A01
200600080673,0,07,000,00,2,2,01,B01
200600080673,0,07,000,00,2,1,01,C01
200600080673,0,07,000,15,2,7,01,A01
200600080674,0,07,000,00,2,1,13,A01
200600080674,0,07,000,00,2,1,01,B01
200600080675,0,07,000,00,2,1,09,A01
200600080675,0,02,000,00,2,8,01,B01
200600080676,0,07,000,00,1,8,01,A01
200600080677,0,07,000,04,0,1,01,A01
200600080678,0,07,000,00,1,3,01,A01
200600080679,0,05,000,00,2,8,01,A01
200600080679,0,07,000,00,2,2,15,B01
200600080680,0,07,000,00,1,1,16,A01
200600080681,0,07,000,00,2,3,15,A01
200600080681,0,02,000,00,2,1,17,B01
200600080682,0,07,000,00,2,3,01,A01
200600080682,0,01,000,00,2,8,15,B01
200600080683,0,07,000,00,2,7,15,A01
200600080683,0,04,000,00,2,8,01,B01
200600080684,0,07,000,00,1,1,01,A01
200600080685,1,99,000,00,0,0,00,A01
200600080686,0,07,000,00,0,1,01,A01
200600080687,0,04,000,00,0,1,13,A01
200600080687,0,07,000,00,0,1,01,B01
200600080688,0,07,000,00,0,1,15,A01
200600080688,0,07,000,00,0,1,01,B01
200600080689,0,03,000,01,0,1,00,B01
200600080689,0,05,000,00,0,1,09,A01
200600080689,0,03,000,01,0,1,00,C01
200600080690,0,07,000,00,0,2,10,A01
200600080690,0,05,000,00,0,1,02,B01
200600080691,0,07,000,00,0,1,01,A01
200600080692,0,07,000,01,0,0,01,A01
200600080693,0,07,000,00,0,1,01,A01
200600080694,0,07,000,00,1,0,01,A01
200600080695,0,18,020,00,1,0,00,A01
200600080696,0,07,000,00,2,7,19,A01
200600080696,0,05,000,00,2,1,01,B01
200600080697,0,99,000,00,0,0,00,A01
200600080697,0,05,000,00,2,1,01,B01
200600080698,0,05,000,00,0,8,21,A01
200600080699,0,07,000,00,2,1,02,A01
200600080699,0,07,000,00,2,9,02,B01
200600080699,0,07,000,00,2,4,02,C01
200600080700,1,99,000,00,0,0,00,A01
200600080701,1,05,000,00,1,0,00,A01
200600080702,0,02,000,00,2,1,13,A01
200600080702,0,07,000,00,2,1,01,B01
200600080703,1,99,000,00,0,0,00,A01
200600080704,0,07,000,00,1,1,15,A01
200600080705,0,99,000,00,0,0,00,B01
200600080705,0,07,000,00,2,7,15,A01
200600080706,0,07,000,00,2,4,15,B01
200600080706,0,05,000,00,2,1,01,A01
200600080707,0,04,000,00,0,1,01,B01
200600080707,0,07,000,00,0,3,20,A01
200600080708,0,07,000,00,0,1,02,A01
200600080708,0,07,000,00,0,4,02,B01
200600080708,0,07,000,00,0,1,02,C01
200600080709,0,07,000,00,0,0,01,A01
200600080710,0,01,000,14,0,7,17,A01
200600080710,0,07,000,00,0,8,02,B01
200600080711,1,02,000,00,0,1,01,A01
200600080712,0,07,000,00,0,1,01,A01
200600080712,0,07,000,00,0,1,01,B01
200600080713,0,05,000,16,2,1,01,A01
200600080714,0,07,000,00,9,1,01,A01
200600080715,1,01,000,00,1,0,01,A01
200600080715,0,05,000,00,2,7,01,B01
200600080716,0,07,000,00,2,0,00,A01
200600080716,0,02,000,00,0,0,10,B01
200600080717,0,07,000,00,0,1,02,A01
200600080718,0,07,000,00,0,1,01,A01
200600080718,0,02,000,00,0,7,00,B01
200600080719,0,07,000,00,0,1,01,A01
200600080719,0,07,000,00,0,7,01,B01
200600080720,0,02,000,00,0,1,01,A01
200600080721,0,07,000,14,0,1,02,A01
200600080721,0,02,000,00,0,4,01,B01
200600080721,0,07,000,00,0,3,00,C01
200600080721,0,07,000,00,2,1,01,D01
200600080722,0,07,000,00,0,1,01,A01
200600080722,0,07,000,00,0,4,01,B01
200600080723,0,05,000,00,0,1,01,A01
200600080724,0,02,000,00,2,1,01,A01
200600080724,0,07,000,00,0,4,02,B01
200600080725,0,07,000,00,2,1,01,A01
200600080726,0,02,000,14,1,1,15,A01
200600080727,1,02,000,00,0,1,01,A01
200600080728,0,07,000,01,0,1,05,A01
200600080729,0,05,000,00,1,1,01,A01
200600080730,0,02,000,01,2,1,00,A01
200600080730,0,07,000,00,9,4,00,B01
200600080731,0,07,000,00,2,5,00,A01
200600080731,0,07,000,00,2,1,01,B01
200600080732,0,07,000,00,2,1,00,A01
200600080732,0,07,000,01,2,8,00,B01
200600080733,0,02,000,00,2,8,00,A01
200600080733,0,07,000,00,9,2,00,B01
200600080734,0,07,000,00,1,7,00,A01
200600080735,0,07,000,00,1,0,00,A01
200600080736,0,07,000,00,9,0,00,A01
200600080736,0,02,000,00,2,7,00,B01
200600080737,0,07,000,00,2,2,00,A01
200600080737,0,07,000,00,2,0,00,B01
200600080738,0,07,000,00,9,7,00,A01
200600080738,0,02,000,00,2,1,00,B01
200600080739,0,07,000,00,6,6,01,A01
200600080739,0,02,000,00,2,7,00,B01
200600080740,0,07,000,00,9,6,01,A01
200600080740,0,02,000,00,2,0,00,B01
200600080741,0,07,000,00,1,6,00,A01
200600080742,0,07,000,00,9,2,00,A01
200600080742,0,02,000,00,2,1,00,B01
200600080743,0,07,000,00,9,7,01,A01
200600080743,0,02,000,00,2,1,00,B01
200600080744,0,07,000,00,9,1,00,A01
200600080744,0,05,000,00,2,1,00,B01
200600080745,0,07,000,00,1,7,00,A01
200600080746,0,07,000,00,9,0,00,A01
200600080746,0,02,000,00,2,1,00,B01
200600080747,0,07,000,00,1,0,00,A01
200600080748,0,01,000,00,2,1,00,A01
200600080748,0,07,000,00,9,0,00,B01
200600080749,0,07,000,00,9,3,00,A01
200600080749,0,02,000,00,2,1,00,B01
200600080750,0,07,000,00,1,1,00,A01
200600080751,0,07,000,00,9,1,00,A01
200600080751,0,02,000,00,2,1,00,B01
200600080752,0,02,000,00,1,0,00,A01
200600080753,0,07,000,00,9,3,00,A01
200600080753,0,01,000,00,2,3,00,B01
200600080753,0,07,000,01,0,0,00,C01
200600080754,0,07,000,00,4,1,00,A01
200600080755,0,02,000,00,2,1,00,A01
200600080755,0,07,000,00,9,6,00,B01
200600080756,0,07,000,00,9,7,00,A01
200600080756,0,02,000,00,2,4,00,B01
200600080757,0,02,000,00,2,8,00,A01
200600080757,0,07,000,00,9,5,00,B01
200600080758,0,02,000,00,2,1,00,A01
200600080758,0,07,000,00,9,3,00,B01
200600080759,0,07,000,00,4,1,00,A01
200600080760,0,07,000,00,2,3,00,A01
200600080761,0,02,000,00,9,0,00,A01
200600080762,1,02,000,00,1,0,00,A01
200600080763,0,07,000,00,9,8,00,A01
200600080763,0,02,000,00,2,8,00,B01
200600080764,0,07,000,00,9,7,00,A01
200600080764,0,05,000,00,2,1,00,B01
200600080765,0,07,000,00,2,1,00,A01
200600080765,0,07,000,00,2,4,00,B01
200600080765,0,07,000,00,2,4,00,C01
200600080766,0,02,000,00,2,1,00,A01
200600080766,0,07,000,00,2,1,00,B01
200600080767,0,07,000,00,2,3,00,A01
200600080767,0,07,000,00,2,5,02,B01
200600080768,0,07,000,00,2,3,10,A01
200600080768,0,05,000,00,2,1,02,B01
200600080769,0,02,000,00,2,1,13,A01
200600080769,0,07,000,00,2,2,02,B01
200600080770,0,07,000,00,1,7,02,A01
200600080771,0,02,000,00,2,1,02,A01
200600080771,0,07,000,00,2,5,16,B01
200600080772,0,07,000,00,2,7,20,A01
200600080772,0,05,000,00,2,1,17,B01
200600080773,0,02,000,00,0,0,02,A01
200600080774,0,13,000,00,2,7,02,A01
200600080774,0,20,000,00,2,8,02,B01
200600080775,0,05,000,00,2,1,17,A01
200600080775,0,07,000,00,2,6,23,B01
200600080776,0,07,000,00,1,1,02,A01
200600080777,0,07,000,00,1,7,02,A01
200600080778,0,02,000,00,2,1,15,A01
200600080778,0,07,000,00,2,7,02,B01
200600080779,0,07,000,00,2,1,02,A01
200600080779,0,05,000,00,0,4,02,B01
200600080780,0,01,000,00,1,8,00,A01
200600080781,0,05,000,00,2,0,00,B01
200600080781,0,07,000,00,2,3,15,A01
200600080782,0,07,000,14,0,9,01,A01
200600080783,0,07,000,00,9,3,15,A01
200600080783,0,05,000,00,2,1,01,B01
200600080784,1,02,000,00,1,1,01,A01
200600080785,0,18,000,00,9,3,01,A01
200600080785,0,02,000,00,2,1,12,B01
200600080786,0,07,000,01,0,1,01,A01
200600080786,0,02,000,00,0,4,23,B01
200600080787,0,07,000,00,2,1,01,A01
200600080787,0,07,000,00,2,1,01,B01
200600080788,0,02,000,00,2,1,01,A01
200600080788,0,07,000,00,0,6,02,B01
200600080789,0,07,000,00,2,1,09,A01
200600080789,0,02,000,00,2,1,17,B01
200600080790,0,07,000,00,1,1,01,A01
200600080791,0,07,000,00,1,1,01,A01
200600080792,1,07,000,01,2,1,09,A01
200600080792,0,01,000,00,2,1,01,B01
200600080793,0,05,000,00,2,7,03,A01
200600080793,0,07,000,00,2,8,15,B01
200600080794,0,07,000,00,1,1,01,A01
200600080795,0,07,000,00,1,1,01,A01
200600080796,0,07,000,00,2,3,01,B01
200600080796,0,01,000,00,2,1,01,A01
200600080797,0,02,000,06,0,1,01,A01
200600080798,0,07,000,00,0,4,01,A01
200600080798,0,10,000,00,2,2,21,B01
200600080799,0,02,000,00,2,3,17,A01
200600080799,0,07,000,00,9,1,15,B01
200600080800,1,02,000,00,0,0,01,A01
200600080801,0,07,000,00,2,1,13,A01
200600080801,0,07,000,00,2,1,01,B01
200600080802,0,07,000,00,2,1,01,A01
200600080802,0,07,000,00,2,4,01,B01
200600080803,0,07,000,00,2,1,05,D01
200600080803,0,07,000,00,2,4,02,C01
200600080803,0,07,000,00,2,4,02,B01
200600080803,0,07,000,00,2,1,02,A01
200600080804,0,07,000,00,2,1,02,A01
200600080804,0,07,000,00,2,4,02,B01
200600080804,0,07,000,01,2,4,01,C01
200600080805,0,07,000,00,1,1,01,A01
200600080834,0,07,000,00,2,1,01,B01
200600080834,0,07,000,00,2,6,09,A01
200600080835,0,02,000,00,2,1,01,A01
200600080835,0,07,000,00,2,1,17,B01
200600080836,0,02,000,00,2,7,01,B01
200600080836,0,07,000,00,2,7,15,A01
200600080837,0,07,000,00,1,2,00,A01
200600080838,0,07,000,00,9,1,00,A01
200600080838,0,01,000,00,2,0,00,B01
200600080839,0,11,000,00,0,0,00,A01
200600080840,0,02,000,00,2,1,00,B01
200600080840,0,07,000,00,9,1,00,A01
200600080841,0,10,000,00,2,1,15,A01
200600080841,0,32,000,00,2,1,01,B02
200600080842,0,07,000,00,2,1,13,A01
200600080842,0,07,000,00,2,2,00,B02
200600080842,0,07,000,00,2,1,00,C03
200600080842,0,07,000,00,2,4,00,D04
200600080842,0,07,000,00,2,6,00,E05
200600080843,0,10,000,00,1,2,01,A01
200600080844,0,14,000,00,2,3,15,A01
200600080844,0,33,000,08,2,1,01,B02
200600080845,0,10,000,00,2,1,13,A01
200600080845,0,07,000,00,2,8,13,B02
200600080846,0,07,000,06,0,7,01,A01
200600080847,0,02,000,00,2,1,15,A01
200600080847,0,07,000,00,2,3,01,B02
200600080848,0,36,000,06,0,3,00,A01
200600080849,0,07,000,02,0,7,01,A01
200600080850,0,07,000,02,0,1,17,A01
200600080850,0,07,000,00,0,0,15,B02
200600080851,0,07,000,02,0,3,14,A01
200600080852,0,07,000,00,1,3,01,A01
200600080853,0,33,000,00,2,4,13,A01
200600080853,0,07,000,00,2,3,01,B02
200600080854,0,07,000,00,2,1,01,A01
200600080854,0,01,000,00,2,4,02,B02
200600080855,0,07,000,00,2,3,20,A01
200600080855,0,33,000,00,2,1,01,B02
200600080856,0,07,000,00,2,7,19,A01
200600080856,0,07,000,00,2,1,01,B02
200600080856,0,07,000,00,2,1,01,C03
200600080857,0,07,000,00,2,3,13,A01
200600080857,0,07,000,06,2,3,01,B02
200600080858,0,07,000,00,2,1,05,A01
200600080858,0,31,000,00,2,1,05,B02
200600080859,0,07,000,00,2,3,01,A01
200600080859,0,30,000,00,2,1,01,B02
200600080859,0,30,000,00,2,1,13,C03
200600080860,0,07,000,02,0,6,01,A01
200600080861,0,07,000,00,2,3,00,A01
200600080861,0,07,000,00,2,1,01,B02
200600080862,0,07,000,00,0,1,02,A01
200600080863,0,07,000,00,2,2,19,A01
200600080863,0,31,000,00,2,1,01,B02
200600080864,0,10,000,08,2,2,17,A01
200600080864,0,07,000,00,2,6,01,B02
200600080865,0,07,000,00,2,1,01,A01
200600080865,0,07,000,00,0,4,01,B02
200600080866,0,07,000,00,2,2,01,A01
200600080866,0,01,000,00,2,4,01,B02
200600080867,0,07,000,00,2,1,15,A01
200600080867,0,37,000,00,2,3,01,B02
200600080868,0,07,000,00,2,2,15,A01
200600080868,0,31,000,00,2,1,01,B02
200600080869,0,07,000,00,1,2,01,A01
200600080870,0,31,000,00,2,1,01,A01
200600080870,0,07,000,00,2,8,15,B02
200600080871,0,07,000,00,2,8,10,A01
200600080871,0,07,000,00,2,2,01,B02
200600080872,0,07,000,02,0,1,00,A01
200600080873,0,07,000,00,2,1,01,A01
200600080873,0,30,000,00,0,4,23,B02
200600080874,0,07,000,13,0,9,01,A01
200600080875,0,07,000,16,0,9,01,A01
200600080876,0,10,000,00,9,2,01,A01
200600080876,0,31,000,00,2,1,15,B02
200600080877,0,07,000,00,1,6,04,A01
200600080878,0,31,000,00,2,1,13,A01
200600080878,0,07,000,00,2,1,01,B02
200600080879,0,01,000,00,2,0,19,A01
200600080879,0,07,000,00,9,2,01,B02
200600080880,0,30,000,00,2,1,13,A01
200600080880,0,07,000,00,9,1,01,B02
200600080881,0,33,000,00,2,1,03,A01
200600080881,0,07,000,00,2,5,17,B02
200600080882,0,07,000,00,1,2,01,A01
200600080883,0,07,000,00,0,2,01,A01
200600080884,0,33,000,07,0,1,01,A01
200600080885,0,33,000,00,2,2,01,A01
200600080885,0,30,000,00,2,1,01,B02
200600080886,0,07,000,00,0,7,01,A01
200600080887,0,01,000,00,2,1,13,A01
200600080887,0,07,000,00,9,6,01,B02
200600080888,0,07,000,00,2,8,15,A01
200600080888,0,32,000,00,2,1,01,B02
200600080889,0,07,000,00,2,6,01,A01
200600080889,0,07,000,00,2,1,01,B02
200600080889,0,07,000,00,2,1,01,C03
200600080890,0,07,000,00,2,1,13,A01
200600080890,0,07,000,00,2,1,01,B02
200600080891,0,17,000,14,0,0,02,A01
200600080891,0,02,000,14,0,0,02,B02
200600080892,0,07,000,00,2,1,13,A01
200600080892,0,07,000,00,2,3,01,B02
200600080892,0,10,000,00,2,3,01,C03
200600080892,0,07,000,00,0,2,01,D04
200600080893,0,07,000,00,2,8,19,A01
200600080893,0,07,000,00,2,3,01,B02
200600080894,0,02,000,00,2,1,13,A01
200600080894,0,07,000,00,2,1,01,B02
200600080895,0,33,000,00,2,1,17,A01
200600080895,0,07,000,00,2,8,15,B02
200600080896,0,33,000,00,2,1,01,A01
200600080896,0,10,000,00,2,6,15,B02
200600080897,0,07,000,00,2,3,01,A01
200600080897,0,07,000,00,2,3,01,B02
200600080898,0,02,000,03,0,7,01,A01
200600080899,0,07,000,00,2,3,01,A01
200600080899,0,02,000,00,2,4,01,B02
200600080900,0,07,000,00,2,3,01,A01
200600080900,0,01,000,00,2,1,05,B02
200600080901,0,99,000,16,0,7,21,A01
200600080902,0,02,000,00,2,1,13,A01
200600080902,0,14,000,00,2,1,01,B02
200600080903,0,02,000,00,2,2,15,A01
200600080903,0,07,000,00,9,3,01,B02
200600080922,0,33,000,00,9,8,01,A01
200600080922,0,33,000,00,2,1,02,B02
200600080922,0,07,000,00,2,1,02,C03
200600080922,0,07,000,00,0,4,02,D04
200600080923,0,07,000,00,0,3,15,A01
200600080927,0,33,000,00,0,3,01,A01
200600080927,0,07,000,00,0,8,21,B02
200600080928,0,38,000,00,1,0,00,A01
200600080929,0,07,000,00,2,1,13,A01
200600080929,0,14,000,00,2,1,01,B02
200600080934,0,07,000,00,2,4,15,A01
200600080934,0,31,000,00,2,1,01,B02
200600080935,0,07,000,00,2,2,01,A01
200600080935,0,30,000,00,2,1,15,B02
200600080938,0,07,000,00,2,1,01,A01
200600080938,0,07,000,00,2,8,19,B02
200600080939,0,33,000,00,2,1,01,A01
200600080939,0,07,000,00,2,3,19,B02
200600080941,0,07,000,00,2,3,01,A01
200600080941,0,07,000,00,2,1,01,B01
200600080942,0,07,000,00,2,7,15,A01
200600080942,0,07,000,00,2,1,01,B01
200600080943,0,04,000,00,1,1,13,A01
200600080944,0,07,000,00,1,1,01,A01
200600080944,0,07,000,00,2,8,24,B01