Num_Acc,senc,catv,occutc,obs,obsm,choc,manv,num_veh
200600080945,0,14,000,00,2,8,01,A01
200600080945,0,07,000,00,2,2,15,B01
200600080946,0,07,000,00,2,8,01,A01
200600080946,0,07,000,00,2,4,01,B01
200600080946,0,07,000,00,2,4,01,C01
200600080946,0,07,000,00,2,4,01,D01
200600080947,0,07,000,00,1,7,17,A01
200600080948,0,07,000,00,9,1,01,A01
200600080949,0,07,000,00,1,2,01,A01
200600080950,0,07,000,00,2,4,01,D01
200600080950,0,07,000,00,2,4,01,B01
200600080950,0,10,000,00,2,1,02,A01
200600080950,0,07,000,00,2,4,01,C01
200600080951,0,07,000,00,1,0,01,A01
200600080952,0,13,000,00,2,3,01,A01
200600080952,0,13,000,00,2,8,01,B01
200600080953,0,07,000,06,0,1,01,A01
200600080954,0,07,000,00,2,1,15,A01
200600080954,0,02,000,00,2,1,01,B01
200600080955,0,07,000,00,2,8,01,C01
200600080955,0,07,000,00,2,1,01,B01
200600080955,0,07,000,00,2,1,13,A01
200600080956,0,07,000,00,0,7,01,A01
200600080957,0,05,000,01,0,1,01,A01
200600080958,0,07,000,00,2,1,21,A01
200600080959,0,07,000,00,2,4,02,B01
200600080959,0,04,000,00,0,1,02,A01
200600080960,0,07,000,00,0,1,00,A01
200600080960,0,07,000,00,0,0,00,B01
200600080961,0,07,000,15,0,6,01,A01
200600080961,0,07,000,15,0,8,01,B01
200600080962,0,07,000,00,2,4,01,A01
200600080962,0,02,000,14,2,1,01,B01
200600080962,0,07,000,16,0,7,01,C01
200600080963,1,99,000,00,0,0,00,A01
200600080963,0,05,000,00,2,7,11,B01
200600080964,0,04,000,00,2,5,11,B01
200600080964,0,07,000,00,0,8,17,A01
200600080965,0,04,000,16,0,0,00,A01
200600080966,0,04,000,01,0,1,00,A01
200600080966,0,07,000,00,0,4,24,B01
200600080967,0,02,000,00,0,1,09,A01
200600080967,0,07,000,00,0,3,00,B01
200600080968,0,05,000,00,2,0,00,A01
200600080968,0,07,000,00,2,9,21,B01
200600080969,1,07,000,00,0,0,00,A01
200600080969,0,05,000,00,2,1,21,B01
200600080969,0,07,000,00,2,3,02,C01
200600080969,0,07,000,00,2,3,05,D01
200600080970,0,05,000,00,0,1,17,A01
200600080970,0,07,000,00,0,4,00,B01
200600080971,0,05,000,00,0,1,14,A01
200600080971,1,04,000,00,0,4,14,B01
200600080972,0,05,000,00,2,1,01,B01
200600080972,0,07,000,00,2,2,05,A01
200600080973,0,07,000,00,0,4,15,A01
200600080973,0,05,000,00,2,1,02,B01
200600080974,1,07,000,00,2,0,00,A01
200600080974,0,05,000,00,2,1,05,B01
200600080975,0,99,000,00,0,0,00,A01
200600080976,0,07,000,00,0,0,12,A01
200600080976,0,05,000,00,2,0,01,B01
200600080977,0,07,000,00,0,7,02,A01
200600080977,0,02,000,00,2,1,02,B01
200600080978,0,04,000,00,1,1,00,A01
200600080979,0,07,000,00,0,6,02,A01
200600080979,0,07,000,00,2,2,02,B01
200600080980,0,18,008,00,0,0,02,A01
200600080981,0,04,000,00,2,1,05,A01
200600080981,0,05,000,01,0,1,11,B01
200600080982,0,05,000,00,0,9,16,A01
200600080983,0,07,000,00,2,1,02,A01
200600080983,0,07,000,00,0,4,02,B01
200600080984,0,07,000,00,2,3,15,A01
200600080984,0,05,000,00,2,1,17,B01
200600080985,0,05,000,16,0,7,00,A01
200600080986,0,07,000,00,0,1,00,A01
200600080986,0,02,000,00,2,0,00,B01
200600080987,0,07,000,00,1,8,00,A01
200600080988,0,07,000,00,0,0,00,A01
200600080989,0,04,000,00,1,0,00,A01
200600080990,0,07,000,00,1,1,09,A01
200600080991,0,07,000,01,0,1,02,A01
200600080991,0,07,000,00,0,4,02,B01
200600080992,0,04,000,00,2,1,02,A01
200600080992,0,04,000,00,0,4,02,B01
200600080993,0,07,000,01,4,1,06,A01
200600080994,0,02,000,00,2,3,00,A01
200600080994,0,07,000,00,9,6,00,B01
200600080995,0,07,000,00,4,1,00,A01
200600080996,0,01,000,00,2,1,00,A01
200600080996,0,07,000,00,9,7,00,B01
200600080997,0,07,000,00,2,1,01,A01
200600080997,0,07,000,01,2,9,00,B01
200600080997,0,07,000,00,2,8,00,C01
200600080998,0,07,000,00,1,1,00,A01
200600080999,0,02,000,00,2,8,00,A01
200600081000,0,07,000,00,9,1,00,B01
200600081000,0,01,000,00,2,0,00,A01
200600081001,0,07,000,00,9,1,00,A01
200600081001,0,02,000,00,2,1,00,B01
200600081002,0,07,000,00,2,1,00,A01
200600081002,0,07,000,00,2,4,00,B01
200600081003,0,13,000,00,9,0,00,A01
200600081003,0,02,000,00,1,7,00,B01
200600081004,0,02,000,00,2,0,00,A01
200600081004,0,07,000,00,9,8,00,B01
200600081005,0,01,000,00,9,1,00,A01
200600081005,0,02,000,00,9,0,00,B01
200600081006,0,05,000,00,1,0,00,A01
200600081007,0,07,000,00,2,1,00,A01
200600081007,0,07,000,00,2,3,00,B01
200600081008,0,07,000,00,2,3,00,A01
200600081008,0,07,000,00,2,8,00,B01
200600081009,0,07,000,00,2,1,00,A01
200600081009,0,07,000,00,2,5,00,B01
200600081010,0,07,000,00,1,1,00,A01
200600081011,2,02,000,00,1,3,00,A01
200600081012,0,07,000,00,1,1,01,A01
200600081013,0,07,000,00,4,8,00,A01
200600081014,0,01,000,00,2,1,00,A01
200600081014,0,07,000,00,9,1,00,B01
200600081015,0,01,000,00,2,1,00,A01
200600081015,0,07,000,00,9,6,00,B01
200600081016,0,07,000,00,2,3,00,A01
200600081016,0,02,000,00,9,0,00,B01
200600081017,0,07,000,00,9,4,00,A01
200600081017,0,02,000,00,9,1,00,B01
200600081018,0,02,000,00,9,1,18,A01
200600081018,0,07,000,00,2,1,15,B01
200600081019,0,02,000,00,1,7,00,A01
200600081020,0,07,000,00,2,8,15,A01
200600081020,0,02,000,00,9,8,00,B01
200600081021,0,02,000,00,0,1,00,A01
200600081022,0,07,000,00,2,0,00,A01
200600081023,0,01,000,00,9,0,00,A01
200600081023,0,01,000,00,9,0,00,B01
200600081024,0,01,000,00,9,1,00,A01
200600081024,0,07,000,00,2,0,00,B01
200600081025,0,02,000,00,9,0,00,A01
200600081026,0,07,000,00,2,3,15,A01
200600081026,0,04,000,00,9,3,00,B01
200600081027,0,07,000,00,2,5,15,A01
200600081027,0,02,000,00,9,3,00,B01
200600081028,0,07,000,00,2,5,04,A01
200600081028,0,01,000,00,9,0,16,B01
200600081029,0,07,000,01,2,3,00,A01
200600081029,0,02,000,00,9,7,00,B01
200600081030,0,07,000,00,9,1,00,A01
200600081030,0,02,000,00,2,1,00,B01
200600081031,0,07,000,00,1,0,00,A01
200600081032,0,07,000,00,2,8,00,A01
200600081032,0,07,000,00,2,1,00,B01
200600081033,0,07,000,00,9,0,00,A01
200600081033,0,02,000,00,2,0,00,B01
200600081034,0,07,000,00,2,1,00,A01
200600081034,0,07,000,00,2,7,00,B01
200600081035,0,02,000,00,2,1,13,A01
200600081035,0,07,000,00,2,2,02,B01
200600081036,0,07,000,00,2,1,02,A01
200600081036,0,07,000,00,2,4,02,B01
200600081037,0,07,000,00,2,7,15,A01
200600081037,0,05,000,00,2,1,02,B01
200600081038,0,02,000,00,2,7,02,B01
200600081038,0,07,000,00,2,1,15,A01
200600081039,0,07,000,00,2,7,14,A01
200600081039,0,07,000,00,2,7,02,B01
200600081039,0,10,000,01,0,1,02,C01
200600081040,0,10,000,00,1,1,02,A01
200600081041,0,02,000,00,0,0,02,A01
200600081042,0,02,000,00,0,0,02,A01
200600081043,0,07,000,00,1,1,02,A01
200600081044,0,07,000,00,2,1,02,B01
200600081044,0,10,000,00,2,7,02,A01
200600081044,0,07,000,00,2,1,02,C01
200600081045,0,02,000,00,2,1,02,A01
200600081045,0,07,000,00,2,6,02,B01
200600081046,0,07,000,00,2,1,01,A01
200600081046,0,07,000,00,2,3,01,B01
200600081047,0,07,000,00,1,1,01,A01
200600081048,0,07,000,00,2,1,01,B01
200600081048,0,02,000,00,2,1,15,A01
200600081049,0,07,000,00,2,1,01,A01
200600081049,0,07,000,00,2,7,01,B01
200600081050,0,01,000,00,2,1,02,A01
200600081050,0,10,000,00,2,4,02,B01
200600081051,0,07,000,00,1,2,01,A01
200600081052,0,07,000,00,2,0,17,A01
200600081052,0,04,000,00,2,8,17,B01
200600081053,0,18,001,00,1,7,01,A01
200600081054,0,05,000,00,2,1,02,A01
200600081054,0,07,000,00,2,6,23,B01
200600081055,0,05,000,14,0,1,21,A01
200600081055,0,07,000,04,0,3,21,B01
200600081056,0,07,000,00,2,3,15,A01
200600081056,0,02,000,00,2,1,01,B01
200600081057,0,07,000,00,2,3,15,A01
200600081057,0,05,000,00,2,1,01,B01
200600081058,0,07,000,00,2,2,01,A01
200600081058,0,07,000,00,2,3,01,B01
200600081059,0,07,000,00,2,1,01,A01
200600081059,0,01,000,00,2,1,05,B01
200600081060,0,07,000,00,1,2,01,A01
200600081061,0,10,000,00,2,7,15,A01
200600081061,0,02,000,00,2,1,01,B01
200600081062,0,02,000,00,2,1,00,A01
200600081062,0,02,000,00,2,1,01,B01
200600081063,0,07,000,14,0,1,01,A01
200600081063,0,07,000,14,0,1,01,B01
200600081063,0,07,000,00,2,1,01,C01
200600081064,0,07,000,00,1,4,04,A01
200600081065,0,07,000,00,2,3,15,A01
200600081065,0,05,000,00,2,2,01,B01
200600081066,0,07,000,01,2,3,01,A01
200600081066,0,07,000,01,2,3,01,B01
200600081067,0,07,000,00,2,3,01,A01
200600081068,0,07,000,01,0,1,01,A01
200600081069,0,07,000,16,0,1,01,A01
200600081070,0,05,000,00,0,1,01,A01
200600081071,0,07,000,00,1,7,01,A01
200600081072,0,10,000,00,9,7,17,A01
200600081072,0,02,000,00,2,6,01,B01
200600081073,0,07,000,00,2,1,02,A01
200600081073,0,07,000,00,2,4,02,B01
200600081073,0,07,000,00,2,4,01,C01
200600081074,0,07,000,00,9,2,15,A01
200600081074,0,02,000,00,2,1,01,B01
200600081075,0,07,000,00,1,1,01,A01
200600081076,0,02,000,00,2,8,01,B01
200600081076,0,07,000,00,9,1,19,A01
200600081076,0,07,000,00,9,1,01,C01
200600081077,0,02,000,00,0,0,01,A01
200600081078,0,07,000,00,2,1,01,B01
200600081078,0,07,000,00,2,3,19,A01
200600081079,0,02,000,00,0,0,01,A01
200600081080,0,07,000,06,0,1,01,A01
200600081108,0,07,000,00,1,2,01,A01
200600081109,0,10,000,00,1,2,01,A01
200600081110,0,07,000,08,0,1,13,A01
200600081111,0,07,000,00,2,1,01,A01
200600081111,0,07,000,00,2,1,01,B02
200600081112,0,07,000,00,2,2,02,A01
200600081112,0,07,000,00,2,4,01,B02
200600081112,0,33,000,00,2,1,03,C03
200600081113,0,31,000,00,5,1,01,A01
200600081114,0,07,000,08,0,8,01,A01
200600081115,0,02,000,00,0,1,01,A01
200600081116,0,07,000,00,2,1,01,A01
200600081116,0,07,000,00,0,0,00,B02
200600081117,0,07,000,16,0,0,00,A01
200600081118,0,07,000,00,9,1,01,A01
200600081118,0,01,000,00,2,1,01,B02
200600081118,0,01,000,00,2,0,01,C03
200600081119,0,07,000,13,0,1,01,A01
200600081120,0,07,000,00,2,2,15,A01
200600081120,0,33,000,00,2,1,01,B02
200600081121,0,07,000,00,2,1,15,A01
200600081121,0,07,000,00,2,1,01,B02
200600081122,0,07,000,00,2,3,13,A01
200600081122,0,10,000,00,2,3,01,B02
200600081123,0,01,000,00,2,1,13,A01
200600081123,0,07,000,00,2,2,01,B02
200600081124,0,07,000,00,2,1,19,A01
200600081124,0,14,000,00,2,1,01,B02
200600081125,0,30,000,08,0,2,00,A01
200600081126,0,33,000,06,0,1,01,A01
200600081127,0,07,000,13,0,7,01,A01
200600081128,0,02,000,00,2,8,19,A01
200600081128,0,10,000,00,2,2,01,B02
200600081129,0,10,000,00,2,1,01,B02
200600081129,0,10,000,00,2,3,15,A01
200600081130,0,15,000,02,0,1,13,A01
200600081131,0,07,000,00,2,2,01,A01
200600081131,0,02,000,00,2,3,01,B02
200600081132,0,07,000,13,0,1,01,A01
200600081133,0,07,000,00,0,9,01,A01
200600081134,0,07,000,02,0,1,21,A01
200600081135,0,14,000,00,2,2,01,A01
200600081135,0,07,000,00,2,7,19,B02
200600081136,0,02,000,00,2,0,00,A01
200600081136,0,07,000,00,2,1,01,B02
200600081137,0,10,000,00,2,1,01,A01
200600081137,0,10,000,00,2,2,15,B02
200600081138,0,10,000,00,2,2,15,A01
200600081138,0,33,000,00,2,1,01,B02
200600081139,0,07,000,00,1,2,01,A01
200600081140,0,07,000,00,1,3,17,A01
200600081141,0,07,000,00,0,5,24,A01
200600081141,0,30,000,01,0,2,01,B02
200600081142,0,07,000,00,0,2,01,A01
200600081143,0,10,000,02,0,1,14,A01
200600081144,0,07,000,00,2,1,13,A01
200600081144,0,07,000,00,2,3,01,B02
200600081145,0,07,000,00,0,4,02,A01
200600081145,0,07,000,00,2,2,02,B02
200600081146,0,30,000,00,2,1,06,A01
200600081146,0,10,000,00,2,1,01,B02
200600081147,0,07,000,00,2,2,01,A01
200600081147,0,02,000,00,2,8,10,B02
200600081148,0,07,000,06,0,2,01,A01
200600081149,0,07,000,00,2,7,15,A01
200600081149,0,33,000,00,2,1,01,B02
200600081150,0,02,000,00,2,1,13,A01
200600081150,0,02,000,00,2,1,01,B02
200600081151,0,07,000,00,1,2,01,A01
200600081152,0,07,000,06,0,1,01,A01
200600081153,0,37,000,00,2,1,07,A01
200600081153,0,07,000,00,2,8,01,B02
200600081154,0,02,000,00,2,1,17,A01
200600081154,0,07,000,00,0,8,15,B02
200600081155,0,10,000,00,0,0,21,A01
200600081156,0,07,000,00,1,7,01,A01
200600081157,0,33,000,00,2,1,17,A01
200600081157,0,10,000,00,2,3,15,B02
200600081158,0,07,000,00,2,7,06,A01
200600081158,0,31,000,00,2,1,00,B02
200600081159,0,07,000,00,2,7,06,B02
200600081159,0,30,000,00,2,1,24,C03
200600081160,0,07,000,00,2,8,15,A01
200600081160,0,33,000,00,2,1,01,B02
200600081161,0,33,000,00,2,1,17,A01
200600081161,0,10,000,00,2,1,01,B02
200600081162,0,33,000,00,2,1,01,A01
200600081162,0,10,000,00,2,8,15,B02
200600081163,0,07,000,00,1,2,01,A01
200600081185,0,07,000,00,2,6,15,A01
200600081185,0,02,000,00,2,1,17,B02
200600081189,0,07,000,00,2,3,01,A01
200600081189,0,32,000,00,2,1,13,B02
200600081190,0,07,000,00,0,7,19,A01
200600081190,0,02,000,00,0,7,01,B02
200600081191,0,07,000,16,0,9,01,A01
200600081192,0,02,000,00,2,8,02,A01
200600081192,0,10,000,00,2,5,02,B02
200600081193,0,07,000,00,2,7,15,A01
200600081193,0,02,000,00,2,1,01,B02
200600081196,0,07,000,00,2,2,02,A01
200600081196,0,02,000,00,2,4,02,B02
200600081197,0,33,000,00,2,1,17,A01
200600081197,0,07,000,00,2,1,01,B02
200600081198,0,01,000,00,2,4,02,A01
200600081199,0,07,000,00,1,1,01,A01
200600081201,0,05,000,00,2,9,01,B01
200600081201,0,05,000,00,2,9,01,C01
200600081201,0,05,000,00,2,1,01,D01
200600081201,0,07,000,00,2,4,01,A01
200600081202,0,07,000,05,2,5,01,A01
200600081202,0,07,000,05,0,0,00,C01
200600081202,0,07,000,00,0,9,01,B01
200600081203,0,07,000,00,2,3,23,A01
200600081203,0,05,000,00,2,7,01,B01
200600081203,0,07,000,00,2,2,01,C01
200600081204,0,07,000,00,2,6,11,A01
200600081204,0,07,000,00,2,1,01,B01
200600081205,0,07,000,00,2,1,02,A01
200600081205,0,07,000,00,2,3,02,B01
200600081206,0,07,000,08,0,9,01,A01
200600081207,1,07,000,00,2,1,01,A01
200600081207,0,05,000,00,2,7,01,B01
200600081208,0,07,000,00,2,3,05,A01
200600081208,0,07,000,00,2,3,01,B01
200600081209,0,05,000,00,2,7,01,A01
200600081209,0,07,000,00,6,8,00,B01
200600081210,1,07,000,00,9,8,01,A01
200600081210,0,01,000,00,2,1,01,B01
200600081211,0,05,000,00,2,1,13,A01
200600081211,0,07,000,00,2,2,01,B01
200600081211,0,07,000,00,2,0,01,C01
200600081212,0,07,000,00,1,0,20,A01
200600081213,0,07,000,03,2,1,03,A01
200600081213,0,07,000,03,2,1,01,B01
200600081214,0,07,000,00,1,0,20,A01
200600081215,0,07,000,00,2,8,11,A01
200600081215,0,05,000,00,2,1,01,B01
200600081215,0,07,000,00,2,4,01,C01
200600081216,0,02,000,00,0,0,00,A01
200600081217,0,07,000,00,2,1,21,A01
200600081217,0,07,000,00,2,1,02,B01
200600081217,2,07,000,00,2,4,23,C01
200600081218,0,99,000,00,2,2,01,A01
200600081218,0,07,000,00,6,1,15,B01
200600081219,0,07,000,00,0,1,00,A01
200600081220,0,07,000,00,1,1,00,A01
200600081221,0,07,000,00,9,1,02,A01
200600081221,0,05,000,00,2,4,02,B01
200600081222,0,05,000,00,2,1,02,A01
200600081222,0,07,000,00,2,4,01,B01
200600081223,0,07,000,00,0,9,24,A01
200600081224,0,07,000,00,2,1,13,A01
200600081224,0,07,000,00,2,3,01,B01
200600081224,0,07,000,00,2,3,01,C01
200600081225,0,07,000,00,2,3,13,A01
200600081225,0,07,000,00,2,3,01,B01
200600081226,0,07,000,00,9,9,01,A01
200600081227,0,07,000,00,0,3,00,B01
200600081227,0,07,000,00,2,5,01,A01
200600081228,0,07,000,04,0,8,01,A01
200600081229,0,05,000,00,0,9,01,A01
200600081230,0,02,000,00,0,9,00,A01
200600081231,0,02,000,08,0,0,01,A01
200600081232,0,07,000,13,0,9,01,A01
200600081233,0,07,000,00,2,6,23,A01
200600081233,0,07,000,00,2,2,18,B01
200600081233,0,14,000,00,2,7,01,C01
200600081234,0,07,000,00,0,9,00,A01
200600081235,0,07,000,00,1,1,01,A01
200600081236,0,07,000,00,2,3,01,A01
200600081236,0,07,000,00,2,3,13,B01
200600081237,0,07,000,00,2,4,02,B01
200600081237,0,07,000,00,2,1,01,A01
200600081238,0,07,000,04,2,1,01,A01
200600081238,0,07,000,04,2,1,01,B01
200600081239,0,07,000,13,0,2,16,A01
200600081240,0,05,000,00,2,1,17,A01
200600081240,0,07,000,00,2,6,15,B01
200600081241,0,07,000,00,2,1,01,A01
200600081241,0,07,000,00,2,4,01,B01
200600081242,0,07,000,00,9,6,11,A01
200600081242,0,05,000,00,2,7,01,B01
200600081243,0,18,020,00,2,3,01,B01
200600081243,0,07,000,03,9,8,18,A01
200600081243,0,07,000,03,0,3,21,C01
200600081244,0,05,000,01,0,1,01,A01
200600081245,0,99,000,00,0,9,00,A01
200600081246,0,02,000,00,9,0,00,A01
200600081247,0,32,000,00,2,1,00,B01
200600081247,0,07,000,00,9,3,00,A01
200600081248,0,07,000,00,2,1,01,A01
200600081248,0,07,000,00,2,1,01,B01
200600081249,0,07,000,00,2,1,01,A01
200600081250,0,07,000,00,2,4,01,A01
200600081250,0,02,000,00,0,4,23,B01
200600081251,0,30,000,00,2,1,01,A01
200600081251,0,07,000,00,9,3,01,B01
200600081252,0,07,000,00,2,1,05,A01
200600081252,0,07,000,00,2,1,01,B01
200600081253,0,07,000,00,9,1,19,B01
200600081253,0,02,000,01,2,4,01,A01
200600081254,0,07,000,01,1,0,01,A01
200600081255,0,07,000,00,2,1,01,A01
200600081255,0,07,000,00,2,8,08,B01
200600081255,0,07,000,00,2,1,01,C01
200600081256,0,07,000,00,2,4,24,A01
200600081256,0,07,000,01,0,1,01,B01
200600081257,0,07,000,00,2,1,06,A01
200600081257,0,07,000,00,2,1,01,B01
200600081258,0,02,000,00,1,1,15,A01
200600081258,0,07,000,00,2,3,15,B01
200600081259,0,15,000,00,2,3,01,B01
200600081259,0,07,000,00,2,1,01,A01
200600081260,0,07,000,00,2,5,15,A01
200600081260,0,30,000,00,2,1,01,B01
200600081261,0,07,000,00,2,3,17,A01
200600081261,0,07,000,00,2,8,01,B01
200600081262,0,07,000,00,2,1,01,A01
200600081262,0,07,000,00,2,1,01,B01
200600081263,0,07,000,00,0,0,01,A01
200600081264,0,07,000,00,0,0,11,A01
200600081264,0,04,000,00,2,0,09,B01
200600081265,0,07,000,00,2,1,05,A01
200600081265,0,07,000,00,2,1,05,B01
200600081266,0,07,000,00,2,1,00,A01
200600081266,0,07,000,01,0,9,09,B01
200600081266,0,07,000,00,0,0,23,C01
200600081267,1,02,000,00,0,0,00,A01
200600081268,1,02,000,00,1,0,00,A01
200600081268,1,99,000,00,2,0,00,B01
200600081269,0,07,000,00,1,2,00,A01
200600081270,0,02,000,00,2,1,00,A01
200600081270,0,07,000,00,2,5,04,B01
200600081271,1,04,000,00,2,0,17,A01
200600081271,0,07,000,00,2,1,21,B01
200600081272,0,07,000,00,2,1,05,A01
200600081272,0,07,000,00,2,1,05,B01
200600081273,0,07,000,00,1,1,19,A01
200600081274,0,02,000,00,0,1,05,A01
200600081274,0,07,000,00,2,3,05,B01
200600081275,0,07,000,00,0,3,15,A01
200600081275,0,05,000,00,2,1,15,B01
200600081276,0,07,000,00,2,1,15,A01
200600081276,0,02,000,00,2,0,16,B01
200600081277,0,07,000,01,0,1,00,A01
200600081277,0,07,000,00,0,4,00,B01
200600081277,0,07,000,00,0,8,00,C01
200600081277,0,07,000,00,0,3,00,D01
200600081277,0,07,000,00,0,2,00,E01
200600081278,0,07,000,00,1,1,01,A01
200600081279,0,07,000,00,0,4,01,B01
200600081279,0,07,000,00,2,3,11,A01
200600081279,1,07,000,01,0,0,02,C01
200600081280,0,07,000,00,0,4,02,B01
200600081280,0,05,000,00,2,1,02,A01
200600081281,0,02,000,00,2,1,16,B01
200600081281,0,07,000,00,2,1,15,A01
200600081282,0,07,000,01,0,0,01,A01
200600081283,0,07,000,00,1,1,00,A01
200600081284,0,07,000,00,2,1,02,B01
200600081284,0,02,000,00,2,1,10,A01
200600081284,0,07,000,00,2,1,05,C01
200600081285,0,99,000,00,0,7,00,A01
200600081286,0,05,000,00,2,1,07,A01
200600081286,0,07,000,00,2,7,16,B01
200600081287,0,99,000,00,2,1,12,A01
200600081287,0,07,000,00,2,4,11,B01
200600081287,0,07,000,00,2,7,00,C01
200600081288,0,07,000,00,2,1,02,A01
200600081288,0,07,000,00,2,4,02,B01
200600081288,0,07,000,00,0,4,02,C01
200600081289,0,07,000,00,2,1,00,A01
200600081289,0,07,000,00,2,4,00,B01
200600081290,0,05,000,00,0,7,00,A01
200600081291,0,07,000,00,0,7,00,A01
200600081292,0,07,000,00,1,1,09,A01
200600081293,0,05,000,00,1,1,00,A01
200600081294,0,07,000,00,2,8,00,A01
200600081294,0,07,000,00,2,1,00,B01
200600081295,0,07,000,00,9,5,00,A01
200600081295,0,02,000,00,2,1,00,B01
200600081296,0,02,000,00,2,0,02,A01
200600081296,0,07,000,00,9,7,02,B01
200600081297,0,02,000,00,2,7,13,A01
200600081297,0,07,000,00,9,7,01,B01
200600081298,0,07,000,00,9,6,00,A01
200600081298,0,31,000,00,2,1,00,B01
200600081299,0,02,000,00,2,1,01,A01
200600081299,0,07,000,00,9,0,20,B01
200600081299,0,07,000,00,9,4,24,C01
200600081300,0,33,000,00,2,1,00,A01
200600081300,0,07,000,00,2,1,00,B01
200600081301,0,07,000,00,2,3,02,A01
200600081301,0,02,000,00,2,1,22,B01
200600081302,0,07,000,00,9,1,01,B01
200600081302,0,02,000,00,2,8,01,A01
200600081303,0,07,000,00,6,5,00,A01
200600081303,0,01,000,00,2,7,00,B01
200600081304,0,02,000,00,2,1,00,B01
200600081304,0,07,000,00,9,6,00,C01
200600081305,0,07,000,00,2,1,02,A01
200600081305,0,07,000,00,2,4,02,B01
200600081306,0,02,000,00,0,4,00,A01
200600081307,0,07,000,00,2,2,00,A01
200600081307,0,07,000,00,2,1,00,B01
200600081308,0,07,000,00,2,2,16,A01
200600081308,0,07,000,00,2,1,01,B01
200600081309,0,02,000,00,2,1,00,A01
200600081309,0,07,000,00,9,1,00,B01
200600081310,0,02,000,00,9,0,00,A01
200600081311,0,07,000,00,4,0,00,A01
200600081312,0,07,000,00,2,3,10,A01
200600081312,0,07,000,00,2,2,01,B01
200600081313,0,02,000,00,2,2,14,A01
200600081313,0,07,000,00,9,2,16,B01
200600081313,0,07,000,00,9,5,24,C01
200600081314,0,07,000,00,2,7,00,A01
200600081314,0,07,000,00,2,1,01,B01
200600081315,0,07,000,00,2,1,02,A01
200600081315,0,07,000,00,2,4,02,B01
200600081316,1,07,000,00,9,0,00,A01
200600081316,0,02,000,00,2,1,00,B01
200600081317,0,07,000,00,2,1,00,A01
200600081317,0,07,000,00,2,1,00,B01
200600081317,0,07,000,00,2,4,00,C01
200600081318,0,07,000,00,6,3,00,A01
200600081318,0,02,000,00,2,1,00,B01
200600081319,0,07,000,00,9,7,00,B01
200600081319,0,02,000,00,2,1,00,A01
200600081320,0,07,000,00,9,4,00,B01
200600081320,0,02,000,00,2,1,00,A01
200600081321,0,02,000,00,2,0,00,A01
200600081321,0,07,000,00,9,1,00,B01
200600081322,0,07,000,00,1,0,00,A01
200600081323,0,07,000,00,9,2,00,A01
200600081323,0,02,000,00,2,1,00,B01
200600081324,0,02,000,00,2,1,00,B01
200600081324,0,07,000,00,9,0,00,A01
200600081325,0,07,000,00,2,1,00,A01
200600081325,0,07,000,00,2,7,00,B01
200600081326,0,07,000,00,2,4,00,B01
200600081326,0,07,000,00,2,1,00,A01
200600081326,0,07,000,00,2,4,00,C01
200600081327,0,07,000,00,2,2,00,A01
200600081328,1,07,000,00,2,0,00,A01
200600081328,0,02,000,00,1,1,00,B01
200600081329,0,02,000,00,2,1,00,B01
200600081329,0,07,000,00,2,2,01,A01
200600081330,0,02,000,00,9,7,00,A01
200600081331,0,07,000,00,2,3,00,A01
200600081331,0,07,000,00,2,1,00,B01
200600081332,0,07,000,00,2,5,02,B01
200600081332,0,02,000,00,2,1,01,A01
200600081333,0,02,000,00,2,3,00,B01
200600081333,0,07,000,00,9,8,00,A01
200600081334,0,07,000,00,9,8,00,B01
200600081334,0,02,000,00,2,1,00,A01
200600081335,0,07,000,00,2,1,19,A01
200600081335,0,02,000,00,2,8,01,B01
200600081336,0,02,000,00,2,1,02,B01
200600081336,0,07,000,00,2,1,15,A01
200600081337,0,05,000,00,2,1,17,A01
200600081337,0,07,000,00,2,1,02,B01
200600081338,0,10,000,00,1,1,02,A01
200600081339,0,10,000,00,2,1,02,A01
200600081339,0,10,000,00,2,4,02,B01
200600081340,0,07,000,00,2,1,02,A01
200600081340,0,10,000,00,2,4,02,B01
200600081341,0,07,000,00,1,1,02,A01
200600081342,0,07,000,00,2,1,02,A01
200600081342,0,07,000,00,2,4,02,B01
200600081343,0,02,000,00,2,1,15,A01
200600081343,0,07,000,00,2,7,02,B01
200600081344,0,10,000,00,1,1,02,A01
200600081345,0,07,000,00,1,1,02,A01
200600081346,0,02,000,00,2,1,02,B01
200600081346,0,07,000,00,2,7,02,A01
200600081347,0,02,000,00,0,0,02,A01
200600081348,0,07,000,00,2,1,02,A01
200600081348,0,05,000,00,2,4,02,B01
200600081349,0,05,000,00,0,7,02,A01
200600081350,0,07,000,00,2,1,02,A01
200600081350,0,10,000,00,2,4,02,B01
200600081351,0,02,000,00,1,1,02,A01
200600081352,0,07,000,00,2,7,01,B01
200600081352,0,02,000,00,2,1,01,A01
200600081353,0,10,000,00,0,3,01,A01
200600081354,0,01,000,00,2,1,01,A01
200600081354,0,07,000,00,9,2,01,B01
200600081355,0,02,000,00,2,2,01,A01
200600081355,0,07,000,00,2,6,15,B01
200600081356,0,07,000,00,2,3,15,A01
200600081356,0,05,000,00,2,1,01,B01
200600081357,0,02,000,01,2,1,15,A01
200600081358,0,07,000,00,2,1,01,A01
200600081358,0,05,000,00,2,8,01,B01