Num_Acc,senc,catv,occutc,obs,obsm,choc,manv,num_veh
200600081359,0,07,000,09,0,7,01,A01
200600081360,0,07,000,00,2,3,13,A01
200600081360,0,17,000,00,2,2,01,B01
200600081361,0,07,000,00,2,2,09,A01
200600081361,0,14,000,00,0,6,01,B01
200600081362,0,02,000,00,2,1,17,A01
200600081362,0,07,000,00,2,8,15,B01
200600081363,0,07,000,02,2,3,01,A01
200600081363,0,01,000,00,2,1,01,B01
200600081364,0,05,000,00,0,8,01,A01
200600081364,0,07,000,00,0,0,15,B01
200600081365,0,07,000,00,2,2,01,A01
200600081365,0,07,000,00,1,3,01,B01
200600081366,0,07,000,04,0,2,01,A01
200600081367,0,07,000,00,2,2,17,A01
200600081367,0,07,000,00,2,3,15,B01
200600081368,0,05,000,00,2,1,17,A01
200600081368,0,07,000,00,2,3,15,B01
200600081369,0,07,000,00,1,1,01,A01
200600081370,0,01,000,00,9,1,01,A01
200600081370,0,01,000,00,9,1,01,B01
200600081371,0,07,000,00,1,3,01,A01
200600081372,0,07,000,00,1,2,01,A01
200600081373,0,07,000,00,2,1,01,A01
200600081373,0,10,000,00,2,3,09,B01
200600081374,0,07,000,00,9,1,01,A01
200600081375,0,10,000,00,9,1,02,A01
200600081375,0,02,000,00,2,4,02,B01
200600081376,0,07,000,00,1,1,01,A01
200600081377,0,07,000,00,9,1,15,A01
200600081377,0,02,000,00,2,4,01,B01
200600081377,0,07,000,00,9,1,01,C01
200600081378,0,05,000,00,2,1,17,B01
200600081378,0,07,000,00,2,1,23,C01
200600081378,0,07,000,00,2,6,15,A01
200600081379,0,07,000,00,1,1,01,A01
200600081380,0,07,000,00,1,1,01,A01
200600081381,0,10,000,00,9,7,15,A01
200600081381,0,02,000,00,2,1,01,B01
200600081431,0,07,000,00,2,1,01,A01
200600081431,0,02,000,00,2,8,19,B02
200600081432,0,36,000,12,0,9,13,A01
200600081433,0,07,000,00,2,1,13,A01
200600081433,0,07,000,00,2,1,01,B02
200600081434,0,10,000,00,2,1,01,A01
200600081434,0,10,000,00,2,8,01,B02
200600081434,0,07,000,00,2,7,01,C03
200600081434,0,07,000,00,2,3,12,D04
200600081435,0,10,000,00,1,2,01,A01
200600081436,0,07,000,00,2,3,01,A01
200600081436,0,07,000,00,2,3,01,B02
200600081437,0,10,000,06,0,2,00,A01
200600081438,0,33,000,00,0,3,01,A01
200600081439,0,07,000,00,2,3,01,A01
200600081439,0,07,000,00,2,3,01,B02
200600081440,0,07,000,02,0,1,13,A01
200600081441,0,07,000,01,1,2,11,A01
200600081442,0,07,000,00,1,3,01,A01
200600081443,0,07,000,00,2,3,19,A01
200600081443,0,07,000,00,2,1,01,B02
200600081444,0,07,000,00,2,7,13,A01
200600081444,0,07,000,00,2,1,01,B02
200600081445,0,07,000,00,1,1,01,A01
200600081446,0,07,000,00,2,8,10,A01
200600081446,0,31,000,00,2,1,17,B02
200600081447,0,33,000,00,2,1,01,A01
200600081447,0,07,000,00,0,8,19,B02
200600081448,0,07,000,00,2,5,15,A01
200600081448,0,33,000,00,2,1,01,B02
200600081449,0,07,000,00,1,2,01,A01
200600081450,0,07,000,10,0,3,17,A01
200600081451,0,07,000,00,1,1,01,A01
200600081452,0,07,000,00,0,6,24,A01
200600081453,0,07,000,00,9,1,01,A01
200600081453,0,01,000,00,2,4,01,B02
200600081454,0,07,000,00,1,2,01,A01
200600081455,0,33,000,02,0,1,17,A01
200600081456,0,30,000,00,2,4,18,A01
200600081456,0,07,000,00,0,6,00,B02
200600081457,0,07,000,00,2,7,15,A01
200600081457,0,07,000,00,2,2,01,B02
200600081457,0,07,000,00,2,2,01,C03
200600081458,0,07,000,00,2,1,19,A01
200600081458,0,07,000,00,2,8,01,B02
200600081459,0,21,000,00,0,0,23,A01
200600081459,0,07,000,01,0,1,01,C03
200600081460,0,07,000,00,0,9,01,A01
200600081461,0,07,000,00,2,1,01,A01
200600081461,0,17,000,00,0,6,01,B02
200600081462,0,02,000,00,0,0,14,A01
200600081463,0,02,000,00,2,1,00,A01
200600081463,0,02,000,00,2,1,00,B02
200600081464,0,07,000,00,2,6,15,A01
200600081464,0,30,000,00,2,1,01,B02
200600081465,0,02,000,00,2,7,17,A01
200600081465,0,01,000,00,2,8,02,B02
200600081466,0,07,000,00,2,1,01,A01
200600081466,0,07,000,00,2,7,01,B02
200600081467,0,33,000,00,0,0,02,A01
200600081468,0,01,000,00,2,1,01,A01
200600081468,0,10,000,00,2,5,15,B02
200600081469,0,33,000,00,0,7,01,A01
200600081470,0,10,000,00,2,1,15,A01
200600081470,0,33,000,00,2,1,01,B02
200600081471,0,02,000,00,0,4,12,A01
200600081471,0,07,000,00,0,3,01,B02
200600081472,0,07,000,00,2,8,15,B02
200600081473,0,07,000,16,0,9,13,A01
200600081474,0,07,000,00,0,2,19,A01
200600081474,0,31,000,00,0,1,17,B02
200600081475,0,07,000,01,0,2,14,A01
200600081476,0,07,000,00,2,3,13,A01
200600081476,0,13,000,00,2,3,01,B02
200600081477,0,10,000,13,0,1,14,A01
200600081478,0,07,000,00,1,3,01,A01
200600081479,0,10,000,00,2,3,19,A01
200600081479,0,33,000,00,2,1,01,B02
200600081516,0,07,000,00,2,3,17,A01
200600081516,0,07,000,00,2,3,01,B02
200600081516,0,07,000,00,2,1,01,C03
200600081516,0,14,000,00,0,0,00,D04
200600081518,0,07,000,00,2,1,20,A01
200600081518,0,01,000,00,2,8,01,B02
200600081519,0,07,000,00,2,3,21,A01
200600081519,0,07,000,00,2,2,13,B02
200600081520,0,07,000,00,9,2,16,A01
200600081520,0,01,000,00,2,7,19,B02
200600081521,0,07,000,00,1,1,01,A01
200600081522,0,07,000,00,2,8,01,A01
200600081522,0,07,000,00,2,1,01,B02
200600081523,0,07,000,06,0,8,01,A01
200600081524,0,02,000,00,2,1,05,A01
200600081524,0,07,000,00,2,1,01,B02
200600081525,0,07,000,00,2,2,15,A01
200600081525,0,32,000,00,2,1,01,B01
200600081526,1,99,000,00,0,0,00,A01
200600081527,0,15,000,08,0,1,01,A01
200600081528,0,07,000,00,2,1,02,A01
200600081528,0,07,000,00,2,4,01,B01
200600081529,0,07,000,00,1,1,01,A01
200600081530,0,07,000,00,2,1,13,A01
200600081530,0,03,000,00,2,1,23,B01
200600081531,0,07,000,00,2,1,15,A01
200600081531,0,07,000,00,2,7,01,B01
200600081532,0,07,000,00,1,2,01,A01
200600081533,0,07,000,00,2,4,01,A01
200600081533,0,07,000,00,2,1,02,B01
200600081534,0,07,000,00,2,2,01,A01
200600081534,0,02,000,00,2,1,09,B01
200600081535,0,07,000,00,2,1,01,B01
200600081535,0,07,000,00,2,1,15,A01
200600081536,0,07,000,00,2,0,20,A01
200600081536,0,05,000,00,2,0,05,B01
200600081537,0,07,000,00,1,8,00,A01
200600081538,0,05,000,00,2,4,02,B01
200600081538,1,07,000,00,2,1,02,A01
200600081539,1,99,000,00,1,0,00,A01
200600081540,0,07,000,00,2,3,15,A01
200600081540,0,02,000,00,2,1,05,B01
200600081541,0,07,000,00,0,0,00,A01
200600081541,0,05,000,00,2,0,00,B01
200600081542,0,13,000,00,2,4,04,A01
200600081542,0,07,000,00,2,1,02,B01
200600081543,1,02,000,00,2,1,00,A01
200600081543,0,07,000,00,2,4,00,B01
200600081544,0,07,000,00,1,0,00,A01
200600081545,1,99,000,00,1,1,00,A01
200600081546,0,02,000,00,0,0,20,A01
200600081547,0,07,000,00,2,0,00,A01
200600081547,0,04,000,00,2,0,00,B01
200600081548,0,07,000,00,2,0,00,A01
200600081548,0,07,000,00,2,0,00,B01
200600081549,0,05,000,00,2,7,14,A01
200600081549,0,07,000,00,2,8,13,B01
200600081550,0,07,000,00,0,0,00,A01
200600081550,0,07,000,00,0,4,02,B01
200600081550,0,07,000,00,2,1,02,C01
200600081551,1,99,000,00,0,0,00,A01
200600081552,0,05,000,00,2,0,00,A01
200600081552,0,07,000,00,2,0,00,B01
200600081553,0,07,000,00,2,1,05,A01
200600081553,0,07,000,00,2,1,05,B01
200600081554,0,07,000,01,2,1,05,A01
200600081554,0,07,000,00,2,1,05,B01
200600081555,0,07,000,00,2,1,17,A01
200600081556,0,18,001,00,2,8,00,A01
200600081556,0,05,000,00,2,1,00,B01
200600081557,0,07,000,00,9,4,02,A01
200600081557,0,07,000,00,2,1,02,B01
200600081557,0,07,000,00,2,1,02,C01
200600081558,0,07,000,00,1,1,00,A01
200600081559,0,01,000,16,0,0,02,A01
200600081560,0,04,000,00,2,1,00,A01
200600081560,0,07,000,00,2,8,15,B01
200600081561,0,07,000,00,2,1,01,A01
200600081561,0,07,000,00,2,3,01,B01
200600081562,0,07,000,00,0,1,01,A01
200600081563,0,02,000,00,0,7,01,A01
200600081564,0,07,000,00,2,0,00,A01
200600081564,0,18,001,00,2,0,00,B01
200600081565,2,07,000,00,2,1,09,A01
200600081565,0,07,000,00,2,8,19,B01
200600081566,0,07,000,00,2,0,00,A01
200600081566,0,04,000,00,2,0,00,B01
200600081567,0,07,000,00,9,0,00,A01
200600081567,0,01,000,00,2,0,00,B01
200600081568,0,02,000,00,2,1,15,A01
200600081568,0,07,000,00,2,3,01,B01
200600081569,1,05,000,00,1,0,00,A01
200600081570,0,07,000,00,2,0,00,A01
200600081570,0,04,000,00,2,0,00,B01
200600081571,0,07,000,00,1,0,00,A01
200600081572,0,07,000,00,2,1,02,A01
200600081572,0,07,000,00,2,6,02,B01
200600081573,0,07,000,00,2,8,15,A01
200600081573,0,02,000,00,2,1,17,B01
200600081574,0,07,000,00,2,1,00,A01
200600081574,1,05,000,00,2,0,00,B01
200600081575,0,04,000,00,2,8,18,A01
200600081575,0,07,000,00,2,7,01,B01
200600081576,0,07,000,00,2,1,00,A01
200600081576,0,07,000,00,2,2,00,B01
200600081577,0,07,000,00,2,4,00,A01
200600081577,0,07,000,00,2,1,00,B01
200600081578,0,07,000,00,2,8,15,A01
200600081578,0,05,000,00,2,1,13,B01
200600081579,0,02,000,00,2,3,00,B01
200600081579,0,07,000,00,9,4,00,A01
200600081580,0,02,000,00,2,1,00,B01
200600081580,0,07,000,00,9,1,00,A01
200600081581,0,07,000,00,1,8,00,A01
200600081582,0,07,000,00,2,1,00,B01
200600081582,0,07,000,00,2,1,00,A01
200600081583,0,02,000,00,2,4,00,B01
200600081583,0,07,000,00,9,1,00,A01
200600081584,0,02,000,00,2,1,01,B01
200600081584,0,07,000,00,2,6,00,A01
200600081585,0,07,000,00,1,1,00,A01
200600081586,0,07,000,00,2,3,00,B01
200600081586,0,07,000,00,2,1,00,A01
200600081586,0,07,000,00,2,1,00,C01
200600081587,0,07,000,00,9,1,00,A01
200600081587,0,02,000,00,2,8,00,B01
200600081588,0,07,000,00,9,6,00,A01
200600081588,0,02,000,00,2,1,00,B01
200600081588,0,07,000,00,9,1,00,C01
200600081589,0,07,000,00,9,3,00,A01
200600081589,0,02,000,00,2,1,00,B01
200600081590,0,02,000,00,2,1,00,B01
200600081590,0,07,000,00,9,6,00,A01
200600081591,0,07,000,00,2,1,00,A01
200600081591,0,07,000,00,2,4,00,B01
200600081591,0,07,000,00,2,4,00,C01
200600081592,0,02,000,00,2,0,00,B01
200600081592,1,07,000,00,0,0,00,A01
200600081593,0,07,000,00,2,1,00,A01
200600081593,0,07,000,00,2,3,00,B01
200600081594,0,01,000,00,2,1,00,B01
200600081594,0,07,000,00,9,1,00,A01
200600081595,0,02,000,00,2,7,00,B01
200600081595,0,07,000,00,9,1,00,A01
200600081596,0,02,000,00,2,1,00,B01
200600081596,0,07,000,00,4,3,00,A01
200600081597,0,02,000,00,9,6,00,A01
200600081598,0,07,000,01,9,1,00,A01
200600081598,0,01,000,00,2,0,00,B01
200600081599,0,01,000,00,0,0,00,A01
200600081600,1,07,000,00,9,0,00,A01
200600081600,0,30,000,00,2,4,00,B01
200600081601,0,07,000,00,2,2,00,A01
200600081602,0,02,000,00,9,2,00,B01
200600081602,0,07,000,00,9,8,00,A01
200600081603,0,01,000,00,2,1,00,A01
200600081603,0,07,000,00,9,7,00,B01
200600081604,0,07,000,00,2,4,00,B01
200600081604,0,07,000,01,9,1,01,A01
200600081605,0,01,000,00,2,1,02,B01
200600081605,0,07,000,00,2,6,02,A01
200600081606,0,07,000,00,2,2,01,A01
200600081606,0,02,000,00,2,2,01,B01
200600081607,0,07,000,00,9,5,00,A01
200600081607,0,02,000,00,2,1,00,B01
200600081608,0,02,000,00,2,1,00,B01
200600081608,0,07,000,00,6,3,00,A01
200600081609,0,07,000,00,9,3,00,B01
200600081609,0,02,000,00,2,1,00,A01
200600081610,0,07,000,00,1,0,00,A01
200600081611,0,02,000,00,2,1,00,B01
200600081611,0,07,000,00,9,1,00,A01
200600081612,0,02,000,00,2,1,00,A01
200600081612,0,07,000,00,9,5,00,B01
200600081613,0,07,000,00,4,2,00,A01
200600081614,0,02,000,00,2,1,00,B01
200600081614,0,07,000,00,9,1,00,A01
200600081615,0,07,000,00,9,1,00,B01
200600081615,0,02,000,00,2,1,00,A01
200600081616,0,02,000,00,2,5,05,B01
200600081616,0,07,000,00,9,2,00,A01
200600081617,0,07,000,00,2,0,01,A01
200600081617,0,07,000,00,2,6,01,B01
200600081618,0,02,000,00,9,1,00,A01
200600081619,0,07,000,00,9,0,00,B01
200600081619,0,02,000,00,2,1,00,A01
200600081620,0,07,000,00,4,1,00,A01
200600081621,0,14,000,00,2,0,01,B01
200600081621,0,07,000,00,2,3,00,A01
200600081622,1,10,000,00,1,0,00,A01
200600081623,0,07,000,00,2,3,01,A01
200600081623,0,01,000,00,2,4,16,B01
200600081624,0,02,000,00,0,0,00,B01
200600081624,1,07,000,00,0,0,00,A01
200600081625,0,02,000,00,0,0,00,A01
200600081626,0,02,000,00,2,1,00,B01
200600081626,0,07,000,00,2,6,00,A01
200600081627,0,10,000,00,2,1,02,A01
200600081627,0,01,000,00,2,7,19,B01
200600081628,0,07,000,00,2,8,24,A01
200600081628,0,02,000,01,0,1,02,B01
200600081629,0,07,000,02,0,4,02,A01
200600081630,0,07,000,00,2,7,19,A01
200600081630,0,02,000,00,2,1,02,B01
200600081631,0,07,000,00,2,1,02,A01
200600081631,0,07,000,00,2,4,02,B01
200600081632,0,02,000,00,2,1,02,A01
200600081632,0,07,000,00,2,8,02,B01
200600081633,0,07,000,00,2,8,13,A01
200600081633,0,05,000,00,2,7,17,B01
200600081634,0,05,000,00,0,0,02,A01
200600081635,0,07,000,00,2,5,02,A01
200600081635,0,01,000,00,2,8,02,B01
200600081636,0,07,000,00,1,1,01,A01
200600081636,0,07,000,00,1,1,05,B01
200600081637,0,07,000,00,2,8,10,A01
200600081637,0,02,000,00,2,1,17,B01
200600081638,0,07,000,00,0,2,23,A01
200600081638,0,01,000,00,2,1,13,B01
200600081639,0,05,000,00,2,1,21,A01
200600081639,0,10,000,00,0,4,21,B01
200600081640,0,05,000,00,2,6,01,A01
200600081640,0,07,000,00,2,1,01,B01
200600081641,0,07,000,00,2,1,01,A01
200600081641,0,05,000,00,0,4,01,B01
200600081642,0,07,000,00,1,7,16,A01
200600081643,0,07,000,00,2,0,01,A01
200600081643,0,01,000,00,2,3,01,B01
200600081644,0,05,000,00,1,1,01,A01
200600081645,0,07,000,00,1,2,01,A01
200600081646,0,07,000,00,1,3,01,A01
200600081647,0,02,000,00,2,1,17,A01
200600081647,0,07,000,00,2,3,01,B01
200600081648,0,07,000,00,2,8,01,B01
200600081649,0,07,000,00,1,1,15,A01
200600081650,0,04,000,00,0,7,17,B01
200600081650,0,07,000,00,2,3,19,A01
200600081651,0,02,000,00,1,1,01,A01
200600081652,0,07,000,00,2,1,01,A01
200600081652,0,04,000,00,2,7,15,B01
200600081653,0,07,000,00,2,3,15,A01
200600081653,0,02,000,00,2,1,17,B01
200600081654,0,05,000,00,2,1,03,A01
200600081654,0,07,000,00,2,2,21,B01
200600081655,0,05,000,00,2,3,01,B01
200600081655,0,04,000,00,2,1,15,A01
200600081656,0,07,000,00,2,1,01,A01
200600081656,0,07,000,00,0,0,01,B01
200600081657,0,07,000,00,1,8,01,A01
200600081658,0,07,000,00,1,3,01,A01
200600081659,0,07,000,00,2,1,01,A01
200600081659,0,07,000,00,0,4,01,B01
200600081660,0,18,010,00,2,1,01,A01
200600081661,0,07,000,00,1,1,16,A01
200600081662,0,07,000,00,1,1,01,A01
200600081663,0,07,000,00,2,1,19,A01
200600081663,0,05,000,00,2,7,01,B01
200600081664,0,14,000,00,2,7,14,A01
200600081664,0,07,000,00,2,3,01,B01
200600081665,0,07,000,00,2,1,19,A01
200600081665,0,07,000,00,2,7,01,B01
200600081666,0,07,000,00,2,7,01,B01
200600081666,0,05,000,00,2,1,01,A01
200600081667,0,07,000,00,1,1,01,A01
200600081668,0,07,000,00,1,8,01,A01
200600081668,0,14,000,00,0,0,00,B02
200600081669,0,07,000,03,2,1,05,A01
200600081669,0,07,000,03,2,1,01,B02
200600081670,0,33,000,00,2,2,11,A01
200600081670,0,07,000,00,2,6,01,B02
200600081671,0,07,000,16,0,1,01,A01
200600081672,0,07,000,00,2,3,13,A01
200600081672,0,07,000,00,2,3,01,B02
200600081673,0,32,000,08,0,1,01,B02
200600081674,0,02,000,00,2,1,13,A01
200600081674,0,07,000,00,2,1,01,B02
200600081675,0,07,000,04,2,3,02,A01
200600081675,0,07,000,00,0,4,02,B02
200600081676,0,07,000,00,2,7,15,A01
200600081676,0,10,000,00,2,2,01,B02
200600081676,0,07,000,00,2,7,15,C03
200600081677,0,10,000,00,2,1,01,A01
200600081677,0,33,000,00,2,1,01,B02
200600081678,0,07,000,00,0,3,05,A01
200600081678,0,15,000,00,0,3,00,B02
200600081679,0,07,000,00,0,1,05,A01
200600081679,0,14,000,00,0,1,01,B02
200600081680,0,07,000,00,2,2,02,A01
200600081680,0,30,000,00,2,6,13,B02
200600081681,0,33,000,00,2,1,01,A01
200600081681,0,07,000,00,2,3,01,B02
200600081681,0,07,000,00,2,3,01,C03
200600081682,0,07,000,06,0,1,01,A01
200600081683,0,14,000,00,1,2,01,A01
200600081684,0,07,000,00,2,2,17,A01
200600081684,0,10,000,00,2,3,01,B02
200600081685,0,07,000,00,1,2,01,A01
200600081686,0,07,000,00,2,1,17,A01
200600081686,0,07,000,00,2,3,13,B02
200600081687,0,10,000,00,1,1,01,A01
200600081688,0,07,000,00,2,8,01,A01
200600081688,0,02,000,00,2,3,13,B02
200600081689,0,07,000,00,2,2,01,A01
200600081690,0,07,000,01,0,1,21,A01
200600081690,0,30,000,04,0,4,23,B02
200600081691,0,07,000,00,2,2,02,A01
200600081692,0,07,000,00,2,5,15,A01
200600081692,0,07,000,00,2,1,01,B02
200600081692,0,33,000,00,2,1,01,C03
200600081693,0,07,000,14,0,1,17,A01
200600081694,0,07,000,00,2,3,01,A01
200600081694,0,02,000,00,2,8,05,B02
200600081695,0,07,000,00,2,3,01,A01
200600081695,0,07,000,00,0,0,00,B02
200600081696,0,07,000,00,0,0,00,A01
200600081696,0,01,000,00,0,0,00,B02
200600081697,0,02,000,00,2,7,15,A01
200600081697,0,07,000,00,2,3,01,B02
200600081697,0,07,000,00,0,6,23,C03
200600081698,0,14,000,00,2,6,15,A01
200600081698,0,32,000,00,2,1,01,B02
200600081699,0,01,000,00,2,1,05,A01
200600081699,0,07,000,00,2,2,01,B02
200600081700,0,10,000,00,2,3,13,A01
200600081700,0,07,000,00,2,1,01,B02
200600081700,0,07,000,00,2,2,21,C03
200600081701,0,07,000,00,2,1,13,A01
200600081701,0,07,000,00,2,1,01,B02
200600081702,0,02,000,00,2,1,02,A01
200600081702,0,10,000,00,2,5,15,B02
200600081703,0,07,000,00,2,6,23,A01
200600081703,0,31,000,01,0,1,01,B02
200600081704,0,10,000,00,1,2,20,A01
200600081705,0,30,000,00,2,0,13,A01
200600081706,0,07,000,00,2,1,01,A01
200600081706,0,07,000,00,2,7,15,B02
200600081707,0,07,000,01,0,2,01,A01
200600081708,0,30,000,00,2,1,01,A01
200600081708,0,07,000,00,2,2,15,B02
200600081709,0,07,000,00,2,3,01,A01
200600081709,0,01,000,00,2,1,13,B02
200600081710,0,33,000,00,2,7,01,A01
200600081710,0,07,000,00,0,0,15,B02
200600081711,0,33,000,00,2,1,01,A01
200600081711,0,07,000,00,2,5,15,B02
200600081712,0,07,000,00,0,6,24,A01
200600081712,0,02,000,01,0,1,02,B02
200600081713,0,07,000,00,2,2,13,A01
200600081713,0,07,000,00,2,1,01,B02
200600081714,0,02,000,00,2,9,01,A01
200600081714,0,33,000,00,2,0,01,B02
200600081715,0,07,000,06,0,1,01,A01
200600081716,0,07,000,00,2,1,13,A01
200600081716,0,07,000,00,2,1,01,B02
200600081717,0,07,000,00,2,3,15,A01
200600081717,0,33,000,00,2,1,01,B02
200600081718,0,07,000,00,1,2,01,A01
200600081719,0,07,000,00,1,3,14,A01
200600081720,0,31,000,16,0,8,01,A01
200600081721,0,31,000,02,0,1,01,A01
200600081740,0,33,000,00,2,1,01,A01
200600081740,0,07,000,00,2,8,01,B02
200600081740,0,07,000,00,2,3,17,C03
200600081740,0,07,000,00,2,3,01,D04
200600081740,0,14,000,00,0,0,00,E05
200600081741,0,07,000,00,0,3,19,A01
200600081741,0,33,000,00,2,7,01,B02
200600081747,0,07,000,00,2,3,13,A01
200600081747,0,07,000,00,2,3,01,B02
200600081748,0,07,000,00,0,0,01,A01
200600081748,0,01,000,00,2,1,19,B02
200600081750,0,07,000,00,2,1,01,A01
200600081750,0,02,000,00,2,8,15,B02
200600081751,0,07,000,00,2,7,13,A01
200600081751,0,07,000,00,2,1,01,B02
200600081751,0,07,000,00,2,1,01,C03
200600081751,0,07,000,13,0,0,13,D04
200600081752,0,38,000,00,2,1,21,A01
200600081752,0,07,000,00,2,1,23,B02
200600081753,0,07,000,06,0,2,14,A01
200600081757,0,33,000,00,2,1,01,B01
200600081757,0,07,000,00,2,6,01,A01
200600081758,0,30,000,00,2,1,13,A01
200600081758,0,10,000,00,9,3,01,B01
200600081759,0,07,000,01,9,1,14,A01
200600081760,0,07,000,00,1,4,05,A01
200600081761,0,05,000,12,0,0,00,A01
200600081762,0,13,000,00,2,1,01,A01
200600081762,0,07,000,00,2,4,02,B01
200600081762,0,07,000,00,2,4,02,C01
200600081762,0,07,000,00,2,4,02,D01
200600081762,0,07,000,00,2,4,02,E01
200600081763,0,07,000,00,2,6,01,A01
200600081763,0,05,000,00,2,1,01,B01
200600081763,0,05,000,00,2,1,01,C01
200600081764,0,05,000,00,2,2,01,A01
200600081764,0,07,000,04,2,6,01,B01
200600081765,0,07,000,00,2,1,02,A01
200600081765,0,07,000,00,2,4,01,B01
200600081766,0,07,000,12,0,2,11,A01
200600081767,0,07,000,00,2,2,01,A01
200600081767,0,07,000,03,2,6,02,B01
200600081768,0,07,000,00,9,1,01,A01
200600081768,0,07,000,00,9,8,01,B01
200600081769,0,07,000,00,1,3,01,A01
200600081770,0,07,000,00,9,2,01,A01
200600081770,0,01,000,00,2,1,19,B01
200600081771,0,07,000,00,2,1,01,A01
200600081771,0,07,000,00,2,1,01,B01
200600081771,0,07,000,00,2,2,01,C01
200600081772,0,07,000,00,2,4,02,A01
200600081772,0,05,000,00,2,1,02,B01
200600081773,2,07,000,02,2,1,01,A01
200600081773,0,07,000,02,2,4,02,B01
200600081773,0,07,000,02,2,4,01,C01
200600081774,0,07,000,01,0,2,01,A01
200600081775,0,07,000,00,6,3,01,A01
200600081775,0,01,000,00,2,1,01,B01
200600081776,0,02,000,00,1,1,02,A01
200600081776,0,99,000,00,2,4,02,B01
200600081777,0,07,000,00,2,3,13,A01
200600081777,0,07,000,00,2,6,01,B01
200600081778,0,07,000,00,2,3,15,A01
200600081778,0,02,000,00,2,4,03,B01
200600081779,0,07,000,00,1,3,00,A01
200600081779,0,07,000,00,2,3,01,B01
200600081780,0,07,000,13,0,2,01,A01
200600081781,0,07,000,00,9,7,01,A01
200600081781,0,01,000,00,2,1,01,B01
200600081782,0,02,000,00,2,1,00,A01
200600081782,0,07,000,00,2,1,15,B01
200600081783,0,07,000,03,0,3,00,A01
200600081784,0,07,000,00,2,2,01,A01
200600081784,0,02,000,00,2,4,16,B01
200600081785,0,02,000,00,2,0,01,A01
200600081785,1,07,000,00,2,0,17,B01
200600081786,0,07,000,06,0,0,01,A01
200600081787,0,07,000,10,0,9,00,A01
200600081788,0,01,000,00,2,0,01,A01
200600081788,0,07,000,00,9,1,01,B01
200600081789,0,07,000,00,2,1,01,A01
200600081789,0,07,000,08,2,1,01,B01
200600081790,0,07,000,13,0,2,01,A01
200600081791,0,07,000,00,2,2,00,A01
200600081791,0,07,000,00,2,3,01,B01
200600081792,0,05,000,00,2,1,18,A01
200600081792,0,07,000,00,2,1,15,B01
200600081793,0,07,000,08,0,1,00,A01
200600081794,0,07,000,13,0,0,01,A01
200600081795,0,07,000,00,2,1,01,A01
200600081795,0,02,000,00,2,0,01,B01
200600081796,0,07,000,00,2,1,00,A01
200600081796,0,07,000,00,2,4,02,B01
200600081797,0,07,000,00,2,4,02,A01
200600081797,0,07,000,00,2,4,02,B01
200600081798,0,07,000,01,2,1,21,A01
200600081798,0,07,000,00,2,4,23,B01
200600081799,0,07,000,00,2,4,01,A01
200600081799,0,05,000,00,2,1,09,B01
200600081843,0,20,000,00,1,2,01,A01
200600081844,0,07,000,00,2,1,01,A01
200600081844,0,07,000,00,2,4,01,B01
200600081845,0,07,000,00,1,1,01,A01
200600081846,0,07,000,00,2,3,01,A01
200600081846,0,07,000,00,2,3,01,B01
200600081847,0,07,000,00,2,8,15,B01
200600081847,0,30,000,00,2,1,17,A01
200600081848,0,07,000,00,2,1,15,A01
200600081848,0,07,000,00,2,2,09,B01
200600081849,0,07,000,08,0,1,01,A01
200600081850,1,07,000,00,2,0,15,B01
200600081850,0,07,000,00,2,1,01,A01
200600081851,0,07,000,00,2,7,17,B01
200600081851,0,02,000,00,1,1,01,A01
200600081852,0,07,000,00,1,1,10,A01
200600081853,0,07,000,00,2,1,19,A01
200600081853,0,07,000,00,2,1,01,B01
200600081854,0,07,000,00,1,1,01,A01
200600081855,0,07,000,00,0,1,16,A01
200600081856,0,07,000,00,1,1,01,A01
200600081857,0,07,000,00,2,1,06,A01
200600081857,0,07,000,00,2,8,06,B01
200600081858,0,07,000,00,2,7,12,A01
200600081858,0,05,000,00,2,8,01,B01
200600081859,0,05,000,00,2,1,02,A01
200600081859,0,07,000,00,2,0,02,B01
200600081860,2,07,000,01,2,1,00,A01
200600081860,0,07,000,01,2,0,00,B01
200600081861,0,07,000,00,1,1,01,A01
200600081862,0,05,000,00,0,0,00,A01
200600081863,0,07,000,00,1,7,00,A01
200600081864,0,07,000,00,2,1,05,A01
200600081864,0,07,000,00,2,1,05,B01
200600081865,0,07,000,00,1,0,01,A01
200600081866,1,99,000,00,2,0,00,A01
200600081866,0,07,000,00,2,0,00,B01
200600081867,0,99,000,00,2,5,05,A01
200600081867,0,05,000,00,2,8,21,B01
200600081868,0,07,000,00,1,0,21,A01
200600081869,0,07,000,00,2,0,00,A01
200600081869,0,07,000,00,2,1,05,B01
200600081870,0,07,000,00,2,0,00,A01
200600081870,0,99,000,00,2,0,01,B01
200600081871,0,07,000,00,2,1,13,A01
200600081871,0,07,000,00,2,1,01,B01
200600081872,0,07,000,00,2,1,01,A01
200600081872,1,99,000,00,0,0,00,B01
200600081873,1,99,000,00,0,0,00,A01
200600081874,0,07,000,00,1,1,01,A01
200600081875,0,05,000,16,0,0,17,A01
200600081876,0,07,000,00,2,0,00,A01
200600081876,1,99,000,00,0,0,00,B01
200600081876,0,07,000,00,2,0,00,C01
200600081877,0,04,000,00,0,0,00,A01
200600081877,0,07,000,00,2,8,15,B01