Num_Acc,senc,catv,occutc,obs,obsm,choc,manv,num_veh
200600081878,2,07,000,00,2,1,05,A01
200600081878,0,07,000,00,2,1,05,B01
200600081879,0,07,000,00,2,0,00,A01
200600081879,0,02,000,00,2,0,00,B01
200600081879,0,02,000,00,2,0,00,C01
200600081880,0,07,000,00,2,1,02,A01
200600081880,0,07,000,00,2,4,02,B01
200600081881,0,07,000,00,1,1,15,A01
200600081882,0,04,000,00,2,1,01,A01
200600081882,0,07,000,00,2,1,01,B01
200600081883,0,07,000,00,2,1,02,A01
200600081883,0,07,000,00,2,4,02,B01
200600081883,0,07,000,00,2,4,02,C01
200600081884,0,07,000,00,2,8,00,B01
200600081884,0,04,000,00,2,1,00,A01
200600081885,0,07,000,01,0,1,13,A01
200600081885,0,07,000,01,0,8,24,B01
200600081885,0,07,000,01,0,4,24,C01
200600081885,0,07,000,00,2,2,01,D01
200600081886,0,13,000,00,0,3,13,A01
200600081886,0,07,000,00,2,2,15,B01
200600081887,0,07,000,00,1,1,01,A01
200600081888,0,07,000,00,1,1,01,A01
200600081889,0,07,000,00,2,0,00,A01
200600081889,0,05,000,00,2,0,00,B01
200600081890,0,07,000,00,2,1,02,A01
200600081890,0,07,000,00,2,4,02,B01
200600081891,0,07,000,00,2,2,15,A01
200600081891,0,07,000,00,2,1,01,B01
200600081892,2,02,000,01,1,1,01,A01
200600081893,0,07,000,00,6,8,15,A01
200600081893,0,05,000,00,2,7,17,B01
200600081894,2,07,000,14,0,1,01,C01
200600081894,0,07,000,00,2,4,02,A01
200600081894,0,07,000,00,2,3,02,B01
200600081895,0,05,000,00,2,1,02,A01
200600081895,0,07,000,00,2,4,02,B01
200600081896,0,07,000,00,2,1,02,A01
200600081896,0,07,000,00,2,4,02,B01
200600081897,0,07,000,08,0,9,00,A01
200600081898,0,07,000,03,2,1,01,A01
200600081898,0,07,000,00,2,4,02,B01
200600081898,0,07,000,03,2,1,02,C01
200600081899,0,07,000,00,2,3,09,A01
200600081899,0,05,000,00,2,2,01,B01
200600081900,0,07,000,13,0,1,01,A01
200600081901,0,07,000,00,2,3,15,A01
200600081901,0,02,000,00,2,1,01,B01
200600081902,0,07,000,09,2,4,01,B01
200600081902,0,07,000,00,2,1,01,A01
200600081903,0,07,000,00,2,1,01,A01
200600081903,0,07,000,00,2,4,02,B01
200600081904,0,07,000,13,0,7,01,A01
200600081905,0,07,000,00,2,7,12,A01
200600081905,0,14,000,00,2,3,01,B01
200600081906,0,05,000,00,2,1,01,B01
200600081906,0,07,000,00,2,3,15,A01
200600081907,0,07,000,00,1,2,01,A01
200600081908,0,07,000,00,9,4,00,A01
200600081908,0,07,000,00,2,1,02,B01
200600081909,0,07,000,00,9,1,09,C01
200600081909,0,07,000,00,2,1,00,A01
200600081909,0,02,000,00,2,7,00,B01
200600081910,0,07,000,00,1,8,01,A01
200600081911,0,30,000,06,0,1,01,A01
200600081912,0,07,000,00,0,8,01,A01
200600081913,0,07,000,14,0,1,16,A01
200600081914,0,07,000,12,9,9,09,A01
200600081915,0,07,000,00,9,3,15,A01
200600081915,0,31,000,00,2,1,01,B01
200600081916,0,07,000,00,4,1,00,A01
200600081917,0,07,000,08,4,1,00,A01
200600081918,0,02,000,00,2,1,01,B01
200600081918,0,07,000,00,9,7,04,A01
200600081919,0,07,000,00,2,3,01,B01
200600081919,0,02,000,00,2,1,09,A01
200600081920,1,07,000,00,1,0,09,A01
200600081921,0,07,000,00,2,1,00,B01
200600081921,0,07,000,00,2,1,00,A01
200600081922,0,07,000,08,4,1,00,A01
200600081923,0,02,000,00,2,7,01,B01
200600081923,0,07,000,00,9,2,00,A01
200600081924,0,07,000,00,2,1,00,A01
200600081924,0,07,000,00,2,3,00,B01
200600081925,0,07,000,00,9,3,00,A01
200600081925,0,02,000,00,2,1,00,B01
200600081926,0,07,000,00,9,1,00,A01
200600081926,0,01,000,00,2,1,00,B01
200600081927,0,07,000,00,2,7,00,B01
200600081927,0,07,000,00,2,3,00,A01
200600081928,0,07,000,00,2,7,00,C01
200600081928,0,01,000,00,2,0,00,B01
200600081928,0,07,000,00,2,7,00,A01
200600081929,0,07,000,00,1,1,00,A01
200600081930,0,31,000,00,9,1,00,A01
200600081930,0,07,000,00,9,0,00,B01
200600081931,0,07,000,00,9,1,00,B01
200600081931,0,02,000,00,2,0,00,A01
200600081932,0,07,000,02,2,3,00,C01
200600081932,0,02,000,00,2,1,00,D01
200600081932,0,07,000,00,2,1,00,A01
200600081932,0,07,000,00,2,1,00,B01
200600081933,0,07,000,00,2,4,02,B01
200600081933,0,07,000,00,2,3,02,A01
200600081934,0,07,000,00,1,1,00,A01
200600081935,0,02,000,00,1,1,00,A01
200600081936,0,02,000,00,9,1,00,A01
200600081937,0,07,000,00,9,1,00,B01
200600081937,0,07,000,00,2,1,02,A01
200600081938,0,07,000,00,2,6,00,B01
200600081938,0,07,000,00,2,1,00,A01
200600081939,0,07,000,00,2,1,02,A01
200600081939,0,07,000,01,2,4,00,C01
200600081939,0,07,000,00,2,1,00,B01
200600081940,0,07,000,00,2,4,00,B01
200600081940,0,07,000,00,2,1,00,A01
200600081941,0,07,000,00,4,1,00,A01
200600081942,0,02,000,00,2,7,00,B01
200600081942,0,07,000,00,9,1,00,A01
200600081943,0,02,000,00,2,3,01,A01
200600081944,1,07,000,00,1,0,00,A01
200600081945,0,07,000,00,2,7,00,A01
200600081945,0,07,000,00,2,8,00,B01
200600081946,0,07,000,00,1,7,00,A01
200600081947,1,07,000,00,0,0,00,A01
200600081948,0,02,000,00,2,1,00,A01
200600081948,0,07,000,00,9,6,00,B01
200600081949,0,07,000,00,2,7,15,A01
200600081949,0,02,000,00,2,1,02,B01
200600081950,0,01,000,00,0,0,02,A01
200600081951,0,07,000,00,2,6,04,A01
200600081951,0,01,000,00,2,1,02,B01
200600081952,0,02,000,00,2,1,02,A01
200600081952,0,07,000,00,2,4,02,B01
200600081953,0,01,000,00,2,1,19,A01
200600081953,0,07,000,00,2,5,02,B01
200600081954,0,07,000,00,2,8,02,B01
200600081954,0,07,000,00,2,1,15,A01
200600081955,0,07,000,00,0,9,02,A01
200600081956,0,10,000,00,0,0,14,A01
200600081957,0,02,000,00,2,1,02,A01
200600081957,0,07,000,00,2,4,02,B01
200600081958,0,10,000,01,0,2,02,A01
200600081958,0,07,000,00,2,6,24,B01
200600081959,0,02,000,00,2,2,02,B01
200600081959,0,07,000,00,2,1,02,A01
200600081960,0,07,000,00,2,7,02,B01
200600081960,0,07,000,00,2,1,02,A01
200600081961,0,05,000,00,2,1,17,A01
200600081961,0,18,001,00,2,3,15,B01
200600081962,0,07,000,00,2,1,02,A01
200600081962,0,07,000,00,2,8,02,B01
200600081963,0,04,000,00,5,1,02,A01
200600081964,0,07,000,15,0,1,01,A01
200600081965,0,07,000,00,9,5,15,A01
200600081965,0,01,000,00,2,1,01,B01
200600081966,0,07,000,00,1,3,01,A01
200600081967,0,07,000,00,9,1,15,A01
200600081967,0,02,000,00,2,1,01,B01
200600081968,0,02,000,00,2,1,01,A01
200600081968,0,07,000,00,2,4,15,B01
200600081969,0,07,000,00,9,2,15,A01
200600081969,0,02,000,00,2,1,17,B01
200600081970,0,07,000,00,1,1,01,A01
200600081971,0,07,000,00,2,2,15,A01
200600081971,0,07,000,00,2,3,15,B01
200600081971,0,05,000,00,2,1,01,C01
200600081972,0,07,000,00,1,1,01,A01
200600081973,0,01,000,00,2,1,01,A01
200600081973,0,07,000,00,9,6,01,B01
200600081974,0,07,000,00,1,2,01,A01
200600081975,0,01,000,00,2,1,13,A01
200600081975,0,07,000,00,9,3,01,B01
200600081976,0,07,000,00,1,2,01,A01
200600081977,0,01,000,00,1,1,01,A01
200600081978,0,07,000,00,1,1,01,A01
200600081979,0,14,000,00,1,8,01,A01
200600081980,0,07,000,00,9,3,19,A01
200600081980,0,05,000,00,2,1,01,B01
200600081981,0,07,000,00,9,6,15,A01
200600081981,0,05,000,00,2,1,17,B01
200600081982,0,07,000,00,2,2,15,A01
200600081982,0,05,000,01,2,1,01,B01
200600081983,0,01,000,00,2,1,05,A01
200600081983,0,07,000,00,2,2,01,B01
200600081984,0,01,000,01,2,1,13,A01
200600081984,0,07,000,00,2,7,01,B01
200600081985,0,07,000,00,9,2,15,A01
200600081985,0,02,000,00,2,1,01,B01
200600081986,0,07,000,12,0,2,01,A01
200600081987,0,07,000,07,0,1,01,A01
200600081988,0,07,000,00,1,2,01,A01
200600081989,0,07,000,00,1,3,01,A01
200600081990,0,07,000,08,0,1,13,A01
200600081991,0,07,000,00,9,4,02,A01
200600081991,0,14,000,00,2,1,01,B01
200600081992,0,01,000,00,1,1,01,A01
200600081993,0,07,000,00,2,4,02,A01
200600081993,0,07,000,00,2,1,02,B01
200600081993,0,07,000,00,2,1,01,C01
200600081994,0,07,000,00,2,8,15,A01
200600081994,0,05,000,00,2,1,01,B01
200600081995,0,07,000,03,0,1,14,A01
200600081996,0,07,000,00,1,7,01,A01
200600081997,0,04,000,00,2,1,17,A01
200600081997,0,02,000,00,2,6,01,B01
200600081998,0,07,000,00,1,1,01,A01
200600081999,0,18,001,00,2,8,01,A01
200600081999,0,01,000,00,2,7,17,B01
200600082000,0,01,000,00,2,1,01,A01
200600082000,0,07,000,00,2,8,01,B01
200600082032,0,07,000,16,0,9,01,A01
200600082033,0,07,000,00,2,1,17,A01
200600082033,0,07,000,00,2,3,01,B02
200600082034,0,10,000,02,0,1,01,A01
200600082034,0,14,000,00,0,0,00,B02
200600082034,0,07,000,00,0,0,00,C03
200600082035,0,30,000,00,2,1,15,A01
200600082035,0,07,000,00,2,1,01,B02
200600082036,0,07,000,00,2,1,01,A01
200600082036,0,07,000,00,2,1,01,B02
200600082037,0,07,000,13,2,3,13,A01
200600082037,0,10,000,00,2,1,01,B02
200600082037,0,07,000,00,2,8,01,C03
200600082038,0,07,000,00,1,1,01,A01
200600082039,0,30,000,00,1,1,01,A01
200600082040,0,07,000,00,2,3,13,A01
200600082040,0,07,000,00,2,3,01,B02
200600082040,0,07,000,00,2,3,01,C03
200600082041,0,33,000,00,2,1,05,A01
200600082041,0,07,000,00,2,1,05,B02
200600082042,0,07,000,00,0,0,00,A01
200600082042,0,07,000,00,2,3,01,B02
200600082043,0,07,000,01,0,3,14,A01
200600082043,0,07,000,00,2,5,24,B02
200600082044,0,07,000,00,2,3,01,A01
200600082044,0,07,000,00,2,3,01,B02
200600082045,0,07,000,00,2,1,13,B02
200600082045,0,07,000,00,0,1,01,C03
200600082046,0,07,000,00,0,3,15,A01
200600082046,0,31,000,00,2,1,01,B02
200600082046,0,07,000,00,0,8,00,C03
200600082047,0,07,000,08,0,8,01,A01
200600082048,0,07,000,00,2,2,21,A01
200600082048,0,07,000,00,2,3,01,B02
200600082049,0,07,000,13,0,1,01,A01
200600082050,0,10,000,00,2,1,05,A01
200600082050,0,07,000,00,2,3,21,B02
200600082050,0,07,000,00,2,1,21,C03
200600082050,0,07,000,00,2,1,21,D04
200600082051,0,14,000,00,2,1,01,A01
200600082051,0,30,000,00,2,1,05,B02
200600082052,0,32,000,00,1,1,01,A01
200600082053,0,03,000,00,0,9,01,A01
200600082054,0,07,000,00,2,3,01,A01
200600082054,0,33,000,00,2,1,01,B02
200600082055,0,10,000,00,2,2,01,A01
200600082055,0,01,000,00,9,4,01,B02
200600082056,0,07,000,13,0,2,01,A01
200600082057,0,36,000,15,0,3,14,A01
200600082058,0,07,000,13,0,3,17,A01
200600082059,0,30,000,00,0,3,01,A01
200600082060,0,30,000,16,0,1,01,A01
200600082061,0,10,000,01,2,2,15,A01
200600082061,0,07,000,00,2,1,01,B02
200600082062,0,07,000,00,2,3,13,A01
200600082062,0,31,000,00,2,1,01,B02
200600082063,0,07,000,06,0,2,01,A01
200600082064,0,30,000,00,2,1,18,A01
200600082064,0,07,000,00,9,5,19,B02
200600082065,0,07,000,00,2,1,19,A01
200600082065,0,33,000,00,2,1,01,B02
200600082066,0,07,000,00,2,3,01,A01
200600082066,0,33,000,00,2,1,13,B02
200600082067,0,07,000,00,2,2,01,A01
200600082067,0,02,000,00,2,4,11,B02
200600082068,0,30,000,00,2,8,01,A01
200600082068,0,07,000,00,2,5,01,B02
200600082069,0,07,000,13,0,1,01,A01
200600082070,0,02,000,00,2,1,02,A01
200600082070,0,07,000,00,2,3,15,B02
200600082071,0,30,000,14,9,4,00,A01
200600082072,0,07,000,00,2,3,15,A01
200600082072,0,02,000,00,2,1,17,B02
200600082073,0,33,000,13,0,1,01,A01
200600082074,0,07,000,13,0,2,01,A01
200600082075,0,07,000,00,2,3,13,A01
200600082075,0,07,000,00,2,8,01,B02
200600082075,0,07,000,00,2,8,01,C03
200600082076,0,17,000,00,0,8,13,A01
200600082076,0,07,000,00,0,3,00,B02
200600082077,0,01,000,00,2,7,01,A01
200600082077,0,10,000,00,2,1,15,B02
200600082078,0,33,000,00,0,2,24,B02
200600082078,0,33,000,00,0,2,24,C03
200600082078,0,33,000,00,0,2,24,D04
200600082078,0,07,000,00,1,1,13,A01
200600082079,0,07,000,00,0,2,15,A01
200600082079,0,02,000,00,0,1,01,B02
200600082080,0,32,000,00,2,1,01,A01
200600082080,0,07,000,00,0,3,13,B02
200600082081,0,38,000,00,2,1,01,A01
200600082081,0,07,000,00,2,8,01,B02
200600082082,0,07,000,14,1,3,01,A01
200600082083,0,14,000,00,0,8,15,A01
200600082083,0,02,000,00,0,1,00,B02
200600082084,0,07,000,00,2,3,01,A01
200600082084,0,33,000,00,2,1,17,B02
200600082085,0,07,000,00,2,1,01,A01
200600082085,0,07,000,00,2,7,13,B02
200600082086,0,07,000,00,1,8,01,A01
200600082087,0,07,000,00,9,5,15,A01
200600082087,0,33,000,00,2,1,01,B02
200600082088,0,07,000,00,1,1,13,A01
200600082089,0,02,000,06,0,1,01,A01
200600082090,0,07,000,01,2,6,00,A01
200600082090,0,02,000,01,2,2,14,B02
200600082091,0,10,000,13,0,8,01,A01
200600082092,0,10,000,00,2,5,15,A01
200600082092,0,33,000,00,2,1,01,B02
200600082093,0,07,000,02,0,1,14,A01
200600082123,0,07,000,00,2,2,13,A01
200600082123,0,07,000,00,2,2,01,B02
200600082128,0,07,000,00,9,3,01,A01
200600082128,0,02,000,00,2,1,13,B02
200600082129,0,03,000,08,0,9,21,A01
200600082130,0,07,000,00,2,1,13,A01
200600082130,0,33,000,00,2,1,01,B02
200600082130,0,02,000,00,2,1,01,C03
200600082131,0,10,000,00,1,1,01,A01
200600082134,0,07,000,09,1,1,14,A01
200600082135,0,07,000,00,2,1,21,A01
200600082135,0,30,000,00,0,4,15,B02
200600082136,0,07,000,00,2,5,10,A01
200600082136,0,33,000,00,2,2,21,B02
200600082137,0,07,000,00,0,0,00,A01
200600082137,0,01,000,00,0,0,00,B02
200600082137,0,01,000,00,0,0,00,C03
200600082138,0,05,000,01,0,7,01,A01
200600082139,0,07,000,13,0,9,01,A01
200600082140,0,10,000,13,0,2,21,A01
200600082141,0,07,000,00,2,1,13,A01
200600082141,0,07,000,00,2,8,01,B02
200600082141,0,33,000,00,9,0,01,C03
200600082141,0,07,000,00,2,3,01,D04
200600082142,0,30,000,06,0,1,01,A01
200600082143,0,07,000,00,2,8,19,A01
200600082143,0,31,000,00,2,1,01,B02
200600082147,0,30,000,04,0,1,01,A01
200600082148,0,07,000,00,2,4,01,B01
200600082148,0,07,000,00,2,1,01,A01
200600082149,0,07,000,00,2,1,01,A01
200600082149,0,02,000,05,2,1,01,B01
200600082150,0,07,000,00,2,1,01,A01
200600082150,0,07,000,00,2,4,01,B01
200600082151,0,14,000,00,2,1,01,A01
200600082151,0,01,000,00,2,8,01,B01
200600082152,0,07,000,00,1,1,01,A01
200600082153,0,07,000,00,2,1,15,A01
200600082153,0,02,000,00,2,1,01,B01
200600082154,0,07,000,00,2,1,01,A01
200600082154,0,07,000,00,2,8,24,B01
200600082154,0,07,000,00,2,3,24,C01
200600082154,0,07,000,00,2,4,24,D01
200600082155,0,07,000,00,2,1,06,A01
200600082155,0,07,000,00,2,1,01,B01
200600082155,0,07,000,00,2,1,01,C01
200600082156,0,07,000,08,0,9,01,A01
200600082157,0,01,000,00,2,1,01,A01
200600082157,0,07,000,00,2,4,01,B01
200600082158,0,07,000,00,0,1,19,A01
200600082159,0,07,000,00,2,1,17,A01
200600082159,0,07,000,00,2,1,01,B01
200600082160,0,02,000,00,2,1,13,A01
200600082160,0,07,000,01,2,1,01,B01
200600082161,0,07,000,02,0,9,01,A01
200600082162,0,30,000,00,2,1,19,A01
200600082162,0,07,000,00,2,2,01,B01
200600082162,0,07,000,00,2,4,24,C01
200600082163,0,07,000,00,2,4,01,A01
200600082163,0,07,000,00,2,8,01,B01
200600082164,0,07,000,00,1,1,14,A01
200600082165,0,07,000,00,2,7,01,A01
200600082165,0,07,000,00,2,1,10,B01
200600082166,1,99,000,00,0,0,00,A01
200600082167,0,07,000,00,2,5,11,A01
200600082168,0,07,000,00,1,1,01,A01
200600082169,0,07,000,00,2,2,00,A01
200600082169,0,07,000,00,2,5,00,B01
200600082169,0,07,000,00,2,1,00,C01
200600082169,0,07,000,00,2,3,00,D01
200600082169,0,07,000,00,2,3,00,E01
200600082170,0,02,000,00,2,1,01,A01
200600082170,0,07,000,00,0,1,01,B01
200600082171,0,07,000,00,2,1,15,A01
200600082171,0,07,000,00,2,2,01,B01
200600082172,0,05,000,00,0,7,01,A01
200600082173,0,05,000,00,9,7,01,A01
200600082174,1,99,000,00,2,0,00,A01
200600082175,0,07,000,00,1,1,00,A01
200600082176,0,07,000,00,1,1,01,A01
200600082177,0,07,000,00,2,7,19,A01
200600082177,0,07,000,00,2,1,01,B01
200600082178,0,18,001,00,1,1,00,A01
200600082179,0,02,000,00,1,1,00,A01
200600082180,0,05,000,00,2,7,21,A01
200600082180,0,07,000,00,2,0,18,B01
200600082180,0,07,000,00,2,1,00,C01
200600082181,0,07,000,00,1,1,01,A01
200600082182,0,07,000,00,1,4,04,A01
200600082183,0,18,004,00,2,0,21,A01
200600082183,1,99,000,00,0,0,00,B01
200600082184,0,07,000,00,2,8,02,A01
200600082184,1,99,000,00,0,0,00,B01
200600082185,0,07,000,00,2,1,02,A01
200600082185,0,04,000,00,2,4,02,B01
200600082186,0,05,000,00,2,1,00,A01
200600082186,0,02,000,00,2,1,00,B01
200600082187,0,07,000,00,1,1,01,A01
200600082188,0,05,000,00,1,1,01,A01
200600082189,0,05,000,00,2,1,01,A01
200600082189,0,07,000,00,2,1,09,B01
200600082190,0,07,000,00,2,1,01,A01
200600082190,0,05,000,00,2,7,19,B01
200600082191,0,07,000,00,0,5,01,A01
200600082192,0,07,000,00,2,1,02,A01
200600082192,0,07,000,00,2,4,02,B01
200600082193,0,07,000,00,2,1,01,B01
200600082193,1,99,000,00,0,0,00,A01
200600082194,0,07,000,00,2,8,19,A01
200600082194,0,07,000,00,2,9,19,B01
200600082195,0,07,000,00,2,3,21,A01
200600082195,0,07,000,00,2,2,05,B01
200600082196,0,07,000,00,2,1,00,A01
200600082197,0,07,000,00,1,1,00,A01
200600082198,0,07,000,00,1,1,01,A01
200600082199,0,07,000,00,0,0,00,A01
200600082200,0,07,000,00,2,6,00,A01
200600082200,0,07,000,00,2,7,01,B01
200600082201,0,02,000,00,0,0,00,A01
200600082202,0,07,000,00,2,1,05,A01
200600082202,0,04,000,00,2,1,05,B01
200600082203,0,05,000,00,0,0,00,A01
200600082204,0,07,000,00,2,2,02,A01
200600082204,0,07,000,16,2,8,01,B01
200600082205,0,10,000,00,1,6,04,A01
200600082206,0,07,000,00,2,1,01,A01
200600082206,0,05,000,00,2,9,01,B01
200600082207,0,07,000,00,2,1,15,A01
200600082207,0,07,000,00,2,6,01,B01
200600082207,0,07,000,00,2,3,01,C01
200600082208,0,07,000,00,0,2,01,A01
200600082208,0,10,000,00,0,5,00,B01
200600082209,0,07,000,00,2,6,13,A01
200600082209,0,07,000,00,2,8,01,B01
200600082209,0,07,000,00,2,8,01,C01
200600082210,0,07,000,13,0,9,01,A01
200600082211,0,05,000,00,2,1,02,A01
200600082211,0,07,000,00,2,4,02,B01
200600082212,0,07,000,00,2,3,15,A01
200600082212,0,07,000,00,2,2,01,B01
200600082213,0,07,000,00,2,3,01,A01
200600082213,0,07,000,00,2,2,00,B01
200600082214,0,07,000,04,0,1,01,A01
200600082215,0,07,000,04,2,3,01,A01
200600082216,0,07,000,04,0,1,01,A01
200600082217,0,07,000,13,0,9,01,A01
200600082218,0,07,000,00,2,1,02,A01
200600082218,0,07,000,00,2,4,02,B01
200600082219,0,33,000,00,2,1,00,B01
200600082219,0,07,000,00,2,8,00,A01
200600082220,0,07,000,00,2,3,00,B01
200600082220,0,07,000,00,2,2,00,A01
200600082221,0,02,000,00,2,1,00,B01
200600082221,0,07,000,00,9,0,00,A01
200600082222,0,02,000,00,9,1,00,B01
200600082222,0,02,000,00,9,4,00,A01
200600082223,0,02,000,00,2,1,02,B01
200600082223,0,07,000,00,9,7,00,A01
200600082224,0,02,000,00,2,1,00,B01
200600082224,0,07,000,01,9,2,00,A01
200600082225,0,07,000,00,2,4,00,B01
200600082225,0,07,000,00,2,1,00,A01
200600082226,0,07,000,00,1,1,00,A01
200600082227,0,01,000,00,9,1,00,A01
200600082227,0,02,000,00,9,1,00,B01
200600082228,0,07,000,00,1,4,04,A01
200600082229,0,02,000,00,2,1,00,B01
200600082229,0,07,000,00,9,1,00,A01
200600082230,0,07,000,00,4,8,00,A01
200600082231,0,02,000,00,2,1,02,A01
200600082231,0,07,000,00,9,8,02,B01
200600082232,0,07,000,00,9,1,00,A01
200600082233,0,07,000,00,1,7,00,A01
200600082234,0,01,000,00,2,7,00,B01
200600082234,0,07,000,00,9,5,00,A01
200600082235,0,02,000,00,1,1,01,A01
200600082236,0,07,000,00,4,1,00,A01
200600082237,0,07,000,00,2,8,00,B01
200600082237,0,07,000,00,2,1,00,A01
200600082238,0,07,000,00,2,2,00,C01
200600082238,0,07,000,00,2,2,00,B01
200600082238,0,07,000,00,2,1,00,A01
200600082239,0,07,000,00,9,7,00,B01
200600082239,0,02,000,00,2,1,00,A01
200600082240,0,02,000,00,4,1,00,A01
200600082241,0,02,000,00,2,1,00,A01
200600082241,0,07,000,00,9,1,00,B01
200600082242,0,07,000,00,1,1,00,A01
200600082243,0,02,000,00,4,3,00,A01
200600082244,0,07,000,00,2,1,00,A01
200600082244,0,07,000,00,2,8,00,B01
200600082245,0,02,000,00,2,1,00,B01
200600082245,0,07,000,00,9,7,00,A01
200600082246,1,07,000,00,9,0,00,A01
200600082246,0,02,000,00,2,0,00,B01
200600082247,0,07,000,00,1,7,02,A01
200600082248,0,01,000,00,2,1,15,A01
200600082248,0,10,000,00,2,7,02,B01
200600082249,0,07,000,00,1,1,01,A01
200600082250,0,15,000,03,0,7,01,A01
200600082251,0,07,000,00,2,1,02,A01
200600082251,0,07,000,00,2,4,02,B01
200600082252,0,04,000,00,2,1,19,A01
200600082252,0,07,000,00,2,7,01,B01
200600082253,0,07,000,00,2,1,13,A01
200600082253,0,07,000,00,2,3,01,B01
200600082254,0,07,000,00,2,8,01,B01
200600082254,0,02,000,00,2,1,01,A01
200600082255,0,07,000,12,0,8,01,A01
200600082256,0,07,000,00,2,6,02,A01
200600082256,0,02,000,00,2,1,02,B01
200600082257,0,07,000,10,0,2,01,A01
200600082258,0,07,000,00,2,8,16,A01
200600082258,0,07,000,00,2,1,01,B01
200600082259,0,07,000,00,1,5,21,A01
200600082260,0,02,000,00,2,1,01,A01
200600082260,0,07,000,00,2,3,09,B01
200600082261,0,31,000,00,2,1,15,A01
200600082261,0,07,000,00,2,3,01,B01
200600082262,0,07,000,00,2,1,15,A01
200600082262,0,07,000,00,2,3,01,B01
200600082263,0,07,000,00,2,3,09,A01
200600082263,0,02,000,00,2,1,01,B01
200600082264,0,33,000,00,2,1,02,A01
200600082264,0,07,000,00,0,6,23,B01
200600082265,0,30,000,00,2,2,02,A01
200600082265,0,07,000,00,2,3,02,B01
200600082266,0,02,000,00,2,2,03,A01
200600082266,0,07,000,00,0,6,01,B01
200600082267,0,30,000,00,2,7,00,B01
200600082267,0,07,000,00,2,2,09,A01
200600082268,0,07,000,00,2,6,01,B01
200600082268,0,07,000,00,2,2,17,C01
200600082268,1,07,000,00,2,0,00,A01
200600082269,0,07,000,00,2,6,13,A01
200600082269,0,07,000,00,2,1,02,B01
200600082270,0,33,000,00,1,1,00,A01
200600082271,0,07,000,00,2,7,22,A01
200600082271,0,01,000,00,2,1,21,B01
200600082272,0,07,000,00,2,3,02,A01
200600082272,0,07,000,00,2,2,02,B01
200600082273,0,02,000,00,0,0,00,A01
200600082274,0,02,000,00,2,3,13,A01
200600082274,0,07,000,00,2,1,01,B01
200600082275,0,02,000,00,2,1,02,A01
200600082275,0,07,000,00,2,4,02,B01
200600082276,0,07,000,00,2,2,01,A01
200600082276,0,07,000,00,2,8,01,B01
200600082277,0,07,000,00,2,1,02,A01
200600082277,0,07,000,00,2,4,02,B01
200600082278,0,02,000,00,2,1,19,A01
200600082278,0,07,000,00,2,7,01,B01
200600082279,0,07,000,00,1,1,16,A01
200600082280,0,07,000,00,1,1,01,A01
200600082325,0,07,000,00,2,6,01,B01
200600082325,0,04,000,00,2,1,01,A01
200600082326,0,07,000,00,2,3,17,A01
200600082326,0,07,000,00,2,3,00,B02
200600082327,0,33,000,00,2,1,17,A01
200600082327,0,07,000,00,2,2,01,B02
200600082328,0,07,000,00,2,3,13,A01
200600082328,0,17,000,00,2,3,01,B02
200600082329,0,10,000,00,2,4,20,A01
200600082329,0,07,000,00,2,7,01,B02
200600082330,0,02,000,00,0,0,01,A01
200600082331,0,07,000,00,1,2,01,A01
200600082332,0,07,000,00,2,1,13,A01
200600082332,0,07,000,00,2,1,01,B02
200600082333,0,01,000,00,2,1,16,A01
200600082333,0,07,000,00,9,1,01,B02
200600082333,0,07,000,00,9,1,01,C03
200600082334,0,33,000,00,2,1,13,A01
200600082334,0,07,000,00,2,3,01,B02
200600082335,0,07,000,00,2,1,13,A01
200600082335,0,07,000,00,2,1,01,B02
200600082336,0,02,000,00,2,8,10,A01
200600082336,0,02,000,00,2,1,01,B02
200600082337,0,07,000,02,0,9,14,A01
200600082338,0,07,000,00,2,2,19,A01
200600082338,0,07,000,00,2,1,01,B02
200600082339,0,07,000,00,2,3,01,A01
200600082339,0,07,000,00,2,3,13,B02
200600082339,0,07,000,00,2,8,01,C03
200600082340,0,10,000,00,2,3,13,A01
200600082340,0,07,000,00,2,1,01,B02
200600082341,0,30,000,00,2,2,16,A01
200600082341,0,07,000,00,2,1,01,B02
200600082342,0,07,000,00,2,3,15,A01
200600082342,0,33,000,00,2,1,01,B02
200600082343,0,07,000,00,0,1,00,A01
200600082343,0,07,000,00,0,1,00,B02
200600082344,0,07,000,00,2,2,15,A01
200600082344,0,02,000,00,2,1,01,B02
200600082345,0,10,000,00,2,1,01,A01
200600082345,0,07,000,00,2,8,10,B02
200600082346,0,07,000,00,2,1,15,A01
200600082346,0,31,000,00,2,1,01,B02
200600082347,0,07,000,00,2,8,15,A01
200600082347,0,07,000,00,2,1,01,B02
200600082348,0,07,000,02,2,3,11,A01
200600082348,0,07,000,04,2,3,01,B02
200600082349,0,07,000,00,2,3,15,A01
200600082349,0,02,000,00,2,1,01,B02
200600082349,0,07,000,00,2,3,23,C03
200600082350,0,32,000,03,0,1,01,A01
200600082351,0,07,000,08,0,7,01,A01
200600082352,0,10,000,00,2,4,01,A01
200600082352,0,07,000,00,2,1,02,B02
200600082353,0,07,000,00,2,3,02,A01
200600082353,0,02,000,00,2,4,15,B02
200600082354,0,07,000,00,2,6,15,A01
200600082354,0,07,000,00,2,1,02,B02