Num_Acc,senc,catv,occutc,obs,obsm,choc,manv,num_veh
200600082865,0,07,000,04,0,1,00,A01
200600082866,0,10,000,02,0,1,01,A01
200600082867,0,07,000,02,0,1,18,A01
200600082868,0,07,000,00,9,2,15,A01
200600082868,0,33,000,00,2,8,01,B02
200600082869,0,02,000,00,2,1,02,A01
200600082869,0,07,000,00,2,4,20,B02
200600082870,0,07,000,09,0,1,14,A01
200600082870,0,02,000,14,0,1,01,B02
200600082871,0,31,000,00,2,1,18,A01
200600082871,0,07,000,00,2,5,01,B02
200600082872,0,07,000,00,2,1,13,A01
200600082872,0,02,000,00,2,1,01,B02
200600082873,0,02,000,00,2,3,15,A01
200600082873,0,07,000,00,2,2,01,B02
200600082874,0,07,000,00,2,7,19,A01
200600082874,0,31,000,00,2,8,01,B02
200600082875,0,07,000,00,2,1,13,A01
200600082875,0,01,000,00,2,1,01,B02
200600082875,0,01,000,00,2,1,01,C03
200600082876,0,30,000,00,2,1,01,A01
200600082876,0,07,000,00,2,2,15,B02
200600082877,0,07,000,13,0,3,01,A01
200600082878,0,33,000,13,0,0,21,A01
200600082879,0,30,000,00,2,1,13,A01
200600082879,0,07,000,00,2,1,01,B02
200600082880,0,07,000,00,2,1,05,A01
200600082880,0,02,000,00,2,1,01,B02
200600082880,0,07,000,00,2,1,01,C03
200600082881,0,07,000,00,0,7,00,A01
200600082881,0,07,000,00,0,1,00,B02
200600082882,0,10,000,00,2,8,01,A01
200600082882,0,07,000,00,2,1,13,B02
200600082883,0,07,000,00,9,2,13,A01
200600082883,0,01,000,00,2,1,19,B02
200600082884,0,07,000,00,0,4,01,A01
200600082884,0,07,000,00,2,4,01,B02
200600082884,0,07,000,00,2,1,01,C03
200600082885,0,07,000,01,0,1,01,A01
200600082885,0,01,000,00,2,0,23,B02
200600082886,0,07,000,00,2,1,14,A01
200600082886,0,07,000,00,2,8,13,B02
200600082886,0,07,000,00,2,1,21,C03
200600082887,0,07,000,00,2,6,15,A01
200600082887,0,07,000,00,2,2,17,B02
200600082888,0,07,000,00,2,1,17,A01
200600082888,0,07,000,00,2,6,15,B02
200600082889,0,07,000,00,2,2,15,A01
200600082889,0,10,000,00,2,1,01,B02
200600082890,0,10,000,00,2,3,13,A01
200600082890,0,07,000,00,2,6,01,B02
200600082890,0,07,000,00,2,2,21,C03
200600082891,0,07,000,00,9,2,01,A01
200600082891,0,01,000,00,2,4,01,B02
200600082892,0,07,000,00,0,9,17,A01
200600082893,0,07,000,09,0,8,01,A01
200600082894,0,07,000,00,1,2,01,A01
200600082895,0,07,000,00,2,1,01,A01
200600082895,0,07,000,00,2,7,01,B02
200600082895,0,07,000,00,2,1,24,C03
200600082896,0,07,000,16,0,0,02,A01
200600082897,0,07,000,00,2,7,01,A01
200600082897,0,01,000,00,2,0,00,B02
200600082898,0,07,000,00,2,2,11,A01
200600082898,0,10,000,00,0,6,00,B02
200600082898,0,07,000,00,2,2,00,C03
200600082899,0,02,000,08,0,0,01,A01
200600082900,0,30,000,04,0,8,01,A01
200600082900,0,07,000,00,1,1,01,B02
200600082901,0,07,000,00,1,1,01,A01
200600082902,0,07,000,00,2,3,13,A01
200600082902,0,07,000,00,2,1,01,B02
200600082902,0,07,000,00,2,1,01,C03
200600082902,0,10,000,00,2,1,13,D04
200600082903,0,30,000,03,0,5,14,A01
200600082903,0,30,000,03,0,3,13,B02
200600082904,0,33,000,00,2,1,01,B02
200600082904,0,07,000,00,2,3,15,A01
200600082905,0,33,000,03,0,7,01,A01
200600082906,0,07,000,00,0,8,10,A01
200600082906,0,33,000,00,2,1,02,B02
200600082907,0,01,000,06,0,8,13,A01
200600082908,0,07,000,04,2,3,02,A01
200600082908,0,07,000,00,2,9,00,B02
200600082909,0,02,000,00,2,1,01,A01
200600082909,0,07,000,00,2,2,15,B02
200600082910,0,07,000,00,2,7,17,A01
200600082910,0,33,000,00,2,2,01,B02
200600082911,0,14,000,00,1,3,01,A01
200600082948,0,07,000,00,2,8,15,A01
200600082948,0,31,000,00,2,1,01,B02
200600082949,0,02,000,00,2,2,03,A01
200600082949,0,07,000,00,0,6,01,B02
200600082949,0,07,000,00,0,3,01,C03
200600082950,0,07,000,03,0,3,00,A01
200600082951,0,01,000,01,0,1,01,A01
200600082951,0,10,000,00,0,4,24,B02
200600082957,0,10,000,00,2,3,01,A01
200600082957,0,10,000,00,2,9,17,B02
200600082958,0,02,000,00,2,8,18,A01
200600082958,0,07,000,00,2,5,01,B02
200600082959,0,02,000,12,0,1,13,A01
200600082960,0,07,000,00,2,3,10,A01
200600082960,0,33,000,00,2,5,17,B02
200600082961,0,07,000,00,2,1,01,A01
200600082961,0,30,000,00,2,4,01,B02
200600082963,0,30,000,00,2,3,01,A01
200600082964,0,07,000,13,0,3,00,A01
200600082966,0,10,000,00,1,3,01,A01
200600082967,0,01,000,00,2,8,19,A01
200600082967,0,07,000,00,2,3,01,B02
200600082968,0,02,000,00,1,1,01,A01
200600082969,0,07,000,13,1,3,01,A01
200600082970,0,07,000,06,0,1,13,A01
200600082971,0,07,000,00,2,6,20,A01
200600082971,0,07,000,00,2,7,01,B01
200600082972,0,07,000,06,0,7,14,A01
200600082973,0,07,000,00,2,3,15,A01
200600082973,0,05,000,00,2,7,21,B01
200600082974,1,99,000,00,0,0,00,A01
200600082975,0,07,000,03,0,1,14,A01
200600082976,0,07,000,00,1,3,17,A01
200600082977,0,07,000,00,2,1,01,A01
200600082977,0,07,000,00,2,1,09,B01
200600082978,0,07,000,00,2,1,15,A01
200600082978,0,05,000,00,2,1,01,B01
200600082979,0,05,000,00,2,1,13,A01
200600082980,0,04,000,16,0,1,14,A01
200600082981,0,07,000,00,1,8,01,A01
200600082982,0,04,000,00,0,6,01,A01
200600082983,0,07,000,00,1,1,01,A01
200600082984,0,07,000,00,9,7,01,A01
200600082984,0,01,000,00,2,1,15,B01
200600082985,0,07,000,00,2,3,17,A01
200600082985,0,99,000,00,0,0,00,B01
200600082986,0,07,000,00,2,1,11,A01
200600082986,0,04,000,00,2,1,01,B01
200600082987,0,07,000,00,2,3,15,A01
200600082987,0,30,000,00,2,1,01,B01
200600082988,0,07,000,00,2,3,15,A01
200600082988,0,05,000,00,2,2,17,B01
200600082989,0,07,000,00,2,4,01,A01
200600082989,0,30,000,00,2,1,01,B01
200600082990,0,07,000,00,2,2,14,A01
200600082990,0,07,000,00,2,3,01,B01
200600082991,0,07,000,00,2,1,02,A01
200600082991,0,07,000,00,2,4,02,B01
200600082992,1,99,000,00,0,0,00,A01
200600082993,0,07,000,04,0,1,14,A01
200600082994,0,07,000,04,0,1,14,A01
200600082995,0,07,000,00,2,1,01,B01
200600082996,0,07,000,00,1,1,01,A01
200600082997,0,07,000,00,2,1,13,A01
200600082997,0,07,000,00,2,1,01,B01
200600082998,0,05,000,00,2,1,01,A01
200600082998,0,07,000,00,2,4,04,B01
200600082999,0,07,000,00,2,1,14,A01
200600082999,0,07,000,00,2,8,24,B01
200600083000,0,30,000,00,0,0,00,A01
200600083001,0,30,000,00,2,1,17,A01
200600083001,0,30,000,00,2,3,17,B01
200600083001,0,07,000,00,2,9,23,C01
200600083002,0,07,000,00,2,1,02,A01
200600083002,0,07,000,00,2,9,02,B01
200600083002,0,07,000,00,2,4,02,C01
200600083003,2,07,000,00,2,1,02,A01
200600083003,0,07,000,00,2,4,23,B01
200600083004,0,07,000,00,2,2,12,A01
200600083004,0,05,000,00,2,1,01,B01
200600083004,0,07,000,00,2,0,24,C01
200600083005,0,07,000,00,2,1,09,A01
200600083005,0,07,000,00,2,2,01,B01
200600083006,0,13,000,00,1,2,01,A01
200600083007,0,07,000,00,2,1,05,A01
200600083007,0,07,000,00,2,1,01,B01
200600083008,0,37,001,00,2,2,00,A01
200600083008,0,37,001,00,2,8,20,B01
200600083009,0,07,000,00,1,1,01,A01
200600083010,0,07,000,00,2,2,02,A01
200600083010,0,07,000,00,2,6,15,B01
200600083011,0,07,000,00,1,1,01,A01
200600083012,0,07,000,00,1,2,01,A01
200600083013,0,07,000,00,2,1,00,B01
200600083013,0,31,000,00,2,8,00,A01
200600083014,0,07,000,07,0,1,01,A01
200600083015,0,07,000,04,0,3,01,A01
200600083016,0,13,000,00,2,1,01,A01
200600083016,0,07,000,00,2,1,01,B01
200600083017,0,07,000,00,2,1,13,A01
200600083017,0,07,000,00,2,1,01,B01
200600083017,0,07,000,00,2,6,01,C01
200600083018,0,07,000,00,2,1,01,A01
200600083018,0,07,000,00,2,1,01,B01
200600083019,0,07,000,00,2,8,01,A01
200600083019,0,07,000,00,2,8,15,B01
200600083020,0,07,000,00,2,1,01,A01
200600083020,0,07,000,00,2,3,01,B01
200600083021,0,02,000,00,2,0,00,B01
200600083021,0,07,000,00,2,1,00,A01
200600083022,0,07,000,00,2,3,09,A01
200600083022,0,02,000,00,2,9,01,B01
200600083023,0,07,000,00,1,2,01,A01
200600083024,0,99,000,00,1,2,01,A01
200600083025,0,07,000,08,0,9,00,A01
200600083026,0,05,000,00,2,1,01,A01
200600083026,0,05,000,00,0,1,00,B01
200600083026,0,07,000,00,0,8,01,C01
200600083027,0,05,000,00,2,1,02,A01
200600083027,0,07,000,00,2,4,02,B01
200600083028,0,05,000,00,2,1,02,A01
200600083028,0,07,000,00,2,4,02,B01
200600083029,0,07,000,13,0,9,00,A01
200600083030,0,07,000,00,2,1,02,A01
200600083030,0,07,000,00,2,4,02,B01
200600083031,0,07,000,14,2,8,01,A01
200600083031,0,07,000,00,2,9,01,B01
200600083032,0,05,000,00,2,9,17,A01
200600083032,0,07,000,00,2,8,15,B01
200600083033,0,07,000,00,2,7,12,A01
200600083033,0,05,000,00,1,9,18,B01
200600083034,0,05,000,00,2,7,00,A01
200600083034,0,07,000,00,2,8,01,B01
200600083034,0,07,000,00,2,1,00,C01
200600083035,0,05,000,00,2,1,09,A01
200600083035,0,07,000,00,2,8,01,B01
200600083036,0,07,000,00,2,4,02,A01
200600083036,0,04,000,00,2,1,02,B01
200600083037,0,07,000,00,2,1,02,A01
200600083037,0,07,000,00,2,1,02,B01
200600083037,0,07,000,00,2,4,00,C01
200600083038,0,07,000,02,0,9,00,A01
200600083039,0,07,000,00,2,1,02,A01
200600083039,0,07,000,00,0,4,02,B01
200600083040,0,07,000,00,2,4,23,A01
200600083040,0,07,000,00,2,1,02,B01
200600083041,0,07,000,12,0,9,01,A01
200600083042,0,07,000,00,2,1,13,A01
200600083042,0,07,000,00,2,1,01,B01
200600083043,0,07,000,10,0,9,00,A01
200600083044,0,07,000,00,2,1,01,A01
200600083044,0,05,000,00,2,2,09,B01
200600083045,0,02,000,00,2,3,00,B01
200600083045,0,07,000,00,9,7,01,A01
200600083046,0,31,000,00,0,1,00,A01
200600083047,0,07,000,00,9,4,02,B01
200600083047,0,02,000,00,2,1,02,A01
200600083048,0,02,000,00,9,1,00,A01
200600083049,0,07,000,00,1,7,01,A01
200600083050,0,02,000,00,2,1,00,B01
200600083050,0,07,000,00,9,2,00,A01
200600083051,0,07,000,00,9,5,00,A01
200600083051,0,02,000,00,2,1,05,B01
200600083052,0,07,000,00,9,4,01,B01
200600083052,0,02,000,00,2,1,01,A01
200600083053,0,07,000,00,9,1,15,A01
200600083053,0,02,000,00,2,1,01,B01
200600083054,0,02,000,00,2,2,00,B01
200600083054,0,07,000,00,9,3,00,A01
200600083055,0,37,028,00,2,0,02,B01
200600083055,0,07,000,00,2,7,00,A01
200600083056,0,07,000,00,1,7,02,A01
200600083057,0,07,000,00,9,8,00,B01
200600083057,0,02,000,00,2,1,00,A01
200600083058,0,33,000,00,2,0,00,B01
200600083058,1,07,000,00,9,0,00,A01
200600083059,0,02,000,00,2,7,13,A01
200600083059,0,07,000,00,9,7,17,B01
200600083060,0,01,000,00,1,0,00,A01
200600083061,0,07,000,01,2,6,00,C01
200600083061,0,02,000,00,2,0,00,A01
200600083061,0,07,000,00,9,5,00,B01
200600083062,0,02,000,00,2,1,00,B01
200600083062,0,07,000,00,9,1,00,A01
200600083063,1,07,000,00,9,0,02,A01
200600083063,0,33,000,00,2,1,02,B01
200600083064,0,02,000,00,9,7,00,A01
200600083065,0,07,000,00,9,2,00,A01
200600083065,0,02,000,00,2,1,00,B01
200600083066,0,07,000,00,9,3,01,B01
200600083066,0,02,000,00,2,1,19,A01
200600083067,0,02,000,00,2,1,00,B01
200600083067,0,07,000,00,9,1,00,A01
200600083068,0,07,000,00,2,4,00,B01
200600083068,0,07,000,00,2,1,00,A01
200600083069,0,02,000,00,2,4,00,B01
200600083069,0,07,000,00,2,5,00,A01
200600083070,0,07,000,00,1,1,00,A01
200600083071,0,07,000,00,9,1,00,A01
200600083071,0,33,000,00,2,5,00,B01
200600083072,0,37,028,00,2,0,02,B01
200600083072,0,07,000,01,2,0,02,A01
200600083073,0,07,000,00,9,6,16,A01
200600083073,0,02,000,00,2,7,01,B01
200600083074,0,01,000,00,2,0,01,B01
200600083074,0,07,000,00,9,8,09,A01
200600083075,0,30,000,00,2,1,01,B01
200600083075,0,07,000,00,9,1,15,A01
200600083076,0,02,000,00,2,1,00,B01
200600083076,0,07,000,00,9,7,00,A01
200600083077,0,07,000,00,0,3,17,A01
200600083078,0,01,000,00,9,1,01,C01
200600083078,0,01,000,00,9,1,01,B01
200600083079,0,07,000,00,9,8,24,B01
200600083079,0,02,000,00,2,1,01,A01
200600083080,2,02,000,00,0,0,00,A01
200600083081,0,07,000,00,9,1,15,A01
200600083081,0,02,000,00,2,1,01,B01
200600083082,0,02,000,00,0,0,00,A01
200600083083,0,07,000,00,2,1,00,A01
200600083084,0,07,000,00,6,5,00,B01
200600083084,0,02,000,00,2,1,00,A01
200600083085,2,01,000,00,1,0,00,A01
200600083086,0,02,000,00,2,1,00,A01
200600083086,0,07,000,00,2,3,00,B01
200600083087,0,02,000,00,2,0,00,B01
200600083087,0,07,000,00,9,7,00,A01
200600083088,0,02,000,01,2,8,00,B01
200600083088,0,07,000,00,9,1,00,A01
200600083089,0,07,000,00,2,2,00,A01
200600083089,0,07,000,00,2,1,00,B01
200600083090,0,07,000,00,1,2,19,A01
200600083091,0,07,000,00,2,1,01,B01
200600083091,0,31,000,00,2,1,01,A01
200600083092,0,07,000,00,9,2,00,A01
200600083092,0,02,000,00,2,0,01,B01
200600083093,0,07,000,00,2,3,00,B01
200600083093,0,07,000,00,2,1,00,A01
200600083094,0,07,000,00,1,1,00,A01
200600083095,0,02,000,00,2,1,00,A01
200600083096,0,07,000,00,4,8,00,A01
200600083097,0,02,000,00,1,1,01,A01
200600083098,0,07,000,00,1,1,00,A01
200600083099,0,07,000,00,9,5,00,B01
200600083099,0,02,000,00,2,1,00,A01
200600083100,0,30,000,01,0,1,01,A01
200600083101,0,07,000,00,2,1,01,A01
200600083101,0,07,000,00,2,4,01,B01
200600083102,0,07,000,00,2,1,01,A01
200600083102,0,07,000,00,2,4,01,B01
200600083103,0,07,000,00,1,2,01,A01
200600083104,0,31,000,00,2,7,01,B01
200600083104,0,07,000,00,2,1,01,A01
200600083105,0,07,000,00,2,1,13,A01
200600083105,0,07,000,00,2,1,01,B01
200600083106,0,33,000,00,2,1,17,A01
200600083106,0,07,000,00,2,6,01,B01
200600083107,0,33,000,00,2,1,01,A01
200600083107,0,07,000,00,2,5,01,B01
200600083108,0,02,000,00,0,0,01,A01
200600083109,0,07,000,00,1,1,01,A01
200600083110,0,07,000,00,2,7,01,A01
200600083110,0,02,000,00,2,1,01,B01
200600083111,0,02,000,00,2,3,21,A01
200600083111,0,07,000,00,0,8,01,B01
200600083112,0,02,000,00,2,1,01,A01
200600083112,0,07,000,00,1,4,01,B01
200600083113,0,07,000,00,2,2,17,A01
200600083113,0,02,000,00,0,8,15,B01
200600083113,0,02,000,00,0,8,15,C01
200600083114,0,30,000,12,2,1,02,A01
200600083114,0,07,000,00,2,5,01,B01
200600083115,0,07,000,00,2,3,15,A01
200600083115,0,30,000,00,0,2,07,B01
200600083116,0,07,000,00,0,2,01,A01
200600083116,0,07,000,00,2,1,01,B01
200600083117,0,02,000,00,2,2,16,A01
200600083117,0,07,000,00,0,8,01,B01
200600083118,0,02,000,00,0,8,10,A01
200600083118,0,02,000,00,2,1,01,B01
200600083119,0,33,000,00,0,1,01,A01
200600083119,0,07,000,00,2,6,09,B01
200600083120,0,07,000,00,1,1,01,A01
200600083121,0,33,000,00,0,4,01,A01
200600083121,1,07,000,00,2,2,01,B01
200600083122,0,07,000,00,2,3,15,A01
200600083122,0,37,006,00,0,1,01,B01
200600083123,0,07,000,00,1,1,01,A01
200600083124,0,32,000,00,0,7,01,A01
200600083124,1,07,000,00,2,0,09,B01
200600083125,0,07,000,15,0,8,15,A01
200600083125,0,07,000,00,2,1,01,B01
200600083126,0,33,000,00,2,1,01,A01
200600083126,0,07,000,00,0,7,15,B01
200600083127,0,07,000,00,2,1,01,A01
200600083127,0,32,000,00,0,2,09,B01
200600083128,0,07,000,00,9,4,20,A01
200600083128,0,01,000,00,0,1,01,B01
200600083129,0,10,000,00,0,7,22,A01
200600083129,0,33,000,00,2,3,21,B01
200600083129,0,07,000,00,2,1,21,C01
200600083130,0,07,000,16,0,9,10,A01
200600083131,0,30,000,00,2,1,01,A01
200600083131,0,07,000,00,0,6,02,B01
200600083132,0,30,000,00,1,1,01,A01
200600083132,0,13,000,00,0,8,15,B01
200600083133,0,07,000,13,0,1,01,A01
200600083134,0,07,000,00,0,3,09,B01
200600083134,0,30,000,00,2,1,01,A01
200600083135,0,07,000,13,0,1,01,A01
200600083136,0,07,000,00,1,3,01,A01
200600083136,1,07,000,00,1,1,01,B01
200600083137,0,07,000,00,1,1,01,A01
200600083138,0,07,000,00,2,1,02,A01
200600083138,0,07,000,00,2,4,02,B01
200600083139,0,07,000,00,2,6,10,A01
200600083139,0,33,000,00,2,1,01,B01
200600083140,0,30,000,00,2,1,01,A01
200600083140,0,07,000,00,2,4,01,B01
200600083141,0,07,000,00,2,1,02,A01
200600083141,0,07,000,00,2,4,02,B01
200600083142,0,07,000,00,1,3,01,A01
200600083143,0,07,000,00,2,1,02,A01
200600083143,0,07,000,00,2,4,02,B01
200600083186,0,07,000,00,0,3,01,A01
200600083186,0,07,000,00,0,3,01,B02
200600083187,0,02,000,12,0,0,21,A01
200600083188,0,07,000,02,0,1,01,A01
200600083189,0,14,000,00,0,3,00,A01
200600083189,0,07,000,00,0,5,00,B02
200600083189,0,30,000,00,2,1,01,C03
200600083190,0,07,000,00,2,3,01,A01
200600083190,0,33,000,00,2,8,01,B02
200600083191,0,07,000,00,1,1,01,A01
200600083192,0,07,000,00,2,3,01,A01
200600083192,0,07,000,00,2,3,15,B02
200600083193,0,02,000,00,2,1,13,A01
200600083193,0,07,000,00,2,3,01,B02
200600083194,0,07,000,00,1,1,01,A01
200600083195,0,30,000,00,2,1,13,A01
200600083195,0,07,000,00,2,2,01,B02
200600083196,0,07,000,00,2,6,01,A01
200600083196,0,14,000,00,2,2,01,B02
200600083196,0,07,000,00,2,4,01,C03
200600083196,0,07,000,00,0,4,01,D04
200600083196,0,07,000,00,2,4,01,E05
200600083196,0,07,000,00,0,4,01,F06
200600083196,0,07,000,00,0,6,01,G07
200600083197,0,07,000,00,2,3,01,A01
200600083197,0,07,000,00,2,3,01,B02
200600083198,0,07,000,00,2,2,02,A01
200600083198,0,10,000,00,2,3,01,B02
200600083199,0,10,000,00,9,8,10,A01
200600083199,0,33,000,00,2,2,01,B02
200600083200,0,07,000,00,2,1,01,A01
200600083200,0,10,000,00,2,4,09,B02
200600083201,0,07,000,00,2,1,01,A01
200600083201,0,02,000,00,2,1,01,B02
200600083202,0,07,000,00,2,1,01,A01
200600083202,0,07,000,00,2,1,01,B02
200600083203,0,07,000,00,2,2,02,A01
200600083203,0,01,000,00,2,4,02,B02
200600083204,0,07,000,00,2,1,13,A01
200600083204,0,07,000,00,2,1,01,B02
200600083205,0,20,000,16,0,0,01,A01
200600083206,0,07,000,00,2,6,15,A01
200600083206,0,30,000,00,2,1,01,B02
200600083207,0,34,000,00,0,9,14,A01
200600083208,0,07,000,00,1,2,01,A01
200600083209,0,07,000,00,1,1,01,A01
200600083210,0,07,000,00,2,1,17,A01
200600083210,0,02,000,00,2,1,01,B02
200600083210,0,07,000,00,2,1,01,C03
200600083211,0,32,000,00,2,1,21,A01
200600083211,0,07,000,00,2,3,01,B02
200600083212,0,07,000,02,0,1,02,A01
200600083213,0,10,000,00,2,6,01,A01
200600083213,0,07,000,00,2,2,17,B02
200600083214,0,07,000,00,1,1,02,A01
200600083215,0,07,000,00,1,1,01,A01
200600083216,0,10,000,13,0,2,01,A01
200600083217,0,30,000,00,2,1,13,A01
200600083218,0,07,000,00,2,8,10,A01
200600083218,0,33,000,00,2,1,02,B02
200600083219,0,32,000,01,0,1,01,A01
200600083219,0,07,000,00,2,4,24,B02
200600083220,0,07,000,03,0,2,13,A01
200600083220,0,33,000,00,0,0,17,B02
200600083221,0,07,000,00,2,6,11,A01
200600083221,0,33,000,00,2,2,01,B02
200600083222,0,07,000,00,2,3,01,A01
200600083222,0,07,000,00,2,3,13,B02
200600083223,0,02,000,00,0,0,00,A01
200600083223,0,07,000,00,0,0,01,B02
200600083224,0,33,000,00,2,1,17,A01
200600083224,0,07,000,00,2,1,01,B02
200600083225,0,30,000,00,2,1,13,A01
200600083225,0,07,000,00,2,2,01,B02
200600083226,0,07,000,00,2,2,01,A01
200600083226,0,07,000,00,2,3,10,B02
200600083227,0,07,000,00,2,3,19,A01
200600083227,0,31,000,00,2,1,01,B02
200600083228,0,07,000,00,2,2,13,A01
200600083228,0,07,000,00,2,2,01,B02
200600083229,0,07,000,13,0,9,01,A01
200600083230,0,07,000,00,1,2,01,A01
200600083231,0,07,000,00,2,8,01,A01
200600083231,0,02,000,00,2,1,01,B02
200600083232,0,07,000,00,2,1,15,A01
200600083232,0,02,000,00,2,1,01,B02
200600083233,0,02,000,08,0,1,13,A01
200600083234,0,07,000,00,2,2,01,A01
200600083234,0,01,000,00,2,1,11,B02
200600083235,0,07,000,00,1,1,13,A01
200600083236,0,07,000,00,2,1,01,B02
200600083236,0,07,000,00,0,6,01,A01
200600083237,0,32,000,00,2,1,01,A01
200600083237,0,07,000,00,2,3,01,B02
200600083266,0,07,000,00,1,1,14,A01
200600083272,0,01,000,00,2,1,13,A01
200600083272,0,07,000,00,2,1,01,B02
200600083273,0,30,000,00,1,1,14,A01
200600083276,0,07,000,00,2,3,15,A01
200600083276,0,30,000,00,2,1,16,B02
200600083277,0,07,000,00,2,7,15,A01
200600083277,0,33,000,00,2,1,01,B02
200600083278,0,07,000,00,2,3,13,A01
200600083278,0,07,000,00,2,1,01,B02
200600083279,0,07,000,00,2,2,23,A01
200600083279,0,02,000,00,2,1,01,B02
200600083281,0,02,000,00,2,1,01,A01
200600083281,0,14,000,00,2,6,15,B02
200600083282,0,07,000,00,2,1,05,A01
200600083282,0,07,000,00,2,1,01,B02
200600083283,0,14,000,00,2,3,17,A01
200600083283,0,07,000,00,2,1,05,B02
200600083286,0,07,000,00,1,1,01,A01
200600083287,0,07,000,00,2,3,00,A01
200600083287,0,30,000,00,2,1,05,B01
200600083288,0,07,000,00,1,2,21,A01
200600083289,0,07,000,00,2,3,15,A01
200600083289,0,33,000,00,2,1,17,B01
200600083290,0,07,000,00,2,7,01,A01
200600083290,0,07,000,00,2,3,01,B01
200600083291,0,07,000,00,2,8,01,A01
200600083291,0,07,000,00,2,1,01,B01
200600083292,0,07,000,00,2,1,00,A01
200600083292,0,07,000,00,2,1,00,B01
200600083293,0,05,000,00,2,1,17,A01
200600083293,0,07,000,00,2,6,15,B01
200600083294,0,07,000,00,2,1,02,A01
200600083294,0,07,000,00,2,4,02,B01
200600083294,0,07,000,00,2,4,02,C01
200600083295,0,05,000,00,2,0,00,A01
200600083295,0,07,000,00,2,6,00,B01
200600083296,0,07,000,00,2,3,13,A01
200600083296,0,07,000,00,2,3,01,B01
200600083297,0,07,000,00,9,7,17,A01
200600083297,0,01,000,00,2,9,15,B01
200600083298,0,07,000,02,0,9,01,A01
200600083299,0,07,000,00,0,2,17,A01
200600083299,0,07,000,00,2,9,01,B01
200600083300,0,07,000,00,2,3,15,A01
200600083300,0,07,000,00,2,3,00,B01
200600083301,0,07,000,00,2,2,05,A01
200600083301,0,02,000,00,2,1,01,B01
200600083302,0,07,000,00,1,1,00,A01
200600083303,0,07,000,00,2,3,01,A01
200600083303,0,07,000,00,2,2,09,B01
200600083304,0,07,000,00,2,3,13,A01
200600083304,0,07,000,00,2,3,01,B01
200600083305,0,07,000,03,0,9,01,A01
200600083306,0,07,000,00,2,2,14,A01
200600083306,0,07,000,00,2,3,15,B01
200600083307,0,07,000,00,2,1,02,A01
200600083307,0,07,000,00,2,4,02,B01
200600083308,0,07,000,00,2,3,01,A01
200600083308,0,07,000,00,2,3,00,B01
200600083309,0,07,000,13,0,9,00,A01
200600083310,0,02,000,00,2,1,00,B01
200600083310,0,07,000,00,9,2,00,A01
200600083311,0,07,000,00,1,7,01,A01
200600083312,0,02,000,00,2,1,13,B01
200600083312,0,07,000,00,9,6,15,A01
200600083313,0,02,000,00,2,1,01,B01
200600083313,0,07,000,00,9,1,15,A01
200600083314,0,02,000,00,2,1,01,B01
200600083314,0,07,000,00,9,0,15,A01
200600083315,0,07,000,00,1,2,01,A01
200600083316,0,07,000,00,9,7,15,B01
200600083316,0,02,000,00,2,1,01,A01
200600083317,0,07,000,00,9,1,15,B01
200600083317,0,30,000,00,2,1,01,A01
200600083318,0,07,000,00,9,1,01,B01
200600083318,0,02,000,00,2,0,15,A01
200600083319,0,02,000,00,9,0,01,A01
200600083319,0,01,000,00,9,1,01,B01
200600083320,0,02,000,00,2,1,01,B01
200600083320,0,07,000,00,9,2,15,A01
200600083321,0,07,000,00,9,1,01,A01
200600083322,0,02,000,00,0,7,01,A01
200600083323,0,07,000,00,9,1,01,B01
200600083323,0,02,000,00,2,1,01,A01
200600083324,0,07,000,00,1,0,01,A01
200600083325,0,07,000,00,9,2,16,B01
200600083325,0,02,000,00,2,8,01,A01
200600083326,0,02,000,00,2,1,01,B01
200600083326,0,07,000,00,9,1,14,A01
200600083327,0,07,000,00,0,4,23,C01
200600083327,0,07,000,00,0,1,23,B01
200600083327,0,07,000,00,0,1,23,A01
200600083327,0,07,000,00,0,4,23,D01
200600083328,0,02,000,00,2,1,01,B01
200600083328,0,07,000,00,9,3,19,A01
200600083329,0,07,000,00,9,0,14,A01
200600083329,0,02,000,00,2,3,01,B01
200600083330,0,02,000,00,2,1,01,B01
200600083330,0,07,000,00,9,2,15,A01
200600083331,0,01,000,00,1,1,01,A01
200600083332,0,07,000,00,9,0,01,B01
200600083332,0,01,000,00,2,0,13,A01
200600083333,0,07,000,00,2,3,15,A01
200600083333,0,07,000,00,2,3,01,B01
200600083334,0,07,000,00,1,1,14,A01
200600083335,0,07,000,00,9,6,01,B01
200600083335,0,02,000,00,2,1,01,A01
200600083336,0,07,000,00,9,0,14,A01
200600083336,0,02,000,00,2,0,01,B01
200600083337,0,01,000,00,0,0,00,A01
200600083338,0,07,000,00,9,3,15,A01
200600083338,0,02,000,00,2,1,01,B01
200600083339,0,07,000,00,9,2,01,B01
200600083339,0,02,000,00,2,1,01,A01
200600083340,0,01,000,00,2,1,01,B01
200600083340,0,07,000,00,9,2,01,A01
200600083341,0,07,000,00,1,0,01,A01
200600083342,0,01,000,00,2,4,01,B01
200600083342,0,07,000,00,9,0,09,A01
200600083343,0,07,000,00,9,8,01,B01
200600083343,0,02,000,00,2,3,01,A01
200600083344,0,07,000,00,2,1,01,A01
200600083344,0,07,000,00,2,8,01,B01
200600083345,0,07,000,08,0,1,01,A01
200600083346,0,01,000,00,1,1,15,A01